entry_id,source,ref,chapter_title_gr,chapter_title_en,lemma_ids,part_id,greek,greek_normalized,translation,trans_status,e_vol,e_page_start,e_page_end,word_count,notes
PAUL_AEG-7.3.1,PAUL_AEG,7.3.1,Ἀβρότονον,,,,Ἀβρότονον θερμαίνει καὶ ξηραίνει κατὰ τὴν τρίτην ἀπόστασιν διαφορητικῆς τε καὶ τμητικῆς ὑπάρχον δυνάμεως· ἐλαχίστης γὰρ μετέχει τῆς στρυφνότητος. καὶ ἀνατριβόμενον σὺν ἐλαίῳ δι' ὅλου τοῦ σώματος τὰ κατὰ περίοδον ῥίγη ὑγιάζει· ἔστι δὲ κακοστόμαχον. τὸ δὲ κεκαυμένον μᾶλλον τοῦ ἀκαύστου ξηραῖνον ἀλωπεκίας ἰᾶται σύν τινι τῶν λεπτομερῶν ἐλαίων.,αβροτονον θερμαινει και ξηραινει κατα την τριτην αποστασιν διαφορητικης τε και τμητικης υπαρχον δυναμεως· ελαχιστης γαρ μετεχει της στρυφνοτητος. και ανατριβομενον συν ελαιω δι' ολου του σωματος τα κατα περιοδον ριγη υγιαζει· εστι δε κακοστομαχον. το δε κεκαυμενον μαλλον του ακαυστου ξηραινον αλωπεκιας ιαται συν τινι των λεπτομερων ελαιων.,,draft,2,186,187,49,paul_row=0; lemma_gr=ἀβρότονον; edition_pages=2.186-187
PAUL_AEG-7.3.2,PAUL_AEG,7.3.2,Ἀγάλοχον,,,,"Ἀγάλοχον ξύλον ἐστὶν Ἰνδικὸν παραπλήσιον θύᾳ εὐῶδες, ὃ διαμασώμενον πρὸς εὐωδίαν στόματος ποιεῖ· ἔστι δὲ καὶ θυμίαμα. ἡ δὲ ῥίζα αὐτοῦ ὅσον 𐅻 α ὁλκὴ πινομένη πλάδον ἰᾶται στομάχου καὶ ἔκλυσιν· καὶ ἡπατικοῖς δὲ καὶ δυσεντερικοῖς ἁρμόζει καὶ πλευριτικοῖς.","αγαλοχον ξυλον εστιν ινδικον παραπλησιον θυα ευωδες, ο διαμασωμενον προς ευωδιαν στοματος ποιει· εστι δε και θυμιαμα. η δε ριζα αυτου οσον 𐅻 α ολκη πινομενη πλαδον ιαται στομαχου και εκλυσιν· και ηπατικοις δε και δυσεντερικοις αρμοζει και πλευριτικοις.",,draft,2,187,187,39,paul_row=1; lemma_gr=ἀγάλοχον; edition_pages=2.187
PAUL_AEG-7.3.3,PAUL_AEG,7.3.3,Ἀγαρικὸν,,,,"Ἀγαρικὸν ῥίζα ἐστὶν ἐπίφυσις πρέμνου χαύνη τὴν σύστασιν σύνθετος ἐξ ἀερώδους τε καὶ γεώδους οὐσίας διαφορητική τε τὴν δύναμιν καὶ πάχους τμητικὴ καὶ καθαρτική, μάλιστα τῶν ἐν τοῖς σπλάγχνοις ἐμφράξεων.","αγαρικον ριζα εστιν επιφυσις πρεμνου χαυνη την συστασιν συνθετος εξ αερωδους τε και γεωδους ουσιας διαφορητικη τε την δυναμιν και παχους τμητικη και καθαρτικη, μαλιστα των εν τοις σπλαγχνοις εμφραξεων.",,draft,2,187,187,30,paul_row=2; lemma_gr=ἀγαρικόν; edition_pages=2.187
PAUL_AEG-7.3.4,PAUL_AEG,7.3.4,Ἀγήρατον,,,,Ἀγήρατον δυνάμεώς ἐστι διαφορητικῆς τε καὶ ἀτρέμα πως ἀφλεγμάντου.,αγηρατον δυναμεως εστι διαφορητικης τε και ατρεμα πως αφλεγμαντου.,,draft,2,187,187,9,paul_row=3; lemma_gr=ἀγήρατον; edition_pages=2.187
PAUL_AEG-7.3.5,PAUL_AEG,7.3.5,Ἄγνος ἢ λύγος,,,,"Ἄγνος ἢ λύγος θερμαίνει καὶ ξηραίνει κατὰ τὴν τρίτην τάξιν· ἔστι δὲ καὶ λεπτομερὴς καὶ ἄφυσος, ὅθεν καὶ πρὸς ἁγνείαν πεπίστευται δρᾶν, οὐ μόνον ἐσθιόμενος καὶ πινόμενος, ἀλλὰ καὶ ὑποστρωννύμενος. ποιεῖ δὲ τὸ σπέρμα αὐτοῦ καὶ πρὸς ἔμφραξιν ἥπατος καὶ σπληνὸς πινόμενον. φρυττόμενος δὲ ἧττόν ἐστι φυσώδης καὶ εὐανάδοτος.","αγνος η λυγος θερμαινει και ξηραινει κατα την τριτην ταξιν· εστι δε και λεπτομερης και αφυσος, οθεν και προς αγνειαν πεπιστευται δραν, ου μονον εσθιομενος και πινομενος, αλλα και υποστρωννυμενος. ποιει δε το σπερμα αυτου και προς εμφραξιν ηπατος και σπληνος πινομενον. φρυττομενος δε ηττον εστι φυσωδης και ευαναδοτος.",,draft,2,187,187,49,paul_row=4; lemma_gr=ἄγνος:λύγος; edition_pages=2.187
PAUL_AEG-7.3.6,PAUL_AEG,7.3.6,Ἄγρωστις,,,,"Ἄγρωστις (ἡ τοῦ Παρνασοῦ μάλιστα χρήσιμός ἐστι) ξηραντική τε καὶ μετρίως ψυκτικὴ καὶ λεπτομερὴς καὶ ὑπόστρυφνός ἐστι· δι' ὃ τραύματά τε κολλᾷ τὰ ἔναιμα, καὶ λίθους τὸ ἀφέψημα αὐτῆς θρύπτει.","αγρωστις (η του παρνασου μαλιστα χρησιμος εστι) ξηραντικη τε και μετριως ψυκτικη και λεπτομερης και υποστρυφνος εστι· δι' ο τραυματα τε κολλα τα εναιμα, και λιθους το αφεψημα αυτης θρυπτει.",,draft,2,187,187,30,paul_row=5; lemma_gr=ἄγρωστις; edition_pages=2.187
PAUL_AEG-7.3.7,PAUL_AEG,7.3.7,Ἄγχουσαι,,,,"Ἄγχουσαι τέσσαρες οὐ τῆς αὐτῆς ἅπασαι δυνάμεως· ἡ μὲν γὰρ ὀνόκλεια προσαγορευομένη στύφουσάν τε καὶ ὑπόπικρον ἔχει τὴν ῥίζαν, ὅθεν σπληνικούς τε καὶ νεφριτικοὺς ὠφελεῖ, καταπλασσομένη δὲ σὺν ἀλφίτοις ἐρυσιπέλασιν ἁρμόζει· τὰ δὲ φύλλα τῆς ῥίζης ἧττον ψύχει τε καὶ ξηραίνει, δι' ὃ καὶ πρὸς διάρροιαν πίνεται. ἡ δὲ λύκαψος στυπτικωτέρα πως ὑπάρχουσα ὁμοίως ἐρυσιπέλασιν ἁρμόττει. ἡ δὲ ὀνόχειλός τε καὶ Ἀλκιβιάδειος φαρμακωδεστέρα τούτων οὖσα ἐχεοδήκτους ὠφελεῖ καταπλασσομένη τε καὶ περιαπτομένη καὶ ἐσθιομένη. ἡ δὲ τετάρτη μικροτέρα τῶν ἄλλων οὖσα σχεδὸν ἀνώνυμός ἐστι, πικροτέρα δὲ τῆς Ἀλκιβιαδείου τυγχάνουσα πρὸς τὰς πλατείας ἕλμινθας ἁρμόζει πλῆθος ὀξυβάφου πινομένη.","αγχουσαι τεσσαρες ου της αυτης απασαι δυναμεως· η μεν γαρ ονοκλεια προσαγορευομενη στυφουσαν τε και υποπικρον εχει την ριζαν, οθεν σπληνικους τε και νεφριτικους ωφελει, καταπλασσομενη δε συν αλφιτοις ερυσιπελασιν αρμοζει· τα δε φυλλα της ριζης ηττον ψυχει τε και ξηραινει, δι' ο και προς διαρροιαν πινεται. η δε λυκαψος στυπτικωτερα πως υπαρχουσα ομοιως ερυσιπελασιν αρμοττει. η δε ονοχειλος τε και αλκιβιαδειος φαρμακωδεστερα τουτων ουσα εχεοδηκτους ωφελει καταπλασσομενη τε και περιαπτομενη και εσθιομενη. η δε τεταρτη μικροτερα των αλλων ουσα σχεδον ανωνυμος εστι, πικροτερα δε της αλκιβιαδειου τυγχανουσα προς τας πλατειας ελμινθας αρμοζει πληθος οξυβαφου πινομενη.",,draft,2,187,187,96,paul_row=6; lemma_gr=ἄγχουσαι; edition_pages=2.187
PAUL_AEG-7.3.8,PAUL_AEG,7.3.8,Ἀδάρκη,,,,"Ἀδάρκη οἷον ἀφρός τίς ἐστιν ὕδατος ἁλμυροῦ περιπεπηγὼς φορυτῷ τε καὶ καλάμοις, δριμυτάτη δέ ἐστι καὶ θερμαντικὴ ἐγγὺς τοῦ καίειν ἔξωθεν προστιθεμένη σὺν ἄλλοις· εἴσω γὰρ τοῦ σώματος οὐχ οἷόν τε λαβεῖν αὐτήν.","αδαρκη οιον αφρος τις εστιν υδατος αλμυρου περιπεπηγως φορυτω τε και καλαμοις, δριμυτατη δε εστι και θερμαντικη εγγυς του καιειν εξωθεν προστιθεμενη συν αλλοις· εισω γαρ του σωματος ουχ οιον τε λαβειν αυτην.",,draft,2,188,188,33,paul_row=7; lemma_gr=ἀδάρκη; edition_pages=2.188
PAUL_AEG-7.3.9,PAUL_AEG,7.3.9,Ἀδίαντον,,,,"Ἀδίαντον ξηραίνει, λεπτύνει, διαφορεῖ μετρίως, κατὰ δὲ τὸ θερμὸν καὶ ψυχρὸν μεταξύ πώς ἐστιν· ἀλωπεκίας γοῦν ἰᾶται καὶ ὄγκους διαφορεῖ καὶ λίθους θρύπτει πινόμενον καὶ τὰς ἐκ πνεύμονος ἀναφορὰς ξηραίνει· ῥεῦμα κοιλίας ἵστησιν.","αδιαντον ξηραινει, λεπτυνει, διαφορει μετριως, κατα δε το θερμον και ψυχρον μεταξυ πως εστιν· αλωπεκιας γουν ιαται και ογκους διαφορει και λιθους θρυπτει πινομενον και τας εκ πνευμονος αναφορας ξηραινει· ρευμα κοιλιας ιστησιν.",,draft,2,188,188,33,paul_row=8; lemma_gr=ἀδίαντον; edition_pages=2.188
PAUL_AEG-7.3.10,PAUL_AEG,7.3.10,Ἀείζῳον,,,,"Ἀείζῳον διττόν, ψύχει μὲν ἐκ τῆς τρίτης ἀποστάσεως, ξηραίνει δὲ καὶ στύφει μετρίως· ταύτῃ ἄρα καὶ πρὸς ἐρυσιπέλατά τε καὶ ἕρπητας καὶ τὰς ἐκ ῥεύματος ἁρμόζει φλεγμονάς.","αειζωον διττον, ψυχει μεν εκ της τριτης αποστασεως, ξηραινει δε και στυφει μετριως· ταυτη αρα και προς ερυσιπελατα τε και ερπητας και τας εκ ρευματος αρμοζει φλεγμονας.",,draft,2,188,188,27,paul_row=9; lemma_gr=ἀείζῳον; edition_pages=2.188
PAUL_AEG-7.3.11,PAUL_AEG,7.3.11,Ἀετώνυχον,,,,Ἀετώνυχον ἐν τῷ περὶ λιθοσπέρμου λεχθήσεται.,αετωνυχον εν τω περι λιθοσπερμου λεχθησεται.,,draft,2,188,188,6,paul_row=10; lemma_gr=ἀετώνυχον; edition_pages=2.188
PAUL_AEG-7.3.12,PAUL_AEG,7.3.12,Ἀθήρα,,,,Ἀθήρα πολτάριόν ἐστι ῥοφηματῶδες ἐκ τῆς ἀληλεσμένης ζειᾶς ἢ ἀπὸ σίτου σκευαζόμενον παιδίοις ἁρμόζον· ποιεῖ δὲ καὶ εἰς κατάπλασμα.,αθηρα πολταριον εστι ροφηματωδες εκ της αληλεσμενης ζειας η απο σιτου σκευαζομενον παιδιοις αρμοζον· ποιει δε και εις καταπλασμα.,,draft,2,188,188,19,paul_row=11; lemma_gr=ἀθήρα; edition_pages=2.188
PAUL_AEG-7.3.13,PAUL_AEG,7.3.13,Αἰγίλωψ,,,,"Αἰγίλωψ διαφορητικὴν ἔχει δύναμιν, ὅθεν τὰς σκληρυνομένας φλεγμονὰς καὶ τοὺς αἰγίλωπας ἰᾶται.","αιγιλωψ διαφορητικην εχει δυναμιν, οθεν τας σκληρυνομενας φλεγμονας και τους αιγιλωπας ιαται.",,draft,2,188,188,12,paul_row=12; lemma_gr=αἰγίλωψ; edition_pages=2.188
PAUL_AEG-7.3.14,PAUL_AEG,7.3.14,Αἴγειρος,,,,"Αἴγειρος θερμαίνει μὲν κατὰ τὴν πρώτην τάξιν, ξηραίνει δὲ μετρίως καὶ λεπτομερής ἐστιν· ἧς τὰ μὲν φύλλα μετ' ὄξους καταπλασσόμενα ποδαγρικὰς ὀδύνας παύει, ἡ δὲ ἐξ αὐτῆς ῥητίνη θερμοτέρα τῶν ἀνθῶν οὖσα μίγνυται ἀκόποις τε καὶ μαλάγμασιν· ὁ καρπὸς δὲ μετ' ὄξους πινόμενος ἐπιληπτικοὺς ὠφελεῖ.","αιγειρος θερμαινει μεν κατα την πρωτην ταξιν, ξηραινει δε μετριως και λεπτομερης εστιν· ης τα μεν φυλλα μετ' οξους καταπλασσομενα ποδαγρικας οδυνας παυει, η δε εξ αυτης ρητινη θερμοτερα των ανθων ουσα μιγνυται ακοποις τε και μαλαγμασιν· ο καρπος δε μετ' οξους πινομενος επιληπτικους ωφελει.",,draft,2,188,188,45,paul_row=13; lemma_gr=αἴγειρος; edition_pages=2.188
PAUL_AEG-7.3.15,PAUL_AEG,7.3.15,Αἰδοῖον ἄρρενος ἐλάφου,,,,"Αἰδοῖον ἄρρενος ἐλάφου ξηρανθέν τε καὶ λεῖον σὺν οἴνῳ ποθὲν ἐχεοδήκτοις βοηθεῖ, μίγνυται δὲ καὶ συνθέτοις δυνάμεσιν.","αιδοιον αρρενος ελαφου ξηρανθεν τε και λειον συν οινω ποθεν εχεοδηκτοις βοηθει, μιγνυται δε και συνθετοις δυναμεσιν.",,draft,2,188,188,17,paul_row=14; lemma_gr=αἰδοῖον ἄρρενος ἐλάφου; edition_pages=2.188
PAUL_AEG-7.3.16,PAUL_AEG,7.3.16,Αἰθάλη καὶ λίγνυς,,,,Αἰθάλη καὶ λίγνυς κατὰ τὸ λ ῥηθήσεται.,αιθαλη και λιγνυς κατα το λ ρηθησεται.,,draft,2,188,188,7,paul_row=15; lemma_gr=αἰθάλη:λίγνυς; edition_pages=2.188
PAUL_AEG-7.3.17,PAUL_AEG,7.3.17,Αἰθιοπὶς,,,,"Αἰθιοπὶς παραπλήσια μὲν ἔχει φλόμῳ τὰ φύλλα, τῆς δὲ ῥίζης αὐτῆς τὸ ἀφέψημα πινόμενον ἰσχιαδικοῖς βοηθεῖ πλευριτικοῖς τε καὶ αἱμοπτυϊκοῖς ἀρτηρίας τε τραχύτητι μετὰ μέλιτος.","αιθιοπις παραπλησια μεν εχει φλομω τα φυλλα, της δε ριζης αυτης το αφεψημα πινομενον ισχιαδικοις βοηθει πλευριτικοις τε και αιμοπτυικοις αρτηριας τε τραχυτητι μετα μελιτος.",,draft,2,188,188,25,paul_row=16; lemma_gr=αἰθιοπίς; edition_pages=2.188
PAUL_AEG-7.3.18,PAUL_AEG,7.3.18,Αἷμα,,,,"Αἷμα ψυχρὸν οὐδέν ἐστιν, ἀλλὰ τὸ μὲν τῶν ὑῶν ὑγρόν τέ ἐστι καὶ ἧττον θερμόν, ἀνθρωπείῳ μάλιστα τὴν κρᾶσιν ἐοικός, τὸ δὲ τῶν περιστερῶν καὶ φάττης καὶ τρυγόνος εὔκρατόν πως ὑπάρχον τὰ ἐν τοῖς ὀφθαλμοῖς ὑποσφάγματα ἰᾶται θερμὸν ἐνσταζόμενον καὶ τῇ παχείᾳ μήνιγγι ἐγχεόμενον ἐπὶ τῶν ἀνατρηθέντων ἀφλέγμαντόν ἐστιν· τὸ δὲ τῆς γλαυκὸς σὺν οἴνῳ πινόμενον ἢ ὕδατι δύσπνοιαν ὀνίνησι. τὸ δὲ τῶν νυκτερίδων τιτθούς τε διαφυλάττει παρθένων, καὶ ἄτριχον εἶναί φασι καταχριόμενον, ὡσαύτως δὲ καὶ τὸ τῶν βατράχων καὶ τὸ τοῦ χαμαιλέοντος καὶ τὸ τῶν κροτώνων τῶν κυνῶν· ὁ δὲ Γαληνὸς πειράσας ἐψεῦσθαι ταῦτά φησι. τὸ δὲ τῶν αἰγῶν διὰ ξηρότητα τοὺς ὑδεριῶντας ὠφελεῖ μετὰ μέλιτος πινόμενον καὶ τοὺς ἐν νεφροῖς λίθους θρύπτει. τὸ δὲ τῶν κατοικιδίων ὀρνίθων αἱμορραγίας μηνίγγων ἐπέχει. τὸ δὲ τῶν ἀρνῶν ἐπιληπτικοὺς ὠφελεῖ, τὸ δὲ τῶν ἐρίφων νεοπαγὲς ἔτι ὅσον ἡμικοτύλιον σὺν ἴσῳ ὄξει πινόμενον τοὺς ἀπὸ θώρακος αἷμα ἀνάγοντας ἰᾶται. τὸ δὲ τῶν ἄρκτων καὶ τῶν ἀγρίων αἰγῶν καὶ τράγων καὶ ταύρων ἀποστήματα πεπαίνειν φασίν. τὸ δὲ τοῦ χερσαίου κροκοδείλου ποιητικὸν ὀξυδορκίας ἐστίν. τὸ δὲ τῶν ὀχευτῶν ἵππων σηπταῖς μίγνυται δυνάμεσιν. ἡ δὲ δι' αἱμάτων ἀντίδοτος πρὸς τὰ θανάσιμα φάρμακα διδομένη καὶ νήττης αἷμα καὶ ἐρίφου καὶ χηνὸς δέχεται.","αιμα ψυχρον ουδεν εστιν, αλλα το μεν των υων υγρον τε εστι και ηττον θερμον, ανθρωπειω μαλιστα την κρασιν εοικος, το δε των περιστερων και φαττης και τρυγονος ευκρατον πως υπαρχον τα εν τοις οφθαλμοις υποσφαγματα ιαται θερμον ενσταζομενον και τη παχεια μηνιγγι εγχεομενον επι των ανατρηθεντων αφλεγμαντον εστιν· το δε της γλαυκος συν οινω πινομενον η υδατι δυσπνοιαν ονινησι. το δε των νυκτεριδων τιτθους τε διαφυλαττει παρθενων, και ατριχον ειναι φασι καταχριομενον, ωσαυτως δε και το των βατραχων και το του χαμαιλεοντος και το των κροτωνων των κυνων· ο δε γαληνος πειρασας εψευσθαι ταυτα φησι. το δε των αιγων δια ξηροτητα τους υδεριωντας ωφελει μετα μελιτος πινομενον και τους εν νεφροις λιθους θρυπτει. το δε των κατοικιδιων ορνιθων αιμορραγιας μηνιγγων επεχει. το δε των αρνων επιληπτικους ωφελει, το δε των εριφων νεοπαγες ετι οσον ημικοτυλιον συν ισω οξει πινομενον τους απο θωρακος αιμα αναγοντας ιαται. το δε των αρκτων και των αγριων αιγων και τραγων και ταυρων αποστηματα πεπαινειν φασιν. το δε του χερσαιου κροκοδειλου ποιητικον οξυδορκιας εστιν. το δε των οχευτων ιππων σηπταις μιγνυται δυναμεσιν. η δε δι' αιματων αντιδοτος προς τα θανασιμα φαρμακα διδομενη και νηττης αιμα και εριφου και χηνος δεχεται.",,draft,2,188,189,195,paul_row=17; lemma_gr=αἷμα; edition_pages=2.188-189
PAUL_AEG-7.3.19,PAUL_AEG,7.3.19,Αἶρα,,,,Αἶρα θερμαίνει καὶ ξηραίνει πλησίον τῆς τρίτης ἀποστάσεως ἴριδι τὴν δύναμιν ἴση τυγχάνουσα.,αιρα θερμαινει και ξηραινει πλησιον της τριτης αποστασεως ιριδι την δυναμιν ιση τυγχανουσα.,,draft,2,189,189,13,paul_row=18; lemma_gr=αἶρα; edition_pages=2.189
PAUL_AEG-7.3.20,PAUL_AEG,7.3.20,Ἀκαλλὶς,,,,"Ἀκαλλὶς θάμνου καρπός ἐστιν ἐν Αἰγύπτῳ γεννωμένου, οὗ τὸ ἀπόβρεγμα τοῖς πρὸς ὀξυδορκίαν κολλουρίοις μίγνυται.","ακαλλις θαμνου καρπος εστιν εν αιγυπτω γεννωμενου, ου το αποβρεγμα τοις προς οξυδορκιαν κολλουριοις μιγνυται.",,draft,2,189,189,15,paul_row=19; lemma_gr=ἀκαλλίς; edition_pages=2.189
PAUL_AEG-7.3.21,PAUL_AEG,7.3.21,Ἀκακία,,,,"Ἀκακία τρίτης μέν ἐστι τῶν ξηραινόντων τάξεως, πρώτης δὲ τῶν ψυχόντων, εἰ δὲ πλυθείη, δευτέρας· ἔστι δὲ καὶ στρυφνὴ καὶ γεώδης.","ακακια τριτης μεν εστι των ξηραινοντων ταξεως, πρωτης δε των ψυχοντων, ει δε πλυθειη, δευτερας· εστι δε και στρυφνη και γεωδης.",,draft,2,189,189,21,paul_row=20; lemma_gr=ἀκακία; edition_pages=2.189
PAUL_AEG-7.3.22,PAUL_AEG,7.3.22,Ἀκαλήφης,,,,"Ἀκαλήφης ὅ τε καρπὸς καὶ τὰ φύλλα λεπτομερῆ τέ ἐστι καὶ ξηραίνουσιν ἀδήκτως ὄγκους τε διαφοροῦσι καὶ ῥύπτουσιν ὑπάγουσί τε γαστέρα, φυσώδη δὲ μετρίως εἰσίν· δι' ὃ καὶ πρὸς συνουσίαν παρορμᾷ.","ακαληφης ο τε καρπος και τα φυλλα λεπτομερη τε εστι και ξηραινουσιν αδηκτως ογκους τε διαφορουσι και ρυπτουσιν υπαγουσι τε γαστερα, φυσωδη δε μετριως εισιν· δι' ο και προς συνουσιαν παρορμα.",,draft,2,189,189,31,paul_row=21; lemma_gr=ἀκαλήφης; edition_pages=2.189
PAUL_AEG-7.3.23,PAUL_AEG,7.3.23,"Ἄκανθος, οἱ δὲ μελάμφυλλον, οἱ δὲ παιδέρωτα",,,,"Ἄκανθος, οἱ δὲ μελάμφυλλον, οἱ δὲ παιδέρωτα, διαφορητικῆς ἐστι καὶ ξηραντικῆς δυνάμεως.","ακανθος, οι δε μελαμφυλλον, οι δε παιδερωτα, διαφορητικης εστι και ξηραντικης δυναμεως.",,draft,2,189,189,12,paul_row=22; lemma_gr=ἄκανθος:μελάμφυλλος:παιδέρωτα; edition_pages=2.189; derived_from=alias_review
PAUL_AEG-7.3.24,PAUL_AEG,7.3.24,Ἀκάνθιον,,,,Ἀκάνθιον λεπτομεροῦς καὶ θερμῆς ὂν δυνάμεως σπωμένοις βοηθεῖ.,ακανθιον λεπτομερους και θερμης ον δυναμεως σπωμενοις βοηθει.,,draft,2,189,189,8,paul_row=23; lemma_gr=ἀκάνθιον; edition_pages=2.189
PAUL_AEG-7.3.25,PAUL_AEG,7.3.25,Ἄκανθα λευκὴ,,,,"Ἄκανθα λευκὴ τὴν μὲν ῥίζαν ξηραντικήν τε καὶ μετρίως στύφουσαν ἔχει· δι' ὃ καὶ στομαχικοὺς καὶ αἱμοπτυϊκοὺς καὶ ὀδονταλγοῦντας ὠφελεῖ· τὸ δὲ σπέρμα λεπτομεροῦς τε καὶ θερμῆς ἐστι δυνάμεως, ὅθεν καὶ σπασμὸν ἰᾶται.","ακανθα λευκη την μεν ριζαν ξηραντικην τε και μετριως στυφουσαν εχει· δι' ο και στομαχικους και αιμοπτυικους και οδονταλγουντας ωφελει· το δε σπερμα λεπτομερους τε και θερμης εστι δυναμεως, οθεν και σπασμον ιαται.",,draft,2,190,190,33,paul_row=24; lemma_gr=ἄκανθα λευκή; edition_pages=2.190
PAUL_AEG-7.3.26,PAUL_AEG,7.3.26,"Ἄκανθα Αἰγυπτία, οἱ δὲ Ἀραβική",,,,"Ἄκανθα Αἰγυπτία, οἱ δὲ Ἀραβική, στυπτικῆς τε καὶ ξηραντικῆς ἄγαν ἐστὶ δυνάμεως· ὅθεν αἵματός τε καὶ τῶν ἄλλων ῥευμάτων ἐστὶν ἐφεκτική.","ακανθα αιγυπτια, οι δε αραβικη, στυπτικης τε και ξηραντικης αγαν εστι δυναμεως· οθεν αιματος τε και των αλλων ρευματων εστιν εφεκτικη.",,draft,2,190,190,21,paul_row=25; lemma_gr=ἄκανθα αἰγυπτία:ἄκανθα ἀραβική; edition_pages=2.190; derived_from=alias_review
PAUL_AEG-7.3.27,PAUL_AEG,7.3.27,Ἄκινος,,,,"Ἄκινος ὠκίμῳ παραπλήσιος οὖσα στύφει μετρίως· ὅθεν ἵστησι κοιλίαν καὶ ἔμμηνα πινομένη, καταπλασσομένη δὲ φύγεθλα καὶ ἐρυσιπέλατα ὠφελεῖ.","ακινος ωκιμω παραπλησιος ουσα στυφει μετριως· οθεν ιστησι κοιλιαν και εμμηνα πινομενη, καταπλασσομενη δε φυγεθλα και ερυσιπελατα ωφελει.",,draft,2,190,190,18,paul_row=26; lemma_gr=ἄκινος; edition_pages=2.190
PAUL_AEG-7.3.28,PAUL_AEG,7.3.28,Ἀκόνιτον,,,,"Ἀκόνιτον τὸ μὲν παρδαλιαγχὲς σηπτικῆς καὶ δηλητηρίου δυνάμεώς ἐστιν· ὅθεν ἔσωθεν μὲν αὐτὸ μὴ ληπτέον, ἔξωθεν μέντοι ἐπὶ τῶν σαπῆναι δεομένων σαρκῶν χρηστέον αὐτῷ· τὸ δὲ λυκοκτόνον τῆς αὐτῆς ὂν τῷ προτέρῳ δυνάμεως ἰδίως τοὺς λύκους ἀναιρεῖ, ὥσπερ ἐκεῖνο τὰς παρδάλεις.","ακονιτον το μεν παρδαλιαγχες σηπτικης και δηλητηριου δυναμεως εστιν· οθεν εσωθεν μεν αυτο μη ληπτεον, εξωθεν μεντοι επι των σαπηναι δεομενων σαρκων χρηστεον αυτω· το δε λυκοκτονον της αυτης ον τω προτερω δυναμεως ιδιως τους λυκους αναιρει, ωσπερ εκεινο τας παρδαλεις.",,draft,2,190,190,41,paul_row=27; lemma_gr=ἀκόνιτον; edition_pages=2.190
PAUL_AEG-7.3.29,PAUL_AEG,7.3.29,Ἄκορον,,,,"Ἄκορον θερμαίνει καὶ ξηραίνει κατὰ τὴν τρίτην ἀπόστασιν, χρώμεθα δὲ τῇ ῥίζῃ αὐτοῦ πρός τε τὸ κινῆσαι οὖρα καὶ πρὸς σπληνὸς σκίρρον· λεπτύνει δὲ καὶ τὰ πάχη τοῦ κερατοειδοῦς.","ακορον θερμαινει και ξηραινει κατα την τριτην αποστασιν, χρωμεθα δε τη ριζη αυτου προς τε το κινησαι ουρα και προς σπληνος σκιρρον· λεπτυνει δε και τα παχη του κερατοειδους.",,draft,2,190,190,29,paul_row=28; lemma_gr=ἄκορον; edition_pages=2.190
PAUL_AEG-7.3.30,PAUL_AEG,7.3.30,Ἀκρίδες,,,,"Ἀκρίδες ὑποθυμιώμεναι δυσουρίας, μάλιστα γυναικῶν, ὠφελοῦσιν. ἡ δὲ ἄπτερος ἀκρὶς σκορπιοπλήκτοις βοηθεῖ πινομένη σὺν οἴνῳ.","ακριδες υποθυμιωμεναι δυσουριας, μαλιστα γυναικων, ωφελουσιν. η δε απτερος ακρις σκορπιοπληκτοις βοηθει πινομενη συν οινω.",,draft,2,190,190,15,paul_row=29; lemma_gr=ἀκρίδες; edition_pages=2.190
PAUL_AEG-7.3.31,PAUL_AEG,7.3.31,Ἀκτῆ,,,,"Ἀκτῆ ἥ τε μεγάλη καὶ ἡ χαμαιάκτη ξηραντικῆς ἐστι δυνάμεως καὶ μετρίως διαφορητικῆς καὶ κολλητικῆς, πινόμεναι δὲ ἢ ἐσθιόμεναι ὕδωρ ἄγουσι διὰ γαστρός.","ακτη η τε μεγαλη και η χαμαιακτη ξηραντικης εστι δυναμεως και μετριως διαφορητικης και κολλητικης, πινομεναι δε η εσθιομεναι υδωρ αγουσι δια γαστρος.",,draft,2,190,190,23,paul_row=30; lemma_gr=ἀκτῆ; edition_pages=2.190
PAUL_AEG-7.3.32,PAUL_AEG,7.3.32,Ἅλες,,,,"Ἅλες ξηραντικῆς ἱκανῶς καὶ στυπτικῆς εἰσι δυνάμεως· ὅθεν, ὅσον μὲν ὑγρόν ἐστιν ἐν τοῖς σώμασι, τοῦτο πᾶν ἐκβόσκονται, τὸ δὲ ὑπόλοιπον συνάγουσι τῇ στύψει· δι' ὃ καὶ ταριχεύουσι καὶ ἄσηπτα φυλάττουσιν. οἱ δὲ κεκαυμένοι διαφοροῦσι μᾶλλον.","αλες ξηραντικης ικανως και στυπτικης εισι δυναμεως· οθεν, οσον μεν υγρον εστιν εν τοις σωμασι, τουτο παν εκβοσκονται, το δε υπολοιπον συναγουσι τη στυψει· δι' ο και ταριχευουσι και ασηπτα φυλαττουσιν. οι δε κεκαυμενοι διαφορουσι μαλλον.",,draft,2,190,190,36,paul_row=31; lemma_gr=ἅλες; edition_pages=2.190
PAUL_AEG-7.3.33,PAUL_AEG,7.3.33,Ἀλθαία ἢ ἐβίσκος,,,,"Ἀλθαία ἢ ἐβίσκος (ἔστι δὲ εἶδος ἀγρίας μαλάχης) διαφορητική, χαλαστική, ἀφλέγμαντος, πραϋντική, πεπτικὴ φυμάτων ἐστίν· ἡ δὲ ῥίζα καὶ τὸ σπέρμα τὰ μὲν ἄλλα ἐπιτεταμένα ἔχει, ἔστι δὲ καὶ ἀλφῶν ῥυπτικά, τὸ δὲ σπέρμα καὶ λίθους θρύπτει.","αλθαια η εβισκος (εστι δε ειδος αγριας μαλαχης) διαφορητικη, χαλαστικη, αφλεγμαντος, πραυντικη, πεπτικη φυματων εστιν· η δε ριζα και το σπερμα τα μεν αλλα επιτεταμενα εχει, εστι δε και αλφων ρυπτικα, το δε σπερμα και λιθους θρυπτει.",,draft,2,190,190,37,paul_row=32; lemma_gr=ἀλθαία:ἐβίσκος; edition_pages=2.190
PAUL_AEG-7.3.34,PAUL_AEG,7.3.34,Ἁλικάκαβον,,,,Ἁλικάκαβον ἐν τῷ περὶ στρύχνου ῥηθήσεται.,αλικακαβον εν τω περι στρυχνου ρηθησεται.,,draft,2,191,191,6,paul_row=33; lemma_gr=ἁλικάκαβον; edition_pages=2.191
PAUL_AEG-7.3.35,PAUL_AEG,7.3.35,Ἅλιμον,,,,"Ἅλιμον ἀνομοιομερές ἐστιν ἁλυκόν τε καὶ ὑποστῦφον, τὸ δὲ πλεῖστον αὐτοῦ θερμὸν εὐκράτως μεθ' ὑγρότητος ἀκατεργάστου· γάλακτος γοῦν καὶ σπέρματός ἐστι γεννητικόν.","αλιμον ανομοιομερες εστιν αλυκον τε και υποστυφον, το δε πλειστον αυτου θερμον ευκρατως μεθ' υγροτητος ακατεργαστου· γαλακτος γουν και σπερματος εστι γεννητικον.",,draft,2,191,191,22,paul_row=34; lemma_gr=ἅλιμον; edition_pages=2.191
PAUL_AEG-7.3.36,PAUL_AEG,7.3.36,Ἀλκέα,,,,"Ἀλκέα (εἶδός ἐστι καὶ αὐτὴ τῆς ἀγρίας μαλάχης) σὺν οἴνῳ πινομένη δυσεντερίας καὶ δήξεις ἰᾶται, καὶ μᾶλλον ἡ ῥίζα αὐτῆς.","αλκεα (ειδος εστι και αυτη της αγριας μαλαχης) συν οινω πινομενη δυσεντεριας και δηξεις ιαται, και μαλλον η ριζα αυτης.",,draft,2,191,191,20,paul_row=35; lemma_gr=ἀλκέα; edition_pages=2.191
PAUL_AEG-7.3.37,PAUL_AEG,7.3.37,Ἀλκυόνια,,,,Ἀλκυόνια ῥύπτει μὲν πάντα καὶ διαφορεῖ δριμεῖαν ἔχοντα ποιότητα· ἀλλὰ τὸ μὲν Μιλήσιον (ἔστι δὲ σκωληκοειδὲς καὶ πορφυροῦν) ἄριστον· δι' ὃ καὶ καυθὲν ἀλωπεκίας ἰᾶται καὶ λειχῆνας καὶ ἀλφοὺς ἀπορρύπτει. τὸ δὲ τὴν ἐπιφάνειαν λείαν ἔχον δριμύτατόν ἐστιν οὐ μόνον ἀπορρύπτον ἀλλὰ καὶ ἐκδέρον. τὸ δὲ παραπλήσιον ἐρίοις οἰσυπηροῖς ἀσθενέστερον ἁπάντων ἐστίν.,αλκυονια ρυπτει μεν παντα και διαφορει δριμειαν εχοντα ποιοτητα· αλλα το μεν μιλησιον (εστι δε σκωληκοειδες και πορφυρουν) αριστον· δι' ο και καυθεν αλωπεκιας ιαται και λειχηνας και αλφους απορρυπτει. το δε την επιφανειαν λειαν εχον δριμυτατον εστιν ου μονον απορρυπτον αλλα και εκδερον. το δε παραπλησιον εριοις οισυπηροις ασθενεστερον απαντων εστιν.,,draft,2,191,191,52,paul_row=36; lemma_gr=ἀλκυόνια; edition_pages=2.191
PAUL_AEG-7.3.38,PAUL_AEG,7.3.38,Ἅλμη,,,,"Ἅλμη ἡ μὲν ἀμιγὴς ἑτέρας οὐσίας παραπλησίαν ἔχει τοῖς ἁλσὶ δύναμιν πλὴν ἀσθενεστέραν τῇ μίξει τοῦ ὕδατος, ἡ δὲ τῶν ταριχηρῶν ἰχθύων καὶ ἡ τῶν κολυμβάδων ἐλαῶν ῥυπτικωτέρας εἰσὶ δυνάμεως· ἰσχιαδικοῖς οὖν καὶ δυσεντερικοῖς ἐνίεται.","αλμη η μεν αμιγης ετερας ουσιας παραπλησιαν εχει τοις αλσι δυναμιν πλην ασθενεστεραν τη μιξει του υδατος, η δε των ταριχηρων ιχθυων και η των κολυμβαδων ελαων ρυπτικωτερας εισι δυναμεως· ισχιαδικοις ουν και δυσεντερικοις ενιεται.",,draft,2,191,191,35,paul_row=37; lemma_gr=ἅλμη; edition_pages=2.191
PAUL_AEG-7.3.39,PAUL_AEG,7.3.39,Ἀλόη,,,,"Ἀλόη θερμαίνει μὲν κατὰ τὴν πρώτην ἀπόστασιν, ξηραίνει δὲ κατὰ τὴν τρίτην, ἔστι δὲ καὶ εὐστόμαχος καὶ ῥυπτικὴ καὶ διαφορητικὴ καὶ γαστρὸς ἐκκοπρωτική· πλυθεῖσα δὲ ἧττον μὲν ῥύπτει, εὐστόμαχος δὲ μᾶλλόν ἐστιν ἀφλέγμαντός τε καὶ ἑλκῶν ἀφουλωτική, μάλιστα τῶν καθ' ἕδραν τε καὶ αἰδοῖον.","αλοη θερμαινει μεν κατα την πρωτην αποστασιν, ξηραινει δε κατα την τριτην, εστι δε και ευστομαχος και ρυπτικη και διαφορητικη και γαστρος εκκοπρωτικη· πλυθεισα δε ηττον μεν ρυπτει, ευστομαχος δε μαλλον εστιν αφλεγμαντος τε και ελκων αφουλωτικη, μαλιστα των καθ' εδραν τε και αιδοιον.",,draft,2,191,191,44,paul_row=38; lemma_gr=ἀλόη; edition_pages=2.191
PAUL_AEG-7.3.40,PAUL_AEG,7.3.40,Ἁλὸς ἄνθος,,,,Ἁλὸς ἄνθος ὑγρόν ἐστι φάρμακον λεπτομερέστερον τῶν κεκαυμένων ἁλῶν δριμύ τε καὶ διαφορητικὸν ἱκανῶς.,αλος ανθος υγρον εστι φαρμακον λεπτομερεστερον των κεκαυμενων αλων δριμυ τε και διαφορητικον ικανως.,,draft,2,191,191,14,paul_row=39; lemma_gr=ἁλὸς ἄνθος; edition_pages=2.191
PAUL_AEG-7.3.41,PAUL_AEG,7.3.41,Ἁλὸς ἄχνη,,,,"Ἁλὸς ἄχνη ἀφρῶδές ἐστιν ἐπάνθημα τῶν ἁλῶν, λεπτομερέστερον μὲν ἐκείνων καὶ διαφορητικώτερον, ἧττον δὲ συνακτικόν.","αλος αχνη αφρωδες εστιν επανθημα των αλων, λεπτομερεστερον μεν εκεινων και διαφορητικωτερον, ηττον δε συνακτικον.",,draft,2,191,191,15,paul_row=40; lemma_gr=ἁλὸς ἄχνη; edition_pages=2.191
PAUL_AEG-7.3.42,PAUL_AEG,7.3.42,"Ἀλσίνη, οἱ δὲ μυὸς ὦτα",,,,"Ἀλσίνη, οἱ δὲ μυὸς ὦτα, τὴν δύναμιν ὁμοίαν ἔχει τῇ ἑλξίνῃ ψύχουσάν τε καὶ ὑγραίνουσαν· δι' ὃ πρὸς τὰς ζεούσας ἁρμόζει φλεγμονάς.","αλσινη, οι δε μυος ωτα, την δυναμιν ομοιαν εχει τη ελξινη ψυχουσαν τε και υγραινουσαν· δι' ο προς τας ζεουσας αρμοζει φλεγμονας.",,draft,2,191,191,22,paul_row=41; lemma_gr=ἀλσίνη:μυὸς ὦτα; edition_pages=2.191; derived_from=alias_review
PAUL_AEG-7.3.43,PAUL_AEG,7.3.43,Ἄλυπον,,,,Ἄλυπον. καθαίρει τὸ σπέρμα αὐτοῦ κάτω μέλαιναν χολὴν πλῆθος ἴσον ἐπιθύμου λαμβανόμενον μετὰ ἁλῶν καὶ ὄξους· τὰ δὲ ἔντερα ἐλαφρῶς ἑλκοῖ.,αλυπον. καθαιρει το σπερμα αυτου κατω μελαιναν χολην πληθος ισον επιθυμου λαμβανομενον μετα αλων και οξους· τα δε εντερα ελαφρως ελκοι.,,draft,2,191,191,21,paul_row=42; lemma_gr=ἄλυπον; edition_pages=2.191
PAUL_AEG-7.3.44,PAUL_AEG,7.3.44,Ἄλυσσον,,,,"Ἄλυσσον ὠνόμασται μὲν ἀπὸ τοῦ τοὺς λυσσοδήκτους ὀνινάναι, ξηραντικῆς δὲ καὶ διαφορητικῆς καὶ ῥυπτικῆς οὖσα δυνάμεως νεφρούς τε ἐκφράττει καὶ ἔφηλιν ῥύπτει.","αλυσσον ωνομασται μεν απο του τους λυσσοδηκτους ονιναναι, ξηραντικης δε και διαφορητικης και ρυπτικης ουσα δυναμεως νεφρους τε εκφραττει και εφηλιν ρυπτει.",,draft,2,191,192,22,paul_row=43; lemma_gr=ἄλυσσον; edition_pages=2.191-192
PAUL_AEG-7.3.45,PAUL_AEG,7.3.45,Ἀλώπηξ,,,,"Ἀλώπηξ τὸ ζῷον ὅλη ἐν ἐλαίῳ ζῶσα ἢ τεθνεῶσα καθηψημένη διαφορητικὸν ἐργάζεται τοὔλαιον τὰ διὰ βάθους ὑγρὰ πρὸς τὴν ἐπιφάνειαν ἕλκον· ὅθεν ἀρθριτικοὺς ἐν αὐτῷ εἰς πύελον ἐμβιβάζοντες ἐπὶ χρόνον συχνὸν ἀρχόμενον μὲν τὸ πάθος ἔπαυσαν, χρονίσαν δὲ ἐμετρίασαν.","αλωπηξ το ζωον ολη εν ελαιω ζωσα η τεθνεωσα καθηψημενη διαφορητικον εργαζεται τουλαιον τα δια βαθους υγρα προς την επιφανειαν ελκον· οθεν αρθριτικους εν αυτω εις πυελον εμβιβαζοντες επι χρονον συχνον αρχομενον μεν το παθος επαυσαν, χρονισαν δε εμετριασαν.",,draft,2,192,192,39,paul_row=44; lemma_gr=ἀλώπηξ; edition_pages=2.192
PAUL_AEG-7.3.46,PAUL_AEG,7.3.46,Ἀμάρακον,,,,"Ἀμάρακον θερμαίνει μὲν κατὰ τὴν τρίτην τάξιν, ξηραίνει δὲ κατὰ τὴν δευτέραν.","αμαρακον θερμαινει μεν κατα την τριτην ταξιν, ξηραινει δε κατα την δευτεραν.",,draft,2,192,192,12,paul_row=45; lemma_gr=ἀμάρακον; edition_pages=2.192
PAUL_AEG-7.3.47,PAUL_AEG,7.3.47,Ἀμάραντον,,,,Ἀμάραντον λεπτύνει καὶ τέμνει· ἔμμηνα γοῦν ἄγει σὺν οἴνῳ ποθὲν καὶ θρόμβους αἵματος διαλύει σὺν οἰνομέλιτι πάντων τε ῥευμάτων ἐστὶ ξηραντικὸν κακοστόμαχον ὑπάρχον.,αμαραντον λεπτυνει και τεμνει· εμμηνα γουν αγει συν οινω ποθεν και θρομβους αιματος διαλυει συν οινομελιτι παντων τε ρευματων εστι ξηραντικον κακοστομαχον υπαρχον.,,draft,2,192,192,23,paul_row=46; lemma_gr=ἀμάραντον; edition_pages=2.192
PAUL_AEG-7.3.48,PAUL_AEG,7.3.48,Ἀμβροσία,,,,Ἀμβροσία καταπλαττομένη δύναμιν ἔχει στύφουσάν τε καὶ ἀποκρουστικήν.,αμβροσια καταπλαττομενη δυναμιν εχει στυφουσαν τε και αποκρουστικην.,,draft,2,192,192,8,paul_row=47; lemma_gr=ἀμβροσία; edition_pages=2.192
PAUL_AEG-7.3.49,PAUL_AEG,7.3.49,Ἄμι,,,,Ἄμι τῆς τρίτης τάξεώς ἐστι τῶν θερμαινόντων τε καὶ ξηραινόντων λεπτομερές τε καὶ διαφορητικὸν καὶ διουρητικόν· τὸ δὲ σπέρμα μάλιστα χρήσιμόν ἐστιν.,αμι της τριτης ταξεως εστι των θερμαινοντων τε και ξηραινοντων λεπτομερες τε και διαφορητικον και διουρητικον· το δε σπερμα μαλιστα χρησιμον εστιν.,,draft,2,192,192,22,paul_row=48; lemma_gr=ἄμι; edition_pages=2.192
PAUL_AEG-7.3.50,PAUL_AEG,7.3.50,Ἀμίαντον,,,,"Ἀμίαντον ἐν Κύπρῳ γεννᾶται παραπλήσιον στυπτηρίᾳ σχιστῇ, ἐκφλογούμενον μὲν ὑπὸ πυρός, μὴ καιόμενον δέ· χρῶνται δὲ αὐτῷ τινες ἐν τοῖς ξηραντικοῖς ψιλώθροις.","αμιαντον εν κυπρω γενναται παραπλησιον στυπτηρια σχιστη, εκφλογουμενον μεν υπο πυρος, μη καιομενον δε· χρωνται δε αυτω τινες εν τοις ξηραντικοις ψιλωθροις.",,draft,2,192,192,22,paul_row=49; lemma_gr=ἀμίαντον; edition_pages=2.192
PAUL_AEG-7.3.51,PAUL_AEG,7.3.51,Ἄμμος,,,,"Ἄμμος ἡ ἐν τοῖς αἰγιαλοῖς τῆς θαλάσσης ἱκανῶς ξηραίνει· πυρωθεῖσα γοῦν ὑπὸ ἡλίου ἐξικμάζει τὰ ὑδαρῆ σώματα χωννύμενα ἐν αὐτῇ, φωχθεῖσα δὲ ξηροπυρία γίνεται ἀντὶ κέγχρου καὶ ἁλῶν.","αμμος η εν τοις αιγιαλοις της θαλασσης ικανως ξηραινει· πυρωθεισα γουν υπο ηλιου εξικμαζει τα υδαρη σωματα χωννυμενα εν αυτη, φωχθεισα δε ξηροπυρια γινεται αντι κεγχρου και αλων.",,draft,2,192,192,28,paul_row=50; lemma_gr=ἄμμος; edition_pages=2.192
PAUL_AEG-7.3.52,PAUL_AEG,7.3.52,Ἀμμωνιακὸν,,,,"Ἀμμωνιακὸν θυμίαμα ὀπός ἐστι μαλακτικῆς δυνάμεως ἐπιτεταμένης, ὥστε σκίρρους τε καὶ πώρους διαλύειν.","αμμωνιακον θυμιαμα οπος εστι μαλακτικης δυναμεως επιτεταμενης, ωστε σκιρρους τε και πωρους διαλυειν.",,draft,2,192,192,13,paul_row=51; lemma_gr=ἀμμωνιακόν; edition_pages=2.192
PAUL_AEG-7.3.53,PAUL_AEG,7.3.53,Ἀμόργη,,,,"Ἀμόργη τῆς δευτέρας ἐστὶ τάξεως τῶν θερμαινόντων καὶ ξηραινόντων ἐπιτεταμένης· οὕτω γέ τοι τὰ μὲν ἐν τοῖς ξηροῖς σώμασιν ἕλκη θεραπεύει, τὰ δὲ ἐν τοῖς ἄλλοις συντείνει τε καὶ παροξύνει.","αμοργη της δευτερας εστι ταξεως των θερμαινοντων και ξηραινοντων επιτεταμενης· ουτω γε τοι τα μεν εν τοις ξηροις σωμασιν ελκη θεραπευει, τα δε εν τοις αλλοις συντεινει τε και παροξυνει.",,draft,2,192,192,30,paul_row=52; lemma_gr=ἀμόργη; edition_pages=2.192
PAUL_AEG-7.3.54,PAUL_AEG,7.3.54,Ἀμπελόπρασον,,,,"Ἀμπελόπρασον οἷον πράσον ὂν ἄγριον δριμύτατόν ἐστι καὶ θερμότατον κατὰ τὴν ἐσχάτην τάξιν, ὅθεν καὶ ἑλκοῖ, τμητικόν τέ ἐστι καὶ ἐκφρακτικὸν καὶ κακοστόμαχον.","αμπελοπρασον οιον πρασον ον αγριον δριμυτατον εστι και θερμοτατον κατα την εσχατην ταξιν, οθεν και ελκοι, τμητικον τε εστι και εκφρακτικον και κακοστομαχον.",,draft,2,192,193,23,paul_row=53; lemma_gr=ἀμπελόπρασον; edition_pages=2.192-193
PAUL_AEG-7.3.55,PAUL_AEG,7.3.55,Ἀμπέλου ἀγρίας,,,,"Ἀμπέλου ἀγρίας αἱ βότρυές τε καὶ οἱ ἀκρεμόνες ῥυπτικῆς εἰσι δυνάμεως, ἔχουσι δέ τι καὶ στυπτικόν.","αμπελου αγριας αι βοτρυες τε και οι ακρεμονες ρυπτικης εισι δυναμεως, εχουσι δε τι και στυπτικον.",,draft,2,193,193,16,paul_row=54; lemma_gr=ἀμπέλου ἀγρίας; edition_pages=2.193
PAUL_AEG-7.3.56,PAUL_AEG,7.3.56,Ἀμπέλου τῆς ἡμέρου,,,,"Ἀμπέλου τῆς ἡμέρου παραπλησία μὲν ἡ δύναμις τῇ ἀγρίᾳ, ἀσθενεστέρα δέ.","αμπελου της ημερου παραπλησια μεν η δυναμις τη αγρια, ασθενεστερα δε.",,draft,2,193,193,11,paul_row=55; lemma_gr=ἀμπέλου τῆς ἡμέρου; edition_pages=2.193
PAUL_AEG-7.3.57,PAUL_AEG,7.3.57,"Ἀμπέλου λευκῆς, ἣν δὴ καὶ βρυωνίαν καὶ ψίλωθρον καλοῦσιν",,,,"Ἀμπέλου λευκῆς, ἣν δὴ καὶ βρυωνίαν καὶ ψίλωθρον καλοῦσιν, οἱ μὲν βλαστοὶ ὡς εὐστόμαχοι ἐσθίονται καὶ οὐρητικοί εἰσιν, ἡ δὲ ῥίζα ῥυπτική τε καὶ λεπτομερής ἐστιν καὶ μετρίως θερμή· δι' ὃ καὶ σπλῆνας τήκει πινομένη καὶ ἔξωθεν μετὰ σύκων καταπλασσομένη καὶ ψώρας καὶ λέπρας ἰᾶται.","αμπελου λευκης, ην δη και βρυωνιαν και ψιλωθρον καλουσιν, οι μεν βλαστοι ως ευστομαχοι εσθιονται και ουρητικοι εισιν, η δε ριζα ρυπτικη τε και λεπτομερης εστιν και μετριως θερμη· δι' ο και σπληνας τηκει πινομενη και εξωθεν μετα συκων καταπλασσομενη και ψωρας και λεπρας ιαται.",,draft,2,193,193,45,paul_row=56; lemma_gr=ἄμπελος λευκή:βρυωνία:ψίλωθρον; edition_pages=2.193; derived_from=alias_review
PAUL_AEG-7.3.58,PAUL_AEG,7.3.58,"Ἄμπελος μέλαινα, καὶ αὐτὴ βρυωνία",,,,"Ἄμπελος μέλαινα, καὶ αὐτὴ βρυωνία, παραπλήσιός ἐστι τῇ λελεγμένῃ πλὴν ἀσθενεστέρα.","αμπελος μελαινα, και αυτη βρυωνια, παραπλησιος εστι τη λελεγμενη πλην ασθενεστερα.",,draft,2,193,193,11,paul_row=57; lemma_gr=ἄμπελος μέλαινα:βρυωνία; edition_pages=2.193; derived_from=alias_review
PAUL_AEG-7.3.59,PAUL_AEG,7.3.59,Ἀμύγδαλα,,,,Ἀμύγδαλα τὰ μὲν πικρὰ τῆς λεπτυνούσης τε καὶ ἐκφρακτικῆς τῶν ἐν βάθει γλίσχρων τε καὶ παχέων χυμῶν εἰσι δυνάμεως καὶ ῥυπτικῆς τῶν περὶ τὸ δέρμα· καὶ τὸ δένδρον δὲ τὴν αὐτὴν ἔχει δύναμιν. τὰ δὲ γλυκέα θερμὰ συμμέτρως εἰσίν.,αμυγδαλα τα μεν πικρα της λεπτυνουσης τε και εκφρακτικης των εν βαθει γλισχρων τε και παχεων χυμων εισι δυναμεως και ρυπτικης των περι το δερμα· και το δενδρον δε την αυτην εχει δυναμιν. τα δε γλυκεα θερμα συμμετρως εισιν.,,draft,2,193,193,39,paul_row=58; lemma_gr=ἀμύγδαλα; edition_pages=2.193
PAUL_AEG-7.3.60,PAUL_AEG,7.3.60,Ἄμυλον,,,,"Ἄμυλον γίνεται μὲν ἐκ πυροῦ καθαροῦ βρεχομένου ὕδατι ἐν τοῖς ὑπὸ κύνα καύμασιν καὶ ἀποχεομένου πεντάκις τῆς ἡμέρας· ἐπὰν δὲ μαλακώτατος γένηται, ἀπηθήσαντας τὸ ὕδωρ τοῖς ποσὶ τρίβειν, εἶτα αὖθις ὕδωρ ἐπιχέαντας χωρίσαι τὸ πίτυρον καὶ ξηραίνειν ἐν ἡλίῳ ταχέως, πρὶν ὀξωθῇ. δύναμιν δὲ ἔχει ψυκτικήν τε μετρίως καὶ ξηραντικὴν καὶ πραϋντικὴν τῶν δριμέων.","αμυλον γινεται μεν εκ πυρου καθαρου βρεχομενου υδατι εν τοις υπο κυνα καυμασιν και αποχεομενου πεντακις της ημερας· επαν δε μαλακωτατος γενηται, απηθησαντας το υδωρ τοις ποσι τριβειν, ειτα αυθις υδωρ επιχεαντας χωρισαι το πιτυρον και ξηραινειν εν ηλιω ταχεως, πριν οξωθη. δυναμιν δε εχει ψυκτικην τε μετριως και ξηραντικην και πραυντικην των δριμεων.",,draft,2,193,193,54,paul_row=59; lemma_gr=ἄμυλον; edition_pages=2.193
PAUL_AEG-7.3.61,PAUL_AEG,7.3.61,Ἄμωμον,,,,"Ἄμωμον ἔοικεν τὴν δύναμιν ἀκόρῳ, ἀλλ' ἐκεῖνο μὲν ξηρότερον, τοῦτο δὲ πεπτικώτερον.","αμωμον εοικεν την δυναμιν ακορω, αλλ' εκεινο μεν ξηροτερον, τουτο δε πεπτικωτερον.",,draft,2,193,193,12,paul_row=60; lemma_gr=ἄμωμον; edition_pages=2.193
PAUL_AEG-7.3.62,PAUL_AEG,7.3.62,Ἀναγαλλὶς,,,,"Ἀναγαλλὶς ἑκατέρα ῥυπτικῆς ἱκανῶς ἐστι δυνάμεως ἔχουσά τι καὶ ὑπόθερμον καὶ ἑλκτικόν, ὥστε καὶ σκόλοπας ἐπισπᾶσθαι καὶ ἐκ ῥινῶν καθαίρειν τὸν χυλὸν αὐτῆς.","αναγαλλις εκατερα ρυπτικης ικανως εστι δυναμεως εχουσα τι και υποθερμον και ελκτικον, ωστε και σκολοπας επισπασθαι και εκ ρινων καθαιρειν τον χυλον αυτης.",,draft,2,193,193,23,paul_row=61; lemma_gr=ἀναγαλλίς; edition_pages=2.193
PAUL_AEG-7.3.63,PAUL_AEG,7.3.63,Ἀνάγυρος,,,,Ἀνάγυρος θάμνος ἐστὶ δυσώδης καὶ δριμὺς θερμῆς τε καὶ διαφορητικῆς δυνάμεως· τὸ δὲ σπέρμα λεπτομερέστερόν τέ ἐστι καὶ ἐμετικόν.,αναγυρος θαμνος εστι δυσωδης και δριμυς θερμης τε και διαφορητικης δυναμεως· το δε σπερμα λεπτομερεστερον τε εστι και εμετικον.,,draft,2,193,194,19,paul_row=62; lemma_gr=ἀνάγυρος; edition_pages=2.193-194
PAUL_AEG-7.3.64,PAUL_AEG,7.3.64,Ἀνδράχνη,,,,"Ἀνδράχνη ψύχει μὲν κατὰ τὴν τρίτην ἀπόστασιν, ὑγραίνει δὲ κατὰ τὴν δευτέραν· ταῦτά τοι καὶ τοὺς καυσουμένους ὀνίνησι κατὰ τῆς κοιλίας ἐπιτιθεμένη καὶ ἀποκρούεται τὰ ῥεύματα τῇ τε γλισχρότητι τὰς ἐκ τῶν ὀξέων αἱμωδίας καταλεαίνει, διὰ δὲ τὴν στῦψιν καὶ δυσεντερίας καὶ αἱμορραγίας ὀνίνησιν.","ανδραχνη ψυχει μεν κατα την τριτην αποστασιν, υγραινει δε κατα την δευτεραν· ταυτα τοι και τους καυσουμενους ονινησι κατα της κοιλιας επιτιθεμενη και αποκρουεται τα ρευματα τη τε γλισχροτητι τας εκ των οξεων αιμωδιας καταλεαινει, δια δε την στυψιν και δυσεντεριας και αιμορραγιας ονινησιν.",,draft,2,194,194,44,paul_row=63; lemma_gr=ἀνδράχνη; edition_pages=2.194
PAUL_AEG-7.3.65,PAUL_AEG,7.3.65,Ἀνδρόσαιμον,,,,"Ἀνδρόσαιμον διττόν, τὸ μὲν ἕτερον ἄσκυρον ἢ ἀσκυροειδὲς ὀνομάζεται εἶδος ὑπάρχον ὑπερικοῦ, θάτερον δὲ Διονυσιάς· ἔστι δὲ ὁ μὲν καρπὸς αὐτῶν καθαρτικός, τὰ δὲ φύλλα ξηραντικώτερα.","ανδροσαιμον διττον, το μεν ετερον ασκυρον η ασκυροειδες ονομαζεται ειδος υπαρχον υπερικου, θατερον δε διονυσιας· εστι δε ο μεν καρπος αυτων καθαρτικος, τα δε φυλλα ξηραντικωτερα.",,draft,2,194,194,26,paul_row=64; lemma_gr=ἀνδρόσαιμον; edition_pages=2.194
PAUL_AEG-7.3.66,PAUL_AEG,7.3.66,Ἀνδρόσακες,,,,"Ἀνδρόσακες πικρὰ καὶ δριμεῖα πόα διαφοροῦσα καὶ ξηραίνουσα, πινομένη δὲ αὐτή τε καὶ ὁ καρπὸς αὐτῆς οὖρα κινεῖ.","ανδροσακες πικρα και δριμεια ποα διαφορουσα και ξηραινουσα, πινομενη δε αυτη τε και ο καρπος αυτης ουρα κινει.",,draft,2,194,194,18,paul_row=65; lemma_gr=ἀνδρόσακες; edition_pages=2.194
PAUL_AEG-7.3.67,PAUL_AEG,7.3.67,Ἀνεμῶναι,,,,"Ἀνεμῶναι πᾶσαι δριμείας καὶ ῥυπτικῆς εἰσιν ἐπισπαστικῆς τε καὶ ἀναστομωτικῆς δυνάμεως, ὅθεν φλέγμα τε προκαλοῦνται καὶ λέπρας ἀφιστᾶσι προστιθέμεναι καὶ γάλα κατασπῶσιν.","ανεμωναι πασαι δριμειας και ρυπτικης εισιν επισπαστικης τε και αναστομωτικης δυναμεως, οθεν φλεγμα τε προκαλουνται και λεπρας αφιστασι προστιθεμεναι και γαλα κατασπωσιν.",,draft,2,194,194,22,paul_row=66; lemma_gr=ἀνεμῶναι; edition_pages=2.194
PAUL_AEG-7.3.68,PAUL_AEG,7.3.68,Ἄνηθον,,,,"Ἄνηθον θερμαίνει μὲν κατὰ τὴν δευτέραν τάξιν ἐπιτεταμένην, ξηραίνει δὲ σύνεγγυς· ὅπερ ἑψόμενον ἐν ἐλαίῳ διαφορητικόν τε καὶ ἀνώδυνον καὶ ὑπνοποιὸν καὶ πεπτικὸν ὠμῶν ὄγκων ὑπάρχει. καυθὲν δὲ τῆς τρίτης τάξεως τῶν θερμαινόντων τε καὶ ξηραινόντων γίνεται καὶ πλαδαροῖς ἕλκεσιν ἐπιπλαττόμενον ὀνίνησιν· ὑγρότερον δὲ καὶ ἧττον θερμὸν καὶ πεπτικόν ἐστι τὸ χλωρόν.","ανηθον θερμαινει μεν κατα την δευτεραν ταξιν επιτεταμενην, ξηραινει δε συνεγγυς· οπερ εψομενον εν ελαιω διαφορητικον τε και ανωδυνον και υπνοποιον και πεπτικον ωμων ογκων υπαρχει. καυθεν δε της τριτης ταξεως των θερμαινοντων τε και ξηραινοντων γινεται και πλαδαροις ελκεσιν επιπλαττομενον ονινησιν· υγροτερον δε και ηττον θερμον και πεπτικον εστι το χλωρον.",,draft,2,194,194,52,paul_row=67; lemma_gr=ἄνηθον; edition_pages=2.194
PAUL_AEG-7.3.69,PAUL_AEG,7.3.69,Ἀνθύλλιος,,,,"Ἀνθύλλιος διττὴ μέν ἐστιν, ἄμφω δὲ ξηραίνουσιν ἕλκη, ἡ δὲ ἐοικυῖα τῇ χαμαιπίτυι λεπτομερεστέρα ἐστίν, ὡς καὶ τοῖς ἐπιληπτικοῖς ἁρμόττειν· ἔστι δὲ καὶ ῥυπτικωτέρα.","ανθυλλιος διττη μεν εστιν, αμφω δε ξηραινουσιν ελκη, η δε εοικυια τη χαμαιπιτυι λεπτομερεστερα εστιν, ως και τοις επιληπτικοις αρμοττειν· εστι δε και ρυπτικωτερα.",,draft,2,194,194,24,paul_row=68; lemma_gr=ἀνθύλλιος; edition_pages=2.194
PAUL_AEG-7.3.70,PAUL_AEG,7.3.70,Ἀνίσου τὸ σπέρμα,,,,Ἀνίσου τὸ σπέρμα δριμύτερόν ἐστι θερμαῖνόν τε καὶ ξηραῖνον κατὰ τὴν τρίτην ἀπόστασιν· ταῦτ' ἄρα καὶ οὐρητικόν ἐστι καὶ διαφορητικὸν πνευμάτων.,ανισου το σπερμα δριμυτερον εστι θερμαινον τε και ξηραινον κατα την τριτην αποστασιν· ταυτ' αρα και ουρητικον εστι και διαφορητικον πνευματων.,,draft,2,194,194,21,paul_row=69; lemma_gr=ἀνίσου τὸ σπέρμα; edition_pages=2.194
PAUL_AEG-7.3.71,PAUL_AEG,7.3.71,Ἀντίρρινον ἢ ἀνάρρινον,,,,"Ἀντίρρινον ἢ ἀνάρρινον παραπλησίαν ἔχει τῷ βουβωνίῳ δύναμιν, καταδεέστερον δέ· ἐξ ἐκείνου οὖν καὶ τοῦτο μαθήσῃ.","αντιρρινον η αναρρινον παραπλησιαν εχει τω βουβωνιω δυναμιν, καταδεεστερον δε· εξ εκεινου ουν και τουτο μαθηση.",,draft,2,195,195,16,paul_row=70; lemma_gr=ἀντίρρινον:ἀνάρρινον; edition_pages=2.195
PAUL_AEG-7.3.72,PAUL_AEG,7.3.72,Ἀνωνὶς ἢ ὀνωνὶς,,,,"Ἀνωνὶς ἢ ὀνωνὶς θερμὴ τὴν δύναμίν ἐστι, μάλιστα κατὰ τὴν ῥίζαν· ἧς ὁ χυλὸς πινόμενος σὺν οἴνῳ οὖρά τε ἄγει καὶ λίθους θρύπτει ἐσχάρας τε ῥήσσει καὶ ὀδόντας πραΰνει.","ανωνις η ονωνις θερμη την δυναμιν εστι, μαλιστα κατα την ριζαν· ης ο χυλος πινομενος συν οινω ουρα τε αγει και λιθους θρυπτει εσχαρας τε ρησσει και οδοντας πραυνει.",,draft,2,195,195,29,paul_row=71; lemma_gr=ἀνωνίς:ὀνωνίς; edition_pages=2.195
PAUL_AEG-7.3.73,PAUL_AEG,7.3.73,"Ἀπαρίνη, οἱ δὲ φιλάνθρωπον, οἱ δὲ ὀμφακόκαρπον",,,,"Ἀπαρίνη, οἱ δὲ φιλάνθρωπον, οἱ δὲ ὀμφακόκαρπον, μετρίως ῥύπτει καὶ ξηραίνει, ἔχει δέ τι καὶ λεπτομερές.","απαρινη, οι δε φιλανθρωπον, οι δε ομφακοκαρπον, μετριως ρυπτει και ξηραινει, εχει δε τι και λεπτομερες.",,draft,2,195,195,16,paul_row=72; lemma_gr=ἀπαρίνη:φιλάνθρωπος:ὀμφακόκαρπος; edition_pages=2.195; derived_from=alias_review
PAUL_AEG-7.3.74,PAUL_AEG,7.3.74,Ἄπιος,,,,"Ἄπιος ἀνώμαλός ἐστι κατὰ τὴν κρᾶσιν τὸ μέν τι γεῶδες ἔχουσα, τὸ δὲ ὑδατῶδες· δι' ὃ ἐσθιομένη εὐστόμαχός τέ ἐστι καὶ ἄδιψος, καταπλαττομένη δὲ ξηραίνει τε καὶ μετρίως ψύχει.","απιος ανωμαλος εστι κατα την κρασιν το μεν τι γεωδες εχουσα, το δε υδατωδες· δι' ο εσθιομενη ευστομαχος τε εστι και αδιψος, καταπλαττομενη δε ξηραινει τε και μετριως ψυχει.",,draft,2,195,195,29,paul_row=73; lemma_gr=ἄπιος; edition_pages=2.195
PAUL_AEG-7.3.75,PAUL_AEG,7.3.75,"Ἀπόκυνον ἢ κυνοκράμβη, λέγεται δὲ καὶ κυνόμορον",,,,"Ἀπόκυνον ἢ κυνοκράμβη, λέγεται δὲ καὶ κυνόμορον, ἐπειδὴ τάχιστα τοὺς κύνας ἀναιρεῖ, ἔστι δὲ καὶ ἀνθρώπων δηλητήριον, ἱκανῶς οὖσα δυσώδης τε καὶ θερμὴ χωρὶς τοῦ ξηραίνειν· ὅθεν καταπλασσομένη διαφορητικῆς ἐστι δυνάμεως.","αποκυνον η κυνοκραμβη, λεγεται δε και κυνομορον, επειδη ταχιστα τους κυνας αναιρει, εστι δε και ανθρωπων δηλητηριον, ικανως ουσα δυσωδης τε και θερμη χωρις του ξηραινειν· οθεν καταπλασσομενη διαφορητικης εστι δυναμεως.",,draft,2,195,195,31,paul_row=74; lemma_gr=ἀπόκυνον:κυνοκράμβη:κυνόμορον; edition_pages=2.195; derived_from=alias_review
PAUL_AEG-7.3.76,PAUL_AEG,7.3.76,Ἀπόχυμα,,,,Ἀπόχυμα ἡ ἀπὸ τῶν πλοίων ἐστὶν ἀποξυομένη παλαιὰ πίττα διαχυτική τε οὖσα καὶ ξηραντικὴ καὶ διαφορητικὴ τῶν ὄγκων.,αποχυμα η απο των πλοιων εστιν αποξυομενη παλαια πιττα διαχυτικη τε ουσα και ξηραντικη και διαφορητικη των ογκων.,,draft,2,195,195,18,paul_row=75; lemma_gr=ἀπόχυμα; edition_pages=2.195
PAUL_AEG-7.3.77,PAUL_AEG,7.3.77,Ἀράχνην,,,,Ἀράχνην τὸ ζῷον συμμαλαχθεῖσαν ἐμπλάστρῳ καὶ ἐπιτεθεῖσαν μετώπῳ καὶ κροτάφοις τριταϊκὰς περιόδους ἀπολύειν φησὶ Διοσκουρίδης· τὸ δὲ ὕφος αὐτῆς ἐπιτιθέμενον αἱμορραγίαν ἵστησιν καὶ ἀφλέγμαντα τηρεῖ τὰ ἐπιπολῆς ἕλκη.,αραχνην το ζωον συμμαλαχθεισαν εμπλαστρω και επιτεθεισαν μετωπω και κροταφοις τριταικας περιοδους απολυειν φησι διοσκουριδης· το δε υφος αυτης επιτιθεμενον αιμορραγιαν ιστησιν και αφλεγμαντα τηρει τα επιπολης ελκη.,,draft,2,195,195,28,paul_row=76; lemma_gr=ἀράχνη τὸ ζῷον; edition_pages=2.195
PAUL_AEG-7.3.78,PAUL_AEG,7.3.78,Ἀργεμώνη,,,,Ἀργεμώνη ῥυπτικῆς τε καὶ διαφορητικῆς ἐστι δυνάμεως.,αργεμωνη ρυπτικης τε και διαφορητικης εστι δυναμεως.,,draft,2,195,195,7,paul_row=77; lemma_gr=ἀργεμώνη; edition_pages=2.195
PAUL_AEG-7.3.79,PAUL_AEG,7.3.79,Ἀρίσαρον,,,,Ἀρίσαρον καὶ μικρότερόν ἐστι τοῦ ἄρου πολλῷ καὶ δριμύτερον ῥίζαν ἐλαίας ἔχουσα τὸ μέγεθος.,αρισαρον και μικροτερον εστι του αρου πολλω και δριμυτερον ριζαν ελαιας εχουσα το μεγεθος.,,draft,2,195,195,14,paul_row=78; lemma_gr=ἀρίσαρον; edition_pages=2.195
PAUL_AEG-7.3.80,PAUL_AEG,7.3.80,Ἀριστολοχία,,,,"Ἀριστολοχία πᾶσα μὲν θερμὴ καὶ λεπτομερής ἐστι καὶ ῥυπτικὴ πικρά τε καὶ ὑπόδριμυς, χρειωδεστάτη πρὸς τὰς ἰάσεις· ἀλλ' ἡ μὲν στρογγύλη λεπτομερεστέρα καὶ κατὰ πάντα δραστικωτέρα, ἡ δὲ κληματῖτις εὐώδης μέν, ἀσθενεστέρα δέ, ἡ δὲ μακρὰ τὰ μὲν ἄλλα μεταξὺ τούτων ἐστί, θερμὴ δὲ οὐχ ἧττον τῆς στρογγύλης.","αριστολοχια πασα μεν θερμη και λεπτομερης εστι και ρυπτικη πικρα τε και υποδριμυς, χρειωδεστατη προς τας ιασεις· αλλ' η μεν στρογγυλη λεπτομερεστερα και κατα παντα δραστικωτερα, η δε κληματιτις ευωδης μεν, ασθενεστερα δε, η δε μακρα τα μεν αλλα μεταξυ τουτων εστι, θερμη δε ουχ ηττον της στρογγυλης.",,draft,2,195,195,48,paul_row=79; lemma_gr=ἀριστολοχία; edition_pages=2.195
PAUL_AEG-7.3.81,PAUL_AEG,7.3.81,Ἄρκευθος,,,,"Ἄρκευθος θερμαίνει καὶ ξηραίνει κατὰ τὴν τρίτην τάξιν· ὁ δὲ καρπὸς θερμαίνει μὲν ὁμοίως, ξηραίνει δὲ πρώτης τάξεως.","αρκευθος θερμαινει και ξηραινει κατα την τριτην ταξιν· ο δε καρπος θερμαινει μεν ομοιως, ξηραινει δε πρωτης ταξεως.",,draft,2,196,196,18,paul_row=80; lemma_gr=ἄρκευθος; edition_pages=2.196
PAUL_AEG-7.3.82,PAUL_AEG,7.3.82,Ἄρκιον προσωπῖτις,,,,"Ἄρκιον προσωπῖτις τὰ φύλλα τοῖς τῆς κολοκυνθίδος ἔχον ὅμοια, μείζονα δὲ καὶ σκληρότερα, διαφορητικὸν μέν ἐστι καὶ ξηραντικόν, ἔχει δέ τι καὶ στυπτικόν· δι' ὃ καὶ τὰ φύλλα αὐτοῦ παλαιὰ ἕλκη θεραπεύει.","αρκιον προσωπιτις τα φυλλα τοις της κολοκυνθιδος εχον ομοια, μειζονα δε και σκληροτερα, διαφορητικον μεν εστι και ξηραντικον, εχει δε τι και στυπτικον· δι' ο και τα φυλλα αυτου παλαια ελκη θεραπευει.",,draft,2,196,196,32,paul_row=81; lemma_gr=ἄρκιον προσωπῖτις; edition_pages=2.196
PAUL_AEG-7.3.83,PAUL_AEG,7.3.83,Ἄρκτιον,,,,"Ἄρκτιον φλόμῳ παραπλήσιόν ἐστι, τὴν δὲ ῥίζαν ἁπαλὴν καὶ λευκὴν καὶ γλυκεῖαν ἔχον, λεπτομεροῦς τε καὶ ξηραντικῆς δυνάμεως καὶ ῥυπτικῆς μετρίως.","αρκτιον φλομω παραπλησιον εστι, την δε ριζαν απαλην και λευκην και γλυκειαν εχον, λεπτομερους τε και ξηραντικης δυναμεως και ρυπτικης μετριως.",,draft,2,196,196,21,paul_row=82; lemma_gr=ἄρκτιον; edition_pages=2.196
PAUL_AEG-7.3.84,PAUL_AEG,7.3.84,Ἀρμενιακὸν,,,,Ἀρμενιακὸν δύναμιν ἔχει ῥυπτικὴν ἅμα βραχείᾳ δριμύτητι καὶ στύψει βραχυτέρᾳ· δι' ὃ καὶ μίγνυται ταῖς ὀφθαλμικαῖς δυνάμεσιν καὶ τριχῶν τῶν ἐν βλεφάροις ἐστὶν αὐξητικόν.,αρμενιακον δυναμιν εχει ρυπτικην αμα βραχεια δριμυτητι και στυψει βραχυτερα· δι' ο και μιγνυται ταις οφθαλμικαις δυναμεσιν και τριχων των εν βλεφαροις εστιν αυξητικον.,,draft,2,196,196,24,paul_row=83; lemma_gr=Ἀρμένιον; edition_pages=2.196
PAUL_AEG-7.3.85,PAUL_AEG,7.3.85,Ἀρναβὼ,,,,"Ἀρναβὼ τῶν ἀρωματιζόντων ἐστίν, ὅθεν τοῖς μύροις μάλιστα μίγνυται, θερμῆς τε καὶ ξηρᾶς ὑπάρχον δυνάμεως κατὰ τὴν τρίτην που τάξιν παραπλήσιον κασσίᾳ τε καὶ καρπησίῳ· ὅθεν ὁ Ποσειδώνιος μὴ παρόντος κιναμώμου τούτῳ φησὶ χρῆσθαι.","αρναβω των αρωματιζοντων εστιν, οθεν τοις μυροις μαλιστα μιγνυται, θερμης τε και ξηρας υπαρχον δυναμεως κατα την τριτην που ταξιν παραπλησιον κασσια τε και καρπησιω· οθεν ο ποσειδωνιος μη παροντος κιναμωμου τουτω φησι χρησθαι.",,draft,2,196,196,34,paul_row=84; lemma_gr=ἀρναβώ; edition_pages=2.196
PAUL_AEG-7.3.86,PAUL_AEG,7.3.86,Ἀρνόγλωσσον,,,,Ἀρνόγλωσσον ψύχει τε ἅμα καὶ ξηραίνει κατὰ τὴν δευτέραν ἀπόστασιν μικτὸν ἐξ ὑδατώδους τε καὶ γεώδους ὑπάρχον οὐσίας ἔχον τι καὶ στύψεως· δι' ὃ πρὸς ἕλκη τε κακοήθη καὶ πρὸς ῥεύματα καὶ σηπεδόνας ἁρμόττει καὶ αἱμορραγίας ἐπέχει. καὶ πλείστοις ἁρμόττει τῇ συμμετρίᾳ τῆς κράσεως· καὶ γὰρ ξηρότητος ἀδήκτου μετέχει καὶ ψύξεως μηδέπω ναρκούσης.,αρνογλωσσον ψυχει τε αμα και ξηραινει κατα την δευτεραν αποστασιν μικτον εξ υδατωδους τε και γεωδους υπαρχον ουσιας εχον τι και στυψεως· δι' ο προς ελκη τε κακοηθη και προς ρευματα και σηπεδονας αρμοττει και αιμορραγιας επεχει. και πλειστοις αρμοττει τη συμμετρια της κρασεως· και γαρ ξηροτητος αδηκτου μετεχει και ψυξεως μηδεπω ναρκουσης.,,draft,2,196,196,53,paul_row=85; lemma_gr=ἀρνόγλωσσον; edition_pages=2.196
PAUL_AEG-7.3.87,PAUL_AEG,7.3.87,Ἄρον,,,,Ἄρον τῆς πρώτης ἐστὶ τάξεως ἔν τε τῷ θερμαίνειν καὶ ξηραίνειν ἐκ γεώδους καὶ τοῦτο γεγονὸς οὐσίας θερμῆς τε καὶ ῥυπτικῆς· αἱ ῥίζαι δὲ αὐτοῦ θερμότεραι. τὸ δὲ δρακόντιον ἰσχυρότερον.,αρον της πρωτης εστι ταξεως εν τε τω θερμαινειν και ξηραινειν εκ γεωδους και τουτο γεγονος ουσιας θερμης τε και ρυπτικης· αι ριζαι δε αυτου θερμοτεραι. το δε δρακοντιον ισχυροτερον.,,draft,2,196,196,30,paul_row=86; lemma_gr=ἄρον; edition_pages=2.196
PAUL_AEG-7.3.88,PAUL_AEG,7.3.88,Ἀρσενικὸν,,,,"Ἀρσενικὸν καυστικῆς ἐστι δυνάμεως, χρῶνται δὲ αὐτῷ καὶ εἰς τὰς ψιλώσεις τῶν τριχῶν· εἰ δὲ χρονίσοι, καὶ αὐτοῦ τοῦ δέρματος ἅπτεται, καιόμενον δὲ λεπτομερέστερον γίνεται.","αρσενικον καυστικης εστι δυναμεως, χρωνται δε αυτω και εις τας ψιλωσεις των τριχων· ει δε χρονισοι, και αυτου του δερματος απτεται, καιομενον δε λεπτομερεστερον γινεται.",,draft,2,196,196,25,paul_row=87; lemma_gr=ἀρσενικόν; edition_pages=2.196
PAUL_AEG-7.3.89,PAUL_AEG,7.3.89,Ἀρτεμισίαι,,,,"Ἀρτεμισίαι ἀμφότεραι θερμαίνουσι μὲν κατὰ τὴν δευτέραν τάξιν, ξηραίνουσι δὲ κατὰ τὴν πρώτην· εἰσὶ δὲ καὶ λεπτομερεῖς, ὥστε καὶ τοὺς ἐν νεφροῖς λίθους θρύπτειν καὶ πυρίαις ὑστερῶν ἁρμόττειν.","αρτεμισιαι αμφοτεραι θερμαινουσι μεν κατα την δευτεραν ταξιν, ξηραινουσι δε κατα την πρωτην· εισι δε και λεπτομερεις, ωστε και τους εν νεφροις λιθους θρυπτειν και πυριαις υστερων αρμοττειν.",,draft,2,197,197,28,paul_row=88; lemma_gr=ἀρτεμισίαι; edition_pages=2.197
PAUL_AEG-7.3.90,PAUL_AEG,7.3.90,Ἄρτος,,,,Ἄρτος καταπλασσόμενος διαφορητικώτερός ἐστι τῆς τῶν πυρῶν δυνάμεως ὡς ἂν καὶ ἁλῶν καὶ ζύμης μετέχων· ἐπισπαστικὴ γάρ ἐστι τῶν ἐκ βάθους ἡ ζύμη.,αρτος καταπλασσομενος διαφορητικωτερος εστι της των πυρων δυναμεως ως αν και αλων και ζυμης μετεχων· επισπαστικη γαρ εστι των εκ βαθους η ζυμη.,,draft,2,197,197,23,paul_row=89; lemma_gr=ἄρτος; edition_pages=2.197
PAUL_AEG-7.3.91,PAUL_AEG,7.3.91,Ἄσαρον,,,,"Ἄσαρον παραπλησίας ἐστὶ τῷ ἀκόρῳ δυνάμεως, ἐπιτεταμένης δὲ μᾶλλον.","ασαρον παραπλησιας εστι τω ακορω δυναμεως, επιτεταμενης δε μαλλον.",,draft,2,197,197,9,paul_row=90; lemma_gr=ἄσαρον; edition_pages=2.197
PAUL_AEG-7.3.92,PAUL_AEG,7.3.92,Ἀσβόλη,,,,"Ἀσβόλη, ᾗ οἱ ζωγράφοι χρῶνται, λαμβάνεται μὲν ἐκ τῶν ὑελουργείων, διαφορητικῆς τε καὶ δριμείας δυνάμεώς ἐστιν, ὥστε καὶ καίειν καὶ σήπειν, ἀπουλοῖ δὲ καὶ τὰ καύματα σὺν ῥοδίνῃ κηρωτῇ.","ασβολη, η οι ζωγραφοι χρωνται, λαμβανεται μεν εκ των υελουργειων, διαφορητικης τε και δριμειας δυναμεως εστιν, ωστε και καιειν και σηπειν, απουλοι δε και τα καυματα συν ροδινη κηρωτη.",,draft,2,197,197,29,paul_row=91; lemma_gr=ἀσβόλη; edition_pages=2.197
PAUL_AEG-7.3.93,PAUL_AEG,7.3.93,Ἀσκαλαβώτης,,,,"Ἀσκαλαβώτης τὸ ζῷον ἄχρηστον μέν ἐστιν εἰς τὰ ἄλλα, τοῖς δὲ ὑπὸ σκορπίου πληγεῖσιν αὐτόν φασι βοηθεῖν ἐπιτιθέμενον· μίγνυται δὲ καὶ ἐντατικαῖς δυνάμεσιν.","ασκαλαβωτης το ζωον αχρηστον μεν εστιν εις τα αλλα, τοις δε υπο σκορπιου πληγεισιν αυτον φασι βοηθειν επιτιθεμενον· μιγνυται δε και εντατικαις δυναμεσιν.",,draft,2,197,197,23,paul_row=92; lemma_gr=ἀσκαλαβώτης; edition_pages=2.197
PAUL_AEG-7.3.94,PAUL_AEG,7.3.94,Ἀσκληπιὰς,,,,"Ἀσκληπιὰς θερμὴ καὶ ξηρὰ τὴν δύναμιν ὑπάρχουσα καὶ λεπτομερὴς ἁρμόζει στροφουμένοις ἐν οἴνῳ πινομένη, καταπλασσομένη δὲ ποιεῖ πρός τε τὰ θηριόδηκτα καὶ τὰ ἐν μήτρᾳ καὶ μαστοῖς κακοήθη.","ασκληπιας θερμη και ξηρα την δυναμιν υπαρχουσα και λεπτομερης αρμοζει στροφουμενοις εν οινω πινομενη, καταπλασσομενη δε ποιει προς τε τα θηριοδηκτα και τα εν μητρα και μαστοις κακοηθη.",,draft,2,197,197,28,paul_row=93; lemma_gr=ἀσκληπιάς; edition_pages=2.197
PAUL_AEG-7.3.95,PAUL_AEG,7.3.95,Ἄσκυρον,,,,Ἄσκυρον ἐν τῷ ἀνδρόσαιμον εἴρηται.,ασκυρον εν τω ανδροσαιμον ειρηται.,,draft,2,197,197,5,paul_row=94; lemma_gr=ἄσκυρον; edition_pages=2.197
PAUL_AEG-7.3.96,PAUL_AEG,7.3.96,Ἀσπάλαθος,,,,Ἀσπάλαθος ἀνομοιομερής ἐστι τὴν δύναμιν δριμύς τε καὶ στυπτικὸς ὑπάρχων καὶ δι' ἄμφω ξηραίνων· διὰ τοῦτο πρός τε σηπεδόνας καὶ ῥεύματα χρήσιμός ἐστιν.,ασπαλαθος ανομοιομερης εστι την δυναμιν δριμυς τε και στυπτικος υπαρχων και δι' αμφω ξηραινων· δια τουτο προς τε σηπεδονας και ρευματα χρησιμος εστιν.,,draft,2,197,197,23,paul_row=95; lemma_gr=ἀσπάλαθος; edition_pages=2.197
PAUL_AEG-7.3.97,PAUL_AEG,7.3.97,Ἀσπάραγος πετραῖος ἢ μυακάνθινος,,,,"Ἀσπάραγος πετραῖος ἢ μυακάνθινος ῥυπτικὸς μέν ἐστι, μέσος δὲ κατὰ θερμότητα καὶ ψῦξιν· δι' ὃ νεφρῶν τε καὶ ἥπατός ἐστιν ἐκφρακτικός, καὶ μάλιστα αἱ ῥίζαι καὶ τὸ σπέρμα, καὶ ὀδονταλγίας ἰᾶται.","ασπαραγος πετραιος η μυακανθινος ρυπτικος μεν εστι, μεσος δε κατα θερμοτητα και ψυξιν· δι' ο νεφρων τε και ηπατος εστιν εκφρακτικος, και μαλιστα αι ριζαι και το σπερμα, και οδονταλγιας ιαται.",,draft,2,197,197,31,paul_row=96; lemma_gr=ἀσπάραγος πετραῖος:μυακάνθινος; edition_pages=2.197
PAUL_AEG-7.3.98,PAUL_AEG,7.3.98,Ἄσπληνον,,,,"Ἄσπληνον λεπτομερὲς μέν ἐστι τὴν δύναμιν, οὐ μὴν θερμόν· ταῦτ' ἄρα καὶ λίθους θρύπτει καὶ σπλῆνας τήκει.","ασπληνον λεπτομερες μεν εστι την δυναμιν, ου μην θερμον· ταυτ' αρα και λιθους θρυπτει και σπληνας τηκει.",,draft,2,197,197,17,paul_row=97; lemma_gr=ἄσπληνον; edition_pages=2.197
PAUL_AEG-7.3.99,PAUL_AEG,7.3.99,Ἀσταφὶς,,,,"Ἀσταφὶς ἡ μὲν ἥμερος πεπτικῆς τε ἅμα καὶ στυπτικῆς καὶ διαφορητικῆς ἀτρέμα μετέχει δυνάμεως, ἡ δὲ ἀγρία δριμείας ἰσχυρῶς, ὡς ἀποφλεγματίζειν τε καὶ ῥύπτειν σφοδρῶς.","ασταφις η μεν ημερος πεπτικης τε αμα και στυπτικης και διαφορητικης ατρεμα μετεχει δυναμεως, η δε αγρια δριμειας ισχυρως, ως αποφλεγματιζειν τε και ρυπτειν σφοδρως.",,draft,2,197,198,25,paul_row=98; lemma_gr=ἀσταφίς; edition_pages=2.197-198
PAUL_AEG-7.3.100,PAUL_AEG,7.3.100,"Ἀστὴρ Ἀττικός, οἱ δὲ βουβώνιον",,,,"Ἀστὴρ Ἀττικός, οἱ δὲ βουβώνιον, ὅτι μὴ μόνον ἐπιπλαττόμενον, ἀλλὰ καὶ περιαπτόμενον ἰᾶσθαι βουβῶνας πεπίστευται, μικτῆς ὑπάρχει δυνάμεως διαφορητικῆς τε καὶ ψυκτικῆς.","αστηρ αττικος, οι δε βουβωνιον, οτι μη μονον επιπλαττομενον, αλλα και περιαπτομενον ιασθαι βουβωνας πεπιστευται, μικτης υπαρχει δυναμεως διαφορητικης τε και ψυκτικης.",,draft,2,198,198,22,paul_row=99; lemma_gr=ἀστὴρ ἀττικός:βουβώνιον; edition_pages=2.198; derived_from=alias_review
PAUL_AEG-7.3.101,PAUL_AEG,7.3.101,Ἀστράγαλος,,,,Ἀστράγαλος θαμνίσκος ἐστὶ μικρὸς ἔχων ῥίζας στυπτικὰς ξηραίνων οὐκ ἀγεννῶς· ἕλκη γοῦν ἀπουλοῖ παλαιὰ καὶ κοιλίαν ἵστησιν ἡ ῥίζα μετ' οἴνου πινομένη. πλεῖστος δὲ ἐν Φενεῷ τῆς Ἀρκαδίας γεννᾶται.,αστραγαλος θαμνισκος εστι μικρος εχων ριζας στυπτικας ξηραινων ουκ αγεννως· ελκη γουν απουλοι παλαια και κοιλιαν ιστησιν η ριζα μετ' οινου πινομενη. πλειστος δε εν φενεω της αρκαδιας γενναται.,,draft,2,198,198,29,paul_row=100; lemma_gr=ἀστράγαλος; edition_pages=2.198
PAUL_AEG-7.3.102,PAUL_AEG,7.3.102,Ἄσφαλτος,,,,Ἄσφαλτος ξηραίνει καὶ θερμαίνει κατὰ τὴν δευτέραν τάξιν· δι' ὃ κολλᾷ τὰ ἔναιμα ἕλκη.,ασφαλτος ξηραινει και θερμαινει κατα την δευτεραν ταξιν· δι' ο κολλα τα εναιμα ελκη.,,draft,2,198,198,14,paul_row=101; lemma_gr=ἄσφαλτος; edition_pages=2.198
PAUL_AEG-7.3.103,PAUL_AEG,7.3.103,Ἀσφοδέλου ἡ ῥίζα,,,,"Ἀσφοδέλου ἡ ῥίζα ῥυπτικῆς τε καὶ διαφορητικῆς ἐστι δυνάμεως, καυθείσης δὲ αὐτῆς ἡ τέφρα θερμοτέρα καὶ ξηροτέρα γίνεται καὶ λεπτομερεστέρα· δι' ὃ καὶ ἀλωπεκίας ἰᾶται.","ασφοδελου η ριζα ρυπτικης τε και διαφορητικης εστι δυναμεως, καυθεισης δε αυτης η τεφρα θερμοτερα και ξηροτερα γινεται και λεπτομερεστερα· δι' ο και αλωπεκιας ιαται.",,draft,2,198,198,25,paul_row=102; lemma_gr=ἀσφοδέλου ἡ ῥίζα; edition_pages=2.198
PAUL_AEG-7.3.104,PAUL_AEG,7.3.104,Ἀτρακτυλὶς ἢ κνῆκος ἄγριος,,,,Ἀτρακτυλὶς ἢ κνῆκος ἄγριος ἐκ τῶν ἀκανθωδῶν ἐστι ξηραντικῆς τε καὶ μετρίως θερμῆς ὑπάρχων δυνάμεως.,ατρακτυλις η κνηκος αγριος εκ των ακανθωδων εστι ξηραντικης τε και μετριως θερμης υπαρχων δυναμεως.,,draft,2,198,198,15,paul_row=103; lemma_gr=ἀτρακτυλίς:κνῆκος ἄγριος; edition_pages=2.198
PAUL_AEG-7.3.105,PAUL_AEG,7.3.105,Ἀτράφαξυς,,,,"Ἀτράφαξυς ὑγραίνει μὲν κατὰ τὴν δευτέραν τάξιν, ψύχει δὲ κατὰ τὴν πρώτην· δι' ὃ καὶ κατὰ γαστέρα διεξέρχεται. ὁ δὲ καρπὸς αὐτῆς ῥυπτικῆς ἐστι δυνάμεως· ὅθεν καὶ πρὸς ἰκτερικοὺς τοὺς ἐπὶ ἥπατος ἐμφράξει χρήσιμός ἐστιν.","ατραφαξυς υγραινει μεν κατα την δευτεραν ταξιν, ψυχει δε κατα την πρωτην· δι' ο και κατα γαστερα διεξερχεται. ο δε καρπος αυτης ρυπτικης εστι δυναμεως· οθεν και προς ικτερικους τους επι ηπατος εμφραξει χρησιμος εστιν.",,draft,2,198,198,35,paul_row=104; lemma_gr=ἀτράφαξυς; edition_pages=2.198
PAUL_AEG-7.3.106,PAUL_AEG,7.3.106,Ἀφάκη,,,,"Ἀφάκη στυπτικῆς ἐστι δυνάμεως, ὥσπερ ὁ φακός, ἐσθιομένη δὲ δυσπεπτοτέρα τοῦ φακοῦ ἐστιν, ἰσχυρότερον δὲ ξηραίνει μετὰ τοῦ θερμαίνειν συμμέτρως.","αφακη στυπτικης εστι δυναμεως, ωσπερ ο φακος, εσθιομενη δε δυσπεπτοτερα του φακου εστιν, ισχυροτερον δε ξηραινει μετα του θερμαινειν συμμετρως.",,draft,2,198,198,20,paul_row=105; lemma_gr=ἀφάκη; edition_pages=2.198
PAUL_AEG-7.3.107,PAUL_AEG,7.3.107,Ἀφόνιτρον,,,,"Ἀφόνιτρον διαφορητικῆς ἐστι καὶ ῥυπτικῆς δυνάμεως, ὡς μὴ μόνον τὰ ῥυποῦντα σμήχειν ἀλλὰ καὶ κνῆσιν ἰᾶσθαι· πινόμενον δὲ κακοστόμαχόν ἐστιν.","αφονιτρον διαφορητικης εστι και ρυπτικης δυναμεως, ως μη μονον τα ρυπουντα σμηχειν αλλα και κνησιν ιασθαι· πινομενον δε κακοστομαχον εστιν.",,draft,2,198,198,20,paul_row=106; lemma_gr=ἀφόνιτρον; edition_pages=2.198
PAUL_AEG-7.3.108,PAUL_AEG,7.3.108,Ἀφρὸς νίτρου,,,,"Ἀφρὸς νίτρου παραπλησίαν μὲν ἔχει τῷ νίτρῳ δύναμιν, λεπτομερέςτερον δὲ τὴν οὐσίαν ἐστίν· δι' ὃ καὶ λεῖον ὑπάρχει καθάπερ ἄλευρον.","αφρος νιτρου παραπλησιαν μεν εχει τω νιτρω δυναμιν, λεπτομερεςτερον δε την ουσιαν εστιν· δι' ο και λειον υπαρχει καθαπερ αλευρον.",,draft,2,199,199,20,paul_row=107; lemma_gr=ἀφρὸς νίτρου; edition_pages=2.199
PAUL_AEG-7.3.109,PAUL_AEG,7.3.109,Ἀχρὰς,,,,"Ἀχρὰς παραπλησίαν ἔχει τῇ ἀπίῳ τὴν δύναμιν, ἐπιτεταμένην δὲ μᾶλλον· δι' ὁ καὶ τραύματα μεγάλα κολλᾷ.","αχρας παραπλησιαν εχει τη απιω την δυναμιν, επιτεταμενην δε μαλλον· δι' ο και τραυματα μεγαλα κολλα.",,draft,2,199,199,16,paul_row=108; lemma_gr=ἀχράς; edition_pages=2.199
PAUL_AEG-7.3.110,PAUL_AEG,7.3.110,Ἀψίνθιον,,,,"Ἀψίνθιον θερμὸν μὲν τῆς πρώτης ἀποστάσεώς ἐστιν, ξηρὸν δὲ τῆς τρίτης, στυπτικὴν καὶ πικρὰν καὶ δριμεῖαν ἅμα κεκτημένον ποιότητα· δι' ὃ καὶ τοὺς ἐν τῇ κοιλίᾳ χολώδεις χυμοὺς διά τε γαστρὸς καὶ δι' οὔρων κενοῖ. ἐφ' ὧν δὲ φλέγμα πλεονάζει, τούτους διὰ τὴν στῦψιν οὐδὲν ὀνίνησιν. ὁ δὲ χυλὸς αὐτῆς τῆς πόας πολὺ θερμότερός ἐστιν.","αψινθιον θερμον μεν της πρωτης αποστασεως εστιν, ξηρον δε της τριτης, στυπτικην και πικραν και δριμειαν αμα κεκτημενον ποιοτητα· δι' ο και τους εν τη κοιλια χολωδεις χυμους δια τε γαστρος και δι' ουρων κενοι. εφ' ων δε φλεγμα πλεοναζει, τουτους δια την στυψιν ουδεν ονινησιν. ο δε χυλος αυτης της ποας πολυ θερμοτερος εστιν.",,draft,2,199,199,55,paul_row=109; lemma_gr=ἀψίνθιον; edition_pages=2.199
PAUL_AEG-7.3.111,PAUL_AEG,7.3.111,Βαλάνου μυρεψικῆς,,,,"Βαλάνου μυρεψικῆς τὸ μὲν ἔνδον οἷον σαρκῶδες ῥυπτικήν τε καὶ τμητικὴν ἅμα στύψει τὴν δύναμιν ἔχει· δι' ὃ μετὰ μελικράτου μὲν πινόμενον ὁλκὴ δραχμῆς ἔμετόν τε κινεῖ καὶ τὴν κάτω κοιλίαν ὑπάγει, σὺν ὀξυκράτῳ δὲ πρὸς τὰς τῶν σπλάγχνων ἐμφράξεις ἁρμόζει· καὶ τῶν περὶ τὸ δέρμα δὲ σὺν ὄξει καταχριόμενον ῥυπτικόν ἐστιν. ὁ μέντοι φλοιὸς αὐτοῦ πάνυ στύφει.","βαλανου μυρεψικης το μεν ενδον οιον σαρκωδες ρυπτικην τε και τμητικην αμα στυψει την δυναμιν εχει· δι' ο μετα μελικρατου μεν πινομενον ολκη δραχμης εμετον τε κινει και την κατω κοιλιαν υπαγει, συν οξυκρατω δε προς τας των σπλαγχνων εμφραξεις αρμοζει· και των περι το δερμα δε συν οξει καταχριομενον ρυπτικον εστιν. ο μεντοι φλοιος αυτου πανυ στυφει.",,draft,2,199,199,58,paul_row=110; lemma_gr=βάλανος μυρεψική; edition_pages=2.199
PAUL_AEG-7.3.112,PAUL_AEG,7.3.112,Βάκχαρις,,,,"Βάκχαρις εὐώδης ἐστὶν πόα παραπλήσιος κιναμώμῳ, στεφανωματική, δριμεῖα. ταύτης ἡ ῥίζα ἀφεψομένη ἐκφρακτικὴ γίνεται καὶ οὔρων καὶ ἐμμήνων κινητική, τὰ δὲ φύλλα αὐτῆς στυπτικὰ ὄντα πρὸς ῥεύματα ὠφελεῖ.","βακχαρις ευωδης εστιν ποα παραπλησιος κιναμωμω, στεφανωματικη, δριμεια. ταυτης η ριζα αφεψομενη εκφρακτικη γινεται και ουρων και εμμηνων κινητικη, τα δε φυλλα αυτης στυπτικα οντα προς ρευματα ωφελει.",,draft,2,199,199,28,paul_row=111; lemma_gr=βάκχαρις; edition_pages=2.199
PAUL_AEG-7.3.113,PAUL_AEG,7.3.113,Βαλαύστιον ἄνθος,,,,Βαλαύστιον ἄνθος ἐστὶν ἀγρίας ῥοιᾶς ἰσχυρῶς στυπτικὸν ξηράν τε καὶ ψυχρὰν ἔχον τὴν δύναμιν· ἕλκη τε οὖν ἐπιπόλαια ἀφουλοῖ καὶ ῥεύματα ἵστησιν.,βαλαυστιον ανθος εστιν αγριας ροιας ισχυρως στυπτικον ξηραν τε και ψυχραν εχον την δυναμιν· ελκη τε ουν επιπολαια αφουλοι και ρευματα ιστησιν.,,draft,2,199,199,22,paul_row=112; lemma_gr=βαλαύστιον; edition_pages=2.199
PAUL_AEG-7.3.114,PAUL_AEG,7.3.114,Βαλσάμου,,,,"Βαλσάμου τὸ μὲν οἷον ξύλον ξηραίνει καὶ θερμαίνει κατὰ τὴν δευτέραν ἀπόστασιν, ἔστι δὲ καὶ λεπτομερές· ὁ δὲ ὀπὸς αὐτοῦ πολλῷ λεπτομερέστερος, ὁ δὲ καρπὸς παραπλησίας μὲν δυνάμεως, ἧττον δὲ λεπτομερής.","βαλσαμου το μεν οιον ξυλον ξηραινει και θερμαινει κατα την δευτεραν αποστασιν, εστι δε και λεπτομερες· ο δε οπος αυτου πολλω λεπτομερεστερος, ο δε καρπος παραπλησιας μεν δυναμεως, ηττον δε λεπτομερης.",,draft,2,199,199,31,paul_row=113; lemma_gr=βάλσαμον; edition_pages=2.199
PAUL_AEG-7.3.115,PAUL_AEG,7.3.115,"Βαλωτή, οἱ δὲ μέλαν πράσιον",,,,"Βαλωτή, οἱ δὲ μέλαν πράσιον, δριμείας ἐστὶ καὶ ῥυπτικῆς δυνάμεως· καταπλασσόμενον γοῦν σὺν ἁλσὶν κυνοδήκτους ὠφελεῖ.","βαλωτη, οι δε μελαν πρασιον, δριμειας εστι και ρυπτικης δυναμεως· καταπλασσομενον γουν συν αλσιν κυνοδηκτους ωφελει.",,draft,2,200,200,16,paul_row=114; lemma_gr=βαλωτή:μέλαν πράσιον; edition_pages=2.200; derived_from=alias_review
PAUL_AEG-7.3.116,PAUL_AEG,7.3.116,Βάτου,,,,"Βάτου τὸ μὲν θαμνῶδες ἱκανῶς στύφει καὶ ξηραίνει· δι' ὃ καὶ τραύματα κολλᾷ καὶ ῥεύματα ἵστησιν· ἡ δὲ ῥίζα πρὸς τῷ στύφειν καὶ λεπτομερὴς οὐκ ὀλίγως ἐστίν· δι' ὃ καὶ τοὺς ἐν νεφροῖς λίθους θρύπτει. ὁ δὲ καρπὸς πέπειρος μὲν ὢν θερμότερός ἐστιν ἅμα στύψει μετρίᾳ· δι' ὃ καὶ ἐδώδιμος· ὁ δὲ ἄωρος στρυφνός τε καὶ ἰσχυρῶς ξηραντικός, καὶ μάλιστα ξηρανθείς, ὁμοίως δὲ καὶ τὸ ἄνθος.","βατου το μεν θαμνωδες ικανως στυφει και ξηραινει· δι' ο και τραυματα κολλα και ρευματα ιστησιν· η δε ριζα προς τω στυφειν και λεπτομερης ουκ ολιγως εστιν· δι' ο και τους εν νεφροις λιθους θρυπτει. ο δε καρπος πεπειρος μεν ων θερμοτερος εστιν αμα στυψει μετρια· δι' ο και εδωδιμος· ο δε αωρος στρυφνος τε και ισχυρως ξηραντικος, και μαλιστα ξηρανθεις, ομοιως δε και το ανθος.",,draft,2,200,200,66,paul_row=115; lemma_gr=βάτου; edition_pages=2.200
PAUL_AEG-7.3.117,PAUL_AEG,7.3.117,Βατράχιον,,,,"Βατράχιον τέσσαρας μὲν ἔχει διαφοράς, ἅπαντα δὲ θερμῆς καὶ ξηρᾶς ὑπερβαλλόντως εἰσὶ δυνάμεως καὶ δριμείας καὶ καυστικῆς, ὥστε ἑλκοῦν μετὰ πόνου· μετρίως δὲ χρωμένῳ τὰ περὶ τὸ δέρμα μόνον ἀποσμήχει. ἡ δὲ ῥίζα ξηρὰ πταρμικόν ἐστι φάρμακον.","βατραχιον τεσσαρας μεν εχει διαφορας, απαντα δε θερμης και ξηρας υπερβαλλοντως εισι δυναμεως και δριμειας και καυστικης, ωστε ελκουν μετα πονου· μετριως δε χρωμενω τα περι το δερμα μονον αποσμηχει. η δε ριζα ξηρα πταρμικον εστι φαρμακον.",,draft,2,200,200,37,paul_row=116; lemma_gr=βατράχιον; edition_pages=2.200
PAUL_AEG-7.3.118,PAUL_AEG,7.3.118,Βάτραχοι,,,,"Βάτραχοι ἐπὶ μὲν θηριοδήκτων ζωμιστοὶ ἐσθίονται, κεκαυμένων δὲ αὐτῶν ἡ τέφρα ξηραντικωτάτη γινομένη αἱμορραγίας τε ἵστησιν καὶ ἀλωπεκίας ἰᾶται μετὰ πίσσης ὑγρᾶς.","βατραχοι επι μεν θηριοδηκτων ζωμιστοι εσθιονται, κεκαυμενων δε αυτων η τεφρα ξηραντικωτατη γινομενη αιμορραγιας τε ιστησιν και αλωπεκιας ιαται μετα πισσης υγρας.",,draft,2,200,200,22,paul_row=117; lemma_gr=βάτραχοι; edition_pages=2.200
PAUL_AEG-7.3.119,PAUL_AEG,7.3.119,Βδέλλιον,,,,"Βδέλλιον τό τε Σκυθικὸν καὶ τὸ Ἀραβικὸν μαλακτικῆς ἐστι τῶν σκιρρουμένων δυνάμεως, καὶ μάλιστα τὸ νέον· τὸ δὲ Ἀραβικὸν καὶ διουρητικόν ἐστι καὶ λίθων θρυπτικὸν καὶ συμπεπτικόν.","βδελλιον το τε σκυθικον και το αραβικον μαλακτικης εστι των σκιρρουμενων δυναμεως, και μαλιστα το νεον· το δε αραβικον και διουρητικον εστι και λιθων θρυπτικον και συμπεπτικον.",,draft,2,200,200,27,paul_row=118; lemma_gr=βδέλλιον; edition_pages=2.200
PAUL_AEG-7.3.120,PAUL_AEG,7.3.120,Βεττονίκη λεπτόκλωνός,,,,"Βεττονίκη λεπτόκλωνός ἐστι πόα παραπλήσια τὰ κλωνία τοῖς τοῦ γλήχωνος ἔχουσα καὶ λεπτότερα καὶ σχεδὸν ἄποια γευομένοις, φύεται δὲ μάλιστα ἐν πετρώδεσι τόποις· ᾗ χρῶνται καὶ ἐν ταῖς νεφριτικαῖς δυνάμεσιν. ἔστι δὲ καὶ παρὰ Ῥωμαίοις ἄλλη τις βεττονίκη καλουμένη, ἣν ὁ Διοσκουρίδης κέστρον ὀνομάζει, ἄλλοι δὲ ψυχότροφον διὰ τὸ χαίρειν τοῖς ψυχροῖς τόποις, μηδὲν ὅμοιον ἔχουσα τῇ προειρημένῃ πλὴν τῆς ἐνεργείας· πρὸς δὲ τῷ κινεῖν οὖρα καὶ πρὸς ἄλλα πολλὰ ποιεῖ, καὶ μάλιστα ἡ μὲν ῥίζα αὐτῆς μεθ' ὑδρομέλιτος ποθεῖσα ἔμετον κινεῖ, τὰ δὲ φύλλα κοιλίαν ὑπάγει.","βεττονικη λεπτοκλωνος εστι ποα παραπλησια τα κλωνια τοις του γληχωνος εχουσα και λεπτοτερα και σχεδον αποια γευομενοις, φυεται δε μαλιστα εν πετρωδεσι τοποις· η χρωνται και εν ταις νεφριτικαις δυναμεσιν. εστι δε και παρα ρωμαιοις αλλη τις βεττονικη καλουμενη, ην ο διοσκουριδης κεστρον ονομαζει, αλλοι δε ψυχοτροφον δια το χαιρειν τοις ψυχροις τοποις, μηδεν ομοιον εχουσα τη προειρημενη πλην της ενεργειας· προς δε τω κινειν ουρα και προς αλλα πολλα ποιει, και μαλιστα η μεν ριζα αυτης μεθ' υδρομελιτος ποθεισα εμετον κινει, τα δε φυλλα κοιλιαν υπαγει.",,draft,2,200,200,87,paul_row=119; lemma_gr=βεττονίκη; edition_pages=2.200
PAUL_AEG-7.3.121,PAUL_AEG,7.3.121,"Βηχίον, οἱ δὲ βηχικόν",,,,"Βηχίον, οἱ δὲ βηχικόν, εἴρηται μὲν ἀπὸ τοῦ βῆχάς τε καὶ ὀρθοπνοίας ὠφελεῖν ὑποθυμιώμενον, σύνθετον δέ ἐστιν ἐκ θερμῆς τε καὶ ὑδατώδους οὐσίας.","βηχιον, οι δε βηχικον, ειρηται μεν απο του βηχας τε και ορθοπνοιας ωφελειν υποθυμιωμενον, συνθετον δε εστιν εκ θερμης τε και υδατωδους ουσιας.",,draft,2,201,201,23,paul_row=120; lemma_gr=βηχίον:βηχικόν; edition_pages=2.201; derived_from=alias_review
PAUL_AEG-7.3.122,PAUL_AEG,7.3.122,Βλίτον,,,,Βλίτον ἐδώδιμόν ἐστι λάχανον ὑγρὸν καὶ ψυχρὸν κατὰ τὴν δευτέραν ἀπόστασιν.,βλιτον εδωδιμον εστι λαχανον υγρον και ψυχρον κατα την δευτεραν αποστασιν.,,draft,2,201,201,11,paul_row=121; lemma_gr=βλίτον; edition_pages=2.201
PAUL_AEG-7.3.123,PAUL_AEG,7.3.123,Βολβὸς,,,,Βολβὸς ὁ μὲν ἐδώδιμος πικρότητός τε ἅμα καὶ στύψεως μετέχων ξηραντικός τέ ἐστι καὶ κολλητικὸς τραυμάτων καὶ ῥυπτικός· ὁ δὲ ἐμετικὸς θερμότερός ἐστι τῆς τούτου δυνάμεως.,βολβος ο μεν εδωδιμος πικροτητος τε αμα και στυψεως μετεχων ξηραντικος τε εστι και κολλητικος τραυματων και ρυπτικος· ο δε εμετικος θερμοτερος εστι της τουτου δυναμεως.,,draft,2,201,201,26,paul_row=122; lemma_gr=βολβός; edition_pages=2.201
PAUL_AEG-7.3.124,PAUL_AEG,7.3.124,"Βότρυς, οἱ δὲ ἀμβροσίαν, ἄλλοι ἀρτεμισίαν",,,,"Βότρυς, οἱ δὲ ἀμβροσίαν, ἄλλοι ἀρτεμισίαν, φυτόν ἐστιν εὐῶδες ἱκανῶς, ὃ σὺν οἴνῳ πινόμενον ὀρθοπνοϊκοὺς ὠφελεῖ.","βοτρυς, οι δε αμβροσιαν, αλλοι αρτεμισιαν, φυτον εστιν ευωδες ικανως, ο συν οινω πινομενον ορθοπνοικους ωφελει.",,draft,2,201,201,16,paul_row=123; lemma_gr=βότρυς:ἀμβροσία; edition_pages=2.201; derived_from=alias_review
PAUL_AEG-7.3.125,PAUL_AEG,7.3.125,Βουβώνιον,,,,Βουβώνιον ἀστὴρ Ἀττικὸς εἴρηται.,βουβωνιον αστηρ αττικος ειρηται.,,draft,2,201,201,4,paul_row=124; lemma_gr=βουβώνιον; edition_pages=2.201
PAUL_AEG-7.3.126,PAUL_AEG,7.3.126,Βούγλωσσον,,,,Βούγλωσσον ὑγρὸν καὶ θερμόν ἐστι τὴν κρᾶσιν· ὅθεν καὶ τοῖς οἴνοις ἐμβαλλόμενον εὐφροσύνην ἐμποιεῖν λέγεται.,βουγλωσσον υγρον και θερμον εστι την κρασιν· οθεν και τοις οινοις εμβαλλομενον ευφροσυνην εμποιειν λεγεται.,,draft,2,201,201,15,paul_row=125; lemma_gr=βούγλωσσον; edition_pages=2.201
PAUL_AEG-7.3.127,PAUL_AEG,7.3.127,"Βούνιον, οἱ δὲ ἄρκτιον",,,,"Βούνιον, οἱ δὲ ἄρκτιον, θερμόν τέ ἐστι καὶ οὐρητικὸν καὶ καταμηνίων ἀγωγόν. καὶ τὸ ψευδοβούνιον δὲ ὅμοιον.","βουνιον, οι δε αρκτιον, θερμον τε εστι και ουρητικον και καταμηνιων αγωγον. και το ψευδοβουνιον δε ομοιον.",,draft,2,201,201,17,paul_row=126; lemma_gr=βούνιον:ἄρκτιον; edition_pages=2.201; derived_from=alias_review
PAUL_AEG-7.3.128,PAUL_AEG,7.3.128,Βούπρηστις,,,,Βούπρηστις ζωύφιόν ἐστι τῇ κανθαρίδι παραπλήσιον· ἀποτιθέσθω οὖν καθάπερ ἐκείνη.,βουπρηστις ζωυφιον εστι τη κανθαριδι παραπλησιον· αποτιθεσθω ουν καθαπερ εκεινη.,,draft,2,201,201,10,paul_row=127; lemma_gr=βούπρηστις; edition_pages=2.201
PAUL_AEG-7.3.129,PAUL_AEG,7.3.129,Βούτυρον,,,,"Βούτυρον πεπτικῆς καὶ μετρίως διαφορητικῆς ἐστι δυνάμεως ἐπὶ τῶν μαλακῶν σωμάτων· βουβῶνας γοῦν καὶ παρωτίδας ὠφελεῖ καὶ οὖλα λεπτύνει, καὶ μάλιστα τῶν ὀδοντοφυούντων παιδίων, καὶ τὰ κατὰ θώρακα ἐκλειχόμενον συμπέττει.","βουτυρον πεπτικης και μετριως διαφορητικης εστι δυναμεως επι των μαλακων σωματων· βουβωνας γουν και παρωτιδας ωφελει και ουλα λεπτυνει, και μαλιστα των οδοντοφυουντων παιδιων, και τα κατα θωρακα εκλειχομενον συμπεττει.",,draft,2,201,201,30,paul_row=128; lemma_gr=βούτυρον; edition_pages=2.201
PAUL_AEG-7.3.130,PAUL_AEG,7.3.130,Βούφθαλμον,,,,"Βούφθαλμον ὅμοιον μὲν ἔχει τῷ χαμαιμήλῳ τὸ ἄνθος, μεῖζον δὲ πολλῷ καὶ δριμύτερον· δι' ὃ καὶ διαφορητικόν, ὥστε καὶ σκληρίας ἰᾶσθαι κηρωτῇ μιγνύμενον.","βουφθαλμον ομοιον μεν εχει τω χαμαιμηλω το ανθος, μειζον δε πολλω και δριμυτερον· δι' ο και διαφορητικον, ωστε και σκληριας ιασθαι κηρωτη μιγνυμενον.",,draft,2,201,201,23,paul_row=129; lemma_gr=βούφθαλμον; edition_pages=2.201
PAUL_AEG-7.3.131,PAUL_AEG,7.3.131,Βράθυ,,,,"Βράθυ παραπλήσιον ὑπάρχον κυπαρίσσῳ θερμαίνει τε καὶ ξηραίνει κατὰ τὴν τρίτην ἀπόστασιν καὶ λεπτομερέστατόν ἐστι λεπτυντικῆς τε καὶ διαφορητικῆς ὑπάρχον, εἰ ποθείη, δυνάμεως εἴς τε τὰς σηπεδόνας ὅμοιόν ἐστι κυπαρίσσῳ.","βραθυ παραπλησιον υπαρχον κυπαρισσω θερμαινει τε και ξηραινει κατα την τριτην αποστασιν και λεπτομερεστατον εστι λεπτυντικης τε και διαφορητικης υπαρχον, ει ποθειη, δυναμεως εις τε τας σηπεδονας ομοιον εστι κυπαρισσω.",,draft,2,201,201,30,paul_row=130; lemma_gr=βράθυ; edition_pages=2.201
PAUL_AEG-7.3.132,PAUL_AEG,7.3.132,Βρεττανικὴ,,,,Βρεττανικὴ στυπτικῆς ἐστι καὶ κολλητικῆς δυνάμεως ὁμοίως τῷ ἀγρίῳ λαπάθῳ τὴν ἰδέαν· ὁ δὲ χυλὸς αὐτῆς τὰς ἐν στόματι σήψεις ἰᾶται.,βρεττανικη στυπτικης εστι και κολλητικης δυναμεως ομοιως τω αγριω λαπαθω την ιδεαν· ο δε χυλος αυτης τας εν στοματι σηψεις ιαται.,,draft,2,202,202,21,paul_row=131; lemma_gr=βρεττανική; edition_pages=2.202
PAUL_AEG-7.3.133,PAUL_AEG,7.3.133,Βρόμος,,,,"Βρόμος ὁμοίαν ἔχει κριθῇ τὴν δύναμιν· ξηραίνει δὲ καὶ διαφορεῖ μετρίως τε καὶ ἀδήκτως, ἔχει δέ τι καὶ στύψεως, ὅθεν καὶ διαρροίας ἰᾶται.","βρομος ομοιαν εχει κριθη την δυναμιν· ξηραινει δε και διαφορει μετριως τε και αδηκτως, εχει δε τι και στυψεως, οθεν και διαρροιας ιαται.",,draft,2,202,202,23,paul_row=132; lemma_gr=βρόμος; edition_pages=2.202
PAUL_AEG-7.3.134,PAUL_AEG,7.3.134,Βρύον θαλάσσιον,,,,Βρύον θαλάσσιον ψύχει τε καὶ στύφει· δι' ὃ τὰς ζεούσας φλεγμονὰς καταπλασσόμενον ὠφελεῖ.,βρυον θαλασσιον ψυχει τε και στυφει· δι' ο τας ζεουσας φλεγμονας καταπλασσομενον ωφελει.,,draft,2,202,202,13,paul_row=133; lemma_gr=βρύον θαλάσσιον; edition_pages=2.202
PAUL_AEG-7.3.135,PAUL_AEG,7.3.135,"Βρύον, οἱ δὲ σπλάγχνον",,,,"Βρύον, οἱ δὲ σπλάγχνον, ἐν δρυσὶ καὶ λεύκαις καὶ πεύκαις εὑρισκόμενον, διαφορητικόν τε καὶ μαλακτικὸν μετρίως ἐστί, καὶ μάλιστα τὸ ἐπὶ τῶν κέδρων.","βρυον, οι δε σπλαγχνον, εν δρυσι και λευκαις και πευκαις ευρισκομενον, διαφορητικον τε και μαλακτικον μετριως εστι, και μαλιστα το επι των κεδρων.",,draft,2,202,202,23,paul_row=134; lemma_gr=βρύον:σπλάγχνον; edition_pages=2.202; derived_from=alias_review
PAUL_AEG-7.3.136,PAUL_AEG,7.3.136,Βρυωνία,,,,Βρυωνία εἴρηται ἄμπελος λευκή.,βρυωνια ειρηται αμπελος λευκη.,,draft,2,202,202,4,paul_row=135; lemma_gr=βρυωνία; edition_pages=2.202
PAUL_AEG-7.3.137,PAUL_AEG,7.3.137,Γάλα,,,,"Γάλα πᾶν ἐκ τριῶν οὐσιῶν σύγκειται, τυρώδους, ὀρώδους, λιπαρᾶς, ἣν πλείστην ἔχει τὸ βόειον, ἐξ ἧς καὶ τὸ βούτυρον γίνεται· ὁ δὲ ὀρὸς αὐτοῦ ῥυπτικῆς ἐστι δυνάμεως, ὅθεν καὶ γαστέρα ὑπάγει, εἴ τις αὐτὸ τῇ ἑψήσει διακρίνειε· τὸ δὲ τυρῶδες καὶ παχὺ ἐμπλάττεται μᾶλλον καὶ διὰ τοῦτο δριμύτητας ἀμβλύνει. ἑψηθὲν δὲ τὸ γάλα ἤτοι διὰ καχλήκων ἢ ἄλλως πως ἄριστον γίνεται φάρμακον δυσεντερίας τε καὶ τῶν κατὰ γαστέρα δριμέων ῥευμάτων. ὅλον δὲ τὸ γάλα πρός τε τὰ κατ' ὀφθαλμοὺς δριμέα ῥεύματα καὶ τὰς ἄλλας δριμύτητας ἁρμόζει. εὐκρατότατον δὲ γάλα τὸ τῆς γυναικός ἐστι, μεθ' ὃ τὸ αἴγειον, εἶτα τὸ ὄνειόν τε καὶ προβάτειον, ἔσχατον δὲ τὸ βόειον.","γαλα παν εκ τριων ουσιων συγκειται, τυρωδους, ορωδους, λιπαρας, ην πλειστην εχει το βοειον, εξ ης και το βουτυρον γινεται· ο δε ορος αυτου ρυπτικης εστι δυναμεως, οθεν και γαστερα υπαγει, ει τις αυτο τη εψησει διακρινειε· το δε τυρωδες και παχυ εμπλαττεται μαλλον και δια τουτο δριμυτητας αμβλυνει. εψηθεν δε το γαλα ητοι δια καχληκων η αλλως πως αριστον γινεται φαρμακον δυσεντεριας τε και των κατα γαστερα δριμεων ρευματων. ολον δε το γαλα προς τε τα κατ' οφθαλμους δριμεα ρευματα και τας αλλας δριμυτητας αρμοζει. ευκρατοτατον δε γαλα το της γυναικος εστι, μεθ' ο το αιγειον, ειτα το ονειον τε και προβατειον, εσχατον δε το βοειον.",,draft,2,202,202,107,paul_row=136; lemma_gr=γάλα; edition_pages=2.202
PAUL_AEG-7.3.138,PAUL_AEG,7.3.138,Γαλῆς δὲ κεκαυμένης,,,,"Γαλῆς δὲ κεκαυμένης ἡ τέφρα ἱκανῶς διαφορεῖ· μετ' ὄξους γοῦν καταχριομένη ποδαγρικοὺς ὠφελεῖ, σκελετευθεῖσα δὲ πρὸς ἐπιληψίας πίνεται.","γαλης δε κεκαυμενης η τεφρα ικανως διαφορει· μετ' οξους γουν καταχριομενη ποδαγρικους ωφελει, σκελετευθεισα δε προς επιληψιας πινεται.",,draft,2,202,202,18,paul_row=137; lemma_gr=γαλῆς δὲ κεκαυμένης; edition_pages=2.202
PAUL_AEG-7.3.139,PAUL_AEG,7.3.139,Γάλιον,,,,"Γάλιον ὠνόμασται μὲν ἀπὸ τοῦ τὸ γάλα πηγνύειν, παραπλήσιον δέ ἐστιν ἀπαρίνῃ, ξηραντικόν τε καὶ ὑπόδριμυ· τὸ δὲ ἄνθος αὐτοῦ πρὸς αἱμορραγίαν ἁρμόζει καὶ πρὸς πυρίκαυτα.","γαλιον ωνομασται μεν απο του το γαλα πηγνυειν, παραπλησιον δε εστιν απαρινη, ξηραντικον τε και υποδριμυ· το δε ανθος αυτου προς αιμορραγιαν αρμοζει και προς πυρικαυτα.",,draft,2,202,203,26,paul_row=138; lemma_gr=γάλιον; edition_pages=2.202-203
PAUL_AEG-7.3.140,PAUL_AEG,7.3.140,"Γάλιψις, οἱ δὲ γαλίβδολον",,,,"Γάλιψις, οἱ δὲ γαλίβδολον, ἐμφερές ἐστιν ἀκαλήφῃ, λειότερον δὲ καὶ δυσῶδες, διαφορητικῆς τέ ἐστι καὶ μαλακτικῆς τῶν σκιρρωδῶν ὄγκων δυνάμεως, ποιεῖ δὲ καὶ πρὸς τὰ νομώδη καταπλασσόμενον.","γαλιψις, οι δε γαλιβδολον, εμφερες εστιν ακαληφη, λειοτερον δε και δυσωδες, διαφορητικης τε εστι και μαλακτικης των σκιρρωδων ογκων δυναμεως, ποιει δε και προς τα νομωδη καταπλασσομενον.",,draft,2,203,203,27,paul_row=139; lemma_gr=γάλιψις:γαλίβδολον; edition_pages=2.203; derived_from=alias_review
PAUL_AEG-7.3.141,PAUL_AEG,7.3.141,Γάρος,,,,Γάρος θερμαίνει καὶ ξηραίνει δυνατῶς· δι' ὃ πρός τε τὰ σηπεδονώδη τῶν ἑλκῶν ἔξωθεν αὐτῷ χρῶνται καὶ τοῖς δυσεντερικοῖς ἐνιᾶσι καὶ τοῖς ἰσχιαδικοῖς.,γαρος θερμαινει και ξηραινει δυνατως· δι' ο προς τε τα σηπεδονωδη των ελκων εξωθεν αυτω χρωνται και τοις δυσεντερικοις ενιασι και τοις ισχιαδικοις.,,draft,2,203,203,23,paul_row=140; lemma_gr=γάρος; edition_pages=2.203
PAUL_AEG-7.3.142,PAUL_AEG,7.3.142,Γεντιανῆς,,,,"Γεντιανῆς ῥίζα δραστήριος ἱκανῶς ἐστιν, ἵνα χρὴ λεπτῦναι καὶ διακαθῆραι καὶ ἀπορρύψαι καὶ ἐκφράξαι.","γεντιανης ριζα δραστηριος ικανως εστιν, ινα χρη λεπτυναι και διακαθηραι και απορρυψαι και εκφραξαι.",,draft,2,203,203,14,paul_row=141; lemma_gr=γεντιανή; edition_pages=2.203
PAUL_AEG-7.3.143,PAUL_AEG,7.3.143,Γεράνιον,,,,"Γεράνιον τὸ τὰ φύλλα ἔχον ἀνεμώνῃ ὅμοια, τὴν δὲ ῥίζαν ἐδώδιμον, ἥτις ποθεῖσα σὺν οἴνῳ 𐅻 α ἐμπνευματώσεις ὑστέρας λύει· τὸ δὲ ἕτερον γεράνιον ἀχρεῖόν ἐστι πρὸς ἰατρικήν.","γερανιον το τα φυλλα εχον ανεμωνη ομοια, την δε ριζαν εδωδιμον, ητις ποθεισα συν οινω 𐅻 α εμπνευματωσεις υστερας λυει· το δε ετερον γερανιον αχρειον εστι προς ιατρικην.",,draft,2,203,203,28,paul_row=142; lemma_gr=γεράνιον; edition_pages=2.203
PAUL_AEG-7.3.144,PAUL_AEG,7.3.144,Γῆ,,,,"Γῆ πᾶσα ξηραίνει, ἡ δὲ ἀμιγὴς ἑτέρας οὐσίας καὶ ἀδήκτως, εἰ δέ τις αὐτῇ πυρώδης ποιότης ἐπιμέμικται, πλυθεῖσα καὶ ταύτην ἀποτίθεται. τῆς μὲν οὖν γεωργουμένης ἡ λιπαρὰ πᾶσα χρήσιμός ἐστιν εἰς θεραπείαν ἁπάντων τῶν ξηρανθῆναι δεομένων μορίων· τῆς γοῦν Αἰγυπτίας τῷ πηλῷ χρῶνται πρός τε τὰς ὑδερώδεις καὶ σπληνικὰς διαθέσεις καὶ πρὸς τὰ χαῦνα τῶν οἰδημάτων, ὠφελοῦνταί τε ἐναργῶς. τῆς δὲ φαρμακώδους γῆς ἡ μὲν Λημνία μίλτος ἡ σφραγὶς ὀνομαζομένη, πρὸς τῷ ξηραίνειν καὶ στύφουσα μετρίως, τῶν δηλητηρίων ἐστὶ φαρμάκων ἀλεξητήριος καὶ τὰ κακοήθη τῶν ἑλκῶν ἰᾶται σὺν ὄξει ἢ οἴνῳ καὶ τὰς αἱμορραγίας ἵστησιν ἁπάσας δυσεντερίαν τε παύει καὶ τὴν νομώδη προαποκλυσθέντος τοῦ ἐντέρου πρῶτον μελικράτῳ, ἔπειτα ἅλμῃ. ἡ δὲ Σινωπικὴ μίλτος σφοδροτέρα τῆς Λημνίας ὑπάρχουσα ταῖς ἐμπλαστικαῖς ἐπιμίγνυται δυνάμεσιν πινομένη τε ἕλμινθας κτείνει. πραϋντικωτέρα δὲ πολλῷ τῆς Λημνίας ἡ Σαμία ὡς ἐχέκολλός τε καὶ γλίσχρα· χρηστέον οὖν αὐτῇ εἰς ὅσα πραῦναι δεῖ, καὶ τὰς τοῦ αἵματος δὲ ἰᾶται πτύσεις, ὁπόθεν δ' ἂν ὦσιν. ἡ Σελινουσία δὲ καὶ ἡ Χία ῥυπτικώτεραί εἰσι· δι' ὃ καί τινες τῶν γυναικῶν ὡς ῥύμμασιν αὐταῖς ἐπὶ τῶν προσώπων χρῶνται· ἕλκη τε σαρκοῦσι καὶ ἀφουλοῦσι, καὶ μᾶλλον τὰ πυρίκαυτα. ἡ δὲ Κιμωλία μικτῆς ἐστι δυνάμεως ψυχούσης τε καὶ διαφορητικῆς ἄπλυτος, ἡ δὲ πεπλυμένη ψύχει μᾶλλον καὶ τὰ πυρίκαυτα σὺν ὀξυκράτῳ θεραπεύει. ἡ δὲ ἀμπελῖτις (ἔστι δὲ ἡ χριομένη ἐπὶ τῶν ἀμπέλων διὰ τὸ τοὺς ἐν αὐταῖς φθείρειν σκώληκας) ξηραίνει τε καὶ διαφορεῖ ἰσχυρῶς οὐδὲ τὸ ἄδηκτον ἔχουσα. ἡ δὲ Κρητικὴ ἀερώδης ἐστὶν καὶ ἀδήκτως ῥυπτική. ἡ δὲ Ἐρετριὰς ἐναργῶς στύφει, καυθεῖσα δὲ καὶ πλυθεῖσα ξηραίνει ἀδήκτως· ἀμείνων δέ ἐστιν ἡ τεφρώδης. ἡ δὲ πνιγῖτις ὁμοίαν μὲν ἔχει τῇ Κιμωλίᾳ τὴν δύναμιν, μέλαινα δέ ἐστιν. ἡ δὲ Ἀρμενία, ἣν βῶλον ὀνομάζουσιν, ἄκρως ξηραίνει· ὅθεν δυσεντερικοῖς τε καὶ τοῖς κατὰ γαστέρα ῥεύμασιν αἵματός τε πτύσεσι καὶ φθόαις καὶ δυσπνοίαις δι' ὑγρότητα καὶ τοῖς ὑγροῖς ἕλκεσι καὶ τοῖς λοιμικοῖς πάθεσι γενναίως ἁρμόττει· πίνεται δὲ σὺν οἴνῳ λεπτῷ κεκραμένῳ, εἰ δὲ πυρέττοιεν, σὺν ὕδατι. καὶ ἡ Ἀλανὴ δὲ βῶλος παραπλησίας ἐστὶ τῇ Ἀρμενίᾳ δυνάμεως. ἡ δὲ ὤχρα διαφορητική τε καὶ σηπτικὴ τὴν δύναμιν· καταστέλλει γοῦν τὰ ὑπερσαρκοῦντα τῶν ἑλκῶν καὶ τὰ κοῖλα πληροῖ σὺν κηρωτῇ μιγνυμένη.","γη πασα ξηραινει, η δε αμιγης ετερας ουσιας και αδηκτως, ει δε τις αυτη πυρωδης ποιοτης επιμεμικται, πλυθεισα και ταυτην αποτιθεται. της μεν ουν γεωργουμενης η λιπαρα πασα χρησιμος εστιν εις θεραπειαν απαντων των ξηρανθηναι δεομενων μοριων· της γουν αιγυπτιας τω πηλω χρωνται προς τε τας υδερωδεις και σπληνικας διαθεσεις και προς τα χαυνα των οιδηματων, ωφελουνται τε εναργως. της δε φαρμακωδους γης η μεν λημνια μιλτος η σφραγις ονομαζομενη, προς τω ξηραινειν και στυφουσα μετριως, των δηλητηριων εστι φαρμακων αλεξητηριος και τα κακοηθη των ελκων ιαται συν οξει η οινω και τας αιμορραγιας ιστησιν απασας δυσεντεριαν τε παυει και την νομωδη προαποκλυσθεντος του εντερου πρωτον μελικρατω, επειτα αλμη. η δε σινωπικη μιλτος σφοδροτερα της λημνιας υπαρχουσα ταις εμπλαστικαις επιμιγνυται δυναμεσιν πινομενη τε ελμινθας κτεινει. πραυντικωτερα δε πολλω της λημνιας η σαμια ως εχεκολλος τε και γλισχρα· χρηστεον ουν αυτη εις οσα πραυναι δει, και τας του αιματος δε ιαται πτυσεις, οποθεν δ' αν ωσιν. η σελινουσια δε και η χια ρυπτικωτεραι εισι· δι' ο και τινες των γυναικων ως ρυμμασιν αυταις επι των προσωπων χρωνται· ελκη τε σαρκουσι και αφουλουσι, και μαλλον τα πυρικαυτα. η δε κιμωλια μικτης εστι δυναμεως ψυχουσης τε και διαφορητικης απλυτος, η δε πεπλυμενη ψυχει μαλλον και τα πυρικαυτα συν οξυκρατω θεραπευει. η δε αμπελιτις (εστι δε η χριομενη επι των αμπελων δια το τους εν αυταις φθειρειν σκωληκας) ξηραινει τε και διαφορει ισχυρως ουδε το αδηκτον εχουσα. η δε κρητικη αερωδης εστιν και αδηκτως ρυπτικη. η δε ερετριας εναργως στυφει, καυθεισα δε και πλυθεισα ξηραινει αδηκτως· αμεινων δε εστιν η τεφρωδης. η δε πνιγιτις ομοιαν μεν εχει τη κιμωλια την δυναμιν, μελαινα δε εστιν. η δε αρμενια, ην βωλον ονομαζουσιν, ακρως ξηραινει· οθεν δυσεντερικοις τε και τοις κατα γαστερα ρευμασιν αιματος τε πτυσεσι και φθοαις και δυσπνοιαις δι' υγροτητα και τοις υγροις ελκεσι και τοις λοιμικοις παθεσι γενναιως αρμοττει· πινεται δε συν οινω λεπτω κεκραμενω, ει δε πυρεττοιεν, συν υδατι. και η αλανη δε βωλος παραπλησιας εστι τη αρμενια δυναμεως. η δε ωχρα διαφορητικη τε και σηπτικη την δυναμιν· καταστελλει γουν τα υπερσαρκουντα των ελκων και τα κοιλα πληροι συν κηρωτη μιγνυμενη.",,draft,2,203,204,348,paul_row=143; lemma_gr=γῆ; edition_pages=2.203-204
PAUL_AEG-7.3.145,PAUL_AEG,7.3.145,Γῆρας ὄφεως,,,,Γῆρας ὄφεως ἱκανῶς ξηραίνει· ὄξει γοῦν ἀναζεσθὲν ὀδονταλγίας θεραπεύει· τὸ δὲ τῆς ἀσπίδος τριφθὲν μετὰ μέλιτος καὶ ὑπαλειφόμενον ὀξυδερκέστατόν ἐστιν.,γηρας οφεως ικανως ξηραινει· οξει γουν αναζεσθεν οδονταλγιας θεραπευει· το δε της ασπιδος τριφθεν μετα μελιτος και υπαλειφομενον οξυδερκεστατον εστιν.,,draft,2,204,204,20,paul_row=144; lemma_gr=γῆρας ὄφεως; edition_pages=2.204
PAUL_AEG-7.3.146,PAUL_AEG,7.3.146,Γῆς ἔντερα λεῖα,,,,Γῆς ἔντερα λεῖα νευροτρώτοις ἐπιτιθέμενα παραχρῆμα θαυμαστῶς ὀνίνησιν.,γης εντερα λεια νευροτρωτοις επιτιθεμενα παραχρημα θαυμαστως ονινησιν.,,draft,2,204,204,8,paul_row=145; lemma_gr=γῆς ἔντερα λεῖα; edition_pages=2.204
PAUL_AEG-7.3.147,PAUL_AEG,7.3.147,Γίγαρτα,,,,"Γίγαρτα ξηραίνει μὲν κατὰ τὴν δευτέραν τάξιν, ψύχει δὲ κατὰ τὴν πρώτην· ψυχρὰ γοῦν ἱκανῶς ὄντα πᾶσι τοῖς ῥοώδεσιν ἁρμόττει.","γιγαρτα ξηραινει μεν κατα την δευτεραν ταξιν, ψυχει δε κατα την πρωτην· ψυχρα γουν ικανως οντα πασι τοις ροωδεσιν αρμοττει.",,draft,2,204,204,20,paul_row=146; lemma_gr=γίγαρτα; edition_pages=2.204
PAUL_AEG-7.3.148,PAUL_AEG,7.3.148,Γιγγίδιον,,,,"Γιγγίδιον θερμασίαν μὲν οὐ πάνυ σαφῆ κέκτηται, ξηραίνει δὲ κατὰ τὴν δευτέραν ἀπόστασιν καὶ στύφει· δι' ὃ καὶ εὐστόμαχόν ἐστιν.","γιγγιδιον θερμασιαν μεν ου πανυ σαφη κεκτηται, ξηραινει δε κατα την δευτεραν αποστασιν και στυφει· δι' ο και ευστομαχον εστιν.",,draft,2,205,205,20,paul_row=147; lemma_gr=γιγγίδιον; edition_pages=2.205
PAUL_AEG-7.3.149,PAUL_AEG,7.3.149,Γλαύκιον,,,,"Γλαύκιον στύφει μετά τινος ἀηδίας, ἀλλὰ καὶ ψύχει σαφῶς· ὥστε καὶ ἐρυσιπέλατα θεραπεύει τὰ μὴ ἰσχυρά.","γλαυκιον στυφει μετα τινος αηδιας, αλλα και ψυχει σαφως· ωστε και ερυσιπελατα θεραπευει τα μη ισχυρα.",,draft,2,205,205,16,paul_row=148; lemma_gr=γλαύκιον; edition_pages=2.205
PAUL_AEG-7.3.150,PAUL_AEG,7.3.150,Γλαῦξ,,,,Γλαῦξ ἡ πόα θερμὴ καὶ ὑγρὰ τὴν κρᾶσίν ἐστιν· δι' ὃ καὶ γάλακτος γεννητική.,γλαυξ η ποα θερμη και υγρα την κρασιν εστιν· δι' ο και γαλακτος γεννητικη.,,draft,2,205,205,14,paul_row=149; lemma_gr=γλαῦξ; edition_pages=2.205
PAUL_AEG-7.3.151,PAUL_AEG,7.3.151,Γλήχων,,,,Γλήχων θερμαίνει τε καὶ λεπτύνει σφοδρῶς· ὅθεν καταπλασσόμενος φοινίσσει καὶ τὰ ἐκ θώρακος καὶ πνεύμονος ὑγρὰ παχέα καὶ γλίσχρα ἀναπτύεσθαι ποιεῖ.,γληχων θερμαινει τε και λεπτυνει σφοδρως· οθεν καταπλασσομενος φοινισσει και τα εκ θωρακος και πνευμονος υγρα παχεα και γλισχρα αναπτυεσθαι ποιει.,,draft,2,205,205,21,paul_row=150; lemma_gr=γλήχων; edition_pages=2.205
PAUL_AEG-7.3.152,PAUL_AEG,7.3.152,Γλοιὸς,,,,"Γλοιὸς ὁ ἐν τοῖς βαλανείοις θερμαίνει μετρίως, μαλάσσει, διαφορεῖ, ῥαγάσι τε καὶ κονδυλώμασιν ἁρμόττει.","γλοιος ο εν τοις βαλανειοις θερμαινει μετριως, μαλασσει, διαφορει, ραγασι τε και κονδυλωμασιν αρμοττει.",,draft,2,205,205,14,paul_row=151; lemma_gr=γλοιός; edition_pages=2.205
PAUL_AEG-7.3.153,PAUL_AEG,7.3.153,Γλυκύριζον,,,,"Γλυκύριζον χλιαρᾶς ἐστι καὶ ὑγρᾶς κράσεως ἔχον τι καὶ στύψεως· ὅθεν καὶ τραχύτητας ἐκλεαίνει, οὐ τὰς ἐν ἀρτηρίᾳ μόνον, ἀλλὰ καὶ ἐν ψωρώδει κύστει· ἔστι δὲ καὶ ἄδιψον.","γλυκυριζον χλιαρας εστι και υγρας κρασεως εχον τι και στυψεως· οθεν και τραχυτητας εκλεαινει, ου τας εν αρτηρια μονον, αλλα και εν ψωρωδει κυστει· εστι δε και αδιψον.",,draft,2,205,205,28,paul_row=152; lemma_gr=γλυκύριζον; edition_pages=2.205
PAUL_AEG-7.3.154,PAUL_AEG,7.3.154,"Γλυκυσίδη, οἱ δὲ πεντόροβον, οἱ δὲ παιονίαν",,,,"Γλυκυσίδη, οἱ δὲ πεντόροβον, οἱ δὲ παιονίαν, ἧς ἡ ῥίζα δριμεῖά τέ ἐστι καὶ ὑπόπικρος καὶ ξηραντικὴ ἔχουσά τι καὶ στυπτικόν· ὅθεν καταμήνιά τε κινεῖ καὶ νεφροὺς καὶ ἧπαρ ἐκκαθαίρει μέγεθος ἀμυγδάλου πινομένη μετ' οἴνου· εἰ δὲ αὐστηρὸς ὁ οἶνος εἴη, καὶ τὰ κατὰ γαστέρα ῥεύματα ἵστησιν. περιαπτομένη δὲ παιδίων ἐπιληψίας ἰᾶται.","γλυκυσιδη, οι δε πεντοροβον, οι δε παιονιαν, ης η ριζα δριμεια τε εστι και υποπικρος και ξηραντικη εχουσα τι και στυπτικον· οθεν καταμηνια τε κινει και νεφρους και ηπαρ εκκαθαιρει μεγεθος αμυγδαλου πινομενη μετ' οινου· ει δε αυστηρος ο οινος ειη, και τα κατα γαστερα ρευματα ιστησιν. περιαπτομενη δε παιδιων επιληψιας ιαται.",,draft,2,205,205,52,paul_row=153; lemma_gr=γλυκυσίδη:πεντόροβον:παιονία; edition_pages=2.205; derived_from=alias_review
PAUL_AEG-7.3.155,PAUL_AEG,7.3.155,Γναφάλιον,,,,Γναφάλιον ὠνόμασται μὲν ἀπὸ τοῦ τοῖς φύλλοις αὐτοῦ ἁπαλοῖς οὖσιν ἀντὶ γναφάλου χρήσασθαι· εἰσὶ δὲ λευκὰ καὶ μετρίως στύφοντα· δι' ὃ πρὸς δυσεντερίας μετ' οἴνου αὐστηροῦ πίνονται.,γναφαλιον ωνομασται μεν απο του τοις φυλλοις αυτου απαλοις ουσιν αντι γναφαλου χρησασθαι· εισι δε λευκα και μετριως στυφοντα· δι' ο προς δυσεντεριας μετ' οινου αυστηρου πινονται.,,draft,2,205,205,27,paul_row=154; lemma_gr=γναφάλιον; edition_pages=2.205
PAUL_AEG-7.3.156,PAUL_AEG,7.3.156,Γογγυλίδος,,,,Γογγυλίδος ἥ τε ῥίζα καὶ τὸ σπέρμα φυσώδη τέ εἰσι καὶ σπέρματος γεννητικὰ καὶ ἀφροδισιαστικά.,γογγυλιδος η τε ριζα και το σπερμα φυσωδη τε εισι και σπερματος γεννητικα και αφροδισιαστικα.,,draft,2,205,205,15,paul_row=155; lemma_gr=γογγυλίδος; edition_pages=2.205
PAUL_AEG-7.3.157,PAUL_AEG,7.3.157,"Γόργιλον, οἱ δὲ σέσελι",,,,"Γόργιλον, οἱ δὲ σέσελι, θερμὸν καὶ διουρητικόν ἐστι καὶ ἐμμήνων ἀγωγόν, ἡ δὲ ῥίζα αὐτοῦ μετὰ μέλιτος ἐκλειχομένη τὰ ἐκ θώρακος ἀνάγει.","γοργιλον, οι δε σεσελι, θερμον και διουρητικον εστι και εμμηνων αγωγον, η δε ριζα αυτου μετα μελιτος εκλειχομενη τα εκ θωρακος αναγει.",,draft,2,205,205,22,paul_row=156; lemma_gr=γόργιλον:σέσελι; edition_pages=2.205; derived_from=alias_review
PAUL_AEG-7.3.158,PAUL_AEG,7.3.158,Γῦρις,,,,"Γῦρις παραπλησία τὴν δύναμίν ἐστιν ἀμύλῳ, θερμοτέρα δέ πως.","γυρις παραπλησια την δυναμιν εστιν αμυλω, θερμοτερα δε πως.",,draft,2,205,205,9,paul_row=157; lemma_gr=γῦρις; edition_pages=2.205
PAUL_AEG-7.3.159,PAUL_AEG,7.3.159,Γύψος,,,,"Γύψος πρὸς τῷ ξηραίνειν ἐμπλαστικῆς ἐστι δυνάμεως· ὅθεν πρὸς αἱμορραγίας ἁρμόζει σὺν γύρει τε καὶ ᾠοῦ τῷ λευκῷ· καιομένη δὲ τὸ μὲν ἐμπλαστικὸν οὐκέθ' ὁμοίως ἔχει, ξηραίνει δὲ μᾶλλον καὶ ἀποκρούει, μάλιστα σὺν ὀξυκράτῳ.","γυψος προς τω ξηραινειν εμπλαστικης εστι δυναμεως· οθεν προς αιμορραγιας αρμοζει συν γυρει τε και ωου τω λευκω· καιομενη δε το μεν εμπλαστικον ουκεθ' ομοιως εχει, ξηραινει δε μαλλον και αποκρουει, μαλιστα συν οξυκρατω.",,draft,2,205,206,34,paul_row=158; lemma_gr=γύψος; edition_pages=2.205-206
PAUL_AEG-7.3.160,PAUL_AEG,7.3.160,Δᾷδες,,,,"Δᾷδες ἔχουσί τι δριμὺ καὶ συμπεπτικὸν καὶ ῥυπτικόν· ὅθεν ὄξει μὲν ἑψηθεῖσαι ὀδονταλγίας ἰῶνται διακλυζομένου τοῦ ὄξους, εἰ δὲ καὶ μέλιτος προσλάβοιεν, ἀποφλεγματίζουσι, μιγνύμεναι δὲ καὶ ἐκλείκτοις εὐανάγωγα ποιοῦσι τὰ κατὰ θώρακα.","δαδες εχουσι τι δριμυ και συμπεπτικον και ρυπτικον· οθεν οξει μεν εψηθεισαι οδονταλγιας ιωνται διακλυζομενου του οξους, ει δε και μελιτος προσλαβοιεν, αποφλεγματιζουσι, μιγνυμεναι δε και εκλεικτοις ευαναγωγα ποιουσι τα κατα θωρακα.",,draft,2,206,206,32,paul_row=159; lemma_gr=δᾷδες; edition_pages=2.206
PAUL_AEG-7.3.161,PAUL_AEG,7.3.161,Δαμασκηνά,,,,Δαμασκηνὰ ἐν τῷ περὶ κοκκυμήλων ῥηθήσεται.,δαμασκηνα εν τω περι κοκκυμηλων ρηθησεται.,,draft,2,206,206,6,paul_row=160; lemma_gr=δαμασκηνά; edition_pages=2.206
PAUL_AEG-7.3.162,PAUL_AEG,7.3.162,Δαμασώνιον,,,,Δαμασώνιον ῥυπτικήν τινα δύναμιν ἔχει· δι' ὃ λίθους θρύπτει καὶ τὰ κατὰ κοιλίαν εἰς οὖρα μεθίστησιν.,δαμασωνιον ρυπτικην τινα δυναμιν εχει· δι' ο λιθους θρυπτει και τα κατα κοιλιαν εις ουρα μεθιστησιν.,,draft,2,206,206,16,paul_row=161; lemma_gr=δαμασώνιον; edition_pages=2.206
PAUL_AEG-7.3.163,PAUL_AEG,7.3.163,Δαῦκος ὁ καὶ σταφυλῖνος,,,,"Δαῦκος ὁ καὶ σταφυλῖνος διττός· οὗπερ ἡ ῥίζα φυσώδης τέ ἐστι καὶ ἀφροδισιαστική, τὸ δὲ τοῦ ἀγρίου σπέρμα τελέως ἐστὶν ἄφυσον καὶ οὐρητικὸν καὶ καταμηνίων κινητικόν, ὡσαύτως δὲ καὶ ἡ πόα.","δαυκος ο και σταφυλινος διττος· ουπερ η ριζα φυσωδης τε εστι και αφροδισιαστικη, το δε του αγριου σπερμα τελεως εστιν αφυσον και ουρητικον και καταμηνιων κινητικον, ωσαυτως δε και η ποα.",,draft,2,206,206,31,paul_row=162; lemma_gr=δαῦκος:σταφυλῖνος; edition_pages=2.206
PAUL_AEG-7.3.164,PAUL_AEG,7.3.164,Δάφνης τοῦ δένδρου,,,,"Δάφνης τοῦ δένδρου τὰ μὲν φύλλα ξηραίνει καὶ θερμαίνει σφοδρῶς, μᾶλλον δὲ ὁ καρπός· ὁ δὲ τῆς ῥίζης φλοιὸς πικρός τε ὢν καὶ ὑποστύφων λίθους τε θρύπτει καὶ ἡπατικοὺς ὠφελεῖ σὺν οἴνῳ εὐώδει τριώβολον πινόμενος.","δαφνης του δενδρου τα μεν φυλλα ξηραινει και θερμαινει σφοδρως, μαλλον δε ο καρπος· ο δε της ριζης φλοιος πικρος τε ων και υποστυφων λιθους τε θρυπτει και ηπατικους ωφελει συν οινω ευωδει τριωβολον πινομενος.",,draft,2,206,206,35,paul_row=163; lemma_gr=δάφνης τοῦ δένδρου; edition_pages=2.206
PAUL_AEG-7.3.165,PAUL_AEG,7.3.165,Δάφνη ἡ πόα ἡ καὶ Ἀλεξανδρεία,,,,Δάφνη ἡ πόα ἡ καὶ Ἀλεξανδρεία καλουμένη θερμή τε καὶ δριμεῖα καὶ ὑπόπικρός ἐστιν· δι' ὃπερ ἔμμηνά τε καὶ οὖρα κινεῖ. καὶ τὸ δαφνοειδὲς δὲ τῆς αὐτῆς ἐστι δυνάμεως καὶ ἡ χαμαιδάφνη· αὕτη δὲ καὶ ἐσθίεται.,δαφνη η ποα η και αλεξανδρεια καλουμενη θερμη τε και δριμεια και υποπικρος εστιν· δι' οπερ εμμηνα τε και ουρα κινει. και το δαφνοειδες δε της αυτης εστι δυναμεως και η χαμαιδαφνη· αυτη δε και εσθιεται.,,draft,2,206,206,36,paul_row=164; lemma_gr=δάφνη Ἀλεξάνδρεια; edition_pages=2.206; derived_from=alias_review
PAUL_AEG-7.3.166,PAUL_AEG,7.3.166,Δέρμα προβάτου,,,,Δέρμα προβάτου νεόδαρτον ἔτι θερμὸν τοῖς μεμαστιγωμένοις περιτεθὲν θαυμαστῶς αὐτοὺς ἰᾶται. τοῦ δὲ ἱπποποτάμου τὸ δέρμα καιόμενον καὶ μεθ' ὕδατος λεῖον ἐπιτιθέμενον φυμάτων σκορπιστικὸν γίνεται. τὸ δὲ τῆς ἔχεως λεῖον ἐπιτιθέμενον ταῖς ἀλωπεκίαις θαυμαστῶς ἐπιφύει τὰς τρίχας.,δερμα προβατου νεοδαρτον ετι θερμον τοις μεμαστιγωμενοις περιτεθεν θαυμαστως αυτους ιαται. του δε ιπποποταμου το δερμα καιομενον και μεθ' υδατος λειον επιτιθεμενον φυματων σκορπιστικον γινεται. το δε της εχεως λειον επιτιθεμενον ταις αλωπεκιαις θαυμαστως επιφυει τας τριχας.,,draft,2,206,206,37,paul_row=165; lemma_gr=δέρμα προβάτου; edition_pages=2.206
PAUL_AEG-7.3.167,PAUL_AEG,7.3.167,Δέρματα κασσυμάτων παλαιῶν,,,,Δέρματα κασσυμάτων παλαιῶν κεκαυμένα ξηραντικὴν ποιοῦσι τέφραν· ὅθεν τά τε ἐξ ὑποδημάτων θεραπεύει θλίμματα μηκέτι φλεγμαίνοντα καὶ πυρίκαυτα καὶ παρατρίμματα.,δερματα κασσυματων παλαιων κεκαυμενα ξηραντικην ποιουσι τεφραν· οθεν τα τε εξ υποδηματων θεραπευει θλιμματα μηκετι φλεγμαινοντα και πυρικαυτα και παρατριμματα.,,draft,2,206,207,20,paul_row=166; lemma_gr=δέρματα κασσυμάτων παλαιῶν; edition_pages=2.206-207
PAUL_AEG-7.3.168,PAUL_AEG,7.3.168,Δίκταμνον,,,,"Δίκταμνον λεπτομερεστέρας ἐστὶ δυνάμεως ἢ κατὰ γλήχωνα, τὰ δὲ ἄλλα παραπλήσιον αὐτῇ. τὸ δὲ καλούμενον ψευδοδίκταμνον ἀσθενέστερόν ἐστιν.","δικταμνον λεπτομερεστερας εστι δυναμεως η κατα γληχωνα, τα δε αλλα παραπλησιον αυτη. το δε καλουμενον ψευδοδικταμνον ασθενεστερον εστιν.",,draft,2,207,207,18,paul_row=167; lemma_gr=δίκταμνον; edition_pages=2.207
PAUL_AEG-7.3.169,PAUL_AEG,7.3.169,Διονυσιὰς,,,,Διονυσιὰς εἴρηται ἀνδρόσαιμον.,διονυσιας ειρηται ανδροσαιμον.,,draft,2,207,207,3,paul_row=168; lemma_gr=διονυσιάς; edition_pages=2.207
PAUL_AEG-7.3.170,PAUL_AEG,7.3.170,Διφρυγὲς,,,,Διφρυγὲς μικτῆς ἐστι δυνάμεως· ἔχει γάρ τι καὶ στῦφον καὶ δριμὺ μετρίως· δι' ὃ καὶ τῶν κακοήθων ἑλκῶν ἀγαθόν ἐστι φάρμακον.,διφρυγες μικτης εστι δυναμεως· εχει γαρ τι και στυφον και δριμυ μετριως· δι' ο και των κακοηθων ελκων αγαθον εστι φαρμακον.,,draft,2,207,207,21,paul_row=169; lemma_gr=διφρυγές; edition_pages=2.207
PAUL_AEG-7.3.171,PAUL_AEG,7.3.171,Διψακοῦ τῆς ἀκάνθης,,,,"Διψακοῦ τῆς ἀκάνθης ἡ ῥίζα ξηραντικὴ δευτέρας ἐστὶ τάξεως, ἔχει δέ τι καὶ ῥυπτικόν.","διψακου της ακανθης η ριζα ξηραντικη δευτερας εστι ταξεως, εχει δε τι και ρυπτικον.",,draft,2,207,207,14,paul_row=170; lemma_gr=διψακοῦ τῆς ἀκάνθης; edition_pages=2.207
PAUL_AEG-7.3.172,PAUL_AEG,7.3.172,Δορύκνιον,,,,"Δορύκνιον ὅμοιόν ἐστι τῇ κράσει μήκωνι καὶ μανδραγόρᾳ ψῦχον ἀμέτρως· ναρκοῖ μὲν γὰρ ὀλίγον, ἀναιρεῖ δὲ πλείω ληφθέν.","δορυκνιον ομοιον εστι τη κρασει μηκωνι και μανδραγορα ψυχον αμετρως· ναρκοι μεν γαρ ολιγον, αναιρει δε πλειω ληφθεν.",,draft,2,207,207,18,paul_row=171; lemma_gr=δορύκνιον; edition_pages=2.207
PAUL_AEG-7.3.173,PAUL_AEG,7.3.173,Δρακόντιον,,,,"Δρακόντιον ἔχει μέν τι παραπλήσιον ἄρῳ, δριμύτερον δέ ἐστιν αὐτοῦ καὶ πικρότερον καὶ θερμότερον καὶ λεπτομερέστερον, ἔχει δέ τι καὶ στύψεως. ἡ μὲν οὖν ῥίζα αὐτοῦ τὰ σπλάγχνα διακαθαίρει ποθεῖσα καὶ τῶν κακοήθων ἑλκῶν ἄριστόν ἐστι φάρμακον· καὶ τὰ φύλλα δὲ παραπλήσια, ὁ δὲ καρπὸς ἰσχυρότερός ἐστιν.","δρακοντιον εχει μεν τι παραπλησιον αρω, δριμυτερον δε εστιν αυτου και πικροτερον και θερμοτερον και λεπτομερεστερον, εχει δε τι και στυψεως. η μεν ουν ριζα αυτου τα σπλαγχνα διακαθαιρει ποθεισα και των κακοηθων ελκων αριστον εστι φαρμακον· και τα φυλλα δε παραπλησια, ο δε καρπος ισχυροτερος εστιν.",,draft,2,207,207,47,paul_row=172; lemma_gr=δρακόντιον; edition_pages=2.207
PAUL_AEG-7.3.174,PAUL_AEG,7.3.174,Δρυοπτερὶς,,,,"Δρυοπτερὶς γλυκεῖά τε καὶ δριμεῖα καὶ ὑπόπικρός ἐστι, κατὰ δὲ τὴν ῥίζαν καὶ στρυφνή, δύναμιν δὲ ἔχει σηπτικήν, ὅθεν καὶ τρίχας ψιλοῖ.","δρυοπτερις γλυκεια τε και δριμεια και υποπικρος εστι, κατα δε την ριζαν και στρυφνη, δυναμιν δε εχει σηπτικην, οθεν και τριχας ψιλοι.",,draft,2,207,207,22,paul_row=173; lemma_gr=δρυοπτερίς; edition_pages=2.207
PAUL_AEG-7.3.175,PAUL_AEG,7.3.175,Δρυὸς,,,,"Δρυὸς τά τε φύλλα καὶ ὁ καρπὸς ξηραντικῆς τε καὶ χλιαρᾶς ἐστι δυνάμεως, ὥστε καὶ τραύματα πρόσφατα κολλᾶν καὶ φλεγμονὰς ἀρχομένας ἰᾶσθαι. τὸ δὲ ὑπὸ τῷ κελύφει τῆς βαλάνου ὑμενῶδες τὸ περὶ τῇ σαρκὶ τοῦ καρποῦ στυπτικώτερον ὑπάρχον πρός τε ῥοῦν γυναικεῖον καὶ τὰ λοιπὰ ῥοώδη δίδοται νοσήματα.","δρυος τα τε φυλλα και ο καρπος ξηραντικης τε και χλιαρας εστι δυναμεως, ωστε και τραυματα προσφατα κολλαν και φλεγμονας αρχομενας ιασθαι. το δε υπο τω κελυφει της βαλανου υμενωδες το περι τη σαρκι του καρπου στυπτικωτερον υπαρχον προς τε ρουν γυναικειον και τα λοιπα ροωδη διδοται νοσηματα.",,draft,2,207,207,48,paul_row=174; lemma_gr=δρυός; edition_pages=2.207
PAUL_AEG-7.3.176,PAUL_AEG,7.3.176,Ἔβενος,,,,Ἔβενος τὸ ξύλον θερμαντικῆς τέ ἐστι καὶ ῥυπτικῆς καὶ λεπτομεροῦς δυνάμεως· ὅθεν καὶ τὰ ταῖς κόραις ἐπισκοτοῦντα πεπίστευται ῥύπτειν καὶ ἄλλαις ὀφθαλμικαῖς μίγνυται δυνάμεσιν.,εβενος το ξυλον θερμαντικης τε εστι και ρυπτικης και λεπτομερους δυναμεως· οθεν και τα ταις κοραις επισκοτουντα πεπιστευται ρυπτειν και αλλαις οφθαλμικαις μιγνυται δυναμεσιν.,,draft,2,207,207,24,paul_row=175; lemma_gr=ἔβενος; edition_pages=2.207
PAUL_AEG-7.3.177,PAUL_AEG,7.3.177,Ἐγκέφαλον λαγωοῦ,,,,"Ἐγκέφαλον λαγωοῦ ἑψηθέντα παρατριβόμενόν τε καὶ ἐσθιόμενον ἐπὶ τῶν ὀδοντιώντων παιδίων ὠφέλιμον εἶναί φασι· τινὲς δὲ καὶ τρόμοις βοηθεῖν ἐσθιόμενον τὸν ἐγκέφαλον ἔγραψαν. τὸν δὲ τοῦ ἀλεκτρυόνος σὺν οἴνῳ πινόμενον θηριοδήκτοις φησὶ Διοσκουρίδης βοηθεῖν καὶ τὰς ἐκ μηνίγγων ἐπέχειν αἱμορραγίας. τὸν δὲ τῆς καμήλου φησὶν ὁ Γαληνὸς ξηρὸν μετ' ὄξους πινόμενον ἐπιληπτικοὺς θεραπεύειν καὶ τὸν τῆς γαλῆς ὁμοίως· τὸν δὲ τῆς χελιδόνος μετὰ μέλιτος πρὸς ὑποχύσεις ποιεῖν, τὸν δέ γε τῶν προβάτων σκευασθέντα ὁμοίως ταῖς τῶν παιδίων ὀδοντοφυίαις ἀκριβῶς βοηθεῖν.","εγκεφαλον λαγωου εψηθεντα παρατριβομενον τε και εσθιομενον επι των οδοντιωντων παιδιων ωφελιμον ειναι φασι· τινες δε και τρομοις βοηθειν εσθιομενον τον εγκεφαλον εγραψαν. τον δε του αλεκτρυονος συν οινω πινομενον θηριοδηκτοις φησι διοσκουριδης βοηθειν και τας εκ μηνιγγων επεχειν αιμορραγιας. τον δε της καμηλου φησιν ο γαληνος ξηρον μετ' οξους πινομενον επιληπτικους θεραπευειν και τον της γαλης ομοιως· τον δε της χελιδονος μετα μελιτος προς υποχυσεις ποιειν, τον δε γε των προβατων σκευασθεντα ομοιως ταις των παιδιων οδοντοφυιαις ακριβως βοηθειν.",,draft,2,208,208,80,paul_row=176; lemma_gr=ἐγκέφαλος λαγωοῦ; edition_pages=2.208
PAUL_AEG-7.3.178,PAUL_AEG,7.3.178,Ἐλαίας,,,,"Ἐλαίας οἱ μὲν θαλλοὶ τοσοῦτον μετέχουσι ψύξεως, ὅσον καὶ στύψεως, ὁ δὲ καρπὸς ὁ μὲν ἀκριβῶς πέπειρος θερμότερος συμμέτρως ἐστίν, ὁ δὲ ἄωρος στυπτικώτερός τε καὶ ψυχρότερος.","ελαιας οι μεν θαλλοι τοσουτον μετεχουσι ψυξεως, οσον και στυψεως, ο δε καρπος ο μεν ακριβως πεπειρος θερμοτερος συμμετρως εστιν, ο δε αωρος στυπτικωτερος τε και ψυχροτερος.",,draft,2,208,208,27,paul_row=177; lemma_gr=ἐλαία; edition_pages=2.208
PAUL_AEG-7.3.179,PAUL_AEG,7.3.179,Ἐλαίας Αἰθιοπικῆς,,,,Ἐλαίας Αἰθιοπικῆς τὸ δάκρυον προσεοικὸς ἀμμωνιακῷ λεπτῷ ῥυπτικῆς ἐστι δυνάμεως· δι' ὃ πρὸς οὐλὰς καὶ λευκώματα καὶ ἀμβλυωπίας αὐτῷ χρῶνται καὶ πρὸς ὀδόντων πόνους ἐντιθεμένῳ τῷ βρώματι. φασὶ δέ τινες ταύτην εἶναι τὴν ἀγρίαν ἐλαίαν.,ελαιας αιθιοπικης το δακρυον προσεοικος αμμωνιακω λεπτω ρυπτικης εστι δυναμεως· δι' ο προς ουλας και λευκωματα και αμβλυωπιας αυτω χρωνται και προς οδοντων πονους εντιθεμενω τω βρωματι. φασι δε τινες ταυτην ειναι την αγριαν ελαιαν.,,draft,2,208,208,35,paul_row=178; lemma_gr=ἐλαίας αἰθιοπικῆς; edition_pages=2.208
PAUL_AEG-7.3.180,PAUL_AEG,7.3.180,Ἔλαιον,,,,"Ἔλαιον τὸ μὲν ἐκ τῆς δρυπεποῦς ἐλαίας γλυκὺ θερμόν τε μετρίως ἐστὶ καὶ μᾶλλον ὑγραντικόν· τὸ δὲ ὠμοτριβές, εἰς ὅσον μετέχει στύψεως, εἰς τοσοῦτον καὶ ψύξεως· τὸ δὲ πεπλυμένον ἀδηκτότερόν ἐστι· τὸ δὲ παλαιόν, ὅσῳ παλαιότερον, τοσοῦτόν ἐστι θερμότερόν τε καὶ διαφορητικώτερον, καὶ μάλιστα, εἰ λεπτομερὲς ἐξ ἀρχῆς εἴη· κρίνεται δὲ τοῦτο τῷ τε καθαρὸν εἶναι καὶ διαυγὲς καὶ τῷ ἐξ ὀλίγου πολὺ τοῦ σώματος ἀλείφεσθαι καὶ ῥᾳδίως ἀναπίνεσθαι πρὸς τοῦ χρωτός, τοιοῦτον δὲ μάλιστα τὸ Σαβῖνόν ἐστι. τὸ δὲ ἀπὸ τῆς ἀγρίας ἐλαίας ῥυπτικόν τε ἅμα καὶ στυπτικόν ἐστι καὶ αὐχμηρότατον ὡς ἐν ἐλαίοις. καὶ τὸ κίκινον δὲ ἰσοδυναμεῖ τῷ παλαιῷ· τὰ δὲ λοιπά, οἷον ῥαφάνινον, σησάμινον καὶ τὰ ἄλλα, πρὸς τὰς οὐσίας, ἐξ ὧν γέγονε, καὶ τὰς διαφορὰς ἔχει τῆς δυνάμεως.","ελαιον το μεν εκ της δρυπεπους ελαιας γλυκυ θερμον τε μετριως εστι και μαλλον υγραντικον· το δε ωμοτριβες, εις οσον μετεχει στυψεως, εις τοσουτον και ψυξεως· το δε πεπλυμενον αδηκτοτερον εστι· το δε παλαιον, οσω παλαιοτερον, τοσουτον εστι θερμοτερον τε και διαφορητικωτερον, και μαλιστα, ει λεπτομερες εξ αρχης ειη· κρινεται δε τουτο τω τε καθαρον ειναι και διαυγες και τω εξ ολιγου πολυ του σωματος αλειφεσθαι και ραδιως αναπινεσθαι προς του χρωτος, τοιουτον δε μαλιστα το σαβινον εστι. το δε απο της αγριας ελαιας ρυπτικον τε αμα και στυπτικον εστι και αυχμηροτατον ως εν ελαιοις. και το κικινον δε ισοδυναμει τω παλαιω· τα δε λοιπα, οιον ραφανινον, σησαμινον και τα αλλα, προς τας ουσιας, εξ ων γεγονε, και τας διαφορας εχει της δυναμεως.",,draft,2,208,208,123,paul_row=179; lemma_gr=ἔλαιον; edition_pages=2.208
PAUL_AEG-7.3.181,PAUL_AEG,7.3.181,Ἐλαιόμελι,,,,"Ἐλαιόμελι. κατὰ Συρίαν ἔκ τινος στελέχους ἔλαιον ῥεῖ παχύτερον μέλιτος καὶ γλυκὺ τῇ γεύσει· ὃ πινόμενον πλῆθος κυάθων β μετὰ κοτύλης ὕδατος ἄγει τὸ κατὰ κοιλίαν ὠμὸν καὶ χολῶδες. νωθροὶ δὲ γίνονται οἱ λαμβάνοντες, καὶ οὐ δεῖ φοβεῖσθαι, ἀλλὰ διεγείρειν αὐτούς.","ελαιομελι. κατα συριαν εκ τινος στελεχους ελαιον ρει παχυτερον μελιτος και γλυκυ τη γευσει· ο πινομενον πληθος κυαθων β μετα κοτυλης υδατος αγει το κατα κοιλιαν ωμον και χολωδες. νωθροι δε γινονται οι λαμβανοντες, και ου δει φοβεισθαι, αλλα διεγειρειν αυτους.",,draft,2,209,209,41,paul_row=180; lemma_gr=ἐλαιόμελι; edition_pages=2.209
PAUL_AEG-7.3.182,PAUL_AEG,7.3.182,Ἐλατήριον,,,,"Ἐλατήριον ὁ χυλὸς τοῦ καρποῦ τοῦ ἀγρίου σικύου προσαγορεύεται δευτέρας ὑπάρχον τῶν θερμαινόντων τάξεως· ὅπερ ἔμμηνά τε προκαλεῖται καὶ τὰ κυούμενα διαφθείρει προστιθέμενον διὰ τὴν ἄκραν πικρότητα· κενοῖ δὲ καὶ διὰ ῥινῶν μετὰ γάλακτος ἐγχριόμενον, ἐνιέμενον δὲ κάτωθεν κενοῖ φλέγμα, ἐνίοτε δὲ καὶ αἷμα.","ελατηριον ο χυλος του καρπου του αγριου σικυου προσαγορευεται δευτερας υπαρχον των θερμαινοντων ταξεως· οπερ εμμηνα τε προκαλειται και τα κυουμενα διαφθειρει προστιθεμενον δια την ακραν πικροτητα· κενοι δε και δια ρινων μετα γαλακτος εγχριομενον, ενιεμενον δε κατωθεν κενοι φλεγμα, ενιοτε δε και αιμα.",,draft,2,209,209,44,paul_row=181; lemma_gr=ἐλατήριον; edition_pages=2.209
PAUL_AEG-7.3.183,PAUL_AEG,7.3.183,Ἐλάτη,,,,Ἐλάτη τὸ δένδρον θερμαίνει καὶ ξηραίνει παραπλησίως αἰγείρῳ. περὶ δὲ τῆς ῥητίνης αὐτῆς ἐν τῷ περὶ ῥητινῶν εἰρήσεται.,ελατη το δενδρον θερμαινει και ξηραινει παραπλησιως αιγειρω. περι δε της ρητινης αυτης εν τω περι ρητινων ειρησεται.,,draft,2,209,209,18,paul_row=182; lemma_gr=ἐλάτη; edition_pages=2.209
PAUL_AEG-7.3.184,PAUL_AEG,7.3.184,Ἐλατίνη,,,,Ἐλατίνη (πόα δέ ἐστι παραπλησία τῇ ἑλξίνῃ) μετρίως ἐμψύχει τε καὶ στύφει.,ελατινη (ποα δε εστι παραπλησια τη ελξινη) μετριως εμψυχει τε και στυφει.,,draft,2,209,209,12,paul_row=183; lemma_gr=ἐλατίνη; edition_pages=2.209
PAUL_AEG-7.3.185,PAUL_AEG,7.3.185,Ἐλαφόβοσκος,,,,Ἐλαφόβοσκος θερμῆς καὶ ξηρᾶς ἐστι δυνάμεως κατὰ τὴν δευτέραν ἀπόστασιν καὶ λεπτομεροῦς.,ελαφοβοσκος θερμης και ξηρας εστι δυναμεως κατα την δευτεραν αποστασιν και λεπτομερους.,,draft,2,209,209,12,paul_row=184; lemma_gr=ἐλαφόβοσκος; edition_pages=2.209
PAUL_AEG-7.3.186,PAUL_AEG,7.3.186,Ἐλελίσφακος,,,,Ἐλελίσφακος ἐναργῶς θερμαίνει τε καὶ ὑποστύφει.,ελελισφακος εναργως θερμαινει τε και υποστυφει.,,draft,2,209,209,6,paul_row=185; lemma_gr=ἐλελίσφακος; edition_pages=2.209
PAUL_AEG-7.3.187,PAUL_AEG,7.3.187,Ἑλένιον,,,,Ἑλένιον θερμόν ἐστι καὶ ξηρὸν σὺν ὑγρότητι περιττωματικῇ· δι' ὃ καὶ τὰ ἐκ θώρακος ἐκλείκτοις μιγνύμενον ἀνάγει. καὶ φοινίσσουσι δὲ δι' αὐτοῦ τὰ μόρια.,ελενιον θερμον εστι και ξηρον συν υγροτητι περιττωματικη· δι' ο και τα εκ θωρακος εκλεικτοις μιγνυμενον αναγει. και φοινισσουσι δε δι' αυτου τα μορια.,,draft,2,209,209,24,paul_row=186; lemma_gr=ἑλένιον; edition_pages=2.209
PAUL_AEG-7.3.188,PAUL_AEG,7.3.188,Ἐλεοσέλινον,,,,Ἐλεοσέλινον ἐν τοῖς ἐφύδροις γεννώμενον τόποις τὰ αὐτὰ δύναται τῷ κηπευτῷ σελίνῳ μεῖζον αὐτοῦ ὄν.,ελεοσελινον εν τοις εφυδροις γεννωμενον τοποις τα αυτα δυναται τω κηπευτω σελινω μειζον αυτου ον.,,draft,2,209,209,15,paul_row=187; lemma_gr=ἐλεοσέλινον; edition_pages=2.209
PAUL_AEG-7.3.189,PAUL_AEG,7.3.189,Ἐλέφαντος,,,,Ἐλέφαντος τὰ ἐκ τοῦ ὄνυχος ῥινήματα καταπλασσόμενα παρωνυχίας θεραπεύει. καὶ τὰ τῶν ὀστῶν δὲ καὶ τῶν ὀδόντων αὐτοῦ ξηρᾶς τε καὶ ῥυπτικῆς ὄντα δυνάμεως τοῖς τοιούτοις μίγνυται φαρμάκοις.,ελεφαντος τα εκ του ονυχος ρινηματα καταπλασσομενα παρωνυχιας θεραπευει. και τα των οστων δε και των οδοντων αυτου ξηρας τε και ρυπτικης οντα δυναμεως τοις τοιουτοις μιγνυται φαρμακοις.,,draft,2,209,209,28,paul_row=188; lemma_gr=ἐλέφαντος ὀδούς; edition_pages=2.209
PAUL_AEG-7.3.190,PAUL_AEG,7.3.190,Ἕλκυσμα τοῦ ἀργύρου,,,,Ἕλκυσμα τοῦ ἀργύρου ἐστὶν ἡ σκωρία τὴν αὐτὴν ἔχουσα μολυβδαίνῃ δύναμιν· στυπτικὴ γάρ ἐστι καὶ ἐπισπαστική· ὅθεν ἐμπλάστροις φαιαῖς τε καὶ ἀφουλωτικαῖς μίγνυται.,ελκυσμα του αργυρου εστιν η σκωρια την αυτην εχουσα μολυβδαινη δυναμιν· στυπτικη γαρ εστι και επισπαστικη· οθεν εμπλαστροις φαιαις τε και αφουλωτικαις μιγνυται.,,draft,2,210,210,23,paul_row=189; lemma_gr=ἕλκυσμα τοῦ ἀργύρου; edition_pages=2.210
PAUL_AEG-7.3.191,PAUL_AEG,7.3.191,Ἐλλέβορος ἑκάτερος,,,,"Ἐλλέβορος ἑκάτερος θερμαίνει καὶ ξηραίνει κατὰ τὴν τρίτην ἀπόστασιν, ἔστι δὲ καὶ δριμὺς καὶ ῥυπτικός· ὅθεν πρὸς τὰ λεπρώδη τοῦ δέρματος ἁρμόττει. ὁ δὲ μέλας καὶ σύριγγας ἐν τρισὶν ἡμέραις ἐκτυλοῖ καθιέμενος.","ελλεβορος εκατερος θερμαινει και ξηραινει κατα την τριτην αποστασιν, εστι δε και δριμυς και ρυπτικος· οθεν προς τα λεπρωδη του δερματος αρμοττει. ο δε μελας και συριγγας εν τρισιν ημεραις εκτυλοι καθιεμενος.",,draft,2,210,210,32,paul_row=190; lemma_gr=ἐλλέβορος ἑκάτερος; edition_pages=2.210
PAUL_AEG-7.3.192,PAUL_AEG,7.3.192,"Ἐλίχρυσον, οἱ δὲ χρύσανθον, οἱ δὲ καὶ τοῦτο ἀμάραντον",,,,"Ἐλίχρυσον, οἱ δὲ χρύσανθον, οἱ δὲ καὶ τοῦτο ἀμάραντον, στεφανωματικόν ἐστι φυτὸν κόμην ἔχον χρυσοφανῆ· ἥτις σὺν οἴνῳ ποθεῖσα δυσουρίαις καὶ ἑρπετῶν δήγμασιν καὶ ἰσχιάσιν ἁρμόττει καὶ ῥήγμασιν ἔμμηνά τε ἄγει καὶ θρόμβους διαλύει σὺν οἰνομέλιτι ποθεῖσα καὶ κατάρροις βοηθεῖ.","ελιχρυσον, οι δε χρυσανθον, οι δε και τουτο αμαραντον, στεφανωματικον εστι φυτον κομην εχον χρυσοφανη· ητις συν οινω ποθεισα δυσουριαις και ερπετων δηγμασιν και ισχιασιν αρμοττει και ρηγμασιν εμμηνα τε αγει και θρομβους διαλυει συν οινομελιτι ποθεισα και καταρροις βοηθει.",,draft,2,210,210,40,paul_row=191; lemma_gr=ἐλίχρυσον:χρύσανθον:ἀμάραντον; edition_pages=2.210; derived_from=alias_review
PAUL_AEG-7.3.193,PAUL_AEG,7.3.193,"Ἑλξίνη, οἱ δὲ περδίκιον, οἱ δὲ παρθένιον, οἱ δὲ σιδηρῖτιν, οἱ δὲ Ἡρακλείαν",,,,"Ἑλξίνη, οἱ δὲ περδίκιον, οἱ δὲ παρθένιον, οἱ δὲ σιδηρῖτιν, οἱ δὲ Ἡρακλείαν, δύναμις δὲ αὐτῇ ῥυπτική τε καὶ ἀτρέμα στυπτικὴ μεθ' ὑγρότητος ὑποψύχρου.","ελξινη, οι δε περδικιον, οι δε παρθενιον, οι δε σιδηριτιν, οι δε ηρακλειαν, δυναμις δε αυτη ρυπτικη τε και ατρεμα στυπτικη μεθ' υγροτητος υποψυχρου.",,draft,2,210,210,24,paul_row=192; lemma_gr=ἑλξίνη:περδίκιον:παρθένιον:σιδηρῖτις:ἡράκλεια; edition_pages=2.210; derived_from=alias_review
PAUL_AEG-7.3.194,PAUL_AEG,7.3.194,Ἑλξίνη ἡ καὶ κισσάμπελος,,,,Ἑλξίνη ἡ καὶ κισσάμπελος διαφορητικῆς ἐστι δυνάμεως.,ελξινη η και κισσαμπελος διαφορητικης εστι δυναμεως.,,draft,2,210,210,7,paul_row=193; lemma_gr=ἑλξίνη:κισσάμπελος; edition_pages=2.210; derived_from=alias_review
PAUL_AEG-7.3.195,PAUL_AEG,7.3.195,Ἔλυμος ἡ καὶ μελίνη,,,,Ἔλυμος ἡ καὶ μελίνη ὁμοία ἐστὶ κέγχρῳ ξηραντική τε καὶ ψυκτικὴ τὴν δύναμιν ἔξωθεν ἐπιπλασθεῖσα· ξηραίνει δὲ καὶ τὰ κατὰ γαστέρα ῥεύματα.,ελυμος η και μελινη ομοια εστι κεγχρω ξηραντικη τε και ψυκτικη την δυναμιν εξωθεν επιπλασθεισα· ξηραινει δε και τα κατα γαστερα ρευματα.,,draft,2,210,210,22,paul_row=194; lemma_gr=ἔλυμος:μελίνη; edition_pages=2.210; derived_from=alias_review
PAUL_AEG-7.3.196,PAUL_AEG,7.3.196,Ἔμπετρον ἢ πρασοειδὲς,,,,Ἔμπετρον ἢ πρασοειδὲς καθαρτικόν ἐστι φάρμακον ἄγον φλέγμα καὶ χολήν. ἔστι δὲ καὶ ἁλυκόν· δι' ὃ καὶ ῥυπτικὸν ἂν εἴη.,εμπετρον η πρασοειδες καθαρτικον εστι φαρμακον αγον φλεγμα και χολην. εστι δε και αλυκον· δι' ο και ρυπτικον αν ειη.,,draft,2,210,210,20,paul_row=195; lemma_gr=ἔμπετρον:πρασοειδές; edition_pages=2.210
PAUL_AEG-7.3.197,PAUL_AEG,7.3.197,Ἐπίθυμον,,,,Ἐπίθυμον ξηραίνει καὶ θερμαίνει κατὰ τὴν τρίτην ἀπόστασιν δραστικώτερον θύμου.,επιθυμον ξηραινει και θερμαινει κατα την τριτην αποστασιν δραστικωτερον θυμου.,,draft,2,210,210,10,paul_row=196; lemma_gr=ἐπίθυμον; edition_pages=2.210
PAUL_AEG-7.3.198,PAUL_AEG,7.3.198,Ἐπιμηδίου,,,,Ἐπιμηδίου ἡ δύναμις ψυκτικὴ μετρίως ἐστὶ μεθ' ὑγρότητος ὑδατώδους· ἥτις καταπλασσομένη μαστοὺς ὀρθίους διαφυλάττει· λέγεται δὲ καὶ ἄτοκος πινομένη.,επιμηδιου η δυναμις ψυκτικη μετριως εστι μεθ' υγροτητος υδατωδους· ητις καταπλασσομενη μαστους ορθιους διαφυλαττει· λεγεται δε και ατοκος πινομενη.,,draft,2,210,210,19,paul_row=197; lemma_gr=ἐπιμήδιον; edition_pages=2.210
PAUL_AEG-7.3.199,PAUL_AEG,7.3.199,Ἐπιμηλίς,,,,"Ἐπιμηλίς, ἥτις καὶ οὐνέδων παρὰ τοῖς Ἰταλικοῖς ἀγροίκοις καλεῖται, ἔστι δὲ οἷον ἀγρία μηλέα· ἧς ὁ καρπὸς στρυφνὸς μέν ἐστι, κακοστόμαχος δὲ καὶ κεφαλαλγής.","επιμηλις, ητις και ουνεδων παρα τοις ιταλικοις αγροικοις καλειται, εστι δε οιον αγρια μηλεα· ης ο καρπος στρυφνος μεν εστι, κακοστομαχος δε και κεφαλαλγης.",,draft,2,210,210,24,paul_row=198; lemma_gr=ἐπιμηλίς; edition_pages=2.210
PAUL_AEG-7.3.200,PAUL_AEG,7.3.200,"Ἐπιτακτίς, οἱ δὲ ἐλλεβορίνην",,,,"Ἐπιτακτίς, οἱ δὲ ἐλλεβορίνην, πίνεται πρὸς τὰ θανάσιμα καὶ τὰ καθ' ἧπαρ νοσήματα.","επιτακτις, οι δε ελλεβορινην, πινεται προς τα θανασιμα και τα καθ' ηπαρ νοσηματα.",,draft,2,211,211,13,paul_row=199; lemma_gr=ἐπιτακτίς:ἐλλεβορίνη; edition_pages=2.211; derived_from=alias_review
PAUL_AEG-7.3.201,PAUL_AEG,7.3.201,Ἐρέβινθος,,,,"Ἐρέβινθος. τὸ μὲν σύνηθες ὄσπριον φυσῶδές ἐστι, τρόφιμον, εὐκοίλιον, διουρητικόν, γάλακτος καὶ σπέρματος γεννητικόν, καταμηνίων ἀγωγόν, οἱ δὲ κριοὶ καλούμενοι τῶν ἄλλων εἰσὶν οὐρητικώτεροι, τὸ δὲ ἀφέψημα αὐτῶν καὶ λίθους τοὺς ἐν νεφροῖς θρύπτει, καὶ μάλιστα τῶν μελάνων. οἱ δὲ ὀροβιαῖοι καλούμενοι θερμότεροι τούτων εἰσὶ καὶ ὑπόπικροι. οἱ δὲ ἄγριοι κατὰ πάντα τῶν ἡμέρων εἰσὶν ἰσχυρότεροι.","ερεβινθος. το μεν συνηθες οσπριον φυσωδες εστι, τροφιμον, ευκοιλιον, διουρητικον, γαλακτος και σπερματος γεννητικον, καταμηνιων αγωγον, οι δε κριοι καλουμενοι των αλλων εισιν ουρητικωτεροι, το δε αφεψημα αυτων και λιθους τους εν νεφροις θρυπτει, και μαλιστα των μελανων. οι δε οροβιαιοι καλουμενοι θερμοτεροι τουτων εισι και υποπικροι. οι δε αγριοι κατα παντα των ημερων εισιν ισχυροτεροι.",,draft,2,211,211,56,paul_row=200; lemma_gr=ἐρέβινθος; edition_pages=2.211
PAUL_AEG-7.3.202,PAUL_AEG,7.3.202,Ἔρια,,,,"Ἔρια τὰ μὲν ῥυπαρὰ χρήσιμα πρὸς τὰς ἐπιβροχάς εἰσι· πεπτικὸς γὰρ αὐτῶν ὁ οἴσυπος παραπλησίως τῷ βουτύρῳ· τὰ δὲ μὴ ῥυπαρὰ ὕλη μόνον εἰσί. τὰ δὲ κεκαυμένα δύναμιν ἔχει δριμεῖάν τε καὶ θερμὴν καὶ ξηρὰν ἅμα λεπτομερείᾳ, ὡς καὶ τὰς πλαδαρὰς σάρκας ἐπὶ τῶν ἑλκῶν ἀποτήκειν τάχιστα.","ερια τα μεν ρυπαρα χρησιμα προς τας επιβροχας εισι· πεπτικος γαρ αυτων ο οισυπος παραπλησιως τω βουτυρω· τα δε μη ρυπαρα υλη μονον εισι. τα δε κεκαυμενα δυναμιν εχει δριμειαν τε και θερμην και ξηραν αμα λεπτομερεια, ως και τας πλαδαρας σαρκας επι των ελκων αποτηκειν ταχιστα.",,draft,2,211,211,47,paul_row=201; lemma_gr=ἔρια; edition_pages=2.211
PAUL_AEG-7.3.203,PAUL_AEG,7.3.203,Ἐρίκη,,,,Ἐρίκη διαφορητικῆς ἀδήκτως ἐστὶ δυνάμεως· τῷ δὲ ἄνθει μάλιστα καὶ τοῖς φύλλοις αὐτῆς χρηστέον.,ερικη διαφορητικης αδηκτως εστι δυναμεως· τω δε ανθει μαλιστα και τοις φυλλοις αυτης χρηστεον.,,draft,2,211,211,14,paul_row=202; lemma_gr=ἐρίκη; edition_pages=2.211
PAUL_AEG-7.3.204,PAUL_AEG,7.3.204,Ἔρινος ἔφυδρός,,,,"Ἔρινος ἔφυδρός ἐστι πόα· τοῦ καρποῦ 𐅻 β μετὰ μέλιτος 𐅻 δ ἐγχριόμεναι ῥεῦμα ὀφθαλμῶν ἱστᾶσιν, ὁ δὲ χυλὸς ποιεῖ πρὸς ὠταλγίαν.","ερινος εφυδρος εστι ποα· του καρπου 𐅻 β μετα μελιτος 𐅻 δ εγχριομεναι ρευμα οφθαλμων ιστασιν, ο δε χυλος ποιει προς ωταλγιαν.",,draft,2,211,211,22,paul_row=203; lemma_gr=ἔρινος ἔφυδρός; edition_pages=2.211
PAUL_AEG-7.3.205,PAUL_AEG,7.3.205,Ἑρμοδακτύλου,,,,"Ἑρμοδακτύλου ἡ ῥίζα καθαρτικῆς ἐστι δυνάμεως αὐτή τε καὶ τὸ ἀφέψημα αὐτῆς, ἰδίως δὲ τοῖς ἀρθριτικοῖς ἐν αὐτοῖς τοῖς ῥευματισμοῖς δίδοται· ἔστι δὲ κακοστόμαχος ἱκανῶς.","ερμοδακτυλου η ριζα καθαρτικης εστι δυναμεως αυτη τε και το αφεψημα αυτης, ιδιως δε τοις αρθριτικοις εν αυτοις τοις ρευματισμοις διδοται· εστι δε κακοστομαχος ικανως.",,draft,2,211,211,25,paul_row=204; lemma_gr=ἑρμοδακτύλου; edition_pages=2.211
PAUL_AEG-7.3.206,PAUL_AEG,7.3.206,Ἕρπυλλος,,,,"Ἕρπυλλος θερμαίνει, ὥστε καὶ οὖρα καὶ καταμήνια κινεῖν.","ερπυλλος θερμαινει, ωστε και ουρα και καταμηνια κινειν.",,draft,2,211,211,8,paul_row=205; lemma_gr=ἕρπυλλος; edition_pages=2.211
PAUL_AEG-7.3.207,PAUL_AEG,7.3.207,Ἐρυθρόδανον,,,,"Ἐρυθρόδανον (ἔστι δὲ ἡ τῶν βαφέων ἐρυθρὰ ῥίζα στρυφνὴ καὶ πικρὰ σπλῆνά τε καὶ ἧπαρ καὶ νεφροὺς διακαθαίρουσα, ὥστε καὶ αἱματώδη οὐρεῖν) καταμήνιά τε κινεῖ καὶ τὰ περὶ τὸ δέρμα ἀπορρύπτει.","ερυθροδανον (εστι δε η των βαφεων ερυθρα ριζα στρυφνη και πικρα σπληνα τε και ηπαρ και νεφρους διακαθαιρουσα, ωστε και αιματωδη ουρειν) καταμηνια τε κινει και τα περι το δερμα απορρυπτει.",,draft,2,211,211,31,paul_row=206; lemma_gr=ἐρυθρόδανον; edition_pages=2.211
PAUL_AEG-7.3.208,PAUL_AEG,7.3.208,Ἐρυσίμου,,,,Ἐρυσίμου τὸ σπέρμα πυρῶδές τε καὶ θερμαντικόν ἐστιν ἐπ' ἴσης καρδάμῳ· δι' ὅπερ ὀπτηθὲν ἐν ζύμῃ τοῦ θώρακός ἐστι καθαρτικὸν ἐν ἐλλείγμασι καὶ σκληρίας μαλάσσει καὶ τοὺς κρυπτοὺς καρκίνους ὠφελεῖ καταπλασσόμενον.,ερυσιμου το σπερμα πυρωδες τε και θερμαντικον εστιν επ' ισης καρδαμω· δι' οπερ οπτηθεν εν ζυμη του θωρακος εστι καθαρτικον εν ελλειγμασι και σκληριας μαλασσει και τους κρυπτους καρκινους ωφελει καταπλασσομενον.,,draft,2,211,212,31,paul_row=207; lemma_gr=ἐρυσίμου; edition_pages=2.211-212
PAUL_AEG-7.3.209,PAUL_AEG,7.3.209,Εὔζωμον,,,,Εὔζωμον καὶ αὐτὸ παραπλησίας ὂν κράσεως φυσῶδές ἐστι· δι' ὃ καὶ εἰς συνουσίαν παρορμᾷ· τὸ δὲ σπέρμα αὐτοῦ καὶ οὐρητικόν ἐστιν. τοῦ δὲ ἡμέρου τὸ ἄγριον ἰσχυρότερον.,ευζωμον και αυτο παραπλησιας ον κρασεως φυσωδες εστι· δι' ο και εις συνουσιαν παρορμα· το δε σπερμα αυτου και ουρητικον εστιν. του δε ημερου το αγριον ισχυροτερον.,,draft,2,212,212,27,paul_row=208; lemma_gr=εὔζωμον; edition_pages=2.212
PAUL_AEG-7.3.210,PAUL_AEG,7.3.210,Εὐπατόριον,,,,Εὐπατόριον λεπτομεροῦς καὶ τμητικῆς ἐστι δυνάμεως ἄνευ θερμότητος ἐπιφανοῦς· ὅθεν καὶ τὰς καθ' ἧπαρ ἐμφράξεις καθαίρει. ἔχει δέ τι καὶ στύψεως.,ευπατοριον λεπτομερους και τμητικης εστι δυναμεως ανευ θερμοτητος επιφανους· οθεν και τας καθ' ηπαρ εμφραξεις καθαιρει. εχει δε τι και στυψεως.,,draft,2,212,212,21,paul_row=209; lemma_gr=εὐπατόριον; edition_pages=2.212
PAUL_AEG-7.3.211,PAUL_AEG,7.3.211,Εὐφόρβιον,,,,Εὐφόρβιον καυστικῆς ἐστι δυνάμεως καὶ λεπτομεροῦς ὁμοίως τοῖς ἄλλοις ὀποῖς.,ευφορβιον καυστικης εστι δυναμεως και λεπτομερους ομοιως τοις αλλοις οποις.,,draft,2,212,212,10,paul_row=210; lemma_gr=εὐφόρβιον; edition_pages=2.212
PAUL_AEG-7.3.212,PAUL_AEG,7.3.212,Ἐφήμερον,,,,"Ἐφήμερον, οὐ τὸ δηλητήριον, ἀλλ' ὅπερ ἶρις ἀγρία καλεῖται, μικτῆς ἐστι δυνάμεως ἀποκρουστικῆς τε καὶ διαφορητικῆς.","εφημερον, ου το δηλητηριον, αλλ' οπερ ιρις αγρια καλειται, μικτης εστι δυναμεως αποκρουστικης τε και διαφορητικης.",,draft,2,212,212,16,paul_row=211; lemma_gr=ἐφήμερον; edition_pages=2.212
PAUL_AEG-7.3.213,PAUL_AEG,7.3.213,Ἐχίδνης,,,,Ἐχίδνης αἱ σάρκες θερμαὶ καὶ ξηραὶ τὴν κρᾶσιν ἐναργῶς εἰσιν ἐκκαθαίρουσαι διὰ τοῦ δέρματος ὅλον τὸ σῶμα· δι' ὃ πολλοὶ τῶν ἐλεφαντιώντων ἐσθίοντες ἢ πίνοντες αὐτὰς ἰάθησαν. αἱ δὲ ἐν παραθαλασσίοις ἢ ἄλλοις ξηροῖς διαιτώμεναι χωρίοις καὶ διψώδεις μᾶλλόν εἰσιν.,εχιδνης αι σαρκες θερμαι και ξηραι την κρασιν εναργως εισιν εκκαθαιρουσαι δια του δερματος ολον το σωμα· δι' ο πολλοι των ελεφαντιωντων εσθιοντες η πινοντες αυτας ιαθησαν. αι δε εν παραθαλασσιοις η αλλοις ξηροις διαιτωμεναι χωριοις και διψωδεις μαλλον εισιν.,,draft,2,212,212,40,paul_row=212; lemma_gr=ἐχίδνης; edition_pages=2.212
PAUL_AEG-7.3.214,PAUL_AEG,7.3.214,Ἐχῖνος,,,,"Ἐχῖνος ἡ μὲν πόα στρυφνή τέ ἐστι καὶ ἀποκρουστικὴ καὶ ξηραντική, τοῦ δὲ χερσαίου ἐχίνου τοῦ ζῴου ἡ μὲν σὰρξ σκελετευθεῖσα ἰσχυρῶς ἐστι διαφορητικὴ καὶ ξηραντική· ποθεῖσα γοῦν ἐλεφαντιῶσι καὶ καχέκταις καὶ ἄλλοις βοηθεῖ πλείοσι. τὸ δὲ δέρμα αὐτοῦ καυθὲν ξηραντικώτερόν τε καὶ διαφορητικώτατον γίνεται· ἀλωπεκίας γοῦν μετὰ πίσσης ὑγρᾶς καταχριόμενον ἰᾶται. τοῦ δὲ θαλαττίου τὸ μὲν ἐδώδιμον οὐρητικόν τέ ἐστι καὶ εὐκοίλιον, τὸ δὲ ὄστρακον καυθὲν παραπλήσιον τῷ τοῦ χερσαίου γίνεται.","εχινος η μεν ποα στρυφνη τε εστι και αποκρουστικη και ξηραντικη, του δε χερσαιου εχινου του ζωου η μεν σαρξ σκελετευθεισα ισχυρως εστι διαφορητικη και ξηραντικη· ποθεισα γουν ελεφαντιωσι και καχεκταις και αλλοις βοηθει πλειοσι. το δε δερμα αυτου καυθεν ξηραντικωτερον τε και διαφορητικωτατον γινεται· αλωπεκιας γουν μετα πισσης υγρας καταχριομενον ιαται. του δε θαλαττιου το μεν εδωδιμον ουρητικον τε εστι και ευκοιλιον, το δε οστρακον καυθεν παραπλησιον τω του χερσαιου γινεται.",,draft,2,212,212,72,paul_row=213; lemma_gr=ἐχῖνος; edition_pages=2.212
PAUL_AEG-7.3.215,PAUL_AEG,7.3.215,"Ἔχιον, οἱ δὲ Δωριάδα, ἔνιοι δὲ καὶ ταύτην Ἀλκιβιάδειον",,,,"Ἔχιον, οἱ δὲ Δωριάδα, ἔνιοι δὲ καὶ ταύτην Ἀλκιβιάδειον, ἀκανθώδης ἐστὶ πόα, ἥτις οὐ μόνον τοῖς δηχθεῖσιν ὑπὸ ἑρπετοῦ βοηθεῖ ποθεῖσα μετ' οἴνου, ἀλλὰ καὶ προποθεῖσα τοὺς δακνομένους ἀβλαβεῖς διαφυλάττει.","εχιον, οι δε δωριαδα, ενιοι δε και ταυτην αλκιβιαδειον, ακανθωδης εστι ποα, ητις ου μονον τοις δηχθεισιν υπο ερπετου βοηθει ποθεισα μετ' οινου, αλλα και προποθεισα τους δακνομενους αβλαβεις διαφυλαττει.",,draft,2,212,213,30,paul_row=214; lemma_gr=ἔχιον:δωριάς:ἀλκιβιάδειον; edition_pages=2.212-213; derived_from=alias_review
PAUL_AEG-7.3.216,PAUL_AEG,7.3.216,Ἕψημα,,,,"Ἕψημα τὸ ἑψηθὲν γλεῦκος, οἱ δὲ σίραιον προσαγορεύουσιν, θερμαῖνόν τε μετρίως καὶ συμπέττον· ἔστι δὲ ἐμπλαστικόν τε καὶ ἄδηκτον.","εψημα το εψηθεν γλευκος, οι δε σιραιον προσαγορευουσιν, θερμαινον τε μετριως και συμπεττον· εστι δε εμπλαστικον τε και αδηκτον.",,draft,2,213,213,19,paul_row=215; lemma_gr=ἕψημα; edition_pages=2.213
PAUL_AEG-7.3.217,PAUL_AEG,7.3.217,Ζειὰ,,,,"Ζειὰ παραπλησίαν ἔχει τοῖς πυροῖς δύναμιν μεταξὺ μὲν οὖσα τοῦ θερμαίνειν τε καὶ ψύχειν, ἠρέμα δὲ ξηραίνουσα· ἔστι δὲ καὶ ἐμπλαστική.","ζεια παραπλησιαν εχει τοις πυροις δυναμιν μεταξυ μεν ουσα του θερμαινειν τε και ψυχειν, ηρεμα δε ξηραινουσα· εστι δε και εμπλαστικη.",,draft,2,213,213,21,paul_row=216; lemma_gr=ζειά; edition_pages=2.213
PAUL_AEG-7.3.218,PAUL_AEG,7.3.218,Ζιγγιβέρεως,,,,"Ζιγγιβέρεως ἡ ῥίζα θερμαίνει μὲν ἰσχυρῶς, ἀλλ' οὐ κατὰ τὴν πρώτην προσβολήν, ἀκατεργάστου τινὸς καὶ παχυμερεστέρας μετέχον ὑγρότητος, δι' ἣν καὶ τιτρᾶται ῥᾳδίως, μόνιμον δὲ φυλάττει τὴν θερμότητα.","ζιγγιβερεως η ριζα θερμαινει μεν ισχυρως, αλλ' ου κατα την πρωτην προσβολην, ακατεργαστου τινος και παχυμερεστερας μετεχον υγροτητος, δι' ην και τιτραται ραδιως, μονιμον δε φυλαττει την θερμοτητα.",,draft,2,213,213,28,paul_row=217; lemma_gr=ζιγγιβέρεως; edition_pages=2.213
PAUL_AEG-7.3.219,PAUL_AEG,7.3.219,Ζύθος,,,,Ζύθος σύνθετός ἐστι τὴν οὐσίαν· καὶ γὰρ δριμὺς ὡς ἂν ἐκ σηπεδόνος γεγενημένος καὶ ψυχρὸς ἐκ τῆς ὀξώδους ποιότητος· δι' ὃ καὶ κακόχυμος.,ζυθος συνθετος εστι την ουσιαν· και γαρ δριμυς ως αν εκ σηπεδονος γεγενημενος και ψυχρος εκ της οξωδους ποιοτητος· δι' ο και κακοχυμος.,,draft,2,213,213,23,paul_row=218; lemma_gr=ζύθος; edition_pages=2.213
PAUL_AEG-7.3.220,PAUL_AEG,7.3.220,Ζύμη,,,,Ζύμη καὶ αὐτὴ ἐξ ἐναντίων οὐσιῶν σύγκειται· καὶ γὰρ ὀξύτητος μετέχει ψυχρᾶς καὶ σηπεδονώδους θερμότητος καὶ προσέτι τῆς ἐκ τῶν ἁλῶν καὶ τοῦ ἀλεύρου· ἔστιν οὖν οὐ μετρίως θερμὴ καὶ διαφορητική.,ζυμη και αυτη εξ εναντιων ουσιων συγκειται· και γαρ οξυτητος μετεχει ψυχρας και σηπεδονωδους θερμοτητος και προσετι της εκ των αλων και του αλευρου· εστιν ουν ου μετριως θερμη και διαφορητικη.,,draft,2,213,213,31,paul_row=219; lemma_gr=ζύμη; edition_pages=2.213
PAUL_AEG-7.3.221,PAUL_AEG,7.3.221,Ζωμὸς,,,,"Ζωμὸς ὁ μὲν ἀπὸ τῶν νεαρῶν ἰχθύων κοιλίας ἐστὶν ὑπαγωγὸς καθ' ἑαυτόν τε καὶ μετ' οἴνου πινόμενος, ἰδίως δὲ ὁ ἀπὸ φυκίδων καὶ σκορπίων καὶ ἰούλων καὶ περκῶν καὶ τῶν ἁπαλῶν πετραίων λιτὸς μεθ' ὕδατος καὶ ἐλαίου καὶ ἀνήθου καὶ ἁλῶν· ὁμοίως δὲ καὶ ὁ τῶν ὀστρακοδέρμων, μάλιστα τελλίνων, χημῶν, κογχαρίων. καὶ ὁ τοῦ παλαιοῦ δὲ ἀλεκτρυόνος σὺν ἁλσὶν ἐπὶ πλεῖστον ἑψηθέντος ὑπακτικὸς γίνεται· ὁ δέ γε τῆς ἀλεκτορίδος τοὐναντίον ἐπικρατητικός.","ζωμος ο μεν απο των νεαρων ιχθυων κοιλιας εστιν υπαγωγος καθ' εαυτον τε και μετ' οινου πινομενος, ιδιως δε ο απο φυκιδων και σκορπιων και ιουλων και περκων και των απαλων πετραιων λιτος μεθ' υδατος και ελαιου και ανηθου και αλων· ομοιως δε και ο των οστρακοδερμων, μαλιστα τελλινων, χημων, κογχαριων. και ο του παλαιου δε αλεκτρυονος συν αλσιν επι πλειστον εψηθεντος υπακτικος γινεται· ο δε γε της αλεκτοριδος τουναντιον επικρατητικος.",,draft,2,213,213,71,paul_row=220; lemma_gr=ζωμός; edition_pages=2.213
PAUL_AEG-7.3.222,PAUL_AEG,7.3.222,Ἡδύοσμον,,,,"Ἡδύοσμον θερμὸν καὶ λεπτομερὲς καὶ δριμὺ τὴν δύναμίν ἐστιν ἐκ τῆς τρίτης που τάξεως μεθ' ὑγρότητος ἡμιπέπτου, δι' ἣν καὶ εἰς συνουσίαν παρορμᾷ. ἔχει δέ τι καὶ πικρόν· δι' ὃ τὰς ἕλμινθας ἀναιρεῖ. τῷ δὲ στρυφνῷ τὰς προσφάτους ἀναγωγὰς τοῦ αἵματος ἐπέχει.","ηδυοσμον θερμον και λεπτομερες και δριμυ την δυναμιν εστιν εκ της τριτης που ταξεως μεθ' υγροτητος ημιπεπτου, δι' ην και εις συνουσιαν παρορμα. εχει δε τι και πικρον· δι' ο τας ελμινθας αναιρει. τω δε στρυφνω τας προσφατους αναγωγας του αιματος επεχει.",,draft,2,214,214,42,paul_row=221; lemma_gr=ἡδύοσμον; edition_pages=2.214
PAUL_AEG-7.3.223,PAUL_AEG,7.3.223,Ἡδύσαρον ἢ πελεκῖνος,,,,Ἡδύσαρον ἢ πελεκῖνος πικρὸν καὶ ὑποστῦφόν ἐστιν· ὅθεν εὐστόμαχόν τε γίνεται πινόμενον ἐκκαθαίρει τε τὰς τῶν σπλάγχνων ἐμφράξεις.,ηδυσαρον η πελεκινος πικρον και υποστυφον εστιν· οθεν ευστομαχον τε γινεται πινομενον εκκαθαιρει τε τας των σπλαγχνων εμφραξεις.,,draft,2,214,214,18,paul_row=222; lemma_gr=ἡδύσαρον:πελεκῖνος; edition_pages=2.214
PAUL_AEG-7.3.224,PAUL_AEG,7.3.224,"Ἡλιοτρόπιον μέγα, ὃ δὴ καὶ σκορπίουρον καλοῦσιν",,,,"Ἡλιοτρόπιον μέγα, ὃ δὴ καὶ σκορπίουρον καλοῦσιν, θερμῆς καὶ ξηρᾶς καὶ ῥυπτικῆς ἐστι δυνάμεως· οὗ τὸ ἀφέψημα ποθὲν ἄγει φλέγμα καὶ χολήν, καταπλασσόμενος δὲ ὁ καρπὸς αὐτοῦ μυρμηκίας καὶ τὰ παραπλήσια ξηραίνει. τὸ δὲ μικρὸν καὶ ταῦτα μὲν αἴρει, καὶ ἕλμινθας δὲ κτείνει μετὰ τοῦ καρποῦ πινόμενον σὺν νίτρῳ καὶ ὑσσώπῳ καὶ καρδάμῳ.","ηλιοτροπιον μεγα, ο δη και σκορπιουρον καλουσιν, θερμης και ξηρας και ρυπτικης εστι δυναμεως· ου το αφεψημα ποθεν αγει φλεγμα και χολην, καταπλασσομενος δε ο καρπος αυτου μυρμηκιας και τα παραπλησια ξηραινει. το δε μικρον και ταυτα μεν αιρει, και ελμινθας δε κτεινει μετα του καρπου πινομενον συν νιτρω και υσσωπω και καρδαμω.",,draft,2,214,214,53,paul_row=223; lemma_gr=ἡλιοτρόπιον μέγα:σκορπίουρον; edition_pages=2.214; derived_from=alias_review
PAUL_AEG-7.3.225,PAUL_AEG,7.3.225,Ἤλεκτρον,,,,Ἤλεκτρον τὸ τῆς αἰγείρου δάκρυόν φασι κατὰ τὸν Ἠριδανὸν ποταμὸν ἀποχεόμενον καὶ πηγνύμενον χρυσοειδές· ὅπερ πινόμενον λεῖον στομάχου καὶ κοιλίας ῥεῦμα καὶ αἷμα ἐπέχει.,ηλεκτρον το της αιγειρου δακρυον φασι κατα τον ηριδανον ποταμον αποχεομενον και πηγνυμενον χρυσοειδες· οπερ πινομενον λειον στομαχου και κοιλιας ρευμα και αιμα επεχει.,,draft,2,214,214,24,paul_row=224; lemma_gr=ἤλεκτρον; edition_pages=2.214
PAUL_AEG-7.3.226,PAUL_AEG,7.3.226,Ἡμεροκαλλοῦς,,,,Ἡμεροκαλλοῦς ἡ ῥίζα παραπλησίαν ἔχουσα τῇ τοῦ κρίνου δύναμιν ὁμοίως ἐκείνῳ τὰ πυρίκαυτα ὠφελεῖ.,ημεροκαλλους η ριζα παραπλησιαν εχουσα τη του κρινου δυναμιν ομοιως εκεινω τα πυρικαυτα ωφελει.,,draft,2,214,214,14,paul_row=225; lemma_gr=ἡμεροκαλλοῦς; edition_pages=2.214
PAUL_AEG-7.3.227,PAUL_AEG,7.3.227,Ἡμιονῖτις,,,,Ἡμιονῖτις στύψεως ἅμα πικρότητι μετέχει· δι' ὃ καὶ σπληνικοὺς ὠφελεῖ σὺν ὄξει πινομένη.,ημιονιτις στυψεως αμα πικροτητι μετεχει· δι' ο και σπληνικους ωφελει συν οξει πινομενη.,,draft,2,214,214,13,paul_row=226; lemma_gr=ἡμιονῖτις; edition_pages=2.214
PAUL_AEG-7.3.228,PAUL_AEG,7.3.228,Ἧπαρ,,,,"Ἧπαρ τὸ μὲν τοῦ λυττῶντος κυνὸς ὀπτηθέν, εἰ βρωθείη, τοῖς ὑπ' αὐτοῦ δηχθεῖσί φασι βοηθεῖν, τοῦ δὲ τῆς αἰγὸς ὀπτωμένου τὸν ἰχῶρα νυκτάλωπας ὠφελεῖν ἐνσταζόμενον· καὶ τὸν ἀτμὸν δὲ αὐτοῦ δέχεσθαι τοῖς ὀφθαλμοῖς ἑψομένου κελεύουσι καὶ αὐτὸ ἐσθίειν, ἐλέγχειν τε τοὺς ἐπιληπτικούς, εἰ βρωθείη. ταὐτὰ δὲ ποιεῖν καὶ τὸ τράγειόν φασι· τὸ δὲ τῆς σαύρας ἐντεθὲν ὀδοῦσι βεβρωμένοις ἀνωδυνίαν ποιεῖν. τὸ δὲ τοῦ λύκου καὶ εἰς τὸ δι' εὐπατορίου φάρμακον ἡπατικὸν ἐμβάλλεται. τὸ δὲ ὄνειον ὀπτὸν ἐπιληπτικοὶ νήστεις ἐσθίοντες βοηθοῦνται. τὸ δὲ τοῦ κάπρου νεαρὸν ξηρανθὲν λεῖον σὺν οἴνῳ πρὸς ἑρπετῶν πίνεται δήγματα. τὸ δὲ τῆς αἰθυίας ξηρὸν πινόμενον λίθους ἐκβάλλει.","ηπαρ το μεν του λυττωντος κυνος οπτηθεν, ει βρωθειη, τοις υπ' αυτου δηχθεισι φασι βοηθειν, του δε της αιγος οπτωμενου τον ιχωρα νυκταλωπας ωφελειν ενσταζομενον· και τον ατμον δε αυτου δεχεσθαι τοις οφθαλμοις εψομενου κελευουσι και αυτο εσθιειν, ελεγχειν τε τους επιληπτικους, ει βρωθειη. ταυτα δε ποιειν και το τραγειον φασι· το δε της σαυρας εντεθεν οδουσι βεβρωμενοις ανωδυνιαν ποιειν. το δε του λυκου και εις το δι' ευπατοριου φαρμακον ηπατικον εμβαλλεται. το δε ονειον οπτον επιληπτικοι νηστεις εσθιοντες βοηθουνται. το δε του καπρου νεαρον ξηρανθεν λειον συν οινω προς ερπετων πινεται δηγματα. το δε της αιθυιας ξηρον πινομενον λιθους εκβαλλει.",,draft,2,214,215,101,paul_row=227; lemma_gr=ἧπαρ; edition_pages=2.214-215
PAUL_AEG-7.3.229,PAUL_AEG,7.3.229,Ἠριγέρων,,,,Ἠριγέρων ἐπίμικτον ἔχει δύναμιν ψυκτικήν τε καὶ μετρίως διαφορητικήν.,ηριγερων επιμικτον εχει δυναμιν ψυκτικην τε και μετριως διαφορητικην.,,draft,2,215,215,9,paul_row=228; lemma_gr=ἠριγέρων; edition_pages=2.215
PAUL_AEG-7.3.230,PAUL_AEG,7.3.230,Ἠρύγγιον,,,,"Ἠρύγγιον θερμαίνει μὲν οὐ καταφανῶς, ξηρότητος δὲ λεπτομεροῦς οὐκ ὀλίγης μετέχει.","ηρυγγιον θερμαινει μεν ου καταφανως, ξηροτητος δε λεπτομερους ουκ ολιγης μετεχει.",,draft,2,215,215,11,paul_row=229; lemma_gr=ἠρύγγιον; edition_pages=2.215
PAUL_AEG-7.3.231,PAUL_AEG,7.3.231,Θαλάσσιον ὕδωρ,,,,"Θαλάσσιον ὕδωρ δριμὺ καὶ θερμαντικὸν μετρίως καὶ ξηραντικόν ἐστι καὶ κακοστόμαχον μὲν πινόμενον, κοιλίας δὲ ταρακτικὸν καὶ φλεγμάτων ἀγωγόν· θερμὸν δὲ καταντλούμενον ἐπισπᾶται καὶ διαφορεῖ.","θαλασσιον υδωρ δριμυ και θερμαντικον μετριως και ξηραντικον εστι και κακοστομαχον μεν πινομενον, κοιλιας δε ταρακτικον και φλεγματων αγωγον· θερμον δε καταντλουμενον επισπαται και διαφορει.",,draft,2,215,215,25,paul_row=230; lemma_gr=θαλάσσιον ὕδωρ; edition_pages=2.215
PAUL_AEG-7.3.232,PAUL_AEG,7.3.232,Θαλίητρον,,,,Θαλίητρον δύναμιν ἔχει ξηραντικὴν χωρὶς δήξεως· ἐπουλοῖ γοῦν τὰ χρόνια ἕλκη.,θαλιητρον δυναμιν εχει ξηραντικην χωρις δηξεως· επουλοι γουν τα χρονια ελκη.,,draft,2,215,215,11,paul_row=231; lemma_gr=θαλίητρον; edition_pages=2.215
PAUL_AEG-7.3.233,PAUL_AEG,7.3.233,Θαψία,,,,Θαψία δριμεῖα καὶ ἰσχυρῶς ἐστι θερμαντικὴ σὺν ὑγρότητι· ἕλκει τοιγαροῦν ἐκ βάθους βιαίως καὶ αὐτὴ διαφορεῖ τὸ ἑλχθέν.,θαψια δριμεια και ισχυρως εστι θερμαντικη συν υγροτητι· ελκει τοιγαρουν εκ βαθους βιαιως και αυτη διαφορει το ελχθεν.,,draft,2,215,215,18,paul_row=232; lemma_gr=θαψία; edition_pages=2.215
PAUL_AEG-7.3.234,PAUL_AEG,7.3.234,Θεῖον,,,,"Θεῖον ἑλκτικῆς ἐστι καὶ αὐτὸ δυνάμεως θερμόν τε καὶ λεπτομερές, ὥστε πρὸς πολλὰ τῶν ἰοβόλων ἀνθίστασθαι, καὶ μάλιστα ἐπί τε τρυγόνος θαλασσίας καὶ δράκοντος, ἤτοι ξηρὸν ἐπιπαττόμενον ἢ καὶ μιγνύμενον σιάλῳ ἢ οὔρῳ παιδὸς ἢ ἐλαίῳ ἢ μέλιτι· καὶ τὰ ψωρώδη δὲ θαυμαστῶς ἰᾶται.","θειον ελκτικης εστι και αυτο δυναμεως θερμον τε και λεπτομερες, ωστε προς πολλα των ιοβολων ανθιστασθαι, και μαλιστα επι τε τρυγονος θαλασσιας και δρακοντος, ητοι ξηρον επιπαττομενον η και μιγνυμενον σιαλω η ουρω παιδος η ελαιω η μελιτι· και τα ψωρωδη δε θαυμαστως ιαται.",,draft,2,215,215,44,paul_row=233; lemma_gr=θεῖον; edition_pages=2.215
PAUL_AEG-7.3.235,PAUL_AEG,7.3.235,Θέρμος,,,,"Θέρμος ὁ μὲν ἐδώδιμος ἐμπλαστικῆς ἐστι δυνάμεως, ὁ δὲ πικρὸς ῥυπτικός τε καὶ διαφορητικὸς καὶ ξηραίνων ἀδήκτως· ἕλμεις τε γοῦν ἀναιρεῖ ἐπιπλαττόμενός τε καὶ πινόμενος καὶ τὰ σπλάγχνα διακαθαίρει μετὰ πηγάνου καὶ πεπέρεως πινόμενος καὶ τὰ περὶ τὸ δέρμα διασμήχει καὶ ὄγκους διαφορεῖ μετ' ὀξυμέλιτος καταπλαττόμενος. ὁ δὲ ἄγριος πικρότερός τε καὶ ἰσχυρότερός ἐστι κατὰ πάντα τοῦ ἡμέρου.","θερμος ο μεν εδωδιμος εμπλαστικης εστι δυναμεως, ο δε πικρος ρυπτικος τε και διαφορητικος και ξηραινων αδηκτως· ελμεις τε γουν αναιρει επιπλαττομενος τε και πινομενος και τα σπλαγχνα διακαθαιρει μετα πηγανου και πεπερεως πινομενος και τα περι το δερμα διασμηχει και ογκους διαφορει μετ' οξυμελιτος καταπλαττομενος. ο δε αγριος πικροτερος τε και ισχυροτερος εστι κατα παντα του ημερου.",,draft,2,215,215,58,paul_row=234; lemma_gr=θέρμος; edition_pages=2.215
PAUL_AEG-7.3.236,PAUL_AEG,7.3.236,"Θηλύπτερον, ἣν ἔνιοι νυμφαίαν πτέριν ὀνομάζουσιν",,,,"Θηλύπτερον, ἣν ἔνιοι νυμφαίαν πτέριν ὀνομάζουσιν, παρεοικυῖα τῇ πτέριδι καὶ κατὰ τὴν δύναμιν· ἥτις ποθεῖσα μετ' οἴνου πλατείας τε καὶ στρογγύλας ἕλμεις κτείνει· ἔστι δὲ καὶ φθόριος ἐμβρύων. τὰ δὲ φύλλα αὐτῆς βρωθέντα κοιλίαν μαλάσσει.","θηλυπτερον, ην ενιοι νυμφαιαν πτεριν ονομαζουσιν, παρεοικυια τη πτεριδι και κατα την δυναμιν· ητις ποθεισα μετ' οινου πλατειας τε και στρογγυλας ελμεις κτεινει· εστι δε και φθοριος εμβρυων. τα δε φυλλα αυτης βρωθεντα κοιλιαν μαλασσει.",,draft,2,216,216,35,paul_row=235; lemma_gr=θηλύπτερον:νυμφαία πτέρις; edition_pages=2.216; derived_from=alias_review
PAUL_AEG-7.3.237,PAUL_AEG,7.3.237,Θλάσπι,,,,Θλάσπι σπέρμα ἐστὶ δριμὺ τὴν δύναμιν· ὥστε καὶ τὰ ἐντὸς ἀποστήματα ῥήσσει πινόμενον καὶ καταμήνια κινεῖ καὶ δι' ἕδρας ἐνιέμενον ἰσχιαδικοὺς ὀνίνησιν αἱματώδη κενοῦν καὶ ἄλλως καθαρτικὸν ἄνω τε καὶ κάτω χολωδῶν ὀξυβάφου πλῆθος πινόμενον.,θλασπι σπερμα εστι δριμυ την δυναμιν· ωστε και τα εντος αποστηματα ρησσει πινομενον και καταμηνια κινει και δι' εδρας ενιεμενον ισχιαδικους ονινησιν αιματωδη κενουν και αλλως καθαρτικον ανω τε και κατω χολωδων οξυβαφου πληθος πινομενον.,,draft,2,216,216,35,paul_row=236; lemma_gr=θλάσπι; edition_pages=2.216
PAUL_AEG-7.3.238,PAUL_AEG,7.3.238,Θρίδαξ,,,,"Θρίδαξ ὑγρὸν καὶ ψυχρόν ἐστι λάχανον οὐκ ἐσχάτως ἀλλὰ κατὰ τὴν τῶν κρηναίων ὑδάτων κρᾶσιν, ὥστε πρὸς τὰς θερμὰς φλεγμονὰς ἁρμόττειν· ἔστι δὲ καὶ ἄδιψος καὶ γονορροίαν ἐπέχει καὶ ὀνειρωγμοὺς πινομένη. ἡ δὲ ἀγρία ταύτης ἧττον ψύχει τε καὶ ὑγραίνει, ἔστι δὲ ὀπωδεστέρα.","θριδαξ υγρον και ψυχρον εστι λαχανον ουκ εσχατως αλλα κατα την των κρηναιων υδατων κρασιν, ωστε προς τας θερμας φλεγμονας αρμοττειν· εστι δε και αδιψος και γονορροιαν επεχει και ονειρωγμους πινομενη. η δε αγρια ταυτης ηττον ψυχει τε και υγραινει, εστι δε οπωδεστερα.",,draft,2,216,216,43,paul_row=237; lemma_gr=θρίδαξ; edition_pages=2.216
PAUL_AEG-7.3.239,PAUL_AEG,7.3.239,Θύμος,,,,Θύμος θερμαίνει τε καὶ ξηραίνει κατὰ τὴν τρίτην τάξιν· ἔστι δὲ τμητικὸς τῶν γλίσχρων καὶ παχέων χυμῶν.,θυμος θερμαινει τε και ξηραινει κατα την τριτην ταξιν· εστι δε τμητικος των γλισχρων και παχεων χυμων.,,draft,2,216,216,17,paul_row=238; lemma_gr=θύμος; edition_pages=2.216
PAUL_AEG-7.3.240,PAUL_AEG,7.3.240,Θύμβρα,,,,"Θύμβρα ἡ μὲν ἀγρία τὰ αὐτὰ τῷ θύμῳ δύναται, ἡ δὲ κηπευτὴ κατὰ πάντα μὲν ἀσθενεστέρα, πρὸς δὲ βρῶσιν βελτίων.","θυμβρα η μεν αγρια τα αυτα τω θυμω δυναται, η δε κηπευτη κατα παντα μεν ασθενεστερα, προς δε βρωσιν βελτιων.",,draft,2,216,216,20,paul_row=239; lemma_gr=θύμβρα; edition_pages=2.216
PAUL_AEG-7.3.241,PAUL_AEG,7.3.241,Θυμελαία,,,,Θυμελαία. ἐκ ταύτης ὁ Κνίδιος κόκκος γίνεται παραπλησίαν αὐτῷ δύναμιν ἔχουσα.,θυμελαια. εκ ταυτης ο κνιδιος κοκκος γινεται παραπλησιαν αυτω δυναμιν εχουσα.,,draft,2,216,216,11,paul_row=240; lemma_gr=θυμελαία; edition_pages=2.216
PAUL_AEG-7.3.242,PAUL_AEG,7.3.242,Ἰδαία ῥίζα,,,,Ἰδαία ῥίζα στρυφνὴ τὴν γεῦσίν τε καὶ τὴν δύναμιν ὑπάρχουσα πρὸς αἱμορραγίας τε καὶ ῥευματικὰς ἁρμόζει διαθέσεις πινομένη τε καὶ ἔξωθεν ἐπιτιθεμένη.,ιδαια ριζα στρυφνη την γευσιν τε και την δυναμιν υπαρχουσα προς αιμορραγιας τε και ρευματικας αρμοζει διαθεσεις πινομενη τε και εξωθεν επιτιθεμενη.,,draft,2,216,216,22,paul_row=241; lemma_gr=ἰδαία ῥίζα; edition_pages=2.216
PAUL_AEG-7.3.243,PAUL_AEG,7.3.243,Ἱδρῶτα,,,,"Ἱδρῶτα καθ' αὑτὸν μὲν συνάγειν ἐργῶδές ἐστι, μίγνυται δὲ ἐν ταῖς παλαίστραις τῶν γυμναζομένων τῷ πάτῳ τὸ ἀποκρουστικὸν μόνον ἔχοντι, καὶ γίνεται τὸ ὅλον διαφορητικόν· ἐπὶ γοῦν τῶν φλεγμαινόντων τιτθῶν δραστικόν ἐστι βοήθημα καὶ πρὸς τὸ σβέσαι τὸ τετυρωμένον αὐτοῖς· ποιεῖ δὲ καὶ πρὸς βουβῶνας. εἰ δὲ ξηρότερον εἴη, συμμαλακτέον αὐτὸ κυπρίνῳ ἢ ῥοδίνῳ.","ιδρωτα καθ' αυτον μεν συναγειν εργωδες εστι, μιγνυται δε εν ταις παλαιστραις των γυμναζομενων τω πατω το αποκρουστικον μονον εχοντι, και γινεται το ολον διαφορητικον· επι γουν των φλεγμαινοντων τιτθων δραστικον εστι βοηθημα και προς το σβεσαι το τετυρωμενον αυτοις· ποιει δε και προς βουβωνας. ει δε ξηροτερον ειη, συμμαλακτεον αυτο κυπρινω η ροδινω.",,draft,2,216,217,54,paul_row=242; lemma_gr=ἱδρῶτα; edition_pages=2.216-217
PAUL_AEG-7.3.244,PAUL_AEG,7.3.244,Ἰξὸς,,,,"Ἰξὸς θερμαίνει μετὰ δριμύτητος· ἕλκει γοῦν ἐκ τοῦ βάθους ἰσχυρῶς καὶ διαφορεῖ παραπλησίως τῇ θαψίᾳ, πολλῷ δὲ ἐκείνης ἐστὶν ἀργότερος.","ιξος θερμαινει μετα δριμυτητος· ελκει γουν εκ του βαθους ισχυρως και διαφορει παραπλησιως τη θαψια, πολλω δε εκεινης εστιν αργοτερος.",,draft,2,217,217,20,paul_row=243; lemma_gr=ἰξός; edition_pages=2.217
PAUL_AEG-7.3.245,PAUL_AEG,7.3.245,Ἴου,,,,Ἴου τὰ φύλλα τὴν ὑδατώδη καὶ ὑπόψυχρον ἐπικρατοῦσαν οὐσίαν κέκτηται.,ιου τα φυλλα την υδατωδη και υποψυχρον επικρατουσαν ουσιαν κεκτηται.,,draft,2,217,217,10,paul_row=244; lemma_gr=ἴου; edition_pages=2.217
PAUL_AEG-7.3.246,PAUL_AEG,7.3.246,Ἰὸς,,,,"Ἰὸς δριμεῖαν ἔχει ποιότητα γευομένοις διαφορητικός τε καὶ καθαιρετικὸς καὶ τμητικὸς ὑπάρχων οὐχ ἁπαλῆς μόνον ἀλλὰ καὶ σκληρᾶς σαρκός· εἰ δέ τις ὀλίγον αὐτοῦ μίξειε πολλῇ κηρωτῇ, ῥυπτικὸν ἀδήκτως ἐργάσεται φάρμακον.","ιος δριμειαν εχει ποιοτητα γευομενοις διαφορητικος τε και καθαιρετικος και τμητικος υπαρχων ουχ απαλης μονον αλλα και σκληρας σαρκος· ει δε τις ολιγον αυτου μιξειε πολλη κηρωτη, ρυπτικον αδηκτως εργασεται φαρμακον.",,draft,2,217,217,31,paul_row=245; lemma_gr=ἰός; edition_pages=2.217
PAUL_AEG-7.3.247,PAUL_AEG,7.3.247,Ἱππόκαμπος θαλάσσιόν,,,,"Ἱππόκαμπος θαλάσσιόν ἐστι ζῷον, οὗ καυθέντος ἡ τέφρα σὺν πίσσῃ ὑγρᾷ ἀλωπεκίας δασύνει.","ιπποκαμπος θαλασσιον εστι ζωον, ου καυθεντος η τεφρα συν πισση υγρα αλωπεκιας δασυνει.",,draft,2,217,217,13,paul_row=246; lemma_gr=ἱππόκαμπος θαλάσσιόν; edition_pages=2.217
PAUL_AEG-7.3.248,PAUL_AEG,7.3.248,Ἱππολάπαθον,,,,Ἱππολάπαθον ἐν ἕλεσι γίνεται λαπάθῳ παραπλήσιον ὑπάρχον.,ιππολαπαθον εν ελεσι γινεται λαπαθω παραπλησιον υπαρχον.,,draft,2,217,217,7,paul_row=247; lemma_gr=ἱππολάπαθον; edition_pages=2.217
PAUL_AEG-7.3.249,PAUL_AEG,7.3.249,Ἱππομάραθρον,,,,"Ἱππομάραθρον τὸ μὲν κάχρυι προσεοικὸς ξηραντικώτερόν ἐστι τοῦ μαράθρου· δι' ὃ καὶ τὴν γαστέρα ἵστησι καὶ λίθους θρύπτει καὶ καταμήνια κινεῖ· τὸ δὲ σπέρμα ἔχον ὅμοιον τῷ τοῦ κοριάννου παραπλήσιον μὲν ἐκείνῳ, ἀσθενέστερον δέ.","ιππομαραθρον το μεν καχρυι προσεοικος ξηραντικωτερον εστι του μαραθρου· δι' ο και την γαστερα ιστησι και λιθους θρυπτει και καταμηνια κινει· το δε σπερμα εχον ομοιον τω του κοριαννου παραπλησιον μεν εκεινω, ασθενεστερον δε.",,draft,2,217,217,34,paul_row=248; lemma_gr=ἱππομάραθρον; edition_pages=2.217
PAUL_AEG-7.3.250,PAUL_AEG,7.3.250,Ἱπποποτάμου ὄρχις,,,,Ἱπποποτάμου ὄρχις ξηρὸς πίνεται πρὸς ἑρπετῶν δήγματα.,ιπποποταμου ορχις ξηρος πινεται προς ερπετων δηγματα.,,draft,2,217,217,7,paul_row=249; lemma_gr=ἱπποποτάμου ὄρχις; edition_pages=2.217
PAUL_AEG-7.3.251,PAUL_AEG,7.3.251,Ἱπποσέλινον,,,,"Ἱπποσέλινον παραπλησίαν ἔχει τῷ σελίνῳ τὴν δύναμιν, ἀσθενέςτερον δέ.","ιπποσελινον παραπλησιαν εχει τω σελινω την δυναμιν, ασθενεςτερον δε.",,draft,2,217,217,9,paul_row=250; lemma_gr=ἱπποσέλινον; edition_pages=2.217
PAUL_AEG-7.3.252,PAUL_AEG,7.3.252,Ἵππουρις,,,,Ἵππουρις στυπτικὴν μετὰ πικρότητος ἔχει ποιότητα καὶ διὰ τοῦτο ξηραίνει ἰσχυρῶς τε ἅμα καὶ ἀδήκτως· τραύματα γοῦν τὰ μέγιστα κολλᾷ καὶ ἐντεροκήλας ὀνίνησι καὶ τὰ ῥοώδη τῶν παθῶν ἰᾶται μετ' οἴνου πινομένη.,ιππουρις στυπτικην μετα πικροτητος εχει ποιοτητα και δια τουτο ξηραινει ισχυρως τε αμα και αδηκτως· τραυματα γουν τα μεγιστα κολλα και εντεροκηλας ονινησι και τα ροωδη των παθων ιαται μετ' οινου πινομενη.,,draft,2,217,217,32,paul_row=251; lemma_gr=ἵππουρις; edition_pages=2.217
PAUL_AEG-7.3.253,PAUL_AEG,7.3.253,"Ἱπποφαές, οἱ δὲ ἱππόφαιος",,,,"Ἱπποφαές, οἱ δὲ ἱππόφαιος, ᾧ γνάπτουσι τὰ ἱμάτια, θάμνος ἐστὶ φρυγανώδης, ἧς ἡ ῥίζα ὀπίζεται καθάπερ ἡ θαψία· τοῦ δὲ ὀποῦ ὀβολὸς εἷς σὺν ὀροβίνῳ ἀλεύρῳ δοθεὶς καθαίρει χολὴν καὶ φλέγμα. καὶ ὅλον δὲ τὸ φυτὸν ξηραινόμενον καθαρτικὸν γίνεται.","ιπποφαες, οι δε ιπποφαιος, ω γναπτουσι τα ιματια, θαμνος εστι φρυγανωδης, ης η ριζα οπιζεται καθαπερ η θαψια· του δε οπου οβολος εις συν οροβινω αλευρω δοθεις καθαιρει χολην και φλεγμα. και ολον δε το φυτον ξηραινομενον καθαρτικον γινεται.",,draft,2,217,217,39,paul_row=252; lemma_gr=ἱπποφαές:ἱππόφαιος; edition_pages=2.217; derived_from=alias_review
PAUL_AEG-7.3.254,PAUL_AEG,7.3.254,Ἶρις,,,,"Ἶρις θερμαντική ἐστι καὶ λεπτομερὴς ἱκανῶς καὶ θρυπτικὴ καὶ συμπεπτική· βηξὶ γοῦν ἁρμόττει καὶ εὐανάγωγα ποιεῖ τὰ κατὰ θώρακα καὶ στρόφους ἰᾶται καὶ τὰ ῥυπαρὰ τῶν ἑλκῶν καθαίρει, πινομένη δὲ σὺν μελικράτῳ κενοῖ κοιλίαν.","ιρις θερμαντικη εστι και λεπτομερης ικανως και θρυπτικη και συμπεπτικη· βηξι γουν αρμοττει και ευαναγωγα ποιει τα κατα θωρακα και στροφους ιαται και τα ρυπαρα των ελκων καθαιρει, πινομενη δε συν μελικρατω κενοι κοιλιαν.",,draft,2,218,218,34,paul_row=253; lemma_gr=ἶρις; edition_pages=2.218
PAUL_AEG-7.3.255,PAUL_AEG,7.3.255,Ἰσάτις,,,,"Ἰσάτις ἡ μὲν ἥμερος, ᾗ οἱ βαφεῖς χρῶνται, ξηραντικῆς ἐστι δυνάμεως ἔχουσα καὶ στῦψιν· ταῦτά τοι καὶ τὰ μεγάλα τραύματα τῶν σκληρῶν κολλᾷ σωμάτων καὶ τὰ αἱμορραγοῦντα ὠφελεῖ καὶ τοὺς οἰδηματώδεις ὄγκους διαφορεῖ καὶ πᾶσι τοῖς κακοήθεσιν ἀνθίσταται. ἡ δὲ ἀγρία δάκνουσα μᾶλλον καὶ διὰ τοῦτο ξηραντικωτέρα γινομένη πρὸς μὲν τὰς ὑγρὰς σηπεδόνας ἰσχυρότερον ἀνθίσταται, πρὸς δὲ τὰ ἄλλα χείρων ἐστὶ δάκνουσα· διὰ δὲ τὸ ἰσχυρὸν τῆς δυνάμεως καὶ τοῖς σπληνικοῖς ἐστι χρήσιμος.","ισατις η μεν ημερος, η οι βαφεις χρωνται, ξηραντικης εστι δυναμεως εχουσα και στυψιν· ταυτα τοι και τα μεγαλα τραυματα των σκληρων κολλα σωματων και τα αιμορραγουντα ωφελει και τους οιδηματωδεις ογκους διαφορει και πασι τοις κακοηθεσιν ανθισταται. η δε αγρια δακνουσα μαλλον και δια τουτο ξηραντικωτερα γινομενη προς μεν τας υγρας σηπεδονας ισχυροτερον ανθισταται, προς δε τα αλλα χειρων εστι δακνουσα· δια δε το ισχυρον της δυναμεως και τοις σπληνικοις εστι χρησιμος.",,draft,2,218,218,73,paul_row=254; lemma_gr=ἰσάτις; edition_pages=2.218
PAUL_AEG-7.3.256,PAUL_AEG,7.3.256,Ἰσόπυρον,,,,Ἰσόπυρον ἢ φασίλιον σπέρμα πικρὸν καὶ ὑπόστρυφνον ἔχει· ῥύπτει τοιγαροῦν καὶ τέμνει τοὺς παχεῖς καὶ γλίσχρους χυμοὺς μετὰ τοῦ συνάγειν καὶ σφίγγειν τὰ σώματα· δι' ὃ καὶ τὰ ἐν βάθει καθαίρει καὶ αἱμοπτυικοῖς οὐκ ἀντιπράττει.,ισοπυρον η φασιλιον σπερμα πικρον και υποστρυφνον εχει· ρυπτει τοιγαρουν και τεμνει τους παχεις και γλισχρους χυμους μετα του συναγειν και σφιγγειν τα σωματα· δι' ο και τα εν βαθει καθαιρει και αιμοπτυικοις ουκ αντιπραττει.,,draft,2,218,218,35,paul_row=255; lemma_gr=ἰσόπυρον; edition_pages=2.218
PAUL_AEG-7.3.257,PAUL_AEG,7.3.257,Ἰτέας,,,,"Ἰτέας τά τε φύλλα καὶ τὸ ἄνθος ἀδήκτου ξηραντικῆς ἐστι δυνάμεως, ἔχει δέ τινα καὶ στῦψιν. ξηρότερος δὲ ὁ φλοιός, οὗ καυθέντος ἡ τέφρα τῶν ἰσχυρῶς ἐστι ξηραινόντων· ἥλους γοῦν καὶ μυρμηκίας αἴρει σὺν ὄξει.","ιτεας τα τε φυλλα και το ανθος αδηκτου ξηραντικης εστι δυναμεως, εχει δε τινα και στυψιν. ξηροτερος δε ο φλοιος, ου καυθεντος η τεφρα των ισχυρως εστι ξηραινοντων· ηλους γουν και μυρμηκιας αιρει συν οξει.",,draft,2,218,218,35,paul_row=256; lemma_gr=ἰτέας; edition_pages=2.218
PAUL_AEG-7.3.258,PAUL_AEG,7.3.258,Ἰχθυοκόλλα,,,,"Ἰχθυοκόλλα ἐμπλαστικῆς ἐστι καὶ ξηραντικῆς δυνάμεως, εὐθετεῖ δὲ εἴς τε τὰς κεφαλικὰς καὶ κολλητικὰς ἐμπλάστρους καὶ εἰς τὰς λεπρικὰς δυνάμεις καὶ εἰς τετανότητα προσώπου.","ιχθυοκολλα εμπλαστικης εστι και ξηραντικης δυναμεως, ευθετει δε εις τε τας κεφαλικας και κολλητικας εμπλαστρους και εις τας λεπρικας δυναμεις και εις τετανοτητα προσωπου.",,draft,2,218,218,24,paul_row=257; lemma_gr=ἰχθυοκόλλα; edition_pages=2.218
PAUL_AEG-7.3.259,PAUL_AEG,7.3.259,Καγκάνου,,,,"Καγκάνου ἡ ῥίζα ξηραντικὴ μετρίως ἐστὶ καὶ ἄδηκτος ἐμπλαστική· δι' ὃ τὰς τῆς ἀρτηρίας τραχύτητας ὀνίνησιν ἐκλειχομένη τε σὺν οἴνῳ καὶ διαμασωμένη, καθάπερ τραγάκανθά τε καὶ γλυκύριζα.","καγκανου η ριζα ξηραντικη μετριως εστι και αδηκτος εμπλαστικη· δι' ο τας της αρτηριας τραχυτητας ονινησιν εκλειχομενη τε συν οινω και διαμασωμενη, καθαπερ τραγακανθα τε και γλυκυριζα.",,draft,2,218,218,27,paul_row=258; lemma_gr=κάγκανον; edition_pages=2.218
PAUL_AEG-7.3.260,PAUL_AEG,7.3.260,Κάγχαμον,,,,"Κάγχαμον δάκρυόν ἐστι ξύλου Ἀραβικοῦ σμύρνῃ προσεοικὸς εὐῶδες, ᾧ καὶ θυμιάματι χρῶνται· δύναμιν δὲ ἔχει ἰσχναντικὴν τῶν καταπιμέλων καὶ ῥυπτικὴν καὶ ἐκφρακτικήν.","καγχαμον δακρυον εστι ξυλου αραβικου σμυρνη προσεοικος ευωδες, ω και θυμιαματι χρωνται· δυναμιν δε εχει ισχναντικην των καταπιμελων και ρυπτικην και εκφρακτικην.",,draft,2,219,219,22,paul_row=259; lemma_gr=κάγχαμον; edition_pages=2.219
PAUL_AEG-7.3.261,PAUL_AEG,7.3.261,Καδμίαι,,,,"Καδμίαι ἀμφότεραι ξηραίνουσιν, ἀλλ' ἡ μὲν βοτρυῖτις λεπτομερεστέρα, παχυμερεστέρα δὲ ἡ πλακῖτίς ἐστιν. καυθεῖσα δὲ ἡ καδμία ἀδήκτως ξηραίνει καὶ ῥύπτει καὶ γίνεται χρήσιμος εἰς τὰ πληρώσεως ἕλκη δεόμενα κατά τε τοὺς ὀφθαλμοὺς καὶ ὅλον τὸ σῶμα, καὶ μάλιστα τὰ ὑγρότερα ἐπὶ τῶν μαλακωτέρων σωμάτων· ἐπὶ γὰρ τῶν σκληροτέρων δραστικωτέρων χρεία φαρμάκων.","καδμιαι αμφοτεραι ξηραινουσιν, αλλ' η μεν βοτρυιτις λεπτομερεστερα, παχυμερεστερα δε η πλακιτις εστιν. καυθεισα δε η καδμια αδηκτως ξηραινει και ρυπτει και γινεται χρησιμος εις τα πληρωσεως ελκη δεομενα κατα τε τους οφθαλμους και ολον το σωμα, και μαλιστα τα υγροτερα επι των μαλακωτερων σωματων· επι γαρ των σκληροτερων δραστικωτερων χρεια φαρμακων.",,draft,2,219,219,52,paul_row=260; lemma_gr=καδμίαι; edition_pages=2.219
PAUL_AEG-7.3.262,PAUL_AEG,7.3.262,Κακκαλία,,,,Κακκαλία παραπλησίαν ἔχει τῷ καγκάνῳ δύναμίν τε καὶ χρῆσιν.,κακκαλια παραπλησιαν εχει τω καγκανω δυναμιν τε και χρησιν.,,draft,2,219,219,9,paul_row=261; lemma_gr=κακκαλία; edition_pages=2.219
PAUL_AEG-7.3.263,PAUL_AEG,7.3.263,Καλαμάγρωστις,,,,Καλαμάγρωστις ξηραίνει· δι' ὅπερ ὁ χυλός τε καὶ τὸ ἀφέψημα τῶν ῥιζῶν αὐτῆς ὀφθαλμικαῖς μίγνυται δυνάμεσιν· τὸ δὲ σπέρμα οὐρητικόν τέ ἐστι καὶ εὐστόμαχον.,καλαμαγρωστις ξηραινει· δι' οπερ ο χυλος τε και το αφεψημα των ριζων αυτης οφθαλμικαις μιγνυται δυναμεσιν· το δε σπερμα ουρητικον τε εστι και ευστομαχον.,,draft,2,219,219,24,paul_row=262; lemma_gr=καλαμάγρωστις; edition_pages=2.219
PAUL_AEG-7.3.264,PAUL_AEG,7.3.264,Καλαμίνθη,,,,Καλαμίνθη θερμὴ καὶ ξηρὰ τὴν κρᾶσίν ἐστιν ἐκ τῆς τρίτης που τάξεως καὶ λεπτομερὴς καὶ δριμεῖα ἰσχυροτέρα πολλῷ τοῦ ἡδυόσμου· ἔστι γὰρ οἷον ἄγριος ἡδύοσμος· ῥᾳδίως τε γοῦν ἐκ τοῦ βάθους ἐπισπᾶται πρὸς ἑαυτήν (δι' ὃ καὶ ἱδρῶτας κινεῖ καὶ τὸ σύμπαν σῶμα διαφορεῖ) καὶ τὰ κατὰ περίοδον ῥίγη παύει ἔξωθέν τε σὺν ἐλαίῳ τριβομένη γενναίως καὶ εἴσω πινομένη. ἔστι δὲ καὶ ἰσχιαδικῶν κλυστικὴ καὶ τὰς περὶ τὸ δέρμα κακοχυμίας ἀποσμήχει.,καλαμινθη θερμη και ξηρα την κρασιν εστιν εκ της τριτης που ταξεως και λεπτομερης και δριμεια ισχυροτερα πολλω του ηδυοσμου· εστι γαρ οιον αγριος ηδυοσμος· ραδιως τε γουν εκ του βαθους επισπαται προς εαυτην (δι' ο και ιδρωτας κινει και το συμπαν σωμα διαφορει) και τα κατα περιοδον ριγη παυει εξωθεν τε συν ελαιω τριβομενη γενναιως και εισω πινομενη. εστι δε και ισχιαδικων κλυστικη και τας περι το δερμα κακοχυμιας αποσμηχει.,,draft,2,219,219,71,paul_row=263; lemma_gr=καλαμίνθη; edition_pages=2.219
PAUL_AEG-7.3.265,PAUL_AEG,7.3.265,Κάλαμος,,,,"Κάλαμος ὁ μὲν ἀρωματικὸς θερμαίνει καὶ ξηραίνει κατὰ τὴν δευτέραν τάξιν, ἔχει δέ τι καὶ λεπτομερὲς καὶ στυπτικόν· οὐρητικός τε οὖν ἐστι καὶ ταῖς στομαχικαῖς ταῖς τε καθ' ἧπαρ καὶ ὑστέραν ἐπιμίγνυται δυνάμεσιν. ὁ δὲ φραγμίτης ῥυπτικός ἐστι, τὰ δὲ φύλλα αὐτοῦ τὰ χλωρὰ μετρίως ἐμψύχει, ὁ δὲ φλοιὸς αὐτοῦ καυθεὶς θερμαίνει καὶ ξηραίνει κατὰ τὴν τρίτην που τάξιν· τὴν δὲ ῥίζαν αὐτοῦ σὺν βολβοῖς καταπλαττομένην ἀκίδας τε καὶ σκόλοπας ἐπισπᾶσθαί φασιν.","καλαμος ο μεν αρωματικος θερμαινει και ξηραινει κατα την δευτεραν ταξιν, εχει δε τι και λεπτομερες και στυπτικον· ουρητικος τε ουν εστι και ταις στομαχικαις ταις τε καθ' ηπαρ και υστεραν επιμιγνυται δυναμεσιν. ο δε φραγμιτης ρυπτικος εστι, τα δε φυλλα αυτου τα χλωρα μετριως εμψυχει, ο δε φλοιος αυτου καυθεις θερμαινει και ξηραινει κατα την τριτην που ταξιν· την δε ριζαν αυτου συν βολβοις καταπλαττομενην ακιδας τε και σκολοπας επισπασθαι φασιν.",,draft,2,219,219,72,paul_row=264; lemma_gr=κάλαμος; edition_pages=2.219
PAUL_AEG-7.3.266,PAUL_AEG,7.3.266,Κάμπαι,,,,Κάμπαι αἱ ἐπὶ τῶν λαχάνων ἐπιχριόμεναι σὺν ἐλαίῳ ἀδήκτους ὑπὸ τῶν ἰοβόλων φυλάττειν λέγονται.,καμπαι αι επι των λαχανων επιχριομεναι συν ελαιω αδηκτους υπο των ιοβολων φυλαττειν λεγονται.,,draft,2,219,219,14,paul_row=265; lemma_gr=κάμπαι; edition_pages=2.219
PAUL_AEG-7.3.267,PAUL_AEG,7.3.267,Κανθαρίδες,,,,"Κανθαρίδες αἱ ἐν τοῖς πυροῖς εὑρισκόμεναι μηλίνας ἐγκαρσίους ζώνας ἔχουσαι ὄξους θερμανθέντος ἀτμῷ πνιγεῖσαι πολύχρηστοι γίνονται· τούς τε γὰρ ψωρώδεις ὄνυχας ἐκβάλλουσι σὺν κηρωτῇ καὶ ἥλους καὶ τὰ ψωρώδη τῶν παθῶν ὠφελοῦσιν. εἰσὶ δὲ καὶ σηπταὶ καὶ καυστικαί, τινὲς δὲ καὶ τοῖς οὐρητικοῖς φαρμάκοις ἐλάχιστον αὐτῶν μίξαντες ἔδοσαν.","κανθαριδες αι εν τοις πυροις ευρισκομεναι μηλινας εγκαρσιους ζωνας εχουσαι οξους θερμανθεντος ατμω πνιγεισαι πολυχρηστοι γινονται· τους τε γαρ ψωρωδεις ονυχας εκβαλλουσι συν κηρωτη και ηλους και τα ψωρωδη των παθων ωφελουσιν. εισι δε και σηπται και καυστικαι, τινες δε και τοις ουρητικοις φαρμακοις ελαχιστον αυτων μιξαντες εδοσαν.",,draft,2,220,220,48,paul_row=266; lemma_gr=κανθαρίδες; edition_pages=2.220
PAUL_AEG-7.3.268,PAUL_AEG,7.3.268,Καννάβεως,,,,"Καννάβεως ὁ καρπὸς ἄφυσος καὶ ξηραντικός ἐστιν, ὥστε καὶ τὴν γονὴν ξηραίνειν. ὁ δὲ χυλὸς αὐτοῦ χλωροῦ πρὸς ὤτων ἀλγήματα τὰ κατ' ἔμφραξιν ποιεῖ.","κανναβεως ο καρπος αφυσος και ξηραντικος εστιν, ωστε και την γονην ξηραινειν. ο δε χυλος αυτου χλωρου προς ωτων αλγηματα τα κατ' εμφραξιν ποιει.",,draft,2,220,220,24,paul_row=267; lemma_gr=καννάβεως ὁ καρπός; edition_pages=2.220
PAUL_AEG-7.3.269,PAUL_AEG,7.3.269,Κάνωπον,,,,"Κάνωπον τὸ τῆς ἀκτῆς ἄνθος ἐστί, περὶ οὗ λέλεκται.","κανωπον το της ακτης ανθος εστι, περι ου λελεκται.",,draft,2,220,220,9,paul_row=268; lemma_gr=κάνωπον; edition_pages=2.220
PAUL_AEG-7.3.270,PAUL_AEG,7.3.270,"Κάπνιος, οἱ δὲ καπνός",,,,"Κάπνιος, οἱ δὲ καπνός, ὠνόμασται δὲ ἐκ τοῦ τὸν χυλὸν αὐτοῦ πολὺ δάκρυον ἐπισπᾶσθαι· καὶ γὰρ ὀξυδορκίαν ποιεῖ, δριμὺς δὲ καὶ πικρός ἐστιν· ὅθεν οὖρά τε χολώδη προτρέπει πολλὰ καὶ τὰς καθ' ἧπαρ ἐμφράξεις τε καὶ ἀτονίας ἰᾶται στόμαχόν τε ῥώννυσι καὶ γαστέρα λαπάττει.","καπνιος, οι δε καπνος, ωνομασται δε εκ του τον χυλον αυτου πολυ δακρυον επισπασθαι· και γαρ οξυδορκιαν ποιει, δριμυς δε και πικρος εστιν· οθεν ουρα τε χολωδη προτρεπει πολλα και τας καθ' ηπαρ εμφραξεις τε και ατονιας ιαται στομαχον τε ρωννυσι και γαστερα λαπαττει.",,draft,2,220,220,44,paul_row=269; lemma_gr=κάπνιος:καπνός; edition_pages=2.220; derived_from=alias_review
PAUL_AEG-7.3.271,PAUL_AEG,7.3.271,Καππάρεως,,,,"Καππάρεως ἡ ῥίζα ῥύπτει μὲν καὶ διακαθαίρει καὶ τέμνει καὶ διαφορεῖ τῇ τε πικρότητι καὶ δριμύτητι, συνάγει δὲ καὶ σφίγγει καὶ πιλεῖ τῇ στρυφνότητι· δι' ὃ σπλῆνάς τε σκιρρώδεις ὀνίνησι πινομένη τε καὶ ἔξωθεν ἐπιτιθεμένη καὶ καταμήνια κινεῖ καὶ ἀποφλεγματίζει τά τε κακοήθη τῶν ἑλκῶν ὠφελεῖ καὶ ὀδόντων πόνους ἰᾶται ὄγκους τε διαφορεῖ καὶ ἀλφοὺς καὶ τοὺς ἐν ὠσὶ σκώληκας ἀναιρεῖ. καὶ τὰ φύλλα δὲ καὶ ὁ καρπὸς παραπλησίας μέν, ἀσθενεστέρας δὲ δυνάμεώς εἰσιν.","καππαρεως η ριζα ρυπτει μεν και διακαθαιρει και τεμνει και διαφορει τη τε πικροτητι και δριμυτητι, συναγει δε και σφιγγει και πιλει τη στρυφνοτητι· δι' ο σπληνας τε σκιρρωδεις ονινησι πινομενη τε και εξωθεν επιτιθεμενη και καταμηνια κινει και αποφλεγματιζει τα τε κακοηθη των ελκων ωφελει και οδοντων πονους ιαται ογκους τε διαφορει και αλφους και τους εν ωσι σκωληκας αναιρει. και τα φυλλα δε και ο καρπος παραπλησιας μεν, ασθενεστερας δε δυναμεως εισιν.",,draft,2,220,220,74,paul_row=270; lemma_gr=καππάρεως; edition_pages=2.220
PAUL_AEG-7.3.272,PAUL_AEG,7.3.272,Καρδάμου,,,,"Καρδάμου τὸ σπέρμα καυστικόν ἐστιν, ὥσπερ τὸ νᾶπυ· δι' ὃ καὶ φοινίσσει καταπλαττόμενον, τέμνει δὲ καὶ τοὺς παχεῖς χυμοὺς σὺν ἑτέροις πινόμενον. καὶ ἡ πόα δὲ ξηρὰ μὲν παραπλησίας ἐστὶ δυνάμεως, ὑγρὰ δὲ μετριωτέρα· δι' ὃ καὶ ὠμὴν αὐτὴν ἐσθίουσιν.","καρδαμου το σπερμα καυστικον εστιν, ωσπερ το ναπυ· δι' ο και φοινισσει καταπλαττομενον, τεμνει δε και τους παχεις χυμους συν ετεροις πινομενον. και η ποα δε ξηρα μεν παραπλησιας εστι δυναμεως, υγρα δε μετριωτερα· δι' ο και ωμην αυτην εσθιουσιν.",,draft,2,220,220,40,paul_row=271; lemma_gr=καρδάμου; edition_pages=2.220
PAUL_AEG-7.3.273,PAUL_AEG,7.3.273,Καρδάμωμον,,,,"Καρδάμωμον δριμὺ μὲν καὶ αὐτό, τοῦ δὲ καρδάμου ἀσθενέστερον, ἔχει δέ τι καὶ πικρότητος, δι' ἣν τὰς ἕλμινθας ἀναιρεῖ καὶ τὰς ψώρας ἀπορρύπτει σὺν ὄξει.","καρδαμωμον δριμυ μεν και αυτο, του δε καρδαμου ασθενεστερον, εχει δε τι και πικροτητος, δι' ην τας ελμινθας αναιρει και τας ψωρας απορρυπτει συν οξει.",,draft,2,220,220,25,paul_row=272; lemma_gr=καρδάμωμον; edition_pages=2.220
PAUL_AEG-7.3.274,PAUL_AEG,7.3.274,Καρὶς,,,,Καρὶς λειωθεῖσα καὶ μετὰ ῥίζης βρυωνίας πινομένη ἕλμινθας ἐξάγει.,καρις λειωθεισα και μετα ριζης βρυωνιας πινομενη ελμινθας εξαγει.,,draft,2,221,221,9,paul_row=273; lemma_gr=καρίς; edition_pages=2.221
PAUL_AEG-7.3.275,PAUL_AEG,7.3.275,Καρκίνων,,,,"Καρκίνων κεκαυμένων ἡ τέφρα τῶν μὲν ποταμίων ξηραντική ἐστιν ὁμοίως τῇ τῶν ἐχίνων τε καὶ κοχλιῶν, ἰδιότητι δὲ τῆς ὅλης οὐσίας θαυμαστῶς ἐπὶ τῶν λυσσοδήκτων ἐνεργεῖ πινομένη, ὡς ἐν ἄλλοις εἴρηται· ἡ δὲ τῶν θαλασσίων ὑπερβάλλουσαν ἔχουσα τὴν ξηρότητα τούτοις μὲν οὐχ ἁρμόττει, τοὺς δὲ μᾶλλον ξηραίνεσθαι χρῄζοντας ὠφελεῖ. καταπλαττόμενος δὲ λεῖος ὁ ποτάμιος σκόλοπάς τε καὶ ἀκίδας ἀναβάλλει.","καρκινων κεκαυμενων η τεφρα των μεν ποταμιων ξηραντικη εστιν ομοιως τη των εχινων τε και κοχλιων, ιδιοτητι δε της ολης ουσιας θαυμαστως επι των λυσσοδηκτων ενεργει πινομενη, ως εν αλλοις ειρηται· η δε των θαλασσιων υπερβαλλουσαν εχουσα την ξηροτητα τουτοις μεν ουχ αρμοττει, τους δε μαλλον ξηραινεσθαι χρηζοντας ωφελει. καταπλαττομενος δε λειος ο ποταμιος σκολοπας τε και ακιδας αναβαλλει.",,draft,2,221,221,59,paul_row=274; lemma_gr=καρκίνων; edition_pages=2.221
PAUL_AEG-7.3.276,PAUL_AEG,7.3.276,Κάρου,,,,"Κάρου τὸ σπέρμα θερμαίνει καὶ ξηραίνει κατὰ τὴν τρίτην που τάξιν, ἄφυσόν τέ ἐστι καὶ οὐρητικόν, οὐ τὸ σπέρμα μόνον ἀλλὰ καὶ ὅλον τὸ φυτόν.","καρου το σπερμα θερμαινει και ξηραινει κατα την τριτην που ταξιν, αφυσον τε εστι και ουρητικον, ου το σπερμα μονον αλλα και ολον το φυτον.",,draft,2,221,221,25,paul_row=275; lemma_gr=κάρου; edition_pages=2.221
PAUL_AEG-7.3.277,PAUL_AEG,7.3.277,Καρπήσιον,,,,Καρπήσιον ἀρωματίζον ἐστὶ καὶ λεπτομερές· ῥύπτει τε γοῦν τὰς τῶν σπλάγχνων ἐμφράξεις καὶ οὖρα κινεῖ καὶ νεφροὺς ἐκκαθαίρει λιθιῶντας.,καρπησιον αρωματιζον εστι και λεπτομερες· ρυπτει τε γουν τας των σπλαγχνων εμφραξεις και ουρα κινει και νεφρους εκκαθαιρει λιθιωντας.,,draft,2,221,221,19,paul_row=276; lemma_gr=καρπήσιον; edition_pages=2.221
PAUL_AEG-7.3.278,PAUL_AEG,7.3.278,Καρύα,,,,"Καρύα τὸ δένδρον ἔχει μέν τι κἀν τοῖς βλαστοῖς στυπτικόν, πλεῖστον δὲ ἐν τοῖς τῶν καρύων λέμμασιν· ὁ γοῦν χυλὸς αὐτῶν ἑψόμενος σὺν μέλιτι στοματικὸν γίνεται φάρμακον. τὸ δὲ λέπος αὐτὸ καυθὲν λεπτομερὲς γίνεται καὶ ξηραντικὸν ἀδήκτως. τὸ δὲ ἐδώδιμον αὐτοῦ ἐλαιῶδες ὂν ῥᾳδίως ἐκχυλοῦται, τὸ δὲ ἐξ αὐτοῦ ἔλαιον λεπτομερές τέ ἐστι καὶ διαφορητικὸν ὄγκων τε καὶ σηπεδόνων. τὰ δὲ ταγγὰ κάρυα διὰ παλαιότητα ῥυπτικὴν ἔχουσι τῶν περὶ τὸ δέρμα δύναμιν. τὸ δὲ Ποντικόν, ὃ δὴ καὶ λεπτοκάρυον καλοῦσι, ψυχρότερόν ἐστι καὶ αὐστηρόν, τὰ δὲ ἄλλα τῷ μεγάλῳ παραπλησίως.","καρυα το δενδρον εχει μεν τι καν τοις βλαστοις στυπτικον, πλειστον δε εν τοις των καρυων λεμμασιν· ο γουν χυλος αυτων εψομενος συν μελιτι στοματικον γινεται φαρμακον. το δε λεπος αυτο καυθεν λεπτομερες γινεται και ξηραντικον αδηκτως. το δε εδωδιμον αυτου ελαιωδες ον ραδιως εκχυλουται, το δε εξ αυτου ελαιον λεπτομερες τε εστι και διαφορητικον ογκων τε και σηπεδονων. τα δε ταγγα καρυα δια παλαιοτητα ρυπτικην εχουσι των περι το δερμα δυναμιν. το δε ποντικον, ο δη και λεπτοκαρυον καλουσι, ψυχροτερον εστι και αυστηρον, τα δε αλλα τω μεγαλω παραπλησιως.",,draft,2,221,221,90,paul_row=277; lemma_gr=καρύα; edition_pages=2.221
PAUL_AEG-7.3.279,PAUL_AEG,7.3.279,Καρυόφυλλον,,,,"Καρυόφυλλον οὐ πρὸς τοὔνομα καὶ τὴν οὐσίαν ἔχει, ἀλλ' ἐκ τῆς Ἰνδίας οἷον ἄνθη τινὰ δένδρου καρφοειδῆ μέλανα, ὅσον δακτύλου σύνεγγυς τὸ μῆκος, φέρεται ἀρωματίζοντα καὶ δριμέα, ὑπόπικρα, θερμά τε καὶ ξηρὰ περί που τρίτης τάξεως· ἃ πολύχρηστά ἐστιν ἐν ὄψοις τε καὶ ἑτέροις φαρμάκοις.","καρυοφυλλον ου προς τουνομα και την ουσιαν εχει, αλλ' εκ της ινδιας οιον ανθη τινα δενδρου καρφοειδη μελανα, οσον δακτυλου συνεγγυς το μηκος, φερεται αρωματιζοντα και δριμεα, υποπικρα, θερμα τε και ξηρα περι που τριτης ταξεως· α πολυχρηστα εστιν εν οψοις τε και ετεροις φαρμακοις.",,draft,2,221,221,45,paul_row=278; lemma_gr=καρυόφυλλον; edition_pages=2.221
PAUL_AEG-7.3.280,PAUL_AEG,7.3.280,Κάσαμον,,,,"Κάσαμον. τοῦτό φασιν εἶναι τὸν καρπὸν τοῦ βαλσάμου, περὶ οὗ κατ' ἐκεῖνο λέλεκται.","κασαμον. τουτο φασιν ειναι τον καρπον του βαλσαμου, περι ου κατ' εκεινο λελεκται.",,draft,2,222,222,13,paul_row=279; lemma_gr=κάσαμον; edition_pages=2.222
PAUL_AEG-7.3.281,PAUL_AEG,7.3.281,Κασσία,,,,"Κασσία θερμαίνει καὶ ξηραίνει κατὰ τὴν τρίτην που τάξιν καὶ λεπτομερὴς ἱκανῶς ἐστι καὶ δριμεῖα καὶ μετρίως στύφουσα· τέμνει τε οὖν ἅμα καὶ διαφορεῖ καὶ ῥώμην τοῖς ὀργάνοις ἐντίθησιν, ἄγει δὲ καὶ καταμήνια.","κασσια θερμαινει και ξηραινει κατα την τριτην που ταξιν και λεπτομερης ικανως εστι και δριμεια και μετριως στυφουσα· τεμνει τε ουν αμα και διαφορει και ρωμην τοις οργανοις εντιθησιν, αγει δε και καταμηνια.",,draft,2,222,222,33,paul_row=280; lemma_gr=κασσία; edition_pages=2.222
PAUL_AEG-7.3.282,PAUL_AEG,7.3.282,Καστόριον,,,,"Καστόριον θερμαίνει καὶ ξηραίνει μετὰ λεπτομερείας ὑπερβαλλούσης, δι' ἣν πρὸς ταῖς ἐνεργείαις καὶ τοῖς τῶν νεύρων ἐπὶ πλήθει χυμῶν πάθεσιν ἁρμόττει καὶ τὰ κατεψυγμένα ῥᾳδίως ἀναθερμαίνει ἔξωθέν τε προσφερόμενον καὶ πινόμενον μετὰ τοῦ μηδὲν ἕτερον βλάπτειν μόριον, κἂν μετρίως πυρέττοιεν, ὥσπερ ἐπὶ τῶν καταφορῶν καὶ ληθάργων. κινεῖ δὲ καὶ καταμήνια καὶ χόρια ἐκβάλλει· ἐπὶ δὲ τῶν κατὰ τὸν ἐγκέφαλον καὶ πνεύμονα παθῶν καὶ διὰ τῆς εἰσπνοῆς θυμιώμενον μεγάλως ὀνίνησιν.","καστοριον θερμαινει και ξηραινει μετα λεπτομερειας υπερβαλλουσης, δι' ην προς ταις ενεργειαις και τοις των νευρων επι πληθει χυμων παθεσιν αρμοττει και τα κατεψυγμενα ραδιως αναθερμαινει εξωθεν τε προσφερομενον και πινομενον μετα του μηδεν ετερον βλαπτειν μοριον, καν μετριως πυρεττοιεν, ωσπερ επι των καταφορων και ληθαργων. κινει δε και καταμηνια και χορια εκβαλλει· επι δε των κατα τον εγκεφαλον και πνευμονα παθων και δια της εισπνοης θυμιωμενον μεγαλως ονινησιν.",,draft,2,222,222,69,paul_row=281; lemma_gr=καστόριον; edition_pages=2.222
PAUL_AEG-7.3.283,PAUL_AEG,7.3.283,"Καυκαλίς, οἱ δὲ δαῦκον ἄγριον",,,,"Καυκαλίς, οἱ δὲ δαῦκον ἄγριον· θερμαίνει τε γὰρ ὡς ὁ δαῦκος καὶ ξηραίνει καὶ διουρεῖται καὶ ταριχεύεται εἰς ἀπόθεσιν.","καυκαλις, οι δε δαυκον αγριον· θερμαινει τε γαρ ως ο δαυκος και ξηραινει και διουρειται και ταριχευεται εις αποθεσιν.",,draft,2,222,222,19,paul_row=282; lemma_gr=καυκαλίς:δαῦκον ἄγριον; edition_pages=2.222; derived_from=alias_review
PAUL_AEG-7.3.284,PAUL_AEG,7.3.284,Κέγχρος,,,,"Κέγχρος ψύχει μὲν κατὰ τὴν πρώτην ἀπόστασιν, ξηραίνει δὲ κατὰ τὴν δευτέραν, ἔστι δέ πως καὶ λεπτομερὴς ἐπ' ὀλίγον. ἔξωθεν οὖν διά τε μαρσίππων πυριουμένη καὶ καταπλαττομένη ξηραίνειν πέφυκεν.","κεγχρος ψυχει μεν κατα την πρωτην αποστασιν, ξηραινει δε κατα την δευτεραν, εστι δε πως και λεπτομερης επ' ολιγον. εξωθεν ουν δια τε μαρσιππων πυριουμενη και καταπλαττομενη ξηραινειν πεφυκεν.",,draft,2,222,222,29,paul_row=283; lemma_gr=κέγχρος; edition_pages=2.222
PAUL_AEG-7.3.285,PAUL_AEG,7.3.285,Κέδρος,,,,"Κέδρος ἥ τε θαμνώδης ὁμοία ταῖς ἀρκεύθοις καὶ τὸ δένδρον θερμαίνουσι καὶ ξηραίνουσι κατὰ τὴν τρίτην τάξιν, τὸ δὲ ἐξ αὐτῶν ἔλαιον ὃ καλοῦσι κεδρέαν, καὶ τῆς τετάρτης ἐφάπτεται λεπτομερὴς ἱκανῶς ὑπάρχουσα. τὰς μὲν οὖν ἁπαλὰς σάρκας ἑτοίμως τε καὶ ἀνωδύνως σήπει, τὰς δὲ σκληράς, καὶ μάλιστα τῶν νεκρῶν, ξηραίνει τε καὶ ἀσήπτους διαφυλάττει φθεῖρας τε καὶ κονίδας καὶ ἀσκαρίδας καὶ τοὺς ἐν ὠσὶ σκώληκας ἀναιρεῖ καὶ ἄλλα πλείονα δρᾷ.","κεδρος η τε θαμνωδης ομοια ταις αρκευθοις και το δενδρον θερμαινουσι και ξηραινουσι κατα την τριτην ταξιν, το δε εξ αυτων ελαιον ο καλουσι κεδρεαν, και της τεταρτης εφαπτεται λεπτομερης ικανως υπαρχουσα. τας μεν ουν απαλας σαρκας ετοιμως τε και ανωδυνως σηπει, τας δε σκληρας, και μαλιστα των νεκρων, ξηραινει τε και ασηπτους διαφυλαττει φθειρας τε και κονιδας και ασκαριδας και τους εν ωσι σκωληκας αναιρει και αλλα πλειονα δρα.",,draft,2,222,222,70,paul_row=284; lemma_gr=κέδρος; edition_pages=2.222
PAUL_AEG-7.3.286,PAUL_AEG,7.3.286,Κενταυρίου,,,,"Κενταυρίου τοῦ μεγάλου ἡ ῥίζα δριμεῖά τε καὶ θερμὴ μετὰ γεώδους στύψεώς ἐστι· καταμήνια γοῦν προτρέπει καὶ ἔμβρυα φθείρει τε καὶ ἐκβάλλει τραύματά τε κολλᾷ καὶ αἱμοπτυικοὺς ὠφελεῖ καὶ τἄλλα τὰ κατὰ θώρακα. τοῦ δὲ μικροῦ ἡ μὲν ῥίζα ἄπρακτος, οἱ δὲ κλῶνες ἰσχυρῶς τε καὶ ἀδήκτως ξηραίνουσιν· ὅθεν πρὸς τοῖς ἐπὶ τοῦ μεγάλου λεχθεῖσιν καὶ ἰσχιαδικοῖς ἐνιέμενον αὐτῆς τὸ ἀφέψημα χολώδη κενοῖ, ἐνίοτε δὲ καὶ αἱματώδη, καὶ μεγάλως ὠφελεῖ.","κενταυριου του μεγαλου η ριζα δριμεια τε και θερμη μετα γεωδους στυψεως εστι· καταμηνια γουν προτρεπει και εμβρυα φθειρει τε και εκβαλλει τραυματα τε κολλα και αιμοπτυικους ωφελει και ταλλα τα κατα θωρακα. του δε μικρου η μεν ριζα απρακτος, οι δε κλωνες ισχυρως τε και αδηκτως ξηραινουσιν· οθεν προς τοις επι του μεγαλου λεχθεισιν και ισχιαδικοις ενιεμενον αυτης το αφεψημα χολωδη κενοι, ενιοτε δε και αιματωδη, και μεγαλως ωφελει.",,draft,2,222,223,70,paul_row=285; lemma_gr=κενταυρίου; edition_pages=2.222-223
PAUL_AEG-7.3.287,PAUL_AEG,7.3.287,Κέρας αἰγός τε καὶ ἐλάφου,,,,"Κέρας αἰγός τε καὶ ἐλάφου κεκαυμένον ὀδόντας τε λαμπρύνει καὶ προσστέλλει τὰ οὖλα πλαδῶντα. τὸ δὲ τῆς ἐλάφου κέρας μετ' οἴνου λειούμενον, εἶτα περιπλασσόμενον, ὀδόντας σειομένους ἵστησι, μετὰ τὸ καυθῆναι δὲ πλυθὲν δυσεντερίας τε καὶ κοιλιακοὺς καὶ πτύσεις αἵματος καὶ ἰκτερικοὺς ὠφελεῖ πλῆθος κοχλιαρίων β· μίγνυται δὲ καὶ ὀφθαλμικαῖς δυνάμεσιν. τὸ δὲ ταύρου κέρας μεθ' ὕδατος πινόμενον αἱμορραγίας ἐπέχει.","κερας αιγος τε και ελαφου κεκαυμενον οδοντας τε λαμπρυνει και προσστελλει τα ουλα πλαδωντα. το δε της ελαφου κερας μετ' οινου λειουμενον, ειτα περιπλασσομενον, οδοντας σειομενους ιστησι, μετα το καυθηναι δε πλυθεν δυσεντεριας τε και κοιλιακους και πτυσεις αιματος και ικτερικους ωφελει πληθος κοχλιαριων β· μιγνυται δε και οφθαλμικαις δυναμεσιν. το δε ταυρου κερας μεθ' υδατος πινομενον αιμορραγιας επεχει.",,draft,2,223,223,59,paul_row=286; lemma_gr=κέρας αἰγός τε καὶ ἐλάφου; edition_pages=2.223
PAUL_AEG-7.3.288,PAUL_AEG,7.3.288,Κεράσια,,,,"Κεράσια τὰ μὲν γλυκέα μᾶλλον ὑπέρχεται, τὰ δὲ αὐστηρὰ μᾶλλόν εἰσιν εὐστόμαχα· τὰ μέντοι ὀξέα τοῖς φλεγματώδεσι καὶ περιττωματικοῖς στομάχοις ἁρμόττει διὰ τὸ τμητικόν. τὸ δὲ κόμμι τοῦ δένδρου τὰς τετραχυσμένας ἀρτηρίας λεαίνει καὶ λιθιῶντας ὀνίνησι μετ' οἴνου πινόμενον.","κερασια τα μεν γλυκεα μαλλον υπερχεται, τα δε αυστηρα μαλλον εισιν ευστομαχα· τα μεντοι οξεα τοις φλεγματωδεσι και περιττωματικοις στομαχοις αρμοττει δια το τμητικον. το δε κομμι του δενδρου τας τετραχυσμενας αρτηριας λεαινει και λιθιωντας ονινησι μετ' οινου πινομενον.",,draft,2,223,223,39,paul_row=287; lemma_gr=κεράσια; edition_pages=2.223
PAUL_AEG-7.3.289,PAUL_AEG,7.3.289,Κερατωνία,,,,"Κερατωνία καὶ ὁ καρπὸς αὐτῆς τὰ κεράτια ξηραντικῆς ἐστι καὶ ψυκτικῆς δυνάμεως, μετέχων δηλονότι καὶ γλυκύτητός τινος.","κερατωνια και ο καρπος αυτης τα κερατια ξηραντικης εστι και ψυκτικης δυναμεως, μετεχων δηλονοτι και γλυκυτητος τινος.",,draft,2,223,223,17,paul_row=288; lemma_gr=κερατωνία; edition_pages=2.223
PAUL_AEG-7.3.290,PAUL_AEG,7.3.290,Κεφαλαὶ ταριχηρῶν μαινίδων,,,,"Κεφαλαὶ ταριχηρῶν μαινίδων καυθεῖσαι ξηραντικῆς γίνονται δυνάμεως οὐ πάνυ δριμείας· τὰς ἐν ἕδρᾳ γοῦν ῥαγάδας καὶ γαργαρεῶνας χρονίως ἐσκιρρωμένους ὠφελοῦσιν. ἡ δὲ τῆς σμαρίδος κεκαυμένη ὅλη πρὸς ἀλωπεκίας ποιεῖ μετὰ στέατος ἀρκείου· τὸ δ' αὐτὸ δρᾷ καὶ ἡ τοῦ μυὸς κεκαυμένη μετὰ μέλιτος. ἡ δὲ τοῦ ἰκτίνου ξηρὰ ἄνευ τῶν πτίλων, ὅσον τοῖς τρισὶν ἐπᾶραι δακτύλοις, μεθ' ὕδατος πινομένη ποδαλγοὺς ὠφελεῖ. τὴν δὲ τῆς σαύρας φασὶ σκόλοπας ἐξάγειν καὶ μυρμηκίας καὶ ἀκροχορδόνας καὶ ἥλους.","κεφαλαι ταριχηρων μαινιδων καυθεισαι ξηραντικης γινονται δυναμεως ου πανυ δριμειας· τας εν εδρα γουν ραγαδας και γαργαρεωνας χρονιως εσκιρρωμενους ωφελουσιν. η δε της σμαριδος κεκαυμενη ολη προς αλωπεκιας ποιει μετα στεατος αρκειου· το δ' αυτο δρα και η του μυος κεκαυμενη μετα μελιτος. η δε του ικτινου ξηρα ανευ των πτιλων, οσον τοις τρισιν επαραι δακτυλοις, μεθ' υδατος πινομενη ποδαλγους ωφελει. την δε της σαυρας φασι σκολοπας εξαγειν και μυρμηκιας και ακροχορδονας και ηλους.",,draft,2,223,224,74,paul_row=289; lemma_gr=κεφαλὴ μαινίδων; edition_pages=2.223-224
PAUL_AEG-7.3.291,PAUL_AEG,7.3.291,Κηκὶς,,,,"Κηκὶς ἡ μὲν ὀμφακῖτις στρυφνὸν ἱκανῶς ἐστι φάρμακον· ὅθεν ξηραίνει καὶ ἀποκρούεται τὰ ῥεύματα καὶ συνάγει καὶ σφίγγει τὰ χαλαρὰ καὶ ἄρρωστα μόρια καὶ πᾶσι τοῖς ῥοώδεσιν ἁρμόττει πάθεσιν· καὶ κείσθω τῆς τρίτης μὲν τῷ ξηραίνειν, δευτέρας δὲ τῷ ψύχειν τάξεως. ἡ δὲ ἑτέρα ἡ ξανθὴ καὶ χαύνη καὶ μεγάλη ξηραίνει μέν, ἧττον δὲ ἐκείνης τοσοῦτον, ὅσον καὶ στύψεως ἀπολείπεται· τὰς δὲ ἐν ἕδρᾳ φλεγμονάς τε καὶ προπτώσεις ἑψουμένη ὠφελεῖ. καυθεῖσαι δὲ καὶ ὄξει σβεςθεῖσαι ἴσχαιμοι γίνονται.","κηκις η μεν ομφακιτις στρυφνον ικανως εστι φαρμακον· οθεν ξηραινει και αποκρουεται τα ρευματα και συναγει και σφιγγει τα χαλαρα και αρρωστα μορια και πασι τοις ροωδεσιν αρμοττει παθεσιν· και κεισθω της τριτης μεν τω ξηραινειν, δευτερας δε τω ψυχειν ταξεως. η δε ετερα η ξανθη και χαυνη και μεγαλη ξηραινει μεν, ηττον δε εκεινης τοσουτον, οσον και στυψεως απολειπεται· τας δε εν εδρα φλεγμονας τε και προπτωσεις εψουμενη ωφελει. καυθεισαι δε και οξει σβεςθεισαι ισχαιμοι γινονται.",,draft,2,224,224,77,paul_row=290; lemma_gr=κηκίς; edition_pages=2.224
PAUL_AEG-7.3.292,PAUL_AEG,7.3.292,Κηπαία,,,,"Κηπαία ἐμφερής ἐστιν ἀνδράχνῃ, βοηθεῖ δὲ αὐτῆς τὰ φύλλα πινόμενα ψωριῶσι τὴν κύστιν. ἡ δὲ ῥίζα μετὰ ἀσπαράγου τοῦ μυακανθίνου πινομένη στραγγουρίας ὠφελεῖ τὰς ἐπ' ἐμφράξει.","κηπαια εμφερης εστιν ανδραχνη, βοηθει δε αυτης τα φυλλα πινομενα ψωριωσι την κυστιν. η δε ριζα μετα ασπαραγου του μυακανθινου πινομενη στραγγουριας ωφελει τας επ' εμφραξει.",,draft,2,224,224,26,paul_row=291; lemma_gr=κηπαία; edition_pages=2.224
PAUL_AEG-7.3.293,PAUL_AEG,7.3.293,Κηρὸς,,,,"Κηρὸς εὔκρατος ὢν ὕλη τῶν ἄλλων γίνεται φαρμάκων, αὐτὸς δὲ καθ' ἑαυτὸν τῶν ἠρέμα πεπτικῶν ἂν εἴη· ἔχει γάρ τι βραχὺ διαφορητικῆς τε καὶ θερμῆς δυνάμεως.","κηρος ευκρατος ων υλη των αλλων γινεται φαρμακων, αυτος δε καθ' εαυτον των ηρεμα πεπτικων αν ειη· εχει γαρ τι βραχυ διαφορητικης τε και θερμης δυναμεως.",,draft,2,224,224,26,paul_row=292; lemma_gr=κηρός; edition_pages=2.224
PAUL_AEG-7.3.294,PAUL_AEG,7.3.294,Κηρύκων,,,,Κηρύκων τὸ μὲν ὄστρακον καυθὲν ξηραντικῆς ἱκανῶς ἐστι δυνάμεως ἀδήκτου· δι' ὃ τοῖς κακοήθεσι τῶν ἑλκῶν ἁρμόζει· ἐπὶ δὲ τῶν σηπεδονωδῶν μετ' ὄξους ἢ οἴνου ἢ ὀξυμέλιτος αὐτοῖς χρηστέον. τῆς δὲ οἷον σαρκὸς αὐτῶν ἔτι ζώντων ἐν ἐλαίῳ ἑψηθείσης ὠταλγίας ὠφελεῖ τοὔλαιον ἐγχεόμενον.,κηρυκων το μεν οστρακον καυθεν ξηραντικης ικανως εστι δυναμεως αδηκτου· δι' ο τοις κακοηθεσι των ελκων αρμοζει· επι δε των σηπεδονωδων μετ' οξους η οινου η οξυμελιτος αυτοις χρηστεον. της δε οιον σαρκος αυτων ετι ζωντων εν ελαιω εψηθεισης ωταλγιας ωφελει τουλαιον εγχεομενον.,,draft,2,224,224,43,paul_row=293; lemma_gr=κηρύκων; edition_pages=2.224
PAUL_AEG-7.3.295,PAUL_AEG,7.3.295,Κίκεως,,,,"Κίκεως ὁ καρπός, ὅστις καὶ καθαίρει, ῥυπτικήν τε καὶ διαφορητικὴν ἔχει δύναμιν· οὕτω δὲ καὶ τὸ φύλλον, ἀλλὰ ἀσθενέστερον. περὶ δὲ τοῦ ἐλαίου εἴρηται.","κικεως ο καρπος, οστις και καθαιρει, ρυπτικην τε και διαφορητικην εχει δυναμιν· ουτω δε και το φυλλον, αλλα ασθενεστερον. περι δε του ελαιου ειρηται.",,draft,2,224,224,24,paul_row=294; lemma_gr=κίκεως; edition_pages=2.224
PAUL_AEG-7.3.296,PAUL_AEG,7.3.296,Κιννάβαρις,,,,"Κιννάβαρις δριμείας μετρίως ἐστὶ δυνάμεως, ἔχει δέ τι καὶ στύψεως.","κινναβαρις δριμειας μετριως εστι δυναμεως, εχει δε τι και στυψεως.",,draft,2,224,224,10,paul_row=295; lemma_gr=κιννάβαρις; edition_pages=2.224
PAUL_AEG-7.3.297,PAUL_AEG,7.3.297,Κινάμωμον,,,,"Κινάμωμον ἄκρως ἐστὶ λεπτομερές, οὐ μὴν ἄκρως γε θερμόν, ἀλλ' ἐκ τῆς τρίτης που τάξεως· οὐδὲν δὲ οὕτω ξηραίνει τῶν ἐξ ἴσου θερμαινόντων αὐτῷ διὰ τὸ λεπτομερὲς τῆς οὐσίας. ἡ μέντοι κιναμωμὶς οἷόνπερ ἀσθενές τι κινάμωμον, ἔνιοι δὲ αὐτὴν ψευδοκινάμωμον ὀνομάζουσιν.","κιναμωμον ακρως εστι λεπτομερες, ου μην ακρως γε θερμον, αλλ' εκ της τριτης που ταξεως· ουδεν δε ουτω ξηραινει των εξ ισου θερμαινοντων αυτω δια το λεπτομερες της ουσιας. η μεντοι κιναμωμις οιονπερ ασθενες τι κιναμωμον, ενιοι δε αυτην ψευδοκιναμωμον ονομαζουσιν.",,draft,2,224,225,41,paul_row=296; lemma_gr=κινάμωμον; edition_pages=2.224-225
PAUL_AEG-7.3.298,PAUL_AEG,7.3.298,Κιρκέας,,,,"Κιρκέας ἡ μὲν ῥίζα θερμαντικὴ καὶ εὐώδης ἐστίν, ἥτις σὺν οἴνῳ πινομένη ὑστέρας ἐκκαθαίρει· ὁ δὲ καρπὸς σὺν ῥοφήματι πινόμενος γάλα γεννᾷ.","κιρκεας η μεν ριζα θερμαντικη και ευωδης εστιν, ητις συν οινω πινομενη υστερας εκκαθαιρει· ο δε καρπος συν ροφηματι πινομενος γαλα γεννα.",,draft,2,225,225,22,paul_row=297; lemma_gr=κιρκέας; edition_pages=2.225
PAUL_AEG-7.3.299,PAUL_AEG,7.3.299,Κίσηρις,,,,"Κίσηρις ῥυπτική, καὶ μάλιστα τῶν ὀδόντων, ἐστίν, οὐ μόνον τῇ δυνάμει, ἀλλὰ καὶ τῇ τραχύτητι, ἐμβάλλεται δὲ καὶ εἰς τὰ σαρκωτικὰ τῶν ἑλκῶν φάρμακα καὶ εἰς τὰ σμηκτικὰ τῶν περὶ τὸ δέρμα. εἰ δὲ καυθείη, λεπτομερεστέρα μέν, δακνώδης δέ, γίνεται, πλυνομένη δὲ τὸ δακνῶδες ἀποτίθεται.","κισηρις ρυπτικη, και μαλιστα των οδοντων, εστιν, ου μονον τη δυναμει, αλλα και τη τραχυτητι, εμβαλλεται δε και εις τα σαρκωτικα των ελκων φαρμακα και εις τα σμηκτικα των περι το δερμα. ει δε καυθειη, λεπτομερεστερα μεν, δακνωδης δε, γινεται, πλυνομενη δε το δακνωδες αποτιθεται.",,draft,2,225,225,45,paul_row=298; lemma_gr=κίσηρις; edition_pages=2.225
PAUL_AEG-7.3.300,PAUL_AEG,7.3.300,Κίσθος ἢ κίσθαρος,,,,"Κίσθος ἢ κίσθαρος στυπτικός ἐστι θαμνίσκος καὶ ψυχρὸς ἠρέμα τὴν δύναμιν· τὰ δὲ φύλλα αὐτοῦ καὶ οἱ βλαστοὶ τοσοῦτον ξηραίνουσιν, ὥστε καὶ τραύματα κολλᾶν. τὰ δὲ ἄνθη ξηρότερα περί που κατὰ τὴν δευτέραν ἀπόστασιν ὄντα δυσεντερίας τε καὶ τὰ ἄλλα ῥοώδη ἰᾶται πινόμενα, ἔξωθεν δὲ τὰ σηπεδονώδη τῶν ἑλκῶν ὠφελεῖ.","κισθος η κισθαρος στυπτικος εστι θαμνισκος και ψυχρος ηρεμα την δυναμιν· τα δε φυλλα αυτου και οι βλαστοι τοσουτον ξηραινουσιν, ωστε και τραυματα κολλαν. τα δε ανθη ξηροτερα περι που κατα την δευτεραν αποστασιν οντα δυσεντεριας τε και τα αλλα ροωδη ιαται πινομενα, εξωθεν δε τα σηπεδονωδη των ελκων ωφελει.",,draft,2,225,225,50,paul_row=299; lemma_gr=κίσθος:κίσθαρος; edition_pages=2.225
PAUL_AEG-7.3.301,PAUL_AEG,7.3.301,Κισσὸς,,,,Κισσὸς ἐξ ἐναντίων σύγκειται δυνάμεων· στύφει τε γὰρ καὶ ψύχει καὶ δριμύς ἐστι καὶ θερμὸς ὑδατώδους μετέχων οὐσίας χλιαρᾶς ὅ γε χλωρός· οὗ τὰ φύλλα ἑψηθέντα σὺν οἴνῳ τραυμάτων ἐστὶ κολλητικὰ πυρίκαυτά τε καὶ σπληνικοὺς ὠφελεῖ. ὁ δὲ χυλὸς ἔρρινόν ἐστι φάρμακον καὶ τὰ χρόνια τῶν ἐν ὠσὶν ἰᾶται ῥεύματα· τὸ δὲ δάκρυον αὐτοῦ δριμύτερον ὑπάρχον φθεῖρας κτείνει καὶ τρίχας ψιλοῖ.,κισσος εξ εναντιων συγκειται δυναμεων· στυφει τε γαρ και ψυχει και δριμυς εστι και θερμος υδατωδους μετεχων ουσιας χλιαρας ο γε χλωρος· ου τα φυλλα εψηθεντα συν οινω τραυματων εστι κολλητικα πυρικαυτα τε και σπληνικους ωφελει. ο δε χυλος ερρινον εστι φαρμακον και τα χρονια των εν ωσιν ιαται ρευματα· το δε δακρυον αυτου δριμυτερον υπαρχον φθειρας κτεινει και τριχας ψιλοι.,,draft,2,225,225,61,paul_row=300; lemma_gr=κισσός; edition_pages=2.225
PAUL_AEG-7.3.302,PAUL_AEG,7.3.302,"Κίτριον, ὃ καὶ μῆλον Μηδικόν",,,,"Κίτριον, ὃ καὶ μῆλον Μηδικόν. τὸ μὲν μέσον αὐτοῦ ὀξῶδες ἢ ἄποιον, ἐν ᾧ τὸ σπέρμα, τρίτης ἐστὶ τῶν ψυχόντων τε καὶ ξηραινόντων τάξεως, ὁ δὲ φλοιὸς ξηραίνει μὲν κατὰ τὴν δευτέραν τάξιν, οὐκέτι δὲ ψύχει, ἀλλ' ἐστὶ δριμύς· ἡ δὲ σὰρξ αὐτοῦ παχύχυμός τέ ἐστι καὶ φλεγμαντικὴ καὶ ψυχρά· τὸ δὲ σπέρμα διαφορεῖ τε καὶ ξηραίνει κατὰ τὴν δευτέραν ἀπόστασιν. καὶ τὰ φύλλα δὲ τοῦ δένδρου ξηραντικῆς τε καὶ διαφορητικῆς εἰσι δυνάμεως.","κιτριον, ο και μηλον μηδικον. το μεν μεσον αυτου οξωδες η αποιον, εν ω το σπερμα, τριτης εστι των ψυχοντων τε και ξηραινοντων ταξεως, ο δε φλοιος ξηραινει μεν κατα την δευτεραν ταξιν, ουκετι δε ψυχει, αλλ' εστι δριμυς· η δε σαρξ αυτου παχυχυμος τε εστι και φλεγμαντικη και ψυχρα· το δε σπερμα διαφορει τε και ξηραινει κατα την δευτεραν αποστασιν. και τα φυλλα δε του δενδρου ξηραντικης τε και διαφορητικης εισι δυναμεως.",,draft,2,225,226,73,paul_row=301; lemma_gr=κίτριον:μῆλον μηδικόν; edition_pages=2.225-226; derived_from=alias_review
PAUL_AEG-7.3.303,PAUL_AEG,7.3.303,Κιχόριον ἢ πικρὶς,,,,"Κιχόριον ἢ πικρὶς οἷον ἀγρία σέρις ἐστὶν ψύχουσά τε καὶ ξηραίνουσα κατὰ τὴν πρώτην ἀπόστασιν, ἔχει δέ τι καὶ στυπτικόν· ὅθεν ἡπατικαῖς ἁρμόττει δυσεντερίαις.","κιχοριον η πικρις οιον αγρια σερις εστιν ψυχουσα τε και ξηραινουσα κατα την πρωτην αποστασιν, εχει δε τι και στυπτικον· οθεν ηπατικαις αρμοττει δυσεντεριαις.",,draft,2,226,226,24,paul_row=302; lemma_gr=κιχόριον:πικρίς; edition_pages=2.226
PAUL_AEG-7.3.304,PAUL_AEG,7.3.304,"Κληματῖτις, οἱ δὲ δαφνοειδές, οἱ δὲ μυρσινοειδές, οἱ δὲ πολυγονοειδές",,,,"Κληματῖτις, οἱ δὲ δαφνοειδές, οἱ δὲ μυρσινοειδές, οἱ δὲ πολυγονοειδές, κλήματα ἔχει μακρὰ ὡς ὁλοσχοίνου τὸ πάχος, πέταλον δὲ ἐμφερὲς δάφνῃ. ξηραντικῆς ἐστι δυνάμεως· διαρροίας γοῦν καὶ δυσεντερίας καὶ ὀδόντων πόνους παύει καὶ θηριοδήκτοις ἁρμόζει.","κληματιτις, οι δε δαφνοειδες, οι δε μυρσινοειδες, οι δε πολυγονοειδες, κληματα εχει μακρα ως ολοσχοινου το παχος, πεταλον δε εμφερες δαφνη. ξηραντικης εστι δυναμεως· διαρροιας γουν και δυσεντεριας και οδοντων πονους παυει και θηριοδηκτοις αρμοζει.",,draft,2,226,226,35,paul_row=303; lemma_gr=κληματῖτις:δαφνοειδές:μυρσινοειδές:πολυγονοειδές; edition_pages=2.226; derived_from=alias_review
PAUL_AEG-7.3.305,PAUL_AEG,7.3.305,Κληματῖτις ἑτέρα,,,,"Κληματῖτις ἑτέρα περιελίττεται τοῖς δένδροις ὡς μῖλαξ δριμείας τε καὶ καυστικῆς οὖσα δυνάμεως. ταύτης ὁ καρπὸς μεθ' ὕδατος ποθεὶς ἄγει κάτω φλέγμα καὶ χολήν, τὰ δὲ φύλλα καταπλασθέντα λέπρας ἀφίστησιν.","κληματιτις ετερα περιελιττεται τοις δενδροις ως μιλαξ δριμειας τε και καυστικης ουσα δυναμεως. ταυτης ο καρπος μεθ' υδατος ποθεις αγει κατω φλεγμα και χολην, τα δε φυλλα καταπλασθεντα λεπρας αφιστησιν.",,draft,2,226,226,30,paul_row=304; lemma_gr=κληματῖτις ἑτέρα; edition_pages=2.226
PAUL_AEG-7.3.306,PAUL_AEG,7.3.306,Κλινοπόδιον,,,,Κλινοπόδιον θερμαντικῆς ἐστι δυνάμεως καὶ ξηραντικῆς οὐδέπω καυστικῆς ἀλλὰ τρίτης που τάξεως.,κλινοποδιον θερμαντικης εστι δυναμεως και ξηραντικης ουδεπω καυστικης αλλα τριτης που ταξεως.,,draft,2,226,226,12,paul_row=305; lemma_gr=κλινοπόδιον; edition_pages=2.226
PAUL_AEG-7.3.307,PAUL_AEG,7.3.307,Κνήκου,,,,"Κνήκου τῷ σπέρματι πρὸς τὰς καθάρσεις μόνον χρώμεθα· εἰ δέ τις ἔξωθεν αὐτῷ χρῷτο, τῆς τρίτης ἂν εἴη τῶν θερμαινόντων τάξεως.","κνηκου τω σπερματι προς τας καθαρσεις μονον χρωμεθα· ει δε τις εξωθεν αυτω χρωτο, της τριτης αν ειη των θερμαινοντων ταξεως.",,draft,2,226,226,21,paul_row=306; lemma_gr=κνήκου; edition_pages=2.226
PAUL_AEG-7.3.308,PAUL_AEG,7.3.308,Κογχύλια,,,,Κογχύλια παραπλησίας ἐστὶ τοῖς κήρυξι δυνάμεως.,κογχυλια παραπλησιας εστι τοις κηρυξι δυναμεως.,,draft,2,226,226,6,paul_row=307; lemma_gr=κογχύλια; edition_pages=2.226
PAUL_AEG-7.3.309,PAUL_AEG,7.3.309,Κοιλίαν αἰθυίας,,,,"Κοιλίαν αἰθυίας ἢ πρόσφατον ἑφθὴν ἢ σκελετευθεῖσαν εὐστόμαχον εἶναί φασιν, εἰ βρωθείη, ὁμοίως δὲ καὶ τὸν τῶν ἀλεκτορίδων ἔνδον τῆς κοιλίας χιτῶνα ξηρὸν πινόμενον, ἄμφω δὲ ψευδῆ φησιν ὁ Γαληνὸς εὑρηκέναι πειράσας. τὴν δὲ τῆς φήνης τοῦ ὀρνέου κοιλίαν κατ' ὀλίγον ποτιζομένην λίθους ἐξουρεῖσθαι ποιεῖν φησιν ὁ Διουσκουρίδης. ἡ δὲ τῆς γαλῆς κοιλία πινομένη παντὸς ἀλεξιφάρμακον θηρίου λέγεται.","κοιλιαν αιθυιας η προσφατον εφθην η σκελετευθεισαν ευστομαχον ειναι φασιν, ει βρωθειη, ομοιως δε και τον των αλεκτοριδων ενδον της κοιλιας χιτωνα ξηρον πινομενον, αμφω δε ψευδη φησιν ο γαληνος ευρηκεναι πειρασας. την δε της φηνης του ορνεου κοιλιαν κατ' ολιγον ποτιζομενην λιθους εξουρεισθαι ποιειν φησιν ο διουσκουριδης. η δε της γαλης κοιλια πινομενη παντος αλεξιφαρμακον θηριου λεγεται.",,draft,2,226,226,58,paul_row=308; lemma_gr=κοιλίαν αἰθυίας; edition_pages=2.226
PAUL_AEG-7.3.310,PAUL_AEG,7.3.310,Κόκκος Κνίδιος,,,,"Κόκκος Κνίδιος ὁ καρπός ἐστι τῆς θυμελαίας, οὐχ ὁ τῆς χαμελαίας, ὥς τινες ᾠήθησαν, δριμείας μὲν ὢν καὶ καυστικῆς δυνάμεως· καθαίρει δὲ κάτω ποθεὶς ὕδωρ.","κοκκος κνιδιος ο καρπος εστι της θυμελαιας, ουχ ο της χαμελαιας, ως τινες ωηθησαν, δριμειας μεν ων και καυστικης δυναμεως· καθαιρει δε κατω ποθεις υδωρ.",,draft,2,226,227,25,paul_row=309; lemma_gr=κόκκος κνίδιος; edition_pages=2.226-227
PAUL_AEG-7.3.311,PAUL_AEG,7.3.311,Κόκκος βαφικὸς,,,,Κόκκος βαφικὸς ἀδήκτως ξηραίνει· δι' ὃ τοῖς τε μεγάλοις ἁρμόττει τραύμασι καὶ τοῖς νευροτρώτοις σὺν ὄξει ἢ ὀξυμέλιτι λειωθείς.,κοκκος βαφικος αδηκτως ξηραινει· δι' ο τοις τε μεγαλοις αρμοττει τραυμασι και τοις νευροτρωτοις συν οξει η οξυμελιτι λειωθεις.,,draft,2,227,227,19,paul_row=310; lemma_gr=κόκκος βαφικός; edition_pages=2.227
PAUL_AEG-7.3.312,PAUL_AEG,7.3.312,Κοκκυμηλέας,,,,"Κοκκυμηλέας ὁ καρπὸς ὑπάγει γαστέρα πρόσφατος μὲν μᾶλλον, ξηρανθεὶς δὲ ἧττον. τὸ δὲ ἀφέψημα αὐτοῦ τὰς κατὰ γαργαρεῶνα φλεγμονὰς ἰᾶται διακλυζόμενον. τὸ δὲ κόμμι τοῦ δένδρου τμητικῆς τε καὶ λεπτομεροῦς δυνάμεως, ὅ φασιν ἔνιοι μετ' οἴνου πινόμενον λίθων εἶναι θρυπτικόν, σὺν ὄξει δὲ λειχῆνας ἰᾶσθαι παίδων. ὁ δὲ τῶν ἀγρίων κοκκυμήλων καρπὸς στυπτικὸς ἐναργῶς ἐστι καὶ σταλτικὸς γαστρός· ὀνομάζεται δὲ τὸ φυτὸν τοῦτο κατὰ τὴν Ἀσίαν προῦμνον. ἔοικε δὲ τὰ ἥμερα ξηρανθέντα κοκκύμηλα τὰ νῦν Δαμασκηνὰ προσαγορευόμενα λέγειν ὁ Διοσκουρίδης.","κοκκυμηλεας ο καρπος υπαγει γαστερα προσφατος μεν μαλλον, ξηρανθεις δε ηττον. το δε αφεψημα αυτου τας κατα γαργαρεωνα φλεγμονας ιαται διακλυζομενον. το δε κομμι του δενδρου τμητικης τε και λεπτομερους δυναμεως, ο φασιν ενιοι μετ' οινου πινομενον λιθων ειναι θρυπτικον, συν οξει δε λειχηνας ιασθαι παιδων. ο δε των αγριων κοκκυμηλων καρπος στυπτικος εναργως εστι και σταλτικος γαστρος· ονομαζεται δε το φυτον τουτο κατα την ασιαν προυμνον. εοικε δε τα ημερα ξηρανθεντα κοκκυμηλα τα νυν δαμασκηνα προσαγορευομενα λεγειν ο διοσκουριδης.",,draft,2,227,227,80,paul_row=311; lemma_gr=κοκκυμηλέας; edition_pages=2.227
PAUL_AEG-7.3.313,PAUL_AEG,7.3.313,Κόλλα,,,,Κόλλα ἡ ἐκ σεμιδάλεώς τε καὶ γύρεως γινομένη ἐμπλαστικῆς καὶ πεπτικῆς ἐστι δυνάμεως.,κολλα η εκ σεμιδαλεως τε και γυρεως γινομενη εμπλαστικης και πεπτικης εστι δυναμεως.,,draft,2,227,227,13,paul_row=312; lemma_gr=κόλλα; edition_pages=2.227
PAUL_AEG-7.3.314,PAUL_AEG,7.3.314,Κολοκύνθη,,,,"Κολοκύνθη ὑγρᾶς καὶ ψυχρᾶς ἐστι κράσεως κατὰ τὴν δευτέραν ἀπόστασιν, ὅθεν ὅλη καταπλαττομένη τὰς θερμὰς φλεγμονὰς ἐμψύχει.","κολοκυνθη υγρας και ψυχρας εστι κρασεως κατα την δευτεραν αποστασιν, οθεν ολη καταπλαττομενη τας θερμας φλεγμονας εμψυχει.",,draft,2,227,227,17,paul_row=313; lemma_gr=κολοκύνθη; edition_pages=2.227
PAUL_AEG-7.3.315,PAUL_AEG,7.3.315,Κολοκυνθὶς,,,,"Κολοκυνθὶς καθαρτικῆς ἐστι δυνάμεως ἰσχυρᾶς, χλωρᾶς δὲ αὐτῆς ὁ χυλὸς ἀνατριβόμενος ἰσχιάδας ὀνίνησιν.","κολοκυνθις καθαρτικης εστι δυναμεως ισχυρας, χλωρας δε αυτης ο χυλος ανατριβομενος ισχιαδας ονινησιν.",,draft,2,227,227,13,paul_row=314; lemma_gr=κολοκυνθίς; edition_pages=2.227
PAUL_AEG-7.3.316,PAUL_AEG,7.3.316,Κόμαρος,,,,Κόμαρος. στρυφνὸν τῇ ποιότητι τὸ δένδρον ἅμα τῷ καρπῷ· μεμαίκυλον δὲ αὐτὸν ὀνομάζουσιν. ἔστι δὲ καὶ κακοστόμαχος οὗτος καὶ κεφαλαλγής.,κομαρος. στρυφνον τη ποιοτητι το δενδρον αμα τω καρπω· μεμαικυλον δε αυτον ονομαζουσιν. εστι δε και κακοστομαχος ουτος και κεφαλαλγης.,,draft,2,227,227,20,paul_row=315; lemma_gr=κόμαρος; edition_pages=2.227
PAUL_AEG-7.3.317,PAUL_AEG,7.3.317,Κόμμι,,,,"Κόμμι ξηραντικῆς ἐστι καὶ ἐμπλαστικῆς δυνάμεως, καὶ δῆλον, ὅτι καὶ τραχύτητας ἰᾶται.","κομμι ξηραντικης εστι και εμπλαστικης δυναμεως, και δηλον, οτι και τραχυτητας ιαται.",,draft,2,227,227,12,paul_row=316; lemma_gr=κόμμι; edition_pages=2.227
PAUL_AEG-7.3.318,PAUL_AEG,7.3.318,Κονία,,,,"Κονία τὸ οἷον περίπλυμα τῆς τέφρας ὀνομάζεται. ῥυπτικωτάτη δὲ καὶ ξηραντικωτάτη πασῶν ἐστιν ἥ τε ἐκ τῆς συκίνης καὶ τῆς τῶν τιθυμάλλων καὶ σχεδὸν ἤδη τῆς σηπτικῆς δυνάμεως· εἰ δὲ προσλάβοι καὶ τιτάνου ἡ τέφρα, καυστικὴν ἐργάζεται τὴν κονίαν, ἣν δὴ καὶ πρωτόστακτον ὀνομάζουσι, τοῖς κλυστικοῖς μάλιστα μιγνυμένη φαρμάκοις. ἰσχυροτέρα δὲ πασῶν ἐστιν ἡ ἐκ μόνης τιτάνου γινομένη.","κονια το οιον περιπλυμα της τεφρας ονομαζεται. ρυπτικωτατη δε και ξηραντικωτατη πασων εστιν η τε εκ της συκινης και της των τιθυμαλλων και σχεδον ηδη της σηπτικης δυναμεως· ει δε προσλαβοι και τιτανου η τεφρα, καυστικην εργαζεται την κονιαν, ην δη και πρωτοστακτον ονομαζουσι, τοις κλυστικοις μαλιστα μιγνυμενη φαρμακοις. ισχυροτερα δε πασων εστιν η εκ μονης τιτανου γινομενη.",,draft,2,227,228,58,paul_row=317; lemma_gr=κονία; edition_pages=2.227-228
PAUL_AEG-7.3.319,PAUL_AEG,7.3.319,Κόνυζαι,,,,"Κόνυζαι ἀμφότεραι ξηραίνουσι καὶ θερμαίνουσι κατὰ τὴν τρίτην ἀπόστασιν· ὅθεν καὶ τὸ ἔλαιον, ἐν ᾧ ἕψεται, τὰ κατὰ περίοδον ῥίγη παύει. καὶ τὰ ἄνθη δὲ παραπλησίας ἐστὶ δυνάμεως, ὧν τὸ ἀφέψημα καταμήνιά τε κινεῖ καὶ ἔμβρυα ἐκβάλλει. ἡ δὲ ἐν τοῖς ἐνύδροις χωρίοις φυομένη δυσωδεστέρα καὶ ἀσθενεστέρα τὴν δύναμίν ἐστιν.","κονυζαι αμφοτεραι ξηραινουσι και θερμαινουσι κατα την τριτην αποστασιν· οθεν και το ελαιον, εν ω εψεται, τα κατα περιοδον ριγη παυει. και τα ανθη δε παραπλησιας εστι δυναμεως, ων το αφεψημα καταμηνια τε κινει και εμβρυα εκβαλλει. η δε εν τοις ενυδροις χωριοις φυομενη δυσωδεστερα και ασθενεστερα την δυναμιν εστιν.",,draft,2,228,228,50,paul_row=318; lemma_gr=κόνυζαι; edition_pages=2.228
PAUL_AEG-7.3.320,PAUL_AEG,7.3.320,Κόπρος,,,,"Κόπρος ἅπασα μὲν θερμῆς τε καὶ ξηραντικωτάτης καὶ διαφορητικωτάτης ἐστὶ δυνάμεως, ἐξαλλάττεται δὲ παρὰ τὴν τοῦ ἐκκρίνοντος αὐτὴν ζῴου κρᾶσιν τε καὶ δίαιταν. ἡ μὲν οὖν τῶν κυνῶν, ὅταν ὀστοφαγήσωσιν, ξηρανθεῖσα δυσεντερικοὺς ἰᾶται μετὰ σχιστοῦ πινομένη γάλακτος ἕλκη τε παλαιὰ τοῖς πρὸς ταῦτα μιγνυμένη φαρμάκοις, ἐπὶ δὲ τῶν συναγχικῶν καὶ τῶν κατὰ παρίσθμια φλεγμονῶν μέλιτι ἀναληφθεῖσα διαχρίεται· τούτους δὲ καὶ ἡ τῶν. ἀπερίττως διαιτηθέντων παιδίων κόπρος μειζόνως ὀνίνησιν. ἡ δὲ τῶν λύκων καὶ αὐτὴ λευκοτέρα ἐπί τινων θάμνων εὑρισκομένη κωλικοὺς γενναίως ὀνίνησιν οὐ πινομένη μόνον ἀλλὰ καὶ περιαπτομένη· ἐξαρτᾶν δὲ αὐτὴν δι' ἐρίου ἀπὸ λυκοβρώτου προβάτου ἢ ἐλαφείου δέρματος. ἡ δὲ τῶν αἰγῶν κόπρος δριμυτέρα τε οὖσα καὶ διαφορητικωτέρα τοὺς σκιρρώδεις ὄγκους διαφορεῖ καταπλαττομένη, καὶ μάλιστα τῶν σκληροσάρκων, καυθεῖσα δὲ ῥυπτικωτέρα τε καὶ λεπτομερεστέρα γίνεται. ἡ δὲ τῶν βοῶν ἔχει καὶ τὴν ἑλκτικὴν δύναμιν· σφηκῶν γοῦν καὶ μελιττῶν ἰᾶται πληγάς, καὶ τῶν ὑδερικῶν ὅλον τὸ σῶμα βολβίτοις καταχριόμενον ἐν ἡλίῳ μεγάλως ὀνίναται. ἡ δὲ τῶν προβάτων σὺν ὄξει μυρμηκίας τε καὶ ἀκροχορδόνας καὶ δοθιῆνας καὶ ἥλους ἰᾶται. ἡ δὲ τῶν ἀγρίων περιστερῶν δριμυτέρα πολλῷ τῶν ἄλλων ὑπάρχουσα φοινίσσει μετὰ σπέρματος καρδάμου. ἡ δὲ τῶν κατοικιδίων ὀρνίθων δι' ὀξυμέλιτος ἢ ὄξους ἢ οἰνομέλιτος πινομένη τοὺς πνίγοντας μύκητας ἐξεμεῖσθαι ποιεῖ καὶ ἀλεξιφάρμακος γίνεται· ταύτην δὲ καὶ τοῖς κωλικοῖς ἐδίδου τις πίνειν. τινὲς δὲ καὶ τὴν τῶν πελαργῶν φασι πινομένην ὀρθοπνοϊκοὺς ὠφελεῖν. ἡ δὲ τῶν μυῶν ῥυπτικωτέρα τῶν ἄλλων οὖσα ἀλωπεκίαις τε ἁρμόττει καὶ τῶν παιδίων τῇ ἕδρᾳ προστιθεμένη πρὸς ἔκκρισιν προτρέπει. ἡ δέ γε τῶν ψαρῶν, ὅταν ὄρυζαν φάγωσιν, ῥυπτικὴ γίνεται, ὥστε καὶ ἔφηλιν ἀποσμήχειν. ἡ δὲ τῶν χερσαίων κροκοδείλων ἀλφοὺς ἀπορρύπτει, ὥσπερ οὖν ἡ τῶν Νειλῴων κροκοδείλων λευκώματα λεπτύνειν πεπίστευται.","κοπρος απασα μεν θερμης τε και ξηραντικωτατης και διαφορητικωτατης εστι δυναμεως, εξαλλαττεται δε παρα την του εκκρινοντος αυτην ζωου κρασιν τε και διαιταν. η μεν ουν των κυνων, οταν οστοφαγησωσιν, ξηρανθεισα δυσεντερικους ιαται μετα σχιστου πινομενη γαλακτος ελκη τε παλαια τοις προς ταυτα μιγνυμενη φαρμακοις, επι δε των συναγχικων και των κατα παρισθμια φλεγμονων μελιτι αναληφθεισα διαχριεται· τουτους δε και η των. απεριττως διαιτηθεντων παιδιων κοπρος μειζονως ονινησιν. η δε των λυκων και αυτη λευκοτερα επι τινων θαμνων ευρισκομενη κωλικους γενναιως ονινησιν ου πινομενη μονον αλλα και περιαπτομενη· εξαρταν δε αυτην δι' εριου απο λυκοβρωτου προβατου η ελαφειου δερματος. η δε των αιγων κοπρος δριμυτερα τε ουσα και διαφορητικωτερα τους σκιρρωδεις ογκους διαφορει καταπλαττομενη, και μαλιστα των σκληροσαρκων, καυθεισα δε ρυπτικωτερα τε και λεπτομερεστερα γινεται. η δε των βοων εχει και την ελκτικην δυναμιν· σφηκων γουν και μελιττων ιαται πληγας, και των υδερικων ολον το σωμα βολβιτοις καταχριομενον εν ηλιω μεγαλως ονιναται. η δε των προβατων συν οξει μυρμηκιας τε και ακροχορδονας και δοθιηνας και ηλους ιαται. η δε των αγριων περιστερων δριμυτερα πολλω των αλλων υπαρχουσα φοινισσει μετα σπερματος καρδαμου. η δε των κατοικιδιων ορνιθων δι' οξυμελιτος η οξους η οινομελιτος πινομενη τους πνιγοντας μυκητας εξεμεισθαι ποιει και αλεξιφαρμακος γινεται· ταυτην δε και τοις κωλικοις εδιδου τις πινειν. τινες δε και την των πελαργων φασι πινομενην ορθοπνοικους ωφελειν. η δε των μυων ρυπτικωτερα των αλλων ουσα αλωπεκιαις τε αρμοττει και των παιδιων τη εδρα προστιθεμενη προς εκκρισιν προτρεπει. η δε γε των ψαρων, οταν ορυζαν φαγωσιν, ρυπτικη γινεται, ωστε και εφηλιν αποσμηχειν. η δε των χερσαιων κροκοδειλων αλφους απορρυπτει, ωσπερ ουν η των νειλωων κροκοδειλων λευκωματα λεπτυνειν πεπιστευται.",,draft,2,228,229,269,paul_row=319; lemma_gr=κόπρος; edition_pages=2.228-229
PAUL_AEG-7.3.321,PAUL_AEG,7.3.321,Κοράλλιον,,,,Κοράλλιον ὥσπερ δενδρῶδές ἐστι φυτὸν ἀπολιθούμενον οὐκ ἐν χέρσῳ φυόμενον ἀλλ' ἐν τῷ πέλματι τῆς θαλάσσης ἐρυθρὸν τὴν χροιὰν ὅμοιον λίθῳ. δύναμιν δὲ ἔχει ξηραντικὴν ἱκανῶς καὶ μετρίως στυπτικήν· ἁρμόζει γοῦν αἱμοπτυικοῖς τε καὶ δυσεντερικοῖς.,κοραλλιον ωσπερ δενδρωδες εστι φυτον απολιθουμενον ουκ εν χερσω φυομενον αλλ' εν τω πελματι της θαλασσης ερυθρον την χροιαν ομοιον λιθω. δυναμιν δε εχει ξηραντικην ικανως και μετριως στυπτικην· αρμοζει γουν αιμοπτυικοις τε και δυσεντερικοις.,,draft,2,229,229,35,paul_row=320; lemma_gr=κοράλλιον; edition_pages=2.229
PAUL_AEG-7.3.322,PAUL_AEG,7.3.322,Κόρεις,,,,"Κόρεις τὰ ζῷα δριμείας εἰσὶ δυνάμεως· γράφουσι γοῦν τινες, ὡς, εἰ μετ' ὄξους ποθεῖεν, βδέλλας ἐκβάλλουσιν.","κορεις τα ζωα δριμειας εισι δυναμεως· γραφουσι γουν τινες, ως, ει μετ' οξους ποθειεν, βδελλας εκβαλλουσιν.",,draft,2,229,229,16,paul_row=321; lemma_gr=κόρεις; edition_pages=2.229
PAUL_AEG-7.3.323,PAUL_AEG,7.3.323,"Κόρις ἡ πόα, οἱ δὲ ὑπερικόν",,,,"Κόρις ἡ πόα, οἱ δὲ ὑπερικόν, δριμὺ καὶ εὐῶδές ἐστιν, ὁ δὲ καρπὸς αὐτοῦ πινόμενος οὖρα καὶ καταμήνια κινεῖ· βοηθεῖ δὲ καὶ φαλαγγιοδήκτοις, ἐπὶ δὲ ὀπισθοτονικῶν σὺν ἐλαίῳ συγχρίεται.","κορις η ποα, οι δε υπερικον, δριμυ και ευωδες εστιν, ο δε καρπος αυτου πινομενος ουρα και καταμηνια κινει· βοηθει δε και φαλαγγιοδηκτοις, επι δε οπισθοτονικων συν ελαιω συγχριεται.",,draft,2,229,229,29,paul_row=322; lemma_gr=κόρις ἡ πόα:ὑπερικόν; edition_pages=2.229; derived_from=alias_review
PAUL_AEG-7.3.324,PAUL_AEG,7.3.324,Κορίαννον ἢ κόριον,,,,"Κορίαννον ἢ κόριον ἐξ ἐναντίων σύγκειται δυνάμεων λεπτομεροῦς μὲν γεώδους τῆς πικρᾶς, ὑδατώδους δὲ ὑγρότητος χλιαρᾶς· ἔχει δέ τι καὶ στύψεως ὀλίγον. ὥστε φλεγμοναῖς τε καὶ ἐρυσιπέλασι μὴ πάνυ ζέουσιν ἁρμόττει καὶ τοὺς ἁπαλωτέρους ὄγκους διαφορεῖ σύν τινι τῶν προσφόρων. τὸ δὲ σπέρμα ὀλίγον μὲν ποθὲν μετὰ γλυκέος ἕλμινθας ἐκβάλλει, πλεῖον δὲ ληφθὲν κινεῖ τὴν διάνοιαν.","κοριαννον η κοριον εξ εναντιων συγκειται δυναμεων λεπτομερους μεν γεωδους της πικρας, υδατωδους δε υγροτητος χλιαρας· εχει δε τι και στυψεως ολιγον. ωστε φλεγμοναις τε και ερυσιπελασι μη πανυ ζεουσιν αρμοττει και τους απαλωτερους ογκους διαφορει συν τινι των προσφορων. το δε σπερμα ολιγον μεν ποθεν μετα γλυκεος ελμινθας εκβαλλει, πλειον δε ληφθεν κινει την διανοιαν.",,draft,2,229,230,56,paul_row=323; lemma_gr=κορίαννον:κόριον; edition_pages=2.229-230
PAUL_AEG-7.3.325,PAUL_AEG,7.3.325,Κόρυδος ἢ κορυδαλλὸς,,,,Κόρυδος ἢ κορυδαλλὸς τὸ ὄρνεον ἑψόμενον σὺν λιτῷ ζωμῷ τοὺς κωλικοὺς ὠφελεῖ· χρὴ δὲ συνεχῶς καὶ πολλάκις ἐσθίειν αὐτὸ σὺν τῷ ζωμῷ.,κορυδος η κορυδαλλος το ορνεον εψομενον συν λιτω ζωμω τους κωλικους ωφελει· χρη δε συνεχως και πολλακις εσθιειν αυτο συν τω ζωμω.,,draft,2,230,230,22,paul_row=324; lemma_gr=κόρυδος:κορυδαλλός; edition_pages=2.230
PAUL_AEG-7.3.326,PAUL_AEG,7.3.326,Κορωνόποδος,,,,Κορωνόποδος ἡ ῥίζα καὶ αὐτὴ πεπίστευται κωλικοὺς ὠφελεῖν ἐσθιομένη.,κορωνοποδος η ριζα και αυτη πεπιστευται κωλικους ωφελειν εσθιομενη.,,draft,2,230,230,9,paul_row=325; lemma_gr=κορωνόποδος; edition_pages=2.230
PAUL_AEG-7.3.327,PAUL_AEG,7.3.327,Κόστος,,,,"Κόστος βραχείας μὲν πάνυ τῆς πικρᾶς, πλείστης δὲ τῆς δριμείας τε καὶ θερμῆς μετέχει ποιότητος· ὅθεν, ἐφ' ὧν ἤτοι θερμῆναί τι πρόκειται μόριον ἢ ἐκ τοῦ βάθους εἰς τὴν ἐπιφάνειαν ἕλξαι τινὰ χυμὸν ἐπὶ τὸν κόστον ἔρχονται. οὐρητικός τε οὖν ἐστι καὶ ἐμμήνων ἀγωγὸς καὶ ἕλμινθας ἀναιρεῖ. ἔχει δέ τι καὶ φυσῶδες· δι' ὃ καὶ [πρὸς] ἀφροδίσια παρορμᾷ μετ' οἰνομέλιτος πινόμενος. ἰσχιαδικοῖς τε καὶ παραλύτοις καὶ τοῖς κατὰ περίοδον ῥιγοῦσιν ἁρμόττει μετ' ἐλαίου ἀνατριβόμενος.","κοστος βραχειας μεν πανυ της πικρας, πλειστης δε της δριμειας τε και θερμης μετεχει ποιοτητος· οθεν, εφ' ων ητοι θερμηναι τι προκειται μοριον η εκ του βαθους εις την επιφανειαν ελξαι τινα χυμον επι τον κοστον ερχονται. ουρητικος τε ουν εστι και εμμηνων αγωγος και ελμινθας αναιρει. εχει δε τι και φυσωδες· δι' ο και [προς] αφροδισια παρορμα μετ' οινομελιτος πινομενος. ισχιαδικοις τε και παραλυτοις και τοις κατα περιοδον ριγουσιν αρμοττει μετ' ελαιου ανατριβομενος.",,draft,2,230,230,74,paul_row=326; lemma_gr=κόστος; edition_pages=2.230
PAUL_AEG-7.3.328,PAUL_AEG,7.3.328,Κοτυληδὼν,,,,Κοτυληδὼν ἐμψύχει τε καὶ ἀποκρούεται καὶ ῥύπτει καὶ διαφορεῖ· πεπίστευται δὲ τὰ φύλλα αὐτῆς ἐσθιόμενα σὺν τῇ ῥίζῃ λίθους τε θρύπτειν καὶ οὖρα κινεῖν.,κοτυληδων εμψυχει τε και αποκρουεται και ρυπτει και διαφορει· πεπιστευται δε τα φυλλα αυτης εσθιομενα συν τη ριζη λιθους τε θρυπτειν και ουρα κινειν.,,draft,2,230,230,24,paul_row=327; lemma_gr=κοτυληδών; edition_pages=2.230
PAUL_AEG-7.3.329,PAUL_AEG,7.3.329,Κοχλίαι,,,,"Κοχλίαι καυθέντες μὲν ξηραντικῆς ἱκανῶς εἰσι δυνάμεως καὶ μετρίως θερμῆς, ὠφελοῦσι δὲ δυσεντερίας τὰς μήπω σηπεδονώδεις πρὸς τέσσαρα τούτων μέρη μιγνυμένων πεπέρεως λευκοῦ μ ε α καὶ κηκίδων με β· ἄκαυστοι δὲ ὅλοι λεῖοι ἐπιτιθέμενοι κατὰ τῆς γαστρὸς ἐπὶ τῶν ὑδερικῶν καὶ κατὰ τῶν ἄρθρων ἐπὶ τῶν ἀρθριτικῶν, ἕως αὐτομάτως ἀποστῶσιν, ὠφέλιμοι γίνονται καὶ καθάπαξ τὸ διὰ βάθους ὑγρὸν ξηραίνουσιν ἰσχυρῶς.","κοχλιαι καυθεντες μεν ξηραντικης ικανως εισι δυναμεως και μετριως θερμης, ωφελουσι δε δυσεντεριας τας μηπω σηπεδονωδεις προς τεσσαρα τουτων μερη μιγνυμενων πεπερεως λευκου μ ε α και κηκιδων με β· ακαυστοι δε ολοι λειοι επιτιθεμενοι κατα της γαστρος επι των υδερικων και κατα των αρθρων επι των αρθριτικων, εως αυτοματως αποστωσιν, ωφελιμοι γινονται και καθαπαξ το δια βαθους υγρον ξηραινουσιν ισχυρως.",,draft,2,230,230,61,paul_row=328; lemma_gr=κοχλίαι; edition_pages=2.230
PAUL_AEG-7.3.330,PAUL_AEG,7.3.330,Κρανίας,,,,"Κρανίας τοῦ δένδρου ὁ μὲν καρπὸς στρυφνὸς ὢν ἐσθιόμενος ἰσχυρῶς ἐπέχει τὴν γαστέρα· καὶ τὰ φύλλα δὲ καὶ οἱ βλαστοὶ τῇ στρυφνότητι ξηραίνουσιν ἰσχυρῶς, ὥστε καὶ τὰ μέγιστα κολλᾶν τραύματα τῶν σκληρῶν σωμάτων.","κρανιας του δενδρου ο μεν καρπος στρυφνος ων εσθιομενος ισχυρως επεχει την γαστερα· και τα φυλλα δε και οι βλαστοι τη στρυφνοτητι ξηραινουσιν ισχυρως, ωστε και τα μεγιστα κολλαν τραυματα των σκληρων σωματων.",,draft,2,230,230,33,paul_row=329; lemma_gr=κρανίας; edition_pages=2.230
PAUL_AEG-7.3.331,PAUL_AEG,7.3.331,Κράμβη,,,,"Κράμβη ἡ μὲν ἐδώδιμος ξηραντικῆς ἐστι δυνάμεως ἐσθιομένη τε καὶ ἔξωθεν ἐπιτιθεμένη, οὐ μὴν δριμείας ἐναργῶς· τραύματα γοῦν κολλᾷ καὶ τὰ κακοήθη τῶν ἑλκῶν καὶ δυσλύτους ὄγκους ἰᾶται. ἔχει δέ τι καὶ ῥυπτικόν· καθ' ὃ καὶ λέπρας θεραπεύει. τὸ δὲ σπέρμα αὐτῆς πινόμενον ἕλμινθας ἀναιρεῖ, καὶ μάλιστα τῆς Αἰγυπτίας. τῶν δὲ καυλῶν αὐτῆς καυθέντων ἡ τέφρα καυστικῆς ἐστι δυνάμεως, μετὰ στέατος δὲ πλευρῶν ἀλγήμασι χρονίοις ἁρμόζει. ἡ δὲ ἀγρία ἰσχυροτέρα τῆς ἡμέρου κατὰ πάντα ἐστίν, ὅθεν οὐδὲ εἴσω τοῦ σώματος ἀλύπως λαμβάνεται. ἡ δὲ θαλαττία ὕφαλμός τε καὶ ὑπόπικρος οὖσα τὴν γαστέρα λαπάττει.","κραμβη η μεν εδωδιμος ξηραντικης εστι δυναμεως εσθιομενη τε και εξωθεν επιτιθεμενη, ου μην δριμειας εναργως· τραυματα γουν κολλα και τα κακοηθη των ελκων και δυσλυτους ογκους ιαται. εχει δε τι και ρυπτικον· καθ' ο και λεπρας θεραπευει. το δε σπερμα αυτης πινομενον ελμινθας αναιρει, και μαλιστα της αιγυπτιας. των δε καυλων αυτης καυθεντων η τεφρα καυστικης εστι δυναμεως, μετα στεατος δε πλευρων αλγημασι χρονιοις αρμοζει. η δε αγρια ισχυροτερα της ημερου κατα παντα εστιν, οθεν ουδε εισω του σωματος αλυπως λαμβανεται. η δε θαλαττια υφαλμος τε και υποπικρος ουσα την γαστερα λαπαττει.",,draft,2,230,231,93,paul_row=330; lemma_gr=κράμβη; edition_pages=2.230-231
PAUL_AEG-7.3.332,PAUL_AEG,7.3.332,Κραταιογόνου,,,,Κραταιογόνου τῆς πόας ὁ καρπὸς καὶ δριμὺς γευομένοις ἐστὶ καὶ σφοδρὸς κέγχρῳ παραπλήσιος.,κραταιογονου της ποας ο καρπος και δριμυς γευομενοις εστι και σφοδρος κεγχρω παραπλησιος.,,draft,2,231,231,13,paul_row=331; lemma_gr=κραταιογόνου; edition_pages=2.231
PAUL_AEG-7.3.333,PAUL_AEG,7.3.333,Κρῆθμον,,,,Κρῆθμον ἁλμυρόν πώς ἐστιν ἅμα βραχείᾳ πικρότητι· δι' ὃ καὶ ἡ δύναμις αὐτοῦ ῥυπτική τέ ἐστι καὶ ξηραντική.,κρηθμον αλμυρον πως εστιν αμα βραχεια πικροτητι· δι' ο και η δυναμις αυτου ρυπτικη τε εστι και ξηραντικη.,,draft,2,231,231,18,paul_row=332; lemma_gr=κρῆθμον; edition_pages=2.231
PAUL_AEG-7.3.334,PAUL_AEG,7.3.334,Κριθαὶ,,,,"Κριθαὶ ψύχουσι καὶ ξηραίνουσι κατὰ τὴν πρώτην τάξιν, ἔχουσι δέ τι καὶ ῥυπτικὸν ὀλίγον· εἰσὶ δὲ τοῦ τῶν κυάμων ἀλεύρου ξηραντικώτεραι καὶ ἄφυσοι μᾶλλον. τὰ δὲ ἄλφιτα πολὺ καὶ τῶν κριθῶν εἰσι ξηραντικώτερα. ἡ δὲ πτισάνη πρὸς τῷ μᾶλλον ὑγραίνειν καὶ μᾶλλόν ἐστι ῥυπτική.","κριθαι ψυχουσι και ξηραινουσι κατα την πρωτην ταξιν, εχουσι δε τι και ρυπτικον ολιγον· εισι δε του των κυαμων αλευρου ξηραντικωτεραι και αφυσοι μαλλον. τα δε αλφιτα πολυ και των κριθων εισι ξηραντικωτερα. η δε πτισανη προς τω μαλλον υγραινειν και μαλλον εστι ρυπτικη.",,draft,2,231,231,44,paul_row=333; lemma_gr=κριθαί; edition_pages=2.231
PAUL_AEG-7.3.335,PAUL_AEG,7.3.335,Κρίμνον,,,,"Κρίμνον. τὸ παχυμερὲς οὕτως ὀνομάζεται τοῦ τε πυρίνου καὶ τοῦ ἐκ τῶν ζειῶν ἀλεύρου, τροφιμώτερον μὲν ἀλφίτου, δυσπεπτότερον δέ.","κριμνον. το παχυμερες ουτως ονομαζεται του τε πυρινου και του εκ των ζειων αλευρου, τροφιμωτερον μεν αλφιτου, δυσπεπτοτερον δε.",,draft,2,231,231,19,paul_row=334; lemma_gr=κρίμνον; edition_pages=2.231
PAUL_AEG-7.3.336,PAUL_AEG,7.3.336,Κρίνου,,,,Κρίνου τὸ μὲν ἄνθος τῇ κράσει μικτόν ἐστιν ἐκ λεπτομεροῦς τε καὶ γεώδους οὐσίας καί τινος ὑδατώδους εὐκράτου· ὅθεν καὶ τὸ ἐξ αὐτοῦ συντιθέμενον ἔλαιον διαφορητικῆς τε καὶ μαλακτικῆς ἐστι δυνάμεως ταῖς κατὰ μήτραν ἁρμόζον φλεγμοναῖς. ἡ δὲ ῥίζα καὶ τὰ φύλλα ξηραίνει καὶ ῥύπτει καὶ διαφορεῖ μετρίως· ὅθεν εἰς τὰ κατακαύματα χρησιμεύει. ὁ δὲ χυλὸς αὐτῶν καὶ νευροτρώτους ὀνίνησι σὺν ὀξυμέλιτι.,κρινου το μεν ανθος τη κρασει μικτον εστιν εκ λεπτομερους τε και γεωδους ουσιας και τινος υδατωδους ευκρατου· οθεν και το εξ αυτου συντιθεμενον ελαιον διαφορητικης τε και μαλακτικης εστι δυναμεως ταις κατα μητραν αρμοζον φλεγμοναις. η δε ριζα και τα φυλλα ξηραινει και ρυπτει και διαφορει μετριως· οθεν εις τα κατακαυματα χρησιμευει. ο δε χυλος αυτων και νευροτρωτους ονινησι συν οξυμελιτι.,,draft,2,231,231,62,paul_row=335; lemma_gr=κρίνου; edition_pages=2.231
PAUL_AEG-7.3.337,PAUL_AEG,7.3.337,Κροκοδειλίου,,,,"Κροκοδειλίου τὸ μὲν σπέρμα καὶ ὁ χυλὸς θερμῆς καὶ ξηρᾶς καὶ διαφορητικῆς ἐστι δυνάμεως· οὖρά τε οὖν κινεῖ καὶ καταμήνια. ἡ δὲ ῥίζα τὰς ἐκ θώρακος ἀναπτύσεις ὠφελεῖ, ἄγει δὲ καὶ διὰ ῥινῶν αἷμα.","κροκοδειλιου το μεν σπερμα και ο χυλος θερμης και ξηρας και διαφορητικης εστι δυναμεως· ουρα τε ουν κινει και καταμηνια. η δε ριζα τας εκ θωρακος αναπτυσεις ωφελει, αγει δε και δια ρινων αιμα.",,draft,2,231,231,34,paul_row=336; lemma_gr=κροκοδειλίου; edition_pages=2.231
PAUL_AEG-7.3.338,PAUL_AEG,7.3.338,Κρόκος,,,,"Κρόκος δευτέρας μέν ἐστι τάξεως τῶν θερμαινόντων, πρώτης δὲ τῶν ξηραινόντων, στύφει τε καὶ συμπέττει.","κροκος δευτερας μεν εστι ταξεως των θερμαινοντων, πρωτης δε των ξηραινοντων, στυφει τε και συμπεττει.",,draft,2,232,232,15,paul_row=337; lemma_gr=κρόκος; edition_pages=2.232
PAUL_AEG-7.3.339,PAUL_AEG,7.3.339,Κρόμυον,,,,Κρόμυον ἐκ τῆς τετάρτης τάξεώς ἐστι τῶν θερμαινόντων παχυμερὲς τὴν οὐσίαν· ὅθεν αἱμορροΐδας ἀναστομοῖ προστιθέμενον. ἔστι δὲ καὶ ῥυπτικὸν ἱκανῶς ἀλφούς τε ἀφαιρεῖ σὺν ὄξει καὶ ἀλωπεκίας θᾶττον ἀλκυονίου παρορμᾷ τὰς τρίχας. ὁ δὲ χυλὸς αὐτοῦ τοὺς ὑποχεομένους ἢ ἀμβλυώττοντας διὰ παχὺν χυμὸν ὠφελεῖ.,κρομυον εκ της τεταρτης ταξεως εστι των θερμαινοντων παχυμερες την ουσιαν· οθεν αιμορροιδας αναστομοι προστιθεμενον. εστι δε και ρυπτικον ικανως αλφους τε αφαιρει συν οξει και αλωπεκιας θαττον αλκυονιου παρορμα τας τριχας. ο δε χυλος αυτου τους υποχεομενους η αμβλυωττοντας δια παχυν χυμον ωφελει.,,draft,2,232,232,44,paul_row=338; lemma_gr=κρόμυον; edition_pages=2.232
PAUL_AEG-7.3.340,PAUL_AEG,7.3.340,Κύαμος,,,,"Κύαμος οὐ πολὺ τῆς μέσης ἀφέστηκε κράσεως κατά τε τὸ ψύχειν καὶ ξηραίνειν, μετέχει δέ τινος καὶ ῥυπτικῆς δυνάμεως ἡ σὰρξ αὐτοῦ· ἀναπτύσεσι γοῦν ταῖς ἐκ θώρακός τε καὶ πνεύμονος ἁρμόζει. τοῦ δὲ λέμματος ἔχοντός τι καὶ στύψεως κοιλιακοῖς τε καὶ δυσεντερικοῖς ὅλος ὁ κύαμος ἁρμόζει ἐν ὀξυκράτῳ ἑψηθείς· καταπλασσόμενος δὲ φλεγμονάς τε καὶ ὄγκους ἰᾶται καὶ γάλα σβέννυσιν ἐπὶ τῶν τιτθῶν.","κυαμος ου πολυ της μεσης αφεστηκε κρασεως κατα τε το ψυχειν και ξηραινειν, μετεχει δε τινος και ρυπτικης δυναμεως η σαρξ αυτου· αναπτυσεσι γουν ταις εκ θωρακος τε και πνευμονος αρμοζει. του δε λεμματος εχοντος τι και στυψεως κοιλιακοις τε και δυσεντερικοις ολος ο κυαμος αρμοζει εν οξυκρατω εψηθεις· καταπλασσομενος δε φλεγμονας τε και ογκους ιαται και γαλα σβεννυσιν επι των τιτθων.",,draft,2,232,232,62,paul_row=339; lemma_gr=κύαμος; edition_pages=2.232
PAUL_AEG-7.3.341,PAUL_AEG,7.3.341,Κύανος,,,,"Κύανος δριμείας ἐστὶ δυνάμεως καθαιρετικῆς τε καὶ διαφορητικῆς πλείονος ἢ κατὰ τὸ κιννάβαρι, μετέχει δὲ καὶ στύψεως.","κυανος δριμειας εστι δυναμεως καθαιρετικης τε και διαφορητικης πλειονος η κατα το κινναβαρι, μετεχει δε και στυψεως.",,draft,2,232,232,17,paul_row=340; lemma_gr=κύανος; edition_pages=2.232
PAUL_AEG-7.3.342,PAUL_AEG,7.3.342,Κυκλάμινος,,,,"Κυκλάμινος ποικίλη τὴν δύναμίν ἐστιν· καὶ γὰρ ῥύπτει καὶ τέμνει καὶ ἀναστομοῖ καὶ ἐπισπᾶται καὶ διαφορεῖ. ὁ μὲν οὖν χυλὸς αὐτῆς αἱμορροΐδας ἀναστομοῖ προστιθέμενος καὶ σκληρίας διαφορεῖ σὺν ἄλλοις, μετὰ μέλιτος δὲ τοῖς ὑποχεομένοις ἁρμόττει καὶ διὰ ῥινῶν καθαίρει καὶ κατὰ τοῦ ἐπιγαστρίου χριόμενος κοιλίαν ὑπάγει καὶ ἔμβρυα φθείρει. ἡ δὲ ὅλη ῥίζα τοῦ χυλοῦ μέν ἐστιν ἀσθενεστέρα, σφοδρὰ δὲ καὶ αὐτή· ὥστε μετὰ μελικράτου πινομένη τριῶν δραχμῶν μέγεθος τὰ ἐντὸς ἐκκαθαίρει· ῥύπτει δὲ καὶ τὰ περὶ τὸ δέρμα. ἡ δὲ ἑτέρα κυκλάμινος, ἣν καὶ κισσάνθεμον καλοῦσιν, τὴν ῥίζαν ἄχρηστον ἔχουσα τὸν καρπὸν ἔχει δραστικόν, ὥστε πινόμενον παραπλήσια τῇ προτέρᾳ δρᾶν.","κυκλαμινος ποικιλη την δυναμιν εστιν· και γαρ ρυπτει και τεμνει και αναστομοι και επισπαται και διαφορει. ο μεν ουν χυλος αυτης αιμορροιδας αναστομοι προστιθεμενος και σκληριας διαφορει συν αλλοις, μετα μελιτος δε τοις υποχεομενοις αρμοττει και δια ρινων καθαιρει και κατα του επιγαστριου χριομενος κοιλιαν υπαγει και εμβρυα φθειρει. η δε ολη ριζα του χυλου μεν εστιν ασθενεστερα, σφοδρα δε και αυτη· ωστε μετα μελικρατου πινομενη τριων δραχμων μεγεθος τα εντος εκκαθαιρει· ρυπτει δε και τα περι το δερμα. η δε ετερα κυκλαμινος, ην και κισσανθεμον καλουσιν, την ριζαν αχρηστον εχουσα τον καρπον εχει δραστικον, ωστε πινομενον παραπλησια τη προτερα δραν.",,draft,2,232,232,101,paul_row=341; lemma_gr=κυκλάμινος; edition_pages=2.232
PAUL_AEG-7.3.343,PAUL_AEG,7.3.343,Κύμινον,,,,Κύμινον θερμαντικῆς ἐστι δυνάμεως κατὰ τὴν τρίτην που τάξιν οὐρητικόν τε καὶ ἄφυσον.,κυμινον θερμαντικης εστι δυναμεως κατα την τριτην που ταξιν ουρητικον τε και αφυσον.,,draft,2,232,232,13,paul_row=342; lemma_gr=κύμινον; edition_pages=2.232
PAUL_AEG-7.3.344,PAUL_AEG,7.3.344,Κυνοσβάτου,,,,"Κυνοσβάτου ὁ μὲν καρπὸς οὐκ ἀγεννῶς στυπτικός ἐστι, τὰ δὲ φύλλα μετρίως στύφει· φυλάττεσθαι δὲ τὸ ἐν τῷ καρπῷ ἐριῶδες ὡς ἀρτηρίας κακωτικόν.","κυνοσβατου ο μεν καρπος ουκ αγεννως στυπτικος εστι, τα δε φυλλα μετριως στυφει· φυλαττεσθαι δε το εν τω καρπω εριωδες ως αρτηριας κακωτικον.",,draft,2,233,233,23,paul_row=343; lemma_gr=κυνοσβάτου; edition_pages=2.233
PAUL_AEG-7.3.345,PAUL_AEG,7.3.345,Κυπαρίσσου,,,,"Κυπαρίσσου τά τε σφαιρία καὶ οἱ βλαστοὶ ξηραντικῆς εἰσι δυνάμεως οὐδὲν ἐπιφανὲς ἐχούσης θερμόν, ὥστε καὶ τραύματα μεγάλα κολλᾶν ἐν σκληροῖς σώμασιν, ἔν τε ταῖς πλαδαραῖς σήψεσι τὰς κατὰ βάθος ὑγρότητας ἀλύπως ἐκβόσκεται καὶ τοὺς ἐντεροκηλικοὺς ὠφελεῖ.","κυπαρισσου τα τε σφαιρια και οι βλαστοι ξηραντικης εισι δυναμεως ουδεν επιφανες εχουσης θερμον, ωστε και τραυματα μεγαλα κολλαν εν σκληροις σωμασιν, εν τε ταις πλαδαραις σηψεσι τας κατα βαθος υγροτητας αλυπως εκβοσκεται και τους εντεροκηλικους ωφελει.",,draft,2,233,233,37,paul_row=344; lemma_gr=κυπαρίσσου; edition_pages=2.233
PAUL_AEG-7.3.346,PAUL_AEG,7.3.346,Κυπέρα,,,,Κυπέρα θερμαίνει καὶ ξηραίνει χωρὶς δήξεως· ὅθεν καὶ τὰ ὑγρότερα τῶν ἑλκῶν θαυμαστῶς ἀφουλοῖ καὶ τὰ ἐν στόματι ὠφελεῖ. ἔχει δέ τι καὶ τμητικὸν λίθους τε θρύπτει καὶ οὖρα καὶ ἔμμηνα κινεῖ.,κυπερα θερμαινει και ξηραινει χωρις δηξεως· οθεν και τα υγροτερα των ελκων θαυμαστως αφουλοι και τα εν στοματι ωφελει. εχει δε τι και τμητικον λιθους τε θρυπτει και ουρα και εμμηνα κινει.,,draft,2,233,233,32,paul_row=345; lemma_gr=κυπέρα; edition_pages=2.233
PAUL_AEG-7.3.347,PAUL_AEG,7.3.347,Κύπρου,,,,Κύπρου τὰ φύλλα καὶ οἱ ἀκρεμόνες μικτῆς εἰσι δυνάμεως διαφορητικῆς τε καὶ στυπτικῆς ἀλύπως τε καὶ ἀδήκτως ξηραινούσης· ὅθεν τὸ ἀφέψημα αὐτῶν καταντλούμενον ὀνίνησι τὰ πυρίκαυτα καὶ ταῖς πυρώδεσι φλεγμοναῖς ἁρμόττει καὶ τὰς ἄφθας ὠφελεῖ διαμασωμένη καὶ σπληνικαῖς μίγνυται δυνάμεσιν.,κυπρου τα φυλλα και οι ακρεμονες μικτης εισι δυναμεως διαφορητικης τε και στυπτικης αλυπως τε και αδηκτως ξηραινουσης· οθεν το αφεψημα αυτων καταντλουμενον ονινησι τα πυρικαυτα και ταις πυρωδεσι φλεγμοναις αρμοττει και τας αφθας ωφελει διαμασωμενη και σπληνικαις μιγνυται δυναμεσιν.,,draft,2,233,233,40,paul_row=346; lemma_gr=κύπρου; edition_pages=2.233
PAUL_AEG-7.3.348,PAUL_AEG,7.3.348,Κυτίσου,,,,"Κυτίσου τὰ φύλλα διαφορητικῆς ἠρέμα καὶ χλιαρᾶς εἰσι δυνάμεως, καθάπερ καὶ τὰ τῆς μαλάχης.","κυτισου τα φυλλα διαφορητικης ηρεμα και χλιαρας εισι δυναμεως, καθαπερ και τα της μαλαχης.",,draft,2,233,233,14,paul_row=347; lemma_gr=κυτίσου; edition_pages=2.233
PAUL_AEG-7.3.349,PAUL_AEG,7.3.349,Κώνειον,,,,"Κώνειον ὅτι τῆς ἄκρως ψυκτικῆς ἐστι δυνάμεως, πρόδηλον.","κωνειον οτι της ακρως ψυκτικης εστι δυναμεως, προδηλον.",,draft,2,233,233,8,paul_row=348; lemma_gr=κώνειον; edition_pages=2.233
PAUL_AEG-7.3.350,PAUL_AEG,7.3.350,Κώνου,,,,"Κώνου ὁ μὲν φλοιὸς καὶ τὰ φύλλα παραπλησίας εἰσὶ τῷ πίτυι δυνάμεως, δριμύτερα δὲ καὶ δραστικώτερα. ὁ δὲ καρπός, ὃν δὴ καὶ στρόβιλον ὀνομάζουσιν, ὁ μὲν χλωρὸς ἔχει τι πικρὸν καὶ δριμὺ μεθ' ὑγρότητος· δι' ὃ τοῖς κατὰ θώρακα πάθεσιν εὐανάγωγός ἐστιν· ὁ δὲ ἐδώδιμος ἐν ὕδατι βραχείς, ὡς ἀποτίθεσθαι τὸ δριμύ, εὔκρατος γίνεται ἄδηκτός τε καὶ ἐμπλαστικός, ὡς καὶ τραχύτητας καταλεαίνειν.","κωνου ο μεν φλοιος και τα φυλλα παραπλησιας εισι τω πιτυι δυναμεως, δριμυτερα δε και δραστικωτερα. ο δε καρπος, ον δη και στροβιλον ονομαζουσιν, ο μεν χλωρος εχει τι πικρον και δριμυ μεθ' υγροτητος· δι' ο τοις κατα θωρακα παθεσιν ευαναγωγος εστιν· ο δε εδωδιμος εν υδατι βραχεις, ως αποτιθεσθαι το δριμυ, ευκρατος γινεται αδηκτος τε και εμπλαστικος, ως και τραχυτητας καταλεαινειν.",,draft,2,233,233,62,paul_row=349; lemma_gr=κώνου; edition_pages=2.233
PAUL_AEG-7.3.351,PAUL_AEG,7.3.351,Λαγώπους,,,,"Λαγώπους ξηραντικῆς ἐστι δυνάμεως, ὡς καὶ τὰ κατὰ τὴν γαστέρα ῥεύματα ξηραίνειν.","λαγωπους ξηραντικης εστι δυναμεως, ως και τα κατα την γαστερα ρευματα ξηραινειν.",,draft,2,233,233,12,paul_row=350; lemma_gr=λαγώπους; edition_pages=2.233
PAUL_AEG-7.3.352,PAUL_AEG,7.3.352,Λάδανον,,,,"Λάδανον ἀπὸ τοῦ κίσθου τοῦ λάδανος λεγομένου γίνεται· νεμόμεναι γὰρ αὐτὸν αἱ αἶγες ἐν τοῖς πώγωσι καὶ τοῖς μηροῖς αὐτῶν τὸ λιπαρώτερον καὶ ὀπῶδες τῆς πόας ἀφαιροῦνται, συναγόμενον δὲ τὸ λάδανόν ἐστιν, ἄριστον φάρμακον, θερμὸν περί που τὴν δευτέραν ἀπόστασιν καὶ λεπτομερὲς μαλακτικόν τε μετρίως καὶ διαφορητικὸν καὶ συμπεπτικόν· δι' ὃ καὶ τοῖς κατὰ μήτραν ἰδίως ἁρμόττει πάθεσιν. ἔχει δέ τι καὶ στυπτικόν· ὅθεν καὶ τὰς ῥεούσας κρατύνει τρίχας.","λαδανον απο του κισθου του λαδανος λεγομενου γινεται· νεμομεναι γαρ αυτον αι αιγες εν τοις πωγωσι και τοις μηροις αυτων το λιπαρωτερον και οπωδες της ποας αφαιρουνται, συναγομενον δε το λαδανον εστιν, αριστον φαρμακον, θερμον περι που την δευτεραν αποστασιν και λεπτομερες μαλακτικον τε μετριως και διαφορητικον και συμπεπτικον· δι' ο και τοις κατα μητραν ιδιως αρμοττει παθεσιν. εχει δε τι και στυπτικον· οθεν και τας ρεουσας κρατυνει τριχας.",,draft,2,234,234,69,paul_row=351; lemma_gr=λάδανον; edition_pages=2.234
PAUL_AEG-7.3.353,PAUL_AEG,7.3.353,Λαθυρίς,,,,"Λαθυρίς. εἶδος αὕτη τιθυμάλλου, τινὲς δέ φασιν, ὅτι καθαίρει παραπλησίως ἐκείνῳ ὁ ὀπὸς αὐτῆς· τὸ δὲ σπέρμα ταύτης μάλιστα τὴν καθαρτικὴν ἔχει δύναμιν.","λαθυρις. ειδος αυτη τιθυμαλλου, τινες δε φασιν, οτι καθαιρει παραπλησιως εκεινω ο οπος αυτης· το δε σπερμα ταυτης μαλιστα την καθαρτικην εχει δυναμιν.",,draft,2,234,234,23,paul_row=352; lemma_gr=λαθυρίς; edition_pages=2.234
PAUL_AEG-7.3.354,PAUL_AEG,7.3.354,Λαμψάνη,,,,"Λαμψάνη ἐσθιομένη μὲν κακόχυμός ἐστιν, καταπλασσομένη δὲ ῥυπτικὸν ἔχει τι καὶ διαφορητικόν.","λαμψανη εσθιομενη μεν κακοχυμος εστιν, καταπλασσομενη δε ρυπτικον εχει τι και διαφορητικον.",,draft,2,234,234,12,paul_row=353; lemma_gr=λαμψάνη; edition_pages=2.234
PAUL_AEG-7.3.355,PAUL_AEG,7.3.355,Λάπαθον,,,,"Λάπαθον διαφορητικῆς ἐστι μετρίως δυνάμεως, τὸ δὲ ὀξυλάπαθον πρὸς ταύτῃ καὶ ἀποκρουστικὸν ἔχει τι. τὸ δὲ σπέρμα, καὶ μάλιστα τοῦ ὀξυλαπάθου, στυπτικὸν ὑπάρχον διαρροίας τε καὶ δυσεντερίας ἰᾶται. ἐναντίως δέ πως ἔχει τὰ φύλλα πρὸς τὸ σπέρμα· τὰ μὲν γὰρ ἐκταράσσει τὴν κοιλίαν ἐσθιόμενα, τὸ δὲ πινόμενον ἐπέχει αὐτήν.","λαπαθον διαφορητικης εστι μετριως δυναμεως, το δε οξυλαπαθον προς ταυτη και αποκρουστικον εχει τι. το δε σπερμα, και μαλιστα του οξυλαπαθου, στυπτικον υπαρχον διαρροιας τε και δυσεντεριας ιαται. εναντιως δε πως εχει τα φυλλα προς το σπερμα· τα μεν γαρ εκταρασσει την κοιλιαν εσθιομενα, το δε πινομενον επεχει αυτην.",,draft,2,234,234,49,paul_row=354; lemma_gr=λάπαθον; edition_pages=2.234
PAUL_AEG-7.3.356,PAUL_AEG,7.3.356,Λειμωνίου,,,,Λειμωνίου τὸν καρπὸν αὐστηρὸν ὑπάρχοντα μετ' οἴνου διδόασι κοιλιακοῖς τε καὶ δυσεντερικοῖς καὶ αἱμοπτυικοῖς καὶ πρὸς ῥοῦν γυναικεῖον πλῆθος ὀξυβάφου.,λειμωνιου τον καρπον αυστηρον υπαρχοντα μετ' οινου διδοασι κοιλιακοις τε και δυσεντερικοις και αιμοπτυικοις και προς ρουν γυναικειον πληθος οξυβαφου.,,draft,2,234,234,20,paul_row=355; lemma_gr=λειμωνίου; edition_pages=2.234
PAUL_AEG-7.3.357,PAUL_AEG,7.3.357,Λειχὴν,,,,"Λειχὴν ὁ ἐπὶ τῶν πετρῶν ἔστι μὲν οἷον βρύον ῥυπτικῆς τε ἅμα καὶ μετρίως ψυχούσης καὶ ξηραντικῆς ὑπάρχων δυνάμεως, λειχῆνας δὲ θεραπεύει καὶ ἀφλέγμαντός ἐστιν. ὡς δέ φησιν ὁ Διοσκουρίδης, καὶ αἱμορραγίας ἵστησιν.","λειχην ο επι των πετρων εστι μεν οιον βρυον ρυπτικης τε αμα και μετριως ψυχουσης και ξηραντικης υπαρχων δυναμεως, λειχηνας δε θεραπευει και αφλεγμαντος εστιν. ως δε φησιν ο διοσκουριδης, και αιμορραγιας ιστησιν.",,draft,2,234,234,33,paul_row=356; lemma_gr=λειχήν; edition_pages=2.234
PAUL_AEG-7.3.358,PAUL_AEG,7.3.358,Λειχῆνας ἵππων,,,,Λειχῆνας ἵππων λειωθέντας σὺν ὄξει φασὶν ἐπιληψίας τε καὶ παντὸς ἰᾶσθαι θηρίου δῆγμα.,λειχηνας ιππων λειωθεντας συν οξει φασιν επιληψιας τε και παντος ιασθαι θηριου δηγμα.,,draft,2,234,234,13,paul_row=357; lemma_gr=λειχῆνας ἵππων; edition_pages=2.234
PAUL_AEG-7.3.359,PAUL_AEG,7.3.359,Λεοντοπετάλου ἡ ῥίζα,,,,Λεοντοπετάλου ἡ ῥίζα θερμῆς καὶ ξηρᾶς κατὰ τὴν τρίτην τάξιν καὶ διαφορητικῆς ἐστι δυνάμεως.,λεοντοπεταλου η ριζα θερμης και ξηρας κατα την τριτην ταξιν και διαφορητικης εστι δυναμεως.,,draft,2,235,235,14,paul_row=358; lemma_gr=λεοντοπετάλου ἡ ῥίζα; edition_pages=2.235
PAUL_AEG-7.3.360,PAUL_AEG,7.3.360,"Λεπίδιον, ὃ δὴ καὶ Ἰβηριάδα καλοῦσιν",,,,"Λεπίδιον, ὃ δὴ καὶ Ἰβηριάδα καλοῦσιν, ἐκ τῆς τετάρτης ἐστὶ τῶν θερμαινόντων τάξεως, ὅμοιον μὲν ὑπάρχον καρδάμῳ κατὰ τὴν δύναμιν, ἧττον δὲ αὐτοῦ ξηραίνει.","λεπιδιον, ο δη και ιβηριαδα καλουσιν, εκ της τεταρτης εστι των θερμαινοντων ταξεως, ομοιον μεν υπαρχον καρδαμω κατα την δυναμιν, ηττον δε αυτου ξηραινει.",,draft,2,235,235,24,paul_row=359; lemma_gr=λεπίδιον:ἰβηριάς; edition_pages=2.235; derived_from=alias_review
PAUL_AEG-7.3.361,PAUL_AEG,7.3.361,Λεπὶς,,,,"Λεπὶς πᾶσα μὲν ἰσχυρῶς τε ξηραίνει καὶ στύφει καὶ δακνώδης ἐστὶν οὐκ ἀγεννῶς· ἀλλ' ἡ μὲν τοῦ χαλκοῦ ξηραίνει πλέον καὶ λεπτομερεστέρα ἐστὶν ἔχουσά τι καὶ ἰοῦ, καὶ μᾶλλον ἡ ἐκ τῶν Κυπρίων ἥλων, ἣν διὰ τοῦτο καὶ ἡλῖτιν ὀνομάζουσιν, ἡ δὲ τοῦ σιδήρου στύψεως πλείονος μετέχει, καὶ ταύτης μᾶλλον ἡ τοῦ στομώματος· ὅθεν καὶ πρὸς τὰ κακοήθη τῶν ἑλκῶν ἀμείνων ἐστίν. καθαιρεῖ δὲ καὶ τήκει σάρκα μᾶλλον ἡ τοῦ χαλκοῦ.","λεπις πασα μεν ισχυρως τε ξηραινει και στυφει και δακνωδης εστιν ουκ αγεννως· αλλ' η μεν του χαλκου ξηραινει πλεον και λεπτομερεστερα εστιν εχουσα τι και ιου, και μαλλον η εκ των κυπριων ηλων, ην δια τουτο και ηλιτιν ονομαζουσιν, η δε του σιδηρου στυψεως πλειονος μετεχει, και ταυτης μαλλον η του στομωματος· οθεν και προς τα κακοηθη των ελκων αμεινων εστιν. καθαιρει δε και τηκει σαρκα μαλλον η του χαλκου.",,draft,2,235,235,71,paul_row=360; lemma_gr=λεπίς; edition_pages=2.235
PAUL_AEG-7.3.362,PAUL_AEG,7.3.362,"Λευκάκανθον, οἱ δὲ πολυγόνατον, οἱ δὲ ἰσχιάδα καλοῦσιν",,,,"Λευκάκανθον, οἱ δὲ πολυγόνατον, οἱ δὲ ἰσχιάδα καλοῦσιν. ταύτης ἡ ῥίζα τέμνει μὲν καὶ ξηραίνει κατὰ τὴν τρίτην τάξιν, θερμαίνει δὲ κατὰ τὴν πρώτην.","λευκακανθον, οι δε πολυγονατον, οι δε ισχιαδα καλουσιν. ταυτης η ριζα τεμνει μεν και ξηραινει κατα την τριτην ταξιν, θερμαινει δε κατα την πρωτην.",,draft,2,235,235,24,paul_row=361; lemma_gr=λευκάκανθον:πολυγόνατον:ἰσχιάς; edition_pages=2.235; derived_from=alias_review
PAUL_AEG-7.3.363,PAUL_AEG,7.3.363,Λευκὰς,,,,"Λευκὰς θερμαίνει μὲν καὶ ξηραίνει κατὰ τὴν τρίτην τάξιν, ἐπικρατεῖ δὲ ἡ δριμύτης.","λευκας θερμαινει μεν και ξηραινει κατα την τριτην ταξιν, επικρατει δε η δριμυτης.",,draft,2,235,235,13,paul_row=362; lemma_gr=λευκάς; edition_pages=2.235
PAUL_AEG-7.3.364,PAUL_AEG,7.3.364,Λευκοΐου,,,,"Λευκοΐου καὶ σύμπας μὲν ὁ θάμνος ῥυπτικῆς ἐστι καὶ λεπτομεροῦς δυνάμεως, μᾶλλον δὲ τὰ ἄνθη καὶ τούτων τὰ ξηρότερα· ὥστε καὶ καταμήνια κινεῖ καὶ ἔμβρυα φθείρει τε καὶ ἐκβάλλει, καὶ εἴ τις αὐτῶν δι' ὕδατος μίξεως ἀμβλύνει τὴν δύναμιν, καὶ πρὸς φλεγμονὰς ἁρμόζει, καὶ μάλιστα τὰς ἐν μήτρᾳ. καὶ αἱ ῥίζαι δὲ παραπλησίας οὖσαι δυνάμεως παχυμερέστεραί τε καὶ γεωδέστεραί πώς εἰσι, μετ' ὄξους δὲ τὰς σκιρρουμένας ὠφελοῦσι φλεγμονάς.","λευκοιου και συμπας μεν ο θαμνος ρυπτικης εστι και λεπτομερους δυναμεως, μαλλον δε τα ανθη και τουτων τα ξηροτερα· ωστε και καταμηνια κινει και εμβρυα φθειρει τε και εκβαλλει, και ει τις αυτων δι' υδατος μιξεως αμβλυνει την δυναμιν, και προς φλεγμονας αρμοζει, και μαλιστα τας εν μητρα. και αι ριζαι δε παραπλησιας ουσαι δυναμεως παχυμερεστεραι τε και γεωδεστεραι πως εισι, μετ' οξους δε τας σκιρρουμενας ωφελουσι φλεγμονας.",,draft,2,235,235,68,paul_row=363; lemma_gr=λευκοΐου; edition_pages=2.235
PAUL_AEG-7.3.365,PAUL_AEG,7.3.365,Λεύκη,,,,Λεύκη τὸ δένδρον ἐξ ὑδατώδους τε χλιαρᾶς καὶ γεώδους ὑπάρχον οὐσίας ῥυπτικῆς μετέχει δυνάμεως.,λευκη το δενδρον εξ υδατωδους τε χλιαρας και γεωδους υπαρχον ουσιας ρυπτικης μετεχει δυναμεως.,,draft,2,235,235,14,paul_row=364; lemma_gr=λεύκη; edition_pages=2.235
PAUL_AEG-7.3.366,PAUL_AEG,7.3.366,Λιβανωτίδες,,,,"Λιβανωτίδες τρεῖς, ἡ μὲν ἄκαρπος, αἱ δὲ δύο φέρουσι καρπόν. ῥυπτικῆς τε καὶ τμητικῆς καὶ διαφορητικῆς καὶ μαλακτικῆς εἰσι δυνάμεως· ὧν ὁ χυλὸς σὺν μέλιτι τὰς διὰ πάχος ὑγρῶν ἀμβλυωπίας ἰᾶται. τῆς δὲ εἰς τοὺς στεφάνους χρησίμης τὸ ἀφέψημα πινόμενον τοὺς ἰκτεριῶντας ὀνίνησιν.","λιβανωτιδες τρεις, η μεν ακαρπος, αι δε δυο φερουσι καρπον. ρυπτικης τε και τμητικης και διαφορητικης και μαλακτικης εισι δυναμεως· ων ο χυλος συν μελιτι τας δια παχος υγρων αμβλυωπιας ιαται. της δε εις τους στεφανους χρησιμης το αφεψημα πινομενον τους ικτεριωντας ονινησιν.",,draft,2,235,236,43,paul_row=365; lemma_gr=λιβανωτίδες; edition_pages=2.235-236
PAUL_AEG-7.3.367,PAUL_AEG,7.3.367,Λιβανωτὸς,,,,"Λιβανωτὸς θερμαίνει μὲν κατὰ τὴν δευτέραν τάξιν, ξηραίνει δὲ κατὰ τὴν πρώτην, ἔχει δέ τι καὶ ὑποστῦφον ὀλίγον. ὁ δὲ φλοιὸς αὐτοῦ στύφει σαφῶς· δι' ὃ καὶ ξηραίνει κατὰ τὴν δευτέραν ἀπόστασιν συμπληρουμένην παχυμερέστερός τε τοῦ λιβάνου καὶ ἧττον δριμύς· ὅθεν καὶ αἱμοπτυικοὺς καὶ δυσεντερικοὺς καὶ κοιλιακοὺς καὶ στομαχικοὺς ἰᾶται ἔξωθέν τε καὶ εἴσω λαμβανόμενος. ὁ δὲ θαλλὸς αὐτοῦ θερμαίνει καὶ ξηραίνει τῆς τρίτης ἀποστάσεως ἔχων τι καὶ ῥυπτικόν, ὃ ἀνακαθαίρει τε καὶ πληροῖ τὰ ἐν ὀφθαλμοῖς ἕλκη.","λιβανωτος θερμαινει μεν κατα την δευτεραν ταξιν, ξηραινει δε κατα την πρωτην, εχει δε τι και υποστυφον ολιγον. ο δε φλοιος αυτου στυφει σαφως· δι' ο και ξηραινει κατα την δευτεραν αποστασιν συμπληρουμενην παχυμερεστερος τε του λιβανου και ηττον δριμυς· οθεν και αιμοπτυικους και δυσεντερικους και κοιλιακους και στομαχικους ιαται εξωθεν τε και εισω λαμβανομενος. ο δε θαλλος αυτου θερμαινει και ξηραινει της τριτης αποστασεως εχων τι και ρυπτικον, ο ανακαθαιρει τε και πληροι τα εν οφθαλμοις ελκη.",,draft,2,236,236,78,paul_row=366; lemma_gr=λιβανωτός; edition_pages=2.236
PAUL_AEG-7.3.368,PAUL_AEG,7.3.368,Λιγνὺς,,,,"Λιγνὺς καιομένων τινῶν εἰδῶν ὥσπερ αἰθάλη τίς ἐστιν, οἷον λιβανωτοῦ, σμύρνης, τερμίνθου, στύρακος, πίσσης ὑγρᾶς, κέδρου, ξηραντικὴ μὲν καὶ γεώδης καὶ λεπτομερὴς ὑπάρχουσα· αἱ δὲ κατ' εἶδος αὐτῆς διαφοραὶ παρὰ τὴν καυθεῖσαν ὕλην γίνονται. χρῶνται δὲ αὐτῇ μάλιστα κατὰ τὰς ὀφθαλμικάς τε καὶ καλλιβλεφάρους δυνάμεις. ἡ δὲ τοῦ λιβανωτοῦ χρειωδεστέρα πασῶν ἐστιν ὡς πραϋτέρα, ἰσχυροτέρα δὲ πάλιν ἡ τῆς πίτυός τε καὶ κώνου καὶ πεύκης· ὅθεν πρὸς πτίλα βλέφαρα καὶ μυδῶντας κανθοὺς καὶ περιβεβρωμένους καὶ δακρύοντάς ἐστι χρήσιμος.","λιγνυς καιομενων τινων ειδων ωσπερ αιθαλη τις εστιν, οιον λιβανωτου, σμυρνης, τερμινθου, στυρακος, πισσης υγρας, κεδρου, ξηραντικη μεν και γεωδης και λεπτομερης υπαρχουσα· αι δε κατ' ειδος αυτης διαφοραι παρα την καυθεισαν υλην γινονται. χρωνται δε αυτη μαλιστα κατα τας οφθαλμικας τε και καλλιβλεφαρους δυναμεις. η δε του λιβανωτου χρειωδεστερα πασων εστιν ως πραυτερα, ισχυροτερα δε παλιν η της πιτυος τε και κωνου και πευκης· οθεν προς πτιλα βλεφαρα και μυδωντας κανθους και περιβεβρωμενους και δακρυοντας εστι χρησιμος.",,draft,2,236,236,78,paul_row=367; lemma_gr=λιγνύς; edition_pages=2.236
PAUL_AEG-7.3.369,PAUL_AEG,7.3.369,Λιγυστικοῦ,,,,"Λιγυστικοῦ καὶ ἡ ῥίζα καὶ τὸ σπέρμα τῶν θερμαινόντων εἰς τοςοῦτόν ἐστιν, ὡς ἔμμηνά τε κινεῖν καὶ οὖρα προτρέπειν· ἔστι δὲ καὶ ἄφυσα.","λιγυστικου και η ριζα και το σπερμα των θερμαινοντων εις τοςουτον εστιν, ως εμμηνα τε κινειν και ουρα προτρεπειν· εστι δε και αφυσα.",,draft,2,236,236,23,paul_row=368; lemma_gr=λιγυστικοῦ; edition_pages=2.236
PAUL_AEG-7.3.370,PAUL_AEG,7.3.370,Λιθάργυρος,,,,Λιθάργυρος τῆς μέσης ἐν τοῖς μεταλλικοῖς ἐστι τάξεως· δι' ὃ καὶ ὡς ὕλῃ χρώμεθα πολλάκις αὐτῇ μιγνύντες ἑτέραις δυνάμεσιν. ξηραίνει γε μὴν μετρίως καὶ ῥύπτει καὶ στύφει· δι' ὃ πρὸς τὰ ἐν μηροῖς παρατρίμματα χρησιμεύει.,λιθαργυρος της μεσης εν τοις μεταλλικοις εστι ταξεως· δι' ο και ως υλη χρωμεθα πολλακις αυτη μιγνυντες ετεραις δυναμεσιν. ξηραινει γε μην μετριως και ρυπτει και στυφει· δι' ο προς τα εν μηροις παρατριμματα χρησιμευει.,,draft,2,236,236,35,paul_row=369; lemma_gr=λιθάργυρος; edition_pages=2.236
PAUL_AEG-7.3.371,PAUL_AEG,7.3.371,Λίθοι,,,,"Λίθοι πάντες μὲν ὥσπερ καὶ ἡ γῆ ξηραίνουσιν· ἀλλ' ὁ μὲν αἱματίτης στυπτικός τε καὶ ξηραντικὸς ἱκανῶς ἐστιν· ὥστε καὶ τραχώμασιν ὀφθαλμῶν ἁρμόττει, ἀφλεγμάντοις μὲν σὺν ὕδατι, φλεγμαίνουσι δὲ σὺν ᾠῷ· ἁρμόττει δὲ καὶ πτύσεσιν αἵματος πινόμενος καὶ ἕλκη ὑπερσαρκοῦντα καταστέλλει. ὁ δὲ σχιστὸς παραπλησίαν μὲν ἔχει τούτῳ δύναμιν, ἀσθενέστερος δέ, καὶ μετ' αὐτὸν ὁ γαλακτίτης. ὁ δὲ μελιτίτης ἔχει τι καὶ θερμότητος. ὁ δὲ μέροξος, ὃν δὴ καὶ λευκογραφίδα καλοῦσιν, ὅσῳ μαλακώτερος τούτων ἐστὶ διὰ τὸ μηδεμίαν ἔχειν δραστικὴν ποιότητα, τοσούτῳ μετριώτερός τε καὶ ἀνωδυνώτερός ἐστι· διόπερ ἐπὶ τῶν μαλακοσώμων μετὰ κηρωτῆς αὐτῷ πρὸς ἀφούλωσιν ἑλκῶν χρῶνται. ὁ δὲ ὑπόχλωρος ἴασπις ἰσχυροτέρας ὢν δυνάμεως οὐλάς τε καὶ πτερύγια λεπτύνει· ὁ δὲ χλωρὸς ἴασπις στόμαχον ὠφελεῖ περιαπτόμενός τε καὶ ἐν δακτυλίῳ φορούμενος. ὁ δὲ Ἰουδαϊκὸς καλούμενος τῶν ἐν νεφροῖς λίθων ἐστὶ θρυπτικός· ὅθεν καὶ τηκόλιθον αὐτὸν οἱ νεώτεροι προσαγορεύουσιν. ὁ δὲ πυρίτης τῶν ἰσχυρῶς ἐστι διαφορούντων ὄγκους τε καὶ θρόμβους· οὗ μὴ παρόντος τῷ μυλίτῃ χρῶνται. ὁ δὲ Φρύγιος μετὰ τοῦ ξηραίνειν ἰσχυρῶς ἔχει τι καὶ στύψεως καὶ δήξεως· ὅθεν ἀποκρουστικός τε καὶ διαφορητικός ἐστιν, δι' ὃ καὶ ὀφθαλμικαῖς μίγνυται δυνάμεσιν. καὶ ὁ ἀγήρατος δὲ στυπτικῆς τε καὶ διαφορητικῆς ὑπάρχων δυνάμεως γαργαρεῶνας φλεγμαίνοντας ὠφελεῖ. τὸ δὲ τῆς Ἀσσίας πέτρας ἄνθος λεπτομερὲς εἰς τοσοῦτόν ἐστιν, ὡς ἀδήκτως τὰς πλαδαρὰς σάρκας ἐκτήκειν. ὁ δὲ γαγάτης ξηραντικὸς ἱκανῶς ὑπάρχων ἐμφυσήμασιν ἁρμόττει μάλιστα χρονίοις. ἡ δὲ Μαγνῆτίς τε καὶ Ἡρακλεία καλουμένη λίθος παραπλησίαν ἔχει τῷ αἱματίτῃ τὴν δύναμιν. ὅ γε μὴν Ἀράβιος ἐοικὼς ἐλέφαντι ξηραντικός τε καὶ ῥυπτικός ἐστι. τῷ δὲ ἀλαβαστρίτῃ καυθέντι τοὺς στομαχικοὺς ἔνιοι ποτίζουσιν. ἡ δὲ σμίρις ῥυπτικὴν ἔχουσα δύναμιν ὀδόντας σμήχει. οἱ δὲ ἐν τοῖς σπόγγοις εὑρισκόμενοι λίθοι τοὺς ἐν νεφροῖς θρύπτουσι λίθους· παραπλησίας δὲ τούτοις εἰσὶ δυνάμεως καὶ οἱ ἐν τῷ Ἀργαίῳ τῆς Καππαδοκίας ὄρει γεννώμενοι· ὁμοίως δὲ καὶ ὁ ὀφίτης καλούμενος, ὅστις καὶ τοὺς ἐχεοδήκτους ὠφελεῖ περιαπτόμενος. τὸν δὲ ὀστρακίτην καὶ τὸν γεώδη ξηραντικοὺς ἱκανῶς φασιν, ὥστε καὶ φλεγμονώδεις ὄγκους ἰᾶσθαι. τό γε μὴν τῆς Ναξίας ἀκόνης ἀπότριμμα ψυκτικὸν εἶναί φασιν, ὥστε καὶ τιτθοὺς παρθένων καὶ παίδων ὄρχεις προσστέλλειν. τῆς ἐλαιακόνης δὲ τὸ ἀπότριμμα ῥυπτικὸν ὑπάρχον ἀλωπεκίαις ἁρμόττει. τὸν ἱερακίτην δὲ καὶ Ἰνδικὸν λίθον φασὶ περιαπτόμενον τὸ ἐκ τῶν αἱμορροΐδων ἱστᾶν αἷμα, τὸν δὲ σάπφειρον πινόμενον τοὺς ὑπὸ σκορπίου πληγέντας ὠφελεῖν καὶ τὸν ἀφροσέλινον τοὺς ἐπιλήπτους. ὁ δὲ Ἀρμενιακὸς καθαίρει μὲν κάτω τὴν κοιλίαν, ἔστι δὲ κακοστόμαχος.","λιθοι παντες μεν ωσπερ και η γη ξηραινουσιν· αλλ' ο μεν αιματιτης στυπτικος τε και ξηραντικος ικανως εστιν· ωστε και τραχωμασιν οφθαλμων αρμοττει, αφλεγμαντοις μεν συν υδατι, φλεγμαινουσι δε συν ωω· αρμοττει δε και πτυσεσιν αιματος πινομενος και ελκη υπερσαρκουντα καταστελλει. ο δε σχιστος παραπλησιαν μεν εχει τουτω δυναμιν, ασθενεστερος δε, και μετ' αυτον ο γαλακτιτης. ο δε μελιτιτης εχει τι και θερμοτητος. ο δε μεροξος, ον δη και λευκογραφιδα καλουσιν, οσω μαλακωτερος τουτων εστι δια το μηδεμιαν εχειν δραστικην ποιοτητα, τοσουτω μετριωτερος τε και ανωδυνωτερος εστι· διοπερ επι των μαλακοσωμων μετα κηρωτης αυτω προς αφουλωσιν ελκων χρωνται. ο δε υποχλωρος ιασπις ισχυροτερας ων δυναμεως ουλας τε και πτερυγια λεπτυνει· ο δε χλωρος ιασπις στομαχον ωφελει περιαπτομενος τε και εν δακτυλιω φορουμενος. ο δε ιουδαικος καλουμενος των εν νεφροις λιθων εστι θρυπτικος· οθεν και τηκολιθον αυτον οι νεωτεροι προσαγορευουσιν. ο δε πυριτης των ισχυρως εστι διαφορουντων ογκους τε και θρομβους· ου μη παροντος τω μυλιτη χρωνται. ο δε φρυγιος μετα του ξηραινειν ισχυρως εχει τι και στυψεως και δηξεως· οθεν αποκρουστικος τε και διαφορητικος εστιν, δι' ο και οφθαλμικαις μιγνυται δυναμεσιν. και ο αγηρατος δε στυπτικης τε και διαφορητικης υπαρχων δυναμεως γαργαρεωνας φλεγμαινοντας ωφελει. το δε της ασσιας πετρας ανθος λεπτομερες εις τοσουτον εστιν, ως αδηκτως τας πλαδαρας σαρκας εκτηκειν. ο δε γαγατης ξηραντικος ικανως υπαρχων εμφυσημασιν αρμοττει μαλιστα χρονιοις. η δε μαγνητις τε και ηρακλεια καλουμενη λιθος παραπλησιαν εχει τω αιματιτη την δυναμιν. ο γε μην αραβιος εοικως ελεφαντι ξηραντικος τε και ρυπτικος εστι. τω δε αλαβαστριτη καυθεντι τους στομαχικους ενιοι ποτιζουσιν. η δε σμιρις ρυπτικην εχουσα δυναμιν οδοντας σμηχει. οι δε εν τοις σπογγοις ευρισκομενοι λιθοι τους εν νεφροις θρυπτουσι λιθους· παραπλησιας δε τουτοις εισι δυναμεως και οι εν τω αργαιω της καππαδοκιας ορει γεννωμενοι· ομοιως δε και ο οφιτης καλουμενος, οστις και τους εχεοδηκτους ωφελει περιαπτομενος. τον δε οστρακιτην και τον γεωδη ξηραντικους ικανως φασιν, ωστε και φλεγμονωδεις ογκους ιασθαι. το γε μην της ναξιας ακονης αποτριμμα ψυκτικον ειναι φασιν, ωστε και τιτθους παρθενων και παιδων ορχεις προσστελλειν. της ελαιακονης δε το αποτριμμα ρυπτικον υπαρχον αλωπεκιαις αρμοττει. τον ιερακιτην δε και ινδικον λιθον φασι περιαπτομενον το εκ των αιμορροιδων ισταν αιμα, τον δε σαπφειρον πινομενον τους υπο σκορπιου πληγεντας ωφελειν και τον αφροσελινον τους επιληπτους. ο δε αρμενιακος καθαιρει μεν κατω την κοιλιαν, εστι δε κακοστομαχος.",,draft,2,237,238,379,paul_row=370; lemma_gr=λίθοι; edition_pages=2.237-238
PAUL_AEG-7.3.372,PAUL_AEG,7.3.372,"Λιθόσπερμον, οἱ δὲ λειόσπερμον, οἱ δὲ Ἡράκλειον",,,,"Λιθόσπερμον, οἱ δὲ λειόσπερμον, οἱ δὲ Ἡράκλειον, πόας τῆς ἀετωνύχου προσαγορευομένης ἐστὶ τὸ σπέρμα λιθῶδες λευκόν, ὃ πινόμενον μετ' οἴνου λευκοῦ λίθους θρύπτει καὶ οὖρα ἄγει.","λιθοσπερμον, οι δε λειοσπερμον, οι δε ηρακλειον, ποας της αετωνυχου προσαγορευομενης εστι το σπερμα λιθωδες λευκον, ο πινομενον μετ' οινου λευκου λιθους θρυπτει και ουρα αγει.",,draft,2,238,238,26,paul_row=371; lemma_gr=λιθόσπερμον:λειόσπερμον:ἡράκλειον; edition_pages=2.238; derived_from=alias_review
PAUL_AEG-7.3.373,PAUL_AEG,7.3.373,Λινόσπερμον,,,,"Λινόσπερμον θερμὸν μέν ἐστι κατὰ τὴν πρώτην τάξιν, μέσον δὲ τῶν ὑγραινόντων τε καὶ ξηραινόντων, ἐσθιόμενον δὲ φυσῶδές ἐστι, κἂν φρυγῇ.","λινοσπερμον θερμον μεν εστι κατα την πρωτην ταξιν, μεσον δε των υγραινοντων τε και ξηραινοντων, εσθιομενον δε φυσωδες εστι, καν φρυγη.",,draft,2,238,238,21,paul_row=372; lemma_gr=λινόσπερμον; edition_pages=2.238
PAUL_AEG-7.3.374,PAUL_AEG,7.3.374,Λινόζωστις,,,,"Λινόζωστις ὑπακτικὴ μὲν γαστρὸς ἱκανῶς ἐστι, καταπλαττομένη δὲ διαφορεῖ.","λινοζωστις υπακτικη μεν γαστρος ικανως εστι, καταπλαττομενη δε διαφορει.",,draft,2,238,238,9,paul_row=373; lemma_gr=λινόζωστις; edition_pages=2.238
PAUL_AEG-7.3.375,PAUL_AEG,7.3.375,Λίτρον,,,,"Λίτρον ἐν τῷ μεταξὺ τῆς ἀφονίτρου τε καὶ ἁλῶν ἐστι δυνάμεως, καυθὲν δὲ λεπτομερέστερόν τε καὶ διαφορητικώτερον γίνεται, κἂν εἴσω τοῦ σώματος ληφθείη, τέμνει καὶ λεπτύνει τοὺς παχεῖς καὶ γλίσχρους χυμοὺς πλέον τῶν ἄλλων· τὸ δὲ Χαλαστραῖον (ἔστι δὲ χωρίον τῆς Θεσσαλονίκης ἡ Χαλέστρα) δριμύτερόν τε καὶ ξηραντικώτερόν ἐστιν· ὥστε καὶ πρὸς τὰ ἐκ τῆς κεφαλῆς ῥεύματα καὶ πρὸς ἀρθριτικὰ αὐτῷ χρῶνται.","λιτρον εν τω μεταξυ της αφονιτρου τε και αλων εστι δυναμεως, καυθεν δε λεπτομερεστερον τε και διαφορητικωτερον γινεται, καν εισω του σωματος ληφθειη, τεμνει και λεπτυνει τους παχεις και γλισχρους χυμους πλεον των αλλων· το δε χαλαστραιον (εστι δε χωριον της θεσσαλονικης η χαλεστρα) δριμυτερον τε και ξηραντικωτερον εστιν· ωστε και προς τα εκ της κεφαλης ρευματα και προς αρθριτικα αυτω χρωνται.",,draft,2,238,238,62,paul_row=374; lemma_gr=λίτρον; edition_pages=2.238
PAUL_AEG-7.3.376,PAUL_AEG,7.3.376,Λογχίτιδος,,,,"Λογχίτιδος τῆς μὲν τὸ σπέρμα τρίγωνον ἐχούσης καθάπερ λόγχη ἡ ῥίζα παραπλησία τῇ τοῦ δαύκου οὐρητική ἐστιν· τῆς δὲ τῷ σκολοπενδρίῳ προσεοικυίας τὰ φύλλα χλωρὰ μὲν τραυμάτων ἐστὶ κολλητικά, ξηρὰ δὲ μετ' ὄξους πινόμενα σπλῆνας ἰᾶται σκιρρουμένους.","λογχιτιδος της μεν το σπερμα τριγωνον εχουσης καθαπερ λογχη η ριζα παραπλησια τη του δαυκου ουρητικη εστιν· της δε τω σκολοπενδριω προσεοικυιας τα φυλλα χλωρα μεν τραυματων εστι κολλητικα, ξηρα δε μετ' οξους πινομενα σπληνας ιαται σκιρρουμενους.",,draft,2,238,238,37,paul_row=375; lemma_gr=λογχίτιδος; edition_pages=2.238
PAUL_AEG-7.3.377,PAUL_AEG,7.3.377,Λυκαψοῦ,,,,"Λυκαψοῦ τὴν ῥίζαν στυπτικὴν οὖσάν φησιν ὁ Διοσκουρίδης καταπλασσομένην σὺν ἀλφίτοις ἐρυσιπέλασιν ἁρμόττειν, λείαν δὲ σὺν ἐλαίῳ ἀλειφομένην ἱδρῶτας κινεῖν.","λυκαψου την ριζαν στυπτικην ουσαν φησιν ο διοσκουριδης καταπλασσομενην συν αλφιτοις ερυσιπελασιν αρμοττειν, λειαν δε συν ελαιω αλειφομενην ιδρωτας κινειν.",,draft,2,239,239,20,paul_row=376; lemma_gr=λυκαψοῦ; edition_pages=2.239
PAUL_AEG-7.3.378,PAUL_AEG,7.3.378,Λύκιον,,,,"Λύκιον ἐξ ἑτερογενῶν σύγκειται δυνάμεων, τῆς μὲν θερμῆς τε καὶ λεπτομεροῦς καὶ διαφορητικῆς, τῆς δὲ γεώδους ψυχρᾶς καὶ ἠρέμα στυφούσης, ὥστε ξηραίνειν κατὰ τὴν δευτέραν ἀπόστασιν, κατὰ δὲ τὸ θερμαίνειν καὶ ψύχειν μέσον· διόπερ ὡς ῥυπτικῷ μὲν αὐτῷ χρῶνται ἐπὶ τῶν ἐπισκοτούντων ταῖς κόραις, ὡς δὲ στυπτικῷ ἐπὶ κοιλιακῶν τε καὶ δυσεντερικῶν καὶ τῶν κακοήθων ἑλκῶν, ἐπὶ δὲ φλεγμονῶν ὡς διαφοροῦντι· προτερεύει δὲ τὸ Ἰνδικόν.","λυκιον εξ ετερογενων συγκειται δυναμεων, της μεν θερμης τε και λεπτομερους και διαφορητικης, της δε γεωδους ψυχρας και ηρεμα στυφουσης, ωστε ξηραινειν κατα την δευτεραν αποστασιν, κατα δε το θερμαινειν και ψυχειν μεσον· διοπερ ως ρυπτικω μεν αυτω χρωνται επι των επισκοτουντων ταις κοραις, ως δε στυπτικω επι κοιλιακων τε και δυσεντερικων και των κακοηθων ελκων, επι δε φλεγμονων ως διαφορουντι· προτερευει δε το ινδικον.",,draft,2,239,239,65,paul_row=377; lemma_gr=λύκιον; edition_pages=2.239
PAUL_AEG-7.3.379,PAUL_AEG,7.3.379,Λυσιμάχιον,,,,Λυσιμάχιον ἐπικρατοῦσαν ἔχει τὴν στυπτικὴν δύναμιν· ὅθεν τραύματά τε κολλᾷ καὶ ἴσχαιμός ἐστιν αὐτή τε καὶ ὁ χυλὸς καὶ δυσεντερικοὺς ὠφελεῖ πινομένη τε καὶ ἐνιεμένη.,λυσιμαχιον επικρατουσαν εχει την στυπτικην δυναμιν· οθεν τραυματα τε κολλα και ισχαιμος εστιν αυτη τε και ο χυλος και δυσεντερικους ωφελει πινομενη τε και ενιεμενη.,,draft,2,239,239,25,paul_row=378; lemma_gr=λυσιμάχιον; edition_pages=2.239
PAUL_AEG-7.3.380,PAUL_AEG,7.3.380,Λυχνίδος,,,,Λυχνίδος τῆς εἰς τοὺς στεφάνους τὸ σπέρμα θερμόν ἐστι καὶ ξηρὸν κατὰ τὴν δευτέραν τάξιν πληρουμένην.,λυχνιδος της εις τους στεφανους το σπερμα θερμον εστι και ξηρον κατα την δευτεραν ταξιν πληρουμενην.,,draft,2,239,239,16,paul_row=379; lemma_gr=λυχνίδος; edition_pages=2.239
PAUL_AEG-7.3.381,PAUL_AEG,7.3.381,"Λωτὸς ὁ ἥμερος, ὃν ἔνιοι τρίφυλλον ὀνομάζουσι",,,,"Λωτὸς ὁ ἥμερος, ὃν ἔνιοι τρίφυλλον ὀνομάζουσι, ῥυπτικῆς ἐστι καὶ ξηραντικῆς μετρίως δυνάμεως, εὔκρατος δὲ κατὰ θερμότητα. τοῦ δὲ ἀγρίου τὸ σπέρμα δευτέρας ἐστὶ τῶν θερμαινόντων τάξεως, ἔχει δέ τι καὶ ῥυπτικόν· τοῦ δὲ Αἰγυπτίου τὸ σπέρμα καὶ ἀρτοποιοῦνται.","λωτος ο ημερος, ον ενιοι τριφυλλον ονομαζουσι, ρυπτικης εστι και ξηραντικης μετριως δυναμεως, ευκρατος δε κατα θερμοτητα. του δε αγριου το σπερμα δευτερας εστι των θερμαινοντων ταξεως, εχει δε τι και ρυπτικον· του δε αιγυπτιου το σπερμα και αρτοποιουνται.",,draft,2,239,239,39,paul_row=380; lemma_gr=λωτὸς ὁ ἥμερος:τρίφυλλος; edition_pages=2.239
PAUL_AEG-7.3.382,PAUL_AEG,7.3.382,Λωτὸς τὸ δένδρον,,,,Λωτὸς τὸ δένδρον λεπτομερές τε καὶ ξηραντικόν ἐστι καὶ στυπτικὸν μετρίως· ὅθεν πρός τε ῥοῦν γυναικεῖον καὶ τὰ κατὰ κοιλίαν ῥεύματα πινόμενος ἁρμόττει μετ' οἴνου ἢ ὕδατος ἢ καὶ ἐνιέμενος καὶ τὰς ῥεούσας τρίχας κρατύνει.,λωτος το δενδρον λεπτομερες τε και ξηραντικον εστι και στυπτικον μετριως· οθεν προς τε ρουν γυναικειον και τα κατα κοιλιαν ρευματα πινομενος αρμοττει μετ' οινου η υδατος η και ενιεμενος και τας ρεουσας τριχας κρατυνει.,,draft,2,239,239,35,paul_row=381; lemma_gr=λωτὸς τὸ δένδρον; edition_pages=2.239
PAUL_AEG-7.3.383,PAUL_AEG,7.3.383,Μάκερ φλοιός,,,,"Μάκερ φλοιός ἐστιν ἐκ τῆς Ἰνδικῆς κομιζόμενος, ξηραίνων μὲν κατὰ τὴν τρίτην τάξιν, μέσος δὲ κατὰ θερμότητα καὶ ψῦξιν· ἔστι δὲ καὶ στυπτικὸς λεπτομερής· ὅθεν κοιλιακοῖς τε καὶ δυσεντερικοῖς ἁρμόττει.","μακερ φλοιος εστιν εκ της ινδικης κομιζομενος, ξηραινων μεν κατα την τριτην ταξιν, μεσος δε κατα θερμοτητα και ψυξιν· εστι δε και στυπτικος λεπτομερης· οθεν κοιλιακοις τε και δυσεντερικοις αρμοττει.",,draft,2,239,239,30,paul_row=382; lemma_gr=μάκερ φλοιός; edition_pages=2.239
PAUL_AEG-7.3.384,PAUL_AEG,7.3.384,Μαλαβάθρου φύλλον,,,,Μαλαβάθρου φύλλον νάρδου στάχυι παραπλησίαν ἔχει δύναμιν.,μαλαβαθρου φυλλον ναρδου σταχυι παραπλησιαν εχει δυναμιν.,,draft,2,239,239,7,paul_row=383; lemma_gr=μαλαβάθρου φύλλον; edition_pages=2.239
PAUL_AEG-7.3.385,PAUL_AEG,7.3.385,Μαλάχη,,,,"Μαλάχη ἡ μὲν ἀγρία διαφορητικὴ μετρίως ἐστὶ καὶ μαλακτική, ἡ δὲ κηπευτή, ὡς ἂν ὑγροτέρα, καὶ ἀσθενεστέρα ἐστίν· ὁ δὲ καρπὸς εἰς τοσοῦτον ἰσχυρός, εἰς ὅσον καὶ ξηρότερος.","μαλαχη η μεν αγρια διαφορητικη μετριως εστι και μαλακτικη, η δε κηπευτη, ως αν υγροτερα, και ασθενεστερα εστιν· ο δε καρπος εις τοσουτον ισχυρος, εις οσον και ξηροτερος.",,draft,2,239,240,28,paul_row=384; lemma_gr=μαλάχη; edition_pages=2.239-240
PAUL_AEG-7.3.386,PAUL_AEG,7.3.386,Μαμιρὰς,,,,"Μαμιρὰς οἷον ῥιζίον τι πόας ἐστὶν ἔχον ὥσπερ κονδύλους πυκνούς· ὅπερ οὐλάς τε καὶ λευκώματα λεπτύνειν πεπίστευται, δηλονότι ῥυπτικῆς ὑπάρχον δυνάμεως.","μαμιρας οιον ριζιον τι ποας εστιν εχον ωσπερ κονδυλους πυκνους· οπερ ουλας τε και λευκωματα λεπτυνειν πεπιστευται, δηλονοτι ρυπτικης υπαρχον δυναμεως.",,draft,2,240,240,21,paul_row=385; lemma_gr=μαμιράς; edition_pages=2.240
PAUL_AEG-7.3.387,PAUL_AEG,7.3.387,Μανδραγόρας,,,,"Μανδραγόρας τῆς τρίτης ἐστὶ τῶν ψυχόντων τάξεως, τὰ δὲ μῆλα αὐτοῦ καὶ θερμότητός τινος μετέχει καὶ ὑγρότητος· ὅθεν καὶ κωματώδη τὴν δύναμίν εἰσι. τῆς ῥίζης δὲ ὁ φλοιὸς ἰσχυρότατος ὢν οὐ ψύχει μόνον ἀλλὰ καὶ ξηραίνει, τὸ δὲ ἔνδον αὐτῆς ἀσθενὲς ὑπάρχει.","μανδραγορας της τριτης εστι των ψυχοντων ταξεως, τα δε μηλα αυτου και θερμοτητος τινος μετεχει και υγροτητος· οθεν και κωματωδη την δυναμιν εισι. της ριζης δε ο φλοιος ισχυροτατος ων ου ψυχει μονον αλλα και ξηραινει, το δε ενδον αυτης ασθενες υπαρχει.",,draft,2,240,240,42,paul_row=386; lemma_gr=μανδραγόρας; edition_pages=2.240
PAUL_AEG-7.3.388,PAUL_AEG,7.3.388,Μάννα λιβάνου,,,,"Μάννα λιβάνου παραπλησίαν μὲν ἔχει τῷ λιβανωτῷ δύναμιν, ὑπανειμένην δὲ καὶ ἠρέμα στύφουσαν.","μαννα λιβανου παραπλησιαν μεν εχει τω λιβανωτω δυναμιν, υπανειμενην δε και ηρεμα στυφουσαν.",,draft,2,240,240,13,paul_row=387; lemma_gr=μάννα λιβάνου; edition_pages=2.240
PAUL_AEG-7.3.389,PAUL_AEG,7.3.389,Μάραθρον,,,,"Μάραθρον θερμαίνει μὲν κατὰ τὴν τρίτην τάξιν, ξηραίνει δὲ κατὰ τὴν πρώτην· δι' ὃ καὶ γάλακτός ἐστι γεννητικὸν καὶ τοῖς ὑποχεομένοις βοηθεῖ.","μαραθρον θερμαινει μεν κατα την τριτην ταξιν, ξηραινει δε κατα την πρωτην· δι' ο και γαλακτος εστι γεννητικον και τοις υποχεομενοις βοηθει.",,draft,2,240,240,22,paul_row=388; lemma_gr=μάραθρον; edition_pages=2.240
PAUL_AEG-7.3.390,PAUL_AEG,7.3.390,Μαστίχη,,,,"Μαστίχη ἡ μὲν Χία θερμαίνει καὶ ξηραίνει κατὰ τὴν δευτέραν ἀπόστασιν, συνθέτου δὲ δυνάμεώς ἐστι στυπτικῆς τε ἅμα καὶ μαλακτικῆς· ὅθεν καὶ στομάχου καὶ κοιλίας καὶ ἐντέρων καὶ ἥπατος φλεγμοναῖς ἁρμόττει· ἡ δὲ Αἰγυπτία μελαντέρα πως οὖσα ξηραίνει τε μᾶλλον καὶ διαφορεῖ καὶ ἧττον στύφει· δι' ὃ καὶ δοθιῆνας διαφορεῖ.","μαστιχη η μεν χια θερμαινει και ξηραινει κατα την δευτεραν αποστασιν, συνθετου δε δυναμεως εστι στυπτικης τε αμα και μαλακτικης· οθεν και στομαχου και κοιλιας και εντερων και ηπατος φλεγμοναις αρμοττει· η δε αιγυπτια μελαντερα πως ουσα ξηραινει τε μαλλον και διαφορει και ηττον στυφει· δι' ο και δοθιηνας διαφορει.",,draft,2,240,240,50,paul_row=389; lemma_gr=μαστίχη; edition_pages=2.240
PAUL_AEG-7.3.391,PAUL_AEG,7.3.391,Μέλαν Ἰνδικόν,,,,"Μέλαν Ἰνδικόν, ὥς φησι Διοσκουρίδης, τῶν ψυχόντων ἐλαφρῶς ἐστι καὶ ῥυσούντων φλεγμονὰς καὶ οἰδήματα ἕλκη τε ἀνακαθαιρόντων.","μελαν ινδικον, ως φησι διοσκουριδης, των ψυχοντων ελαφρως εστι και ρυσουντων φλεγμονας και οιδηματα ελκη τε ανακαθαιροντων.",,draft,2,240,240,17,paul_row=390; lemma_gr=μέλαν ἰνδικόν; edition_pages=2.240
PAUL_AEG-7.3.392,PAUL_AEG,7.3.392,Μελαντηρία,,,,Μελαντηρία τῶν στυφόντων ἱκανῶς ἐστι μετὰ λεπτομερείας.,μελαντηρια των στυφοντων ικανως εστι μετα λεπτομερειας.,,draft,2,240,240,7,paul_row=391; lemma_gr=μελαντηρία; edition_pages=2.240
PAUL_AEG-7.3.393,PAUL_AEG,7.3.393,Μέλαν,,,,"Μέλαν, ᾧ γράφομεν ἱκανῶς καὶ τοῦτο ξηραίνει, λυόμενον δὲ ὀξυκράτῳ τὰ πυρίκαυτα καταχριόμενον ὀνίνησι παραχρῆμα.","μελαν, ω γραφομεν ικανως και τουτο ξηραινει, λυομενον δε οξυκρατω τα πυρικαυτα καταχριομενον ονινησι παραχρημα.",,draft,2,240,240,15,paul_row=392; lemma_gr=μέλαν; edition_pages=2.240
PAUL_AEG-7.3.394,PAUL_AEG,7.3.394,Μελάνθιον,,,,"Μελάνθιον θερμαίνει μὲν καὶ ξηραίνει κατὰ τὴν τρίτην ἀπόστασιν, ἔστι δὲ καὶ λεπτομερές· ὅθεν τοὺς κατάρρους ὀσφραινόμενον ἰᾶται καὶ ἀφυσώτατόν ἐστιν εἴσω λαμβανόμενον. ἔστι δὲ καὶ πικρόν· ὅθεν τὰς ἕλμινθας ἀναιρεῖ· ῥύπτει τε καὶ τέμνει· ὅθεν ὀρθοπνοίαις ἁρμόττει καὶ λέπρας ἀποσμήχει καὶ μυρμηκίας ἐκβάλλει καὶ καταμήνια κινεῖ.","μελανθιον θερμαινει μεν και ξηραινει κατα την τριτην αποστασιν, εστι δε και λεπτομερες· οθεν τους καταρρους οσφραινομενον ιαται και αφυσωτατον εστιν εισω λαμβανομενον. εστι δε και πικρον· οθεν τας ελμινθας αναιρει· ρυπτει τε και τεμνει· οθεν ορθοπνοιαις αρμοττει και λεπρας αποσμηχει και μυρμηκιας εκβαλλει και καταμηνια κινει.",,draft,2,240,240,47,paul_row=393; lemma_gr=μελάνθιον; edition_pages=2.240
PAUL_AEG-7.3.395,PAUL_AEG,7.3.395,Μέλι,,,,"Μέλι θερμαίνει καὶ ξηραίνει κατὰ τὴν δευτέραν τάξιν ἔστι τε ῥυπτικὸν ἱκανῶς. ἑψηθὲν δὲ ἧττον μὲν γίνεται δριμύ τε καὶ ῥυπτικὸν καὶ γαστρὸς ὑπαγωγόν, μᾶλλον δὲ τρέφει. τὸ δὲ πικρόν, ὥσπερ καὶ τὸ ἐν Σαρδονίᾳ, μικτῆς ἐστι δυνάμεως, γεώδους τε καὶ θερμῆς. τὸ δὲ σάχαρ, ὅπερ ἐκ τῆς εὐδαίμονος Ἀραβίας κομίζεται, ἧττον μὲν γλυκὺ τοῦ παρ' ἡμῖν ἐστιν, ἰσοδυναμεῖ δὲ πρὸς τῷ μήτε κακοστόμαχον εἶναι μήτε διψῶδες, ὡς τοῦτο.","μελι θερμαινει και ξηραινει κατα την δευτεραν ταξιν εστι τε ρυπτικον ικανως. εψηθεν δε ηττον μεν γινεται δριμυ τε και ρυπτικον και γαστρος υπαγωγον, μαλλον δε τρεφει. το δε πικρον, ωσπερ και το εν σαρδονια, μικτης εστι δυναμεως, γεωδους τε και θερμης. το δε σαχαρ, οπερ εκ της ευδαιμονος αραβιας κομιζεται, ηττον μεν γλυκυ του παρ' ημιν εστιν, ισοδυναμει δε προς τω μητε κακοστομαχον ειναι μητε διψωδες, ως τουτο.",,draft,2,240,241,69,paul_row=394; lemma_gr=μέλι; edition_pages=2.240-241
PAUL_AEG-7.3.396,PAUL_AEG,7.3.396,Μελία,,,,"Μελία γνώριμον δένδρον ἐστίν, οὗ τὰ φύλλα πινόμενα ἐχεοδήκτοις ἁρμόζει· ὁ δὲ φλοιὸς καεὶς καὶ καταχρισθεὶς μεθ' ὕδατος λέπρας ἀφίστησιν. τὰ δὲ τορνεύματα τοῦ ξύλου ποθέντα φασὶν ἀναιρετικὰ εἶναι.","μελια γνωριμον δενδρον εστιν, ου τα φυλλα πινομενα εχεοδηκτοις αρμοζει· ο δε φλοιος καεις και καταχρισθεις μεθ' υδατος λεπρας αφιστησιν. τα δε τορνευματα του ξυλου ποθεντα φασιν αναιρετικα ειναι.",,draft,2,241,241,29,paul_row=395; lemma_gr=μελία; edition_pages=2.241
PAUL_AEG-7.3.397,PAUL_AEG,7.3.397,Μελίλωτον,,,,"Μελίλωτον μικτῆς ἐστι δυνάμεως, στυπτικῆς τε καὶ διαφορητικῆς καὶ συμπεπτικῆς.","μελιλωτον μικτης εστι δυναμεως, στυπτικης τε και διαφορητικης και συμπεπτικης.",,draft,2,241,241,10,paul_row=396; lemma_gr=μελίλωτον; edition_pages=2.241
PAUL_AEG-7.3.398,PAUL_AEG,7.3.398,Μελισσόφυλλον,,,,Μελισσόφυλλον ὅμοιον πρασίῳ τὴν δύναμίν ἐστιν εἰς ἅπαντα.,μελισσοφυλλον ομοιον πρασιω την δυναμιν εστιν εις απαντα.,,draft,2,241,241,8,paul_row=397; lemma_gr=μελισσόφυλλον; edition_pages=2.241
PAUL_AEG-7.3.399,PAUL_AEG,7.3.399,Μεμαίκυλος,,,,Μεμαίκυλος ὁ καρπὸς ὢν τῆς κρανίας εἴρηται κατὰ τὸ κ στοιχεῖον.,μεμαικυλος ο καρπος ων της κρανιας ειρηται κατα το κ στοιχειον.,,draft,2,241,241,11,paul_row=398; lemma_gr=μεμαίκυλος; edition_pages=2.241
PAUL_AEG-7.3.400,PAUL_AEG,7.3.400,"Μέσπιλα, οἱ δὲ τρίκοκκα",,,,"Μέσπιλα, οἱ δὲ τρίκοκκα. στρυφνὸς ἱκανῶς ἐστιν ὁ καρπὸς οὗτος καὶ μόλις ἐδώδιμος τῆς τε γαστρὸς ἐφεκτικός· καὶ οἱ βλαστοὶ δὲ καὶ τὰ φύλλα στρυφνὰ ἱκανῶς εἰσιν.","μεσπιλα, οι δε τρικοκκα. στρυφνος ικανως εστιν ο καρπος ουτος και μολις εδωδιμος της τε γαστρος εφεκτικος· και οι βλαστοι δε και τα φυλλα στρυφνα ικανως εισιν.",,draft,2,241,241,27,paul_row=399; lemma_gr=μέσπιλα:τρίκοκκόν; edition_pages=2.241; derived_from=alias_review
PAUL_AEG-7.3.401,PAUL_AEG,7.3.401,Μηδίου,,,,"Μηδίου ἡ ῥίζα ὑπεναντίαν ἔχει τῷ καρπῷ δύναμιν· ἡ μὲν γὰρ αὐστηρά τε καὶ ῥευμάτων ἐστὶν ἐφεκτική, ὥστε καὶ ῥοῦν στέλλειν, τὸ δὲ σπέρμα καὶ προτρέπει τὰ καταμήνια λεπτομεροῦς τε καὶ τμητικῆς ὑπάρχον δυνάμεως.","μηδιου η ριζα υπεναντιαν εχει τω καρπω δυναμιν· η μεν γαρ αυστηρα τε και ρευματων εστιν εφεκτικη, ωστε και ρουν στελλειν, το δε σπερμα και προτρεπει τα καταμηνια λεπτομερους τε και τμητικης υπαρχον δυναμεως.",,draft,2,241,241,34,paul_row=400; lemma_gr=μηδίου; edition_pages=2.241
PAUL_AEG-7.3.402,PAUL_AEG,7.3.402,Μήκωνες,,,,"Μήκωνες πλείους εἰσίν. ἀλλὰ τῆς μὲν κηπευτῆς, ἣν δὴ καὶ θυλακῖτιν καλοῦσιν, ἐδώδιμόν ἐστι τὸ σπέρμα σὺν ἄρτοις ἐσθιόμενον μετρίως ὑπνῶδες ὑπάρχον· ἡ δὲ ῥυὰς προσαγορευομένη διὰ τὸ ταχέως ἀπορρεῖν αὐτῆς τὸ σπέρμα ἰσχυρότερον αὐτὸ τῆς κηπευτῆς ἔχει· ἐσθίεται γοῦν οὐ καθ' αὑτὸ ἀλλὰ ἐλάχιστον μιγνύμενον πλείονι μέλιτι. ἡ δὲ οἷον καθημένην ἔχουσα τὴν κωδύαν τὸ σπέρμα μέλαν ἔχει καὶ φαρμακῶδες, ἱκανῶς ψυχρόν. ἡ δὲ τὴν κωδύαν ἐπιμηκεστέραν ἔχουσα καὶ ἀναυξεστέραν φαρμακωδεστέρα πασῶν ἐστιν, ὥστε καὶ ναρκοῦν ἄχρι νεκρώσεως· ἔστι γὰρ τετάρτης τῶν ψυχόντων ἀποστάσεως αὐτή τε καὶ ὁ ὀπὸς αὐτῆς, ὃν καλοῦσι κατ' ἐξοχὴν ὄπιον. ἡ δὲ κερατῖτις μήκων ῥυπτικῆς ἐστι δυνάμεως, ὥστε τῆς μὲν ῥίζης αὐτῆς τὸ ἀφέψημα πινόμενον ἡπατικοὺς ὠφελεῖν, τὰ δὲ φύλλα καὶ τὰ ἄνθη τὰ ἄγαν ῥυπαρὰ τῶν ἑλκῶν καθαίρειν καὶ ἐσχάρας ἀφιστᾶν. ἡ δὲ Ἡρακλεία καὶ ἀφρώδης καλουμένη μήκων καθαρτικὸν φλέγματος ἔχει τὸ σπέρμα.","μηκωνες πλειους εισιν. αλλα της μεν κηπευτης, ην δη και θυλακιτιν καλουσιν, εδωδιμον εστι το σπερμα συν αρτοις εσθιομενον μετριως υπνωδες υπαρχον· η δε ρυας προσαγορευομενη δια το ταχεως απορρειν αυτης το σπερμα ισχυροτερον αυτο της κηπευτης εχει· εσθιεται γουν ου καθ' αυτο αλλα ελαχιστον μιγνυμενον πλειονι μελιτι. η δε οιον καθημενην εχουσα την κωδυαν το σπερμα μελαν εχει και φαρμακωδες, ικανως ψυχρον. η δε την κωδυαν επιμηκεστεραν εχουσα και αναυξεστεραν φαρμακωδεστερα πασων εστιν, ωστε και ναρκουν αχρι νεκρωσεως· εστι γαρ τεταρτης των ψυχοντων αποστασεως αυτη τε και ο οπος αυτης, ον καλουσι κατ' εξοχην οπιον. η δε κερατιτις μηκων ρυπτικης εστι δυναμεως, ωστε της μεν ριζης αυτης το αφεψημα πινομενον ηπατικους ωφελειν, τα δε φυλλα και τα ανθη τα αγαν ρυπαρα των ελκων καθαιρειν και εσχαρας αφισταν. η δε ηρακλεια και αφρωδης καλουμενη μηκων καθαρτικον φλεγματος εχει το σπερμα.",,draft,2,241,242,140,paul_row=401; lemma_gr=μήκωνες; edition_pages=2.241-242
PAUL_AEG-7.3.403,PAUL_AEG,7.3.403,Μῆλα,,,,"Μῆλα. τοῖς μήλοις ἅπασιν ὑγρότης ἐμφέρεται περιττωματικὴ καὶ ψυχρά· ἀλλὰ τὰ μὲν ἔκλυτα καὶ ὑδατώδη ψυχρότερά τε καὶ ὑγρότερα τῶν ἄλλων ἐστίν, τὰ δὲ γλυκέα ὑδατώδη μέν, οὐ σαφῶς δὲ ψυχρά, τὰ δὲ αὐστηρὰ ψυχρότερα μὲν τῶν γλυκέων, ἧττον δὲ ὑγρά, τὰ δὲ ὀξώδη ψυχρὰ μὲν καὶ αὐτά, τμητικὰ δὲ τῶν ἐν γαστρὶ χυμῶν, τὰ δὲ στρυφνά, οἷάπερ εἰσὶ Κυδώνια καὶ στρουθία, ψυχρά τε καὶ γεώδη τὴν κρᾶσίν εἰσιν κοιλίαν τε στέλλει καὶ τραύματα κολλᾷ. οὕτω δὲ καὶ τὰ φύλλα καὶ οἱ χυλοὶ καὶ οἱ φλοιοὶ τῶν δένδρων ἀλλήλων διαφέρουσιν.","μηλα. τοις μηλοις απασιν υγροτης εμφερεται περιττωματικη και ψυχρα· αλλα τα μεν εκλυτα και υδατωδη ψυχροτερα τε και υγροτερα των αλλων εστιν, τα δε γλυκεα υδατωδη μεν, ου σαφως δε ψυχρα, τα δε αυστηρα ψυχροτερα μεν των γλυκεων, ηττον δε υγρα, τα δε οξωδη ψυχρα μεν και αυτα, τμητικα δε των εν γαστρι χυμων, τα δε στρυφνα, οιαπερ εισι κυδωνια και στρουθια, ψυχρα τε και γεωδη την κρασιν εισιν κοιλιαν τε στελλει και τραυματα κολλα. ουτω δε και τα φυλλα και οι χυλοι και οι φλοιοι των δενδρων αλληλων διαφερουσιν.",,draft,2,242,242,90,paul_row=402; lemma_gr=μῆλα; edition_pages=2.242
PAUL_AEG-7.3.404,PAUL_AEG,7.3.404,Μηλέας Περσικῆς,,,,"Μηλέας Περσικῆς οἱ μὲν βλαστοὶ καὶ τὰ φύλλα πικρὰ σαφῶς εἰσιν· ἕλμεις γοῦν ἀποκτείνει λεῖα κατὰ τοῦ ὀμφαλοῦ ἐπιτιθέμενα· ὁ δὲ καρπὸς αὐτῆς, τοῦτο δὴ τὸ ἐδώδιμον περσικόν, ὑγρόν τέ ἐστι καὶ ψυχρὸν κατὰ τὴν δευτέραν ἀπόστασιν.","μηλεας περσικης οι μεν βλαστοι και τα φυλλα πικρα σαφως εισιν· ελμεις γουν αποκτεινει λεια κατα του ομφαλου επιτιθεμενα· ο δε καρπος αυτης, τουτο δη το εδωδιμον περσικον, υγρον τε εστι και ψυχρον κατα την δευτεραν αποστασιν.",,draft,2,242,242,37,paul_row=403; lemma_gr=μηλέας περσικῆς; edition_pages=2.242
PAUL_AEG-7.3.405,PAUL_AEG,7.3.405,Μηλέας Ἀρμενιακῆς,,,,"Μηλέας Ἀρμενιακῆς ὁ καρπός, ὃν νῦν καλοῦσιν προκόκκια, τῆς αὐτῆς τοῖς περσικοῖς ἐστι δυνάμεως.","μηλεας αρμενιακης ο καρπος, ον νυν καλουσιν προκοκκια, της αυτης τοις περσικοις εστι δυναμεως.",,draft,2,242,242,14,paul_row=404; lemma_gr=μηλέας ἀρμενιακῆς; edition_pages=2.242
PAUL_AEG-7.3.406,PAUL_AEG,7.3.406,Μήου,,,,"Μήου αἱ ῥίζαι θερμαὶ μὲν κατὰ τὴν τρίτην εἰσὶ τάξιν, ξηραὶ δὲ κατὰ τὴν δευτέραν· οὖρά τε οὖν καὶ καταμήνια κινεῖ κεφαλαλγές τε ἐστι πλεῖον λαμβανόμενον.","μηου αι ριζαι θερμαι μεν κατα την τριτην εισι ταξιν, ξηραι δε κατα την δευτεραν· ουρα τε ουν και καταμηνια κινει κεφαλαλγες τε εστι πλειον λαμβανομενον.",,draft,2,242,242,26,paul_row=405; lemma_gr=μήου; edition_pages=2.242
PAUL_AEG-7.3.407,PAUL_AEG,7.3.407,Μῖλαξ,,,,Μῖλαξ ἥ τε λεία καὶ ἡ τραχεῖα τοῖς δένδροις περιπλεκομένη θερμῆς τε καὶ δριμείας εἰσὶ δυνάμεως.,μιλαξ η τε λεια και η τραχεια τοις δενδροις περιπλεκομενη θερμης τε και δριμειας εισι δυναμεως.,,draft,2,242,242,16,paul_row=406; lemma_gr=μῖλαξ; edition_pages=2.242
PAUL_AEG-7.3.408,PAUL_AEG,7.3.408,Μίσυ,,,,"Μίσυ τῶν ἐσχαρωτικῶν τε καὶ καυστικῶν ἐστι φαρμάκων μετὰ στύψεως ἰσχυρᾶς, ἧττον δὲ δάκνει χαλκίτεως τῷ λεπτομερὲς εἶναι. καὶ τὴν χαλκῖτιν δὲ καὶ τὸ σῶρι χρονίζοντά φησιν ὁ Γαληνὸς εἰς μίσυ μεταβάλλειν ἐκ τῆς ἐπιφανείας ἀρχομένης τῆς μεταβολῆς.","μισυ των εσχαρωτικων τε και καυστικων εστι φαρμακων μετα στυψεως ισχυρας, ηττον δε δακνει χαλκιτεως τω λεπτομερες ειναι. και την χαλκιτιν δε και το σωρι χρονιζοντα φησιν ο γαληνος εις μισυ μεταβαλλειν εκ της επιφανειας αρχομενης της μεταβολης.",,draft,2,242,242,38,paul_row=407; lemma_gr=μίσυ; edition_pages=2.242
PAUL_AEG-7.3.409,PAUL_AEG,7.3.409,Μολύβδαινα,,,,Μολύβδαινα λιθαργύρῳ παραπλησίαν ἔχει δύναμιν ἀποκεχωρηκυῖα τῆς μέσης κράσεως ἐπὶ τὸ ψυχρότερον.,μολυβδαινα λιθαργυρω παραπλησιαν εχει δυναμιν αποκεχωρηκυια της μεσης κρασεως επι το ψυχροτερον.,,draft,2,242,242,12,paul_row=408; lemma_gr=μολύβδαινα; edition_pages=2.242
PAUL_AEG-7.3.410,PAUL_AEG,7.3.410,Μόλυβδος,,,,"Μόλυβδος δυνάμεώς ἐστι ψυκτικῆς, ἔχει δὲ καὶ ὑγρὰν οὐσίαν πλείστην ὑπὸ ψύξεως πεπηγυῖαν· τριβομένου γοῦν ἐν αὐτῷ ἢ οἴνου ἢ ὠμοτριβοῦς ἐλαίου ἤ τινος τῶν ψυχόντων χυλῶν πρὸς τὰς περὶ τὰ αἰδοῖα καὶ τὴν ἕδραν ἑλκώδεις φλεγμονὰς ἄριστον ἕξεις φάρμακον. ἔλασμα δὲ μολύβδινον κατὰ τῶν ψοῶν φορούμενον ὀνειρωγμοὺς ἐπέχει· καὶ γαγγλία δὲ διαχεῖ πέταλον ἐπιτιθέμενον αὐτοῖς μολιβοῦν. ὁ δὲ κεκαυμένος μόλυβδος ξηραντικώτερος μέν ἐστιν, ἔχει δέ τι δριμύ· εἰ δὲ πλυθείη, ἀδήκτως τε ξηραίνει καὶ τῶν κακοήθων ἑλκῶν ἀγαθὸν γίνεται φάρμακον.","μολυβδος δυναμεως εστι ψυκτικης, εχει δε και υγραν ουσιαν πλειστην υπο ψυξεως πεπηγυιαν· τριβομενου γουν εν αυτω η οινου η ωμοτριβους ελαιου η τινος των ψυχοντων χυλων προς τας περι τα αιδοια και την εδραν ελκωδεις φλεγμονας αριστον εξεις φαρμακον. ελασμα δε μολυβδινον κατα των ψοων φορουμενον ονειρωγμους επεχει· και γαγγλια δε διαχει πεταλον επιτιθεμενον αυτοις μολιβουν. ο δε κεκαυμενος μολυβδος ξηραντικωτερος μεν εστιν, εχει δε τι δριμυ· ει δε πλυθειη, αδηκτως τε ξηραινει και των κακοηθων ελκων αγαθον γινεται φαρμακον.",,draft,2,242,243,81,paul_row=409; lemma_gr=μόλυβδος; edition_pages=2.242-243
PAUL_AEG-7.3.411,PAUL_AEG,7.3.411,Μορέας,,,,"Μορέας ὁ καρπὸς ὁ μὲν πέπειρος ὑπάγει γαστέρα καὶ τοῖς στομαχικοῖς ἄλλοις τε, ὅσα μετρίας δεῖται στύψεως, χρήσιμός ἐστιν, ὁ δὲ ἄωρος ξηρανθεὶς στεγνωτικὸν ἱκανῶς γίνεται φάρμακον. ὁ δὲ φλοιὸς τῆς ῥίζης τοῦ δένδρου καὶ καθαρτικός ἐστι μετά τινος πικρότητος· ὅθεν πλατεῖαν ἕλμιν κτείνει. τῶν δὲ φύλλων καὶ τῶν βλαστῶν μέση πώς ἐστι τῶν ὑπαγόντων τε καὶ ἐπεχόντων ἡ δύναμις.","μορεας ο καρπος ο μεν πεπειρος υπαγει γαστερα και τοις στομαχικοις αλλοις τε, οσα μετριας δειται στυψεως, χρησιμος εστιν, ο δε αωρος ξηρανθεις στεγνωτικον ικανως γινεται φαρμακον. ο δε φλοιος της ριζης του δενδρου και καθαρτικος εστι μετα τινος πικροτητος· οθεν πλατειαν ελμιν κτεινει. των δε φυλλων και των βλαστων μεση πως εστι των υπαγοντων τε και επεχοντων η δυναμις.",,draft,2,243,243,60,paul_row=410; lemma_gr=μορέας; edition_pages=2.243
PAUL_AEG-7.3.412,PAUL_AEG,7.3.412,Μυάγρου,,,,"Μυάγρου τὸ σπέρμα λιπαρόν ἐστι, τὸ δ' ἐν αὐτῷ ἐλαιῶδες ἐμπλαστικὴν ἔχει δύναμιν.","μυαγρου το σπερμα λιπαρον εστι, το δ' εν αυτω ελαιωδες εμπλαστικην εχει δυναμιν.",,draft,2,243,243,13,paul_row=411; lemma_gr=μυάγρου; edition_pages=2.243
PAUL_AEG-7.3.413,PAUL_AEG,7.3.413,Μύακες,,,,"Μύακες καέντες τὰ αὐτὰ δρῶσι τοῖς κήρυξιν, ἰδιαίτερον δὲ πλυθέντες τραχύτητα βλεφάρων καὶ λευκώματα σμήχουσι σὺν μέλιτι· ἡ δὲ σὰρξ αὐτῶν τοῖς κυνοδήκτοις ὠφελίμως ἐπιτίθεται.","μυακες καεντες τα αυτα δρωσι τοις κηρυξιν, ιδιαιτερον δε πλυθεντες τραχυτητα βλεφαρων και λευκωματα σμηχουσι συν μελιτι· η δε σαρξ αυτων τοις κυνοδηκτοις ωφελιμως επιτιθεται.",,draft,2,243,243,25,paul_row=412; lemma_gr=μύακες; edition_pages=2.243
PAUL_AEG-7.3.414,PAUL_AEG,7.3.414,"Μύαρον, οἱ δὲ μελάμπυκνον",,,,"Μύαρον, οἱ δὲ μελάμπυκνον, πόα φρυγανώδης ἐστὶ καὶ λιπαρά· δοκεῖ δὲ τὸ ἐξ αὐτῆς λίπος ὁμαλίζειν τὰς τοῦ σώματος τραχύτητας.","μυαρον, οι δε μελαμπυκνον, ποα φρυγανωδης εστι και λιπαρα· δοκει δε το εξ αυτης λιπος ομαλιζειν τας του σωματος τραχυτητας.",,draft,2,243,243,20,paul_row=413; lemma_gr=μύαρον:μελάμπυκνον; edition_pages=2.243; derived_from=alias_review
PAUL_AEG-7.3.415,PAUL_AEG,7.3.415,Μυελὸς,,,,"Μυελὸς μαλακτικῆς τῶν σκληρυνομένων τε καὶ σκιρρουμένων σωμάτων ἐστὶ δυνάμεως, κάλλιστος μὲν ὁ τῶν ἐλάφων, ἐφεξῆς δ' αὐτῷ ὁ τῶν μόσχων· ὁ δὲ τῶν ταύρων καὶ τῶν τράγων δριμύτερός ἐστι καὶ ξηραντικώτερος. καὶ ὁ μὲν ἀπὸ τῶν κώλων λιπαρώτερός τε καὶ μαλακτικώτερός ἐστιν, ὁ δὲ τῆς ῥάχεως σκληρότερός τε καὶ αὐχμηρότερος.","μυελος μαλακτικης των σκληρυνομενων τε και σκιρρουμενων σωματων εστι δυναμεως, καλλιστος μεν ο των ελαφων, εφεξης δ' αυτω ο των μοσχων· ο δε των ταυρων και των τραγων δριμυτερος εστι και ξηραντικωτερος. και ο μεν απο των κωλων λιπαρωτερος τε και μαλακτικωτερος εστιν, ο δε της ραχεως σκληροτερος τε και αυχμηροτερος.",,draft,2,243,243,51,paul_row=414; lemma_gr=μυελός; edition_pages=2.243
PAUL_AEG-7.3.416,PAUL_AEG,7.3.416,Μύκητες,,,,"Μύκητες ψυχροὶ καὶ ὑγροὶ τὴν κρᾶσιν ἱκανῶς εἰσιν· τινὲς δὲ αὐτῶν καὶ ἀναιροῦσιν ἐσθιόμενοι, καὶ μάλιστα, ὅσοι αὐτῶν τὴν φύσιν ἐπίμικτον ἔχουσι σηπεδονώδει ποιότητι.","μυκητες ψυχροι και υγροι την κρασιν ικανως εισιν· τινες δε αυτων και αναιρουσιν εσθιομενοι, και μαλιστα, οσοι αυτων την φυσιν επιμικτον εχουσι σηπεδονωδει ποιοτητι.",,draft,2,243,243,24,paul_row=415; lemma_gr=μύκητες; edition_pages=2.243
PAUL_AEG-7.3.417,PAUL_AEG,7.3.417,Μυὸς ὦτα,,,,Μυὸς ὦτα εἴρηται ἀλσίνη.,μυος ωτα ειρηται αλσινη.,,draft,2,243,243,4,paul_row=416; lemma_gr=μυὸς ὦτα; edition_pages=2.243
PAUL_AEG-7.3.418,PAUL_AEG,7.3.418,Μύξα,,,,"Μύξα δένδρου καρπός ἐστι μικρότερος μὲν τῶν κοκκυμήλων, δυνάμει δὲ παραπλήσιος.","μυξα δενδρου καρπος εστι μικροτερος μεν των κοκκυμηλων, δυναμει δε παραπλησιος.",,draft,2,244,244,11,paul_row=417; lemma_gr=μύξα; edition_pages=2.244
PAUL_AEG-7.3.419,PAUL_AEG,7.3.419,Μυρίκη,,,,Μυρίκη τμητικῆς ἐστι καὶ ῥυπτικῆς δυνάμεως ἄνευ τοῦ ξηραίνειν ἐπιφανῶς. ἔχει δέ τινα καὶ στῦψιν· τὸ γοῦν ἀφέψημα αὐτῆς σπλῆνας ὀνίνησι πινόμενον. ἰᾶται δὲ καὶ ὀδονταλγίας. ὁ δὲ καρπὸς καὶ ὁ φλοιὸς αὐτῆς ἐγγύς ἐστι κηκῖδι τὴν δύναμιν· ἡ δὲ τέφρα τοῦ δένδρου ξηραντικωτέρα ἐστίν.,μυρικη τμητικης εστι και ρυπτικης δυναμεως ανευ του ξηραινειν επιφανως. εχει δε τινα και στυψιν· το γουν αφεψημα αυτης σπληνας ονινησι πινομενον. ιαται δε και οδονταλγιας. ο δε καρπος και ο φλοιος αυτης εγγυς εστι κηκιδι την δυναμιν· η δε τεφρα του δενδρου ξηραντικωτερα εστιν.,,draft,2,244,244,45,paul_row=418; lemma_gr=μυρίκη; edition_pages=2.244
PAUL_AEG-7.3.420,PAUL_AEG,7.3.420,Μυριόφυλλον,,,,"Μυριόφυλλον ξηραντικῆς ἐστιν εἰς τοσοῦτον δυνάμεως, ὡς κολλᾶν τραύματα.","μυριοφυλλον ξηραντικης εστιν εις τοσουτον δυναμεως, ως κολλαν τραυματα.",,draft,2,244,244,9,paul_row=419; lemma_gr=μυριόφυλλον; edition_pages=2.244
PAUL_AEG-7.3.421,PAUL_AEG,7.3.421,Μύρρα ἢ μυρρὶς,,,,Μύρρα ἢ μυρρὶς ἐκ τῆς δευτέρας ἐστὶ τῶν θερμαινόντων τάξεως ἔχουσά τι καὶ λεπτομερές. εὐώδης δὲ καὶ γλυκεῖά ἐστιν αὐτῆς ἡ ῥίζα ἐμμήνων τε κινητικὴ καὶ τῶν ἐκ θώρακος καὶ πνεύμονος ἀνακαθαρτική.,μυρρα η μυρρις εκ της δευτερας εστι των θερμαινοντων ταξεως εχουσα τι και λεπτομερες. ευωδης δε και γλυκεια εστιν αυτης η ριζα εμμηνων τε κινητικη και των εκ θωρακος και πνευμονος ανακαθαρτικη.,,draft,2,244,244,32,paul_row=420; lemma_gr=μύρρα:μυρρίς; edition_pages=2.244
PAUL_AEG-7.3.422,PAUL_AEG,7.3.422,Μυρρίνη,,,,"Μυρρίνη ἐξ ἐναντίων οὐσιῶν σύγκειται, κρατεῖ δὲ ἐν αὐτῇ τὸ γεῶδες ψυχρόν· ὅθεν ἰσχυρῶς ξηραίνει. ἡ δὲ μυρτὶς ἡ ἐν τῷ στελέχει καὶ τοῖς κλάδοις αὐτῆς ὀχθώδης ἐπίφυσις ξηραίνει τε καὶ στύφει σφοδρότερον. ἔστι δὲ καὶ τὰ ξηρότερα φύλλα τῶν χλωρῶν ξηραντικώτερα· καὶ ὁ καρπὸς δὲ καὶ ὁ χυλὸς παραπλησίας εἰσὶ δυνάμεως ἔξωθέν τε καὶ εἴσω τοῦ σώματος λαμβανόμενα.","μυρρινη εξ εναντιων ουσιων συγκειται, κρατει δε εν αυτη το γεωδες ψυχρον· οθεν ισχυρως ξηραινει. η δε μυρτις η εν τω στελεχει και τοις κλαδοις αυτης οχθωδης επιφυσις ξηραινει τε και στυφει σφοδροτερον. εστι δε και τα ξηροτερα φυλλα των χλωρων ξηραντικωτερα· και ο καρπος δε και ο χυλος παραπλησιας εισι δυναμεως εξωθεν τε και εισω του σωματος λαμβανομενα.",,draft,2,244,244,59,paul_row=421; lemma_gr=μυρρίνη; edition_pages=2.244
PAUL_AEG-7.3.423,PAUL_AEG,7.3.423,"Μῶλυ, τινὲς δὲ πήγανον ἄγριον, ἄλλοι ἁρμαλάν, Σύροι δὲ βήσασαν",,,,"Μῶλυ, τινὲς δὲ πήγανον ἄγριον, ἄλλοι ἁρμαλάν, Σύροι δὲ βήσασαν, τρίτης ἀποστάσεως τῶν θερμαινόντων ἐστὶ λεπτομερές· ὅθεν καὶ τέμνει τοὺς παχεῖς καὶ γλίσχρους χυμοὺς διαφορεῖ τε καὶ ἐπ' οὔρησιν προτρέπει.","μωλυ, τινες δε πηγανον αγριον, αλλοι αρμαλαν, συροι δε βησασαν, τριτης αποστασεως των θερμαινοντων εστι λεπτομερες· οθεν και τεμνει τους παχεις και γλισχρους χυμους διαφορει τε και επ' ουρησιν προτρεπει.",,draft,2,244,244,30,paul_row=422; lemma_gr=μῶλυ:πήγανον ἄγριον:ἁρμαλά:βήσασα; edition_pages=2.244; derived_from=alias_review
PAUL_AEG-7.3.424,PAUL_AEG,7.3.424,"Ναόκαφθον, οἱ δὲ νάκαφθον",,,,"Ναόκαφθον, οἱ δὲ νάκαφθον, Ἰνδικόν ἐστιν ἄρωμα πρὸς μήτραν ἐστεγνωμένην ὑπατμιζόμενον.","ναοκαφθον, οι δε νακαφθον, ινδικον εστιν αρωμα προς μητραν εστεγνωμενην υπατμιζομενον.",,draft,2,244,244,11,paul_row=423; lemma_gr=ναόκαφθον:νάκαφθον; edition_pages=2.244; derived_from=alias_review
PAUL_AEG-7.3.425,PAUL_AEG,7.3.425,Νᾶπυ,,,,Νᾶπυ θερμαίνει καὶ ξηραίνει κατὰ τὴν τετάρτην ἀπόστασιν.,ναπυ θερμαινει και ξηραινει κατα την τεταρτην αποστασιν.,,draft,2,244,244,8,paul_row=424; lemma_gr=νᾶπυ; edition_pages=2.244
PAUL_AEG-7.3.426,PAUL_AEG,7.3.426,Ναρδόσταχυς,,,,"Ναρδόσταχυς. ἡ ῥίζα ταύτης θερμαίνει μὲν κατὰ τὴν πρώτην ἀπόστασιν, ξηραίνει δὲ κατὰ τὴν δευτέραν, ἔχει δὲ καὶ στῦφόν τι καὶ δριμὺ καὶ ὑπόπικρον· ἥπατι γοῦν ἁρμόττει καὶ στομάχῳ ἔξωθέν τε καὶ εἴσω πινόμενον καὶ οὖρα κινεῖ καὶ τὰ τῶν ἐντὸς ῥεύματα ξηραίνει. ἰσχυροτέρα δέ ἐστιν ἡ Ἰνδικὴ τῆς Συριακῆς καὶ μελαντέρα.","ναρδοσταχυς. η ριζα ταυτης θερμαινει μεν κατα την πρωτην αποστασιν, ξηραινει δε κατα την δευτεραν, εχει δε και στυφον τι και δριμυ και υποπικρον· ηπατι γουν αρμοττει και στομαχω εξωθεν τε και εισω πινομενον και ουρα κινει και τα των εντος ρευματα ξηραινει. ισχυροτερα δε εστιν η ινδικη της συριακης και μελαντερα.",,draft,2,244,245,52,paul_row=425; lemma_gr=ναρδόσταχυς; edition_pages=2.244-245
PAUL_AEG-7.3.427,PAUL_AEG,7.3.427,Νάρδος Κελτικὴ,,,,"Νάρδος Κελτικὴ παραπλησίας μέν ἐστι τῇ λεχθείσῃ δυνάμεως, ἀσθενεστέρα δέ, πλὴν εἰς οὖρα· θερμοτέρα γάρ ἐστιν ἐκείνης καὶ ἧττον στύφουσα.","ναρδος κελτικη παραπλησιας μεν εστι τη λεχθειση δυναμεως, ασθενεστερα δε, πλην εις ουρα· θερμοτερα γαρ εστιν εκεινης και ηττον στυφουσα.",,draft,2,245,245,20,paul_row=426; lemma_gr=νάρδος κελτική; edition_pages=2.245
PAUL_AEG-7.3.428,PAUL_AEG,7.3.428,Νάρδος ὀρεία ἡ καὶ θυλακῖτις καὶ πυρῖτις,,,,Νάρδος ὀρεία ἡ καὶ θυλακῖτις καὶ πυρῖτις λεγομένη τῶν προειρημένων ἐστὶν ἀσθενεστέρα.,ναρδος ορεια η και θυλακιτις και πυριτις λεγομενη των προειρημενων εστιν ασθενεστερα.,,draft,2,245,245,12,paul_row=427; lemma_gr=νάρδος ὀρεία:θυλακῖτις:πυρῖτις; edition_pages=2.245; derived_from=alias_review
PAUL_AEG-7.3.429,PAUL_AEG,7.3.429,Νάρθηκος,,,,"Νάρθηκος τὸ σπέρμα μὲν λεπτύνει καὶ θερμαίνει, τὸ δὲ ἐντὸς χλωρὸν ἔτι στύφει· δι' ὃ αἱμοπτυικοῖς τε καὶ κοιλιακοῖς ἁρμόττει.","ναρθηκος το σπερμα μεν λεπτυνει και θερμαινει, το δε εντος χλωρον ετι στυφει· δι' ο αιμοπτυικοις τε και κοιλιακοις αρμοττει.",,draft,2,245,245,20,paul_row=428; lemma_gr=νάρθηκος; edition_pages=2.245
PAUL_AEG-7.3.430,PAUL_AEG,7.3.430,Νάρκη θαλασσία,,,,"Νάρκη θαλασσία τοῖς κεφαλαλγοῦσιν ἔτι ζῶσα προστιθεμένη κατὰ τῆς κεφαλῆς ἀνωδυνίαν ἐργάζεται, ἴσως αὐτῷ δὴ τούτῳ τῷ ναρκοῦν. καὶ τὸ ἔλαιον δέ, ἐν ᾧ ζῶσα ἐνηψήθη, τὰ δριμύτερα τῶν ἀρθριτικῶν ἀλγημάτων παραμυθεῖται χριόμενον. ἕδραν δὲ προπεσοῦσαν προσστέλλειν αὐτήν φασι προστιθεμένην.","ναρκη θαλασσια τοις κεφαλαλγουσιν ετι ζωσα προστιθεμενη κατα της κεφαλης ανωδυνιαν εργαζεται, ισως αυτω δη τουτω τω ναρκουν. και το ελαιον δε, εν ω ζωσα ενηψηθη, τα δριμυτερα των αρθριτικων αλγηματων παραμυθειται χριομενον. εδραν δε προπεσουσαν προσστελλειν αυτην φασι προστιθεμενην.",,draft,2,245,245,40,paul_row=429; lemma_gr=νάρκη θαλασσία; edition_pages=2.245
PAUL_AEG-7.3.431,PAUL_AEG,7.3.431,Ναρκίσσου,,,,"Ναρκίσσου ἡ ῥίζα ξηραντικῆς ἐστι δυνάμεως, ὡς κολλᾶν τραύματα μέγιστα μέχρι καὶ τῶν κατὰ τοὺς τένοντας διακοπῶν· ἔχει δέ τι καὶ ῥυπτικὸν καὶ ἐπισπαστικόν.","ναρκισσου η ριζα ξηραντικης εστι δυναμεως, ως κολλαν τραυματα μεγιστα μεχρι και των κατα τους τενοντας διακοπων· εχει δε τι και ρυπτικον και επισπαστικον.",,draft,2,245,245,24,paul_row=430; lemma_gr=ναρκίσσου; edition_pages=2.245
PAUL_AEG-7.3.432,PAUL_AEG,7.3.432,"Νευράς, οἱ δὲ ποτήριον",,,,"Νευράς, οἱ δὲ ποτήριον, ξηραντικῆς ἐστιν ἀδήκτου δυνάμεως, ὡς καὶ αὐτὴν νεῦρα διακοπέντα κολλᾶν· αἱ ῥίζαι δὲ μάλιστα τοῦτο δρῶσιν ἐπιτιθέμεναί τε καὶ πινόμεναι.","νευρας, οι δε ποτηριον, ξηραντικης εστιν αδηκτου δυναμεως, ως και αυτην νευρα διακοπεντα κολλαν· αι ριζαι δε μαλιστα τουτο δρωσιν επιτιθεμεναι τε και πινομεναι.",,draft,2,245,245,24,paul_row=431; lemma_gr=νευράς:ποτήριον; edition_pages=2.245; derived_from=alias_review
PAUL_AEG-7.3.433,PAUL_AEG,7.3.433,Νήριον ἢ ῥοδοδάφνη,,,,"Νήριον ἢ ῥοδοδάφνη ἔξωθεν μὲν καταπλασσομένη διαφορητικῆς ἐστι δυνάμεως, εἴσω δὲ λαμβανομένη ἀναιρεῖ.","νηριον η ροδοδαφνη εξωθεν μεν καταπλασσομενη διαφορητικης εστι δυναμεως, εισω δε λαμβανομενη αναιρει.",,draft,2,245,245,13,paul_row=432; lemma_gr=νήριον:ῥοδοδάφνη; edition_pages=2.245
PAUL_AEG-7.3.434,PAUL_AEG,7.3.434,Νυμφαία,,,,"Νυμφαία δυνάμεώς ἐστι ξηραντικῆς ἀδήκτου· ἐπέχει τοιγαροῦν καὶ τὴν γαστέρα καὶ τὸ σπέρμα ξηραίνει. ἀλλ' ἡ μὲν τὴν λευκὴν ἔχουσα ῥίζαν ἰσχυροτέρα ἐστίν, ὥστε καὶ ῥοῦν γυναικεῖον ἰᾶσθαι πινομένη σὺν οἴνῳ μέλανι αὐστηρῷ· ἡ δὲ τὴν μέλαιναν ἔχει τι καὶ ῥυπτικόν, ὡς ἀλφούς τε μεθ' ὕδατος ἰᾶσθαι καὶ ἀλωπεκίας μετὰ πίττης ὑγρᾶς χριομένη.","νυμφαια δυναμεως εστι ξηραντικης αδηκτου· επεχει τοιγαρουν και την γαστερα και το σπερμα ξηραινει. αλλ' η μεν την λευκην εχουσα ριζαν ισχυροτερα εστιν, ωστε και ρουν γυναικειον ιασθαι πινομενη συν οινω μελανι αυστηρω· η δε την μελαιναν εχει τι και ρυπτικον, ως αλφους τε μεθ' υδατος ιασθαι και αλωπεκιας μετα πιττης υγρας χριομενη.",,draft,2,245,245,53,paul_row=433; lemma_gr=νυμφαία; edition_pages=2.245
PAUL_AEG-7.3.435,PAUL_AEG,7.3.435,Ξάνθιον ἢ φασγάνιον,,,,Ξάνθιον ἢ φασγάνιον τὸν καρπὸν ἔχει διαφορητικῆς δυνάμεως.,ξανθιον η φασγανιον τον καρπον εχει διαφορητικης δυναμεως.,,draft,2,246,246,8,paul_row=434; lemma_gr=ξάνθιον:φασγάνιον; edition_pages=2.246
PAUL_AEG-7.3.436,PAUL_AEG,7.3.436,Ξιρὶς ἢ ξυρὶς,,,,"Ξιρὶς ἢ ξυρὶς λεπτομεροῦς τε καὶ διαφορητικῆς καὶ ἑλκτικῆς ἐστι δυνάμεως καὶ δηλονότι καὶ ξηραντικῆς, καὶ μᾶλλον τὸ σπέρμα, ὥστε καὶ οὐρητικὸν εἶναι καὶ σπλῆνα σκιρρούμενον ἰᾶσθαι.","ξιρις η ξυρις λεπτομερους τε και διαφορητικης και ελκτικης εστι δυναμεως και δηλονοτι και ξηραντικης, και μαλλον το σπερμα, ωστε και ουρητικον ειναι και σπληνα σκιρρουμενον ιασθαι.",,draft,2,246,246,27,paul_row=435; lemma_gr=ξιρίς:ξυρίς; edition_pages=2.246
PAUL_AEG-7.3.437,PAUL_AEG,7.3.437,Ξιφίου ἡ ῥίζα,,,,Ξιφίου ἡ ῥίζα ἑλκτικῆς τέ ἐστι καὶ διαφορητικῆς καὶ ξηραντικῆς δυνάμεως.,ξιφιου η ριζα ελκτικης τε εστι και διαφορητικης και ξηραντικης δυναμεως.,,draft,2,246,246,11,paul_row=436; lemma_gr=ξιφίου ἡ ῥίζα; edition_pages=2.246
PAUL_AEG-7.3.438,PAUL_AEG,7.3.438,Ὄη,,,,"Ὄη τὸ δένδρον, οὗ ὁ καρπὸς ὄα καλεῖται, ὑπό τινων δὲ οὖα, στυπτικῆς ἐστι δυνάμεως, ἀλλ' ἧττον μεσπίλου.","οη το δενδρον, ου ο καρπος οα καλειται, υπο τινων δε ουα, στυπτικης εστι δυναμεως, αλλ' ηττον μεσπιλου.",,draft,2,246,246,18,paul_row=437; lemma_gr=ὄη; edition_pages=2.246
PAUL_AEG-7.3.439,PAUL_AEG,7.3.439,Ὀθόνναν,,,,"Ὀθόνναν οἱ μέν φασι πόας εἶναι χυλὸν ἐν τῇ κατ' Αἴγυπτον Ἀραβίᾳ φυομένης, οἱ δὲ λίθον Αἰγύπτιον· ῥύπτει δὲ καὶ δάκνει πάντα τὰ ἐπισκοτοῦντα ταῖς κόραις ἀποσμήχουσα.","οθονναν οι μεν φασι ποας ειναι χυλον εν τη κατ' αιγυπτον αραβια φυομενης, οι δε λιθον αιγυπτιον· ρυπτει δε και δακνει παντα τα επισκοτουντα ταις κοραις αποσμηχουσα.",,draft,2,246,246,27,paul_row=438; lemma_gr=ὀθόνναν; edition_pages=2.246
PAUL_AEG-7.3.440,PAUL_AEG,7.3.440,Οἰνάνθη,,,,Οἰνάνθη. ἡ μὲν πλείστη χρῆσις τῆς ἀγρίας ἀμπέλου τὸ ἄνθος οἶδε στυπτικὸν ἱκανῶς ὑπάρχον καὶ τονωτικὸν μάλιστα τῶν περὶ κοιλίαν· ὁ δὲ Διοσκουρίδης ἑτέραν ὑπογράφει ταύτῃ ἐναντίαν τὴν δύναμιν ἔχουσαν· ὅθεν δεύτερά φησιν ἐκβάλλειν αὐτὴν καὶ στραγγουρίαν καὶ ἴκτερον ἰᾶσθαι.,οινανθη. η μεν πλειστη χρησις της αγριας αμπελου το ανθος οιδε στυπτικον ικανως υπαρχον και τονωτικον μαλιστα των περι κοιλιαν· ο δε διοσκουριδης ετεραν υπογραφει ταυτη εναντιαν την δυναμιν εχουσαν· οθεν δευτερα φησιν εκβαλλειν αυτην και στραγγουριαν και ικτερον ιασθαι.,,draft,2,246,246,40,paul_row=439; lemma_gr=οἰνάνθη; edition_pages=2.246
PAUL_AEG-7.3.441,PAUL_AEG,7.3.441,Οἶνος,,,,"Οἶνος ἐκ τῆς δευτέρας τάξεώς ἐστι τῶν θερμαινόντων καὶ ξηραινόντων, ὁ δὲ ἱκανῶς παλαιὸς τῆς τρίτης, ὁ δὲ γλευκινίτης τῆς πρώτης.","οινος εκ της δευτερας ταξεως εστι των θερμαινοντων και ξηραινοντων, ο δε ικανως παλαιος της τριτης, ο δε γλευκινιτης της πρωτης.",,draft,2,246,246,21,paul_row=440; lemma_gr=οἶνος; edition_pages=2.246
PAUL_AEG-7.3.442,PAUL_AEG,7.3.442,Οἴσυπος,,,,Οἴσυπος ἐν τῷ περὶ τῶν ἐρίων εἴρηται λόγῳ.,οισυπος εν τω περι των εριων ειρηται λογω.,,draft,2,246,246,8,paul_row=441; lemma_gr=οἴσυπος; edition_pages=2.246
PAUL_AEG-7.3.443,PAUL_AEG,7.3.443,Ὄλυνθοι,,,,"Ὄλυνθοι δριμείας εἰσὶ καὶ διαφορητικῆς δυνάμεως διὰ τὸν ἐν αὐτοῖς ὀπόν. ἑψηθέντες μὲν οὖν τοὺς σκληροὺς ὄγκους διαφοροῦσιν, ὠμοὶ δὲ μυρμηκίας τε καὶ θύμους ἐκβάλλουσιν.","ολυνθοι δριμειας εισι και διαφορητικης δυναμεως δια τον εν αυτοις οπον. εψηθεντες μεν ουν τους σκληρους ογκους διαφορουσιν, ωμοι δε μυρμηκιας τε και θυμους εκβαλλουσιν.",,draft,2,246,246,25,paul_row=442; lemma_gr=ὄλυνθοι; edition_pages=2.246
PAUL_AEG-7.3.444,PAUL_AEG,7.3.444,Ὀλόστιον,,,,Ὀλόστιον ξηραντικῆς ἐστι δυνάμεως μετὰ τοῦ στύφειν· ὅθεν αὐτῷ καὶ πρὸς τὰ ῥήγματα χρῶνται.,ολοστιον ξηραντικης εστι δυναμεως μετα του στυφειν· οθεν αυτω και προς τα ρηγματα χρωνται.,,draft,2,247,247,14,paul_row=443; lemma_gr=ὀλόστιον; edition_pages=2.247
PAUL_AEG-7.3.445,PAUL_AEG,7.3.445,Ὀμφάκιον,,,,"Ὀμφάκιον ὁ χυλός ἐστι τῆς ὄμφακος σταφυλῆς, στῦφον ἱκανῶς καὶ ξηραῖνον κατὰ τὴν τρίτην ἀπόστασιν· ὅθεν τοῖς ῥοώδεσι τῶν παθῶν, καὶ μάλιστα τοῖς στοματικοῖς, ἁρμόττει.","ομφακιον ο χυλος εστι της ομφακος σταφυλης, στυφον ικανως και ξηραινον κατα την τριτην αποστασιν· οθεν τοις ροωδεσι των παθων, και μαλιστα τοις στοματικοις, αρμοττει.",,draft,2,247,247,25,paul_row=444; lemma_gr=ὀμφάκιον; edition_pages=2.247
PAUL_AEG-7.3.446,PAUL_AEG,7.3.446,"Ὄναγρα, οἱ δὲ ὀνοθήραν, ἄλλοι ὀνοθοῦριν",,,,"Ὄναγρα, οἱ δὲ ὀνοθήραν, ἄλλοι ὀνοθοῦριν, θάμνος ἐστὶ δενδρώδης, οὗ ἡ ῥίζα καταπλασθεῖσα τὰ θηριώδη τῶν ἑλκῶν πραΰνει.","οναγρα, οι δε ονοθηραν, αλλοι ονοθουριν, θαμνος εστι δενδρωδης, ου η ριζα καταπλασθεισα τα θηριωδη των ελκων πραυνει.",,draft,2,247,247,18,paul_row=445; lemma_gr=ὄναγρα:ὀνοθήρα:ὀνοθοῦρις; edition_pages=2.247; derived_from=alias_review
PAUL_AEG-7.3.447,PAUL_AEG,7.3.447,Ὄνομα ἢ ὀνομὶς ἢ φλομῖτις ἢ ὄνωνις,,,,Ὄνομα ἢ ὀνομὶς ἢ φλομῖτις ἢ ὄνωνις δριμεῖα καὶ πικρά ἐστιν· ὅθεν τὰ φύλλα αὐτῆς πινόμενα σὺν οἴνῳ κτείνει τε καὶ ἐκβάλλει ἔμβρυα.,ονομα η ονομις η φλομιτις η ονωνις δριμεια και πικρα εστιν· οθεν τα φυλλα αυτης πινομενα συν οινω κτεινει τε και εκβαλλει εμβρυα.,,draft,2,247,247,23,paul_row=446; lemma_gr=ὄνομα:ὀνομίς:φλομῖτις:ὄνωνις; edition_pages=2.247
PAUL_AEG-7.3.448,PAUL_AEG,7.3.448,Ὀνοβρυχὶς,,,,Ὀνοβρυχὶς ἀραιωτικῆς καὶ διαφορητικῆς ἐστι δυνάμεως· φύματα γοῦν διαφορεῖ καὶ στραγγουρίας ἰᾶται καὶ ἱδρῶτας προκαλεῖται.,ονοβρυχις αραιωτικης και διαφορητικης εστι δυναμεως· φυματα γουν διαφορει και στραγγουριας ιαται και ιδρωτας προκαλειται.,,draft,2,247,247,15,paul_row=447; lemma_gr=ὀνοβρυχίς; edition_pages=2.247
PAUL_AEG-7.3.449,PAUL_AEG,7.3.449,Ὄνοι,,,,Ὄνοι οἱ ὑπὸ ταῖς ὑδρίαις οἱ σφαιρούμενοι διαφορητικῆς τε καὶ ξηραντικῆς εἰσι δυνάμεως· ποθέντες γοῦν σὺν οἴνῳ δυσουρίας τε καὶ ἴκτερον ἰῶνται ἐπὶ κυναγχικῶν τε διαχρίονται μετὰ μέλιτος· καὶ πρὸς ὠταλγίαν δὲ λεῖοι σὺν ῥοδίνῳ θερμανθέντες ἐν κελύφει ῥοιᾶς ἐνστάζονται.,ονοι οι υπο ταις υδριαις οι σφαιρουμενοι διαφορητικης τε και ξηραντικης εισι δυναμεως· ποθεντες γουν συν οινω δυσουριας τε και ικτερον ιωνται επι κυναγχικων τε διαχριονται μετα μελιτος· και προς ωταλγιαν δε λειοι συν ροδινω θερμανθεντες εν κελυφει ροιας ενσταζονται.,,draft,2,247,247,40,paul_row=448; lemma_gr=ὄνοι; edition_pages=2.247
PAUL_AEG-7.3.450,PAUL_AEG,7.3.450,Ὄνυχες,,,,"Ὄνυχες πώματά εἰσι κογχυλίων Ἰνδικῶν, οἳ θυμιαθέντες ἐγείρουσι τάς τε ὑστερικῶς πνιγομένας καὶ ἐπιληπτικούς, ποθέντες δὲ κοιλίαν ταράσσουσιν.","ονυχες πωματα εισι κογχυλιων ινδικων, οι θυμιαθεντες εγειρουσι τας τε υστερικως πνιγομενας και επιληπτικους, ποθεντες δε κοιλιαν ταρασσουσιν.",,draft,2,247,247,18,paul_row=449; lemma_gr=ὄνυχες; edition_pages=2.247
PAUL_AEG-7.3.451,PAUL_AEG,7.3.451,Ὀνωνὶς,,,,"Ὀνωνὶς ῥίζαν ἔχει θερμαντικὴν ἤδη που κατὰ τὴν τρίτην τάξιν, ὁ δὲ φλοιὸς αὐτῆς ῥύπτει τε καὶ τέμνει· ὅθεν καὶ λίθων θρυπτικός ἐστιν.","ονωνις ριζαν εχει θερμαντικην ηδη που κατα την τριτην ταξιν, ο δε φλοιος αυτης ρυπτει τε και τεμνει· οθεν και λιθων θρυπτικος εστιν.",,draft,2,247,247,23,paul_row=450; lemma_gr=ὀνωνίς; edition_pages=2.247
PAUL_AEG-7.3.452,PAUL_AEG,7.3.452,Ὄξος,,,,"Ὄξος μικτῆς μέν ἐστι δυνάμεως, ψυχρᾶς καὶ θερμῆς, ἀμφοῖν λεπτομερῶν, ἐπικρατεῖ δὲ τῆς θερμῆς ἡ ψυχρά· ξηραντικὸν δὲ τῆς τρίτης ἐστὶ τάξεως.","οξος μικτης μεν εστι δυναμεως, ψυχρας και θερμης, αμφοιν λεπτομερων, επικρατει δε της θερμης η ψυχρα· ξηραντικον δε της τριτης εστι ταξεως.",,draft,2,247,247,22,paul_row=451; lemma_gr=ὄξος; edition_pages=2.247
PAUL_AEG-7.3.453,PAUL_AEG,7.3.453,Ὀξυάκανθος,,,,Ὀξυάκανθος τὸ δένδρον ἀχράδι παραπλήσιόν ἐστι τὴν ἰδέαν τε καὶ τὴν δύναμιν ἔχον τι καὶ λεπτομερές· ὁ δὲ καρπὸς αὐτοῦ τοῖς μύρτοις ἔοικεν.,οξυακανθος το δενδρον αχραδι παραπλησιον εστι την ιδεαν τε και την δυναμιν εχον τι και λεπτομερες· ο δε καρπος αυτου τοις μυρτοις εοικεν.,,draft,2,247,247,23,paul_row=452; lemma_gr=ὀξυάκανθος; edition_pages=2.247
PAUL_AEG-7.3.454,PAUL_AEG,7.3.454,Ὄπιον,,,,Ὄπιον ἐν τῷ περὶ μήκωνος εἴρηται.,οπιον εν τω περι μηκωνος ειρηται.,,draft,2,248,248,6,paul_row=453; lemma_gr=ὄπιον; edition_pages=2.248
PAUL_AEG-7.3.455,PAUL_AEG,7.3.455,Ὀπὸς,,,,Ὀπὸς ὅ τε Κυρηναϊκὸς καὶ ὁ Μηδικὸς καὶ ὁ Συριακὸς καθ' ὑπεροχὴν λέγονται θερμοί τε ἱκανῶς ὄντες καὶ πνευματώδεις. ὁ δὲ Κυρηναῖος ἁπάντων ἐστὶ θερμότερός τε καὶ λεπτομερέστερος.,οπος ο τε κυρηναικος και ο μηδικος και ο συριακος καθ' υπεροχην λεγονται θερμοι τε ικανως οντες και πνευματωδεις. ο δε κυρηναιος απαντων εστι θερμοτερος τε και λεπτομερεστερος.,,draft,2,248,248,28,paul_row=454; lemma_gr=ὀπός; edition_pages=2.248
PAUL_AEG-7.3.456,PAUL_AEG,7.3.456,Ὀρίγανοι,,,,Ὀρίγανοι πᾶσαι τμητικῆς τε καὶ λεπτυντικῆς καὶ ξηραντικῆς καὶ θερμαντικῆς εἰσι δυνάμεως κατὰ τὴν τρίτην ἀπόστασιν.,οριγανοι πασαι τμητικης τε και λεπτυντικης και ξηραντικης και θερμαντικης εισι δυναμεως κατα την τριτην αποστασιν.,,draft,2,248,248,16,paul_row=455; lemma_gr=ὀρίγανοι; edition_pages=2.248
PAUL_AEG-7.3.457,PAUL_AEG,7.3.457,Ὀρεοσέλινον,,,,"Ὀρεοσέλινον παραπλήσιόν ἐστι σελίνῳ τὴν δύναμιν, ἰσχυρότερον δέ.","ορεοσελινον παραπλησιον εστι σελινω την δυναμιν, ισχυροτερον δε.",,draft,2,248,248,8,paul_row=456; lemma_gr=ὀρεοσέλινον; edition_pages=2.248
PAUL_AEG-7.3.458,PAUL_AEG,7.3.458,Ὀροβάκχη,,,,Ὀροβάκχη ξηρᾶς καὶ ψυχρᾶς ἐστι κράσεως κατὰ τὴν πρώτην τάξιν.,οροβακχη ξηρας και ψυχρας εστι κρασεως κατα την πρωτην ταξιν.,,draft,2,248,248,10,paul_row=457; lemma_gr=ὀροβάκχη; edition_pages=2.248
PAUL_AEG-7.3.459,PAUL_AEG,7.3.459,Ὄροβος,,,,"Ὄροβος θερμαίνει μὲν κατὰ τὴν πρώτην τάξιν, ξηραίνει δὲ κατὰ τὴν δευτέραν, ἔστι δὲ καὶ πικρός· δι' ὃ τέμνει τε καὶ ῥύπτει καὶ ἐκφράττει, πλείων δὲ ληφθεὶς αἷμα δι' οὔρων ἄγει.","οροβος θερμαινει μεν κατα την πρωτην ταξιν, ξηραινει δε κατα την δευτεραν, εστι δε και πικρος· δι' ο τεμνει τε και ρυπτει και εκφραττει, πλειων δε ληφθεις αιμα δι' ουρων αγει.",,draft,2,248,248,31,paul_row=458; lemma_gr=ὄροβος; edition_pages=2.248
PAUL_AEG-7.3.460,PAUL_AEG,7.3.460,Ὅρμινον,,,,Ὅρμινον παραπλήσιόν ἐστι πρασίῳ τὴν ἰδέαν θερμόν τε καὶ μετρίως ξηρὸν καὶ ῥυπτικόν· συνουσίας τε γοῦν παρορμᾷ καὶ ἀποκαθαίρει σὺν μέλιτι τὰς τῶν ὀφθαλμῶν παχύτητας καὶ οἰδήματα διαφορεῖ καὶ σκόλοπας ἐπισπᾶται. τὸ δὲ ἄγριον ἰσχυρότερόν ἐστι τοῦ ἡμέρου.,ορμινον παραπλησιον εστι πρασιω την ιδεαν θερμον τε και μετριως ξηρον και ρυπτικον· συνουσιας τε γουν παρορμα και αποκαθαιρει συν μελιτι τας των οφθαλμων παχυτητας και οιδηματα διαφορει και σκολοπας επισπαται. το δε αγριον ισχυροτερον εστι του ημερου.,,draft,2,248,248,38,paul_row=459; lemma_gr=ὅρμινον; edition_pages=2.248
PAUL_AEG-7.3.461,PAUL_AEG,7.3.461,Ὄρυζα,,,,Ὄρυζα ἔχει τι στυπτικόν· δι' ὃ καὶ γαστέρα μετρίως ἐπέχει.,ορυζα εχει τι στυπτικον· δι' ο και γαστερα μετριως επεχει.,,draft,2,248,248,10,paul_row=460; lemma_gr=ὄρυζα; edition_pages=2.248
PAUL_AEG-7.3.462,PAUL_AEG,7.3.462,Ὄρχις,,,,"Ὄρχις ἡ πόα, ὀνομάζεται δὲ καὶ κυνὸς ὄρχις, βολβοειδῆ ῥίζαν ἔχουσα διπλῆν, δύναμιν δὲ τῆς μὲν μείζονος ὑγρὰν καὶ θερμήν· δι' ὃ καὶ εἰς συνουσίας παρορμᾷ· τῆς δὲ ἐλάσσονος θερμὴ καὶ ξηρά· τοὐναντίον γοῦν ἐπέχει τὰς συνουσίας.","ορχις η ποα, ονομαζεται δε και κυνος ορχις, βολβοειδη ριζαν εχουσα διπλην, δυναμιν δε της μεν μειζονος υγραν και θερμην· δι' ο και εις συνουσιας παρορμα· της δε ελασσονος θερμη και ξηρα· τουναντιον γουν επεχει τας συνουσιας.",,draft,2,248,248,37,paul_row=461; lemma_gr=ὄρχις; edition_pages=2.248
PAUL_AEG-7.3.463,PAUL_AEG,7.3.463,"Ὄρχις ἡ καὶ σαραπιάς, οἱ δὲ τρίορχιν",,,,"Ὄρχις ἡ καὶ σαραπιάς, οἱ δὲ τρίορχιν, ξηραίνει μᾶλλον τῆς προτέρας· οἰδήματα γοῦν διαφορεῖ καὶ ἕλκη τὰ ῥυπαρὰ καὶ σηπεδονώδη καθαίρει καὶ ἕρπητας ἰᾶται· ξηρανθεῖσα δὲ μᾶλλον ξηραίνει. διὰ δὲ τὸ ὑποστύφειν καὶ κοιλίαν ἐπέχει μετ' οἴνου πινομένη.","ορχις η και σαραπιας, οι δε τριορχιν, ξηραινει μαλλον της προτερας· οιδηματα γουν διαφορει και ελκη τα ρυπαρα και σηπεδονωδη καθαιρει και ερπητας ιαται· ξηρανθεισα δε μαλλον ξηραινει. δια δε το υποστυφειν και κοιλιαν επεχει μετ' οινου πινομενη.",,draft,2,248,248,38,paul_row=462; lemma_gr=ὄρχις:σαραπιάς:τρίορχις; edition_pages=2.248; derived_from=alias_review
PAUL_AEG-7.3.464,PAUL_AEG,7.3.464,Ὄσιρις,,,,"Ὄσιρις, ἐξ ἧς τὰ κορήματα γίνεται, πικρὰ καὶ ἐκφρακτικὴ τῶν καθ' ἧπάρ ἐστιν.","οσιρις, εξ ης τα κορηματα γινεται, πικρα και εκφρακτικη των καθ' ηπαρ εστιν.",,draft,2,248,248,13,paul_row=463; lemma_gr=ὄσιρις; edition_pages=2.248
PAUL_AEG-7.3.465,PAUL_AEG,7.3.465,Ὀστᾶ κεκαυμένα,,,,"Ὀστᾶ κεκαυμένα διαφορητικῆς καὶ ξηραντικῆς ἱκανῶς εἰσι δυνάμεως, μάλιστα δέ, φασί, τὰ τῶν ἀνθρώπων. τόν γε μὴν ὕειον ἀστράγαλον κεκαυμένον ἐμπνευματώσεις καὶ στρόφους ἰᾶσθαί φασι. καί τις ὀστᾶ κεκαυμένα διδοὺς πίνειν ἐπιληψίαν τε καὶ ἀρθρῖτιν θεραπεύει. τὸν δὲ βόειον ἀστράγαλον καυθέντα σειομένους φασὶν ἱστᾶν ὀδόντας, μετὰ μέλιτος δὲ πινόμενος ἐξάγει τὰς στρογγύλας ἕλμινθας, μετ' ὀξυμέλιτος δὲ σπλῆνα τήκει καὶ τὰς λεύκας καταχριόμενος ὠφελεῖ ἀφροδισιαστικός τέ ἐστιν. καὶ οἱ μηροὶ δὲ τοῦ βοὸς πινόμενοι κεκαυμένοι αἱμορραγίας τε καὶ ῥύσιν κοιλίας ἱστᾶσιν.","οστα κεκαυμενα διαφορητικης και ξηραντικης ικανως εισι δυναμεως, μαλιστα δε, φασι, τα των ανθρωπων. τον γε μην υειον αστραγαλον κεκαυμενον εμπνευματωσεις και στροφους ιασθαι φασι. και τις οστα κεκαυμενα διδους πινειν επιληψιαν τε και αρθριτιν θεραπευει. τον δε βοειον αστραγαλον καυθεντα σειομενους φασιν ισταν οδοντας, μετα μελιτος δε πινομενος εξαγει τας στρογγυλας ελμινθας, μετ' οξυμελιτος δε σπληνα τηκει και τας λευκας καταχριομενος ωφελει αφροδισιαστικος τε εστιν. και οι μηροι δε του βοος πινομενοι κεκαυμενοι αιμορραγιας τε και ρυσιν κοιλιας ιστασιν.",,draft,2,248,249,80,paul_row=464; lemma_gr=ὀστᾶ κεκαυμένα; edition_pages=2.248-249
PAUL_AEG-7.3.466,PAUL_AEG,7.3.466,Ὄστρακα,,,,"Ὄστρακα τὰ ἐκ τῶν ἰπνῶν λεῖα ξηραντικῆς τε καὶ ῥυπτικῆς εἰσι δυνάμεως· ὅθεν ὀδόντας σμήχει καὶ ἐπιχριόμενα σὺν ὄξει κνησμοὺς καὶ ἐξανθήματα καὶ ποδαγρικοὺς ὠφελεῖ, σὺν κηρωτῇ δὲ χοιράδας διαφορεῖ.","οστρακα τα εκ των ιπνων λεια ξηραντικης τε και ρυπτικης εισι δυναμεως· οθεν οδοντας σμηχει και επιχριομενα συν οξει κνησμους και εξανθηματα και ποδαγρικους ωφελει, συν κηρωτη δε χοιραδας διαφορει.",,draft,2,249,249,30,paul_row=465; lemma_gr=ὄστρακα; edition_pages=2.249
PAUL_AEG-7.3.467,PAUL_AEG,7.3.467,Ὀστρέων τὸ ὄστρακον καυθέν,,,,"Ὀστρέων τὸ ὄστρακον καυθὲν παραπλησίας ἐστὶ τῷ τῶν κηρύκων δυνάμεως, ἧττον δὲ παχυμεροῦς· ῥύπτει τε γοῦν τὰ περὶ τὸ πρόσωπον καὶ ὀδόντας λευκαίνει. πλυνόμενον δὲ ἄδηκτον γίνεται καὶ τοῖς ὑγροῖς ἕλκεσι χρήσιμον εἰς πλήρωσίν τε καὶ συνούλωσιν.","οστρεων το οστρακον καυθεν παραπλησιας εστι τω των κηρυκων δυναμεως, ηττον δε παχυμερους· ρυπτει τε γουν τα περι το προσωπον και οδοντας λευκαινει. πλυνομενον δε αδηκτον γινεται και τοις υγροις ελκεσι χρησιμον εις πληρωσιν τε και συνουλωσιν.",,draft,2,249,249,37,paul_row=466; lemma_gr=ὀστρέων τὸ ὄστρακον καυθέν; edition_pages=2.249
PAUL_AEG-7.3.468,PAUL_AEG,7.3.468,Οὖρον,,,,"Οὖρον ἅπαν θερμόν ἐστι καὶ δριμύ, ἀλλὰ τὸ μὲν τῶν ἀνθρώπων ἀσθενέστερον [τε] τοῦ τῶν ἄλλων ζῴων ἐστὶν πλὴν τῶν εὐνούχων ὑῶν, ῥυπτικὸν δὲ ἱκανῶς· ὃ καί τινες ἐν λοιμῷ πιόντες ἐσώθησαν, λέπρας τε καὶ τὰ σηπεδονώδη τῶν ἑλκῶν καὶ ἀχῶρας καὶ πίτυρα θεραπεύει καὶ τὰ προσπταίσματα τῶν ποδῶν, ὅτε μὴ φλεγμαίνοι. τὸ δὲ τῶν ἀφθόρων παίδων ἰσχυρότερον, ἐξ οὗ καὶ ἡ χρυσοκόλλα γίνεται· τὸ δὲ τῶν ἡμιόνων ἀρθριτικαῖς ἁρμόττει δυνάμεσιν.","ουρον απαν θερμον εστι και δριμυ, αλλα το μεν των ανθρωπων ασθενεστερον [τε] του των αλλων ζωων εστιν πλην των ευνουχων υων, ρυπτικον δε ικανως· ο και τινες εν λοιμω πιοντες εσωθησαν, λεπρας τε και τα σηπεδονωδη των ελκων και αχωρας και πιτυρα θεραπευει και τα προσπταισματα των ποδων, οτε μη φλεγμαινοι. το δε των αφθορων παιδων ισχυροτερον, εξ ου και η χρυσοκολλα γινεται· το δε των ημιονων αρθριτικαις αρμοττει δυναμεσιν.",,draft,2,249,249,71,paul_row=467; lemma_gr=οὖρον; edition_pages=2.249
PAUL_AEG-7.3.469,PAUL_AEG,7.3.469,Παγκράτιον,,,,"Παγκράτιον σκίλλῃ τὴν ἰδέαν τε καὶ τὴν δύναμιν ἔοικεν, ἀσθενέστερον δέ ἐστιν.","παγκρατιον σκιλλη την ιδεαν τε και την δυναμιν εοικεν, ασθενεστερον δε εστιν.",,draft,2,249,249,12,paul_row=468; lemma_gr=παγκράτιον; edition_pages=2.249
PAUL_AEG-7.3.470,PAUL_AEG,7.3.470,Παλιούρου,,,,"Παλιούρου τὰ φύλλα καὶ ἡ ῥίζα στύφει μέν, ὅθεν καὶ ῥέουσαν ἵστησι γαστέρα, καὶ διαφορεῖ δὲ φύματα μὴ λίαν θερμά· ὁ δὲ καρπὸς τέμνει τοσοῦτον, ὡς καὶ λίθους θρύπτειν καὶ ταῖς ἐκ θώρακος βοηθεῖν ἀναπτύσεσιν.","παλιουρου τα φυλλα και η ριζα στυφει μεν, οθεν και ρεουσαν ιστησι γαστερα, και διαφορει δε φυματα μη λιαν θερμα· ο δε καρπος τεμνει τοσουτον, ως και λιθους θρυπτειν και ταις εκ θωρακος βοηθειν αναπτυσεσιν.",,draft,2,250,250,35,paul_row=469; lemma_gr=παλιούρου; edition_pages=2.250
PAUL_AEG-7.3.471,PAUL_AEG,7.3.471,Πάνακες Ἡράκλειον,,,,"Πάνακες Ἡράκλειον, ἐξ οὗ καὶ ὁ καλούμενος ὀποπάναξ γίνεται θερμαίνων μὲν κατὰ τὴν τρίτην τάξιν, ξηραίνων δὲ κατὰ τὴν δευτέραν καὶ μαλάττων καὶ διαφορῶν. ὁ δὲ τῆς ῥίζης φλοιὸς ἀσθενέστερος ὢν τοῦ ὀποῦ ἔχει τι καὶ ῥυπτικὸν καὶ σαρκωτικόν· ὁ δὲ καρπὸς αὐτοῦ καὶ ἔμμηνα κινεῖ. τὸ δὲ Ἀσκλήπειον καὶ τὸ Χειρώνειον πάνακές εἰσι θερμότερα τοῦ προτέρου, ὅθεν αὐτῶν τοῖς ἄνθεσι καὶ τῷ καρπῷ πρὸς τὰ κακοήθη τῶν ἑλκῶν καὶ φύματα χρῶνται.","πανακες ηρακλειον, εξ ου και ο καλουμενος οποπαναξ γινεται θερμαινων μεν κατα την τριτην ταξιν, ξηραινων δε κατα την δευτεραν και μαλαττων και διαφορων. ο δε της ριζης φλοιος ασθενεστερος ων του οπου εχει τι και ρυπτικον και σαρκωτικον· ο δε καρπος αυτου και εμμηνα κινει. το δε ασκληπειον και το χειρωνειον πανακες εισι θερμοτερα του προτερου, οθεν αυτων τοις ανθεσι και τω καρπω προς τα κακοηθη των ελκων και φυματα χρωνται.",,draft,2,250,250,72,paul_row=470; lemma_gr=πάνακες ἡράκλειον; edition_pages=2.250
PAUL_AEG-7.3.472,PAUL_AEG,7.3.472,Πάπυρος ἄκαυστος,,,,"Πάπυρος ἄκαυστος μὲν ὕλη τις γίνεται, καυθεῖσα δὲ ξηραίνει, ὥσπερ καὶ ὁ κεκαυμένος χάρτης, ἀσθενεστέρα δὲ ἡ τῆς παπύρου τέφρα.","παπυρος ακαυστος μεν υλη τις γινεται, καυθεισα δε ξηραινει, ωσπερ και ο κεκαυμενος χαρτης, ασθενεστερα δε η της παπυρου τεφρα.",,draft,2,250,250,20,paul_row=471; lemma_gr=πάπυρος ἄκαυστος; edition_pages=2.250
PAUL_AEG-7.3.473,PAUL_AEG,7.3.473,Παρωνυχία,,,,"Παρωνυχία ὠνόμασται μὲν ἐκ τοῦ παρωνυχίας ἰᾶσθαι, δύναμις δὲ αὐτοῦ λεπτομερής τέ ἐστι καὶ ξηραντικὴ καὶ ἄδηκτος.","παρωνυχια ωνομασται μεν εκ του παρωνυχιας ιασθαι, δυναμις δε αυτου λεπτομερης τε εστι και ξηραντικη και αδηκτος.",,draft,2,250,250,17,paul_row=472; lemma_gr=παρωνυχία; edition_pages=2.250
PAUL_AEG-7.3.474,PAUL_AEG,7.3.474,Πεντάφυλλος,,,,"Πεντάφυλλος ξηραίνει μὲν κατὰ τὴν τρίτην τάξιν, ἥκιστα δὲ δριμεῖα· δι' ὃ καὶ πολύχρηστος.","πενταφυλλος ξηραινει μεν κατα την τριτην ταξιν, ηκιστα δε δριμεια· δι' ο και πολυχρηστος.",,draft,2,250,250,14,paul_row=473; lemma_gr=πεντάφυλλος; edition_pages=2.250
PAUL_AEG-7.3.475,PAUL_AEG,7.3.475,"Πέπλος, ἔνιοι δὲ μήκωνα ἀφρώδη",,,,"Πέπλος, ἔνιοι δὲ μήκωνα ἀφρώδη. καὶ οὗτος ὁ θαμνίσκος ὀπὸν ἔχει καὶ καθαίρει παραπλησίως τοῖς τιθυμάλλοις.","πεπλος, ενιοι δε μηκωνα αφρωδη. και ουτος ο θαμνισκος οπον εχει και καθαιρει παραπλησιως τοις τιθυμαλλοις.",,draft,2,250,250,16,paul_row=474; lemma_gr=πέπλος:μήκων ἀφρώδης; edition_pages=2.250; derived_from=alias_review
PAUL_AEG-7.3.476,PAUL_AEG,7.3.476,Πέπλιον,,,,"Πέπλιον ὀπὸν ἔχει καὶ τοῦτο καὶ φύεται τὰ πολλὰ παρὰ θαλάσσῃ, τὰ μὲν ἄλλα ἄχρηστον, τὸ δὲ σπέρμα αὐτοῦ πυρῶδες ὁμοίως τῷ τοῦ πέπλου καθαῖρον.","πεπλιον οπον εχει και τουτο και φυεται τα πολλα παρα θαλασση, τα μεν αλλα αχρηστον, το δε σπερμα αυτου πυρωδες ομοιως τω του πεπλου καθαιρον.",,draft,2,250,250,25,paul_row=475; lemma_gr=πέπλιον; edition_pages=2.250
PAUL_AEG-7.3.477,PAUL_AEG,7.3.477,Πεπέρεως,,,,"Πεπέρεως ἡ μὲν ῥίζα κόστῳ τὴν δύναμιν ἔοικεν, ὁ δὲ καρπὸς ὁ μὲν ἄρτι βλαστάνοντος αὐτοῦ τὸ μακρόν ἐστι πέπερι ὑγρότερον ὑπάρχον καὶ θερμόν, ὁ δὲ οἷον ὄμφαξ τὸ λευκόν ἐστι δριμύτερον ὑπάρχον τοῦ μέλανος ἐκείνου ὑπερωπτημένου· ἄμφω δὲ θερμαίνει τε καὶ ξηραίνει.","πεπερεως η μεν ριζα κοστω την δυναμιν εοικεν, ο δε καρπος ο μεν αρτι βλαστανοντος αυτου το μακρον εστι πεπερι υγροτερον υπαρχον και θερμον, ο δε οιον ομφαξ το λευκον εστι δριμυτερον υπαρχον του μελανος εκεινου υπερωπτημενου· αμφω δε θερμαινει τε και ξηραινει.",,draft,2,250,250,43,paul_row=476; lemma_gr=πεπέρεως; edition_pages=2.250
PAUL_AEG-7.3.478,PAUL_AEG,7.3.478,Πέπων,,,,"Πέπων ῥυπτικῆς ἐστι δυνάμεως· ὅθεν ἡ μὲν οἷον σὰρξ αὐτοῦ ἐφήλεις τε καὶ τὰ παραπλήσια σμήχει, τὸ δὲ σπέρμα αὐτοῦ νεφροὺς ἐκφράττει.","πεπων ρυπτικης εστι δυναμεως· οθεν η μεν οιον σαρξ αυτου εφηλεις τε και τα παραπλησια σμηχει, το δε σπερμα αυτου νεφρους εκφραττει.",,draft,2,250,251,22,paul_row=477; lemma_gr=πέπων; edition_pages=2.250-251
PAUL_AEG-7.3.479,PAUL_AEG,7.3.479,Περικλυμένου,,,,"Περικλυμένου τά τε φύλλα καὶ ὁ καρπὸς τμητικῆς τε ἅμα καὶ θερμαινούσης εἰσὶ δυνάμεως, ὥστε τὸ οὖρον αἱματῶδες ἐκκρίνειν πινόμενον ἄχρι ζ ἡμερῶν. τὸ δὲ σπέρμα ξηραίνει πινόμενον ἄχρι τεσσαράκοντα ἡμερῶν ὠφελεῖ τε σπληνώδεις καὶ δυσπνοϊκούς.","περικλυμενου τα τε φυλλα και ο καρπος τμητικης τε αμα και θερμαινουσης εισι δυναμεως, ωστε το ουρον αιματωδες εκκρινειν πινομενον αχρι ζ ημερων. το δε σπερμα ξηραινει πινομενον αχρι τεσσαρακοντα ημερων ωφελει τε σπληνωδεις και δυσπνοικους.",,draft,2,251,251,36,paul_row=478; lemma_gr=περικλυμένου; edition_pages=2.251
PAUL_AEG-7.3.480,PAUL_AEG,7.3.480,Περιστερεὼν,,,,"Περιστερεὼν εἰς τοσοῦτον ξηραίνει τε καὶ στύφει, ὥστε κολλᾶν τραύματα, καὶ αἱμορραγίαν ἵστησι.","περιστερεων εις τοσουτον ξηραινει τε και στυφει, ωστε κολλαν τραυματα, και αιμορραγιαν ιστησι.",,draft,2,251,251,13,paul_row=479; lemma_gr=περιστερεών; edition_pages=2.251
PAUL_AEG-7.3.481,PAUL_AEG,7.3.481,Περσαία,,,,"Περσαία δένδρον ἐστὶν Αἰγύπτιον, οὗ τὰ φύλλα ξηραίνει τε καὶ στύφει· δι' ὃ καὶ αἱμορραγίαν ἵστησι.","περσαια δενδρον εστιν αιγυπτιον, ου τα φυλλα ξηραινει τε και στυφει· δι' ο και αιμορραγιαν ιστησι.",,draft,2,251,251,16,paul_row=480; lemma_gr=περσαία; edition_pages=2.251
PAUL_AEG-7.3.482,PAUL_AEG,7.3.482,Πετασῖτις,,,,Πετασῖτις ἐκ τῆς τρίτης τάξεώς ἐστι τῶν ξηραινόντων· ὅθεν ἐπὶ τῶν κακοήθων τε καὶ φαγεδαινικῶν αὐτῇ χρῶνται.,πετασιτις εκ της τριτης ταξεως εστι των ξηραινοντων· οθεν επι των κακοηθων τε και φαγεδαινικων αυτη χρωνται.,,draft,2,251,251,17,paul_row=481; lemma_gr=πετασῖτις; edition_pages=2.251
PAUL_AEG-7.3.483,PAUL_AEG,7.3.483,Πετροσελίνου,,,,"Πετροσελίνου τὸ σπέρμα θερμόν τε καὶ ξηρόν ἐστι κατὰ τὴν τρίτην ἀπόστασιν τμητικὸν ὑπάρχον, οὖρά τε καὶ καταμήνια κινεῖ δαψιλῶς· ἔστι δὲ καὶ ἄφυσον.","πετροσελινου το σπερμα θερμον τε και ξηρον εστι κατα την τριτην αποστασιν τμητικον υπαρχον, ουρα τε και καταμηνια κινει δαψιλως· εστι δε και αφυσον.",,draft,2,251,251,24,paul_row=482; lemma_gr=πετροσελίνου; edition_pages=2.251
PAUL_AEG-7.3.484,PAUL_AEG,7.3.484,Πευκεδάνου,,,,"Πευκεδάνου τῷ μὲν ὀπῷ καὶ τῷ χυλῷ ἱκανῶς θερμαίνοντι καὶ διαφοροῦντι καὶ λεπτύνοντι χρώμεθα, καὶ ὀσφραντῷ δὲ καὶ πόματι πρὸς τὰ κατὰ πνεύμονα καὶ θώρακα διὰ πάχος χυμῶν πάθη καὶ πρὸς ἐσκιρρωμένον σπλῆνα· καὶ ὀδοῦσι δὲ τετρημένοις ἐντεθεὶς τὴν ὀδύνην εὐθὺς ἔπαυσεν καὶ τοῖς κατὰ νεῦρα πάθεσιν ἁρμόττει. ἡ δὲ ῥίζα καὶ λεπίδας ὀστῶν ἀφίστησιν καὶ τὰ κακοήθη τῶν ἑλκῶν ἰᾶται θερμαίνουσά τε καὶ ξηραίνουσα κατὰ τὴν τρίτην τάξιν.","πευκεδανου τω μεν οπω και τω χυλω ικανως θερμαινοντι και διαφορουντι και λεπτυνοντι χρωμεθα, και οσφραντω δε και ποματι προς τα κατα πνευμονα και θωρακα δια παχος χυμων παθη και προς εσκιρρωμενον σπληνα· και οδουσι δε τετρημενοις εντεθεις την οδυνην ευθυς επαυσεν και τοις κατα νευρα παθεσιν αρμοττει. η δε ριζα και λεπιδας οστων αφιστησιν και τα κακοηθη των ελκων ιαται θερμαινουσα τε και ξηραινουσα κατα την τριτην ταξιν.",,draft,2,251,251,69,paul_row=483; lemma_gr=πευκεδάνου; edition_pages=2.251
PAUL_AEG-7.3.485,PAUL_AEG,7.3.485,Πεύκη,,,,"Πεύκη παραπλησίαν μὲν ἔχει πίτυι τὴν δύναμιν, μετριωτέραν δέ.","πευκη παραπλησιαν μεν εχει πιτυι την δυναμιν, μετριωτεραν δε.",,draft,2,251,251,9,paul_row=484; lemma_gr=πεύκη; edition_pages=2.251
PAUL_AEG-7.3.486,PAUL_AEG,7.3.486,Πήγανον,,,,"Πήγανον τὸ μὲν ἄγριον τῆς τετάρτης ἐστὶ τάξεως τῶν θερμαινόντων τε καὶ ξηραινόντων, τὸ δὲ ἥμερον τῆς τρίτης τέμνον τε καὶ διαφοροῦν τοὺς παχεῖς καὶ γλίσχρους χυμοὺς καὶ οὖρα κινεῖ λεπτομερές τέ ἐστι καὶ ἄφυσον· ὅθεν τὰς συνουσίας ἐπέχει.","πηγανον το μεν αγριον της τεταρτης εστι ταξεως των θερμαινοντων τε και ξηραινοντων, το δε ημερον της τριτης τεμνον τε και διαφορουν τους παχεις και γλισχρους χυμους και ουρα κινει λεπτομερες τε εστι και αφυσον· οθεν τας συνουσιας επεχει.",,draft,2,251,251,39,paul_row=485; lemma_gr=πήγανον; edition_pages=2.251
PAUL_AEG-7.3.487,PAUL_AEG,7.3.487,Πίσσα,,,,"Πίσσα ἡ μὲν ξηρὰ ξηραίνει κατὰ τὴν δευτέραν ἀπόστασιν ἧττον θερμαίνουσα, ἡ δὲ ὑγρὰ τὸ ἀνάπαλιν. ἔχουσι δέ τι καὶ ῥυπτικὸν καὶ συμπεπτικὸν καὶ διαφορητικὸν καὶ δριμύ· δι' ὃ καὶ λεπροὺς ὄνυχας ἐξάγουσι καὶ λειχῆνας ἀπορρύπτουσι καὶ ὄγκους συμπέττουσιν. ἰσχυροτέρα δὲ ἡ ὑγρά, ὡς καὶ τοὺς ἀσθματικοὺς καὶ τοὺς ἐμπυϊκοὺς ὠφελεῖν ἐκλειχομένη· ἡ δὲ ξηρὰ τραύματα μᾶλλον κολλᾷ.","πισσα η μεν ξηρα ξηραινει κατα την δευτεραν αποστασιν ηττον θερμαινουσα, η δε υγρα το αναπαλιν. εχουσι δε τι και ρυπτικον και συμπεπτικον και διαφορητικον και δριμυ· δι' ο και λεπρους ονυχας εξαγουσι και λειχηνας απορρυπτουσι και ογκους συμπεττουσιν. ισχυροτερα δε η υγρα, ως και τους ασθματικους και τους εμπυικους ωφελειν εκλειχομενη· η δε ξηρα τραυματα μαλλον κολλα.",,draft,2,252,252,58,paul_row=486; lemma_gr=πίσσα; edition_pages=2.252
PAUL_AEG-7.3.488,PAUL_AEG,7.3.488,Πισσέλαιον,,,,Πισσέλαιον ἐκ τῆς ὑγρᾶς γίνεται πίσσης λεπτομερέστερον αὐτῆς ὑπάρχον κατὰ τὴν οὐσίαν.,πισσελαιον εκ της υγρας γινεται πισσης λεπτομερεστερον αυτης υπαρχον κατα την ουσιαν.,,draft,2,252,252,12,paul_row=487; lemma_gr=πισσέλαιον; edition_pages=2.252
PAUL_AEG-7.3.489,PAUL_AEG,7.3.489,Πιστακίων,,,,"Πιστακίων ὁ καρπὸς ἐσθιόμενος εὐστόμαχός ἐστι μετρίως καὶ τῶν κατὰ τὸ ἧπαρ ἐκφρακτικός, καὶ μάλιστα τῶν λεπῶν αὐτοῦ τῶν ἀρωματιζόντων τὸ ἀφέψημα ἐν οἴνῳ· βοηθεῖ δὲ καὶ ἑρπετοδήκτοις.","πιστακιων ο καρπος εσθιομενος ευστομαχος εστι μετριως και των κατα το ηπαρ εκφρακτικος, και μαλιστα των λεπων αυτου των αρωματιζοντων το αφεψημα εν οινω· βοηθει δε και ερπετοδηκτοις.",,draft,2,252,252,28,paul_row=488; lemma_gr=πιστακίων; edition_pages=2.252
PAUL_AEG-7.3.490,PAUL_AEG,7.3.490,Πιτυίδες,,,,"Πιτυίδες ὁ καρπός ἐστι τῶν πιτύων μικτῆς ὑπάρχων δυνάμεως, στυφούσης καὶ δριμείας· ὅθεν καὶ ταῖς ἐκ θώρακος ἀναπτύσεσι συμπράττουσιν.","πιτυιδες ο καρπος εστι των πιτυων μικτης υπαρχων δυναμεως, στυφουσης και δριμειας· οθεν και ταις εκ θωρακος αναπτυσεσι συμπραττουσιν.",,draft,2,252,252,19,paul_row=489; lemma_gr=πιτυίδες; edition_pages=2.252
PAUL_AEG-7.3.491,PAUL_AEG,7.3.491,Πιτυοκάμπαι,,,,Πιτυοκάμπαι τῆς αὐτῆς εἰσι κανθαρίδι καὶ βουπρήστει δυνάμεως.,πιτυοκαμπαι της αυτης εισι κανθαριδι και βουπρηστει δυναμεως.,,draft,2,252,252,8,paul_row=490; lemma_gr=πιτυοκάμπαι; edition_pages=2.252
PAUL_AEG-7.3.492,PAUL_AEG,7.3.492,Πίτυος,,,,"Πίτυος ὁ φλοιὸς ἐπικρατοῦσαν ἔχει τὴν στυπτικὴν δύναμιν, ὡς παρατρίμματά τε καὶ κατακαύματα καταπλαττόμενος ὠφελεῖν ἐπέχειν τε κοιλίαν, εἰ ποθείη. τὰ δὲ φύλλα καὶ τραύματα κολλᾷ.","πιτυος ο φλοιος επικρατουσαν εχει την στυπτικην δυναμιν, ως παρατριμματα τε και κατακαυματα καταπλαττομενος ωφελειν επεχειν τε κοιλιαν, ει ποθειη. τα δε φυλλα και τραυματα κολλα.",,draft,2,252,252,26,paul_row=491; lemma_gr=πίτυος; edition_pages=2.252
PAUL_AEG-7.3.493,PAUL_AEG,7.3.493,Πιτύουσα,,,,"Πιτύουσα. καὶ ταύτην τινὲς εἶδος τιθυμάλλου φασίν, ὅτι τε ὀπὸν ἔχει καὶ καθαίρει παραπλησίως ἐκείνοις.","πιτυουσα. και ταυτην τινες ειδος τιθυμαλλου φασιν, οτι τε οπον εχει και καθαιρει παραπλησιως εκεινοις.",,draft,2,252,252,15,paul_row=492; lemma_gr=πιτύουσα; edition_pages=2.252
PAUL_AEG-7.3.494,PAUL_AEG,7.3.494,Πλάτανος,,,,"Πλάτανος ὑγροτέρας ἐστὶ καὶ ψυχροτέρας δυνάμεως· ὅθεν καὶ τὰ χλωρὰ φύλλα τὰς γινομένας φλεγμονὰς ὀνίνησιν. ὁ δὲ φλοιὸς καὶ τὰ σφαιρία ξηραντικωτέρας ἐστὶ δυνάμεως, ὥστε τὸν μὲν ἐν ὄξει καθεψηθέντα ὀδονταλγίας ἰᾶσθαι, τὰ δὲ πυρίκαυτα μετὰ στέατος θεραπεύειν. ὁ δὲ φλοιὸς καυθεὶς ξηραντικώτερος καὶ ῥυπτικώτερος γίνεται, ὡς λέπρας τε καὶ τὰ κάθυγρα τῶν ἑλκῶν ἰᾶσθαι.","πλατανος υγροτερας εστι και ψυχροτερας δυναμεως· οθεν και τα χλωρα φυλλα τας γινομενας φλεγμονας ονινησιν. ο δε φλοιος και τα σφαιρια ξηραντικωτερας εστι δυναμεως, ωστε τον μεν εν οξει καθεψηθεντα οδονταλγιας ιασθαι, τα δε πυρικαυτα μετα στεατος θεραπευειν. ο δε φλοιος καυθεις ξηραντικωτερος και ρυπτικωτερος γινεται, ως λεπρας τε και τα καθυγρα των ελκων ιασθαι.",,draft,2,252,253,55,paul_row=493; lemma_gr=πλάτανος; edition_pages=2.252-253
PAUL_AEG-7.3.495,PAUL_AEG,7.3.495,Πνεύμων,,,,"Πνεύμων ὁ μὲν ἄρνειός τε καὶ χοίρειος τὰ ἐξ ὑποδημάτων παρατρίμματα θεραπεύειν πεπίστευται· ὁ δὲ τῆς ἀλώπεκος σκελετευθείς, εἰ πίνοιτο, τοὺς ἀσθματικούς, ὁ δὲ θαλάσσιος πρόσφατος λεῖος ποδαγρικοὺς καὶ χιμεθλιῶντας ὠφελεῖ.","πνευμων ο μεν αρνειος τε και χοιρειος τα εξ υποδηματων παρατριμματα θεραπευειν πεπιστευται· ο δε της αλωπεκος σκελετευθεις, ει πινοιτο, τους ασθματικους, ο δε θαλασσιος προσφατος λειος ποδαγρικους και χιμεθλιωντας ωφελει.",,draft,2,253,253,31,paul_row=494; lemma_gr=πνεύμων; edition_pages=2.253
PAUL_AEG-7.3.496,PAUL_AEG,7.3.496,"Πολεμώνιον, οἱ δὲ φιλέταιρον",,,,"Πολεμώνιον, οἱ δὲ φιλέταιρον, λεπτομερές ἐστι καὶ ξηραντικόν· ὅθεν ἔνιοι πρὸς ἰσχιάδα καὶ δυσεντερίαν καὶ σκιρρούμενον σπλῆνα ποτίζουσι τὴν ῥίζαν αὐτοῦ μετ' οἴνου.","πολεμωνιον, οι δε φιλεταιρον, λεπτομερες εστι και ξηραντικον· οθεν ενιοι προς ισχιαδα και δυσεντεριαν και σκιρρουμενον σπληνα ποτιζουσι την ριζαν αυτου μετ' οινου.",,draft,2,253,253,23,paul_row=495; lemma_gr=πολεμώνιον:φιλέταιρον; edition_pages=2.253; derived_from=alias_review
PAUL_AEG-7.3.497,PAUL_AEG,7.3.497,Πόλιον τὸ μικρότερον,,,,"Πόλιον τὸ μικρότερον, ᾧ καὶ πρὸς τὰς ἀντιδότους χρώμεθα, τῆς τρίτης ἐστὶ τῶν θερμαινόντων τε καὶ ξηραινόντων τάξεως· ἐκφράττει τοιγαροῦν ἅπαντα τὰ σπλάγχνα καὶ οὖρα καὶ ἔμμηνα κινεῖ, καὶ χλωρὸν μὲν ἔτι κολλᾷ τὰ μεγάλα τραύματα, ξηρὸν δὲ τὰ κακοήθη τῶν ἑλκῶν ἐπιπαττόμενον ἰᾶται.","πολιον το μικροτερον, ω και προς τας αντιδοτους χρωμεθα, της τριτης εστι των θερμαινοντων τε και ξηραινοντων ταξεως· εκφραττει τοιγαρουν απαντα τα σπλαγχνα και ουρα και εμμηνα κινει, και χλωρον μεν ετι κολλα τα μεγαλα τραυματα, ξηρον δε τα κακοηθη των ελκων επιπαττομενον ιαται.",,draft,2,253,253,44,paul_row=496; lemma_gr=πόλιον τὸ μικρότερον; edition_pages=2.253
PAUL_AEG-7.3.498,PAUL_AEG,7.3.498,Πολύγαλον,,,,"Πολύγαλον αὐστηρὰ μετρίως ἔχει τὰ φύλλα· δοκεῖ δὲ πινόμενον γάλα γεννᾶν, θερμὴν δηλονότι καὶ ὑγρὰν ἔχον κρᾶσιν.","πολυγαλον αυστηρα μετριως εχει τα φυλλα· δοκει δε πινομενον γαλα γενναν, θερμην δηλονοτι και υγραν εχον κρασιν.",,draft,2,253,253,17,paul_row=497; lemma_gr=πολύγαλον; edition_pages=2.253
PAUL_AEG-7.3.499,PAUL_AEG,7.3.499,Πολυγόνατον,,,,Πολυγόνατον μικτόν ἐστιν ἐκ στύψεώς τε καὶ δριμύτητος καὶ πικρότητος καί τινος ἀηδίας ἀρρήτου· διόπερ οὐδὲ πολύχρηστόν ἐστιν. τὴν δὲ ῥίζαν αὐτοῦ τινες ἐπιπλάττουσι τραύμασι καὶ τοὺς ἐν προσώπῳ σπίλους ἀπορρύπτουσιν αὐτῷ.,πολυγονατον μικτον εστιν εκ στυψεως τε και δριμυτητος και πικροτητος και τινος αηδιας αρρητου· διοπερ ουδε πολυχρηστον εστιν. την δε ριζαν αυτου τινες επιπλαττουσι τραυμασι και τους εν προσωπω σπιλους απορρυπτουσιν αυτω.,,draft,2,253,253,32,paul_row=498; lemma_gr=πολυγόνατον; edition_pages=2.253
PAUL_AEG-7.3.500,PAUL_AEG,7.3.500,Πολύγονον,,,,"Πολύγονον ἔχει μέν τι καὶ στῦφον, ἐπικρατεῖ δὲ ἐν αὐτῷ τὸ ὑδατῶδες ψυχρὸν κατὰ τὴν δευτέραν τάξιν· ὀνίνησι γοῦν ἐπιπασσόμενον ψυχρὸν τοὺς ἐγκαιομένους τὸν στόμαχον καὶ τὰ ἐρυσιπέλατα καὶ τὰς θερμὰς φλεγμονάς· ἅτε δὲ τοιοῦτον ὑπάρχον ἀποκρούεται ῥεύματα καὶ ταύτῃ δοκεῖ ξηραντικὸν ὑπάρχειν. ἔστι δὲ τὸ ἄρσεν τοῦ θήλεος ἰσχυρότερον.","πολυγονον εχει μεν τι και στυφον, επικρατει δε εν αυτω το υδατωδες ψυχρον κατα την δευτεραν ταξιν· ονινησι γουν επιπασσομενον ψυχρον τους εγκαιομενους τον στομαχον και τα ερυσιπελατα και τας θερμας φλεγμονας· ατε δε τοιουτον υπαρχον αποκρουεται ρευματα και ταυτη δοκει ξηραντικον υπαρχειν. εστι δε το αρσεν του θηλεος ισχυροτερον.",,draft,2,253,253,50,paul_row=499; lemma_gr=πολύγονον; edition_pages=2.253
PAUL_AEG-7.3.501,PAUL_AEG,7.3.501,Πολύκνημον,,,,"Πολύκνημον θερμαίνει καὶ ξηραίνει κατὰ τὴν δευτέραν τάξιν, ὡς καὶ τραύματα κολλᾶν.","πολυκνημον θερμαινει και ξηραινει κατα την δευτεραν ταξιν, ως και τραυματα κολλαν.",,draft,2,253,253,12,paul_row=500; lemma_gr=πολύκνημον; edition_pages=2.253
PAUL_AEG-7.3.502,PAUL_AEG,7.3.502,Πολυπόδιον,,,,Πολυπόδιον ξηραντικῆς ἱκανῶς ἀδήκτου δυνάμεώς ἐστι. πινόμενον καθαίρει κάτω.,πολυποδιον ξηραντικης ικανως αδηκτου δυναμεως εστι. πινομενον καθαιρει κατω.,,draft,2,253,253,9,paul_row=501; lemma_gr=πολυπόδιον; edition_pages=2.253
PAUL_AEG-7.3.503,PAUL_AEG,7.3.503,Πομφόλυξ,,,,"Πομφόλυξ ἀδήκτως ξηραίνει, ὥστε τοῖς σαρκώδεσι τῶν ἑλκῶν καὶ τοῖς ἄλλοις κακοήθεσι βοηθεῖν· μίγνυται δὲ καὶ ὀφθαλμικαῖς δυνάμεσιν.","πομφολυξ αδηκτως ξηραινει, ωστε τοις σαρκωδεσι των ελκων και τοις αλλοις κακοηθεσι βοηθειν· μιγνυται δε και οφθαλμικαις δυναμεσιν.",,draft,2,253,253,18,paul_row=502; lemma_gr=πομφόλυξ; edition_pages=2.253
PAUL_AEG-7.3.504,PAUL_AEG,7.3.504,Πορφύραι,,,,"Πορφύραι καεῖσαι παραπλησίας εἰσὶ τοῖς ὀστράκοις δυνάμεως· τὰ δὲ πώματα αὐτῶν σὺν ἐλαίῳ ἑψηθέντα τρίχας ῥεούσας κρατύνει, σὺν ὄξει δὲ ποθέντα σπλῆνας οἰδοῦντας ἰᾶται, ὑποθυμιαθέντα δὲ διεγείρει τὰς ὑστερικῶς πνιγομένας καὶ δεύτερα ἐκβάλλει.","πορφυραι καεισαι παραπλησιας εισι τοις οστρακοις δυναμεως· τα δε πωματα αυτων συν ελαιω εψηθεντα τριχας ρεουσας κρατυνει, συν οξει δε ποθεντα σπληνας οιδουντας ιαται, υποθυμιαθεντα δε διεγειρει τας υστερικως πνιγομενας και δευτερα εκβαλλει.",,draft,2,254,254,33,paul_row=503; lemma_gr=πορφύραι; edition_pages=2.254
PAUL_AEG-7.3.505,PAUL_AEG,7.3.505,Ποταμογείτων,,,,Ποταμογείτων ψύχει καὶ στύφει παραπλησίως πολυγόνῳ τῆς ὁμοίας αὐτῷ δυνάμεως ὑπάρχον.,ποταμογειτων ψυχει και στυφει παραπλησιως πολυγονω της ομοιας αυτω δυναμεως υπαρχον.,,draft,2,254,254,11,paul_row=504; lemma_gr=ποταμογείτων; edition_pages=2.254
PAUL_AEG-7.3.506,PAUL_AEG,7.3.506,"Ποτίρριον, οἱ δὲ φρύνινον",,,,"Ποτίρριον, οἱ δὲ φρύνινον, οὗ αἱ ῥίζαι κοπεῖσαι διακοπὰς νεύρων καὶ τραύματα κολλῶσι· καὶ τὸ ἀφέψημα δὲ αὐτῆς πινόμενον ταῖς περὶ νεῦρα διαθέσεσιν ἀρήγει.","ποτιρριον, οι δε φρυνινον, ου αι ριζαι κοπεισαι διακοπας νευρων και τραυματα κολλωσι· και το αφεψημα δε αυτης πινομενον ταις περι νευρα διαθεσεσιν αρηγει.",,draft,2,254,254,24,paul_row=505; lemma_gr=ποτίρριον:φρύνινον; edition_pages=2.254; derived_from=alias_review
PAUL_AEG-7.3.507,PAUL_AEG,7.3.507,Πράσιον,,,,"Πράσιον θερμαίνει μὲν κατὰ τὴν δευτέραν τάξιν, μᾶλλον δὲ ξηραίνει, ἐκφράττει τε καὶ ἧπαρ καὶ σπλῆνα καὶ τὰ κατὰ θώρακα καὶ πνεύμονα ἔμμηνά τε προτρέπει, καταπλασσόμενον δὲ ῥύπτει τε καὶ διαφορεῖ, καὶ ἄλλως ῥυπτικόν τε καὶ τμητικόν ἐστιν.","πρασιον θερμαινει μεν κατα την δευτεραν ταξιν, μαλλον δε ξηραινει, εκφραττει τε και ηπαρ και σπληνα και τα κατα θωρακα και πνευμονα εμμηνα τε προτρεπει, καταπλασσομενον δε ρυπτει τε και διαφορει, και αλλως ρυπτικον τε και τμητικον εστιν.",,draft,2,254,254,38,paul_row=506; lemma_gr=πράσιον; edition_pages=2.254
PAUL_AEG-7.3.508,PAUL_AEG,7.3.508,Πράσον,,,,"Πράσον κακόχυμόν ἐστι καὶ δριμύ, ὡς δέ φησι Διοσκουρίδης, καὶ δυσόνειρον, εὐκοίλιον, οὐρητικόν, λεπτυντικόν. ἔχει δέ τι καὶ ῥυπτικόν· ἀνάγει γὰρ καὶ τὰ ἐκ θώρακος ἐνεψηθὲν πτισάνῃ. τὸ δὲ σπέρμα αὐτοῦ νεφριτικαῖς μίγνυται δυνάμεσιν. τὰ δὲ φύλλα ἔχουσί τι καὶ στύψεως· ὅθεν ὁ χυλὸς αὐτῶν αἵματός ἐστιν ἐφεκτικός.","πρασον κακοχυμον εστι και δριμυ, ως δε φησι διοσκουριδης, και δυσονειρον, ευκοιλιον, ουρητικον, λεπτυντικον. εχει δε τι και ρυπτικον· αναγει γαρ και τα εκ θωρακος ενεψηθεν πτισανη. το δε σπερμα αυτου νεφριτικαις μιγνυται δυναμεσιν. τα δε φυλλα εχουσι τι και στυψεως· οθεν ο χυλος αυτων αιματος εστιν εφεκτικος.",,draft,2,254,254,48,paul_row=507; lemma_gr=πράσον; edition_pages=2.254
PAUL_AEG-7.3.509,PAUL_AEG,7.3.509,Πρῖνος,,,,"Πρῖνος παραπλησίαν μὲν ἔχει δρυὶ τὴν δύναμιν, πολλῷ δὲ αὐτοῦ ἐστιν ἰσχυρότερος.","πρινος παραπλησιαν μεν εχει δρυι την δυναμιν, πολλω δε αυτου εστιν ισχυροτερος.",,draft,2,254,254,12,paul_row=508; lemma_gr=πρῖνος; edition_pages=2.254
PAUL_AEG-7.3.510,PAUL_AEG,7.3.510,Πρόπολις,,,,Πρόπολις θερμαίνει μὲν κατὰ τὴν δευτέραν ἀπόστασιν καὶ ῥύπτει μετρίως λεπτομεροῦς τε καὶ ἐκφρακτικῆς ἐστι δυνάμεως.,προπολις θερμαινει μεν κατα την δευτεραν αποστασιν και ρυπτει μετριως λεπτομερους τε και εκφρακτικης εστι δυναμεως.,,draft,2,254,254,16,paul_row=509; lemma_gr=πρόπολις; edition_pages=2.254
PAUL_AEG-7.3.511,PAUL_AEG,7.3.511,Πταρμικῆς,,,,"Πταρμικῆς τὰ μὲν φύλλα πταρμοὺς κινεῖ, τὸ δὲ ὅλον θαμνίον χλωρὸν ὑπώπιά τε καὶ τὰς ἄλλας ἐκχυμώσεις διαφορεῖ· ἔστι γὰρ θερμὴ καὶ ξηρά, χλωρὰ μὲν ἔτι κατὰ τὴν δευτέραν τάξιν, ξηρὰ δὲ κατὰ τὴν τρίτην.","πταρμικης τα μεν φυλλα πταρμους κινει, το δε ολον θαμνιον χλωρον υπωπια τε και τας αλλας εκχυμωσεις διαφορει· εστι γαρ θερμη και ξηρα, χλωρα μεν ετι κατα την δευτεραν ταξιν, ξηρα δε κατα την τριτην.",,draft,2,254,254,35,paul_row=510; lemma_gr=πταρμικῆς; edition_pages=2.254
PAUL_AEG-7.3.512,PAUL_AEG,7.3.512,Πτελέα,,,,"Πτελέα ξηραντικῆς ἐστι δυνάμεως καὶ ῥυπτικῆς, ὥστε καὶ τραύματα κολλᾶν, ὁ δὲ φλοιὸς ἔτι μᾶλλον, ἐὰν πρόσφατος ὢν ὥσπερ ἐπίδεσμος περιελιχθῇ τοῖς τραύμασιν, ἰᾶται δὲ καὶ λέπρας σὺν ὄξει· καὶ αἱ ῥίζαι δὲ τῆς αὐτῆς εἰσι δυνάμεως, ὡς τῷ ἀφεψήματι αὐτῶν τὰ πωρώσεως δεόμενα κατάγματα καταντλεῖν.","πτελεα ξηραντικης εστι δυναμεως και ρυπτικης, ωστε και τραυματα κολλαν, ο δε φλοιος ετι μαλλον, εαν προσφατος ων ωσπερ επιδεσμος περιελιχθη τοις τραυμασιν, ιαται δε και λεπρας συν οξει· και αι ριζαι δε της αυτης εισι δυναμεως, ως τω αφεψηματι αυτων τα πωρωσεως δεομενα καταγματα καταντλειν.",,draft,2,254,254,46,paul_row=511; lemma_gr=πτελέα; edition_pages=2.254
PAUL_AEG-7.3.513,PAUL_AEG,7.3.513,Πτέρις,,,,"Πτέρις ξηραντικὴ τὴν δύναμίν ἐστι καὶ πικρά· ὅθεν ἔμβρυά τε φθείρει καὶ ἐκβάλλει καὶ πλατείας ἕλμινθας ἀναιρεῖ τεσσάρων δραγμῶν ὁλκὴ σὺν μελικράτῳ. ὅτι δὲ μετρίως στύφει, ξηραντικὴ τῶν ἑλκῶν ἀδήκτως ἐστίν.","πτερις ξηραντικη την δυναμιν εστι και πικρα· οθεν εμβρυα τε φθειρει και εκβαλλει και πλατειας ελμινθας αναιρει τεσσαρων δραγμων ολκη συν μελικρατω. οτι δε μετριως στυφει, ξηραντικη των ελκων αδηκτως εστιν.",,draft,2,255,255,31,paul_row=512; lemma_gr=πτέρις; edition_pages=2.255
PAUL_AEG-7.3.514,PAUL_AEG,7.3.514,Πυκνόκοκκον,,,,"Πυκνόκοκκον διαφορητικῆς τε καὶ ἑλκτικῆς καὶ δριμείας ἐστὶ δυνάμεως. τὰ μὲν οὖν φύλλα φύματα καὶ δοθιῆνας διαφορεῖ, ὁ δὲ καρπὸς πρὸς τούτοις καὶ σκόλοπας ἕλκει· ἡ δὲ ῥίζα χολῆς τῆς ξανθῆς ἐστι καθαρτική.","πυκνοκοκκον διαφορητικης τε και ελκτικης και δριμειας εστι δυναμεως. τα μεν ουν φυλλα φυματα και δοθιηνας διαφορει, ο δε καρπος προς τουτοις και σκολοπας ελκει· η δε ριζα χολης της ξανθης εστι καθαρτικη.",,draft,2,255,255,33,paul_row=513; lemma_gr=πυκνόκοκκον; edition_pages=2.255
PAUL_AEG-7.3.515,PAUL_AEG,7.3.515,Πυρέθρου,,,,Πυρέθρου ἡ ῥίζα καυστικὴν ἔχει δύναμιν καὶ ὀδόντων ἐψυγμένων ὀδύνας πραΰνει καὶ πρὸ τῶν κατὰ περίοδον ῥιγῶν ἀνατρίβεται μετ' ἐλαίου καὶ τοὺς ναρκώδεις τε καὶ παρειμένους ὠφελεῖ.,πυρεθρου η ριζα καυστικην εχει δυναμιν και οδοντων εψυγμενων οδυνας πραυνει και προ των κατα περιοδον ριγων ανατριβεται μετ' ελαιου και τους ναρκωδεις τε και παρειμενους ωφελει.,,draft,2,255,255,27,paul_row=514; lemma_gr=πυρέθρου; edition_pages=2.255
PAUL_AEG-7.3.516,PAUL_AEG,7.3.516,Πυρὸς,,,,"Πυρὸς θερμαίνει μὲν κατὰ τὴν πρώτην τάξιν, μέσος δὲ τῶν τε ξηρῶν καὶ ὑγρῶν ἐστιν· ἔχει δέ τι καὶ γλίσχρον καὶ ἐμφρακτικόν.","πυρος θερμαινει μεν κατα την πρωτην ταξιν, μεσος δε των τε ξηρων και υγρων εστιν· εχει δε τι και γλισχρον και εμφρακτικον.",,draft,2,255,255,22,paul_row=515; lemma_gr=πυρός; edition_pages=2.255
PAUL_AEG-7.3.517,PAUL_AEG,7.3.517,Πυτία,,,,"Πυτία πᾶσα δριμείας ἐστὶ καὶ λεπτυντικῆς καὶ διαφορητικῆς καὶ δηλονότι ξηραντικῆς δυνάμεως. ἀλλὰ τὴν μὲν τῶν λαγωῶν ἐπιλήπτους θεραπεύειν ἔγραψαν, εἰ μετ' ὄξους πίνοιτο, καὶ ῥοῦν γυναικεῖον ἰᾶσθαι καὶ γάλα τεθρομβωμένον ἐν κοιλίᾳ λύειν, ὁμοίως δὲ καὶ αἷμα· τινὲς δὲ καὶ τὰς ἐκ θώρακος πτύσεις τοῦ αἵματος ἐπέχειν αὐτήν φασιν. ἱππείαν δὲ πυτίαν ἔγραψαν κοιλιακοῖς τε καὶ δυσεντερικοῖς ἁρμόττειν, τὴν δὲ τῆς φώκης καστορίου δύναμιν ἔχειν.","πυτια πασα δριμειας εστι και λεπτυντικης και διαφορητικης και δηλονοτι ξηραντικης δυναμεως. αλλα την μεν των λαγωων επιληπτους θεραπευειν εγραψαν, ει μετ' οξους πινοιτο, και ρουν γυναικειον ιασθαι και γαλα τεθρομβωμενον εν κοιλια λυειν, ομοιως δε και αιμα· τινες δε και τας εκ θωρακος πτυσεις του αιματος επεχειν αυτην φασιν. ιππειαν δε πυτιαν εγραψαν κοιλιακοις τε και δυσεντερικοις αρμοττειν, την δε της φωκης καστοριου δυναμιν εχειν.",,draft,2,255,255,66,paul_row=516; lemma_gr=πυτία; edition_pages=2.255
PAUL_AEG-7.3.518,PAUL_AEG,7.3.518,Ῥάκος,,,,"Ῥάκος κεκαυμένον τὸ μὲν ἐξ ἐρίων ὁμοίαν ἐκείνοις ἔχει κεκαυμένοις δύναμιν, τὸ δὲ λινοῦν καιόμενον μὲν ἔτι λεπτομερῆ καπνὸν ἐκδίδωσιν, ὡς καὶ κατάρρους ἐκφράττειν καὶ ταῖς τῆς ὑστέρας ἁρμόττειν ἀναδρομαῖς, ἤδη δὲ καυθὲν ἐγγύς ἐστιν ἐρίῳ τὴν δύναμιν.","ρακος κεκαυμενον το μεν εξ εριων ομοιαν εκεινοις εχει κεκαυμενοις δυναμιν, το δε λινουν καιομενον μεν ετι λεπτομερη καπνον εκδιδωσιν, ως και καταρρους εκφραττειν και ταις της υστερας αρμοττειν αναδρομαις, ηδη δε καυθεν εγγυς εστιν εριω την δυναμιν.",,draft,2,255,255,38,paul_row=517; lemma_gr=ῥάκος; edition_pages=2.255
PAUL_AEG-7.3.519,PAUL_AEG,7.3.519,Ῥάμνος,,,,"Ῥάμνος ξηραίνει μὲν κατὰ τὴν δευτέραν ἀπόστασιν, ψύχει δὲ κατὰ τὴν πρώτην· ὅθεν ἕρπητας ἰᾶται καὶ ἐρυσιπέλατα μὴ πάνυ θερμά. χρηστέον δὲ τοῖς ἁπαλοῖς φύλλοις.","ραμνος ξηραινει μεν κατα την δευτεραν αποστασιν, ψυχει δε κατα την πρωτην· οθεν ερπητας ιαται και ερυσιπελατα μη πανυ θερμα. χρηστεον δε τοις απαλοις φυλλοις.",,draft,2,255,255,25,paul_row=518; lemma_gr=ῥάμνος; edition_pages=2.255
PAUL_AEG-7.3.520,PAUL_AEG,7.3.520,Ῥάφανος,,,,"Ῥάφανος θερμαίνει μὲν κατὰ τὴν τρίτην ἀπόστασιν, ξηραίνει δὲ κατὰ τὴν δευτέραν. ἡ δὲ ἀγρία δραστικωτέρα ἐστίν. ἀμφοῖν δὲ τὸ σπέρμα ἰσχυρότερον· διαφοροῦσι γοῦν τά τε ὑπώπια καὶ τὰ ἄλλα πελιδνά.","ραφανος θερμαινει μεν κατα την τριτην αποστασιν, ξηραινει δε κατα την δευτεραν. η δε αγρια δραστικωτερα εστιν. αμφοιν δε το σπερμα ισχυροτερον· διαφορουσι γουν τα τε υπωπια και τα αλλα πελιδνα.",,draft,2,255,256,31,paul_row=519; lemma_gr=ῥάφανος; edition_pages=2.255-256
PAUL_AEG-7.3.521,PAUL_AEG,7.3.521,"Ῥῆον, οἱ δὲ ῥᾶ",,,,"Ῥῆον, οἱ δὲ ῥᾶ, σύνθετόν ἐστιν ἐκ γεώδους ψυχρᾶς καὶ λεπτομεροῦς οὐσίας ἀερώδους τε καὶ θερμῆς καὶ δριμείας ἠρέμα· ὅθεν σπάσματα καὶ ῥήγματα καὶ ὀρθοπνοίας ὀνίνησι καὶ πελιώματα τῷ διαφορεῖν, τῷ δὲ στύφειν αἵματός τε πτύσεις καὶ κοιλιακοὺς καὶ δυσεντερικούς, δι' ἄμφω δὲ τοὺς ἡπατικοὺς ὠφελεῖ.","ρηον, οι δε ρα, συνθετον εστιν εκ γεωδους ψυχρας και λεπτομερους ουσιας αερωδους τε και θερμης και δριμειας ηρεμα· οθεν σπασματα και ρηγματα και ορθοπνοιας ονινησι και πελιωματα τω διαφορειν, τω δε στυφειν αιματος τε πτυσεις και κοιλιακους και δυσεντερικους, δι' αμφω δε τους ηπατικους ωφελει.",,draft,2,256,256,46,paul_row=520; lemma_gr=ῥῆον:ῥᾶ; edition_pages=2.256; derived_from=alias_review
PAUL_AEG-7.3.522,PAUL_AEG,7.3.522,Ῥητίναι,,,,"Ῥητίναι πᾶσαι θερμαίνουσι τε καὶ ξηραίνουσιν. ἀλλ' ἡ μὲν τερεβινθίνη πρωτεύει διαφορητική τε καὶ μαλακτικὴ καὶ λεπτομερὴς ὑπάρχουσα καὶ ῥυπτική· δι' ὃ καὶ ψώρας ἰᾶται. παραπλησία δὲ αὐτῇ καὶ ἡ λάριξ ἐστίν. ἥ γέ τοι πευκίνη καὶ ταύτης ἔτι μᾶλλον ἡ στροβιλίνη δριμυτέρα μέν ἐστιν, οὐ μὴν οὔτε διαφορεῖ πλεῖον οὔτε ἐπισπᾶται· μέσαι δὲ αὐτῶν εἰσιν ἡ πιτυίνη τε καὶ ἡ ἐλατίνη.","ρητιναι πασαι θερμαινουσι τε και ξηραινουσιν. αλλ' η μεν τερεβινθινη πρωτευει διαφορητικη τε και μαλακτικη και λεπτομερης υπαρχουσα και ρυπτικη· δι' ο και ψωρας ιαται. παραπλησια δε αυτη και η λαριξ εστιν. η γε τοι πευκινη και ταυτης ετι μαλλον η στροβιλινη δριμυτερα μεν εστιν, ου μην ουτε διαφορει πλειον ουτε επισπαται· μεσαι δε αυτων εισιν η πιτυινη τε και η ελατινη.",,draft,2,256,256,62,paul_row=521; lemma_gr=ῥητίναι; edition_pages=2.256
PAUL_AEG-7.3.523,PAUL_AEG,7.3.523,Ῥόδα,,,,Ῥόδα σύνθετα τὴν φύσιν ἐστὶν ἐξ ὑδατώδους οὐσίας θερμῆς καὶ στυφούσης τε καὶ πικρᾶς. τὸ δὲ ἄνθος αὐτῶν ἔτι μᾶλλόν ἐστι στυπτικόν· ὅθεν καὶ ξηραντικόν.,ροδα συνθετα την φυσιν εστιν εξ υδατωδους ουσιας θερμης και στυφουσης τε και πικρας. το δε ανθος αυτων ετι μαλλον εστι στυπτικον· οθεν και ξηραντικον.,,draft,2,256,256,25,paul_row=522; lemma_gr=ῥόδα; edition_pages=2.256
PAUL_AEG-7.3.524,PAUL_AEG,7.3.524,Ῥοδία ῥίζα,,,,Ῥοδία ῥίζα θερμαίνει μὲν κατὰ τὴν δευτέραν ἀπόστασιν λεπτομεροῦς τε καὶ διαφορητικῆς ἐστι δυνάμεως.,ροδια ριζα θερμαινει μεν κατα την δευτεραν αποστασιν λεπτομερους τε και διαφορητικης εστι δυναμεως.,,draft,2,256,256,14,paul_row=523; lemma_gr=ῥοδία ῥίζα; edition_pages=2.256
PAUL_AEG-7.3.525,PAUL_AEG,7.3.525,Ῥοιαὶ,,,,"Ῥοιαὶ ὅλαι τὴν στυπτικὴν δύναμιν ἐπικρατοῦσαν ἔχουσι, δι' ἣν ψύχουσί τε καὶ ξηραίνουσιν. ἀλλ' αἱ μὲν γλυκεῖαι τῶν ἄλλων ἧσσον ἄμφω κέκτηνται, αἱ δ' αὐστηραὶ μᾶλλον μὲν ψύχουσι, ξηρότεραι δέ εἰσι καὶ εὐστόμαχοι, αἱ δὲ ὀξεῖαι ψύχουσι καὶ πλέον ἔχουσαί τι καὶ τμητικόν. τὰ δὲ γίγαρτα τοῦ χυλοῦ στυπτικώτερά τέ ἐστι καὶ ξηραντικώτερα, τούτων δὲ ἔτι μᾶλλον τὰ λέμματα τὰ σίδια προσαγορευόμενα· παραπλησίας δὲ τούτοις εἰσὶ δυνάμεως οἱ κύτινοι.","ροιαι ολαι την στυπτικην δυναμιν επικρατουσαν εχουσι, δι' ην ψυχουσι τε και ξηραινουσιν. αλλ' αι μεν γλυκειαι των αλλων ησσον αμφω κεκτηνται, αι δ' αυστηραι μαλλον μεν ψυχουσι, ξηροτεραι δε εισι και ευστομαχοι, αι δε οξειαι ψυχουσι και πλεον εχουσαι τι και τμητικον. τα δε γιγαρτα του χυλου στυπτικωτερα τε εστι και ξηραντικωτερα, τουτων δε ετι μαλλον τα λεμματα τα σιδια προσαγορευομενα· παραπλησιας δε τουτοις εισι δυναμεως οι κυτινοι.",,draft,2,256,256,69,paul_row=524; lemma_gr=ῥοιαί; edition_pages=2.256
PAUL_AEG-7.3.526,PAUL_AEG,7.3.526,Ῥοὸς,,,,"Ῥοὸς τοῦ βυρσοδεψικοῦ καλουμένου τοῖς ἰατροῖς ὁ καρπὸς μάλιστα καὶ ὁ χυλὸς εἰς χρείαν ἥκουσιν ἱκανῶς ὄντος στυπτικοῦ μὲν καὶ ξηραντικοῦ ἐκ τῆς τρίτης τάξεως, ῥυπτικοῦ δὲ τῆς δευτέρας.","ροος του βυρσοδεψικου καλουμενου τοις ιατροις ο καρπος μαλιστα και ο χυλος εις χρειαν ηκουσιν ικανως οντος στυπτικου μεν και ξηραντικου εκ της τριτης ταξεως, ρυπτικου δε της δευτερας.",,draft,2,256,256,29,paul_row=525; lemma_gr=ῥοός; edition_pages=2.256
PAUL_AEG-7.3.527,PAUL_AEG,7.3.527,Ῥύπος ἀπὸ τῶν χαλκῶν ἀνδριάντων ἢ σκευῶν,,,,"Ῥύπος ἀπὸ τῶν χαλκῶν ἀνδριάντων ἢ σκευῶν, ἐν οἷς ἄφθονον ἔλαιον ἐναπομένει, ἔχων τι καὶ ἰοῦ διαφορητικός τέ ἐστι καὶ ξηραντικὸς μετρίως καὶ μαλακτικός· ἄπεπτα γοῦν φύματα διαφορεῖ. περὶ δὲ τοῦ κατὰ παλαίστρας, ὃν ἔνιοι καὶ πάτον καλοῦσιν, ἐν τῷ περὶ ἱδρῶτος εἴρηται. ὁ δὲ ἐν τοῖς ὠσὶ ῥύπος παρωνυχίας ἰᾶσθαι λέγεται.","ρυπος απο των χαλκων ανδριαντων η σκευων, εν οις αφθονον ελαιον εναπομενει, εχων τι και ιου διαφορητικος τε εστι και ξηραντικος μετριως και μαλακτικος· απεπτα γουν φυματα διαφορει. περι δε του κατα παλαιστρας, ον ενιοι και πατον καλουσιν, εν τω περι ιδρωτος ειρηται. ο δε εν τοις ωσι ρυπος παρωνυχιας ιασθαι λεγεται.",,draft,2,256,257,52,paul_row=526; lemma_gr=ῥύπος ἀπὸ τῶν χαλκῶν ἀνδριάντων ἢ σκευῶν; edition_pages=2.256-257
PAUL_AEG-7.3.528,PAUL_AEG,7.3.528,Σαγαπηνὸν ὀπός,,,,"Σαγαπηνὸν ὀπός ἐστιν οἷον νάρθηκος θερμὸς καὶ λεπτομερής, ἔχει δέ τι καὶ ῥυπτικόν, ὡς καὶ ταῖς ἐν ὀφθαλμοῖς οὐλαῖς τε καὶ ὑποχύσεσιν ἁρμόττειν.","σαγαπηνον οπος εστιν οιον ναρθηκος θερμος και λεπτομερης, εχει δε τι και ρυπτικον, ως και ταις εν οφθαλμοις ουλαις τε και υποχυσεσιν αρμοττειν.",,draft,2,257,257,23,paul_row=527; lemma_gr=σαγαπηνὸν ὀπός; edition_pages=2.257
PAUL_AEG-7.3.529,PAUL_AEG,7.3.529,Σαλαμάνδρας,,,,Σαλαμάνδρας καυθείσης τὴν τέφραν ἔνιοι μιγνύουσι σηπτικαῖς τε καὶ λεπρικαῖς καὶ ψωρικαῖς δυνάμεσιν.,σαλαμανδρας καυθεισης την τεφραν ενιοι μιγνυουσι σηπτικαις τε και λεπρικαις και ψωρικαις δυναμεσιν.,,draft,2,257,257,13,paul_row=528; lemma_gr=σαλαμάνδρας; edition_pages=2.257
PAUL_AEG-7.3.530,PAUL_AEG,7.3.530,Σάμψυχον,,,,"Σάμψυχον θερμαίνει καὶ ξηραίνει κατὰ τὴν τρίτην ἀπόστασιν, ἔστι δὲ καὶ λεπτομερὲς καὶ διαφορητικόν.","σαμψυχον θερμαινει και ξηραινει κατα την τριτην αποστασιν, εστι δε και λεπτομερες και διαφορητικον.",,draft,2,257,257,14,paul_row=529; lemma_gr=σάμψυχον; edition_pages=2.257
PAUL_AEG-7.3.531,PAUL_AEG,7.3.531,Σανδαράχη,,,,"Σανδαράχη καυστικῆς ἐστι δυνάμεως, ὥσπερ καὶ τὸ ἀρσενικόν.","σανδαραχη καυστικης εστι δυναμεως, ωσπερ και το αρσενικον.",,draft,2,257,257,8,paul_row=530; lemma_gr=σανδαράχη; edition_pages=2.257
PAUL_AEG-7.3.532,PAUL_AEG,7.3.532,Σάνδυξ ἢ σηρικὸν,,,,"Σάνδυξ ἢ σηρικὸν λεπτομεροῦς μέν ἐστι καὶ ξηραντικῆς δυνάμεως, οὐ μὴν θερμῆς.","σανδυξ η σηρικον λεπτομερους μεν εστι και ξηραντικης δυναμεως, ου μην θερμης.",,draft,2,257,257,12,paul_row=531; lemma_gr=σάνδυξ:σηρικόν; edition_pages=2.257
PAUL_AEG-7.3.533,PAUL_AEG,7.3.533,Σαπρότης ξύλων,,,,"Σαπρότης ξύλων, καὶ μάλιστα τῆς πτελέας, καθαίρει καὶ ἀναπληροῖ τὰ ὑγρὰ τῶν ἑλκῶν.","σαπροτης ξυλων, και μαλιστα της πτελεας, καθαιρει και αναπληροι τα υγρα των ελκων.",,draft,2,257,257,13,paul_row=532; lemma_gr=σαπρότης ξύλων; edition_pages=2.257
PAUL_AEG-7.3.534,PAUL_AEG,7.3.534,Σάπων,,,,Σάπων ῥυπτικῆς ἐστι καὶ στυπτικῆς δυνάμεως.,σαπων ρυπτικης εστι και στυπτικης δυναμεως.,,draft,2,257,257,6,paul_row=533; lemma_gr=σάπων; edition_pages=2.257
PAUL_AEG-7.3.535,PAUL_AEG,7.3.535,Σαρκοκόλλα,,,,Σαρκοκόλλα δάκρυόν ἐστι δένδρου Περσικοῦ ἐμπλαστικόν τε καὶ ἀδήκτως ξηραῖνον καὶ διὰ τοῦτο καὶ τραύματα κολλᾷ.,σαρκοκολλα δακρυον εστι δενδρου περσικου εμπλαστικον τε και αδηκτως ξηραινον και δια τουτο και τραυματα κολλα.,,draft,2,257,257,16,paul_row=534; lemma_gr=σαρκοκόλλα; edition_pages=2.257
PAUL_AEG-7.3.536,PAUL_AEG,7.3.536,Σαρξιφαγὲς,,,,Σαρξιφαγὲς διουρητικόν τέ ἐστι καὶ λίθων θρυπτικόν.,σαρξιφαγες διουρητικον τε εστι και λιθων θρυπτικον.,,draft,2,257,257,7,paul_row=535; lemma_gr=σαρξιφαγές; edition_pages=2.257
PAUL_AEG-7.3.537,PAUL_AEG,7.3.537,Σατύριον ἢ τρίφυλλον,,,,"Σατύριον ἢ τρίφυλλον ὑγρόν ἐστι καὶ θερμὸν τὴν κρᾶσιν καὶ φυσῶδες· ὅθεν εἰς ἀφροδίσια παρορμᾷ· τινὲς δὲ καὶ ὀπισθοτόνους αὐτό φασιν ἰᾶσθαι μετ' οἴνου αὐστηροῦ πινόμενον. ἐν δὲ τῷ Περὶ τῆς θηριακῆς ὁ Γαληνός φησιν τὴν τρίφυλλον τὴν τῷ ὑακίνθῳ ὁμοίαν, ὁπόταν τοῦ ἔαρος ἐγκύμων γενομένη τὸ σπέρμα ὅμοιον ἔχῃ τῇ ἀγρίᾳ κνήκῳ, ἀφεψομένης αὐτῆς τὸ ζέμα φαλαγγίου μὲν ἢ ἔχεως δήγματι καταντλούμενον θεραπεύειν αὐτό, ὑγιεῖ δὲ τόπῳ προσφερόμενον, φησίν, ὅμοιον πάθος ἐργάζεται τοῖς ὑπό τινος τούτων δηχθεῖσιν.","σατυριον η τριφυλλον υγρον εστι και θερμον την κρασιν και φυσωδες· οθεν εις αφροδισια παρορμα· τινες δε και οπισθοτονους αυτο φασιν ιασθαι μετ' οινου αυστηρου πινομενον. εν δε τω περι της θηριακης ο γαληνος φησιν την τριφυλλον την τω υακινθω ομοιαν, οποταν του εαρος εγκυμων γενομενη το σπερμα ομοιον εχη τη αγρια κνηκω, αφεψομενης αυτης το ζεμα φαλαγγιου μεν η εχεως δηγματι καταντλουμενον θεραπευειν αυτο, υγιει δε τοπω προσφερομενον, φησιν, ομοιον παθος εργαζεται τοις υπο τινος τουτων δηχθεισιν.",,draft,2,257,257,78,paul_row=536; lemma_gr=σατύριον:τρίφυλλον; edition_pages=2.257
PAUL_AEG-7.3.538,PAUL_AEG,7.3.538,Σαύρας,,,,"Σαύρας ἧπαρ μὲν καὶ κεφαλὴ κατὰ τὸν ἴδιον εἴρηται τόπον, ὅλη δὲ ἀνασχισθεῖσα καὶ ἐπιτεθεῖσα σκορπιοπλήκτους ἰᾶται.","σαυρας ηπαρ μεν και κεφαλη κατα τον ιδιον ειρηται τοπον, ολη δε ανασχισθεισα και επιτεθεισα σκορπιοπληκτους ιαται.",,draft,2,257,257,17,paul_row=537; lemma_gr=σαύρας; edition_pages=2.257
PAUL_AEG-7.3.539,PAUL_AEG,7.3.539,Σέλινον,,,,"Σέλινον θερμὸν εἰς τοσοῦτόν ἐστιν, ὡς οὖρά τε κινεῖν καὶ καταμήνια· ἔστι δὲ καὶ ἄφυσον, καὶ μάλιστα τὸ σπέρμα.","σελινον θερμον εις τοσουτον εστιν, ως ουρα τε κινειν και καταμηνια· εστι δε και αφυσον, και μαλιστα το σπερμα.",,draft,2,257,257,19,paul_row=538; lemma_gr=σέλινον; edition_pages=2.257
PAUL_AEG-7.3.540,PAUL_AEG,7.3.540,Σέρις,,,,Σέρις ὑπόπικρόν ἐστι λάχανον ψῦχον ἱκανῶς καὶ ὑγραῖνον· ἔχει δέ τι καὶ στύψεως.,σερις υποπικρον εστι λαχανον ψυχον ικανως και υγραινον· εχει δε τι και στυψεως.,,draft,2,258,258,13,paul_row=539; lemma_gr=σέρις; edition_pages=2.258
PAUL_AEG-7.3.541,PAUL_AEG,7.3.541,Σέριφον,,,,"Σέριφον θερμαίνει μὲν κατὰ τὴν δευτέραν τάξιν, ξηραίνει δὲ κατὰ τὴν πρώτην, παραπλήσιον μὲν ὑπάρχον ἀψινθίῳ, ἧττον δὲ αὐτοῦ στύφει καὶ μᾶλλον θερμαίνει καὶ ἕλμεις κτείνει· ἔστι δὲ μετρίως κακοστόμαχον.","σεριφον θερμαινει μεν κατα την δευτεραν ταξιν, ξηραινει δε κατα την πρωτην, παραπλησιον μεν υπαρχον αψινθιω, ηττον δε αυτου στυφει και μαλλον θερμαινει και ελμεις κτεινει· εστι δε μετριως κακοστομαχον.",,draft,2,258,258,30,paul_row=540; lemma_gr=σέριφον; edition_pages=2.258
PAUL_AEG-7.3.542,PAUL_AEG,7.3.542,Σεσέλεως,,,,"Σεσέλεως ἡ ῥίζα, καὶ μᾶλλον ὁ καρπός, ἱκανῶς θερμαίνει μετὰ λεπτομερείας· ἔστι δὲ καὶ οὐρητικὸν πρὸς ἐπιληψίαν τε καὶ ὀρθοπνοίας ἁρμόττει.","σεσελεως η ριζα, και μαλλον ο καρπος, ικανως θερμαινει μετα λεπτομερειας· εστι δε και ουρητικον προς επιληψιαν τε και ορθοπνοιας αρμοττει.",,draft,2,258,258,21,paul_row=541; lemma_gr=σεσέλεως; edition_pages=2.258
PAUL_AEG-7.3.543,PAUL_AEG,7.3.543,Σηπίας ὄστρακον,,,,"Σηπίας ὄστρακον παραπλήσιον μέν ἐστιν ὀστρέῳ τὴν δύναμιν, λεπτομερὲς δὲ καὶ μᾶλλον ῥυπτικόν· ὅθεν, εἰ καυθείη, πτερύγια λεπτύνει σὺν ἁλσὶν ὀρυκτοῖς, ἄκαυστον δὲ συκώσεις ἀποσμήχει παρατριβόμενον καὶ τὰ περὶ τὸ δέρμα ῥύπτει.","σηπιας οστρακον παραπλησιον μεν εστιν οστρεω την δυναμιν, λεπτομερες δε και μαλλον ρυπτικον· οθεν, ει καυθειη, πτερυγια λεπτυνει συν αλσιν ορυκτοις, ακαυστον δε συκωσεις αποσμηχει παρατριβομενον και τα περι το δερμα ρυπτει.",,draft,2,258,258,32,paul_row=542; lemma_gr=σηπίας ὄστρακον; edition_pages=2.258
PAUL_AEG-7.3.544,PAUL_AEG,7.3.544,Σησαμοειδοῦς τοῦ λευκοῦ,,,,Σησαμοειδοῦς τοῦ λευκοῦ τὸ σπέρμα θερμαίνει τε καὶ ῥύπτει καὶ ῥήσσει.,σησαμοειδους του λευκου το σπερμα θερμαινει τε και ρυπτει και ρησσει.,,draft,2,258,258,11,paul_row=543; lemma_gr=σησαμοειδοῦς τοῦ λευκοῦ; edition_pages=2.258
PAUL_AEG-7.3.545,PAUL_AEG,7.3.545,Σήσαμον,,,,Σήσαμον οὐκ ὀλίγον ἔχει τὸ γλίσχρον καὶ λιπαρόν· ὅθεν ἐμπλαστικόν τε καὶ μαλακτικόν ἐστι καὶ μετρίως θερμαῖνον.,σησαμον ουκ ολιγον εχει το γλισχρον και λιπαρον· οθεν εμπλαστικον τε και μαλακτικον εστι και μετριως θερμαινον.,,draft,2,258,258,17,paul_row=544; lemma_gr=σήσαμον; edition_pages=2.258
PAUL_AEG-7.3.546,PAUL_AEG,7.3.546,"Σήψ, ἣν ἔνιοι Χαλκιδικὴν σαύραν ἐκάλεσαν",,,,"Σήψ, ἣν ἔνιοι Χαλκιδικὴν σαύραν ἐκάλεσαν, ἐν οἴνῳ ποθεῖσα τοὺς ὑπ' αὐτῆς δηχθέντας ἰᾶται.","σηψ, ην ενιοι χαλκιδικην σαυραν εκαλεσαν, εν οινω ποθεισα τους υπ' αυτης δηχθεντας ιαται.",,draft,2,258,258,14,paul_row=545; lemma_gr=σήψ:χαλκιδικὴ σαύρα; edition_pages=2.258; derived_from=alias_review
PAUL_AEG-7.3.547,PAUL_AEG,7.3.547,Σίαλον τὸ τῶν ἀνθρώπων,,,,"Σίαλον τὸ τῶν ἀνθρώπων, νήστεων μάλιστα, διαφορητικόν τε καὶ ῥυπτικόν ἐστι· λειχῆνας γοῦν παιδίων ἀπορρύπτει χρισθὲν καὶ δοθιῆνας πέττει, μετὰ πυρῶν δηλονότι μασηθέντων ἐπιτιθέμενον, ὑπώπιά τε αἴρει· τοῖς δὲ τοὺς ἀνθρώπους ἀναιροῦσι θηρίοις ἐναντιώτατόν ἐστιν.","σιαλον το των ανθρωπων, νηστεων μαλιστα, διαφορητικον τε και ρυπτικον εστι· λειχηνας γουν παιδιων απορρυπτει χρισθεν και δοθιηνας πεττει, μετα πυρων δηλονοτι μασηθεντων επιτιθεμενον, υπωπια τε αιρει· τοις δε τους ανθρωπους αναιρουσι θηριοις εναντιωτατον εστιν.",,draft,2,258,258,35,paul_row=546; lemma_gr=σίαλον τὸ τῶν ἀνθρώπων; edition_pages=2.258
PAUL_AEG-7.3.548,PAUL_AEG,7.3.548,Σιδηρῖτις,,,,"Σιδηρῖτις εἴρηται· ἡ δὲ Ἀχίλλειος σιδηρῖτις ἐμφερὴς μέν ἐστιν ἐκείνῃ, μᾶλλον δὲ στύφει· ὅθεν τοῖς ῥοώδεσιν ἁρμόττει πάθεσιν.","σιδηριτις ειρηται· η δε αχιλλειος σιδηριτις εμφερης μεν εστιν εκεινη, μαλλον δε στυφει· οθεν τοις ροωδεσιν αρμοττει παθεσιν.",,draft,2,258,258,18,paul_row=547; lemma_gr=σιδηρῖτις; edition_pages=2.258
PAUL_AEG-7.3.549,PAUL_AEG,7.3.549,Σίδηρος,,,,"Σίδηρος ἐναποσβεσθεὶς ὕδατι πολλάκις ξηραντικὴν ἱκανῶς αὐτῷ δύναμιν ἐναποτίθεται· πινόμενον γοῦν ἁρμόττει σπληνικοῖς. εἰ δὲ εἰς οἶνον ἀποσβεσθείη, κοιλιακοῖς τε καὶ δυσεντερικοῖς καὶ χολεριῶσιν ἐκλελυμένοις στομάχῳ ἀρήγει.","σιδηρος εναποσβεσθεις υδατι πολλακις ξηραντικην ικανως αυτω δυναμιν εναποτιθεται· πινομενον γουν αρμοττει σπληνικοις. ει δε εις οινον αποσβεσθειη, κοιλιακοις τε και δυσεντερικοις και χολεριωσιν εκλελυμενοις στομαχω αρηγει.",,draft,2,258,258,27,paul_row=548; lemma_gr=σίδηρος; edition_pages=2.258
PAUL_AEG-7.3.550,PAUL_AEG,7.3.550,Σίκυος,,,,"Σίκυος ὁ μὲν ἐδώδιμος χλωρὸς ἔτι ψύχει τε καὶ ὑγραίνει κατὰ τὴν δευτέραν τάξιν, καὶ ἡ μὲν σὰρξ αὐτοῦ ζεούσας παραμυθεῖται φλεγμονάς, τὸ δὲ σπέρμα ῥυπτικόν τε καὶ τμητικόν ἐστιν· οὖρά τε οὖν κινεῖ καὶ λαμπρύνει τὸ σῶμα. ξηρὸς δὲ ξηραίνει κατὰ τὴν πρώτην τάξιν, καὶ μᾶλλον ῥύπτει τό τε σπέρμα καὶ ἡ ῥίζα.","σικυος ο μεν εδωδιμος χλωρος ετι ψυχει τε και υγραινει κατα την δευτεραν ταξιν, και η μεν σαρξ αυτου ζεουσας παραμυθειται φλεγμονας, το δε σπερμα ρυπτικον τε και τμητικον εστιν· ουρα τε ουν κινει και λαμπρυνει το σωμα. ξηρος δε ξηραινει κατα την πρωτην ταξιν, και μαλλον ρυπτει το τε σπερμα και η ριζα.",,draft,2,259,259,54,paul_row=549; lemma_gr=σίκυος; edition_pages=2.259
PAUL_AEG-7.3.551,PAUL_AEG,7.3.551,Σικύου ἀγρίου,,,,"Σικύου ἀγρίου ὁ μὲν τοῦ καρποῦ χυλὸς ἐλατήριον εἴρηται· ὁ δὲ τῆς ῥίζης τε καὶ τῶν φύλλων ὅμοιος μέν ἐστιν ἐλατηρίῳ, ἀσθενέςτερος δέ. ἡ ῥίζα δὲ ῥύπτει, διαφορεῖ, μαλάσσει· ξηραντικώτερος δὲ ὁ φλοιός.","σικυου αγριου ο μεν του καρπου χυλος ελατηριον ειρηται· ο δε της ριζης τε και των φυλλων ομοιος μεν εστιν ελατηριω, ασθενεςτερος δε. η ριζα δε ρυπτει, διαφορει, μαλασσει· ξηραντικωτερος δε ο φλοιος.",,draft,2,259,259,33,paul_row=550; lemma_gr=σικύου ἀγρίου; edition_pages=2.259
PAUL_AEG-7.3.552,PAUL_AEG,7.3.552,Σίλλυβον,,,,"Σίλλυβον ἀκανθῶδές ἐστι φυτὸν παραπλήσιον τῷ λευκῷ χαμαιλέοντι, ἐδώδιμον δέ. τῆς ῥίζης δὲ ὁ ὀπὸς ὅσον 𐅻 α σὺν μελικράτῳ ποθεὶς ἐμέτους κινεῖ.","σιλλυβον ακανθωδες εστι φυτον παραπλησιον τω λευκω χαμαιλεοντι, εδωδιμον δε. της ριζης δε ο οπος οσον 𐅻 α συν μελικρατω ποθεις εμετους κινει.",,draft,2,259,259,23,paul_row=551; lemma_gr=σίλλυβον; edition_pages=2.259
PAUL_AEG-7.3.553,PAUL_AEG,7.3.553,Σίλουρος ταριχηρὸς,,,,"Σίλουρος ταριχηρὸς βρωθεὶς ἀρτηρίαν κάθυγρον διακαθαίρει, καταπλασσόμενος δὲ σκόλοπας ἀνάγει.","σιλουρος ταριχηρος βρωθεις αρτηριαν καθυγρον διακαθαιρει, καταπλασσομενος δε σκολοπας αναγει.",,draft,2,259,259,10,paul_row=552; lemma_gr=σίλουρος ταριχηρός; edition_pages=2.259
PAUL_AEG-7.3.554,PAUL_AEG,7.3.554,Σίλφης,,,,Σίλφης τῆς ἐν τοῖς ἀρτοκοπείοις εὑρισκομένης τὰ ἐντὸς ἑψόμενα τριπτὰ ὠταλγίας ἰᾶται.,σιλφης της εν τοις αρτοκοπειοις ευρισκομενης τα εντος εψομενα τριπτα ωταλγιας ιαται.,,draft,2,259,259,12,paul_row=553; lemma_gr=σίλφης; edition_pages=2.259
PAUL_AEG-7.3.555,PAUL_AEG,7.3.555,Σίλφιον,,,,"Σίλφιον θερμαίνει γενναίως, ἔστι δὲ καὶ φυσῶδες καὶ δύσπεπτον, ἔξωθεν δὲ τοῦ σώματος δραστηριώτερον, καὶ μᾶλλον ὁ ὀπὸς ἑλκτικῆς ὑπάρχων δυνάμεως· ἔχει δέ τι καὶ καθαιρετικόν.","σιλφιον θερμαινει γενναιως, εστι δε και φυσωδες και δυσπεπτον, εξωθεν δε του σωματος δραστηριωτερον, και μαλλον ο οπος ελκτικης υπαρχων δυναμεως· εχει δε τι και καθαιρετικον.",,draft,2,259,259,26,paul_row=554; lemma_gr=σίλφιον; edition_pages=2.259
PAUL_AEG-7.3.556,PAUL_AEG,7.3.556,Σίνων,,,,Σίνων θερμὸς οὐρητικός τε καὶ πεπτικός ἐστιν ἔμμηνά τε ἄγει καὶ ἐκφράσσει τὰ σπλάγχνα.,σινων θερμος ουρητικος τε και πεπτικος εστιν εμμηνα τε αγει και εκφρασσει τα σπλαγχνα.,,draft,2,259,259,14,paul_row=555; lemma_gr=σίνων; edition_pages=2.259
PAUL_AEG-7.3.557,PAUL_AEG,7.3.557,Σίον,,,,Σίον θερμὸν οὐρητικὸν καὶ διαφορητικὸν λίθων τε τῶν ἐν νεφροῖς θρυπτικὸν καὶ ἐμμήνων ἀγωγόν.,σιον θερμον ουρητικον και διαφορητικον λιθων τε των εν νεφροις θρυπτικον και εμμηνων αγωγον.,,draft,2,259,259,14,paul_row=556; lemma_gr=σίον; edition_pages=2.259
PAUL_AEG-7.3.558,PAUL_AEG,7.3.558,Σισάρου ἡ ῥίζα,,,,Σισάρου ἡ ῥίζα ἑφθὴ εὐστόμαχός ἐστι καὶ οὐρητικὴ θερμὴ κατὰ τὴν τρίτην τάξιν.,σισαρου η ριζα εφθη ευστομαχος εστι και ουρητικη θερμη κατα την τριτην ταξιν.,,draft,2,259,259,13,paul_row=557; lemma_gr=σισάρου ἡ ῥίζα; edition_pages=2.259
PAUL_AEG-7.3.559,PAUL_AEG,7.3.559,Σισυμβρίου,,,,Σισυμβρίου λεπτομερές τέ ἐστι καὶ διαφορητικὸν ἰσχυρόν τε τὸ σπέρμα· δι' ὃ τοῖς τε λύζουσι καὶ στροφουμένοις δίδοται σὺν οἴνῳ.,σισυμβριου λεπτομερες τε εστι και διαφορητικον ισχυρον τε το σπερμα· δι' ο τοις τε λυζουσι και στροφουμενοις διδοται συν οινω.,,draft,2,259,259,20,paul_row=558; lemma_gr=σισυμβρίου; edition_pages=2.259
PAUL_AEG-7.3.560,PAUL_AEG,7.3.560,"Σισύμβριον, ὃ καὶ καρδαμίνην ὀνομάζουσι",,,,"Σισύμβριον, ὃ καὶ καρδαμίνην ὀνομάζουσι καρδάμῳ προσεοικός, ξηρὸν μὲν θερμαίνει καὶ ξηραίνει κατὰ τὴν πρώτην τάξιν, ὑγρὸν δὲ κατὰ τὴν δευτέραν.","σισυμβριον, ο και καρδαμινην ονομαζουσι καρδαμω προσεοικος, ξηρον μεν θερμαινει και ξηραινει κατα την πρωτην ταξιν, υγρον δε κατα την δευτεραν.",,draft,2,259,259,21,paul_row=559; lemma_gr=σισύμβριον:καρδαμίνη; edition_pages=2.259; derived_from=alias_review
PAUL_AEG-7.3.561,PAUL_AEG,7.3.561,Σκαμμωνία,,,,"Σκαμμωνία θερμῆς καὶ διαφορητικῆς καὶ ῥυπτικῆς καὶ καθαρτικῆς χολωδῶν ἐστι δυνάμεως, καὶ μᾶλλον ὁ ὀπός, ὃς δὴ καὶ φύματα διαφορεῖ καὶ ἔμβρυα φθείρει προστιθέμενος καὶ λέπρας ἐξάγει κεφαλαλγίας τε χρονίας ἐστὶν ἐπίβρεγμα σὺν ὀξυροδίνῳ. καὶ ἡ ῥίζα δὲ καθαίρει ποθεῖσα αὐτή τε καὶ τὸ ἀφέψημα αὐτῆς, σὺν ὄξει δὲ καὶ ἀλεύρῳ κριθίνῳ καθεψηθεῖσα ἰσχιάσι καταπλάττεται.","σκαμμωνια θερμης και διαφορητικης και ρυπτικης και καθαρτικης χολωδων εστι δυναμεως, και μαλλον ο οπος, ος δη και φυματα διαφορει και εμβρυα φθειρει προστιθεμενος και λεπρας εξαγει κεφαλαλγιας τε χρονιας εστιν επιβρεγμα συν οξυροδινω. και η ριζα δε καθαιρει ποθεισα αυτη τε και το αφεψημα αυτης, συν οξει δε και αλευρω κριθινω καθεψηθεισα ισχιασι καταπλαττεται.",,draft,2,259,260,55,paul_row=560; lemma_gr=σκαμμωνία; edition_pages=2.259-260
PAUL_AEG-7.3.562,PAUL_AEG,7.3.562,Σκάνδιξ ἄγριόν,,,,Σκάνδιξ ἄγριόν ἐστι λάχανον θερμαῖνον καὶ ξηραῖνον κατὰ τὴν δευτέραν τάξιν οὐρητικόν τε καὶ τῶν σπλάγχνων ἐκφρακτικόν.,σκανδιξ αγριον εστι λαχανον θερμαινον και ξηραινον κατα την δευτεραν ταξιν ουρητικον τε και των σπλαγχνων εκφρακτικον.,,draft,2,260,260,17,paul_row=561; lemma_gr=σκάνδιξ ἄγριόν; edition_pages=2.260
PAUL_AEG-7.3.563,PAUL_AEG,7.3.563,Σκίγκου,,,,"Σκίγκου τὰ περὶ τοὺς νεφροὺς ὡς ἐντατικὸν τῶν αἰδοίων πίνεται, καὶ ἀντιπεπονθέναι γε αὐτοῖς δοκεῖ θρίδακος σπέρμα μεθ' ὕδατος πινόμενον καὶ τὸ τῶν φακῶν ἀφέψημα μετὰ μέλιτος.","σκιγκου τα περι τους νεφρους ως εντατικον των αιδοιων πινεται, και αντιπεπονθεναι γε αυτοις δοκει θριδακος σπερμα μεθ' υδατος πινομενον και το των φακων αφεψημα μετα μελιτος.",,draft,2,260,260,27,paul_row=562; lemma_gr=σκίγκου; edition_pages=2.260
PAUL_AEG-7.3.564,PAUL_AEG,7.3.564,Σκίλλα,,,,"Σκίλλα τμητικῆς ἐστι δυνάμεως, θερμαίνει δὲ καὶ ξηραίνει κατὰ τὴν δευτέραν τάξιν· ἄμεινον δὲ αὐτὴν ὀπτὴν ἢ ἑψηθεῖσαν λαμβάνειν.","σκιλλα τμητικης εστι δυναμεως, θερμαινει δε και ξηραινει κατα την δευτεραν ταξιν· αμεινον δε αυτην οπτην η εψηθεισαν λαμβανειν.",,draft,2,260,260,19,paul_row=563; lemma_gr=σκίλλα; edition_pages=2.260
PAUL_AEG-7.3.565,PAUL_AEG,7.3.565,Σκολοπένδρα θαλαττία,,,,"Σκολοπένδρα θαλαττία ἑψηθεῖσα ἐν ἐλαίῳ καὶ καταχρισθεῖσα ψιλοῖ τρίχας, καυθεῖσα δὲ κνησμὸν ἐργάζεται.","σκολοπενδρα θαλαττια εψηθεισα εν ελαιω και καταχρισθεισα ψιλοι τριχας, καυθεισα δε κνησμον εργαζεται.",,draft,2,260,260,13,paul_row=564; lemma_gr=σκολοπένδρα θαλαττία; edition_pages=2.260
PAUL_AEG-7.3.566,PAUL_AEG,7.3.566,Σκολοπένδριον,,,,Σκολοπένδριον τὸ ἄσπληνόν ἐστιν.,σκολοπενδριον το ασπληνον εστιν.,,draft,2,260,260,4,paul_row=565; lemma_gr=σκολοπένδριον; edition_pages=2.260
PAUL_AEG-7.3.567,PAUL_AEG,7.3.567,Σκόλυμον,,,,Σκόλυμον θερμαίνει καὶ ξηραίνει κατὰ τὴν δευτέραν τάξιν· ἡ δὲ ῥίζα αὐτοῦ πλῆθος οὔρων ἄγει δυσωδῶν σὺν οἴνῳ καθεψηθεῖσα καὶ ποθεῖσα καὶ τὰς τῶν μασχαλῶν τε καὶ ὅλου τοῦ σώματος ἰᾶται δυςωδίας.,σκολυμον θερμαινει και ξηραινει κατα την δευτεραν ταξιν· η δε ριζα αυτου πληθος ουρων αγει δυσωδων συν οινω καθεψηθεισα και ποθεισα και τας των μασχαλων τε και ολου του σωματος ιαται δυςωδιας.,,draft,2,260,260,32,paul_row=566; lemma_gr=σκόλυμον; edition_pages=2.260
PAUL_AEG-7.3.568,PAUL_AEG,7.3.568,Σκόρδιον,,,,Σκόρδιον ποικίλον ἐστὶ πικρὸν καὶ στρυφνὸν ὑπάρχον καὶ δριμύ· καθαίρει γοῦν ἅμα καὶ θερμαίνει τὰ σπλάγχνα καὶ οὖρα καὶ καταμήνια κινεῖ καὶ κατεψυγμένα πάντα θερμαίνει καὶ τραύματα κολλᾷ τε καὶ ἀνακαθαίρει καὶ ἀφουλοῖ ξηρὸν ἐπιπασσόμενον.,σκορδιον ποικιλον εστι πικρον και στρυφνον υπαρχον και δριμυ· καθαιρει γουν αμα και θερμαινει τα σπλαγχνα και ουρα και καταμηνια κινει και κατεψυγμενα παντα θερμαινει και τραυματα κολλα τε και ανακαθαιρει και αφουλοι ξηρον επιπασσομενον.,,draft,2,260,260,35,paul_row=567; lemma_gr=σκόρδιον; edition_pages=2.260
PAUL_AEG-7.3.569,PAUL_AEG,7.3.569,Σκόρδον,,,,Σκόρδον θερμαίνει καὶ ξηραίνει κατὰ τὴν τετάρτην ἀπόστασιν. τὸ δὲ ὀφιόσκορδον ἀγριόσκορδον ἰσχυρότερον τοῦ ἡμέρου.,σκορδον θερμαινει και ξηραινει κατα την τεταρτην αποστασιν. το δε οφιοσκορδον αγριοσκορδον ισχυροτερον του ημερου.,,draft,2,260,260,15,paul_row=568; lemma_gr=σκόρδον; edition_pages=2.260
PAUL_AEG-7.3.570,PAUL_AEG,7.3.570,Σκοροδόπρασον,,,,Σκοροδόπρασον καὶ τῇ γεύσει καὶ τῇ δυνάμει μικτόν ἐστιν ἀπὸ σκορόδου τε καὶ πράσου.,σκοροδοπρασον και τη γευσει και τη δυναμει μικτον εστιν απο σκοροδου τε και πρασου.,,draft,2,260,260,14,paul_row=569; lemma_gr=σκοροδόπρασον; edition_pages=2.260
PAUL_AEG-7.3.571,PAUL_AEG,7.3.571,Σκορπιοειδὲς,,,,"Σκορπιοειδὲς θερμαίνει μὲν κατὰ τὴν τρίτην τάξιν, ξηραίνει δὲ κατὰ τὴν δευτέραν.","σκορπιοειδες θερμαινει μεν κατα την τριτην ταξιν, ξηραινει δε κατα την δευτεραν.",,draft,2,260,260,12,paul_row=570; lemma_gr=σκορπιοειδές; edition_pages=2.260
PAUL_AEG-7.3.572,PAUL_AEG,7.3.572,Σκορπίος,,,,Σκορπίος ὁ μὲν χερσαῖος ὠμὸς ἐπιτεθεὶς βοήθημα τῆς ἰδίας γίνεται πληγῆς· ὁμοίως δὲ καὶ ὀπτὸς ἐσθιόμενος. ὁ δὲ θαλάττιος τὴν χολὴν ἔχει χρησίμην.,σκορπιος ο μεν χερσαιος ωμος επιτεθεις βοηθημα της ιδιας γινεται πληγης· ομοιως δε και οπτος εσθιομενος. ο δε θαλαττιος την χολην εχει χρησιμην.,,draft,2,260,261,23,paul_row=571; lemma_gr=σκορπίος; edition_pages=2.260-261
PAUL_AEG-7.3.573,PAUL_AEG,7.3.573,Σκωρία,,,,"Σκωρία πᾶσα μὲν ἱκανῶς ξηραίνει, ἡ δὲ τοῦ σιδήρου πλέον, ἥτις ἑψηθεῖσα λειοτάτη σὺν ὄξει ὦτα πυοροοῦντα θαυμασίως ἰᾶται· καὶ τοῖς ἀκόνιτον δὲ πιοῦσι βοηθεῖ σὺν ὀξυμέλιτι ποθεῖσα. ἡ δὲ τοῦ μολύβδου ἀναλογεῖ τῷ μολύβδῳ στύφουσα μᾶλλον.","σκωρια πασα μεν ικανως ξηραινει, η δε του σιδηρου πλεον, ητις εψηθεισα λειοτατη συν οξει ωτα πυοροουντα θαυμασιως ιαται· και τοις ακονιτον δε πιουσι βοηθει συν οξυμελιτι ποθεισα. η δε του μολυβδου αναλογει τω μολυβδω στυφουσα μαλλον.",,draft,2,261,261,37,paul_row=572; lemma_gr=σκωρία; edition_pages=2.261
PAUL_AEG-7.3.574,PAUL_AEG,7.3.574,Σμῖλαξ ἢ κάκτος,,,,Σμῖλαξ ἢ κάκτος δένδρον ἐστὶ δηλητηρίου δυνάμεως.,σμιλαξ η κακτος δενδρον εστι δηλητηριου δυναμεως.,,draft,2,261,261,7,paul_row=573; lemma_gr=σμῖλαξ:κάκτος; edition_pages=2.261
PAUL_AEG-7.3.575,PAUL_AEG,7.3.575,Σμύρνα,,,,"Σμύρνα δευτέρας ἐστὶ τάξεως τῶν θερμαινόντων τε καὶ ξηραινόντων· τὰ γοῦν ἐν κεφαλῇ τραύματα ἐπιπλαττομένη κολλᾷ. ἔχει δὲ πικρόν, ὅθεν ἕλμεις τε καὶ ἔμβρυα κτείνει, καὶ ῥύπτει· δι' ὃ ταῖς ὀφθαλμικαῖς μίγνυται δυνάμεσιν καὶ τὰ κατὰ θώρακα διακαθαίρει χωρὶς τοῦ τραχῦναι τὴν ἀρτηρίαν. ἡ δὲ Βοιωτικὴ σμύρνα δύναμιν ἔχει θερμαντικὴν μαλακτικὴν διαλυτικήν.","σμυρνα δευτερας εστι ταξεως των θερμαινοντων τε και ξηραινοντων· τα γουν εν κεφαλη τραυματα επιπλαττομενη κολλα. εχει δε πικρον, οθεν ελμεις τε και εμβρυα κτεινει, και ρυπτει· δι' ο ταις οφθαλμικαις μιγνυται δυναμεσιν και τα κατα θωρακα διακαθαιρει χωρις του τραχυναι την αρτηριαν. η δε βοιωτικη σμυρνα δυναμιν εχει θερμαντικην μαλακτικην διαλυτικην.",,draft,2,261,261,52,paul_row=574; lemma_gr=σμύρνα; edition_pages=2.261
PAUL_AEG-7.3.576,PAUL_AEG,7.3.576,"Σμύρνιον, οἱ δὲ ἱπποσέλινον, οἱ δὲ σέλινον ἄγριον ὀνομάζουσι",,,,"Σμύρνιον, οἱ δὲ ἱπποσέλινον, οἱ δὲ σέλινον ἄγριον ὀνομάζουσι, θερμαίνει καὶ ξηραίνει κατὰ τὴν τρίτην τάξιν σελίνου μὲν ὂν ἰσχυρότερον, πετροσελίνου δὲ ἀσθενέστερον· ἐμμήνων τε οὖν ἀγωγόν ἐστι καὶ οὐρητικόν.","σμυρνιον, οι δε ιπποσελινον, οι δε σελινον αγριον ονομαζουσι, θερμαινει και ξηραινει κατα την τριτην ταξιν σελινου μεν ον ισχυροτερον, πετροσελινου δε ασθενεστερον· εμμηνων τε ουν αγωγον εστι και ουρητικον.",,draft,2,261,261,30,paul_row=575; lemma_gr=σμύρνιον:ἱπποσέλινον:σέλινον ἄγριον; edition_pages=2.261; derived_from=alias_review
PAUL_AEG-7.3.577,PAUL_AEG,7.3.577,Σόκχος,,,,"Σόκχος στύφει τε καὶ σαφῶς ψύχει καταπλασσόμενός τε καὶ ἐσθιόμενος, ξηρανθεὶς δὲ μετρίως θερμαίνει.","σοκχος στυφει τε και σαφως ψυχει καταπλασσομενος τε και εσθιομενος, ξηρανθεις δε μετριως θερμαινει.",,draft,2,261,261,14,paul_row=576; lemma_gr=σόκχος; edition_pages=2.261
PAUL_AEG-7.3.578,PAUL_AEG,7.3.578,Σπαργάνιον,,,,Σπαργάνιον ξηραντικῆς καὶ τοῦτο δυνάμεώς ἐστιν.,σπαργανιον ξηραντικης και τουτο δυναμεως εστιν.,,draft,2,261,261,6,paul_row=577; lemma_gr=σπαργάνιον; edition_pages=2.261
PAUL_AEG-7.3.579,PAUL_AEG,7.3.579,Σπάρτος,,,,"Σπάρτος, ᾧ τὰς ἀμπέλους δεσμοῦσι. τούτου ὁ καρπὸς καὶ τὸ ἄνθος ποθέντα σὺν μελικράτῳ ὀβολοὶ ε καθαίρει ἄνω, ὥσπερ ἐλλέβορος λευκός, ἀκινδύνως· ὁ δὲ καρπὸς καὶ κάτω καθαίρει, αἱ δὲ ῥάβδοι ἰσχιάδας ὠφελοῦσιν.","σπαρτος, ω τας αμπελους δεσμουσι. τουτου ο καρπος και το ανθος ποθεντα συν μελικρατω οβολοι ε καθαιρει ανω, ωσπερ ελλεβορος λευκος, ακινδυνως· ο δε καρπος και κατω καθαιρει, αι δε ραβδοι ισχιαδας ωφελουσιν.",,draft,2,261,261,33,paul_row=578; lemma_gr=σπάρτος; edition_pages=2.261
PAUL_AEG-7.3.580,PAUL_AEG,7.3.580,"Σπεκλάριον, οἱ δὲ διὰ τοῦ φ σφεκλάριον",,,,"Σπεκλάριον, οἱ δὲ διὰ τοῦ φ σφεκλάριον, ᾧ τινες ἀντὶ σφέκλων ἐν ταῖς θυρίσι χρῶνται (δι' ὃ καὶ διαφανὲς προσαγορεύεται), γυψῶδες ὑπάρχον τὴν οὐσίαν δύναμιν ἔχει παραπλησίαν τοῖς κεκαυμένοις ὀστράκοις.","σπεκλαριον, οι δε δια του φ σφεκλαριον, ω τινες αντι σφεκλων εν ταις θυρισι χρωνται (δι' ο και διαφανες προσαγορευεται), γυψωδες υπαρχον την ουσιαν δυναμιν εχει παραπλησιαν τοις κεκαυμενοις οστρακοις.",,draft,2,261,261,30,paul_row=579; lemma_gr=σπεκλάριον:σφεκλάριον; edition_pages=2.261; derived_from=alias_review
PAUL_AEG-7.3.581,PAUL_AEG,7.3.581,Σπόγγος,,,,"Σπόγγος ὁ μὲν καινὸς ἔτι διασώζων τὴν τῆς θαλάσσης ὀσμὴν ἐπιτιθέμενος σὺν ὕδατι ἢ οἴνῳ ἢ ὀξυκράτῳ τραύματα κολλᾷ· καυθεὶς δὲ δριμείας ἐστὶ δυνάμεως καὶ διαφορητικῆς, σὺν ἀσφάλτῳ δὲ ἢ ὑγρᾷ πίττῃ καιόμενος καὶ προστιθέμενος διάπυρος αἱμορραγίας ἵστησιν.","σπογγος ο μεν καινος ετι διασωζων την της θαλασσης οσμην επιτιθεμενος συν υδατι η οινω η οξυκρατω τραυματα κολλα· καυθεις δε δριμειας εστι δυναμεως και διαφορητικης, συν ασφαλτω δε η υγρα πιττη καιομενος και προστιθεμενος διαπυρος αιμορραγιας ιστησιν.",,draft,2,261,261,38,paul_row=580; lemma_gr=σπόγγος; edition_pages=2.261
PAUL_AEG-7.3.582,PAUL_AEG,7.3.582,Σπόδιον,,,,Σπόδιον παραπλησίας ἐστὶ δυνάμεως τῷ πομφόλυγι.,σποδιον παραπλησιας εστι δυναμεως τω πομφολυγι.,,draft,2,262,262,6,paul_row=581; lemma_gr=σπόδιον; edition_pages=2.262
PAUL_AEG-7.3.583,PAUL_AEG,7.3.583,Σταφυλῖνος,,,,"Σταφυλῖνος οὖρά τε κινεῖ καὶ καταμήνια προτρέπει, μάλιστα τὸ σπέρμα καὶ ἡ ῥίζα· τὰ δὲ φύλλα ῥυπτικῆς ὄντα δυνάμεως τοῖς φαγεδαινικοῖς ἁρμόττει πάθεσιν χλωρὰ μετὰ μέλιτος. ὁ δὲ ἄγριος ἰσχυρότερος εἰς ἅπαντα τοῦ ἡμέρου.","σταφυλινος ουρα τε κινει και καταμηνια προτρεπει, μαλιστα το σπερμα και η ριζα· τα δε φυλλα ρυπτικης οντα δυναμεως τοις φαγεδαινικοις αρμοττει παθεσιν χλωρα μετα μελιτος. ο δε αγριος ισχυροτερος εις απαντα του ημερου.",,draft,2,262,262,34,paul_row=582; lemma_gr=σταφυλῖνος; edition_pages=2.262
PAUL_AEG-7.3.584,PAUL_AEG,7.3.584,Στάχυς,,,,Στάχυς ὁ παραπλήσιος τῷ πρασίῳ θάμνος θερμαίνει κατὰ τὴν τρίτην τάξιν· καταμήνια γοῦν κινεῖ καὶ ἔμβρυα κτείνει καὶ χόρια ἐκβάλλει.,σταχυς ο παραπλησιος τω πρασιω θαμνος θερμαινει κατα την τριτην ταξιν· καταμηνια γουν κινει και εμβρυα κτεινει και χορια εκβαλλει.,,draft,2,262,262,20,paul_row=583; lemma_gr=στάχυς; edition_pages=2.262
PAUL_AEG-7.3.585,PAUL_AEG,7.3.585,Στέατα,,,,"Στέατα πάντα μὲν ὑγραίνει τε καὶ θερμαίνει τὸ ἀνθρώπινον σῶμα, παρὰ δὲ τὴν διάφορον τῶν ζῴων κρᾶσιν ἡ δύναμις αὐτῶν ἐξαλλάττεται. τὸ μὲν οὖν τῶν ὑῶν ὑγρότατον ἁπάντων ἐστὶν ἐγγὺς ἐλαίῳ τὴν δύναμιν, ὅθεν καὶ δήξεις ἀμβλύνει· τὸ δὲ αἴγειον ξηρότερόν τε καὶ ταχέως πηγνύμενον, δι' ὃ καὶ τοῖς τὸ ἀπευθυσμένον δακνομένοις ἐνίεται· τὸ δὲ χήνειον θερμότερόν τε καὶ λεπτομερέστερόν ἐστιν, μεταξὺ δὲ τούτων τὸ τῶν ἀλεκτρυόνων τε καὶ ἀλεκτορίδων. τὸ δὲ τῶν λεόντων θερμότατον ἁπάντων καὶ λεπτομερέστατον, ὅθεν καὶ διαφορητικώτατον· τὸ δὲ τῶν βοῶν μεταξὺ τὴν κρᾶσίν ἐστιν τοῦ τε τῶν ὑῶν καὶ τῶν λεόντων· τὸ δὲ τῶν ἄρκων ἀλωπεκίας ἰᾶται, τὸ δὲ τῶν ἀλωπέκων ὠταλγίας, ὥσπερ οὖν τὸ τῶν ἐχιδνῶν ἄτριχόν τέ φασι καὶ ὑποχύσεις κωλῦον γενέσθαι. ἐν ἅπασι δὲ θερμότερον ἀεὶ καὶ ξηρότερον τὸ τῶν ἀρρένων ἐστὶ καὶ τούτων αὐτῶν τὸ τῶν ἐνόρχων μᾶλλον τοῦ τῶν ἐκτετμημένων τοὺς ὄρχεις καὶ τὸ τῶν ἀκμαζόντων τοῦ τῶν ἄλλων. χρονίζον δὲ ἅπαν στέαρ ἑαυτοῦ γίνεται θερμότερον.","στεατα παντα μεν υγραινει τε και θερμαινει το ανθρωπινον σωμα, παρα δε την διαφορον των ζωων κρασιν η δυναμις αυτων εξαλλαττεται. το μεν ουν των υων υγροτατον απαντων εστιν εγγυς ελαιω την δυναμιν, οθεν και δηξεις αμβλυνει· το δε αιγειον ξηροτερον τε και ταχεως πηγνυμενον, δι' ο και τοις το απευθυσμενον δακνομενοις ενιεται· το δε χηνειον θερμοτερον τε και λεπτομερεστερον εστιν, μεταξυ δε τουτων το των αλεκτρυονων τε και αλεκτοριδων. το δε των λεοντων θερμοτατον απαντων και λεπτομερεστατον, οθεν και διαφορητικωτατον· το δε των βοων μεταξυ την κρασιν εστιν του τε των υων και των λεοντων· το δε των αρκων αλωπεκιας ιαται, το δε των αλωπεκων ωταλγιας, ωσπερ ουν το των εχιδνων ατριχον τε φασι και υποχυσεις κωλυον γενεσθαι. εν απασι δε θερμοτερον αει και ξηροτερον το των αρρενων εστι και τουτων αυτων το των ενορχων μαλλον του των εκτετμημενων τους ορχεις και το των ακμαζοντων του των αλλων. χρονιζον δε απαν στεαρ εαυτου γινεται θερμοτερον.",,draft,2,262,262,156,paul_row=584; lemma_gr=στέατα; edition_pages=2.262
PAUL_AEG-7.3.586,PAUL_AEG,7.3.586,Στίμι,,,,Στίμι πρὸς τῷ ξηραίνειν ἔχει καὶ στῦψιν· ὅθεν καὶ τοῖς ὀφθαλμικοῖς μίγνυται κολλουρίοις.,στιμι προς τω ξηραινειν εχει και στυψιν· οθεν και τοις οφθαλμικοις μιγνυται κολλουριοις.,,draft,2,262,262,13,paul_row=585; lemma_gr=στίμι; edition_pages=2.262
PAUL_AEG-7.3.587,PAUL_AEG,7.3.587,Στοιβῆς,,,,"Στοιβῆς ὁ καρπὸς καὶ τὰ φύλλα ξηραίνει κατὰ τὴν τρίτην τάξιν στυπτικῆς ὄντα δυνάμεως· ὅθεν τραύματα μεγάλα κολλᾷ καὶ δυσεντερίας καὶ αἱμορραγίας καὶ ὦτα πυοροοῦντα τὸ ἀφέψημα αὐτῆς ὠφελεῖ, καὶ τὰς ἐκ πληγῆς τῶν ὀφθαλμῶν συγχύσεις ὀνίνησι καταπλασσόμενος.","στοιβης ο καρπος και τα φυλλα ξηραινει κατα την τριτην ταξιν στυπτικης οντα δυναμεως· οθεν τραυματα μεγαλα κολλα και δυσεντεριας και αιμορραγιας και ωτα πυοροουντα το αφεψημα αυτης ωφελει, και τας εκ πληγης των οφθαλμων συγχυσεις ονινησι καταπλασσομενος.",,draft,2,262,262,38,paul_row=586; lemma_gr=στοιβῆς; edition_pages=2.262
PAUL_AEG-7.3.588,PAUL_AEG,7.3.588,Στοιχὰς,,,,Στοιχὰς ἐκφράττει καὶ λεπτύνει καὶ ῥύπτει καὶ ῥωννύει τὰ σπλάγχνα πάντα καὶ ὅλην τοῦ ζῴου τὴν ἕξιν.,στοιχας εκφραττει και λεπτυνει και ρυπτει και ρωννυει τα σπλαγχνα παντα και ολην του ζωου την εξιν.,,draft,2,262,262,17,paul_row=587; lemma_gr=στοιχάς; edition_pages=2.262
PAUL_AEG-7.3.589,PAUL_AEG,7.3.589,Στρατιώτης,,,,"Στρατιώτης ὁ μὲν ἔνυδρος ψυχρός ἐστι τὴν δύναμιν, ὁ δὲ χερσαῖος ἔχει καὶ στῦφον· ὅθεν ἕλκη τε κολλᾷ, τινὲς δὲ καὶ πρὸς αἱμορραγίας αὐτῷ χρῶνται καὶ πρὸς σύριγγας.","στρατιωτης ο μεν ενυδρος ψυχρος εστι την δυναμιν, ο δε χερσαιος εχει και στυφον· οθεν ελκη τε κολλα, τινες δε και προς αιμορραγιας αυτω χρωνται και προς συριγγας.",,draft,2,262,263,28,paul_row=588; lemma_gr=στρατιώτης; edition_pages=2.262-263
PAUL_AEG-7.3.590,PAUL_AEG,7.3.590,Στρύχνον,,,,"Στρύχνον τὸ μὲν κηπευτικὸν καὶ ἐδώδιμον στύφει τε καὶ ψύχει κατὰ τὴν δευτέραν τάξιν, τὸ δὲ ἁλικάκκαβον παραπλήσιον τῷ κηπευτῷ τὸν καρπὸν οὐρητικὸν ἔχει ὅμοιον ὄντα ῥαγὶ σταφυλῆς. τοῦ δὲ ὑπνωτικοῦ στρύχνου τῆς ῥίζης ὁ φλοιὸς σὺν οἴνῳ 𐅻 πλῆθος πινόμενος ὑπνωτικὸς γίνεται, καὶ οὐρητικὸν ἔχει τὸ σπέρμα τρίτης ὢν τάξεως τῶν ψυχόντων· ὅθεν πλείω τῶν δεκαδύο κορύμβων πινομένη μανιώδης γίνεται. τὸ δὲ δὴ τέταρτον ἔνδοθεν ἄχρηστόν ἐστιν, ἔξωθεν δὲ καταπλασσόμενον ἕλκη νομώδη θεραπεύει δευτέρας ὂν τάξεως κατά τε τὸ ψύχειν καὶ ξηραίνειν.","στρυχνον το μεν κηπευτικον και εδωδιμον στυφει τε και ψυχει κατα την δευτεραν ταξιν, το δε αλικακκαβον παραπλησιον τω κηπευτω τον καρπον ουρητικον εχει ομοιον οντα ραγι σταφυλης. του δε υπνωτικου στρυχνου της ριζης ο φλοιος συν οινω 𐅻 πληθος πινομενος υπνωτικος γινεται, και ουρητικον εχει το σπερμα τριτης ων ταξεως των ψυχοντων· οθεν πλειω των δεκαδυο κορυμβων πινομενη μανιωδης γινεται. το δε δη τεταρτον ενδοθεν αχρηστον εστιν, εξωθεν δε καταπλασσομενον ελκη νομωδη θεραπευει δευτερας ον ταξεως κατα τε το ψυχειν και ξηραινειν.",,draft,2,263,263,83,paul_row=589; lemma_gr=στρύχνον; edition_pages=2.263
PAUL_AEG-7.3.591,PAUL_AEG,7.3.591,Στυπτηρία,,,,"Στυπτηρία πᾶσα μὲν στρυφνοτάτη ἐστὶ καὶ παχυμερής, λεπτομερεστέρα δέ πώς ἐστι τῶν ἄλλων ἡ σχιστή, μετ' αὐτὴν δὲ ἡ στρογγύλη τε καὶ ἡ ἀστραγαλωτή, παχυμερὴς δὲ ἱκανῶς ἡ ὑγρὰ καὶ ἡ πλακῖτίς τε καὶ πλινθῖτις ὀνομαζομένη.","στυπτηρια πασα μεν στρυφνοτατη εστι και παχυμερης, λεπτομερεστερα δε πως εστι των αλλων η σχιστη, μετ' αυτην δε η στρογγυλη τε και η αστραγαλωτη, παχυμερης δε ικανως η υγρα και η πλακιτις τε και πλινθιτις ονομαζομενη.",,draft,2,263,263,36,paul_row=590; lemma_gr=στυπτηρία; edition_pages=2.263
PAUL_AEG-7.3.592,PAUL_AEG,7.3.592,Στύραξ,,,,Στύραξ θερμαίνει μαλάττει συμπέττει· βῆχάς τε οὖν καὶ κατάρρους καὶ κορύζας ὀνίνησιν ἔμμηνά τε προτρέπει πινομένη καὶ προστιθεμένη.,στυραξ θερμαινει μαλαττει συμπεττει· βηχας τε ουν και καταρρους και κορυζας ονινησιν εμμηνα τε προτρεπει πινομενη και προστιθεμενη.,,draft,2,263,263,18,paul_row=591; lemma_gr=στύραξ; edition_pages=2.263
PAUL_AEG-7.3.593,PAUL_AEG,7.3.593,Σῦκα,,,,"Σῦκα τὰ μὲν ξηρὰ θερμὰ τὴν δύναμίν ἐστιν κατὰ τὴν δευτέραν ἐγγὺς τάξιν, ἀλλὰ τὰ μὲν λιπαρὰ πέττει μᾶλλον τοὺς σκληροὺς ὄγκους, τὰ δὲ δριμύτερα ῥύπτει τε καὶ διαφορεῖ· τὸ δὲ ἀφέψημα αὐτῶν μελιτῶδες γεγονός, ὃ δὴ καὶ αὐτό τινες σίραιον προσαγορεύουσιν, παραπλήσιόν ἐστι καὶ τὴν δύναμιν μέλιτι. τὰ δὲ χλωρὰ τούτων ἀσθενεστέραν ἔχουσι τὴν δύναμιν· ἄμφω δὲ κοιλίαν ὑπάγει. τὰ δὲ τῶν ἐρινεῶν σῦκα δριμείας τε καὶ διαφορητικῆς εἰσι δυνάμεως, ὥσπερ καὶ τῶν ἡμέρων οἱ ὄλυνθοι.","συκα τα μεν ξηρα θερμα την δυναμιν εστιν κατα την δευτεραν εγγυς ταξιν, αλλα τα μεν λιπαρα πεττει μαλλον τους σκληρους ογκους, τα δε δριμυτερα ρυπτει τε και διαφορει· το δε αφεψημα αυτων μελιτωδες γεγονος, ο δη και αυτο τινες σιραιον προσαγορευουσιν, παραπλησιον εστι και την δυναμιν μελιτι. τα δε χλωρα τουτων ασθενεστεραν εχουσι την δυναμιν· αμφω δε κοιλιαν υπαγει. τα δε των ερινεων συκα δριμειας τε και διαφορητικης εισι δυναμεως, ωσπερ και των ημερων οι ολυνθοι.",,draft,2,263,263,77,paul_row=592; lemma_gr=σῦκα; edition_pages=2.263
PAUL_AEG-7.3.594,PAUL_AEG,7.3.594,Συκῆ,,,,"Συκῆ θερμῆς καὶ λεπτομεροῦς ἐστι κράσεως, ὥστε τὸν ὀπόν τε καὶ τῶν φύλλων τὸν χυλὸν μὴ δάκνειν μόνον ἢ ῥύπτειν σφοδρῶς, ἀλλὰ καὶ ἑλκοῦν καὶ ἀναστομοῦν καὶ μυρμηκίας ἐκβάλλειν· ἔστι δὲ καὶ καθαρτικόν. ἡ δὲ ἀγρία συκῆ, ἣν ἐρινεὸν καλοῦσιν, εἰς ἅπαντα τῆς ἡμέρου πλέον δύναται.","συκη θερμης και λεπτομερους εστι κρασεως, ωστε τον οπον τε και των φυλλων τον χυλον μη δακνειν μονον η ρυπτειν σφοδρως, αλλα και ελκουν και αναστομουν και μυρμηκιας εκβαλλειν· εστι δε και καθαρτικον. η δε αγρια συκη, ην ερινεον καλουσιν, εις απαντα της ημερου πλεον δυναται.",,draft,2,263,264,46,paul_row=593; lemma_gr=συκῆ; edition_pages=2.263-264
PAUL_AEG-7.3.595,PAUL_AEG,7.3.595,Συκομόρου,,,,"Συκομόρου ὁ μὲν καρπὸς ἄτροφός τε καὶ κακοστόμαχός ἐστιν· ὁ δὲ ὀπὸς τοῦ δένδρου δύναμιν ἔχει μαλακτικὴν κολλητικὴν τραυμάτων διαφορητικὴν ὄγκων, πίνεται δὲ καὶ συγχρίεται πρὸς ἑρπετῶν δήγματα καὶ σπλῆνας ἐσκιρρωμένους καὶ στομάχου ἀλγήματα καὶ φρικώδη.","συκομορου ο μεν καρπος ατροφος τε και κακοστομαχος εστιν· ο δε οπος του δενδρου δυναμιν εχει μαλακτικην κολλητικην τραυματων διαφορητικην ογκων, πινεται δε και συγχριεται προς ερπετων δηγματα και σπληνας εσκιρρωμενους και στομαχου αλγηματα και φρικωδη.",,draft,2,264,264,36,paul_row=594; lemma_gr=συκομόρου; edition_pages=2.264
PAUL_AEG-7.3.596,PAUL_AEG,7.3.596,Σύμφυτον,,,,"Σύμφυτον τὸ μὲν πετραῖον ἐξ ἐναντίων σύγκειται δυνάμεων· ἔχει μὲν γάρ τι καὶ τμητικόν, ᾧ καὶ τὸ ἐν θώρακι πῦον καὶ τοὺς νεφροὺς ἐκκαθαίρει, ἔχει δέ τι καὶ συνακτικόν, ᾧ καὶ πρὸς αἱμοπτυικοὺς καὶ σπάσματα καὶ ῥήγματα καὶ ῥοῦν ἐρυθρὸν καὶ ἐντεροκήλας ἁρμόττει, ἔχει δὲ καί τινα θερμὴν ὑγρότητα, δι' ἣν ἄδιψόν τέ ἐστι καὶ τὰς ἐν ἀρτηρίᾳ τραχύτητας ἰᾶται. τὸ δὲ ἕτερον τὸ μέγα γλίσχρον τι καὶ κνησμῶδες ἔχει σκίλλῃ παραπλήσιον, χρῶνται δὲ αὐτῷ, εἰς ὅσα καὶ τῷ πετραίῳ.","συμφυτον το μεν πετραιον εξ εναντιων συγκειται δυναμεων· εχει μεν γαρ τι και τμητικον, ω και το εν θωρακι πυον και τους νεφρους εκκαθαιρει, εχει δε τι και συνακτικον, ω και προς αιμοπτυικους και σπασματα και ρηγματα και ρουν ερυθρον και εντεροκηλας αρμοττει, εχει δε και τινα θερμην υγροτητα, δι' ην αδιψον τε εστι και τας εν αρτηρια τραχυτητας ιαται. το δε ετερον το μεγα γλισχρον τι και κνησμωδες εχει σκιλλη παραπλησιον, χρωνται δε αυτω, εις οσα και τω πετραιω.",,draft,2,264,264,80,paul_row=595; lemma_gr=σύμφυτον; edition_pages=2.264
PAUL_AEG-7.3.597,PAUL_AEG,7.3.597,Σφονδυλίου,,,,"Σφονδυλίου ὁ μὲν καρπὸς καὶ ἡ ῥίζα δριμείας εἰσὶ καὶ τμητικῆς δυνάμεως, ὡς ἀσθματικούς τε καὶ ἐπιληπτικοὺς καὶ ἴκτερον ἰᾶσθαι. ἡ δὲ ῥίζα περιεξεσμένη καὶ σύριγξιν ἐντεθεῖσα ἐκτυλοῖ αὐτάς· εἰς δὲ τὰς κοιλίας ὁ χυλὸς τοῦ ἄνθους αὐτῆς ἐνστάζεται χρονιωτάτοις ἕλκεσιν ἁρμόττων.","σφονδυλιου ο μεν καρπος και η ριζα δριμειας εισι και τμητικης δυναμεως, ως ασθματικους τε και επιληπτικους και ικτερον ιασθαι. η δε ριζα περιεξεσμενη και συριγξιν εντεθεισα εκτυλοι αυτας· εις δε τας κοιλιας ο χυλος του ανθους αυτης ενσταζεται χρονιωτατοις ελκεσιν αρμοττων.",,draft,2,264,264,42,paul_row=596; lemma_gr=σφονδυλίου; edition_pages=2.264
PAUL_AEG-7.3.598,PAUL_AEG,7.3.598,Σχῖνος,,,,"Σχῖνος κατὰ πάντα τὰ μέρη αὐτοῦ ξηραίνει μὲν δευτέρας τάξεως πληρουμένης, ἐν δὲ τῷ θερμαίνειν καὶ ψύχειν μέσος ἐστὶ στύφων εἰς τοσοῦτον, ὡς ἐγγὺς εἶναι κατά γε τὴν στῦψιν τῷ τῆς ὑποκίστεως χυλῷ.","σχινος κατα παντα τα μερη αυτου ξηραινει μεν δευτερας ταξεως πληρουμενης, εν δε τω θερμαινειν και ψυχειν μεσος εστι στυφων εις τοσουτον, ως εγγυς ειναι κατα γε την στυψιν τω της υποκιστεως χυλω.",,draft,2,264,264,33,paul_row=597; lemma_gr=σχῖνος; edition_pages=2.264
PAUL_AEG-7.3.599,PAUL_AEG,7.3.599,Σχοίνου ἄνθος,,,,"Σχοίνου ἄνθος θερμαίνει μετρίως, ἧττον δὲ στύφει, καὶ τῆς λεπτομεροῦς οὐκ ἀπήλλακται φύσεως· ὅθεν οὐρητικόν τέ ἐστι καὶ καταμηνίων ἀγωγὸν καὶ ἐκφρακτικὸν ἐν πυρίαις τε καὶ πόμασι καὶ καταπλάσμασιν παραλαμβανόμενον. ἔστι δ' αὐτοῦ στυπτικωτέρα μὲν ἡ ῥίζα, τὸ δ' ἄνθος θερμότερον.","σχοινου ανθος θερμαινει μετριως, ηττον δε στυφει, και της λεπτομερους ουκ απηλλακται φυσεως· οθεν ουρητικον τε εστι και καταμηνιων αγωγον και εκφρακτικον εν πυριαις τε και πομασι και καταπλασμασιν παραλαμβανομενον. εστι δ' αυτου στυπτικωτερα μεν η ριζα, το δ' ανθος θερμοτερον.",,draft,2,264,264,41,paul_row=598; lemma_gr=σχοίνου ἄνθος; edition_pages=2.264
PAUL_AEG-7.3.600,PAUL_AEG,7.3.600,Σχοῖνος ἑλεία,,,,"Σχοῖνος ἑλεία διττή ἐστιν· ἀλλὰ τῆς μὲν ὀξυσχοίνου καλουμένης ὁ καρπὸς ὑπνωτικός ἐστι, τῆς δὲ ὁλοσχοίνου ἧττον· ἔστι δὲ καὶ κεφαλαλγής. ἄμφω δὲ φρυγέντες μετ' οἴνου πινόμενοι τὰ κατὰ τὴν γαστέρα ξηραίνουσι ῥεύματα καὶ ῥοῦν γυναικεῖον ἐπέχουσιν.","σχοινος ελεια διττη εστιν· αλλα της μεν οξυσχοινου καλουμενης ο καρπος υπνωτικος εστι, της δε ολοσχοινου ηττον· εστι δε και κεφαλαλγης. αμφω δε φρυγεντες μετ' οινου πινομενοι τα κατα την γαστερα ξηραινουσι ρευματα και ρουν γυναικειον επεχουσιν.",,draft,2,264,264,37,paul_row=599; lemma_gr=σχοῖνος ἑλεία; edition_pages=2.264
PAUL_AEG-7.3.601,PAUL_AEG,7.3.601,Σῶρι,,,,Σῶρι παραπλησίας ἐστὶ τῷ μίσυι δυνάμεως παχυμερέστερον ὑπάρχον ἐκείνου πολλῷ.,σωρι παραπλησιας εστι τω μισυι δυναμεως παχυμερεστερον υπαρχον εκεινου πολλω.,,draft,2,265,265,10,paul_row=600; lemma_gr=σῶρι; edition_pages=2.265
PAUL_AEG-7.3.602,PAUL_AEG,7.3.602,Ταρίχου,,,,Ταρίχου ἡ σὰρξ δριμείας ἐστὶ καὶ ξηραντικῆς δυνάμεως· τοῖς μὲν οὖν ὑπὸ πρηστῆρος ἢ ἐχίδνης δηχθεῖσιν δίδοται ὡς ὅτι πλεῖστον φαγεῖν καὶ οἶνον πίνειν εἰς πλῆθος καὶ ἐξεμεῖν εἴς τε τὰς δριμυφαγίας ἁρμόττει. καταπλάσσεται δὲ καὶ ἐπὶ κυνοδήκτων ὠφελίμως καὶ ἄλλων ἑρπετῶν.,ταριχου η σαρξ δριμειας εστι και ξηραντικης δυναμεως· τοις μεν ουν υπο πρηστηρος η εχιδνης δηχθεισιν διδοται ως οτι πλειστον φαγειν και οινον πινειν εις πληθος και εξεμειν εις τε τας δριμυφαγιας αρμοττει. καταπλασσεται δε και επι κυνοδηκτων ωφελιμως και αλλων ερπετων.,,draft,2,265,265,42,paul_row=601; lemma_gr=ταρίχου; edition_pages=2.265
PAUL_AEG-7.3.603,PAUL_AEG,7.3.603,"Ταυροκόλλα, οἱ δὲ ξυλοκόλλα",,,,"Ταυροκόλλα, οἱ δὲ ξυλοκόλλα, ἐκ τῶν βοείων βυρσῶν γινομένη ῥυπτικῆς ἱκανῶς ἐστι δυνάμεως· ὅθεν ὄξει διηθεῖσα λειχῆνας καὶ λέπρας τὰς ἐπιπολαίους ἀφίστησι καὶ τὰ πυρίκαυτα φλεγμῆναι κωλύει ὕδατι θερμῷ ἀνεθεῖσα. ἔστι δὲ καὶ τραυματικὴ ὀξυμέλιτι λυομένη.","ταυροκολλα, οι δε ξυλοκολλα, εκ των βοειων βυρσων γινομενη ρυπτικης ικανως εστι δυναμεως· οθεν οξει διηθεισα λειχηνας και λεπρας τας επιπολαιους αφιστησι και τα πυρικαυτα φλεγμηναι κωλυει υδατι θερμω ανεθεισα. εστι δε και τραυματικη οξυμελιτι λυομενη.",,draft,2,265,265,36,paul_row=602; lemma_gr=ταυροκόλλα:ξυλοκόλλα; edition_pages=2.265; derived_from=alias_review
PAUL_AEG-7.3.604,PAUL_AEG,7.3.604,Τελλῖναι,,,,"Τελλῖναι ταριχηραὶ καυθεῖσαι καυστικὴν ἐργάζονται τέφραν, ἥτις μιγνυμένη κεδρίᾳ τῶν τριχῶν τῶν βλεφαριτίδων ἐκ ῥίζης ἐκτιλθεισῶν ἐνσταζομένη κωλύει πάλιν φύεσθαι.","τελλιναι ταριχηραι καυθεισαι καυστικην εργαζονται τεφραν, ητις μιγνυμενη κεδρια των τριχων των βλεφαριτιδων εκ ριζης εκτιλθεισων ενσταζομενη κωλυει παλιν φυεσθαι.",,draft,2,265,265,20,paul_row=603; lemma_gr=τελλῖναι; edition_pages=2.265
PAUL_AEG-7.3.605,PAUL_AEG,7.3.605,Τέρμινθος,,,,"Τέρμινθος θερμαίνει κατὰ τὴν δευτέραν τάξιν, ξηραίνει δὲ χλωρὸς μὲν ὢν πρώτης τάξεως, ξηρὸς δὲ δευτέρας. ὁ δὲ καρπὸς ὁ ξηρὸς τῆς τρίτης τάξεώς ἐστι τῶν ξηραινόντων· ταῦτ' ἄρα καὶ οὐρητικός ἐστι καὶ σπλῆνας ὀνίνησιν.","τερμινθος θερμαινει κατα την δευτεραν ταξιν, ξηραινει δε χλωρος μεν ων πρωτης ταξεως, ξηρος δε δευτερας. ο δε καρπος ο ξηρος της τριτης ταξεως εστι των ξηραινοντων· ταυτ' αρα και ουρητικος εστι και σπληνας ονινησιν.",,draft,2,265,265,35,paul_row=604; lemma_gr=τέρμινθος; edition_pages=2.265
PAUL_AEG-7.3.606,PAUL_AEG,7.3.606,Τέττιγας,,,,"Τέττιγας οἱ μὲν ὠμοὺς ξηράναντες διδόασι τοῖς κωλικοῖς πίνειν ἢ γ ἢ ε ἢ ζ μετὰ πεπέρεως ἴσων κόκκων ἀριθμῷ, οἱ δὲ ὀπτῶντες αὐτοὺς παρέχουσι πίνειν τοῖς τὴν κύστιν πεπονθόσιν.","τεττιγας οι μεν ωμους ξηραναντες διδοασι τοις κωλικοις πινειν η γ η ε η ζ μετα πεπερεως ισων κοκκων αριθμω, οι δε οπτωντες αυτους παρεχουσι πινειν τοις την κυστιν πεπονθοσιν.",,draft,2,265,265,30,paul_row=605; lemma_gr=τέττιγας; edition_pages=2.265
PAUL_AEG-7.3.607,PAUL_AEG,7.3.607,Τεῦτλον,,,,"Τεῦτλον νιτρῶδές ἐστιν, ὅθεν καὶ ῥύπτει καὶ διαφορεῖ καὶ διὰ ῥινῶν καθαίρει, πλέον δὲ τὸ λευκόν. ἑψηθὲν ἀφλεγμάντον γίνεται δυνάμεως ἀτρέμα διαφορητικῆς.","τευτλον νιτρωδες εστιν, οθεν και ρυπτει και διαφορει και δια ρινων καθαιρει, πλεον δε το λευκον. εψηθεν αφλεγμαντον γινεται δυναμεως ατρεμα διαφορητικης.",,draft,2,265,265,22,paul_row=606; lemma_gr=τεῦτλον; edition_pages=2.265
PAUL_AEG-7.3.608,PAUL_AEG,7.3.608,Τεύκριος,,,,"Τεύκριος θερμαίνει μὲν κατὰ τὴν δευτέραν τάξιν, ξηραίνει δὲ κατὰ τὴν τρίτην, τμητικῆς τε καὶ λεπτομεροῦς ὑπάρχουσα δυνάμεως· ὅθεν καὶ σπλῆνας ἰᾶται.","τευκριος θερμαινει μεν κατα την δευτεραν ταξιν, ξηραινει δε κατα την τριτην, τμητικης τε και λεπτομερους υπαρχουσα δυναμεως· οθεν και σπληνας ιαται.",,draft,2,265,265,22,paul_row=607; lemma_gr=τεύκριος; edition_pages=2.265
PAUL_AEG-7.3.609,PAUL_AEG,7.3.609,Τέφρα,,,,"Τέφρα οὐχ ἅπασα τὴν αὐτὴν ἀκριβῶς ἔχει κρᾶσιν, ἀλλὰ κατὰ τὴν τῆς καυθείσης ὕλης διαφορὰν ἐξαλλάττεται. ἡ μὲν δὴ τῶν στρυφνῶν τέφρα, οἷον δρυῶν τε καὶ πρίνων, στυπτικὸν οὐκ ὀλίγον ἔχει, ὥστε καὶ αἱμορραγίαν ἐπέχειν μηδενὸς ἑτέρου παρόντος· ἡ δὲ τῶν δριμέων, οἷον συκῆς τε καὶ τιθυμάλλου, καὶ ἡ τέφρα δριμυτέρα τε καὶ ῥυπτικωτέρα γίνεται.","τεφρα ουχ απασα την αυτην ακριβως εχει κρασιν, αλλα κατα την της καυθεισης υλης διαφοραν εξαλλαττεται. η μεν δη των στρυφνων τεφρα, οιον δρυων τε και πρινων, στυπτικον ουκ ολιγον εχει, ωστε και αιμορραγιαν επεχειν μηδενος ετερου παροντος· η δε των δριμεων, οιον συκης τε και τιθυμαλλου, και η τεφρα δριμυτερα τε και ρυπτικωτερα γινεται.",,draft,2,265,266,55,paul_row=608; lemma_gr=τέφρα; edition_pages=2.265-266
PAUL_AEG-7.3.610,PAUL_AEG,7.3.610,Τηλέφιον,,,,"Τηλέφιον θερμαίνει μὲν κατὰ τὴν πρώτην τάξιν, ξηραίνει δὲ κατὰ τὴν δευτέραν, ἔστι δὲ καὶ ῥυπτικόν· ὅθεν καὶ πρὸς τὰ σηπεδονώδη τῶν ἑλκῶν ἁρμόττει καὶ λεύκας καὶ ἀλφοὺς ἰᾶται σὺν ὄξει.","τηλεφιον θερμαινει μεν κατα την πρωτην ταξιν, ξηραινει δε κατα την δευτεραν, εστι δε και ρυπτικον· οθεν και προς τα σηπεδονωδη των ελκων αρμοττει και λευκας και αλφους ιαται συν οξει.",,draft,2,266,266,31,paul_row=609; lemma_gr=τηλέφιον; edition_pages=2.266
PAUL_AEG-7.3.611,PAUL_AEG,7.3.611,Τῆλις,,,,"Τῆλις θερμὴ μὲν ἐκ τῆς δευτέρας ἐστὶ τάξεως, ξηραίνει δὲ ἐκ τῆς πρώτης· ὅθεν τὰς μὲν ζεούσας φλεγμονὰς παροξύνει, τὰς δὲ ἧττον θερμὰς καὶ ὅσαι σκιρρώδεις διαφοροῦσα θεραπεύει.","τηλις θερμη μεν εκ της δευτερας εστι ταξεως, ξηραινει δε εκ της πρωτης· οθεν τας μεν ζεουσας φλεγμονας παροξυνει, τας δε ηττον θερμας και οσαι σκιρρωδεις διαφορουσα θεραπευει.",,draft,2,266,266,28,paul_row=610; lemma_gr=τῆλις; edition_pages=2.266
PAUL_AEG-7.3.612,PAUL_AEG,7.3.612,Τιθύμαλλοι,,,,"Τιθύμαλλοι πάντες μὲν ἐκ τῆς τετάρτης εἰσὶ τῶν θερμαινόντων τάξεως μετὰ δριμύτητος καὶ πικρότητος ἰσχυρᾶς, ἀλλ' ἡ μὲν ῥίζα ἀσθενεστέρα πως οὖσα ἡψημένη σὺν ὄξει τὰ τῶν βεβρωμένων ὀδόντων ἀλγήματα παύει, οἱ δὲ ὀποὶ σφοδροτέραν ἔχοντες δύναμιν εἰς μὲν τὸ τρῆμα τῶν ὀδόντων ἐντίθενται, τοῦ δὲ ἄλλου σώματος ἐὰν ἅψωνται, ἐπικαίουσιν αὐτό· δι' ὃ καὶ τρίχας ἀφαιροῦσι περιχριόμενοι ἐπ' ὀλίγον καὶ μυρμηκίας καὶ ἀκροχορδόνας καὶ τὰ τοιαῦτα ἀφαιροῦνται καὶ τὰ περὶ τὸ δέρμα πάθη ἀπορρύπτουσι καὶ τὰ κακοήθη καὶ φαγεδαινικὰ τῶν ἑλκῶν ἰῶνται. ἑπτὰ δὲ ὄντων ἰσχυρότατοι μέν εἰσιν ὅ τε χαρακίας καὶ ὁ μυρσινίτης καὶ ὁ ἐν ταῖς πέτραις ὁ δενδροειδής, ἐφεξῆς δέ ἐστιν ὅ τε τῇ φλόμῳ προσεοικὼς καὶ ὁ κυπαρισσίας, εἶθ' οὕτως ὁ παράλιος, εἶτα ὁ ἡλιοσκόπιος.","τιθυμαλλοι παντες μεν εκ της τεταρτης εισι των θερμαινοντων ταξεως μετα δριμυτητος και πικροτητος ισχυρας, αλλ' η μεν ριζα ασθενεστερα πως ουσα ηψημενη συν οξει τα των βεβρωμενων οδοντων αλγηματα παυει, οι δε οποι σφοδροτεραν εχοντες δυναμιν εις μεν το τρημα των οδοντων εντιθενται, του δε αλλου σωματος εαν αψωνται, επικαιουσιν αυτο· δι' ο και τριχας αφαιρουσι περιχριομενοι επ' ολιγον και μυρμηκιας και ακροχορδονας και τα τοιαυτα αφαιρουνται και τα περι το δερμα παθη απορρυπτουσι και τα κακοηθη και φαγεδαινικα των ελκων ιωνται. επτα δε οντων ισχυροτατοι μεν εισιν ο τε χαρακιας και ο μυρσινιτης και ο εν ταις πετραις ο δενδροειδης, εφεξης δε εστιν ο τε τη φλομω προσεοικως και ο κυπαρισσιας, ειθ' ουτως ο παραλιος, ειτα ο ηλιοσκοπιος.",,draft,2,266,266,120,paul_row=611; lemma_gr=τιθύμαλλοι; edition_pages=2.266
PAUL_AEG-7.3.613,PAUL_AEG,7.3.613,Τίτανος,,,,"Τίτανος ἡ μὲν ἄσβεστος καίει σφοδρῶς, ὥστε καὶ ἐσχαροῦν, σβεςθεῖσα δὲ παραχρῆμα μὲν ἐσχαροῖ, μεθ' ἡμέρας δὲ οὐκέτι, θερμαίνει δ' ὅμως καὶ διατήκει τὰς σάρκας. εἰ δὲ πλυθείη, ἄδηκτος γίνεται, καὶ μάλιστα, εἰ πλεονάκις πλυθείη. διαφορητικὴ δὲ ἱκανῶς γίνεται θαλάσσῃ πλυθεῖσα.","τιτανος η μεν ασβεστος καιει σφοδρως, ωστε και εσχαρουν, σβεςθεισα δε παραχρημα μεν εσχαροι, μεθ' ημερας δε ουκετι, θερμαινει δ' ομως και διατηκει τας σαρκας. ει δε πλυθειη, αδηκτος γινεται, και μαλιστα, ει πλεονακις πλυθειη. διαφορητικη δε ικανως γινεται θαλασση πλυθεισα.",,draft,2,266,266,41,paul_row=612; lemma_gr=τίτανος; edition_pages=2.266
PAUL_AEG-7.3.614,PAUL_AEG,7.3.614,Τραγάκανθα,,,,Τραγάκανθα παραπλησίαν τῷ κόμμι δύναμιν ἔχει.,τραγακανθα παραπλησιαν τω κομμι δυναμιν εχει.,,draft,2,266,266,6,paul_row=613; lemma_gr=τραγάκανθα; edition_pages=2.266
PAUL_AEG-7.3.615,PAUL_AEG,7.3.615,Τράγιον,,,,"Τράγιον φυτόν ἐστιν ἐν Κρήτῃ σχίνῳ παραπλήσιον θερμὸν τῆς τρίτης τάξεως ἑλκτικῆς τε καὶ διαφορητικῆς καὶ λεπτομεροῦς ὑπάρχον δυνάμεως· σκόλοπάς τε οὖν ἀνάγει καὶ λίθους θρύπτει καὶ καταμήνια κινεῖ δραχμῆς ὁλκὴ πινομένη. τὸ δ' ἄλλο τὸ τούτου μικρότερον σκολοπενδρίῳ προσεοικὸς φύεται μὲν πολλαχόθι, στυπτικὸν δὲ ἱκανῶς ἐστιν· ὥστε πρὸς τὰ ῥοώδη τῶν παθῶν ἁρμόττει.","τραγιον φυτον εστιν εν κρητη σχινω παραπλησιον θερμον της τριτης ταξεως ελκτικης τε και διαφορητικης και λεπτομερους υπαρχον δυναμεως· σκολοπας τε ουν αναγει και λιθους θρυπτει και καταμηνια κινει δραχμης ολκη πινομενη. το δ' αλλο το τουτου μικροτερον σκολοπενδριω προσεοικος φυεται μεν πολλαχοθι, στυπτικον δε ικανως εστιν· ωστε προς τα ροωδη των παθων αρμοττει.",,draft,2,266,266,54,paul_row=614; lemma_gr=τράγιον; edition_pages=2.266
PAUL_AEG-7.3.616,PAUL_AEG,7.3.616,Τραγορίγανος,,,,Τραγορίγανος ὀριγάνῳ τὴν δύναμιν ἔοικε προσειληφυῖά τι καὶ στύψεως.,τραγοριγανος οριγανω την δυναμιν εοικε προσειληφυια τι και στυψεως.,,draft,2,267,267,9,paul_row=615; lemma_gr=τραγορίγανος; edition_pages=2.267
PAUL_AEG-7.3.617,PAUL_AEG,7.3.617,Τράγος ὁ σιτώδης,,,,"Τράγος ὁ σιτώδης παραπλήσιός ἐστι ζειᾷ, δύσπεπτος δὲ μᾶλλον καὶ κοιλίας μαλακτικός.","τραγος ο σιτωδης παραπλησιος εστι ζεια, δυσπεπτος δε μαλλον και κοιλιας μαλακτικος.",,draft,2,267,267,12,paul_row=616; lemma_gr=τράγος ὁ σιτώδης; edition_pages=2.267
PAUL_AEG-7.3.618,PAUL_AEG,7.3.618,Τρίβολος,,,,"Τρίβολος ψύχει μετρίως· ἀλλ' ὁ μὲν χερσαῖος μετὰ τοῦ ξηραίνειν ἰσχυρῶς ἐστιν, ὁ δὲ ἔνυδρος ἠρέμα καὶ ὑγραίνει, ἄμφω δὲ πρός τε τὰς γενέσεις τῶν φλεγμονῶν καὶ τὰς ἄλλας ἐπιρροίας ἁρμόττουσι· τοῦ δὲ χερσαίου λεπτομερὴς ὁ καρπὸς ὑπάρχων τοὺς ἐν νεφροῖς λίθους θρύπτει.","τριβολος ψυχει μετριως· αλλ' ο μεν χερσαιος μετα του ξηραινειν ισχυρως εστιν, ο δε ενυδρος ηρεμα και υγραινει, αμφω δε προς τε τας γενεσεις των φλεγμονων και τας αλλας επιρροιας αρμοττουσι· του δε χερσαιου λεπτομερης ο καρπος υπαρχων τους εν νεφροις λιθους θρυπτει.",,draft,2,267,267,43,paul_row=617; lemma_gr=τρίβολος; edition_pages=2.267
PAUL_AEG-7.3.619,PAUL_AEG,7.3.619,Τρίγλη,,,,"Τρίγλη ὁ ἰχθὺς συνεχῶς ἐσθιομένη ἀμβλυωπίας ἐργάζεται, ὠμὴ δὲ ἀνασχισθεῖσα καὶ ἐπιτεθεῖσα θαλαττίου δράκοντος καὶ σκορπίου καὶ δρακαίνης ἰᾶται δῆγμα.","τριγλη ο ιχθυς συνεχως εσθιομενη αμβλυωπιας εργαζεται, ωμη δε ανασχισθεισα και επιτεθεισα θαλαττιου δρακοντος και σκορπιου και δρακαινης ιαται δηγμα.",,draft,2,267,267,20,paul_row=618; lemma_gr=τρίγλη; edition_pages=2.267
PAUL_AEG-7.3.620,PAUL_AEG,7.3.620,Τριπολίου,,,,Τριπολίου ἡ ῥίζα θερμὴ τὴν δύναμίν ἐστιν κατὰ τὴν τρίτην ἀπόστασιν καὶ δριμεῖα.,τριπολιου η ριζα θερμη την δυναμιν εστιν κατα την τριτην αποστασιν και δριμεια.,,draft,2,267,267,13,paul_row=619; lemma_gr=τριπολίου; edition_pages=2.267
PAUL_AEG-7.3.621,PAUL_AEG,7.3.621,Τρίχες,,,,Τρίχες κεκαυμέναι παραπλησίας εἰσὶ τοῖς κεκαυμένοις ἐρίοις δυνάμεως.,τριχες κεκαυμεναι παραπλησιας εισι τοις κεκαυμενοις εριοις δυναμεως.,,draft,2,267,267,8,paul_row=620; lemma_gr=τρίχες; edition_pages=2.267
PAUL_AEG-7.3.622,PAUL_AEG,7.3.622,Τρυγόνος θαλασσίας κέντρον,,,,Τρυγόνος θαλασσίας κέντρον ἐπικρουόμενον ὀδόντι ἀσθενεῖ θρύπτει αὐτὸν καὶ ἐκπεσεῖν ποιεῖ.,τρυγονος θαλασσιας κεντρον επικρουομενον οδοντι ασθενει θρυπτει αυτον και εκπεσειν ποιει.,,draft,2,267,267,11,paul_row=621; lemma_gr=τρυγόνος θαλασσίας κέντρον; edition_pages=2.267
PAUL_AEG-7.3.623,PAUL_AEG,7.3.623,Τρὺξ οἴνου,,,,"Τρὺξ οἴνου ἡ μὲν ἄκαυστος σύνθετός ἐστιν ἱκανῶς ξηραίνουσα καὶ διαφοροῦσα, τὸ δὲ στῦφον αὐτῇ πρὸς τὴν ἰδέαν τοῦ οἴνου, ἐξ οὗ συνέστη, προσγίνεται· χρηστέον οὖν αὐτῇ ἔν τε τοῖς ὑγροτέροις καὶ ῥοώδεσι τῶν παθῶν, καὶ φύγεθλα δὲ διαφορεῖ καὶ μαστῶν σπαργώντων τὸ γάλα σβέννυσιν. ἡ δὲ κεκαυμένη, ἣν δὴ καὶ σφέκλην καλοῦσιν, καυστικὴ γίνεται, ὥστε καὶ τοῖς καυστικοῖς αὐτὴν ἐπιμίγνυσθαι φαρμάκοις· ὄνυχας οὖν λεπροὺς ἐκβάλλει σὺν ῥητίνῃ καὶ τρίχας ξανθίζει μετὰ σχινίνου ἐλαίου νύκτα ὅλην συγχρεσθεῖσα. πεπλυμένη δὲ ταῖς τῶν ὀφθαλμῶν ῥυπτικαῖς μίγνυται δυνάμεσιν. ἡ δὲ τοῦ ὄξους ἰσχυροτέρα κατὰ πάντα τῆς τοῦ οἴνου καὶ στυπτικωτέρα ἐστίν.","τρυξ οινου η μεν ακαυστος συνθετος εστιν ικανως ξηραινουσα και διαφορουσα, το δε στυφον αυτη προς την ιδεαν του οινου, εξ ου συνεστη, προσγινεται· χρηστεον ουν αυτη εν τε τοις υγροτεροις και ροωδεσι των παθων, και φυγεθλα δε διαφορει και μαστων σπαργωντων το γαλα σβεννυσιν. η δε κεκαυμενη, ην δη και σφεκλην καλουσιν, καυστικη γινεται, ωστε και τοις καυστικοις αυτην επιμιγνυσθαι φαρμακοις· ονυχας ουν λεπρους εκβαλλει συν ρητινη και τριχας ξανθιζει μετα σχινινου ελαιου νυκτα ολην συγχρεσθεισα. πεπλυμενη δε ταις των οφθαλμων ρυπτικαις μιγνυται δυναμεσιν. η δε του οξους ισχυροτερα κατα παντα της του οινου και στυπτικωτερα εστιν.",,draft,2,267,267,98,paul_row=622; lemma_gr=τρὺξ οἴνου; edition_pages=2.267
PAUL_AEG-7.3.624,PAUL_AEG,7.3.624,Τρωγλοδύτης,,,,Τρωγλοδύτης στρουθίον ἐστὶν πάντων ὄρνεων μικρότερον πλὴν τοῦ λεγομένου βασιλίσκου ἐν φραγμοῖς μάλιστα διαιτώμενον· ὅπερ ὀπτόν τε καὶ ὠμὸν τεταριχευμένον ἐσθιόμενον τοὺς ἐν νεφροῖς λίθους θρύπτει· καὶ καυθέντος δὲ αὐτοῦ ἡ τέφρα πινομένη τὸ αὐτὸ δρᾷ.,τρωγλοδυτης στρουθιον εστιν παντων ορνεων μικροτερον πλην του λεγομενου βασιλισκου εν φραγμοις μαλιστα διαιτωμενον· οπερ οπτον τε και ωμον τεταριχευμενον εσθιομενον τους εν νεφροις λιθους θρυπτει· και καυθεντος δε αυτου η τεφρα πινομενη το αυτο δρα.,,draft,2,267,267,36,paul_row=623; lemma_gr=τρωγλοδύτης; edition_pages=2.267
PAUL_AEG-7.3.625,PAUL_AEG,7.3.625,Τυρὸς,,,,"Τυρὸς ὁ μὲν νεοπαγὴς καὶ μαλακὸς ἀποκρουστικὴν ἔχει δύναμιν ἐμψύχων ἀτρέμα, ὥστε καὶ τραύματα κολλᾶν ἐπιτιθέμενος, ὁ δὲ ὀξυγαλάκτινος λεγόμενος πρὸς ταύτῃ καὶ διαφορητικὴν ἐπικτᾶται βραχεῖαν καὶ πλέον κολλᾷ τὰ τραύματα. ὁ δὲ παλαιὸς καὶ μᾶλλον ὁ λιπαρὸς διαφορητικός τε καὶ δριμύς ἐστιν καὶ ῥηκτικός· ὥστε καὶ πρὸς ἀρθριτικῶν πώρους ἁρμόττει, μάλιστα μετὰ ἀφεψήματος ὑείου κρέως ταριχηροῦ τε καὶ λιπαροῦ.","τυρος ο μεν νεοπαγης και μαλακος αποκρουστικην εχει δυναμιν εμψυχων ατρεμα, ωστε και τραυματα κολλαν επιτιθεμενος, ο δε οξυγαλακτινος λεγομενος προς ταυτη και διαφορητικην επικταται βραχειαν και πλεον κολλα τα τραυματα. ο δε παλαιος και μαλλον ο λιπαρος διαφορητικος τε και δριμυς εστιν και ρηκτικος· ωστε και προς αρθριτικων πωρους αρμοττει, μαλιστα μετα αφεψηματος υειου κρεως ταριχηρου τε και λιπαρου.",,draft,2,268,268,60,paul_row=624; lemma_gr=τυρός; edition_pages=2.268
PAUL_AEG-7.3.626,PAUL_AEG,7.3.626,Ὑακίνθου,,,,"Ὑακίνθου ἡ μὲν ῥίζα βολβοειδὴς ὑπάρχουσα τάξεώς ἐστι πρώτης μὲν ἐν τῷ ξηραίνειν, ἐν δὲ τῷ ψύχειν δευτέρας· ἀνήβους γοῦν τοὺς παῖδας ἐπὶ πολὺ τηρεῖν πεπίστευται σὺν οἴνῳ καταπλασσομένη. ὁ δὲ καρπὸς ἀτρέμα ῥύπτει τε καὶ στύφει· τοῖς ἰκτερικοῖς γοῦν δίδοται σὺν οἴνῳ, ξηραίνων μὲν μᾶλλον, ἧττον δὲ ψύχων.","υακινθου η μεν ριζα βολβοειδης υπαρχουσα ταξεως εστι πρωτης μεν εν τω ξηραινειν, εν δε τω ψυχειν δευτερας· ανηβους γουν τους παιδας επι πολυ τηρειν πεπιστευται συν οινω καταπλασσομενη. ο δε καρπος ατρεμα ρυπτει τε και στυφει· τοις ικτερικοις γουν διδοται συν οινω, ξηραινων μεν μαλλον, ηττον δε ψυχων.",,draft,2,268,268,49,paul_row=625; lemma_gr=ὑακίνθου; edition_pages=2.268
PAUL_AEG-7.3.627,PAUL_AEG,7.3.627,Ὕαλος,,,,Ὕαλος λεία πινομένη μετ' οἴνου λεπτοῦ καὶ λευκοῦ τοὺς ἐν κύστει λίθους θρύπτειν λέγεται.,υαλος λεια πινομενη μετ' οινου λεπτου και λευκου τους εν κυστει λιθους θρυπτειν λεγεται.,,draft,2,268,268,14,paul_row=626; lemma_gr=ὕαλος; edition_pages=2.268
PAUL_AEG-7.3.628,PAUL_AEG,7.3.628,Ὕδνα,,,,Ὕδνα γεωδεστέραν οὐσίαν κέκτηνται μετά τινος δυνάμεως βραχείας λεπτομεροῦς.,υδνα γεωδεστεραν ουσιαν κεκτηνται μετα τινος δυναμεως βραχειας λεπτομερους.,,draft,2,268,268,9,paul_row=627; lemma_gr=ὕδνα; edition_pages=2.268
PAUL_AEG-7.3.629,PAUL_AEG,7.3.629,Ὑδράργυρος,,,,Ὑδράργυρος εἰς μὲν ἰατρικὴν χρείαν οὐ πάνυ τι φέρεται δηλητήριον ὄν· τινὲς δὲ καύσαντες αὐτὸν ὡς τεφρωθῆναι καὶ μίξαντες ἑτέροις εἴδεσιν ἐπὶ κωλικῶν τε καὶ τῶν εἰλεωδῶν ἐδίδοσαν πιεῖν.,υδραργυρος εις μεν ιατρικην χρειαν ου πανυ τι φερεται δηλητηριον ον· τινες δε καυσαντες αυτον ως τεφρωθηναι και μιξαντες ετεροις ειδεσιν επι κωλικων τε και των ειλεωδων εδιδοσαν πιειν.,,draft,2,268,268,29,paul_row=628; lemma_gr=ὑδράργυρος; edition_pages=2.268
PAUL_AEG-7.3.630,PAUL_AEG,7.3.630,Ὑδροπέπερι,,,,"Ὑδροπέπερι θερμόν ἐστι βοτάνιον, ἀλλ' οὐχ ὡς πέπερι, χλωρὸν δὲ μετὰ τοῦ καρποῦ καταπλασσόμενον ὑπώπιά τε καὶ τοὺς ἐσκιρρωμένους ὄγκους διαφορεῖ.","υδροπεπερι θερμον εστι βοτανιον, αλλ' ουχ ως πεπερι, χλωρον δε μετα του καρπου καταπλασσομενον υπωπια τε και τους εσκιρρωμενους ογκους διαφορει.",,draft,2,268,268,21,paul_row=629; lemma_gr=ὑδροπέπερι; edition_pages=2.268
PAUL_AEG-7.3.631,PAUL_AEG,7.3.631,Ὕδωρ,,,,"Ὕδωρ τὸ ἄριστον καὶ ἀμιγὲς ἑτέρας οὐσίας ψύχει τε καὶ ὑγραίνει κατὰ τὴν οἰκείαν οὐσίαν, ἐπίκτητον δὲ θερμότητα προσλαβόν, ἄχριπερ ἂν αὐτὴν διαφυλάττῃ, θερμαίνει, ψυχρὸν δὲ γενόμενον ψύχει. τὸ δέ τινα ἐπιμιξίαν ἔχον, οἷον τὸ νιτρῶδες ἢ ἀσφαλτῶδες, τῆς ἐπιμιγνυμένης οὐσίας προσκτᾶται τὴν δύναμιν. τὸ δὲ ὄμβριον ἔχει τι καὶ στύψεως, δι' ἣν ταῖς ὀφθαλμικαῖς μίγνυται δυνάμεσιν. ὁποῖον δὲ δεῖ τὸ ἄριστον ὕδωρ εἶναι, κατὰ τὸ αʹ εἴρηται.","υδωρ το αριστον και αμιγες ετερας ουσιας ψυχει τε και υγραινει κατα την οικειαν ουσιαν, επικτητον δε θερμοτητα προσλαβον, αχριπερ αν αυτην διαφυλαττη, θερμαινει, ψυχρον δε γενομενον ψυχει. το δε τινα επιμιξιαν εχον, οιον το νιτρωδες η ασφαλτωδες, της επιμιγνυμενης ουσιας προσκταται την δυναμιν. το δε ομβριον εχει τι και στυψεως, δι' ην ταις οφθαλμικαις μιγνυται δυναμεσιν. οποιον δε δει το αριστον υδωρ ειναι, κατα το αʹ ειρηται.",,draft,2,268,268,68,paul_row=630; lemma_gr=ὕδωρ; edition_pages=2.268
PAUL_AEG-7.3.632,PAUL_AEG,7.3.632,Ὑοσκύαμος,,,,"Ὑοσκύαμος ὁ μὲν τὸ μέλαν ἔχων σπέρμα καὶ ὁ τὸ ξανθὸν δηλητηριώδεις εἰσίν, ἐπιτηδειότατος δὲ πρὸς τὰς ἰάσεις, οὗ καὶ τὸ σπέρμα καὶ τὸ ἄνθος λευκόν ἐστιν, ἐκ τῆς τρίτης ὢν τῶν ψυχόντων τάξεως.","υοσκυαμος ο μεν το μελαν εχων σπερμα και ο το ξανθον δηλητηριωδεις εισιν, επιτηδειοτατος δε προς τας ιασεις, ου και το σπερμα και το ανθος λευκον εστιν, εκ της τριτης ων των ψυχοντων ταξεως.",,draft,2,269,269,34,paul_row=631; lemma_gr=ὑοσκύαμος; edition_pages=2.269
PAUL_AEG-7.3.633,PAUL_AEG,7.3.633,Ὑπερικὸν,,,,"Ὑπερικὸν διττόν. τὸ μὲν ἕτερον ἀνδρόσαιμόν τε καὶ ἄσκυρον ὀνομαζόμενον εἴρηται· θερμαίνει δὲ θάτερον καὶ ξηραίνει λεπτομεροῦς ὑπάρχον οὐσίας· ὅθεν οὖρά τε κινεῖ καὶ καταμήνια ὅλος ὁ καρπὸς αὐτοῦ. μετὰ δὲ τῶν φύλλων ἐπιπλαττόμενος χλωρὸς ἀπουλοῖ τραύματα, ξηρὰ δὲ ἐπιπαττόμενα τὰ πλαδαρὰ τῶν ἑλκῶν ἰῶνται. δίδονται δὲ καὶ τοῖς ἰσχιαδικοῖς πίνειν.","υπερικον διττον. το μεν ετερον ανδροσαιμον τε και ασκυρον ονομαζομενον ειρηται· θερμαινει δε θατερον και ξηραινει λεπτομερους υπαρχον ουσιας· οθεν ουρα τε κινει και καταμηνια ολος ο καρπος αυτου. μετα δε των φυλλων επιπλαττομενος χλωρος απουλοι τραυματα, ξηρα δε επιπαττομενα τα πλαδαρα των ελκων ιωνται. διδονται δε και τοις ισχιαδικοις πινειν.",,draft,2,269,269,51,paul_row=632; lemma_gr=ὑπερικόν; edition_pages=2.269
PAUL_AEG-7.3.634,PAUL_AEG,7.3.634,Ὑπήκοον,,,,Ὑπήκοον ψύχει κατὰ τὴν τρίτην τάξιν ἐγγὺς ὂν μήκωνος.,υπηκοον ψυχει κατα την τριτην ταξιν εγγυς ον μηκωνος.,,draft,2,269,269,9,paul_row=633; lemma_gr=ὑπήκοον; edition_pages=2.269
PAUL_AEG-7.3.635,PAUL_AEG,7.3.635,Ὑπόγλωσσον,,,,"Ὑπόγλωσσον θαμνίσκος ἐστίν, οὗ ἥ τε ῥίζα καὶ ὁ χυλὸς μαλακτικῆς ἐστι δυνάμεως.","υπογλωσσον θαμνισκος εστιν, ου η τε ριζα και ο χυλος μαλακτικης εστι δυναμεως.",,draft,2,269,269,13,paul_row=634; lemma_gr=ὑπόγλωσσον; edition_pages=2.269
PAUL_AEG-7.3.636,PAUL_AEG,7.3.636,Ὑπόκιστις χυλός,,,,"Ὑπόκιστις χυλός ἐστι τῶν ἐπιφυομένων παρὰ τὰς ῥίζας τοῦ κίσθου τε καὶ κισθάρου καλουμένου οἷον κυτίνων, δραστικὸν ἱκανῶς φάρμακον εἰς ἅπαντα τὰ ῥοώδη παθήματα τῷ ξηραίνειν καὶ ῥωννύειν τὰ μόρια.","υποκιστις χυλος εστι των επιφυομενων παρα τας ριζας του κισθου τε και κισθαρου καλουμενου οιον κυτινων, δραστικον ικανως φαρμακον εις απαντα τα ροωδη παθηματα τω ξηραινειν και ρωννυειν τα μορια.",,draft,2,269,269,30,paul_row=635; lemma_gr=ὑπόκιστις χυλός; edition_pages=2.269
PAUL_AEG-7.3.637,PAUL_AEG,7.3.637,Ὑπόφαιστον,,,,"Ὑπόφαιστον εἶδός ἐστι γναφικῆς ἀκάνθης, ὥσπερ καὶ τὸ ἱπποφαές· τούτου τῆς κεφαλῆς καὶ τῶν φύλλων καὶ τῶν ῥιζῶν ξηρῶν ὁλκὴ τριωβόλου μετὰ μελικράτου ὕδωρ καὶ φλέγμα κενοῖ· ἁρμόζει δὲ μάλιστα ὀρθοπνοίαις, ἐπιληψίαις καὶ τοῖς περὶ νεῦρα πάθεσιν.","υποφαιστον ειδος εστι γναφικης ακανθης, ωσπερ και το ιπποφαες· τουτου της κεφαλης και των φυλλων και των ριζων ξηρων ολκη τριωβολου μετα μελικρατου υδωρ και φλεγμα κενοι· αρμοζει δε μαλιστα ορθοπνοιαις, επιληψιαις και τοις περι νευρα παθεσιν.",,draft,2,269,269,37,paul_row=636; lemma_gr=ὑπόφαιστον; edition_pages=2.269
PAUL_AEG-7.3.638,PAUL_AEG,7.3.638,Ὕσσωπον,,,,"Ὕσσωπον θερμαίνει καὶ ξηραίνει κατὰ τὴν τρίτην τάξιν, ἔστι δὲ καὶ λεπτομερές.","υσσωπον θερμαινει και ξηραινει κατα την τριτην ταξιν, εστι δε και λεπτομερες.",,draft,2,269,269,12,paul_row=637; lemma_gr=ὕσσωπον; edition_pages=2.269
PAUL_AEG-7.3.639,PAUL_AEG,7.3.639,Φακοὶ,,,,"Φακοὶ ξηραίνουσι μὲν κατὰ τὴν δευτέραν τάξιν, θερμασίας δὲ καὶ ψύξεως ἐν τῷ μεταξύ, ἔχουσι δέ τι καὶ στύψεως. αὐτὸ μὲν οὖν τὸ σῶμα ξηραίνει τε καὶ γαστέρα ἵστησι, τὸ δὲ ἀφέψημα προτρέπει· δι' ὃ καὶ ἀποχεῖται τὸ πρότερον ὕδωρ, ὅταν ἐπισχέσεως ἕνεκα λαμβάνωνται.","φακοι ξηραινουσι μεν κατα την δευτεραν ταξιν, θερμασιας δε και ψυξεως εν τω μεταξυ, εχουσι δε τι και στυψεως. αυτο μεν ουν το σωμα ξηραινει τε και γαστερα ιστησι, το δε αφεψημα προτρεπει· δι' ο και αποχειται το προτερον υδωρ, οταν επισχεσεως ενεκα λαμβανωνται.",,draft,2,269,269,44,paul_row=638; lemma_gr=φακοί; edition_pages=2.269
PAUL_AEG-7.3.640,PAUL_AEG,7.3.640,Φακὸς,,,,Φακὸς ὁ ἐπὶ τῶν τελμάτων ὑγραίνει καὶ ψύχει κατὰ τὴν δευτέραν τάξιν.,φακος ο επι των τελματων υγραινει και ψυχει κατα την δευτεραν ταξιν.,,draft,2,269,269,12,paul_row=639; lemma_gr=φακός; edition_pages=2.269
PAUL_AEG-7.3.641,PAUL_AEG,7.3.641,Φαληρίδος,,,,Φαληρίδος ὁ χυλὸς καὶ τὰ φύλλα καὶ τὸ σπέρμα πινόμενα κύστεως ἀλγήμασι βοηθεῖ ἔχουσα καὶ λεπτομερές τι καὶ θερμόν.,φαληριδος ο χυλος και τα φυλλα και το σπερμα πινομενα κυστεως αλγημασι βοηθει εχουσα και λεπτομερες τι και θερμον.,,draft,2,270,270,19,paul_row=640; lemma_gr=φαληρίδος; edition_pages=2.270
PAUL_AEG-7.3.642,PAUL_AEG,7.3.642,Φαλαγγῖτις,,,,"Φαλαγγῖτις ὠνόμασται μὲν ἀπὸ τοῦ τοῖς φαλαγγιοδήκτοις βοηθεῖν, ἔστι δὲ καὶ λεπτομερής· ὅθεν καὶ στροφουμένοις ἀρήγειν δοκεῖ.","φαλαγγιτις ωνομασται μεν απο του τοις φαλαγγιοδηκτοις βοηθειν, εστι δε και λεπτομερης· οθεν και στροφουμενοις αρηγειν δοκει.",,draft,2,270,270,17,paul_row=641; lemma_gr=φαλαγγῖτις; edition_pages=2.270
PAUL_AEG-7.3.643,PAUL_AEG,7.3.643,Φελλοί,,,,"Φελλοί, καὶ μάλιστα οἱ ἀπὸ τῶν οἰνηρῶν ἀγγείων, καυθέντες ξηραντικωτάτην ἐργάζονται τέφραν, ἥτις ταῖς δυσεντερικαῖς μάλιστα μίγνυται δυνάμεσιν.","φελλοι, και μαλιστα οι απο των οινηρων αγγειων, καυθεντες ξηραντικωτατην εργαζονται τεφραν, ητις ταις δυσεντερικαις μαλιστα μιγνυται δυναμεσιν.",,draft,2,270,270,18,paul_row=642; lemma_gr=φελλοί; edition_pages=2.270
PAUL_AEG-7.3.644,PAUL_AEG,7.3.644,Φιλύρας,,,,"Φιλύρας τοῦ δένδρου τὰ φύλλα παραπλησίως στύφει τοῖς τῆς ἀγρίας ἐλαίας, ὠφελεῖ δὲ τὰ ἐν στόματι ἕλκη διαμασώμενα καὶ διακλυζομένου τοῦ ἀφεψήματος αὐτῶν, ὃ καὶ πινόμενον οὖρα καὶ καταμήνια κινεῖ.","φιλυρας του δενδρου τα φυλλα παραπλησιως στυφει τοις της αγριας ελαιας, ωφελει δε τα εν στοματι ελκη διαμασωμενα και διακλυζομενου του αφεψηματος αυτων, ο και πινομενον ουρα και καταμηνια κινει.",,draft,2,270,270,30,paul_row=643; lemma_gr=φιλύρας; edition_pages=2.270
PAUL_AEG-7.3.645,PAUL_AEG,7.3.645,Φλόμοι,,,,"Φλόμοι πλείονες μέν εἰσιν, ἐν αἷς καὶ ἡ καλουμένη θρυαλλίς, πασῶν δὲ τὰ μὲν φύλλα ξηραντικῆς καὶ μετρίως ῥυπτικῆς εἰσι δυνάμεως, καὶ μάλιστα τῆς χρυσιζούσης, ᾗ καὶ τὰς τρίχας ξανθίζουσιν· αἱ δὲ ῥίζαι στρυφναὶ οὖσαι τοῖς ῥοώδεσιν ἁρμόττουσι πάθεσιν, διακλύζονται δὲ αὐτὰς ἔνιοι καὶ πρὸς ὀδόντας.","φλομοι πλειονες μεν εισιν, εν αις και η καλουμενη θρυαλλις, πασων δε τα μεν φυλλα ξηραντικης και μετριως ρυπτικης εισι δυναμεως, και μαλιστα της χρυσιζουσης, η και τας τριχας ξανθιζουσιν· αι δε ριζαι στρυφναι ουσαι τοις ροωδεσιν αρμοττουσι παθεσιν, διακλυζονται δε αυτας ενιοι και προς οδοντας.",,draft,2,270,270,46,paul_row=644; lemma_gr=φλόμοι; edition_pages=2.270
PAUL_AEG-7.3.646,PAUL_AEG,7.3.646,"Φοῖνιξ, οἱ δὲ ῥοῦν",,,,"Φοῖνιξ, οἱ δὲ ῥοῦν, πόα ἐστὶν αἴρᾳ παραπλησία, δύναμιν δὲ ἔχει στυπτικήν, πινομένη δὲ ἐν οἴνῳ αὐστηρῷ πάντα τὰ ῥοώδη στέλλει.","φοινιξ, οι δε ρουν, ποα εστιν αιρα παραπλησια, δυναμιν δε εχει στυπτικην, πινομενη δε εν οινω αυστηρω παντα τα ροωδη στελλει.",,draft,2,270,270,21,paul_row=645; lemma_gr=φοῖνιξ:ῥοῦς; edition_pages=2.270; derived_from=alias_review
PAUL_AEG-7.3.647,PAUL_AEG,7.3.647,Φοῖνιξ τὸ δένδρον,,,,Φοῖνιξ τὸ δένδρον τὸν μὲν καρπὸν ἤδη πεπανθέντα θερμὸν μετρίως ἔχει καὶ τονωτικὸν καὶ εὐστόμαχον εἴσω τε λαμβανόμενον καὶ ἔξωθεν ἐπιτιθέμενον. τὸ δὲ λοιπὸν τοῦ φοίνικος στῦφον ἱκανῶς ἐστιν· ὅθεν στομαχικαῖς τε καὶ ἡπατικαῖς δυνάμεσι μίγνυται. πάντων δὲ στυπτικώτερόν ἐστιν τὸ οἷον ἀμφίεσμα τοῦ καρποῦ τοῦ ἐκφυομένου.,φοινιξ το δενδρον τον μεν καρπον ηδη πεπανθεντα θερμον μετριως εχει και τονωτικον και ευστομαχον εισω τε λαμβανομενον και εξωθεν επιτιθεμενον. το δε λοιπον του φοινικος στυφον ικανως εστιν· οθεν στομαχικαις τε και ηπατικαις δυναμεσι μιγνυται. παντων δε στυπτικωτερον εστιν το οιον αμφιεσμα του καρπου του εκφυομενου.,,draft,2,270,270,47,paul_row=646; lemma_gr=φοῖνιξ τὸ δένδρον; edition_pages=2.270
PAUL_AEG-7.3.648,PAUL_AEG,7.3.648,Φορμίον,,,,Φορμίον λεπτομεροῦς τε καὶ ῥυπτικῆς καὶ ἑλκτικῆς ἐστι δυνάμεως· λευκώματα γοῦν λεπτύνει μετὰ μέλιτος τὸ σπέρμα καὶ σκόλοπας ἐξάγει.,φορμιον λεπτομερους τε και ρυπτικης και ελκτικης εστι δυναμεως· λευκωματα γουν λεπτυνει μετα μελιτος το σπερμα και σκολοπας εξαγει.,,draft,2,270,270,19,paul_row=647; lemma_gr=φορμίον; edition_pages=2.270
PAUL_AEG-7.3.649,PAUL_AEG,7.3.649,Φοῦ,,,,"Φοῦ νάρδου παραπλησίαν ἔχει τὴν ῥίζαν, καταδεεστέραν μὲν εἰς τὰ πλεῖστα, οὖρα δὲ μᾶλλον αὐτῆς προτρέπουσαν ὁμοίως τῇ Κελτικῇ.","φου ναρδου παραπλησιαν εχει την ριζαν, καταδεεστεραν μεν εις τα πλειστα, ουρα δε μαλλον αυτης προτρεπουσαν ομοιως τη κελτικη.",,draft,2,270,270,19,paul_row=648; lemma_gr=φοῦ; edition_pages=2.270
PAUL_AEG-7.3.650,PAUL_AEG,7.3.650,Φῦκος,,,,Φῦκος ψύχει καὶ ξηραίνει κατὰ τὴν δευτέραν ἀπόστασιν ἔχον τι καὶ στῦφον μετρίως.,φυκος ψυχει και ξηραινει κατα την δευτεραν αποστασιν εχον τι και στυφον μετριως.,,draft,2,270,270,13,paul_row=649; lemma_gr=φῦκος; edition_pages=2.270
PAUL_AEG-7.3.651,PAUL_AEG,7.3.651,Φυλλῖτις,,,,Φυλλῖτις στρυφνῆς οὖσα ποιότητος οὐκ ἀπὸ τρόπου διαρροίας τε καὶ δυσεντερίας ὀνίνησι πινομένη.,φυλλιτις στρυφνης ουσα ποιοτητος ουκ απο τροπου διαρροιας τε και δυσεντεριας ονινησι πινομενη.,,draft,2,270,270,13,paul_row=650; lemma_gr=φυλλῖτις; edition_pages=2.270
PAUL_AEG-7.3.652,PAUL_AEG,7.3.652,Χαλβάνη,,,,"Χαλβάνη θερμαίνει μὲν πλησίον τῆς τρίτης ἀποστάσεως, ξηραίνει δὲ πλησίον τῆς δευτέρας, μαλακτικῆς τε καὶ διαφορητικῆς ὑπάρχουσα δυνάμεως.","χαλβανη θερμαινει μεν πλησιον της τριτης αποστασεως, ξηραινει δε πλησιον της δευτερας, μαλακτικης τε και διαφορητικης υπαρχουσα δυναμεως.",,draft,2,271,271,18,paul_row=651; lemma_gr=χαλβάνη; edition_pages=2.271
PAUL_AEG-7.3.653,PAUL_AEG,7.3.653,Χαλκῖτις,,,,"Χαλκῖτις στυπτικῆς καὶ δριμείας καὶ καυστικῆς καὶ ἐσχαρωτικῆς ἐστι δυνάμεως, λεπτομερείᾳ δὲ μεταξὺ μίσυός τέ ἐστι καὶ σώρεως· καυθεῖσα δὲ λεπτομερεστέρα τε καὶ ἀδηκτοτέρα γίνεται.","χαλκιτις στυπτικης και δριμειας και καυστικης και εσχαρωτικης εστι δυναμεως, λεπτομερεια δε μεταξυ μισυος τε εστι και σωρεως· καυθεισα δε λεπτομερεστερα τε και αδηκτοτερα γινεται.",,draft,2,271,271,25,paul_row=652; lemma_gr=χαλκῖτις; edition_pages=2.271
PAUL_AEG-7.3.654,PAUL_AEG,7.3.654,Χάλκανθος ὕδωρ,,,,Χάλκανθος ὕδωρ ἐστὶ πηγνύμενον ἐν τοῖς κατὰ Κύπρον μετάλλοις ἰσχυροτάτην ἔχον στῦψιν μετὰ θερμότητος οὐκ ἀγεννοῦς πάντων μᾶλλον τὰς ὑγρὰς σάρκας ταριχεῦσαί τε καὶ ξηρᾶναι δυνάμενον. χρόνῳ δὲ πλείονι εἰς χαλκῖτιν μεταβάλλει.,χαλκανθος υδωρ εστι πηγνυμενον εν τοις κατα κυπρον μεταλλοις ισχυροτατην εχον στυψιν μετα θερμοτητος ουκ αγεννους παντων μαλλον τας υγρας σαρκας ταριχευσαι τε και ξηραναι δυναμενον. χρονω δε πλειονι εις χαλκιτιν μεταβαλλει.,,draft,2,271,271,32,paul_row=653; lemma_gr=χάλκανθος ὕδωρ; edition_pages=2.271
PAUL_AEG-7.3.655,PAUL_AEG,7.3.655,Χαλκὸς κεκαυμένος,,,,"Χαλκὸς κεκαυμένος ἔχει μέν τι καὶ δριμὺ καὶ στύψεως μετέχει· κάλλιστον οὖν ἐστιν πρὸς συνούλωσιν ἑλκῶν ἐπὶ τῶν σκληροτέρων σωμάτων, εἰ δὲ πλυθείη, τοῖς ἁπαλοῖς χρησιμώτερός ἐστιν.","χαλκος κεκαυμενος εχει μεν τι και δριμυ και στυψεως μετεχει· καλλιστον ουν εστιν προς συνουλωσιν ελκων επι των σκληροτερων σωματων, ει δε πλυθειη, τοις απαλοις χρησιμωτερος εστιν.",,draft,2,271,271,27,paul_row=654; lemma_gr=χαλκὸς κεκαυμένος; edition_pages=2.271
PAUL_AEG-7.3.656,PAUL_AEG,7.3.656,Χαλκοῦ ἄνθος,,,,Χαλκοῦ ἄνθος λεπτομερεστέρας ἐστὶ δυνάμεως τοῦ κεκαυμένου χαλκοῦ καὶ τῆς λεπίδος αὐτοῦ· μιγνύμενον γοῦν ἐν κολλουρίοις ἀπορρύπτει τάς τε τραχύτητας καὶ συκώσεις τῶν βλεφάρων.,χαλκου ανθος λεπτομερεστερας εστι δυναμεως του κεκαυμενου χαλκου και της λεπιδος αυτου· μιγνυμενον γουν εν κολλουριοις απορρυπτει τας τε τραχυτητας και συκωσεις των βλεφαρων.,,draft,2,271,271,24,paul_row=655; lemma_gr=χαλκοῦ ἄνθος; edition_pages=2.271
PAUL_AEG-7.3.657,PAUL_AEG,7.3.657,Χαμαίδρυς,,,,Χαμαίδρυς θερμαίνει καὶ ξηραίνει κατὰ τὴν τρίτην τάξιν· σπλῆνάς τε οὖν τήκει καὶ οὖρα καὶ καταμήνια κινεῖ καὶ τὰς τῶν σπλάγχνων ἐμφράξεις ἐκκαθαίρει.,χαμαιδρυς θερμαινει και ξηραινει κατα την τριτην ταξιν· σπληνας τε ουν τηκει και ουρα και καταμηνια κινει και τας των σπλαγχνων εμφραξεις εκκαθαιρει.,,draft,2,271,271,23,paul_row=656; lemma_gr=χαμαίδρυς; edition_pages=2.271
PAUL_AEG-7.3.658,PAUL_AEG,7.3.658,Χαμαικίσσου τὸ ἄνθος,,,,"Χαμαικίσσου τὸ ἄνθος πικρὸν ἱκανῶς ὑπάρχον ἐκφράττει τὰ καθ' ἧπαρ, δίδοται δὲ καὶ τοῖς ἰσχιαδικοῖς.","χαμαικισσου το ανθος πικρον ικανως υπαρχον εκφραττει τα καθ' ηπαρ, διδοται δε και τοις ισχιαδικοις.",,draft,2,271,271,15,paul_row=657; lemma_gr=χαμαίκισσος; edition_pages=2.271
PAUL_AEG-7.3.659,PAUL_AEG,7.3.659,Χαμαιλεύκη,,,,"Χαμαιλεύκη θερμαίνει κατὰ τὴν τρίτην τάξιν, ξηραίνει δὲ κατὰ τὴν πρώτην.","χαμαιλευκη θερμαινει κατα την τριτην ταξιν, ξηραινει δε κατα την πρωτην.",,draft,2,271,271,11,paul_row=658; lemma_gr=χαμαιλεύκη; edition_pages=2.271
PAUL_AEG-7.3.660,PAUL_AEG,7.3.660,Χαμαιλέοντος,,,,"Χαμαιλέοντος τοῦ μὲν μέλανος ἡ ῥίζα θερμαίνει καὶ ξηραίνει πλησίον τῆς τρίτης τάξεως, ἔστι δὲ ῥυπτική τε τῶν περὶ τὸ δέρμα καὶ διαφορητικὴ καὶ μαλακτικὴ τῶν σκληρῶν ὄγκων καὶ φαγεδαινικὰ καταπλασθεῖσα ἰᾶται· εἴσω δὲ λαμβανομένη τοῦ σώματος δηλητηριώδης ἐστίν. ἡ δὲ τοῦ λευκοῦ ῥίζα παραπλησία μέν ἐστι τῆς τοῦ μέλανος, πικροτέρα δέ· ἥτις μετ' οἴνου αὐστηροῦ πλῆθος ὀξυβάφου πινομένη πλατείας ἕλμινθας κτείνει, ποιεῖ δὲ καὶ πρὸς ὑδρωπικούς.","χαμαιλεοντος του μεν μελανος η ριζα θερμαινει και ξηραινει πλησιον της τριτης ταξεως, εστι δε ρυπτικη τε των περι το δερμα και διαφορητικη και μαλακτικη των σκληρων ογκων και φαγεδαινικα καταπλασθεισα ιαται· εισω δε λαμβανομενη του σωματος δηλητηριωδης εστιν. η δε του λευκου ριζα παραπλησια μεν εστι της του μελανος, πικροτερα δε· ητις μετ' οινου αυστηρου πληθος οξυβαφου πινομενη πλατειας ελμινθας κτεινει, ποιει δε και προς υδρωπικους.",,draft,2,271,271,67,paul_row=659; lemma_gr=χαμαιλέοντος; edition_pages=2.271
PAUL_AEG-7.3.661,PAUL_AEG,7.3.661,Χαμαίμηλον ἢ ἀνθεμὶς,,,,"Χαμαίμηλον ἢ ἀνθεμὶς θερμαίνει καὶ ξηραίνει κατὰ τὴν πρώτην τάξιν, ἔστι δὲ καὶ λεπτομερὲς καὶ διαφορητικὸν καὶ χαλαστικὸν καὶ ἀρωματικὸν τὴν δύναμιν.","χαμαιμηλον η ανθεμις θερμαινει και ξηραινει κατα την πρωτην ταξιν, εστι δε και λεπτομερες και διαφορητικον και χαλαστικον και αρωματικον την δυναμιν.",,draft,2,271,272,22,paul_row=660; lemma_gr=χαμαίμηλον:ἀνθεμίς; edition_pages=2.271-272
PAUL_AEG-7.3.662,PAUL_AEG,7.3.662,Χαμαίπιτυς,,,,"Χαμαίπιτυς θερμαίνει μὲν κατὰ τὴν δευτέραν τάξιν, ξηραίνει δὲ κατὰ τὴν τρίτην· δι' ὃ καθαρτικός τε καὶ ῥυπτικὸς τῶν σπλάγχνων ἐστί, καὶ μάλιστα τοῦ ἥπατος. ἄγει δὲ καὶ οὖρα καὶ καταμήνια καὶ τὰ μεγάλα τραύματα κολλᾷ καὶ τὰ σηπεδονώδη ἰᾶται καὶ σκληρίας διαφορεῖ. ποιεῖ δὲ καὶ ἰσχιαδικοῖς τὸ ἀφέψημα αὐτοῦ.","χαμαιπιτυς θερμαινει μεν κατα την δευτεραν ταξιν, ξηραινει δε κατα την τριτην· δι' ο καθαρτικος τε και ρυπτικος των σπλαγχνων εστι, και μαλιστα του ηπατος. αγει δε και ουρα και καταμηνια και τα μεγαλα τραυματα κολλα και τα σηπεδονωδη ιαται και σκληριας διαφορει. ποιει δε και ισχιαδικοις το αφεψημα αυτου.",,draft,2,272,272,50,paul_row=661; lemma_gr=χαμαίπιτυς; edition_pages=2.272
PAUL_AEG-7.3.663,PAUL_AEG,7.3.663,"Χαμαίρωψ, οἱ δὲ καὶ τοῦτο χαμαίδρυν, οἱ δὲ Τεύκριον",,,,"Χαμαίρωψ, οἱ δὲ καὶ τοῦτο χαμαίδρυν, οἱ δὲ Τεύκριον, παραπλησίας ἐστὶ τῷ χαμαίδρυι δυνάμεως.","χαμαιρωψ, οι δε και τουτο χαμαιδρυν, οι δε τευκριον, παραπλησιας εστι τω χαμαιδρυι δυναμεως.",,draft,2,272,272,14,paul_row=662; lemma_gr=χαμαίρωψ:χαμαίδρυς:τεύκριον; edition_pages=2.272; derived_from=alias_review
PAUL_AEG-7.3.664,PAUL_AEG,7.3.664,Χαμαισύκη,,,,"Χαμαισύκη ῥυπτικήν τε καὶ δριμεῖαν ἔχει δύναμιν· ὥστε καὶ μυρμηκίας καὶ ἀκροχορδόνας οἵ τε κλῶνες αὐτῆς καὶ ὁ ὀπὸς ἀφαιροῦσιν, ἀπορρύπτουσι δὲ σὺν μέλιτι τὰς ἐν ὀφθαλμοῖς παχείας οὐλὰς καὶ ἀμβλυωπίας καὶ ἀρχὰς ὑποχύσεως ἰῶνται.","χαμαισυκη ρυπτικην τε και δριμειαν εχει δυναμιν· ωστε και μυρμηκιας και ακροχορδονας οι τε κλωνες αυτης και ο οπος αφαιρουσιν, απορρυπτουσι δε συν μελιτι τας εν οφθαλμοις παχειας ουλας και αμβλυωπιας και αρχας υποχυσεως ιωνται.",,draft,2,272,272,35,paul_row=663; lemma_gr=χαμαισύκη; edition_pages=2.272
PAUL_AEG-7.3.665,PAUL_AEG,7.3.665,Χαμελαία,,,,Χαμελαία ῥυπτικῆς ἐστι δυνάμεως· δι' ὃ τά τε ῥυπαρὰ τῶν ἑλκῶν καὶ τὰς ἐσχάρας καθαίρει μετὰ μέλιτος.,χαμελαια ρυπτικης εστι δυναμεως· δι' ο τα τε ρυπαρα των ελκων και τας εσχαρας καθαιρει μετα μελιτος.,,draft,2,272,272,17,paul_row=664; lemma_gr=χαμελαία; edition_pages=2.272
PAUL_AEG-7.3.666,PAUL_AEG,7.3.666,Χελιδόνιον τὸ μὲν μέγα,,,,"Χελιδόνιον τὸ μὲν μέγα θερμαίνει κατὰ τὴν τρίτην τάξιν, ἔστι δὲ καὶ ῥυπτικὸν ἰσχυρῶς· ὁ χυλὸς δὲ αὐτοῦ εἰς ὀξυωπίας ἐστὶ χρήσιμος, ἡ δὲ ῥίζα ἰκτερικούς τε σὺν οἴνῳ ἐκφράττει καὶ ἀνίσῳ πινομένη, μασωμένη δὲ ὀδονταλγίας ὠφελεῖ. τὸ δὲ μικρότερον τετάρτης ὂν τῶν θερμαινόντων ἀποστάσεως δριμύτερόν ἐστιν, ὡς ἑλκοῦν τὸ δέρμα καταπλασσόμενον, ὄνυχάς τε λεπροὺς ἐκβάλλει· ὁ δὲ χυλὸς αὐτοῦ διὰ ῥινῶν καθαίρει.","χελιδονιον το μεν μεγα θερμαινει κατα την τριτην ταξιν, εστι δε και ρυπτικον ισχυρως· ο χυλος δε αυτου εις οξυωπιας εστι χρησιμος, η δε ριζα ικτερικους τε συν οινω εκφραττει και ανισω πινομενη, μασωμενη δε οδονταλγιας ωφελει. το δε μικροτερον τεταρτης ον των θερμαινοντων αποστασεως δριμυτερον εστιν, ως ελκουν το δερμα καταπλασσομενον, ονυχας τε λεπρους εκβαλλει· ο δε χυλος αυτου δια ρινων καθαιρει.",,draft,2,272,272,63,paul_row=665; lemma_gr=χελιδόνιον τὸ μὲν μέγα; edition_pages=2.272
PAUL_AEG-7.3.667,PAUL_AEG,7.3.667,Χελιδόνων καυθεισῶν ἡ τέφρα,,,,"Χελιδόνων καυθεισῶν ἡ τέφρα σὺν μέλιτι διαχριομένη κυναγχικὰς φλεγμονὰς ἰᾶται, ποιεῖ δὲ καὶ ὀξυδορκίαν.","χελιδονων καυθεισων η τεφρα συν μελιτι διαχριομενη κυναγχικας φλεγμονας ιαται, ποιει δε και οξυδορκιαν.",,draft,2,272,272,14,paul_row=666; lemma_gr=χελιδόνων καυθεισῶν ἡ τέφρα; edition_pages=2.272
PAUL_AEG-7.3.668,PAUL_AEG,7.3.668,Χολὴ,,,,"Χολὴ πάντων τῶν ἄλλων τοῦ ζῴου χυμῶν ἐστι θερμοτάτη, διαφέρει δὲ τῇ μὲν χροιᾷ, καθ' ὃ ἡ ξανθὴ τῆς ὠχρᾶς ἐστι θερμοτέρα καὶ τῆς ξανθῆς ἡ ἰώδης, τῇ δὲ τῶν ἐχόντων αὐτὴν ζῴων διαφορᾷ, καθ' ὅσον ἡ μὲν τῶν ὑῶν ἀσθενεστέρα πασῶν ἐστιν, ὥστε καὶ τοῖς ἐν ὠσὶν ἕλκεσιν ἀδήκτως ἁρμόζειν, δριμυτέρα δὲ ταύτης ἡ τῶν προβάτων κἀκείνης τῶν αἰγῶν, ταύτῃ δὲ παραπλησία ἡ τῶν ἄρκτων τε καὶ βοῶν, ἡ δὲ τῶν ταύρων ἰσχυροτέρα καὶ ταύτης ἡ τῶν ὑαινῶν κἀκείνης ἡ τῶν ἰχθύων τοῦ τε καλλιωνύμου καλουμένου καὶ τοῦ σκορπίου, ἥτις ὑποχύσεσί τε καὶ ἀμβλυωπίαις καὶ λευκώμασιν ἁρμόζει, καὶ ἡ τῆς θαλαττίας χελώνης· ἡ δὲ τῆς ἀγρίας αἰγὸς καὶ νυκταλωπιῶντας ὠφελεῖν λέγεται. αἱ δὲ τῶν πτηνῶν ζῴων πᾶσαι δριμύτεραί τε καὶ ξηραντικώτεραι τῶν ἐν τοῖς τετράποσιν, αὐτῶν δὲ τούτων αἱ τῶν ἀλεκτρυόνων τε καὶ περδίκων ἀμείνους, αἱ δὲ τῶν ἱεράκων τε καὶ ἀετῶν δριμύτεραί πώς εἰσι καὶ διαβρωτικαὶ καὶ ἰώδεις τὴν χροιάν, ἐνίοτε δὲ καὶ μέλαιναι.","χολη παντων των αλλων του ζωου χυμων εστι θερμοτατη, διαφερει δε τη μεν χροια, καθ' ο η ξανθη της ωχρας εστι θερμοτερα και της ξανθης η ιωδης, τη δε των εχοντων αυτην ζωων διαφορα, καθ' οσον η μεν των υων ασθενεστερα πασων εστιν, ωστε και τοις εν ωσιν ελκεσιν αδηκτως αρμοζειν, δριμυτερα δε ταυτης η των προβατων κακεινης των αιγων, ταυτη δε παραπλησια η των αρκτων τε και βοων, η δε των ταυρων ισχυροτερα και ταυτης η των υαινων κακεινης η των ιχθυων του τε καλλιωνυμου καλουμενου και του σκορπιου, ητις υποχυσεσι τε και αμβλυωπιαις και λευκωμασιν αρμοζει, και η της θαλαττιας χελωνης· η δε της αγριας αιγος και νυκταλωπιωντας ωφελειν λεγεται. αι δε των πτηνων ζωων πασαι δριμυτεραι τε και ξηραντικωτεραι των εν τοις τετραποσιν, αυτων δε τουτων αι των αλεκτρυονων τε και περδικων αμεινους, αι δε των ιερακων τε και αετων δριμυτεραι πως εισι και διαβρωτικαι και ιωδεις την χροιαν, ενιοτε δε και μελαιναι.",,draft,2,272,273,156,paul_row=667; lemma_gr=χολή; edition_pages=2.272-273
PAUL_AEG-7.3.669,PAUL_AEG,7.3.669,Χονδρίλη,,,,Χονδρίλη σέρεως εἶδος ὑπάρχουσα τὸ ὑπόπικρον ἔχει· δι' ὃ καὶ ξηροτέρα πως αὐτῆς ἐστιν.,χονδριλη σερεως ειδος υπαρχουσα το υποπικρον εχει· δι' ο και ξηροτερα πως αυτης εστιν.,,draft,2,273,273,14,paul_row=668; lemma_gr=χονδρίλη; edition_pages=2.273
PAUL_AEG-7.3.670,PAUL_AEG,7.3.670,Χόνδρος,,,,"Χόνδρος παραπλήσιός ἐστι πυρῷ, γλίσχρος δὲ πλέον ἐκείνου.","χονδρος παραπλησιος εστι πυρω, γλισχρος δε πλεον εκεινου.",,draft,2,273,273,8,paul_row=669; lemma_gr=χόνδρος; edition_pages=2.273
PAUL_AEG-7.3.671,PAUL_AEG,7.3.671,Χρυσοκόλλα,,,,"Χρυσοκόλλα ἔστι μὲν ἡ μεταλλευομένη, καὶ σκευάζεται δὲ ἐν θυίᾳ ἀπὸ ἐρυθροῦ χαλκοῦ τοιούτῳ δοίδυκι οὔρῳ παιδὸς ἀφθόρου τριβομένου ἐν τοῖς ὑπὸ Κύνα καύμασιν. ἧπαρ οὖν ῥύπτει διαφορητικὴν καὶ ξηραντικὴν τὴν δύναμιν ἔχουσα μᾶλλον τῆς μεταλλευομένης, ὡς καὶ τήκειν σάρκας ἀδήκτως· ἕλκεσι γοῦν κακοήθεσιν ἁρμόττει. κἀκείνην δὲ καύσας ἀδηκτοτέραν ἐργάσῃ.","χρυσοκολλα εστι μεν η μεταλλευομενη, και σκευαζεται δε εν θυια απο ερυθρου χαλκου τοιουτω δοιδυκι ουρω παιδος αφθορου τριβομενου εν τοις υπο κυνα καυμασιν. ηπαρ ουν ρυπτει διαφορητικην και ξηραντικην την δυναμιν εχουσα μαλλον της μεταλλευομενης, ως και τηκειν σαρκας αδηκτως· ελκεσι γουν κακοηθεσιν αρμοττει. κακεινην δε καυσας αδηκτοτεραν εργαση.",,draft,2,273,273,50,paul_row=670; lemma_gr=χρυσοκόλλα; edition_pages=2.273
PAUL_AEG-7.3.672,PAUL_AEG,7.3.672,Χρυσοκόμη ἡ καὶ χρυσῖτις,,,,"Χρυσοκόμη ἡ καὶ χρυσῖτις. δριμεῖαν ἅμα καὶ στύφουσαν ἔχει δύναμιν ἡ ῥίζα· διόπερ οὐδὲ πολύχρηστός ἐστιν, πλὴν ἐν περιπνευμονίαις τε καὶ ἡπατικοῖς πάθεσιν ἐν μελικράτῳ καθεψηθεῖσα δίδοται. κινεῖ δὲ καὶ ἔμμηνα.","χρυσοκομη η και χρυσιτις. δριμειαν αμα και στυφουσαν εχει δυναμιν η ριζα· διοπερ ουδε πολυχρηστος εστιν, πλην εν περιπνευμονιαις τε και ηπατικοις παθεσιν εν μελικρατω καθεψηθεισα διδοται. κινει δε και εμμηνα.",,draft,2,273,273,31,paul_row=671; lemma_gr=χρυσοκόμη:χρυσῖτις; edition_pages=2.273; derived_from=alias_review
PAUL_AEG-7.3.673,PAUL_AEG,7.3.673,Ψευδοβούνιον,,,,"Ψευδοβούνιον παραπλήσιον ὑπάρχον βουνίῳ τὴν ἰδέαν θερμαίνει καὶ διαφορεῖ καὶ ῥύπτει· στρόφους γοῦν καὶ στραγγουρίας καὶ πλευρῶν ἀλγήματα λύει, διαφορεῖ δὲ καὶ χοιράδας μεθ' ἁλῶν καὶ οἴνου καταπλασσομένη.","ψευδοβουνιον παραπλησιον υπαρχον βουνιω την ιδεαν θερμαινει και διαφορει και ρυπτει· στροφους γουν και στραγγουριας και πλευρων αλγηματα λυει, διαφορει δε και χοιραδας μεθ' αλων και οινου καταπλασσομενη.",,draft,2,273,273,28,paul_row=672; lemma_gr=ψευδοβούνιον; edition_pages=2.273
PAUL_AEG-7.3.674,PAUL_AEG,7.3.674,Ψευδοδίκταμνον,,,,Ψευδοδίκταμνον ἀσθενοῦς δικτάμνου δύναμιν ἔχει.,ψευδοδικταμνον ασθενους δικταμνου δυναμιν εχει.,,draft,2,273,273,5,paul_row=673; lemma_gr=ψευδοδίκταμνον; edition_pages=2.273
PAUL_AEG-7.3.675,PAUL_AEG,7.3.675,Ψιμύθιον,,,,Ψιμύθιον ἐμψυκτικόν τέ ἐστι καὶ ἐμπλαστικόν.,ψιμυθιον εμψυκτικον τε εστι και εμπλαστικον.,,draft,2,273,273,6,paul_row=674; lemma_gr=ψιμύθιον; edition_pages=2.273
PAUL_AEG-7.3.676,PAUL_AEG,7.3.676,Ψυλλίου τὸ σπέρμα,,,,"Ψυλλίου τὸ σπέρμα τῆς δευτέρας τῶν ψυχόντων ἐστὶ τάξεως, ἐν δὲ τῷ ξηραίνειν τε καὶ ὑγραίνειν μέσον ἐστίν.","ψυλλιου το σπερμα της δευτερας των ψυχοντων εστι ταξεως, εν δε τω ξηραινειν τε και υγραινειν μεσον εστιν.",,draft,2,273,273,18,paul_row=675; lemma_gr=ψυλλίου τὸ σπέρμα; edition_pages=2.273
PAUL_AEG-7.3.677,PAUL_AEG,7.3.677,Ψωρικὸν,,,,"Ψωρικὸν λιθαργύρῳ μιγνυμένης διπλασίας χαλκίτεως γίνεται λειουμένων τε ὄξει καὶ χωννυμένων εἰς καινὴν χύτραν ἐν κόπρῳ ἐπὶ τεςσαράκοντα ἡμέρας, ξηραντικώτερόν τε καὶ λεπτομερέστερον καὶ ἀδηκτότερον χαλκίτεως γίνεται.","ψωρικον λιθαργυρω μιγνυμενης διπλασιας χαλκιτεως γινεται λειουμενων τε οξει και χωννυμενων εις καινην χυτραν εν κοπρω επι τεςσαρακοντα ημερας, ξηραντικωτερον τε και λεπτομερεστερον και αδηκτοτερον χαλκιτεως γινεται.",,draft,2,273,274,27,paul_row=676; lemma_gr=ψωρικόν; edition_pages=2.273-274
PAUL_AEG-7.3.678,PAUL_AEG,7.3.678,Ὠιοῦ,,,,"Ὠιοῦ τὸ μὲν λευκόν τε καὶ λεπτὸν τῶν ἀδηκτοτάτων ἐστὶ μετρίως ἐμψῦχον· χρηστέον οὖν αὐτῷ ἐπὶ ὀφθαλμῶν καὶ τῶν ἐν αἰδοίοις ἑλκῶν καὶ πάντων κακοήθων, μίγνυται δὲ καὶ τοῖς ἰσχαίμοις ἐμπλαστικοῖς φαρμάκοις. καὶ ἡ λέκιθος δὲ παραπλησίας οὖσα δυνάμεως ἀφλεγμάντοις μίγνυται φαρμάκοις, ὀπτωμένη δὲ ξηραντικωτέρα μὲν γίνεται, ἧττον δὲ παρηγορική. ὄξει δὲ ἑψηθὲν ὅλον ᾠόν, εἰ βρωθείη, ξηραίνει τὰ κατὰ γαστέρα ῥεύματα· εἰ δὲ καὶ προσλάβοι τι τῶν στρυφνῶν, οἷον κηκῖδος ἢ ῥοῦ ἢ βαλαυστίων, καὶ ταγηνισθείη, δραστικώτερον ἱκανῶς γίνεται. καὶ κατακαύμασι δὲ παραχρῆμα βοηθεῖ ὅλον ὠμὸν ἐπιβαλλόμενον. ῥοφητὸν δὲ προσφερόμενον τά τε κατὰ θώρακα συμπέττει τε καὶ παρηγορεῖ καὶ τὰς τραχύτητας τῆς ἀρτηρίας καταλεαίνει. προκριτέον δὲ τὸ νέον τοῦ παλαιοῦ καὶ τὸ τῶν ἀλεκτορίδων τοῦ τῶν ἄλλων ζῴων.","ωιου το μεν λευκον τε και λεπτον των αδηκτοτατων εστι μετριως εμψυχον· χρηστεον ουν αυτω επι οφθαλμων και των εν αιδοιοις ελκων και παντων κακοηθων, μιγνυται δε και τοις ισχαιμοις εμπλαστικοις φαρμακοις. και η λεκιθος δε παραπλησιας ουσα δυναμεως αφλεγμαντοις μιγνυται φαρμακοις, οπτωμενη δε ξηραντικωτερα μεν γινεται, ηττον δε παρηγορικη. οξει δε εψηθεν ολον ωον, ει βρωθειη, ξηραινει τα κατα γαστερα ρευματα· ει δε και προσλαβοι τι των στρυφνων, οιον κηκιδος η ρου η βαλαυστιων, και ταγηνισθειη, δραστικωτερον ικανως γινεται. και κατακαυμασι δε παραχρημα βοηθει ολον ωμον επιβαλλομενον. ροφητον δε προσφερομενον τα τε κατα θωρακα συμπεττει τε και παρηγορει και τας τραχυτητας της αρτηριας καταλεαινει. προκριτεον δε το νεον του παλαιου και το των αλεκτοριδων του των αλλων ζωων.",,draft,2,274,274,119,paul_row=677; lemma_gr=ᾠόν; edition_pages=2.274
PAUL_AEG-7.3.679,PAUL_AEG,7.3.679,Ὤκιμον,,,,"Ὤκιμον ἐκ τῆς δευτέρας τάξεώς ἐστι τῶν θερμαινόντων, ἔχει δὲ ὑγρότητα περιττωματικήν· ὅθεν οὐδὲ χρήσιμόν ἐστιν εἴσω τοῦ σώματος λαμβανόμενον· ἔξωθεν δὲ καταπλασσόμενον διαφορεῖ καὶ συμπέττει.","ωκιμον εκ της δευτερας ταξεως εστι των θερμαινοντων, εχει δε υγροτητα περιττωματικην· οθεν ουδε χρησιμον εστιν εισω του σωματος λαμβανομενον· εξωθεν δε καταπλασσομενον διαφορει και συμπεττει.",,draft,2,274,274,26,paul_row=678; lemma_gr=ὤκιμον; edition_pages=2.274
PAUL_AEG-7.3.680,PAUL_AEG,7.3.680,"Ὠκιμοειδοῦς, ἣν ἔνιοι φιλεταίριον ὀνομάζουσιν",,,,"Ὠκιμοειδοῦς, ἣν ἔνιοι φιλεταίριον ὀνομάζουσιν, ἄχρηστος μὲν ἡ ῥίζα, τὸ δὲ σπέρμα λεπτομερὲς καὶ ξηραντικὸν ἀδήκτως ἐστίν.","ωκιμοειδους, ην ενιοι φιλεταιριον ονομαζουσιν, αχρηστος μεν η ριζα, το δε σπερμα λεπτομερες και ξηραντικον αδηκτως εστιν.",,draft,2,274,274,17,paul_row=679; lemma_gr=ὠκιμοειδές; edition_pages=2.274; derived_from=alias_review
