lemma_id,headword_gr,headword_normalized,headword_en,parent_lemma,relationship,category,notes
L001,ἀβρότονον,αβροτονον,,,,plant,
L002,ἄγνος,αγνος,,,,plant,split from workbook list: ἄγνος; λύγος; category inherited from bundle source
L003,λύγος,λυγος,,,,plant,split from workbook list: ἄγνος; λύγος; category inherited from bundle source
L004,ἄγρωστις,αγρωστις,,,,plant,
L005,ἄγχουσα,αγχουσα,,,,plant,split from workbook list: ἄγχουσα; ὀνόκλεια; λύκοψις; ὀνόχειλος; ἀλκιβιάδειον; category inherited from bundle source
L006,ὀνόκλεια,ονοκλεια,,,,plant,split from workbook list: ἄγχουσα; ὀνόκλεια; λύκοψις; ὀνόχειλος; ἀλκιβιάδειον; category inherited from bundle source
L007,λύκοψις,λυκοψις,,,,plant,split from workbook list: ἄγχουσα; ὀνόκλεια; λύκοψις; ὀνόχειλος; ἀλκιβιάδειον; category inherited from bundle source
L008,ὀνόχειλος,ονοχειλος,,,,plant,split from workbook list: ἄγχουσα; ὀνόκλεια; λύκοψις; ὀνόχειλος; ἀλκιβιάδειον; category inherited from bundle source
L009,ἀλκιβιάδειον,αλκιβιαδειον,,,,plant,split from workbook list: ἄγχουσα; ὀνόκλεια; λύκοψις; ὀνόχειλος; ἀλκιβιάδειον; category inherited from bundle source
L010,ἀγαρικόν,αγαρικον,,,,plant,
L011,ἀγήρατον,αγηρατον,,,,plant,
L012,ἀδίαντον,αδιαντον,,,,plant,
L013,ἀείζωον,αειζωον,,,,plant,split from workbook list: ἀείζωον; ἀείζωον τὸ μέγα; ἀείζωον τὸ μικρόν; category inherited from bundle source
L014,ἀείζωον τὸ μέγα,αειζωον το μεγα,,L013,subtype,plant,split from workbook list: ἀείζωον; ἀείζωον τὸ μέγα; ἀείζωον τὸ μικρόν; category inherited from bundle source
L015,ἀείζωον τὸ μικρόν,αειζωον το μικρον,,L013,subtype,plant,split from workbook list: ἀείζωον; ἀείζωον τὸ μέγα; ἀείζωον τὸ μικρόν; category inherited from bundle source
L016,αἰγίλωψ,αιγιλωψ,,,,plant,
L017,αἶρα,αιρα,,,,plant,
L018,αἴγειρος,αιγειρος,,,,plant,
L019,ἀκακία,ακακια,,,,plant,
L020,ἀκαλύφη,ακαλυφη,,,,plant,
L021,ἄκανθος,ακανθος,,,,plant,split from workbook list: ἄκανθος; μελάμφυλλος; παιδέρωτα; category inherited from bundle source
L022,μελάμφυλλος,μελαμφυλλος,,,,plant,split from workbook list: ἄκανθος; μελάμφυλλος; παιδέρωτα; category inherited from bundle source
L023,παιδέρωτα,παιδερωτα,,,,plant,split from workbook list: ἄκανθος; μελάμφυλλος; παιδέρωτα; category inherited from bundle source
L024,ἀκάνθιον,ακανθιον,,,,plant,
L025,ἄκανθα λευκή,ακανθα λευκη,,,,plant,split from workbook list: ἄκανθα λευκή; λευκάκανθος; category inherited from bundle source
L026,λευκάκανθος,λευκακανθος,,,,plant,split from workbook list: ἄκανθα λευκή; λευκάκανθος; category inherited from bundle source
L027,ἄκανθα Αἰγυπτία,ακανθα αιγυπτια,,,,plant,split from workbook list: ἄκανθα Αἰγυπτία; ἄκανθα Ἀραβική; category inherited from bundle source
L028,ἄκανθα Ἀραβική,ακανθα αραβικη,,,,plant,split from workbook list: ἄκανθα Αἰγυπτία; ἄκανθα Ἀραβική; category inherited from bundle source
L029,ἄκορον,ακορον,,,,plant,
L030,ἀκόνιτον,ακονιτον,,,,plant,split from workbook list: ἀκόνιτον; παρδαλιαγχές; category inherited from bundle source
L031,παρδαλιαγχές,παρδαλιαγχες,,,,plant,split from workbook list: ἀκόνιτον; παρδαλιαγχές; category inherited from bundle source
L032,λυκοκτόνον,λυκοκτονον,,,,plant,split from workbook list: ἀκόνιτον; λυκοκτόνον; category inherited from bundle source
L033,ἀκτή,ακτη,,,,plant,split from workbook list: ἀκτή; ἄκτη ἡ μεγάλη καὶ δενδρώδης; ἄκτη ἡ βοτανωδεστέρα; ἄκτη χαμαιάκτην; category inherited from bundle source
L034,ἄκτη ἡ μεγάλη,ακτη η μεγαλη,,L033,subtype,plant,split from workbook list: ἀκτή; ἄκτη ἡ μεγάλη καὶ δενδρώδης; ἄκτη ἡ βοτανωδεστέρα; ἄκτη χαμαιάκτην; category inherited from bundle source
L035,δενδρώδης,δενδρωδης,,,,plant,split from workbook list: ἀκτή; ἄκτη ἡ μεγάλη καὶ δενδρώδης; ἄκτη ἡ βοτανωδεστέρα; ἄκτη χαμαιάκτην; category inherited from bundle source
L036,ἄκτη ἡ βοτανωδεστέρα,ακτη η βοτανωδεστερα,,L033,subtype,plant,split from workbook list: ἀκτή; ἄκτη ἡ μεγάλη καὶ δενδρώδης; ἄκτη ἡ βοτανωδεστέρα; ἄκτη χαμαιάκτην; category inherited from bundle source
L037,ἄκτη χαμαιάκτην,ακτη χαμαιακτην,,L033,subtype,plant,split from workbook list: ἀκτή; ἄκτη ἡ μεγάλη καὶ δενδρώδης; ἄκτη ἡ βοτανωδεστέρα; ἄκτη χαμαιάκτην; category inherited from bundle source
L038,ἅλιμον,αλιμον,,,,plant,split from workbook list: ἅλιμον; ἁλμυρίς; category inherited from bundle source
L039,ἀλόη,αλοη,,,,plant,
L040,ἄλυσσον,αλυσσον,,,,plant,
L041,ἀλσίνη,αλσινη,,,,plant,split from workbook list: ἀλσίνη; μυὸς ὦτα; category inherited from bundle source
L042,μυὸς ὦτα,μυος ωτα,,,,plant,split from workbook list: ἀλσίνη; μυὸς ὦτα; category inherited from bundle source
L043,ἀμάρακον,αμαρακον,,,,plant,
L044,ἀμβροσία,αμβροσια,,,,plant,
L045,ἄμι,αμι,,,,plant,
L046,ἀμάραντον,αμαραντον,,,,plant,
L047,ἀμόργη,αμοργη,,,,plant,
L048,ἀμπελόπρασον,αμπελοπρασον,,,,plant,
L049,ἄμπελος ἄγρια,αμπελος αγρια,,,,plant,
L050,ἄμπελος ἥμερος,αμπελος ημερος,,,,plant,
L051,ἄμπελος λευκή,αμπελος λευκη,,,,plant,split from workbook list: ἄμπελος λευκή; βρυωνία; ψίλωθρον; category inherited from bundle source
L052,βρυωνία,βρυωνια,,,,plant,split from workbook list: ἄμπελος λευκή; βρυωνία; ψίλωθρον; category inherited from bundle source
L053,ψίλωθρον,ψιλωθρον,,,,plant,split from workbook list: ἄμπελος λευκή; βρυωνία; ψίλωθρον; category inherited from bundle source
L054,ἄμπελος μέλαινα,αμπελος μελαινα,,,,plant,
L055,ἀμύγδαλα,αμυγδαλα,,,,plant,
L056,ἀμμωνιακόν,αμμωνιακον,,,,plant,
L057,ἄμωμον,αμωμον,,,,plant,
L058,ἀναγαλλίς,αναγαλλις,,,,plant,split from workbook list: ἀναγαλλίς; ἀναγαλλίς ἡ τὸ κυανὸν ἄνθος ἔχουσα; ἀναγαλλίς ἡ τὸ φοινικοῦν; category inherited from bundle source
L059,ἀναγαλλίς ἡ τὸ κυανὸν ἄνθος ἔχουσα,αναγαλλις η το κυανον ανθος εχουσα,,L058,subtype,plant,split from workbook list: ἀναγαλλίς; ἀναγαλλίς ἡ τὸ κυανὸν ἄνθος ἔχουσα; ἀναγαλλίς ἡ τὸ φοινικοῦν; category inherited from bundle source
L060,ἀναγαλλίς ἡ τὸ φοινικοῦν,αναγαλλις η το φοινικουν,,L058,subtype,plant,split from workbook list: ἀναγαλλίς; ἀναγαλλίς ἡ τὸ κυανὸν ἄνθος ἔχουσα; ἀναγαλλίς ἡ τὸ φοινικοῦν; category inherited from bundle source
L061,ἀνάγυρος,αναγυρος,,,,plant,
L062,ἀνδρόσαιμον,ανδροσαιμον,,,,plant,split from workbook list: ἀνδρόσαιμον; ἀνδρόσαιμον τὸ ἄσκυρον; ἀνδρόσαιμον τὸ ἀσκυροειδές; ἀνδρόσαιμον τὸ διονυσίας; category inherited from bundle source
L063,ἀνδρόσαιμον τὸ ἄσκυρον,ανδροσαιμον το ασκυρον,,L062,subtype,plant,split from workbook list: ἀνδρόσαιμον; ἀνδρόσαιμον τὸ ἄσκυρον; ἀνδρόσαιμον τὸ ἀσκυροειδές; ἀνδρόσαιμον τὸ διονυσίας; category inherited from bundle source
L064,ἀνδρόσαιμον τὸ ἀσκυροειδές,ανδροσαιμον το ασκυροειδες,,L062,subtype,plant,split from workbook list: ἀνδρόσαιμον; ἀνδρόσαιμον τὸ ἄσκυρον; ἀνδρόσαιμον τὸ ἀσκυροειδές; ἀνδρόσαιμον τὸ διονυσίας; category inherited from bundle source
L065,ἀνδρόσαιμον τὸ διονυσίας,ανδροσαιμον το διονυσιας,,L062,subtype,plant,split from workbook list: ἀνδρόσαιμον; ἀνδρόσαιμον τὸ ἄσκυρον; ἀνδρόσαιμον τὸ ἀσκυροειδές; ἀνδρόσαιμον τὸ διονυσίας; category inherited from bundle source
L066,ἀνδρόσακες,ανδροσακες,,,,plant,
L067,ἀνδράχνη,ανδραχνη,,,,plant,
L068,ἀνεμῶναι,ανεμωναι,,,,plant,
L069,ἄνηθον,ανηθον,,,,plant,
L070,ἀνθυλλίς,ανθυλλις,,,,plant,split from workbook list: ἀνθυλλίς; ἀνθυλλίς διττή; category inherited from bundle source
L071,ἀνθυλλίς διττή,ανθυλλις διττη,,L070,subtype,plant,split from workbook list: ἀνθυλλίς; ἀνθυλλίς διττή; category inherited from bundle source
L072,ἀνθεμὶς,ανθεμις,,,,plant,split from workbook list: ἀνθεμὶς; χαμαίμηλον; category inherited from bundle source
L073,χαμαίμηλον,χαμαιμηλον,,,,plant,split from workbook list: ἀνθεμὶς; χαμαίμηλον; category inherited from bundle source
L074,ἄνισον,ανισον,,,,plant,
L075,ἀντίρριον,αντιρριον,,,,plant,split from workbook list: ἀντίρριον; ἀνάρρινον; category inherited from bundle source
L076,ἀνάρρινον,αναρρινον,,,,plant,split from workbook list: ἀντίρριον; ἀνάρρινον; category inherited from bundle source
L077,ἀπαρίνη,απαρινη,,,,plant,split from workbook list: ἀπαρίνη; φιλάνθρωπος; ὀμφακόκαρπος; category inherited from bundle source
L078,φιλάνθρωπος,φιλανθρωπος,,,,plant,split from workbook list: ἀπαρίνη; φιλάνθρωπος; ὀμφακόκαρπος; category inherited from bundle source
L079,ὀμφακόκαρπος,ομφακοκαρπος,,,,plant,split from workbook list: ἀπαρίνη; φιλάνθρωπος; ὀμφακόκαρπος; category inherited from bundle source
L080,ἄπιος ἐδώδιμος,απιος εδωδιμος,,,,plant,
L081,ἀχράδες,αχραδες,,,,plant,
L082,ἀπόκυνον,αποκυνον,,,,plant,split from workbook list: ἀπόκυνον; κυνοκράμβη; κυνόμορον; category inherited from bundle source
L083,κυνοκράμβη,κυνοκραμβη,,,,plant,split from workbook list: ἀπόκυνον; κυνοκράμβη; κυνόμορον; category inherited from bundle source
L084,κυνόμορον,κυνομορον,,,,plant,split from workbook list: ἀπόκυνον; κυνοκράμβη; κυνόμορον; category inherited from bundle source
L085,Ἀργεμόνη,αργεμονη,,,,plant,
L086,Ἀρίσαρον,αρισαρον,,,,plant,
L087,ἀριστολοχία,αριστολοχια,,,,plant,
L088,ἄρκευθος,αρκευθος,,,,plant,
L089,ἄρκτιον,αρκτιον,,,,plant,
L090,ἄρκτιον ἕτερον,αρκτιον ετερον,,L089,subtype,plant,split from workbook list: ἄρκτιον ἕτερον; προσωπίδα; category inherited from bundle source
L091,προσωπίδα,προσωπιδα,,,,plant,split from workbook list: ἄρκτιον ἕτερον; προσωπίδα; category inherited from bundle source
L092,ἀρνόγλωσσον,αρνογλωσσον,,,,plant,
L093,ἄρον,αρον,,,,plant,
L094,ἀρτεμισία διττή,αρτεμισια διττη,,,,plant,
L095,ἄσαρον,ασαρον,,,,plant,
L096,Ἀσκληπιάς,ασκληπιας,,,,plant,
L097,ἀσπάλαθος,ασπαλαθος,,,,plant,
L098,ἀσπάραγος,ασπαραγος,,,,plant,split from workbook list: ἀσπάραγος; ἀσπάραγος πετραῖος; μυακάνθινος; category inherited from bundle source
L099,ἀσπάραγος πετραῖος,ασπαραγος πετραιος,,L098,subtype,plant,split from workbook list: ἀσπάραγος; ἀσπάραγος πετραῖος; μυακάνθινος; category inherited from bundle source
L100,μυακάνθινος,μυακανθινος,,,,plant,split from workbook list: ἀσπάραγος; ἀσπάραγος πετραῖος; μυακάνθινος; category inherited from bundle source
L101,Ἄσπληνον,ασπληνον,,,,plant,
L102,Ἀστράγαλος,αστραγαλος,,,,plant,
L103,Ἀστὴρ Ἀττικός,αστηρ αττικος,,,,plant,split from workbook list: Ἀστὴρ Ἀττικός; βουβώνιον; category inherited from bundle source
L104,βουβώνιον,βουβωνιον,,,,plant,split from workbook list: Ἀστὴρ Ἀττικός; βουβώνιον; category inherited from bundle source
L105,ἀσταφὶς ἥμερος,ασταφις ημερος,,,,plant,split from workbook list: ἀσταφὶς ἥμερος; ἀσταφὶς ἀγρία; category inherited from bundle source
L106,ἀσταφὶς ἀγρία,ασταφις αγρια,,,,plant,split from workbook list: ἀσταφὶς ἥμερος; ἀσταφὶς ἀγρία; category inherited from bundle source
L107,ἀσφόδελος,ασφοδελος,,,,plant,
L108,ἀτρακτυλίς,ατρακτυλις,,,,plant,split from workbook list: ἀτρακτυλίς; κνίκος ἄγρία; category inherited from bundle source
L109,κνίκος ἄγρία,κνικος αγρια,,L301,subtype,plant,split from workbook list: ἀτρακτυλίς; κνίκος ἄγρία; category inherited from bundle source
L110,ἀτράφαξις,ατραφαξις,,,,plant,
L111,Ἀφάκη,αφακη,,,,plant,
L112,ἀψίνθιον,αψινθιον,,,,plant,
L113,βάλανος,βαλανος,,,,plant,
L114,βαλσάμου τὸ ξύλον,βαλσαμου το ξυλον,,,,plant,split from workbook list: βαλσάμου τὸ ξύλον; βαλσάμου τὸ ὀπὸς; βαλσάμου τὸ καρπός; category inherited from bundle source
L115,βαλσάμου τὸ ὀπὸς,βαλσαμου το οπος,,,,plant,split from workbook list: βαλσάμου τὸ ξύλον; βαλσάμου τὸ ὀπὸς; βαλσάμου τὸ καρπός; category inherited from bundle source
L116,βαλσάμου τὸ καρπός,βαλσαμου το καρπος,,,,plant,split from workbook list: βαλσάμου τὸ ξύλον; βαλσάμου τὸ ὀπὸς; βαλσάμου τὸ καρπός; category inherited from bundle source
L117,βαλαύστιον,βαλαυστιον,,,,plant,
L118,βάτος,βατος,,,,plant,
L119,βατράχιον,βατραχιον,,,,plant,
L120,βδέλλιον,βδελλιον,,,,plant,split from workbook list: βδέλλιον; βδέλλιον τὸ Σκυθικὸν; βδέλλιον τὸ Ἀραβικὸν; category inherited from bundle source
L121,βδέλλιον τὸ Σκυθικὸν,βδελλιον το σκυθικον,,L120,subtype,plant,split from workbook list: βδέλλιον; βδέλλιον τὸ Σκυθικὸν; βδέλλιον τὸ Ἀραβικὸν; category inherited from bundle source
L122,βδέλλιον τὸ Ἀραβικὸν,βδελλιον το αραβικον,,L120,subtype,plant,split from workbook list: βδέλλιον; βδέλλιον τὸ Σκυθικὸν; βδέλλιον τὸ Ἀραβικὸν; category inherited from bundle source
L123,βηχίον,βηχιον,,,,plant,
L124,βλίτον ἐδώδιμον,βλιτον εδωδιμον,,L823,subtype,plant,
L125,βολβὸς ἥμερος,βολβος ημερος,,L845,subtype,plant,
L126,βολβὸς ἐμετικός,βολβος εμετικος,,L845,subtype,plant,
L127,ἀστὴρ Ἀττικὸς,αστηρ αττικος,,,,plant,split from workbook list: βουβώνιον; ἀστὴρ Ἀττικὸς; category inherited from bundle source
L128,βούγλωσσον,βουγλωσσον,,,,plant,
L129,βούνιον,βουνιον,,,,plant,split from workbook list: βούνιον; ἀρκτικὸν; category inherited from bundle source
L130,ἀρκτικὸν,αρκτικον,,,,plant,split from workbook list: βούνιον; ἀρκτικὸν; category inherited from bundle source
L131,βούφθαλμον,βουφθαλμον,,,,plant,
L132,βράθυ,βραθυ,,,,plant,
L133,βρετανική,βρετανικη,,,,plant,
L134,βρόμος,βρομος,,,,plant,
L135,βρύον θαλάττιον,βρυον θαλαττιον,,L136,subtype,plant,
L136,βρύον,βρυον,,,,plant,split from workbook list: βρύον; σπλάγχνον; category inherited from bundle source
L137,σπλάγχνον,σπλαγχνον,,,,plant,split from workbook list: βρύον; σπλάγχνον; category inherited from bundle source
L138,γάλλιον,γαλλιον,,,,plant,
L139,γεντιανή,γεντιανη,,,,plant,
L140,γίγαρτα,γιγαρτα,,,,plant,
L141,γιγγίδιον,γιγγιδιον,,,,plant,
L142,γλαύκιον,γλαυκιον,,,,plant,
L143,γλαύξ,γλαυξ,,,,plant,
L144,γλήχων,γληχων,,,,plant,
L145,γλοιός,γλοιος,,,,plant,
L146,γλυκύριζα,γλυκυριζα,,,,plant,
L147,γλυκυσίδης,γλυκυσιδης,,,,plant,split from workbook list: γλυκυσίδης; πεντόροβος; παιονία; category inherited from bundle source
L148,πεντόροβος,πεντοροβος,,,,plant,split from workbook list: γλυκυσίδης; πεντόροβος; παιονία; category inherited from bundle source
L149,παιονία,παιονια,,,,plant,split from workbook list: γλυκυσίδης; πεντόροβος; παιονία; category inherited from bundle source
L150,γναφάλιον,γναφαλιον,,,,plant,
L151,γογγυλίς,γογγυλις,,,,plant,
L152,δαμασώνιον,δαμασωνιον,,,,plant,split from workbook list: δαμασώνιον; ἄλισμα; category inherited from bundle source
L153,ἄλισμα,αλισμα,,,,plant,split from workbook list: δαμασώνιον; ἄλισμα; category inherited from bundle source
L154,δαῦκος,δαυκος,,,,plant,split from workbook list: δαῦκος; σταφυλῖνος; category inherited from bundle source
L155,σταφυλῖνος,σταφυλινος,,,,plant,split from workbook list: δαῦκος; σταφυλῖνος; category inherited from bundle source
L156,δαύκου σπέρμα,δαυκου σπερμα,,,,plant,split from workbook list: δαῦκος; δαύκου σπέρμα; category inherited from bundle source
L157,δάφνη ἡ δένδρα,δαφνη η δενδρα,,L825,subtype,plant,
L158,δάφνη ἡ πόα,δαφνη η ποα,,L825,subtype,plant,
L159,δίκταμνον,δικταμνον,,,,plant,
L160,δίψακος,διψακος,,,,plant,
L161,δορύκνιον,δορυκνιον,,,,plant,
L162,δρακόντιον,δρακοντιον,,,,plant,
L163,δρυοπτερίς,δρυοπτερις,,,,plant,
L164,δρῦς,δρυς,,,,plant,
L165,ἐβίσκος,εβισκος,,,,plant,split from workbook list: ἐβίσκος; ἀλθαία; category inherited from bundle source
L166,ἀλθαία,αλθαια,,,,plant,split from workbook list: ἐβίσκος; ἀλθαία; category inherited from bundle source
L167,ἔβενος,εβενος,,,,plant,
L168,ἐλαία,ελαια,,,,plant,
L169,ἔλαιον,ελαιον,,,,plant,split from workbook list: ἔλαιον; ἔλαιον ἐκ τῆς ἐλαίας; ἔλαιον ἐκ δρυπετοῦς τοῦ καρποῦ; γλυκύτατον ἔλαιον; ὠμοτριβὲς ἔλαιον; ὀμφάκινον ἔλαιον; ἔλαιον παλαιόν; ἔλαιον τὸ ἀπὸ τῆς Ἰβηρίας κομιζόμενον; Σπανὸν ἔλαιον; Σαβῖνον ἔλαιον; πεπλυμένον ἔλαιον; Σικυώνιον ἔλαιον; κίκινον ἔλαιον; ῥαφάνινον ἔλαιον; σησάμινον ἔλαιον; ἀμυγδάλινον ἔλαιον; καρύϊνον ἔλαιον; σινάπινον ἔλαιον; σχίνινον ἔλαιον; δάφνινον ἔλαιον; μελάνθινον ἔλαιον; τερμίνθινον ἔλαιον; μαστίχινον ἔλαιον; μύρσινον ἔλαιον; βαλάνινον ἔλαιον; ὑοσκυάμινον ἔλαιον; κέδρινον ἔλαιον; δάδινον ἔλαιον; τὸ ἀπὸ τῆς ὑγρᾶς πίττης ἔλαιον; τὸ ἐκ τοῦ κνιδίου κόκκου ἔλαιον; τὸ ἐκ τῆς ἀγρίας ἐλαίας ἔλαιον; Ἰστρικόν ἔλαιον; Σπανόν; Λιβυκόν; Κιλίκιον; Σαβῖνον ; τὸ κατὰ τὰς Κυκλάδας νήσους ; τὸ κατὰ τὴν Ἑλλάδα ; τὸ κατὰ τὴν Ἀσίαν. ; ῥόδινον; μήλινον; κρίνινον; category inherited from bundle source
L170,ἔλαιον ἐκ τῆς ἐλαίας,ελαιον εκ της ελαιας,,L169,subtype,plant,split from workbook list: ἔλαιον; ἔλαιον ἐκ τῆς ἐλαίας; ἔλαιον ἐκ δρυπετοῦς τοῦ καρποῦ; γλυκύτατον ἔλαιον; ὠμοτριβὲς ἔλαιον; ὀμφάκινον ἔλαιον; ἔλαιον παλαιόν; ἔλαιον τὸ ἀπὸ τῆς Ἰβηρίας κομιζόμενον; Σπανὸν ἔλαιον; Σαβῖνον ἔλαιον; πεπλυμένον ἔλαιον; Σικυώνιον ἔλαιον; κίκινον ἔλαιον; ῥαφάνινον ἔλαιον; σησάμινον ἔλαιον; ἀμυγδάλινον ἔλαιον; καρύϊνον ἔλαιον; σινάπινον ἔλαιον; σχίνινον ἔλαιον; δάφνινον ἔλαιον; μελάνθινον ἔλαιον; τερμίνθινον ἔλαιον; μαστίχινον ἔλαιον; μύρσινον ἔλαιον; βαλάνινον ἔλαιον; ὑοσκυάμινον ἔλαιον; κέδρινον ἔλαιον; δάδινον ἔλαιον; τὸ ἀπὸ τῆς ὑγρᾶς πίττης ἔλαιον; τὸ ἐκ τοῦ κνιδίου κόκκου ἔλαιον; τὸ ἐκ τῆς ἀγρίας ἐλαίας ἔλαιον; Ἰστρικόν ἔλαιον; Σπανόν; Λιβυκόν; Κιλίκιον; Σαβῖνον ; τὸ κατὰ τὰς Κυκλάδας νήσους ; τὸ κατὰ τὴν Ἑλλάδα ; τὸ κατὰ τὴν Ἀσίαν. ; ῥόδινον; μήλινον; κρίνινον; category inherited from bundle source
L171,ἔλαιον ἐκ δρυπετοῦς τοῦ καρποῦ,ελαιον εκ δρυπετους του καρπου,,L169,subtype,plant,split from workbook list: ἔλαιον; ἔλαιον ἐκ τῆς ἐλαίας; ἔλαιον ἐκ δρυπετοῦς τοῦ καρποῦ; γλυκύτατον ἔλαιον; ὠμοτριβὲς ἔλαιον; ὀμφάκινον ἔλαιον; ἔλαιον παλαιόν; ἔλαιον τὸ ἀπὸ τῆς Ἰβηρίας κομιζόμενον; Σπανὸν ἔλαιον; Σαβῖνον ἔλαιον; πεπλυμένον ἔλαιον; Σικυώνιον ἔλαιον; κίκινον ἔλαιον; ῥαφάνινον ἔλαιον; σησάμινον ἔλαιον; ἀμυγδάλινον ἔλαιον; καρύϊνον ἔλαιον; σινάπινον ἔλαιον; σχίνινον ἔλαιον; δάφνινον ἔλαιον; μελάνθινον ἔλαιον; τερμίνθινον ἔλαιον; μαστίχινον ἔλαιον; μύρσινον ἔλαιον; βαλάνινον ἔλαιον; ὑοσκυάμινον ἔλαιον; κέδρινον ἔλαιον; δάδινον ἔλαιον; τὸ ἀπὸ τῆς ὑγρᾶς πίττης ἔλαιον; τὸ ἐκ τοῦ κνιδίου κόκκου ἔλαιον; τὸ ἐκ τῆς ἀγρίας ἐλαίας ἔλαιον; Ἰστρικόν ἔλαιον; Σπανόν; Λιβυκόν; Κιλίκιον; Σαβῖνον ; τὸ κατὰ τὰς Κυκλάδας νήσους ; τὸ κατὰ τὴν Ἑλλάδα ; τὸ κατὰ τὴν Ἀσίαν. ; ῥόδινον; μήλινον; κρίνινον; category inherited from bundle source
L172,γλυκύτατον ἔλαιον,γλυκυτατον ελαιον,,L169,subtype,plant,split from workbook list: ἔλαιον; ἔλαιον ἐκ τῆς ἐλαίας; ἔλαιον ἐκ δρυπετοῦς τοῦ καρποῦ; γλυκύτατον ἔλαιον; ὠμοτριβὲς ἔλαιον; ὀμφάκινον ἔλαιον; ἔλαιον παλαιόν; ἔλαιον τὸ ἀπὸ τῆς Ἰβηρίας κομιζόμενον; Σπανὸν ἔλαιον; Σαβῖνον ἔλαιον; πεπλυμένον ἔλαιον; Σικυώνιον ἔλαιον; κίκινον ἔλαιον; ῥαφάνινον ἔλαιον; σησάμινον ἔλαιον; ἀμυγδάλινον ἔλαιον; καρύϊνον ἔλαιον; σινάπινον ἔλαιον; σχίνινον ἔλαιον; δάφνινον ἔλαιον; μελάνθινον ἔλαιον; τερμίνθινον ἔλαιον; μαστίχινον ἔλαιον; μύρσινον ἔλαιον; βαλάνινον ἔλαιον; ὑοσκυάμινον ἔλαιον; κέδρινον ἔλαιον; δάδινον ἔλαιον; τὸ ἀπὸ τῆς ὑγρᾶς πίττης ἔλαιον; τὸ ἐκ τοῦ κνιδίου κόκκου ἔλαιον; τὸ ἐκ τῆς ἀγρίας ἐλαίας ἔλαιον; Ἰστρικόν ἔλαιον; Σπανόν; Λιβυκόν; Κιλίκιον; Σαβῖνον ; τὸ κατὰ τὰς Κυκλάδας νήσους ; τὸ κατὰ τὴν Ἑλλάδα ; τὸ κατὰ τὴν Ἀσίαν. ; ῥόδινον; μήλινον; κρίνινον; category inherited from bundle source
L173,ὠμοτριβὲς ἔλαιον,ωμοτριβες ελαιον,,L169,subtype,plant,split from workbook list: ἔλαιον; ἔλαιον ἐκ τῆς ἐλαίας; ἔλαιον ἐκ δρυπετοῦς τοῦ καρποῦ; γλυκύτατον ἔλαιον; ὠμοτριβὲς ἔλαιον; ὀμφάκινον ἔλαιον; ἔλαιον παλαιόν; ἔλαιον τὸ ἀπὸ τῆς Ἰβηρίας κομιζόμενον; Σπανὸν ἔλαιον; Σαβῖνον ἔλαιον; πεπλυμένον ἔλαιον; Σικυώνιον ἔλαιον; κίκινον ἔλαιον; ῥαφάνινον ἔλαιον; σησάμινον ἔλαιον; ἀμυγδάλινον ἔλαιον; καρύϊνον ἔλαιον; σινάπινον ἔλαιον; σχίνινον ἔλαιον; δάφνινον ἔλαιον; μελάνθινον ἔλαιον; τερμίνθινον ἔλαιον; μαστίχινον ἔλαιον; μύρσινον ἔλαιον; βαλάνινον ἔλαιον; ὑοσκυάμινον ἔλαιον; κέδρινον ἔλαιον; δάδινον ἔλαιον; τὸ ἀπὸ τῆς ὑγρᾶς πίττης ἔλαιον; τὸ ἐκ τοῦ κνιδίου κόκκου ἔλαιον; τὸ ἐκ τῆς ἀγρίας ἐλαίας ἔλαιον; Ἰστρικόν ἔλαιον; Σπανόν; Λιβυκόν; Κιλίκιον; Σαβῖνον ; τὸ κατὰ τὰς Κυκλάδας νήσους ; τὸ κατὰ τὴν Ἑλλάδα ; τὸ κατὰ τὴν Ἀσίαν. ; ῥόδινον; μήλινον; κρίνινον; category inherited from bundle source
L174,ὀμφάκινον ἔλαιον,ομφακινον ελαιον,,L169,subtype,plant,split from workbook list: ἔλαιον; ἔλαιον ἐκ τῆς ἐλαίας; ἔλαιον ἐκ δρυπετοῦς τοῦ καρποῦ; γλυκύτατον ἔλαιον; ὠμοτριβὲς ἔλαιον; ὀμφάκινον ἔλαιον; ἔλαιον παλαιόν; ἔλαιον τὸ ἀπὸ τῆς Ἰβηρίας κομιζόμενον; Σπανὸν ἔλαιον; Σαβῖνον ἔλαιον; πεπλυμένον ἔλαιον; Σικυώνιον ἔλαιον; κίκινον ἔλαιον; ῥαφάνινον ἔλαιον; σησάμινον ἔλαιον; ἀμυγδάλινον ἔλαιον; καρύϊνον ἔλαιον; σινάπινον ἔλαιον; σχίνινον ἔλαιον; δάφνινον ἔλαιον; μελάνθινον ἔλαιον; τερμίνθινον ἔλαιον; μαστίχινον ἔλαιον; μύρσινον ἔλαιον; βαλάνινον ἔλαιον; ὑοσκυάμινον ἔλαιον; κέδρινον ἔλαιον; δάδινον ἔλαιον; τὸ ἀπὸ τῆς ὑγρᾶς πίττης ἔλαιον; τὸ ἐκ τοῦ κνιδίου κόκκου ἔλαιον; τὸ ἐκ τῆς ἀγρίας ἐλαίας ἔλαιον; Ἰστρικόν ἔλαιον; Σπανόν; Λιβυκόν; Κιλίκιον; Σαβῖνον ; τὸ κατὰ τὰς Κυκλάδας νήσους ; τὸ κατὰ τὴν Ἑλλάδα ; τὸ κατὰ τὴν Ἀσίαν. ; ῥόδινον; μήλινον; κρίνινον; category inherited from bundle source
L175,ἔλαιον παλαιόν,ελαιον παλαιον,,L169,subtype,plant,split from workbook list: ἔλαιον; ἔλαιον ἐκ τῆς ἐλαίας; ἔλαιον ἐκ δρυπετοῦς τοῦ καρποῦ; γλυκύτατον ἔλαιον; ὠμοτριβὲς ἔλαιον; ὀμφάκινον ἔλαιον; ἔλαιον παλαιόν; ἔλαιον τὸ ἀπὸ τῆς Ἰβηρίας κομιζόμενον; Σπανὸν ἔλαιον; Σαβῖνον ἔλαιον; πεπλυμένον ἔλαιον; Σικυώνιον ἔλαιον; κίκινον ἔλαιον; ῥαφάνινον ἔλαιον; σησάμινον ἔλαιον; ἀμυγδάλινον ἔλαιον; καρύϊνον ἔλαιον; σινάπινον ἔλαιον; σχίνινον ἔλαιον; δάφνινον ἔλαιον; μελάνθινον ἔλαιον; τερμίνθινον ἔλαιον; μαστίχινον ἔλαιον; μύρσινον ἔλαιον; βαλάνινον ἔλαιον; ὑοσκυάμινον ἔλαιον; κέδρινον ἔλαιον; δάδινον ἔλαιον; τὸ ἀπὸ τῆς ὑγρᾶς πίττης ἔλαιον; τὸ ἐκ τοῦ κνιδίου κόκκου ἔλαιον; τὸ ἐκ τῆς ἀγρίας ἐλαίας ἔλαιον; Ἰστρικόν ἔλαιον; Σπανόν; Λιβυκόν; Κιλίκιον; Σαβῖνον ; τὸ κατὰ τὰς Κυκλάδας νήσους ; τὸ κατὰ τὴν Ἑλλάδα ; τὸ κατὰ τὴν Ἀσίαν. ; ῥόδινον; μήλινον; κρίνινον; category inherited from bundle source
L176,ἔλαιον τὸ ἀπὸ τῆς Ἰβηρίας κομιζόμενον,ελαιον το απο της ιβηριας κομιζομενον,,L169,subtype,plant,split from workbook list: ἔλαιον; ἔλαιον ἐκ τῆς ἐλαίας; ἔλαιον ἐκ δρυπετοῦς τοῦ καρποῦ; γλυκύτατον ἔλαιον; ὠμοτριβὲς ἔλαιον; ὀμφάκινον ἔλαιον; ἔλαιον παλαιόν; ἔλαιον τὸ ἀπὸ τῆς Ἰβηρίας κομιζόμενον; Σπανὸν ἔλαιον; Σαβῖνον ἔλαιον; πεπλυμένον ἔλαιον; Σικυώνιον ἔλαιον; κίκινον ἔλαιον; ῥαφάνινον ἔλαιον; σησάμινον ἔλαιον; ἀμυγδάλινον ἔλαιον; καρύϊνον ἔλαιον; σινάπινον ἔλαιον; σχίνινον ἔλαιον; δάφνινον ἔλαιον; μελάνθινον ἔλαιον; τερμίνθινον ἔλαιον; μαστίχινον ἔλαιον; μύρσινον ἔλαιον; βαλάνινον ἔλαιον; ὑοσκυάμινον ἔλαιον; κέδρινον ἔλαιον; δάδινον ἔλαιον; τὸ ἀπὸ τῆς ὑγρᾶς πίττης ἔλαιον; τὸ ἐκ τοῦ κνιδίου κόκκου ἔλαιον; τὸ ἐκ τῆς ἀγρίας ἐλαίας ἔλαιον; Ἰστρικόν ἔλαιον; Σπανόν; Λιβυκόν; Κιλίκιον; Σαβῖνον ; τὸ κατὰ τὰς Κυκλάδας νήσους ; τὸ κατὰ τὴν Ἑλλάδα ; τὸ κατὰ τὴν Ἀσίαν. ; ῥόδινον; μήλινον; κρίνινον; category inherited from bundle source
L177,Σπανὸν ἔλαιον,σπανον ελαιον,,L169,subtype,plant,split from workbook list: ἔλαιον; ἔλαιον ἐκ τῆς ἐλαίας; ἔλαιον ἐκ δρυπετοῦς τοῦ καρποῦ; γλυκύτατον ἔλαιον; ὠμοτριβὲς ἔλαιον; ὀμφάκινον ἔλαιον; ἔλαιον παλαιόν; ἔλαιον τὸ ἀπὸ τῆς Ἰβηρίας κομιζόμενον; Σπανὸν ἔλαιον; Σαβῖνον ἔλαιον; πεπλυμένον ἔλαιον; Σικυώνιον ἔλαιον; κίκινον ἔλαιον; ῥαφάνινον ἔλαιον; σησάμινον ἔλαιον; ἀμυγδάλινον ἔλαιον; καρύϊνον ἔλαιον; σινάπινον ἔλαιον; σχίνινον ἔλαιον; δάφνινον ἔλαιον; μελάνθινον ἔλαιον; τερμίνθινον ἔλαιον; μαστίχινον ἔλαιον; μύρσινον ἔλαιον; βαλάνινον ἔλαιον; ὑοσκυάμινον ἔλαιον; κέδρινον ἔλαιον; δάδινον ἔλαιον; τὸ ἀπὸ τῆς ὑγρᾶς πίττης ἔλαιον; τὸ ἐκ τοῦ κνιδίου κόκκου ἔλαιον; τὸ ἐκ τῆς ἀγρίας ἐλαίας ἔλαιον; Ἰστρικόν ἔλαιον; Σπανόν; Λιβυκόν; Κιλίκιον; Σαβῖνον ; τὸ κατὰ τὰς Κυκλάδας νήσους ; τὸ κατὰ τὴν Ἑλλάδα ; τὸ κατὰ τὴν Ἀσίαν. ; ῥόδινον; μήλινον; κρίνινον; category inherited from bundle source
L178,Σαβῖνον ἔλαιον,σαβινον ελαιον,,L169,subtype,plant,split from workbook list: ἔλαιον; ἔλαιον ἐκ τῆς ἐλαίας; ἔλαιον ἐκ δρυπετοῦς τοῦ καρποῦ; γλυκύτατον ἔλαιον; ὠμοτριβὲς ἔλαιον; ὀμφάκινον ἔλαιον; ἔλαιον παλαιόν; ἔλαιον τὸ ἀπὸ τῆς Ἰβηρίας κομιζόμενον; Σπανὸν ἔλαιον; Σαβῖνον ἔλαιον; πεπλυμένον ἔλαιον; Σικυώνιον ἔλαιον; κίκινον ἔλαιον; ῥαφάνινον ἔλαιον; σησάμινον ἔλαιον; ἀμυγδάλινον ἔλαιον; καρύϊνον ἔλαιον; σινάπινον ἔλαιον; σχίνινον ἔλαιον; δάφνινον ἔλαιον; μελάνθινον ἔλαιον; τερμίνθινον ἔλαιον; μαστίχινον ἔλαιον; μύρσινον ἔλαιον; βαλάνινον ἔλαιον; ὑοσκυάμινον ἔλαιον; κέδρινον ἔλαιον; δάδινον ἔλαιον; τὸ ἀπὸ τῆς ὑγρᾶς πίττης ἔλαιον; τὸ ἐκ τοῦ κνιδίου κόκκου ἔλαιον; τὸ ἐκ τῆς ἀγρίας ἐλαίας ἔλαιον; Ἰστρικόν ἔλαιον; Σπανόν; Λιβυκόν; Κιλίκιον; Σαβῖνον ; τὸ κατὰ τὰς Κυκλάδας νήσους ; τὸ κατὰ τὴν Ἑλλάδα ; τὸ κατὰ τὴν Ἀσίαν. ; ῥόδινον; μήλινον; κρίνινον; category inherited from bundle source
L179,πεπλυμένον ἔλαιον,πεπλυμενον ελαιον,,L169,subtype,plant,split from workbook list: ἔλαιον; ἔλαιον ἐκ τῆς ἐλαίας; ἔλαιον ἐκ δρυπετοῦς τοῦ καρποῦ; γλυκύτατον ἔλαιον; ὠμοτριβὲς ἔλαιον; ὀμφάκινον ἔλαιον; ἔλαιον παλαιόν; ἔλαιον τὸ ἀπὸ τῆς Ἰβηρίας κομιζόμενον; Σπανὸν ἔλαιον; Σαβῖνον ἔλαιον; πεπλυμένον ἔλαιον; Σικυώνιον ἔλαιον; κίκινον ἔλαιον; ῥαφάνινον ἔλαιον; σησάμινον ἔλαιον; ἀμυγδάλινον ἔλαιον; καρύϊνον ἔλαιον; σινάπινον ἔλαιον; σχίνινον ἔλαιον; δάφνινον ἔλαιον; μελάνθινον ἔλαιον; τερμίνθινον ἔλαιον; μαστίχινον ἔλαιον; μύρσινον ἔλαιον; βαλάνινον ἔλαιον; ὑοσκυάμινον ἔλαιον; κέδρινον ἔλαιον; δάδινον ἔλαιον; τὸ ἀπὸ τῆς ὑγρᾶς πίττης ἔλαιον; τὸ ἐκ τοῦ κνιδίου κόκκου ἔλαιον; τὸ ἐκ τῆς ἀγρίας ἐλαίας ἔλαιον; Ἰστρικόν ἔλαιον; Σπανόν; Λιβυκόν; Κιλίκιον; Σαβῖνον ; τὸ κατὰ τὰς Κυκλάδας νήσους ; τὸ κατὰ τὴν Ἑλλάδα ; τὸ κατὰ τὴν Ἀσίαν. ; ῥόδινον; μήλινον; κρίνινον; category inherited from bundle source
L180,Σικυώνιον ἔλαιον,σικυωνιον ελαιον,,L169,subtype,plant,split from workbook list: ἔλαιον; ἔλαιον ἐκ τῆς ἐλαίας; ἔλαιον ἐκ δρυπετοῦς τοῦ καρποῦ; γλυκύτατον ἔλαιον; ὠμοτριβὲς ἔλαιον; ὀμφάκινον ἔλαιον; ἔλαιον παλαιόν; ἔλαιον τὸ ἀπὸ τῆς Ἰβηρίας κομιζόμενον; Σπανὸν ἔλαιον; Σαβῖνον ἔλαιον; πεπλυμένον ἔλαιον; Σικυώνιον ἔλαιον; κίκινον ἔλαιον; ῥαφάνινον ἔλαιον; σησάμινον ἔλαιον; ἀμυγδάλινον ἔλαιον; καρύϊνον ἔλαιον; σινάπινον ἔλαιον; σχίνινον ἔλαιον; δάφνινον ἔλαιον; μελάνθινον ἔλαιον; τερμίνθινον ἔλαιον; μαστίχινον ἔλαιον; μύρσινον ἔλαιον; βαλάνινον ἔλαιον; ὑοσκυάμινον ἔλαιον; κέδρινον ἔλαιον; δάδινον ἔλαιον; τὸ ἀπὸ τῆς ὑγρᾶς πίττης ἔλαιον; τὸ ἐκ τοῦ κνιδίου κόκκου ἔλαιον; τὸ ἐκ τῆς ἀγρίας ἐλαίας ἔλαιον; Ἰστρικόν ἔλαιον; Σπανόν; Λιβυκόν; Κιλίκιον; Σαβῖνον ; τὸ κατὰ τὰς Κυκλάδας νήσους ; τὸ κατὰ τὴν Ἑλλάδα ; τὸ κατὰ τὴν Ἀσίαν. ; ῥόδινον; μήλινον; κρίνινον; category inherited from bundle source
L181,κίκινον ἔλαιον,κικινον ελαιον,,L169,subtype,plant,split from workbook list: ἔλαιον; ἔλαιον ἐκ τῆς ἐλαίας; ἔλαιον ἐκ δρυπετοῦς τοῦ καρποῦ; γλυκύτατον ἔλαιον; ὠμοτριβὲς ἔλαιον; ὀμφάκινον ἔλαιον; ἔλαιον παλαιόν; ἔλαιον τὸ ἀπὸ τῆς Ἰβηρίας κομιζόμενον; Σπανὸν ἔλαιον; Σαβῖνον ἔλαιον; πεπλυμένον ἔλαιον; Σικυώνιον ἔλαιον; κίκινον ἔλαιον; ῥαφάνινον ἔλαιον; σησάμινον ἔλαιον; ἀμυγδάλινον ἔλαιον; καρύϊνον ἔλαιον; σινάπινον ἔλαιον; σχίνινον ἔλαιον; δάφνινον ἔλαιον; μελάνθινον ἔλαιον; τερμίνθινον ἔλαιον; μαστίχινον ἔλαιον; μύρσινον ἔλαιον; βαλάνινον ἔλαιον; ὑοσκυάμινον ἔλαιον; κέδρινον ἔλαιον; δάδινον ἔλαιον; τὸ ἀπὸ τῆς ὑγρᾶς πίττης ἔλαιον; τὸ ἐκ τοῦ κνιδίου κόκκου ἔλαιον; τὸ ἐκ τῆς ἀγρίας ἐλαίας ἔλαιον; Ἰστρικόν ἔλαιον; Σπανόν; Λιβυκόν; Κιλίκιον; Σαβῖνον ; τὸ κατὰ τὰς Κυκλάδας νήσους ; τὸ κατὰ τὴν Ἑλλάδα ; τὸ κατὰ τὴν Ἀσίαν. ; ῥόδινον; μήλινον; κρίνινον; category inherited from bundle source
L182,ῥαφάνινον ἔλαιον,ραφανινον ελαιον,,L169,subtype,plant,split from workbook list: ἔλαιον; ἔλαιον ἐκ τῆς ἐλαίας; ἔλαιον ἐκ δρυπετοῦς τοῦ καρποῦ; γλυκύτατον ἔλαιον; ὠμοτριβὲς ἔλαιον; ὀμφάκινον ἔλαιον; ἔλαιον παλαιόν; ἔλαιον τὸ ἀπὸ τῆς Ἰβηρίας κομιζόμενον; Σπανὸν ἔλαιον; Σαβῖνον ἔλαιον; πεπλυμένον ἔλαιον; Σικυώνιον ἔλαιον; κίκινον ἔλαιον; ῥαφάνινον ἔλαιον; σησάμινον ἔλαιον; ἀμυγδάλινον ἔλαιον; καρύϊνον ἔλαιον; σινάπινον ἔλαιον; σχίνινον ἔλαιον; δάφνινον ἔλαιον; μελάνθινον ἔλαιον; τερμίνθινον ἔλαιον; μαστίχινον ἔλαιον; μύρσινον ἔλαιον; βαλάνινον ἔλαιον; ὑοσκυάμινον ἔλαιον; κέδρινον ἔλαιον; δάδινον ἔλαιον; τὸ ἀπὸ τῆς ὑγρᾶς πίττης ἔλαιον; τὸ ἐκ τοῦ κνιδίου κόκκου ἔλαιον; τὸ ἐκ τῆς ἀγρίας ἐλαίας ἔλαιον; Ἰστρικόν ἔλαιον; Σπανόν; Λιβυκόν; Κιλίκιον; Σαβῖνον ; τὸ κατὰ τὰς Κυκλάδας νήσους ; τὸ κατὰ τὴν Ἑλλάδα ; τὸ κατὰ τὴν Ἀσίαν. ; ῥόδινον; μήλινον; κρίνινον; category inherited from bundle source
L183,σησάμινον ἔλαιον,σησαμινον ελαιον,,L169,subtype,plant,split from workbook list: ἔλαιον; ἔλαιον ἐκ τῆς ἐλαίας; ἔλαιον ἐκ δρυπετοῦς τοῦ καρποῦ; γλυκύτατον ἔλαιον; ὠμοτριβὲς ἔλαιον; ὀμφάκινον ἔλαιον; ἔλαιον παλαιόν; ἔλαιον τὸ ἀπὸ τῆς Ἰβηρίας κομιζόμενον; Σπανὸν ἔλαιον; Σαβῖνον ἔλαιον; πεπλυμένον ἔλαιον; Σικυώνιον ἔλαιον; κίκινον ἔλαιον; ῥαφάνινον ἔλαιον; σησάμινον ἔλαιον; ἀμυγδάλινον ἔλαιον; καρύϊνον ἔλαιον; σινάπινον ἔλαιον; σχίνινον ἔλαιον; δάφνινον ἔλαιον; μελάνθινον ἔλαιον; τερμίνθινον ἔλαιον; μαστίχινον ἔλαιον; μύρσινον ἔλαιον; βαλάνινον ἔλαιον; ὑοσκυάμινον ἔλαιον; κέδρινον ἔλαιον; δάδινον ἔλαιον; τὸ ἀπὸ τῆς ὑγρᾶς πίττης ἔλαιον; τὸ ἐκ τοῦ κνιδίου κόκκου ἔλαιον; τὸ ἐκ τῆς ἀγρίας ἐλαίας ἔλαιον; Ἰστρικόν ἔλαιον; Σπανόν; Λιβυκόν; Κιλίκιον; Σαβῖνον ; τὸ κατὰ τὰς Κυκλάδας νήσους ; τὸ κατὰ τὴν Ἑλλάδα ; τὸ κατὰ τὴν Ἀσίαν. ; ῥόδινον; μήλινον; κρίνινον; category inherited from bundle source
L184,ἀμυγδάλινον ἔλαιον,αμυγδαλινον ελαιον,,L169,subtype,plant,split from workbook list: ἔλαιον; ἔλαιον ἐκ τῆς ἐλαίας; ἔλαιον ἐκ δρυπετοῦς τοῦ καρποῦ; γλυκύτατον ἔλαιον; ὠμοτριβὲς ἔλαιον; ὀμφάκινον ἔλαιον; ἔλαιον παλαιόν; ἔλαιον τὸ ἀπὸ τῆς Ἰβηρίας κομιζόμενον; Σπανὸν ἔλαιον; Σαβῖνον ἔλαιον; πεπλυμένον ἔλαιον; Σικυώνιον ἔλαιον; κίκινον ἔλαιον; ῥαφάνινον ἔλαιον; σησάμινον ἔλαιον; ἀμυγδάλινον ἔλαιον; καρύϊνον ἔλαιον; σινάπινον ἔλαιον; σχίνινον ἔλαιον; δάφνινον ἔλαιον; μελάνθινον ἔλαιον; τερμίνθινον ἔλαιον; μαστίχινον ἔλαιον; μύρσινον ἔλαιον; βαλάνινον ἔλαιον; ὑοσκυάμινον ἔλαιον; κέδρινον ἔλαιον; δάδινον ἔλαιον; τὸ ἀπὸ τῆς ὑγρᾶς πίττης ἔλαιον; τὸ ἐκ τοῦ κνιδίου κόκκου ἔλαιον; τὸ ἐκ τῆς ἀγρίας ἐλαίας ἔλαιον; Ἰστρικόν ἔλαιον; Σπανόν; Λιβυκόν; Κιλίκιον; Σαβῖνον ; τὸ κατὰ τὰς Κυκλάδας νήσους ; τὸ κατὰ τὴν Ἑλλάδα ; τὸ κατὰ τὴν Ἀσίαν. ; ῥόδινον; μήλινον; κρίνινον; category inherited from bundle source
L185,καρύϊνον ἔλαιον,καρυινον ελαιον,,L169,subtype,plant,split from workbook list: ἔλαιον; ἔλαιον ἐκ τῆς ἐλαίας; ἔλαιον ἐκ δρυπετοῦς τοῦ καρποῦ; γλυκύτατον ἔλαιον; ὠμοτριβὲς ἔλαιον; ὀμφάκινον ἔλαιον; ἔλαιον παλαιόν; ἔλαιον τὸ ἀπὸ τῆς Ἰβηρίας κομιζόμενον; Σπανὸν ἔλαιον; Σαβῖνον ἔλαιον; πεπλυμένον ἔλαιον; Σικυώνιον ἔλαιον; κίκινον ἔλαιον; ῥαφάνινον ἔλαιον; σησάμινον ἔλαιον; ἀμυγδάλινον ἔλαιον; καρύϊνον ἔλαιον; σινάπινον ἔλαιον; σχίνινον ἔλαιον; δάφνινον ἔλαιον; μελάνθινον ἔλαιον; τερμίνθινον ἔλαιον; μαστίχινον ἔλαιον; μύρσινον ἔλαιον; βαλάνινον ἔλαιον; ὑοσκυάμινον ἔλαιον; κέδρινον ἔλαιον; δάδινον ἔλαιον; τὸ ἀπὸ τῆς ὑγρᾶς πίττης ἔλαιον; τὸ ἐκ τοῦ κνιδίου κόκκου ἔλαιον; τὸ ἐκ τῆς ἀγρίας ἐλαίας ἔλαιον; Ἰστρικόν ἔλαιον; Σπανόν; Λιβυκόν; Κιλίκιον; Σαβῖνον ; τὸ κατὰ τὰς Κυκλάδας νήσους ; τὸ κατὰ τὴν Ἑλλάδα ; τὸ κατὰ τὴν Ἀσίαν. ; ῥόδινον; μήλινον; κρίνινον; category inherited from bundle source
L186,σινάπινον ἔλαιον,σιναπινον ελαιον,,L169,subtype,plant,split from workbook list: ἔλαιον; ἔλαιον ἐκ τῆς ἐλαίας; ἔλαιον ἐκ δρυπετοῦς τοῦ καρποῦ; γλυκύτατον ἔλαιον; ὠμοτριβὲς ἔλαιον; ὀμφάκινον ἔλαιον; ἔλαιον παλαιόν; ἔλαιον τὸ ἀπὸ τῆς Ἰβηρίας κομιζόμενον; Σπανὸν ἔλαιον; Σαβῖνον ἔλαιον; πεπλυμένον ἔλαιον; Σικυώνιον ἔλαιον; κίκινον ἔλαιον; ῥαφάνινον ἔλαιον; σησάμινον ἔλαιον; ἀμυγδάλινον ἔλαιον; καρύϊνον ἔλαιον; σινάπινον ἔλαιον; σχίνινον ἔλαιον; δάφνινον ἔλαιον; μελάνθινον ἔλαιον; τερμίνθινον ἔλαιον; μαστίχινον ἔλαιον; μύρσινον ἔλαιον; βαλάνινον ἔλαιον; ὑοσκυάμινον ἔλαιον; κέδρινον ἔλαιον; δάδινον ἔλαιον; τὸ ἀπὸ τῆς ὑγρᾶς πίττης ἔλαιον; τὸ ἐκ τοῦ κνιδίου κόκκου ἔλαιον; τὸ ἐκ τῆς ἀγρίας ἐλαίας ἔλαιον; Ἰστρικόν ἔλαιον; Σπανόν; Λιβυκόν; Κιλίκιον; Σαβῖνον ; τὸ κατὰ τὰς Κυκλάδας νήσους ; τὸ κατὰ τὴν Ἑλλάδα ; τὸ κατὰ τὴν Ἀσίαν. ; ῥόδινον; μήλινον; κρίνινον; category inherited from bundle source
L187,σχίνινον ἔλαιον,σχινινον ελαιον,,L169,subtype,plant,split from workbook list: ἔλαιον; ἔλαιον ἐκ τῆς ἐλαίας; ἔλαιον ἐκ δρυπετοῦς τοῦ καρποῦ; γλυκύτατον ἔλαιον; ὠμοτριβὲς ἔλαιον; ὀμφάκινον ἔλαιον; ἔλαιον παλαιόν; ἔλαιον τὸ ἀπὸ τῆς Ἰβηρίας κομιζόμενον; Σπανὸν ἔλαιον; Σαβῖνον ἔλαιον; πεπλυμένον ἔλαιον; Σικυώνιον ἔλαιον; κίκινον ἔλαιον; ῥαφάνινον ἔλαιον; σησάμινον ἔλαιον; ἀμυγδάλινον ἔλαιον; καρύϊνον ἔλαιον; σινάπινον ἔλαιον; σχίνινον ἔλαιον; δάφνινον ἔλαιον; μελάνθινον ἔλαιον; τερμίνθινον ἔλαιον; μαστίχινον ἔλαιον; μύρσινον ἔλαιον; βαλάνινον ἔλαιον; ὑοσκυάμινον ἔλαιον; κέδρινον ἔλαιον; δάδινον ἔλαιον; τὸ ἀπὸ τῆς ὑγρᾶς πίττης ἔλαιον; τὸ ἐκ τοῦ κνιδίου κόκκου ἔλαιον; τὸ ἐκ τῆς ἀγρίας ἐλαίας ἔλαιον; Ἰστρικόν ἔλαιον; Σπανόν; Λιβυκόν; Κιλίκιον; Σαβῖνον ; τὸ κατὰ τὰς Κυκλάδας νήσους ; τὸ κατὰ τὴν Ἑλλάδα ; τὸ κατὰ τὴν Ἀσίαν. ; ῥόδινον; μήλινον; κρίνινον; category inherited from bundle source
L188,δάφνινον ἔλαιον,δαφνινον ελαιον,,L169,subtype,plant,split from workbook list: ἔλαιον; ἔλαιον ἐκ τῆς ἐλαίας; ἔλαιον ἐκ δρυπετοῦς τοῦ καρποῦ; γλυκύτατον ἔλαιον; ὠμοτριβὲς ἔλαιον; ὀμφάκινον ἔλαιον; ἔλαιον παλαιόν; ἔλαιον τὸ ἀπὸ τῆς Ἰβηρίας κομιζόμενον; Σπανὸν ἔλαιον; Σαβῖνον ἔλαιον; πεπλυμένον ἔλαιον; Σικυώνιον ἔλαιον; κίκινον ἔλαιον; ῥαφάνινον ἔλαιον; σησάμινον ἔλαιον; ἀμυγδάλινον ἔλαιον; καρύϊνον ἔλαιον; σινάπινον ἔλαιον; σχίνινον ἔλαιον; δάφνινον ἔλαιον; μελάνθινον ἔλαιον; τερμίνθινον ἔλαιον; μαστίχινον ἔλαιον; μύρσινον ἔλαιον; βαλάνινον ἔλαιον; ὑοσκυάμινον ἔλαιον; κέδρινον ἔλαιον; δάδινον ἔλαιον; τὸ ἀπὸ τῆς ὑγρᾶς πίττης ἔλαιον; τὸ ἐκ τοῦ κνιδίου κόκκου ἔλαιον; τὸ ἐκ τῆς ἀγρίας ἐλαίας ἔλαιον; Ἰστρικόν ἔλαιον; Σπανόν; Λιβυκόν; Κιλίκιον; Σαβῖνον ; τὸ κατὰ τὰς Κυκλάδας νήσους ; τὸ κατὰ τὴν Ἑλλάδα ; τὸ κατὰ τὴν Ἀσίαν. ; ῥόδινον; μήλινον; κρίνινον; category inherited from bundle source
L189,μελάνθινον ἔλαιον,μελανθινον ελαιον,,L169,subtype,plant,split from workbook list: ἔλαιον; ἔλαιον ἐκ τῆς ἐλαίας; ἔλαιον ἐκ δρυπετοῦς τοῦ καρποῦ; γλυκύτατον ἔλαιον; ὠμοτριβὲς ἔλαιον; ὀμφάκινον ἔλαιον; ἔλαιον παλαιόν; ἔλαιον τὸ ἀπὸ τῆς Ἰβηρίας κομιζόμενον; Σπανὸν ἔλαιον; Σαβῖνον ἔλαιον; πεπλυμένον ἔλαιον; Σικυώνιον ἔλαιον; κίκινον ἔλαιον; ῥαφάνινον ἔλαιον; σησάμινον ἔλαιον; ἀμυγδάλινον ἔλαιον; καρύϊνον ἔλαιον; σινάπινον ἔλαιον; σχίνινον ἔλαιον; δάφνινον ἔλαιον; μελάνθινον ἔλαιον; τερμίνθινον ἔλαιον; μαστίχινον ἔλαιον; μύρσινον ἔλαιον; βαλάνινον ἔλαιον; ὑοσκυάμινον ἔλαιον; κέδρινον ἔλαιον; δάδινον ἔλαιον; τὸ ἀπὸ τῆς ὑγρᾶς πίττης ἔλαιον; τὸ ἐκ τοῦ κνιδίου κόκκου ἔλαιον; τὸ ἐκ τῆς ἀγρίας ἐλαίας ἔλαιον; Ἰστρικόν ἔλαιον; Σπανόν; Λιβυκόν; Κιλίκιον; Σαβῖνον ; τὸ κατὰ τὰς Κυκλάδας νήσους ; τὸ κατὰ τὴν Ἑλλάδα ; τὸ κατὰ τὴν Ἀσίαν. ; ῥόδινον; μήλινον; κρίνινον; category inherited from bundle source
L190,τερμίνθινον ἔλαιον,τερμινθινον ελαιον,,L169,subtype,plant,split from workbook list: ἔλαιον; ἔλαιον ἐκ τῆς ἐλαίας; ἔλαιον ἐκ δρυπετοῦς τοῦ καρποῦ; γλυκύτατον ἔλαιον; ὠμοτριβὲς ἔλαιον; ὀμφάκινον ἔλαιον; ἔλαιον παλαιόν; ἔλαιον τὸ ἀπὸ τῆς Ἰβηρίας κομιζόμενον; Σπανὸν ἔλαιον; Σαβῖνον ἔλαιον; πεπλυμένον ἔλαιον; Σικυώνιον ἔλαιον; κίκινον ἔλαιον; ῥαφάνινον ἔλαιον; σησάμινον ἔλαιον; ἀμυγδάλινον ἔλαιον; καρύϊνον ἔλαιον; σινάπινον ἔλαιον; σχίνινον ἔλαιον; δάφνινον ἔλαιον; μελάνθινον ἔλαιον; τερμίνθινον ἔλαιον; μαστίχινον ἔλαιον; μύρσινον ἔλαιον; βαλάνινον ἔλαιον; ὑοσκυάμινον ἔλαιον; κέδρινον ἔλαιον; δάδινον ἔλαιον; τὸ ἀπὸ τῆς ὑγρᾶς πίττης ἔλαιον; τὸ ἐκ τοῦ κνιδίου κόκκου ἔλαιον; τὸ ἐκ τῆς ἀγρίας ἐλαίας ἔλαιον; Ἰστρικόν ἔλαιον; Σπανόν; Λιβυκόν; Κιλίκιον; Σαβῖνον ; τὸ κατὰ τὰς Κυκλάδας νήσους ; τὸ κατὰ τὴν Ἑλλάδα ; τὸ κατὰ τὴν Ἀσίαν. ; ῥόδινον; μήλινον; κρίνινον; category inherited from bundle source
L191,μαστίχινον ἔλαιον,μαστιχινον ελαιον,,L169,subtype,plant,split from workbook list: ἔλαιον; ἔλαιον ἐκ τῆς ἐλαίας; ἔλαιον ἐκ δρυπετοῦς τοῦ καρποῦ; γλυκύτατον ἔλαιον; ὠμοτριβὲς ἔλαιον; ὀμφάκινον ἔλαιον; ἔλαιον παλαιόν; ἔλαιον τὸ ἀπὸ τῆς Ἰβηρίας κομιζόμενον; Σπανὸν ἔλαιον; Σαβῖνον ἔλαιον; πεπλυμένον ἔλαιον; Σικυώνιον ἔλαιον; κίκινον ἔλαιον; ῥαφάνινον ἔλαιον; σησάμινον ἔλαιον; ἀμυγδάλινον ἔλαιον; καρύϊνον ἔλαιον; σινάπινον ἔλαιον; σχίνινον ἔλαιον; δάφνινον ἔλαιον; μελάνθινον ἔλαιον; τερμίνθινον ἔλαιον; μαστίχινον ἔλαιον; μύρσινον ἔλαιον; βαλάνινον ἔλαιον; ὑοσκυάμινον ἔλαιον; κέδρινον ἔλαιον; δάδινον ἔλαιον; τὸ ἀπὸ τῆς ὑγρᾶς πίττης ἔλαιον; τὸ ἐκ τοῦ κνιδίου κόκκου ἔλαιον; τὸ ἐκ τῆς ἀγρίας ἐλαίας ἔλαιον; Ἰστρικόν ἔλαιον; Σπανόν; Λιβυκόν; Κιλίκιον; Σαβῖνον ; τὸ κατὰ τὰς Κυκλάδας νήσους ; τὸ κατὰ τὴν Ἑλλάδα ; τὸ κατὰ τὴν Ἀσίαν. ; ῥόδινον; μήλινον; κρίνινον; category inherited from bundle source
L192,μύρσινον ἔλαιον,μυρσινον ελαιον,,L169,subtype,plant,split from workbook list: ἔλαιον; ἔλαιον ἐκ τῆς ἐλαίας; ἔλαιον ἐκ δρυπετοῦς τοῦ καρποῦ; γλυκύτατον ἔλαιον; ὠμοτριβὲς ἔλαιον; ὀμφάκινον ἔλαιον; ἔλαιον παλαιόν; ἔλαιον τὸ ἀπὸ τῆς Ἰβηρίας κομιζόμενον; Σπανὸν ἔλαιον; Σαβῖνον ἔλαιον; πεπλυμένον ἔλαιον; Σικυώνιον ἔλαιον; κίκινον ἔλαιον; ῥαφάνινον ἔλαιον; σησάμινον ἔλαιον; ἀμυγδάλινον ἔλαιον; καρύϊνον ἔλαιον; σινάπινον ἔλαιον; σχίνινον ἔλαιον; δάφνινον ἔλαιον; μελάνθινον ἔλαιον; τερμίνθινον ἔλαιον; μαστίχινον ἔλαιον; μύρσινον ἔλαιον; βαλάνινον ἔλαιον; ὑοσκυάμινον ἔλαιον; κέδρινον ἔλαιον; δάδινον ἔλαιον; τὸ ἀπὸ τῆς ὑγρᾶς πίττης ἔλαιον; τὸ ἐκ τοῦ κνιδίου κόκκου ἔλαιον; τὸ ἐκ τῆς ἀγρίας ἐλαίας ἔλαιον; Ἰστρικόν ἔλαιον; Σπανόν; Λιβυκόν; Κιλίκιον; Σαβῖνον ; τὸ κατὰ τὰς Κυκλάδας νήσους ; τὸ κατὰ τὴν Ἑλλάδα ; τὸ κατὰ τὴν Ἀσίαν. ; ῥόδινον; μήλινον; κρίνινον; category inherited from bundle source
L193,βαλάνινον ἔλαιον,βαλανινον ελαιον,,L169,subtype,plant,split from workbook list: ἔλαιον; ἔλαιον ἐκ τῆς ἐλαίας; ἔλαιον ἐκ δρυπετοῦς τοῦ καρποῦ; γλυκύτατον ἔλαιον; ὠμοτριβὲς ἔλαιον; ὀμφάκινον ἔλαιον; ἔλαιον παλαιόν; ἔλαιον τὸ ἀπὸ τῆς Ἰβηρίας κομιζόμενον; Σπανὸν ἔλαιον; Σαβῖνον ἔλαιον; πεπλυμένον ἔλαιον; Σικυώνιον ἔλαιον; κίκινον ἔλαιον; ῥαφάνινον ἔλαιον; σησάμινον ἔλαιον; ἀμυγδάλινον ἔλαιον; καρύϊνον ἔλαιον; σινάπινον ἔλαιον; σχίνινον ἔλαιον; δάφνινον ἔλαιον; μελάνθινον ἔλαιον; τερμίνθινον ἔλαιον; μαστίχινον ἔλαιον; μύρσινον ἔλαιον; βαλάνινον ἔλαιον; ὑοσκυάμινον ἔλαιον; κέδρινον ἔλαιον; δάδινον ἔλαιον; τὸ ἀπὸ τῆς ὑγρᾶς πίττης ἔλαιον; τὸ ἐκ τοῦ κνιδίου κόκκου ἔλαιον; τὸ ἐκ τῆς ἀγρίας ἐλαίας ἔλαιον; Ἰστρικόν ἔλαιον; Σπανόν; Λιβυκόν; Κιλίκιον; Σαβῖνον ; τὸ κατὰ τὰς Κυκλάδας νήσους ; τὸ κατὰ τὴν Ἑλλάδα ; τὸ κατὰ τὴν Ἀσίαν. ; ῥόδινον; μήλινον; κρίνινον; category inherited from bundle source
L194,ὑοσκυάμινον ἔλαιον,υοσκυαμινον ελαιον,,L169,subtype,plant,split from workbook list: ἔλαιον; ἔλαιον ἐκ τῆς ἐλαίας; ἔλαιον ἐκ δρυπετοῦς τοῦ καρποῦ; γλυκύτατον ἔλαιον; ὠμοτριβὲς ἔλαιον; ὀμφάκινον ἔλαιον; ἔλαιον παλαιόν; ἔλαιον τὸ ἀπὸ τῆς Ἰβηρίας κομιζόμενον; Σπανὸν ἔλαιον; Σαβῖνον ἔλαιον; πεπλυμένον ἔλαιον; Σικυώνιον ἔλαιον; κίκινον ἔλαιον; ῥαφάνινον ἔλαιον; σησάμινον ἔλαιον; ἀμυγδάλινον ἔλαιον; καρύϊνον ἔλαιον; σινάπινον ἔλαιον; σχίνινον ἔλαιον; δάφνινον ἔλαιον; μελάνθινον ἔλαιον; τερμίνθινον ἔλαιον; μαστίχινον ἔλαιον; μύρσινον ἔλαιον; βαλάνινον ἔλαιον; ὑοσκυάμινον ἔλαιον; κέδρινον ἔλαιον; δάδινον ἔλαιον; τὸ ἀπὸ τῆς ὑγρᾶς πίττης ἔλαιον; τὸ ἐκ τοῦ κνιδίου κόκκου ἔλαιον; τὸ ἐκ τῆς ἀγρίας ἐλαίας ἔλαιον; Ἰστρικόν ἔλαιον; Σπανόν; Λιβυκόν; Κιλίκιον; Σαβῖνον ; τὸ κατὰ τὰς Κυκλάδας νήσους ; τὸ κατὰ τὴν Ἑλλάδα ; τὸ κατὰ τὴν Ἀσίαν. ; ῥόδινον; μήλινον; κρίνινον; category inherited from bundle source
L195,κέδρινον ἔλαιον,κεδρινον ελαιον,,L169,subtype,plant,split from workbook list: ἔλαιον; ἔλαιον ἐκ τῆς ἐλαίας; ἔλαιον ἐκ δρυπετοῦς τοῦ καρποῦ; γλυκύτατον ἔλαιον; ὠμοτριβὲς ἔλαιον; ὀμφάκινον ἔλαιον; ἔλαιον παλαιόν; ἔλαιον τὸ ἀπὸ τῆς Ἰβηρίας κομιζόμενον; Σπανὸν ἔλαιον; Σαβῖνον ἔλαιον; πεπλυμένον ἔλαιον; Σικυώνιον ἔλαιον; κίκινον ἔλαιον; ῥαφάνινον ἔλαιον; σησάμινον ἔλαιον; ἀμυγδάλινον ἔλαιον; καρύϊνον ἔλαιον; σινάπινον ἔλαιον; σχίνινον ἔλαιον; δάφνινον ἔλαιον; μελάνθινον ἔλαιον; τερμίνθινον ἔλαιον; μαστίχινον ἔλαιον; μύρσινον ἔλαιον; βαλάνινον ἔλαιον; ὑοσκυάμινον ἔλαιον; κέδρινον ἔλαιον; δάδινον ἔλαιον; τὸ ἀπὸ τῆς ὑγρᾶς πίττης ἔλαιον; τὸ ἐκ τοῦ κνιδίου κόκκου ἔλαιον; τὸ ἐκ τῆς ἀγρίας ἐλαίας ἔλαιον; Ἰστρικόν ἔλαιον; Σπανόν; Λιβυκόν; Κιλίκιον; Σαβῖνον ; τὸ κατὰ τὰς Κυκλάδας νήσους ; τὸ κατὰ τὴν Ἑλλάδα ; τὸ κατὰ τὴν Ἀσίαν. ; ῥόδινον; μήλινον; κρίνινον; category inherited from bundle source
L196,δάδινον ἔλαιον,δαδινον ελαιον,,L169,subtype,plant,split from workbook list: ἔλαιον; ἔλαιον ἐκ τῆς ἐλαίας; ἔλαιον ἐκ δρυπετοῦς τοῦ καρποῦ; γλυκύτατον ἔλαιον; ὠμοτριβὲς ἔλαιον; ὀμφάκινον ἔλαιον; ἔλαιον παλαιόν; ἔλαιον τὸ ἀπὸ τῆς Ἰβηρίας κομιζόμενον; Σπανὸν ἔλαιον; Σαβῖνον ἔλαιον; πεπλυμένον ἔλαιον; Σικυώνιον ἔλαιον; κίκινον ἔλαιον; ῥαφάνινον ἔλαιον; σησάμινον ἔλαιον; ἀμυγδάλινον ἔλαιον; καρύϊνον ἔλαιον; σινάπινον ἔλαιον; σχίνινον ἔλαιον; δάφνινον ἔλαιον; μελάνθινον ἔλαιον; τερμίνθινον ἔλαιον; μαστίχινον ἔλαιον; μύρσινον ἔλαιον; βαλάνινον ἔλαιον; ὑοσκυάμινον ἔλαιον; κέδρινον ἔλαιον; δάδινον ἔλαιον; τὸ ἀπὸ τῆς ὑγρᾶς πίττης ἔλαιον; τὸ ἐκ τοῦ κνιδίου κόκκου ἔλαιον; τὸ ἐκ τῆς ἀγρίας ἐλαίας ἔλαιον; Ἰστρικόν ἔλαιον; Σπανόν; Λιβυκόν; Κιλίκιον; Σαβῖνον ; τὸ κατὰ τὰς Κυκλάδας νήσους ; τὸ κατὰ τὴν Ἑλλάδα ; τὸ κατὰ τὴν Ἀσίαν. ; ῥόδινον; μήλινον; κρίνινον; category inherited from bundle source
L197,τὸ ἀπὸ τῆς ὑγρᾶς πίττης ἔλαιον,το απο της υγρας πιττης ελαιον,,L169,subtype,plant,split from workbook list: ἔλαιον; ἔλαιον ἐκ τῆς ἐλαίας; ἔλαιον ἐκ δρυπετοῦς τοῦ καρποῦ; γλυκύτατον ἔλαιον; ὠμοτριβὲς ἔλαιον; ὀμφάκινον ἔλαιον; ἔλαιον παλαιόν; ἔλαιον τὸ ἀπὸ τῆς Ἰβηρίας κομιζόμενον; Σπανὸν ἔλαιον; Σαβῖνον ἔλαιον; πεπλυμένον ἔλαιον; Σικυώνιον ἔλαιον; κίκινον ἔλαιον; ῥαφάνινον ἔλαιον; σησάμινον ἔλαιον; ἀμυγδάλινον ἔλαιον; καρύϊνον ἔλαιον; σινάπινον ἔλαιον; σχίνινον ἔλαιον; δάφνινον ἔλαιον; μελάνθινον ἔλαιον; τερμίνθινον ἔλαιον; μαστίχινον ἔλαιον; μύρσινον ἔλαιον; βαλάνινον ἔλαιον; ὑοσκυάμινον ἔλαιον; κέδρινον ἔλαιον; δάδινον ἔλαιον; τὸ ἀπὸ τῆς ὑγρᾶς πίττης ἔλαιον; τὸ ἐκ τοῦ κνιδίου κόκκου ἔλαιον; τὸ ἐκ τῆς ἀγρίας ἐλαίας ἔλαιον; Ἰστρικόν ἔλαιον; Σπανόν; Λιβυκόν; Κιλίκιον; Σαβῖνον ; τὸ κατὰ τὰς Κυκλάδας νήσους ; τὸ κατὰ τὴν Ἑλλάδα ; τὸ κατὰ τὴν Ἀσίαν. ; ῥόδινον; μήλινον; κρίνινον; category inherited from bundle source
L198,τὸ ἐκ τοῦ κνιδίου κόκκου ἔλαιον,το εκ του κνιδιου κοκκου ελαιον,,L169,subtype,plant,split from workbook list: ἔλαιον; ἔλαιον ἐκ τῆς ἐλαίας; ἔλαιον ἐκ δρυπετοῦς τοῦ καρποῦ; γλυκύτατον ἔλαιον; ὠμοτριβὲς ἔλαιον; ὀμφάκινον ἔλαιον; ἔλαιον παλαιόν; ἔλαιον τὸ ἀπὸ τῆς Ἰβηρίας κομιζόμενον; Σπανὸν ἔλαιον; Σαβῖνον ἔλαιον; πεπλυμένον ἔλαιον; Σικυώνιον ἔλαιον; κίκινον ἔλαιον; ῥαφάνινον ἔλαιον; σησάμινον ἔλαιον; ἀμυγδάλινον ἔλαιον; καρύϊνον ἔλαιον; σινάπινον ἔλαιον; σχίνινον ἔλαιον; δάφνινον ἔλαιον; μελάνθινον ἔλαιον; τερμίνθινον ἔλαιον; μαστίχινον ἔλαιον; μύρσινον ἔλαιον; βαλάνινον ἔλαιον; ὑοσκυάμινον ἔλαιον; κέδρινον ἔλαιον; δάδινον ἔλαιον; τὸ ἀπὸ τῆς ὑγρᾶς πίττης ἔλαιον; τὸ ἐκ τοῦ κνιδίου κόκκου ἔλαιον; τὸ ἐκ τῆς ἀγρίας ἐλαίας ἔλαιον; Ἰστρικόν ἔλαιον; Σπανόν; Λιβυκόν; Κιλίκιον; Σαβῖνον ; τὸ κατὰ τὰς Κυκλάδας νήσους ; τὸ κατὰ τὴν Ἑλλάδα ; τὸ κατὰ τὴν Ἀσίαν. ; ῥόδινον; μήλινον; κρίνινον; category inherited from bundle source
L199,τὸ ἐκ τῆς ἀγρίας ἐλαίας ἔλαιον,το εκ της αγριας ελαιας ελαιον,,L169,subtype,plant,split from workbook list: ἔλαιον; ἔλαιον ἐκ τῆς ἐλαίας; ἔλαιον ἐκ δρυπετοῦς τοῦ καρποῦ; γλυκύτατον ἔλαιον; ὠμοτριβὲς ἔλαιον; ὀμφάκινον ἔλαιον; ἔλαιον παλαιόν; ἔλαιον τὸ ἀπὸ τῆς Ἰβηρίας κομιζόμενον; Σπανὸν ἔλαιον; Σαβῖνον ἔλαιον; πεπλυμένον ἔλαιον; Σικυώνιον ἔλαιον; κίκινον ἔλαιον; ῥαφάνινον ἔλαιον; σησάμινον ἔλαιον; ἀμυγδάλινον ἔλαιον; καρύϊνον ἔλαιον; σινάπινον ἔλαιον; σχίνινον ἔλαιον; δάφνινον ἔλαιον; μελάνθινον ἔλαιον; τερμίνθινον ἔλαιον; μαστίχινον ἔλαιον; μύρσινον ἔλαιον; βαλάνινον ἔλαιον; ὑοσκυάμινον ἔλαιον; κέδρινον ἔλαιον; δάδινον ἔλαιον; τὸ ἀπὸ τῆς ὑγρᾶς πίττης ἔλαιον; τὸ ἐκ τοῦ κνιδίου κόκκου ἔλαιον; τὸ ἐκ τῆς ἀγρίας ἐλαίας ἔλαιον; Ἰστρικόν ἔλαιον; Σπανόν; Λιβυκόν; Κιλίκιον; Σαβῖνον ; τὸ κατὰ τὰς Κυκλάδας νήσους ; τὸ κατὰ τὴν Ἑλλάδα ; τὸ κατὰ τὴν Ἀσίαν. ; ῥόδινον; μήλινον; κρίνινον; category inherited from bundle source
L200,Ἰστρικόν ἔλαιον,ιστρικον ελαιον,,L169,subtype,plant,split from workbook list: ἔλαιον; ἔλαιον ἐκ τῆς ἐλαίας; ἔλαιον ἐκ δρυπετοῦς τοῦ καρποῦ; γλυκύτατον ἔλαιον; ὠμοτριβὲς ἔλαιον; ὀμφάκινον ἔλαιον; ἔλαιον παλαιόν; ἔλαιον τὸ ἀπὸ τῆς Ἰβηρίας κομιζόμενον; Σπανὸν ἔλαιον; Σαβῖνον ἔλαιον; πεπλυμένον ἔλαιον; Σικυώνιον ἔλαιον; κίκινον ἔλαιον; ῥαφάνινον ἔλαιον; σησάμινον ἔλαιον; ἀμυγδάλινον ἔλαιον; καρύϊνον ἔλαιον; σινάπινον ἔλαιον; σχίνινον ἔλαιον; δάφνινον ἔλαιον; μελάνθινον ἔλαιον; τερμίνθινον ἔλαιον; μαστίχινον ἔλαιον; μύρσινον ἔλαιον; βαλάνινον ἔλαιον; ὑοσκυάμινον ἔλαιον; κέδρινον ἔλαιον; δάδινον ἔλαιον; τὸ ἀπὸ τῆς ὑγρᾶς πίττης ἔλαιον; τὸ ἐκ τοῦ κνιδίου κόκκου ἔλαιον; τὸ ἐκ τῆς ἀγρίας ἐλαίας ἔλαιον; Ἰστρικόν ἔλαιον; Σπανόν; Λιβυκόν; Κιλίκιον; Σαβῖνον ; τὸ κατὰ τὰς Κυκλάδας νήσους ; τὸ κατὰ τὴν Ἑλλάδα ; τὸ κατὰ τὴν Ἀσίαν. ; ῥόδινον; μήλινον; κρίνινον; category inherited from bundle source
L201,Σπανόν,σπανον,,,,plant,split from workbook list: ἔλαιον; ἔλαιον ἐκ τῆς ἐλαίας; ἔλαιον ἐκ δρυπετοῦς τοῦ καρποῦ; γλυκύτατον ἔλαιον; ὠμοτριβὲς ἔλαιον; ὀμφάκινον ἔλαιον; ἔλαιον παλαιόν; ἔλαιον τὸ ἀπὸ τῆς Ἰβηρίας κομιζόμενον; Σπανὸν ἔλαιον; Σαβῖνον ἔλαιον; πεπλυμένον ἔλαιον; Σικυώνιον ἔλαιον; κίκινον ἔλαιον; ῥαφάνινον ἔλαιον; σησάμινον ἔλαιον; ἀμυγδάλινον ἔλαιον; καρύϊνον ἔλαιον; σινάπινον ἔλαιον; σχίνινον ἔλαιον; δάφνινον ἔλαιον; μελάνθινον ἔλαιον; τερμίνθινον ἔλαιον; μαστίχινον ἔλαιον; μύρσινον ἔλαιον; βαλάνινον ἔλαιον; ὑοσκυάμινον ἔλαιον; κέδρινον ἔλαιον; δάδινον ἔλαιον; τὸ ἀπὸ τῆς ὑγρᾶς πίττης ἔλαιον; τὸ ἐκ τοῦ κνιδίου κόκκου ἔλαιον; τὸ ἐκ τῆς ἀγρίας ἐλαίας ἔλαιον; Ἰστρικόν ἔλαιον; Σπανόν; Λιβυκόν; Κιλίκιον; Σαβῖνον ; τὸ κατὰ τὰς Κυκλάδας νήσους ; τὸ κατὰ τὴν Ἑλλάδα ; τὸ κατὰ τὴν Ἀσίαν. ; ῥόδινον; μήλινον; κρίνινον; category inherited from bundle source
L202,Λιβυκόν,λιβυκον,,,,plant,split from workbook list: ἔλαιον; ἔλαιον ἐκ τῆς ἐλαίας; ἔλαιον ἐκ δρυπετοῦς τοῦ καρποῦ; γλυκύτατον ἔλαιον; ὠμοτριβὲς ἔλαιον; ὀμφάκινον ἔλαιον; ἔλαιον παλαιόν; ἔλαιον τὸ ἀπὸ τῆς Ἰβηρίας κομιζόμενον; Σπανὸν ἔλαιον; Σαβῖνον ἔλαιον; πεπλυμένον ἔλαιον; Σικυώνιον ἔλαιον; κίκινον ἔλαιον; ῥαφάνινον ἔλαιον; σησάμινον ἔλαιον; ἀμυγδάλινον ἔλαιον; καρύϊνον ἔλαιον; σινάπινον ἔλαιον; σχίνινον ἔλαιον; δάφνινον ἔλαιον; μελάνθινον ἔλαιον; τερμίνθινον ἔλαιον; μαστίχινον ἔλαιον; μύρσινον ἔλαιον; βαλάνινον ἔλαιον; ὑοσκυάμινον ἔλαιον; κέδρινον ἔλαιον; δάδινον ἔλαιον; τὸ ἀπὸ τῆς ὑγρᾶς πίττης ἔλαιον; τὸ ἐκ τοῦ κνιδίου κόκκου ἔλαιον; τὸ ἐκ τῆς ἀγρίας ἐλαίας ἔλαιον; Ἰστρικόν ἔλαιον; Σπανόν; Λιβυκόν; Κιλίκιον; Σαβῖνον ; τὸ κατὰ τὰς Κυκλάδας νήσους ; τὸ κατὰ τὴν Ἑλλάδα ; τὸ κατὰ τὴν Ἀσίαν. ; ῥόδινον; μήλινον; κρίνινον; category inherited from bundle source
L203,Κιλίκιον,κιλικιον,,,,plant,split from workbook list: ἔλαιον; ἔλαιον ἐκ τῆς ἐλαίας; ἔλαιον ἐκ δρυπετοῦς τοῦ καρποῦ; γλυκύτατον ἔλαιον; ὠμοτριβὲς ἔλαιον; ὀμφάκινον ἔλαιον; ἔλαιον παλαιόν; ἔλαιον τὸ ἀπὸ τῆς Ἰβηρίας κομιζόμενον; Σπανὸν ἔλαιον; Σαβῖνον ἔλαιον; πεπλυμένον ἔλαιον; Σικυώνιον ἔλαιον; κίκινον ἔλαιον; ῥαφάνινον ἔλαιον; σησάμινον ἔλαιον; ἀμυγδάλινον ἔλαιον; καρύϊνον ἔλαιον; σινάπινον ἔλαιον; σχίνινον ἔλαιον; δάφνινον ἔλαιον; μελάνθινον ἔλαιον; τερμίνθινον ἔλαιον; μαστίχινον ἔλαιον; μύρσινον ἔλαιον; βαλάνινον ἔλαιον; ὑοσκυάμινον ἔλαιον; κέδρινον ἔλαιον; δάδινον ἔλαιον; τὸ ἀπὸ τῆς ὑγρᾶς πίττης ἔλαιον; τὸ ἐκ τοῦ κνιδίου κόκκου ἔλαιον; τὸ ἐκ τῆς ἀγρίας ἐλαίας ἔλαιον; Ἰστρικόν ἔλαιον; Σπανόν; Λιβυκόν; Κιλίκιον; Σαβῖνον ; τὸ κατὰ τὰς Κυκλάδας νήσους ; τὸ κατὰ τὴν Ἑλλάδα ; τὸ κατὰ τὴν Ἀσίαν. ; ῥόδινον; μήλινον; κρίνινον; category inherited from bundle source
L204,Σαβῖνον,σαβινον,,,,plant,split from workbook list: ἔλαιον; ἔλαιον ἐκ τῆς ἐλαίας; ἔλαιον ἐκ δρυπετοῦς τοῦ καρποῦ; γλυκύτατον ἔλαιον; ὠμοτριβὲς ἔλαιον; ὀμφάκινον ἔλαιον; ἔλαιον παλαιόν; ἔλαιον τὸ ἀπὸ τῆς Ἰβηρίας κομιζόμενον; Σπανὸν ἔλαιον; Σαβῖνον ἔλαιον; πεπλυμένον ἔλαιον; Σικυώνιον ἔλαιον; κίκινον ἔλαιον; ῥαφάνινον ἔλαιον; σησάμινον ἔλαιον; ἀμυγδάλινον ἔλαιον; καρύϊνον ἔλαιον; σινάπινον ἔλαιον; σχίνινον ἔλαιον; δάφνινον ἔλαιον; μελάνθινον ἔλαιον; τερμίνθινον ἔλαιον; μαστίχινον ἔλαιον; μύρσινον ἔλαιον; βαλάνινον ἔλαιον; ὑοσκυάμινον ἔλαιον; κέδρινον ἔλαιον; δάδινον ἔλαιον; τὸ ἀπὸ τῆς ὑγρᾶς πίττης ἔλαιον; τὸ ἐκ τοῦ κνιδίου κόκκου ἔλαιον; τὸ ἐκ τῆς ἀγρίας ἐλαίας ἔλαιον; Ἰστρικόν ἔλαιον; Σπανόν; Λιβυκόν; Κιλίκιον; Σαβῖνον ; τὸ κατὰ τὰς Κυκλάδας νήσους ; τὸ κατὰ τὴν Ἑλλάδα ; τὸ κατὰ τὴν Ἀσίαν. ; ῥόδινον; μήλινον; κρίνινον; category inherited from bundle source
L205,τὸ κατὰ τὰς Κυκλάδας νήσους,το κατα τας κυκλαδας νησους,,,,plant,split from workbook list: ἔλαιον; ἔλαιον ἐκ τῆς ἐλαίας; ἔλαιον ἐκ δρυπετοῦς τοῦ καρποῦ; γλυκύτατον ἔλαιον; ὠμοτριβὲς ἔλαιον; ὀμφάκινον ἔλαιον; ἔλαιον παλαιόν; ἔλαιον τὸ ἀπὸ τῆς Ἰβηρίας κομιζόμενον; Σπανὸν ἔλαιον; Σαβῖνον ἔλαιον; πεπλυμένον ἔλαιον; Σικυώνιον ἔλαιον; κίκινον ἔλαιον; ῥαφάνινον ἔλαιον; σησάμινον ἔλαιον; ἀμυγδάλινον ἔλαιον; καρύϊνον ἔλαιον; σινάπινον ἔλαιον; σχίνινον ἔλαιον; δάφνινον ἔλαιον; μελάνθινον ἔλαιον; τερμίνθινον ἔλαιον; μαστίχινον ἔλαιον; μύρσινον ἔλαιον; βαλάνινον ἔλαιον; ὑοσκυάμινον ἔλαιον; κέδρινον ἔλαιον; δάδινον ἔλαιον; τὸ ἀπὸ τῆς ὑγρᾶς πίττης ἔλαιον; τὸ ἐκ τοῦ κνιδίου κόκκου ἔλαιον; τὸ ἐκ τῆς ἀγρίας ἐλαίας ἔλαιον; Ἰστρικόν ἔλαιον; Σπανόν; Λιβυκόν; Κιλίκιον; Σαβῖνον ; τὸ κατὰ τὰς Κυκλάδας νήσους ; τὸ κατὰ τὴν Ἑλλάδα ; τὸ κατὰ τὴν Ἀσίαν. ; ῥόδινον; μήλινον; κρίνινον; category inherited from bundle source
L206,τὸ κατὰ τὴν Ἑλλάδα,το κατα την ελλαδα,,,,plant,split from workbook list: ἔλαιον; ἔλαιον ἐκ τῆς ἐλαίας; ἔλαιον ἐκ δρυπετοῦς τοῦ καρποῦ; γλυκύτατον ἔλαιον; ὠμοτριβὲς ἔλαιον; ὀμφάκινον ἔλαιον; ἔλαιον παλαιόν; ἔλαιον τὸ ἀπὸ τῆς Ἰβηρίας κομιζόμενον; Σπανὸν ἔλαιον; Σαβῖνον ἔλαιον; πεπλυμένον ἔλαιον; Σικυώνιον ἔλαιον; κίκινον ἔλαιον; ῥαφάνινον ἔλαιον; σησάμινον ἔλαιον; ἀμυγδάλινον ἔλαιον; καρύϊνον ἔλαιον; σινάπινον ἔλαιον; σχίνινον ἔλαιον; δάφνινον ἔλαιον; μελάνθινον ἔλαιον; τερμίνθινον ἔλαιον; μαστίχινον ἔλαιον; μύρσινον ἔλαιον; βαλάνινον ἔλαιον; ὑοσκυάμινον ἔλαιον; κέδρινον ἔλαιον; δάδινον ἔλαιον; τὸ ἀπὸ τῆς ὑγρᾶς πίττης ἔλαιον; τὸ ἐκ τοῦ κνιδίου κόκκου ἔλαιον; τὸ ἐκ τῆς ἀγρίας ἐλαίας ἔλαιον; Ἰστρικόν ἔλαιον; Σπανόν; Λιβυκόν; Κιλίκιον; Σαβῖνον ; τὸ κατὰ τὰς Κυκλάδας νήσους ; τὸ κατὰ τὴν Ἑλλάδα ; τὸ κατὰ τὴν Ἀσίαν. ; ῥόδινον; μήλινον; κρίνινον; category inherited from bundle source
L207,τὸ κατὰ τὴν Ἀσίαν.,το κατα την ασιαν.,,,,plant,split from workbook list: ἔλαιον; ἔλαιον ἐκ τῆς ἐλαίας; ἔλαιον ἐκ δρυπετοῦς τοῦ καρποῦ; γλυκύτατον ἔλαιον; ὠμοτριβὲς ἔλαιον; ὀμφάκινον ἔλαιον; ἔλαιον παλαιόν; ἔλαιον τὸ ἀπὸ τῆς Ἰβηρίας κομιζόμενον; Σπανὸν ἔλαιον; Σαβῖνον ἔλαιον; πεπλυμένον ἔλαιον; Σικυώνιον ἔλαιον; κίκινον ἔλαιον; ῥαφάνινον ἔλαιον; σησάμινον ἔλαιον; ἀμυγδάλινον ἔλαιον; καρύϊνον ἔλαιον; σινάπινον ἔλαιον; σχίνινον ἔλαιον; δάφνινον ἔλαιον; μελάνθινον ἔλαιον; τερμίνθινον ἔλαιον; μαστίχινον ἔλαιον; μύρσινον ἔλαιον; βαλάνινον ἔλαιον; ὑοσκυάμινον ἔλαιον; κέδρινον ἔλαιον; δάδινον ἔλαιον; τὸ ἀπὸ τῆς ὑγρᾶς πίττης ἔλαιον; τὸ ἐκ τοῦ κνιδίου κόκκου ἔλαιον; τὸ ἐκ τῆς ἀγρίας ἐλαίας ἔλαιον; Ἰστρικόν ἔλαιον; Σπανόν; Λιβυκόν; Κιλίκιον; Σαβῖνον ; τὸ κατὰ τὰς Κυκλάδας νήσους ; τὸ κατὰ τὴν Ἑλλάδα ; τὸ κατὰ τὴν Ἀσίαν. ; ῥόδινον; μήλινον; κρίνινον; category inherited from bundle source
L208,ῥόδινον,ροδινον,,,,plant,split from workbook list: ἔλαιον; ἔλαιον ἐκ τῆς ἐλαίας; ἔλαιον ἐκ δρυπετοῦς τοῦ καρποῦ; γλυκύτατον ἔλαιον; ὠμοτριβὲς ἔλαιον; ὀμφάκινον ἔλαιον; ἔλαιον παλαιόν; ἔλαιον τὸ ἀπὸ τῆς Ἰβηρίας κομιζόμενον; Σπανὸν ἔλαιον; Σαβῖνον ἔλαιον; πεπλυμένον ἔλαιον; Σικυώνιον ἔλαιον; κίκινον ἔλαιον; ῥαφάνινον ἔλαιον; σησάμινον ἔλαιον; ἀμυγδάλινον ἔλαιον; καρύϊνον ἔλαιον; σινάπινον ἔλαιον; σχίνινον ἔλαιον; δάφνινον ἔλαιον; μελάνθινον ἔλαιον; τερμίνθινον ἔλαιον; μαστίχινον ἔλαιον; μύρσινον ἔλαιον; βαλάνινον ἔλαιον; ὑοσκυάμινον ἔλαιον; κέδρινον ἔλαιον; δάδινον ἔλαιον; τὸ ἀπὸ τῆς ὑγρᾶς πίττης ἔλαιον; τὸ ἐκ τοῦ κνιδίου κόκκου ἔλαιον; τὸ ἐκ τῆς ἀγρίας ἐλαίας ἔλαιον; Ἰστρικόν ἔλαιον; Σπανόν; Λιβυκόν; Κιλίκιον; Σαβῖνον ; τὸ κατὰ τὰς Κυκλάδας νήσους ; τὸ κατὰ τὴν Ἑλλάδα ; τὸ κατὰ τὴν Ἀσίαν. ; ῥόδινον; μήλινον; κρίνινον; category inherited from bundle source
L209,μήλινον,μηλινον,,,,plant,split from workbook list: ἔλαιον; ἔλαιον ἐκ τῆς ἐλαίας; ἔλαιον ἐκ δρυπετοῦς τοῦ καρποῦ; γλυκύτατον ἔλαιον; ὠμοτριβὲς ἔλαιον; ὀμφάκινον ἔλαιον; ἔλαιον παλαιόν; ἔλαιον τὸ ἀπὸ τῆς Ἰβηρίας κομιζόμενον; Σπανὸν ἔλαιον; Σαβῖνον ἔλαιον; πεπλυμένον ἔλαιον; Σικυώνιον ἔλαιον; κίκινον ἔλαιον; ῥαφάνινον ἔλαιον; σησάμινον ἔλαιον; ἀμυγδάλινον ἔλαιον; καρύϊνον ἔλαιον; σινάπινον ἔλαιον; σχίνινον ἔλαιον; δάφνινον ἔλαιον; μελάνθινον ἔλαιον; τερμίνθινον ἔλαιον; μαστίχινον ἔλαιον; μύρσινον ἔλαιον; βαλάνινον ἔλαιον; ὑοσκυάμινον ἔλαιον; κέδρινον ἔλαιον; δάδινον ἔλαιον; τὸ ἀπὸ τῆς ὑγρᾶς πίττης ἔλαιον; τὸ ἐκ τοῦ κνιδίου κόκκου ἔλαιον; τὸ ἐκ τῆς ἀγρίας ἐλαίας ἔλαιον; Ἰστρικόν ἔλαιον; Σπανόν; Λιβυκόν; Κιλίκιον; Σαβῖνον ; τὸ κατὰ τὰς Κυκλάδας νήσους ; τὸ κατὰ τὴν Ἑλλάδα ; τὸ κατὰ τὴν Ἀσίαν. ; ῥόδινον; μήλινον; κρίνινον; category inherited from bundle source
L210,κρίνινον,κρινινον,,,,plant,split from workbook list: ἔλαιον; ἔλαιον ἐκ τῆς ἐλαίας; ἔλαιον ἐκ δρυπετοῦς τοῦ καρποῦ; γλυκύτατον ἔλαιον; ὠμοτριβὲς ἔλαιον; ὀμφάκινον ἔλαιον; ἔλαιον παλαιόν; ἔλαιον τὸ ἀπὸ τῆς Ἰβηρίας κομιζόμενον; Σπανὸν ἔλαιον; Σαβῖνον ἔλαιον; πεπλυμένον ἔλαιον; Σικυώνιον ἔλαιον; κίκινον ἔλαιον; ῥαφάνινον ἔλαιον; σησάμινον ἔλαιον; ἀμυγδάλινον ἔλαιον; καρύϊνον ἔλαιον; σινάπινον ἔλαιον; σχίνινον ἔλαιον; δάφνινον ἔλαιον; μελάνθινον ἔλαιον; τερμίνθινον ἔλαιον; μαστίχινον ἔλαιον; μύρσινον ἔλαιον; βαλάνινον ἔλαιον; ὑοσκυάμινον ἔλαιον; κέδρινον ἔλαιον; δάδινον ἔλαιον; τὸ ἀπὸ τῆς ὑγρᾶς πίττης ἔλαιον; τὸ ἐκ τοῦ κνιδίου κόκκου ἔλαιον; τὸ ἐκ τῆς ἀγρίας ἐλαίας ἔλαιον; Ἰστρικόν ἔλαιον; Σπανόν; Λιβυκόν; Κιλίκιον; Σαβῖνον ; τὸ κατὰ τὰς Κυκλάδας νήσους ; τὸ κατὰ τὴν Ἑλλάδα ; τὸ κατὰ τὴν Ἀσίαν. ; ῥόδινον; μήλινον; κρίνινον; category inherited from bundle source
L211,ἐλατίνη,ελατινη,,,,plant,
L212,ἐλαφόβοσκον,ελαφοβοσκον,,,,plant,
L213,ἑλενιον,ελενιον,,,,plant,
L214,ἐλελίσφακον,ελελισφακον,,,,plant,
L215,ἐλλέβορος,ελλεβορος,,,,plant,split from workbook list: ἐλλέβορος; ἐλλέβορος ὁ λευκὸς; ἐλλέβορος ὁ μέλας; category inherited from bundle source
L216,ἐλλέβορος ὁ λευκὸς,ελλεβορος ο λευκος,,L215,subtype,plant,split from workbook list: ἐλλέβορος; ἐλλέβορος ὁ λευκὸς; ἐλλέβορος ὁ μέλας; category inherited from bundle source
L217,ἐλλέβορος ὁ μέλας,ελλεβορος ο μελας,,L215,subtype,plant,split from workbook list: ἐλλέβορος; ἐλλέβορος ὁ λευκὸς; ἐλλέβορος ὁ μέλας; category inherited from bundle source
L218,ἑλξίνη,ελξινη,,,,plant,split from workbook list: ἑλξίνη; περδίκιον; παρθένιον; σιδηρίτιδα; Ἡρακλείαν; category inherited from bundle source
L219,περδίκιον,περδικιον,,,,plant,split from workbook list: ἑλξίνη; περδίκιον; παρθένιον; σιδηρίτιδα; Ἡρακλείαν; category inherited from bundle source
L220,παρθένιον,παρθενιον,,,,plant,split from workbook list: ἑλξίνη; περδίκιον; παρθένιον; σιδηρίτιδα; Ἡρακλείαν; category inherited from bundle source
L221,σιδηρίτιδα,σιδηριτιδα,,,,plant,split from workbook list: ἑλξίνη; περδίκιον; παρθένιον; σιδηρίτιδα; Ἡρακλείαν; category inherited from bundle source
L222,Ἡρακλείαν,ηρακλειαν,,,,plant,split from workbook list: ἑλξίνη; περδίκιον; παρθένιον; σιδηρίτιδα; Ἡρακλείαν; category inherited from bundle source
L223,κισσάμπελος,κισσαμπελος,,,,plant,split from workbook list: ἑλξίνη; κισσάμπελος; category inherited from bundle source
L224,ἔλυμος,ελυμος,,,,plant,split from workbook list: ἔλυμος; μελίνη; category inherited from bundle source
L225,μελίνη,μελινη,,,,plant,split from workbook list: ἔλυμος; μελίνη; category inherited from bundle source
L226,ἔμπετρον,εμπετρον,,,,plant,split from workbook list: ἔμπετρον; ἐπίπετρον; category inherited from bundle source
L227,ἐπίθυμον,επιθυμον,,,,plant,
L228,ἐπιμήδιον,επιμηδιον,,,,plant,
L229,ἐπιμηλίς,επιμηλις,,,,plant,split from workbook list: ἐπιμηλίς; οὐνέδων; category inherited from bundle source
L230,οὐνέδων,ουνεδων,,,,plant,split from workbook list: ἐπιμηλίς; οὐνέδων; category inherited from bundle source
L231,ἐρέβινθος,ερεβινθος,,,,plant,split from workbook list: ἐρέβινθος; κριός; ὀροβίας; category inherited from bundle source
L232,κριός,κριος,,,,plant,split from workbook list: ἐρέβινθος; κριός; ὀροβίας; category inherited from bundle source
L233,ὀροβίας,οροβιας,,,,plant,split from workbook list: ἐρέβινθος; κριός; ὀροβίας; category inherited from bundle source
L234,ἐρέβινθος ἄγριος,ερεβινθος αγριος,,L231,subtype,plant,
L235,ἐρείκη,ερεικη,,,,plant,
L236,ἕρπυλλος,ερπυλλος,,,,plant,
L237,ἐρύσιμον,ερυσιμον,,,,plant,
L238,ἐρυθρόδανον,ερυθροδανον,,,,plant,
L239,εὐπατόριον,ευπατοριον,,,,plant,
L240,εὐφόρβιον,ευφορβιον,,,,plant,
L241,ἐφήμερον,εφημερον,,,,plant,split from workbook list: ἐφήμερον; κολχικὸν; ἴρις ἀγρία; category inherited from bundle source
L242,κολχικὸν,κολχικον,,,,plant,split from workbook list: ἐφήμερον; κολχικὸν; ἴρις ἀγρία; category inherited from bundle source
L243,ἴρις ἀγρία,ιρις αγρια,,,,plant,split from workbook list: ἐφήμερον; κολχικὸν; ἴρις ἀγρία; category inherited from bundle source
L244,ἐχῖνος,εχινος,,,,plant,
L245,ζειά,ζεια,,,,plant,
L246,ζιγγίβερι,ζιγγιβερι,,,,plant,
L247,ζύθος,ζυθος,,,,plant,
L248,ζύμη,ζυμη,,,,plant,
L249,ἡδύοσμος,ηδυοσμος,,,,plant,split from workbook list: ἡδύοσμος; μίνθη εὐώδη; category inherited from bundle source
L250,ἡδύσαρον,ηδυσαρον,,,,plant,split from workbook list: ἡδύσαρον; πελεκῖνος; category inherited from bundle source
L251,ἡμεροκαλλές,ημεροκαλλες,,,,plant,
L252,ἡμιονῖτις,ημιονιτις,,,,plant,
L253,ἠριγέρων,ηριγερων,,,,plant,
L254,ἠρύγγιον,ηρυγγιον,,,,plant,
L255,θαλίηκτρον,θαλιηκτρον,,,,plant,
L256,θαψία,θαψια,,,,plant,
L257,θέρμος,θερμος,,,,plant,
L258,θέρμος ἄγριος,θερμος αγριος,,L257,subtype,plant,
L259,θλάσπι,θλασπι,,,,plant,
L260,θρίδαξ,θριδαξ,,,,plant,
L261,θύμος,θυμος,,,,plant,
L262,Ἰδαία ῥίζα,ιδαια ριζα,,L830,subtype,plant,
L263,ἰξός,ιξος,,,,plant,
L264,ἴου τὰ φύλλα,ιου τα φυλλα,,,,plant,
L265,ἵππουρις,ιππουρις,,,,plant,
L266,Ἱππομάραθρον,ιππομαραθρον,,,,plant,
L267,ἰσάτις βαφική,ισατις βαφικη,,,,plant,
L268,Ἰσόπυρον,ισοπυρον,,,,plant,
L269,ἰτέα,ιτεα,,,,plant,
L270,καλαμίνθη,καλαμινθη,,,,plant,
L271,κάλαμος ἀρωματικός,καλαμος αρωματικος,,,,plant,
L272,κάλαμος φραγμίτης,καλαμος φραγμιτης,,,,plant,
L273,κάγκανον,καγκανον,,,,plant,
L274,καννάβεως ὁ καρπός,κανναβεως ο καρπος,,,,plant,
L275,κάπνιος,καπνιος,,,,plant,split from workbook list: κάπνιος ; καπνός; category inherited from bundle source
L276,κάππαρις,καππαρις,,,,plant,
L277,κάρδαμον,καρδαμον,,,,plant,
L278,καρδάμωμον,καρδαμωμον,,,,plant,
L279,καρῶον,καρωον,,,,plant,
L280,κασία,κασια,,,,plant,
L281,καρύα,καρυα,,,,plant,
L282,καυκαλίς,καυκαλις,,,,plant,split from workbook list: καυκαλίς; δαῦκον ἄγριον; category inherited from bundle source
L283,καρπήσιον,καρπησιον,,,,plant,
L284,κέγχρος,κεγχρος,,,,plant,
L285,κέδρος,κεδρος,,,,plant,
L286,κενταύριον τὸ μέγα,κενταυριον το μεγα,,,,plant,
L287,κενταύριον τὸ μικρόν,κενταυριον το μικρον,,,,plant,
L288,κέρασος,κερασος,,,,plant,
L289,κερατωνία,κερατωνια,,,,plant,
L290,κέστρον,κεστρον,,,,plant,
L291,κηκίς,κηκις,,,,plant,
L292,κηρός,κηρος,,,,plant,
L293,κίκι,κικι,,,,plant,
L294,κιννάμωμον,κινναμωμον,,,,plant,
L295,κιρκέα,κιρκεα,,,,plant,
L296,κίστος,κιστος,,,,plant,
L297,κισθὸς,κισθος,,,,plant,split from workbook list: κισθὸς; κίσθαρος; category inherited from bundle source
L298,κισσός,κισσος,,,,plant,
L299,κλινοπόδιον,κλινοποδιον,,,,plant,
L300,κληματίς,κληματις,,,,plant,
L301,κνίκος,κνικος,,,,plant,
L302,κόκκος κνίδιος,κοκκος κνιδιος,,,,plant,
L303,κόκκος βαφική,κοκκος βαφικη,,,,plant,
L304,κοκκυμηλέα,κοκκυμηλεα,,,,plant,
L305,κόλλα,κολλα,,,,plant,
L306,κολοκύνθη,κολοκυνθη,,,,plant,
L307,κολοκυνθίς,κολοκυνθις,,,,plant,
L308,κόμαρος,κομαρος,,,,plant,
L309,κόμμι,κομμι,,,,plant,
L310,κονία,κονια,,,,plant,
L311,κόνυζα,κονυζα,,,,plant,
L312,κορίανον,κοριανον,,,,plant,split from workbook list: κορίανον; κόριον; category inherited from bundle source
L313,κορωνόπους,κορωνοπους,,,,plant,
L314,κόστος,κοστος,,,,plant,
L315,κοτυληδών,κοτυληδων,,,,plant,
L316,κράνια,κρανια,,,,plant,
L317,κράμβη ἐδώδιμος,κραμβη εδωδιμος,,,,plant,
L318,κράμβη ἀγρία,κραμβη αγρια,,,,plant,
L319,κράμβη θαλαττία,κραμβη θαλαττια,,,,plant,
L320,κραταιόγονον,κραταιογονον,,,,plant,
L321,κρῆθμον,κρηθμον,,,,plant,
L322,κριθαί,κριθαι,,,,plant,
L323,κρίμνον,κριμνον,,,,plant,
L324,κρίνον,κρινον,,,,plant,
L325,κροκοδείλιον,κροκοδειλιον,,,,plant,
L326,κρόκος,κροκος,,,,plant,
L327,κρόμμυον,κρομμυον,,,,plant,
L328,κύαμος,κυαμος,,,,plant,split from workbook list: κύαμος; φάβα; category inherited from bundle source
L329,κυκλάμινος,κυκλαμινος,,,,plant,
L330,κύμινον,κυμινον,,,,plant,
L331,κυνόσβατος,κυνοσβατος,,,,plant,
L332,κυπάρισσος,κυπαρισσος,,,,plant,
L333,κύπερον,κυπερον,,,,plant,
L334,κύπρος,κυπρος,,,,plant,
L335,κύτισος,κυτισος,,,,plant,
L336,κώνειον,κωνειον,,,,plant,
L337,κῶνος,κωνος,,,,plant,
L338,λαγώπουν,λαγωπουν,,,,plant,
L339,λαθυρίς,λαθυρις,,,,plant,
L340,λαμψάνη,λαμψανη,,,,plant,
L341,λάπαθον,λαπαθον,,,,plant,
L342,λειμώνιον,λειμωνιον,,,,plant,split from workbook list: λειμώνιον; κυνόγλωσσον; category inherited from bundle source
L343,λειχήν,λειχην,,,,plant,
L344,λεοντοπέταλον,λεοντοπεταλον,,,,plant,split from workbook list: λεοντοπόδιον; λεοντοπέταλον; category inherited from bundle source
L345,λεπίδιον,λεπιδιον,,,,plant,
L346,λευκάς,λευκας,,,,plant,
L347,λευκάκανθον,λευκακανθον,,,,plant,
L348,λευκόϊον,λευκοιον,,,,plant,
L349,λεύκη τὸ δένδρον,λευκη το δενδρον,,,,plant,
L350,λιβανωτός,λιβανωτος,,,,plant,
L351,λιβανωτίς,λιβανωτις,,,,plant,
L352,λιγνύς,λιγνυς,,,,plant,
L353,λιγυστικόν,λιγυστικον,,,,plant,
L354,λινόσπερμον,λινοσπερμον,,,,plant,
L355,λινόζωστις,λινοζωστις,,,,plant,
L356,λογχίτιδος,λογχιτιδος,,,,plant,
L357,λύκιον,λυκιον,,,,plant,
L358,λυσιμάχιος,λυσιμαχιος,,,,plant,
L359,λυχνίς,λυχνις,,,,plant,
L360,λωτὸς ὁ ἥμερος,λωτος ο ημερος,,,,plant,
L361,λωτὸς τὸ δένδρον,λωτος το δενδρον,,,,plant,
L362,μάκερ,μακερ,,,,plant,
L363,μαλαβάθρου φύλλα,μαλαβαθρου φυλλα,,,,plant,
L364,μαλάχη,μαλαχη,,,,plant,
L365,μανδραγόρας,μανδραγορας,,,,plant,
L366,μάραθρον,μαραθρον,,,,plant,
L367,μαστίχη,μαστιχη,,,,plant,split from workbook list: ῥητίνη; ῥητῖναι πᾶσαι; μαστίχη; σχινίνη; τερεβινθίνη; πιτυίνη ἡ ξηρά; πιτύινον φύσημα; category inherited from bundle source
L368,μελάνθιον,μελανθιον,,,,plant,
L369,μελίλωτον,μελιλωτον,,,,plant,
L370,μέλι,μελι,,,,plant,
L371,μελισσόφυλλον,μελισσοφυλλον,,,,plant,
L372,μέσπιλον,μεσπιλον,,,,plant,
L373,μήδιον,μηδιον,,,,plant,
L374,μήκων,μηκων,,,,plant,
L375,μήκων κερατῖτις,μηκων κερατιτις,,L374,subtype,plant,split from workbook list: μήκων κερατῖτις; παραλία; category inherited from bundle source
L376,μήκων ἡρακλεία,μηκων ηρακλεια,,L374,subtype,plant,
L377,μηλέα,μηλεα,,,,plant,
L378,μηλέα περσική,μηλεα περσικη,,L377,subtype,plant,
L379,μηλέα ἀρμενιακή,μηλεα αρμενιακη,,L377,subtype,plant,
L380,μηλέα μηδική,μηλεα μηδικη,,L377,subtype,plant,split from workbook list: μηλέα μηδική; κιτρέα; category inherited from bundle source
L381,μῆον,μηον,,,,plant,
L382,μῖλαξ ἡ τραχεῖα,μιλαξ η τραχεια,,,,plant,
L383,μῖλαξ ἡ λεία,μιλαξ η λεια,,,,plant,
L384,μορέα,μορεα,,,,plant,
L385,μύαγρος,μυαγρος,,,,plant,
L386,μύκητες,μυκητες,,,,plant,
L387,μύλη,μυλη,,,,plant,
L388,μυωτίς,μυωτις,,,,plant,
L389,μυρίκη,μυρικη,,,,plant,
L390,μυριόφυλλον,μυριοφυλλον,,,,plant,
L391,μύρρις,μυρρις,,,,plant,
L392,μυρρίνη,μυρρινη,,,,plant,split from workbook list: μυρρίνη; μυρσίνη; category inherited from bundle source
L393,μῶλυ,μωλυ,,,,plant,split from workbook list: μῶλυ; βήσασα; category inherited from bundle source
L394,προοίμιον,προοιμιον,,,,plant,
L395,νάρδου στάχυς,ναρδου σταχυς,,,,plant,
L396,νάρδος κελτική,ναρδος κελτικη,,,,plant,
L397,νάρδος ὀρεία,ναρδος ορεια,,,,plant,
L398,νάρθηξ,ναρθηξ,,,,plant,
L399,νᾶπυ,ναπυ,,,,plant,
L400,νάρκισσος,ναρκισσος,,,,plant,
L401,νευράς,νευρας,,,,plant,
L402,νήριον,νηριον,,,,plant,split from workbook list: νήριον; ῥοδοδάφνη; category inherited from bundle source
L403,νυμφαία,νυμφαια,,,,plant,
L404,ξάνθιον,ξανθιον,,,,plant,split from workbook list: ξάνθιον; φασγάνιον; φιλάνθρωπον; χοιραδόλεθρον; category inherited from bundle source
L405,ξυρὶς,ξυρις,,,,plant,
L406,ξίφιον,ξιφιον,,,,plant,
L407,ὄη,οη,,,,plant,
L408,οἶνος,οινος,,,,plant,
L409,ὄλυνθος,ολυνθος,,,,plant,
L410,ὀλόστιον,ολοστιον,,,,plant,
L411,ὀλύρα,ολυρα,,,,plant,
L412,ὄναγρον,οναγρον,,,,plant,
L413,ὄνοσμα,ονοσμα,,,,plant,
L414,ὀνοβρυχὶς,ονοβρυχις,,,,plant,
L415,ὄνωνις,ονωνις,,,,plant,
L416,ὄξος,οξος,,,,plant,
L417,ὀξυάκανθος,οξυακανθος,,,,plant,
L418,ὀπός,οπος,,,,plant,split from workbook list: ὀπός; ὀπός Κυρηναικός; ὀπός Μηδικός; ὀπός Συριακός; λάσαρ; category inherited from bundle source
L419,ὀρίγανος,οριγανος,,,,plant,
L420,ὄροβος,οροβος,,,,plant,
L421,ὀροβάκχη,οροβακχη,,,,plant,
L422,ὄρυζα,ορυζα,,,,plant,
L423,ὄρχις,ορχις,,,,plant,"split from workbook list: ὄρχις, κυνὸς ὄρχις; category inherited from bundle source"
L424,ὀσιριάς,οσιριας,,,,plant,split from workbook list: ὀσιριάς; κορήματα; category inherited from bundle source
L425,παγκράτιον,παγκρατιον,,,,plant,
L426,παλίουρος,παλιουρος,,,,plant,
L427,πάπυρος,παπυρος,,,,plant,
L428,πάνακες ἡράκλειον,πανακες ηρακλειον,,,,plant,
L429,πάνακες Ἀσκλήπειον,πανακες ασκληπειον,,,,plant,
L430,πάνακες χειρώνειον,πανακες χειρωνειον,,,,plant,
L431,παρωνυχία,παρωνυχια,,,,plant,
L432,πεντάφυλλον,πενταφυλλον,,,,plant,
L433,πέπλος,πεπλος,,,,plant,
L434,πέπλιον,πεπλιον,,,,plant,
L435,πέπερι,πεπερι,,,,plant,
L436,περσέα,περσεα,,,,plant,
L437,περικλύμενον,περικλυμενον,,,,plant,
L438,περιστερεών,περιστερεων,,,,plant,
L439,πετασῖτις,πετασιτις,,,,plant,
L440,πετροσέλινον,πετροσελινον,,,,plant,
L441,πευκέδανον,πευκεδανον,,,,plant,
L442,πήγανον,πηγανον,,,,plant,
L443,πίσσα,πισσα,,,,plant,
L444,πισσέλαιον,πισσελαιον,,,,plant,
L445,πιστάκια,πιστακια,,,,plant,
L446,πιτυΐδες,πιτυιδες,,,,plant,
L447,πίτυς,πιτυς,,,,plant,
L448,πιτυοῦσα,πιτυουσα,,,,plant,
L449,πλάτανος,πλατανος,,,,plant,
L450,πολύγονον,πολυγονον,,,,plant,
L451,πολύγαλον,πολυγαλον,,,,plant,
L452,πολυγόνατον,πολυγονατον,,,,plant,
L453,πολεμώνιον,πολεμωνιον,,,,plant,split from workbook list: πολεμώνιον; φιλεταίρον; χιλιοδύναμον; category inherited from bundle source
L454,πόλιον,πολιον,,,,plant,
L455,πόλιον τὸ μικρόν,πολιον το μικρον,,L454,subtype,plant,
L456,πολύκνημος,πολυκνημος,,,,plant,
L457,ποταμογείτων,ποταμογειτων,,,,plant,
L458,πολυπόδιον,πολυποδιον,,,,plant,
L459,πράσιον,πρασιον,,,,plant,
L460,πρόπολις,προπολις,,,,plant,
L461,πταρμική,πταρμικη,,,,plant,
L462,πτελέα,πτελεα,,,,plant,
L463,πτέρις,πτερις,,,,plant,
L464,πυκνόκομον,πυκνοκομον,,,,plant,
L465,πύρεθρον,πυρεθρον,,,,plant,
L466,πυρὸς,πυρος,,,,plant,
L467,ῥάμνος,ραμνος,,,,plant,
L468,ῥαφανίς,ραφανις,,,,plant,
L469,ῥῆον,ρηον,,,,plant,
L470,ῥητίναι πᾶσαι ἐν αἷς ἡ μαστίχη,ρητιναι πασαι εν αις η μαστιχη,,,,plant,
L471,ῥόδον,ροδον,,,,plant,
L472,ῥοδία ῥίζα,ροδια ριζα,,,,plant,
L473,ῥοδοδάφνη,ροδοδαφνη,,,,plant,split from workbook list: νήριον; ῥοδοδάφνη; category inherited from bundle source
L474,ῥόα,ροα,,,,plant,
L475,ῥοῦς,ρους,,,,plant,
L476,ῥύπος,ρυπος,,,,plant,
L477,σαγαπηνόν,σαγαπηνον,,,,plant,
L478,σάμψυχον,σαμψυχον,,,,plant,
L479,σαπρότης ξύλων,σαπροτης ξυλων,,,,plant,
L480,σαρκοκόλλα,σαρκοκολλα,,,,plant,
L481,σατύριον,σατυριον,,,,plant,
L482,σέλινον,σελινον,,,,plant,
L483,σέρις,σερις,,,,plant,split from workbook list: σέρις; κιχόριον; category inherited from bundle source
L484,σέριφον,σεριφον,,,,plant,
L485,σέσελι,σεσελι,,,,plant,
L486,σήσαμον,σησαμον,,,,plant,
L487,σησαμοειδὲς τὸ μέγα,σησαμοειδες το μεγα,,,,plant,
L488,σησαμοειδὲς τὸ λεύκον,σησαμοειδες το λευκον,,,,plant,
L489,σιδηρῖτις,σιδηριτις,,,,plant,
L490,σικὺς ἐδώδιμος,σικυς εδωδιμος,,,,plant,
L491,σικὺς ἄγριος,σικυς αγριος,,,,plant,
L492,σίλφιον,σιλφιον,,,,plant,
L493,σίσων,σισων,,,,plant,
L494,σίον,σιον,,,,plant,
L495,σίσαρος,σισαρος,,,,plant,
L496,σισύμβριον,σισυμβριον,,,,plant,split from workbook list: σισύμβριον; καρδαμίνη; category inherited from bundle source
L497,καρδαμίνη,καρδαμινη,,,,plant,split from workbook list: σισύμβριον; καρδαμίνη; category inherited from bundle source
L498,σκάνδιξ,σκανδιξ,,,,plant,
L499,σκίλλα,σκιλλα,,,,plant,
L500,σκόλυμος,σκολυμος,,,,plant,
L501,σκόρδιον,σκορδιον,,,,plant,
L502,σκόρδον,σκορδον,,,,plant,
L503,σκοροδόπρασον,σκοροδοπρασον,,,,plant,
L504,σκορπιοειδές,σκορπιοειδες,,,,plant,
L505,σμῖλαξ,σμιλαξ,,,,plant,
L506,σμύρνα,σμυρνα,,,,plant,
L507,σμύρνα βοϊκή,σμυρνα βοικη,,L506,subtype,plant,
L508,σμύρνιον,σμυρνιον,,,,plant,split from workbook list: σμύρνιον; ἱπποσέλινον ἄγριον; category inherited from bundle source
L509,ἱπποσέλινον ἄγριον,ιπποσελινον αγριον,,L990,subtype,plant,split from workbook list: σμύρνιον; ἱπποσέλινον ἄγριον; category inherited from bundle source
L510,σόγχος,σογχος,,,,plant,
L511,σπαργάνιον,σπαργανιον,,,,plant,
L512,σπάρτη,σπαρτη,,,,plant,
L513,στάχυς,σταχυς,,,,plant,
L514,στοιβή,στοιβη,,,,plant,
L515,στοιχάς,στοιχας,,,,plant,
L516,στρατιώτης,στρατιωτης,,,,plant,
L517,στρούθιον,στρουθιον,,,,plant,
L518,στύραξ,στυραξ,,,,plant,
L519,σῦκα,συκα,,,,plant,
L520,συκῆ,συκη,,,,plant,
L521,σύμφυτον πετραῖον,συμφυτον πετραιον,,,,plant,
L522,σύμφυτον τὸν μέγαλον,συμφυτον τον μεγαλον,,,,plant,
L523,σφόνδυλος,σφονδυλος,,,,plant,
L524,σχῖνος ὁ θάμνος,σχινος ο θαμνος,,,,plant,
L525,σχοίνου ἄνθος,σχοινου ανθος,,,,plant,
L526,σχοῖνος λεία,σχοινος λεια,,,,plant,
L527,τερέβινθος,τερεβινθος,,,,plant,
L528,τεῦτλον,τευτλον,,,,plant,
L529,τεύκριον,τευκριον,,,,plant,
L530,τέφρα,τεφρα,,,,plant,
L531,τηλέφιον,τηλεφιον,,,,plant,
L532,τῆλις,τηλις,,,,plant,
L533,τιθύμαλλος,τιθυμαλλος,,,,plant,
L534,τραγάκανθα,τραγακανθα,,,,plant,
L535,τράγιον,τραγιον,,,,plant,
L536,τραγορίανος,τραγοριανος,,,,plant,
L537,τρίβολος,τριβολος,,,,plant,
L538,τριπόλιον,τριπολιον,,,,plant,
L539,τρίφυλλον,τριφυλλον,,,,plant,split from workbook list: τρίφυλλον; ἀσφάλτιον; category inherited from bundle source
L540,τριχομανές,τριχομανες,,,,plant,
L541,τρύχνος,τρυχνος,,,,plant,split from workbook list: τρύχνος; στρύχνον; category inherited from bundle source
L542,ὑάκινθος,υακινθος,,,,plant,
L543,ὕδνα,υδνα,,,,plant,
L544,ὑδροπέπερι,υδροπεπερι,,,,plant,
L545,ὑοσκύαμος,υοσκυαμος,,,,plant,
L546,ὑπερικόν,υπερικον,,,,plant,
L547,ὑποκήοον,υποκηοον,,,,plant,
L548,ὑπόγλωσσον,υπογλωσσον,,,,plant,
L549,ὕσσωπον,υσσωπον,,,,plant,
L550,φακός,φακος,,,,plant,
L551,φακὸς ὁ ἐπὶ τῶν τελμάτων,φακος ο επι των τελματων,,L550,subtype,plant,
L552,φαληρίς,φαληρις,,,,plant,
L553,φαλαγγίτης,φαλαγγιτης,,,,plant,
L554,φλόμος,φλομος,,,,plant,
L555,φοῖνιξ,φοινιξ,,,,plant,
L556,φόρβιον,φορβιον,,,,plant,
L557,φοῦ,φου,,,,plant,
L558,φῦκος,φυκος,,,,plant,
L559,φυλλῖτις,φυλλιτις,,,,plant,
L560,φύλλον,φυλλον,,,,plant,
L561,χαλβάνη,χαλβανη,,,,plant,
L562,χαμαίδρυς,χαμαιδρυς,,,,plant,
L563,χαμαίκισσος,χαμαικισσος,,,,plant,
L564,χαμελαία,χαμελαια,,,,plant,
L565,χαμαιλεύκη,χαμαιλευκη,,,,plant,
L566,χαμαιλέων,χαμαιλεων,,,,plant,
L567,χαμαίπιτυς,χαμαιπιτυς,,,,plant,
L568,χαμαισύκη,χαμαισυκη,,,,plant,
L569,χελιδόνιον,χελιδονιον,,,,plant,
L570,χονδρίλη,χονδριλη,,,,plant,
L571,χόνδρος,χονδρος,,,,plant,
L572,χρυσοκόμη,χρυσοκομη,,,,plant,
L573,ψευδοδίκταμνον,ψευδοδικταμνον,,,,plant,
L574,ψύλλιον,ψυλλιον,,,,plant,
L575,ὤκιμον,ωκιμον,,,,plant,
L576,ὠκιμοειδές,ωκιμοειδες,,,,plant,
L577,γῆς,γης,,,,mineral,"split from workbook list: γῆς, αἱ διαφοραί; category inherited from bundle source"
L578,αἱ διαφοραί,αι διαφοραι,,,,mineral,"split from workbook list: γῆς, αἱ διαφοραί; category inherited from bundle source"
L579,αἱ διαφοραὶ τῆς συνήθως ὀνομαζομένης,αι διαφοραι της συνηθως ονομαζομενης,,,,mineral,"split from workbook list: γῆς, αἱ διαφοραὶ τῆς συνήθως ὀνομαζομένης; category inherited from bundle source"
L580,ἡ πλύσις,η πλυσις,,,,mineral,"split from workbook list: γῆς, ἡ πλύσις; category inherited from bundle source"
L581,γῆ Σαμία,γη σαμια,,,,mineral,
L582,λίθοι,λιθοι,,,,mineral,
L583,λίθος αἱματίτης,λιθος αιματιτης,,,,mineral,"split from workbook list: λίθος αἱματίτης, γαλακτίτης, μελιτίτης; category inherited from bundle source"
L584,γαλακτίτης,γαλακτιτης,,,,mineral,"split from workbook list: λίθος αἱματίτης, γαλακτίτης, μελιτίτης; category inherited from bundle source"
L585,μελιτίτης,μελιτιτης,,,,mineral,"split from workbook list: λίθος αἱματίτης, γαλακτίτης, μελιτίτης; category inherited from bundle source"
L586,λίθος σχιστός,λιθος σχιστος,,,,mineral,
L587,λίθος ἴασπις,λιθος ιασπις,,,,mineral,split from workbook list: λίθος ἴασπις; λίθος θυΐτης; category inherited from bundle source
L588,λίθος θυΐτης,λιθος θυιτης,,,,mineral,split from workbook list: λίθος ἴασπις; λίθος θυΐτης; category inherited from bundle source
L589,λίθος Ἰουδαϊκος,λιθος ιουδαικος,,,,mineral,
L590,λίθος πυρίτις,λιθος πυριτις,,,,mineral,
L591,λίθος φρύγιος,λιθος φρυγιος,,,,mineral,
L592,λίθος ἀγήρατος,λιθος αγηρατος,,,,mineral,
L593,λίθος Ἄσσίον,λιθος ασσιον,,,,mineral,
L594,λίθος Γαγάτης,λιθος γαγατης,,,,mineral,
L595,λίθος μαγνῖτις,λιθος μαγνιτις,,,,mineral,"split from workbook list: λίθος μαγνῖτις, Ἡρακλεία; category inherited from bundle source"
L596,Ἡρακλεία,ηρακλεια,,,,mineral,"split from workbook list: λίθος μαγνῖτις, Ἡρακλεία; category inherited from bundle source"
L597,λίθος Ἀράβιος,λιθος αραβιος,,,,mineral,
L598,λίθος ἀλαβαστρίτης,λιθος αλαβαστριτης,,,,mineral,
L599,λίθος σμυρίς,λιθος σμυρις,,,,mineral,
L600,λίθος κίσσηρις,λιθος κισσηρις,,,,mineral,
L601,λίθοι οἱ ἐν τοῖς σπόγγοις,λιθοι οι εν τοις σπογγοις,,L582,subtype,mineral,
L602,λίθος ὀστρακίτης,λιθος οστρακιτης,,,,mineral,
L603,λίθος ὀφίτης,λιθος οφιτης,,,,mineral,
L604,λίθος ὁ χλωρὸς ἴασπις,λιθος ο χλωρος ιασπις,,,,mineral,"split from workbook list: λίθος ὁ χλωρὸς ἴασπις, ὀμφατίτης, ἱερακίτης τε καὶ Ἰνδικός; category inherited from bundle source"
L605,ὀμφατίτης,ομφατιτης,,,,mineral,"split from workbook list: λίθος ὁ χλωρὸς ἴασπις, ὀμφατίτης, ἱερακίτης τε καὶ Ἰνδικός; category inherited from bundle source"
L606,ἱερακίτης,ιερακιτης,,,,mineral,"split from workbook list: λίθος ὁ χλωρὸς ἴασπις, ὀμφατίτης, ἱερακίτης τε καὶ Ἰνδικός; category inherited from bundle source"
L607,Ἰνδικός,ινδικος,,,,mineral,"split from workbook list: λίθος ὁ χλωρὸς ἴασπις, ὀμφατίτης, ἱερακίτης τε καὶ Ἰνδικός; category inherited from bundle source"
L608,λίθος σάπφυρος,λιθος σαπφυρος,,,,mineral,
L609,λίθος ἀφροσέλινος,λιθος αφροσελινος,,,,mineral,
L610,τὰ μεταλλικά,τα μεταλλικα,,,,mineral,
L611,ἅλες,αλες,,,,mineral,
L612,ἀρμενιακόν,αρμενιακον,,,,mineral,"split from workbook list: ἀρμενιακόν, τὸν μεταλλικόν; category inherited from bundle source"
L613,τὸν μεταλλικόν,τον μεταλλικον,,,,mineral,"split from workbook list: ἀρμενιακόν, τὸν μεταλλικόν; category inherited from bundle source"
L614,ἀρρενικόν,αρρενικον,,,,mineral,"split from workbook list: ἀρρενικόν, τὸν μεταλλικόν; category inherited from bundle source"
L615,ἀφρόλιτρον,αφρολιτρον,,,,mineral,"split from workbook list: ἀφρόλιτρον, τὸν μεταλλικόν; category inherited from bundle source"
L616,γύψος,γυψος,,,,mineral,
L617,γύψος κεκαυμένη,γυψος κεκαυμενη,,L616,subtype,mineral,
L618,διφρυγές,διφρυγες,,,,mineral,
L619,θεῖον,θειον,,,,mineral,
L620,ἰός,ιος,,,,mineral,
L621,καδμεία,καδμεια,,,,mineral,
L622,κιννάβαρι,κινναβαρι,,,,mineral,
L623,κίσσηρις,κισσηρις,,,,mineral,
L624,κονία ἡ ἐκ τῆς τέφρας,κονια η εκ της τεφρας,,L310,subtype,mineral,
L625,κυανός,κυανος,,,,mineral,
L626,λεπίς χαλκοῦ,λεπις χαλκου,,,,mineral,"split from workbook list: λεπίς χαλκοῦ, σιδήρου, στομώματος; category inherited from bundle source"
L627,σιδήρου,σιδηρου,,,,mineral,"split from workbook list: λεπίς χαλκοῦ, σιδήρου, στομώματος; category inherited from bundle source"
L628,στομώματος,στομωματος,,,,mineral,"split from workbook list: λεπίς χαλκοῦ, σιδήρου, στομώματος; category inherited from bundle source"
L629,λιθάργυρος,λιθαργυρος,,,,mineral,
L630,νίτρον,νιτρον,,,,mineral,
L631,μελαντηρία,μελαντηρια,,,,mineral,
L632,μέλαν γραφικόν,μελαν γραφικον,,,,mineral,
L633,μίσυ,μισυ,,,,mineral,
L634,μολύβδαινα,μολυβδαινα,,,,mineral,
L635,μόλυβδος,μολυβδος,,,,mineral,
L636,ὀστράκον,οστρακον,,,,mineral,
L637,πομφόλυξ,πομφολυξ,,,,mineral,"split from workbook list: πομφόλυξ, σποδός, σπόδιον; category inherited from bundle source"
L638,σποδός,σποδος,,,,mineral,"split from workbook list: πομφόλυξ, σποδός, σπόδιον; category inherited from bundle source"
L639,σπόδιον,σποδιον,,,,mineral,"split from workbook list: πομφόλυξ, σποδός, σπόδιον; category inherited from bundle source"
L640,σανδαράκη,σανδαρακη,,,,mineral,
L641,σάνδιξ,σανδιξ,,,,mineral,
L642,σκωρία,σκωρια,,,,mineral,
L643,στίμμι,στιμμι,,,,mineral,
L644,στυπτηρία,στυπτηρια,,,,mineral,"split from workbook list: στυπτηρία, σχιστὴ, στρογγύλη, ἀστραγαλωτὴ, ὑγρὰ, πλακῖτίς, πλινθῖτις; category inherited from bundle source"
L645,σχιστὴ,σχιστη,,,,mineral,"split from workbook list: στυπτηρία, σχιστὴ, στρογγύλη, ἀστραγαλωτὴ, ὑγρὰ, πλακῖτίς, πλινθῖτις; category inherited from bundle source"
L646,στρογγύλη,στρογγυλη,,,,mineral,"split from workbook list: στυπτηρία, σχιστὴ, στρογγύλη, ἀστραγαλωτὴ, ὑγρὰ, πλακῖτίς, πλινθῖτις; category inherited from bundle source"
L647,ἀστραγαλωτὴ,αστραγαλωτη,,,,mineral,"split from workbook list: στυπτηρία, σχιστὴ, στρογγύλη, ἀστραγαλωτὴ, ὑγρὰ, πλακῖτίς, πλινθῖτις; category inherited from bundle source"
L648,ὑγρὰ,υγρα,,,,mineral,"split from workbook list: στυπτηρία, σχιστὴ, στρογγύλη, ἀστραγαλωτὴ, ὑγρὰ, πλακῖτίς, πλινθῖτις; category inherited from bundle source"
L649,πλακῖτίς,πλακιτις,,,,mineral,"split from workbook list: στυπτηρία, σχιστὴ, στρογγύλη, ἀστραγαλωτὴ, ὑγρὰ, πλακῖτίς, πλινθῖτις; category inherited from bundle source"
L650,πλινθῖτις,πλινθιτις,,,,mineral,"split from workbook list: στυπτηρία, σχιστὴ, στρογγύλη, ἀστραγαλωτὴ, ὑγρὰ, πλακῖτίς, πλινθῖτις; category inherited from bundle source"
L651,τίτανος,τιτανος,,,,mineral,"split from workbook list: τίτανος, ἡ ἄσβεστος, ἡ σβεσθεῖσα; category inherited from bundle source"
L652,ἡ ἄσβεστος,η ασβεστος,,,,mineral,"split from workbook list: τίτανος, ἡ ἄσβεστος, ἡ σβεσθεῖσα; category inherited from bundle source"
L653,ἡ σβεσθεῖσα,η σβεσθεισα,,,,mineral,"split from workbook list: τίτανος, ἡ ἄσβεστος, ἡ σβεσθεῖσα; category inherited from bundle source"
L654,ὑδράργυρος,υδραργυρος,,,,mineral,
L655,χάλκανθος,χαλκανθος,,,,mineral,
L656,χαλκῖτις,χαλκιτις,,,,mineral,
L657,χαλκὸς κεκαυμένος,χαλκος κεκαυμενος,,,,mineral,
L658,χαλκοῦ ἄνθος,χαλκου ανθος,,,,mineral,
L659,χρυσοκόλλα,χρυσοκολλα,,,,mineral,
L660,ψιμμύθιον,ψιμμυθιον,,,,mineral,
L661,ψωρικόν,ψωρικον,,,,mineral,
L662,αἶμα,αιμα,,,,mineral,
L663,αἷμα ὑείου,αιμα υειου,,L662,subtype,mineral,
L664,αἶμα περιστερᾶς,αιμα περιστερας,,L662,subtype,mineral,
L665,αἶμα νυκτερίδος,αιμα νυκτεριδος,,L662,subtype,mineral,split from workbook list: αἶμα νυκτερίδος τε καὶ λαγωοῦ καὶ ἀλεκτορίδων καὶ αἰγῶν καὶ ἀρνῶν καὶ ἐρίφων ἄρκτων τε καὶ ταύρων καὶ τράγων; category inherited from bundle source
L666,λαγωοῦ,λαγωου,,,,mineral,split from workbook list: αἶμα νυκτερίδος τε καὶ λαγωοῦ καὶ ἀλεκτορίδων καὶ αἰγῶν καὶ ἀρνῶν καὶ ἐρίφων ἄρκτων τε καὶ ταύρων καὶ τράγων; category inherited from bundle source
L667,ἀλεκτορίδων,αλεκτοριδων,,,,mineral,split from workbook list: αἶμα νυκτερίδος τε καὶ λαγωοῦ καὶ ἀλεκτορίδων καὶ αἰγῶν καὶ ἀρνῶν καὶ ἐρίφων ἄρκτων τε καὶ ταύρων καὶ τράγων; category inherited from bundle source
L668,αἰγῶν,αιγων,,,,mineral,split from workbook list: αἶμα νυκτερίδος τε καὶ λαγωοῦ καὶ ἀλεκτορίδων καὶ αἰγῶν καὶ ἀρνῶν καὶ ἐρίφων ἄρκτων τε καὶ ταύρων καὶ τράγων; category inherited from bundle source
L669,ἀρνῶν,αρνων,,,,mineral,split from workbook list: αἶμα νυκτερίδος τε καὶ λαγωοῦ καὶ ἀλεκτορίδων καὶ αἰγῶν καὶ ἀρνῶν καὶ ἐρίφων ἄρκτων τε καὶ ταύρων καὶ τράγων; category inherited from bundle source
L670,ἐρίφων ἄρκτων,εριφων αρκτων,,,,mineral,split from workbook list: αἶμα νυκτερίδος τε καὶ λαγωοῦ καὶ ἀλεκτορίδων καὶ αἰγῶν καὶ ἀρνῶν καὶ ἐρίφων ἄρκτων τε καὶ ταύρων καὶ τράγων; category inherited from bundle source
L671,ταύρων,ταυρων,,,,mineral,split from workbook list: αἶμα νυκτερίδος τε καὶ λαγωοῦ καὶ ἀλεκτορίδων καὶ αἰγῶν καὶ ἀρνῶν καὶ ἐρίφων ἄρκτων τε καὶ ταύρων καὶ τράγων; category inherited from bundle source
L672,τράγων,τραγων,,,,mineral,split from workbook list: αἶμα νυκτερίδος τε καὶ λαγωοῦ καὶ ἀλεκτορίδων καὶ αἰγῶν καὶ ἀρνῶν καὶ ἐρίφων ἄρκτων τε καὶ ταύρων καὶ τράγων; category inherited from bundle source
L673,αἶμα τῶν χλωρῶν βατράχων,αιμα των χλωρων βατραχων,,L662,subtype,mineral,split from workbook list: αἶμα τῶν χλωρῶν βατράχων; βρέξαντα; category inherited from bundle source
L674,αἶμα κροκοδείλου,αιμα κροκοδειλου,,L662,subtype,mineral,
L675,γάλα,γαλα,,,,mineral,split from workbook list: γάλα; ἐκ τῶν Ῥούφου καὶ Γαληνοῦ; category inherited from bundle source
L676,ὀρρός,ορρος,,,,mineral,
L677,τυρός,τυρος,,,,mineral,"split from workbook list: τυρός, φάρμακον τὸ διὰ τοῦ παλαιοῦ τυροῦ πρὸς πώρους; category inherited from bundle source"
L678,βούτυρος,βουτυρος,,,,mineral,
L679,πιτύα,πιτυα,,,,mineral,
L680,πιτύα τῆς φώκης,πιτυα της φωκης,,L679,subtype,mineral,
L681,χολή,χολη,,,,mineral,
L682,ἱδρώς,ιδρως,,,,mineral,
L683,οὖρον,ουρον,,,,mineral,
L684,σίαλον,σιαλον,,,,mineral,split from workbook list: σίαλον; σίελον; πτύελον; category inherited from bundle source
L685,σίελον,σιελον,,,,mineral,split from workbook list: σίαλον; σίελον; πτύελον; category inherited from bundle source
L686,πτύελον,πτυελον,,,,mineral,split from workbook list: σίαλον; σίελον; πτύελον; category inherited from bundle source
L687,λίθος ἐν κύστει,λιθος εν κυστει,,,,mineral,split from workbook list: λίθος ἐν κύστει; λίθος ἐν νεφοῖς; πύον;; category inherited from bundle source
L688,λίθος ἐν νεφοῖς,λιθος εν νεφοις,,,,mineral,split from workbook list: λίθος ἐν κύστει; λίθος ἐν νεφοῖς; πύον;; category inherited from bundle source
L689,πύον,πυον,,,,mineral,split from workbook list: λίθος ἐν κύστει; λίθος ἐν νεφοῖς; πύον;; category inherited from bundle source
L690,κόπρος,κοπρος,,,,mineral,split from workbook list: κόπρος; κόπρον; category inherited from bundle source
L691,κόπρον,κοπρον,,,,mineral,split from workbook list: κόπρος; κόπρον; category inherited from bundle source
L692,κόπρος κυνός,κοπρος κυνος,,L690,subtype,mineral,split from workbook list: κόπρος κυνός; κόπρος κυνεία; category inherited from bundle source
L693,κόπρος κυνεία,κοπρος κυνεια,,L690,subtype,mineral,split from workbook list: κόπρος κυνός; κόπρος κυνεία; category inherited from bundle source
L694,κόπρος ἀνθρωπεία,κοπρος ανθρωπεια,,L690,subtype,mineral,
L695,κόπρος λυκεία,κοπρος λυκεια,,L690,subtype,mineral,
L696,κόπρος αἰγεία,κοπρος αιγεια,,L690,subtype,mineral,
L697,κόπρος βοεία,κοπρος βοεια,,L690,subtype,mineral,
L698,κόπρος προβατεία,κοπρος προβατεια,,L690,subtype,mineral,
L699,κόπρος περιστερᾶς,κοπρος περιστερας,,L690,subtype,mineral,
L700,κόπρος ἀλεκτορίδος,κοπρος αλεκτοριδος,,L690,subtype,mineral,
L701,κόπρος χηνῶν,κοπρος χηνων,,L690,subtype,mineral,split from workbook list: κόπρος χηνῶν; κόπρος πελαγρῶν; category inherited from bundle source
L702,κόπρος πελαγρῶν,κοπρος πελαγρων,,L690,subtype,mineral,split from workbook list: κόπρος χηνῶν; κόπρος πελαγρῶν; category inherited from bundle source
L703,κόπρος μυῶν,κοπρος μυων,,L690,subtype,mineral,
L704,κόπρος τῶν χερσαίων κροκοδείλων,κοπρος των χερσαιων κροκοδειλων,,L690,subtype,mineral,
L705,ῥύπος τῶν ἀνθρώπων,ρυπος των ανθρωπων,,L476,subtype,mineral,
L706,σάρξ ἐχίδνης,σαρξ εχιδνης,,L1079,subtype,animal,
L707,πιμελή,πιμελη,,,,animal,split from workbook list: πιμελή; στέαρ; category inherited from bundle source
L708,στέαρ,στεαρ,,,,animal,split from workbook list: πιμελή; στέαρ; category inherited from bundle source
L709,μυελός,μυελος,,,,animal,
L710,κεφαλὴ μαινίδων,κεφαλη μαινιδων,,L1117,subtype,animal,
L711,κεφαλὴ λαχωῶν,κεφαλη λαχωων,,L1117,subtype,animal,
L712,κεφαλὴ σαύρων,κεφαλη σαυρων,,L1117,subtype,animal,
L713,ἐγκέφαλος λαγωοῦ,εγκεφαλος λαγωου,,L1087,subtype,animal,
L714,κέρας ἐλάφου,κερας ελαφου,,,,animal,split from workbook list: κέρας ἐλάφου; κέρας αἰγῶν; category inherited from bundle source
L715,κέρας αἰγῶν,κερας αιγων,,,,animal,split from workbook list: κέρας ἐλάφου; κέρας αἰγῶν; category inherited from bundle source
L716,πνεύμων ἀρνείου,πνευμων αρνειου,,L1116,subtype,animal,split from workbook list: πνεύμων ἀρνείου; πνεύμων χοιρείου; πνεύμων ἀλώπεκος; category inherited from bundle source
L717,πνεύμων χοιρείου,πνευμων χοιρειου,,L1116,subtype,animal,split from workbook list: πνεύμων ἀρνείου; πνεύμων χοιρείου; πνεύμων ἀλώπεκος; category inherited from bundle source
L718,πνεύμων ἀλώπεκος,πνευμων αλωπεκος,,L1116,subtype,animal,split from workbook list: πνεύμων ἀρνείου; πνεύμων χοιρείου; πνεύμων ἀλώπεκος; category inherited from bundle source
L719,ἧπαρ κυνὸς λυττῶντος,ηπαρ κυνος λυττωντος,,,,animal,
L720,ἧπαρ αἰγός,ηπαρ αιγος,,,,animal,split from workbook list: ἧπαρ αἰγός; ἧπαρ τράγου; category inherited from bundle source
L721,ἧπαρ τράγου,ηπαρ τραγου,,,,animal,split from workbook list: ἧπαρ αἰγός; ἧπαρ τράγου; category inherited from bundle source
L722,ἧπαρ σαύρας,ηπαρ σαυρας,,,,animal,
L723,κοιλία αἰθυίας,κοιλια αιθυιας,,L1127,subtype,animal,
L724,ἧπαρ λύκου,ηπαρ λυκου,,,,animal,
L725,ὄρχεις κάστορος,ορχεις καστορος,,L1085,subtype,animal,split from workbook list: ὄρχεις κάστορος; καστόριον; category inherited from bundle source
L726,καστόριον,καστοριον,,,,animal,split from workbook list: ὄρχεις κάστορος; καστόριον; category inherited from bundle source
L727,νεφροὶ σκίγκων,νεφροι σκιγκων,,L1086,subtype,animal,
L728,ὄνυξ αἰγῶν,ονυξ αιγων,,,,animal,split from workbook list: ὄνυξ αἰγῶν; ὄνυξ ὀνείων; category inherited from bundle source
L729,ὄνυξ ὀνείων,ονυξ ονειων,,,,animal,split from workbook list: ὄνυξ αἰγῶν; ὄνυξ ὀνείων; category inherited from bundle source
L730,ὀστέον κεκαυμένον,οστεον κεκαυμενον,,,,animal,split from workbook list: ὀστέον κεκαυμένον; ὀστᾶ κεκαυμένα; category inherited from bundle source
L731,ὀστᾶ κεκαυμένα,οστα κεκαυμενα,,,,animal,split from workbook list: ὀστέον κεκαυμένον; ὀστᾶ κεκαυμένα; category inherited from bundle source
L732,γῆρας ὄφεως,γηρας οφεως,,,,animal,
L733,δέρμα προβάτου,δερμα προβατου,,,,animal,
L734,λειχήν ἵππου,λειχην ιππου,,L343,subtype,animal,split from workbook list: λειχήν ἵππου; λειχῆνας ἵππων; category inherited from bundle source
L735,λειχῆνας ἵππων,λειχηνας ιππων,,,,animal,split from workbook list: λειχήν ἵππου; λειχῆνας ἵππων; category inherited from bundle source
L736,ὕφασμα ἀράχνης,υφασμα αραχνης,,,,animal,
L737,δέρματα παλαιά,δερματα παλαια,,L1125,subtype,animal,
L738,ὄστρεια,οστρεια,,,,animal,split from workbook list: ὄστρεια; ὀστρακόδερμα; category inherited from bundle source
L739,ὀστρακόδερμα,οστρακοδερμα,,,,animal,split from workbook list: ὄστρεια; ὀστρακόδερμα; category inherited from bundle source
L740,ὄστρακον κήρυκου,οστρακον κηρυκου,,L636,subtype,animal,split from workbook list: ὄστρακον κήρυκου; ὄστρακον πορφύρης; category inherited from bundle source
L741,ὄστρακον πορφύρης,οστρακον πορφυρης,,L636,subtype,animal,split from workbook list: ὄστρακον κήρυκου; ὄστρακον πορφύρης; category inherited from bundle source
L742,ὄστρακον ὀστρέων,οστρακον οστρεων,,L636,subtype,animal,
L743,ὄστρακον σηπίας,οστρακον σηπιας,,L636,subtype,animal,
L744,πῶμα πορφύρῆς,πωμα πορφυρης,,,,animal,
L745,ἔριον οἰσυπηρά,εριον οισυπηρα,,L1122,subtype,animal,
L746,θρίξ κεκαυμένη,θριξ κεκαυμενη,,,,animal,split from workbook list: θρίξ κεκαυμένη; τρίχες κεκαυμέναιν; category inherited from bundle source
L747,ᾠά,ῳα,,,,animal,
L748,ἐχῖνος κεκαυμένος,εχινος κεκαυμενος,,L244,subtype,animal,
L749,κόχλιας κεκαυμένος,κοχλιας κεκαυμενος,,,,animal,
L750,καρκίνος κεκαύμενος,καρκινος κεκαυμενος,,,,animal,
L751,χελιδών κεκαυμένη,χελιδων κεκαυμενη,,L1154,subtype,animal,
L752,τέττιξ,τεττιξ,,,,animal,
L753,κόρυδος,κορυδος,,,,animal,
L754,ἀλεκτορίς,αλεκτορις,,,,animal,
L755,γαλέη,γαλεη,,,,animal,
L756,βάτραχος κεκαυμένος,βατραχος κεκαυμενος,,L1129,subtype,animal,
L757,ἱππόκαμπος,ιπποκαμπος,,,,animal,
L758,τελλίνη ταριχηρά,τελλινη ταριχηρα,,,,animal,
L759,κόρις,κορις,,,,animal,
L760,κανθαρίς,κανθαρις,,,,animal,
L761,βούπρηστις,βουπρηστις,,,,animal,
L762,πιτυοκάμπη,πιτυοκαμπη,,,,animal,
L763,σαλαμάνδρα,σαλαμανδρα,,,,animal,
L764,νάρκη,ναρκη,,,,animal,split from workbook list: νάρκα ζῶσα; νάρκη; category inherited from bundle source
L765,δράκων θαλάττιος,δρακων θαλαττιος,,,,animal,split from workbook list: δράκων θαλάττιος; τρίγλη; category inherited from bundle source
L766,τρίγλη,τριγλη,,,,animal,split from workbook list: δράκων θαλάττιος; τρίγλη; category inherited from bundle source
L767,ἀλώπηξ,αλωπηξ,,,,animal,split from workbook list: ἀλώπηξ; ὕαινα; category inherited from bundle source
L768,ὕαινα,υαινα,,,,animal,split from workbook list: ἀλώπηξ; ὕαινα; category inherited from bundle source
L769,γεννώμενα τὰ ἐν θαλάττῃ καὶ ἁλμυροῖς,γεννωμενα τα εν θαλαττῃ και αλμυροις,,,,animal,
L770,ἀδάρκη,αδαρκη,,,,substance,
L771,ἀλκυών,αλκυων,,,,substance,
L772,ἅλες θαλάττιοι,αλες θαλαττιοι,,L611,subtype,substance,
L773,ἅλς κεκαυμένος,αλς κεκαυμενος,,,,substance,
L774,ἁλὸς ἄνθος,αλος ανθος,,,,substance,split from workbook list: ἁλὸς ἄνθος; ἁλόσανθον; category inherited from bundle source
L775,ἁλόσανθον,αλοσανθον,,,,substance,split from workbook list: ἁλὸς ἄνθος; ἁλόσανθον; category inherited from bundle source
L776,ἁλὸς ἄχνη,αλος αχνη,,,,substance,
L777,ἄσφαλτος,ασφαλτος,,,,substance,
L778,ἄσφαλτος γεννωμένη ἐν τῇ νεκρᾷ θαλάσσῃ,ασφαλτος γεννωμενη εν τῃ νεκρᾳ θαλασσῃ,,L777,substance,animal,
L779,σπόγγος,σπογγος,,,,substance,
L780,γάρος,γαρος,,,,substance,
L781,ἅλμη,αλμη,,,,substance,
L782,κριθαί,κριθαι,,,,plant,
L783,ἄλφιτα,αλφιτα,,,,plant,
L784,ἀλφίτων μάζα,αλφιτων μαζα,,,,plant,
L785,φακοί,φακοι,,,,plant,
L786,φάσηλοι καὶ ὦχροι,φασηλοι και ωχροι,,,,plant,
L787,λάθυροι,λαθυροι,,,,plant,
L788,δόλιχοι,δολιχοι,,,,plant,
L789,ἄρακος,αρακος,,,,plant,
L790,λινόσπερμον,λινοσπερμον,,,,plant,
L791,κολοκύνθη,κολοκυνθη,,,,plant,
L792,πέπων,πεπων,,,,plant,
L793,σικὺς ἥμερος,σικυς ημερος,,,,plant,
L794,σταφυλή,σταφυλη,,,,plant,
L795,μορέα,μορεα,,,,plant,
L796,μηλέα περσική,μηλεα περσικη,,L377,subtype,plant,
L797,μηλέα ἀρμενιακή,μηλεα αρμενιακη,,L377,subtype,plant,
L798,ῥόα πᾶσα,ροα πασα,,L474,subtype,plant,
L799,ἐλαία,ελαια,,,,plant,
L800,συκόμορος,συκομορος,,,,plant,
L801,κάππαρις,καππαρις,,,,plant,
L802,θρίδαξ,θριδαξ,,,,plant,
L803,μαλάχη,μαλαχη,,,,plant,
L804,κιννάρα,κινναρα,,,,plant,
L805,γογγυλίς,γογγυλις,,,,plant,
L806,μύκητες,μυκητες,,,,plant,
L807,ῥαφανίς,ραφανις,,,,plant,
L808,πράσα,πρασα,,,,plant,
L809,ὀξύγαλα,οξυγαλα,,,,animal,"split from workbook list: γάλα, ὀξύγαλα; category inherited from bundle source"
L810,μέλι,μελι,,,,animal,
L811,ἄγχουσαι,αγχουσαι,,,,plant,
L812,ἄκανθα αἰγυπτία,ακανθα αιγυπτια,,,,plant,
L813,ἀκόνιτον ἢ λυκοκτόνον,ακονιτον η λυκοκτονον,,L030,subtype,plant,
L814,ἀκόνιτον ἢ παρδαλιαγχές,ακονιτον η παρδαλιαγχες,,L030,subtype,plant,
L815,ἀργεμόνη,αργεμονη,,,,plant,
L816,ἀρίσαρον,αρισαρον,,,,plant,
L817,ἄσπληνον,ασπληνον,,,,plant,
L818,ἀστράγαλος,αστραγαλος,,,,plant,
L819,ἀστὴρ ἀττικός,αστηρ αττικος,,,,plant,
L820,ἀφάκη,αφακη,,,,plant,
L821,βάλσαμον,βαλσαμον,,,,plant,
L822,Βηχίον,βηχιον,,,,plant,
L823,βλίτον,βλιτον,,,,plant,
L824,βολβός ἥμερος,βολβος ημερος,,L845,subtype,plant,
L825,δάφνη,δαφνη,,,,plant,
L826,ἑλενίου ἡ ῥίζα,ελενιου η ριζα,,,,plant,
L827,Ἐπιμηλίς,επιμηλις,,,,plant,
L828,Ἐφήμερον,εφημερον,,,,plant,
L829,θέρμος ἥμερος,θερμος ημερος,,L257,subtype,plant,
L830,ἰδαία,ιδαια,,,,plant,
L831,κίστος ἢ κίσθαρος,κιστος η κισθαρος,,L296,subtype,plant,
L832,κυνὸς ὄρχις,κυνος ορχις,,,,plant,"split from workbook list: ὄρχις, κυνὸς ὄρχις; category inherited from bundle source"
L833,σεραπίαδα,σεραπιαδα,,,,plant,"split from workbook list: ὄρχις, σεραπίαδα; category inherited from bundle source"
L834,πάνακες ἀσκλήπειον,πανακες ασκληπειον,,,,plant,
L835,πόλιον πικρὸν,πολιον πικρον,,L454,subtype,plant,
L836,Σμύρνα βοϊκὴ,σμυρνα βοικη,,L506,subtype,plant,
L837,αἱ διαφοραὶ τῶν κατὰ μέρος ἐνεργειῶν,αι διαφοραι των κατα μερος ενεργειων,,,,substance,
L838,ἀβρότονον κεκαυμένον,αβροτονον κεκαυμενον,,L001,subtype,plant,
L839,ἀκαλήφη,ακαληφη,,,,plant,split from workbook list: ἀκαλήφη; κνίδη; category inherited from bundle source
L840,κνίδη,κνιδη,,,,plant,split from workbook list: ἀκαλήφη; κνίδη; category inherited from bundle source
L841,ἁλμυρίς,αλμυρις,,,,plant,split from workbook list: ἅλιμον; ἁλμυρίς; category inherited from bundle source
L842,βάλανος μυρεψική,βαλανος μυρεψικη,,L113,subtype,plant,
L843,βάλανος δρυίνη,βαλανος δρυινη,,L113,subtype,plant,
L844,βαλσάμου τὸ ξύλον καὶ ὀπὸς καὶ καρπός,βαλσαμου το ξυλον και οπος και καρπος,,,,plant,
L845,βολβός,βολβος,,,,plant,
L846,βούνιον οἱ δὲ ἄρκτιον,βουνιον οι δε αρκτιον,,L129,subtype,plant,
L847,βετονίκης τῆς πόας,βετονικης της ποας,,,,plant,
L848,ὕπνον,υπνον,,,,plant,split from workbook list: βρύον; ὕπνον; σπλάγχνον; category inherited from bundle source
L849,γουβώνιον,γουβωνιον,,,,plant,split from workbook list: γουβώνιον; ἀστήρ ἀττικός; category inherited from bundle source
L850,ἀστήρ ἀττικός,αστηρ αττικος,,,,plant,split from workbook list: γουβώνιον; ἀστήρ ἀττικός; category inherited from bundle source
L851,γλοιὸς ἀπὸ βαλανείου,γλοιος απο βαλανειου,,L145,subtype,plant,
L852,παιωνία,παιωνια,,,,plant,split from workbook list: γλυκυσίδης; παιωνία; category inherited from bundle source
L853,δόλιχοι,δολιχοι,,,,plant,split from workbook list: δόλιχοι; λόβια; category inherited from bundle source
L854,λόβια,λοβια,,,,plant,split from workbook list: δόλιχοι; λόβια; category inherited from bundle source
L855,αἰθάλη,αιθαλη,,,,plant,
L856,ἔλαιον κίκινον,ελαιον κικινον,,L169,subtype,plant,
L857,ἔλ. λινοσπέρμινον,ελ. λινοσπερμινον,,,,plant,
L858,ἔλ. ῥαφάνινον,ελ. ραφανινον,,,,plant,
L859,ἔλ. αἰγείρινον,ελ. αιγειρινον,,,,plant,
L860,ἔλ. ἀμυγδάλινον,ελ. αμυγδαλινον,,,,plant,
L861,ἔλ. καρύινον,ελ. καρυινον,,,,plant,
L862,ἔλ. μυροβαλάνινον,ελ. μυροβαλανινον,,,,plant,
L863,ἔλ. δάφνινον,ελ. δαφνινον,,,,plant,
L864,ἔλ. σησάμινον,ελ. σησαμινον,,,,plant,
L865,ἔλ. σχίνινον,ελ. σχινινον,,,,plant,
L866,ἔλ. οἰνάνθινον,ελ. οινανθινον,,,,plant,
L867,ἔλ. μήλινον,ελ. μηλινον,,,,plant,
L868,ἔλ. ῥόδινον,ελ. ροδινον,,,,plant,
L869,ἔλ. χαμαιμήλινον,ελ. χαμαιμηλινον,,,,plant,
L870,ἔλ. ἀνήθινον,ελ. ανηθινον,,,,plant,
L871,ἔλ. κρίνινον,ελ. κρινινον,,,,plant,
L872,ἔλ. τήλινον,ελ. τηλινον,,,,plant,
L873,ἔλ. ναρκίσσινον,ελ. ναρκισσινον,,,,plant,
L874,ἔλ. ἰάτον,ελ. ιατον,,,,plant,
L875,ἔλ. ἰασμέλαιον,ελ. ιασμελαιον,,,,plant,
L876,ἔλ. μυρσίνινον,ελ. μυρσινινον,,,,plant,
L877,ἔλ. μαστίχινον,ελ. μαστιχινον,,,,plant,
L878,ἔλ. στυράκινον,ελ. στυρακινον,,,,plant,
L879,ἔλ. σικυώνιον,ελ. σικυωνιον,,,,plant,
L880,ἔλ. μετώπιον,ελ. μετωπιον,,,,plant,
L881,ἔλ. μενδήσιον,ελ. μενδησιον,,,,plant,
L882,ἔλ. μεγάλινον,ελ. μεγαλινον,,,,plant,
L883,ἔλ. ἀμαράκινον,ελ. αμαρακινον,,,,plant,
L884,ἔλ. κύπρινον,ελ. κυπρινον,,,,plant,
L885,ἔλ. ἴρινον,ελ. ιρινον,,,,plant,
L886,ἔλ. νάρδου κυζικηνοῦ,ελ. ναρδου κυζικηνου,,,,plant,
L887,ἐλ. σαλκᾶ σκευασία,ελ. σαλκα σκευασια,,,,plant,
L888,φυλίνου,φυλινου,,,,plant,"split from workbook list: φυλίνου, μαλαβαθρίνου καλλίστη σκευασία; category inherited from bundle source"
L889,μαλαβαθρίνου καλλίστη σκευασία,μαλαβαθρινου καλλιστη σκευασια,,,,plant,"split from workbook list: φυλίνου, μαλαβαθρίνου καλλίστη σκευασία; category inherited from bundle source"
L890,μύρα,μυρα,,,,plant,"split from workbook list: μύρα, τίσιν ἁρμόδια τὰ εὐώδη; category inherited from bundle source"
L891,τίσιν ἁρμόδια τὰ εὐώδη,τισιν αρμοδια τα ευωδη,,,,plant,"split from workbook list: μύρα, τίσιν ἁρμόδια τὰ εὐώδη; category inherited from bundle source"
L892,ἔλ. Καπνιστὸν,ελ. καπνιστον,,,,plant,
L893,συγχρίσματα,συγχρισματα,,,,plant,
L894,ἐπίπετρον,επιπετρον,,,,plant,split from workbook list: ἔμπετρον; ἐπίπετρον; category inherited from bundle source
L895,εὔζωμον,ευζωμον,,,,plant,
L896,μίνθη εὐώδη,μινθη ευωδη,,,,plant,split from workbook list: ἡδύοσμος; μίνθη εὐώδη; category inherited from bundle source
L897,πελεκῖνος,πελεκινος,,,,plant,split from workbook list: ἡδύσαρον; πελεκῖνος; category inherited from bundle source
L898,θύμβρα,θυμβρα,,,,plant,
L899,ἴντυβοι,ιντυβοι,,,,plant,
L900,ἰσάτις ἀγρία,ισατις αγρια,,,,plant,
L901,καπνός,καπνος,,,,plant,split from workbook list: κάπνιος ; καπνός; category inherited from bundle source
L902,κασσία,κασσια,,,,plant,
L903,καρύα τὸ δένδρον,καρυα το δενδρον,,L281,subtype,plant,
L904,κάρυα ποντικὰ,καρυα ποντικα,,L281,subtype,plant,split from workbook list: κάρυα ποντικὰ; λεπτοκάρυα; category inherited from bundle source
L905,λεπτοκάρυα,λεπτοκαρυα,,,,plant,split from workbook list: κάρυα ποντικὰ; λεπτοκάρυα; category inherited from bundle source
L906,καστάνια,καστανια,,,,plant,
L907,κεδρέλαιον,κεδρελαιον,,,,plant,
L908,κεδρίδες,κεδριδες,,,,plant,
L909,κιβώριον,κιβωριον,,,,plant,
L910,κιννάρα,κινναρα,,,,plant,
L911,κίκεως ὁ καρπός,κικεως ο καρπος,,,,plant,
L912,κίσθαρος,κισθαρος,,,,plant,split from workbook list: κισθὸς; κίσθαρος; category inherited from bundle source
L913,ὑποκυστίς,υποκυστις,,,,plant,
L914,κισθός,κισθος,,,,plant,split from workbook list: κισθός; λήδων; category inherited from bundle source
L915,λήδων,ληδων,,,,plant,split from workbook list: κισθός; λήδων; category inherited from bundle source
L916,κνῆκος,κνηκος,,,,plant,
L917,κοκκυμηλέας ὁ καρπός,κοκκυμηλεας ο καρπος,,,,plant,
L918,προῦνον,προυνον,,,,plant,
L919,κολοκάσιον,κολοκασιον,,,,plant,split from workbook list: κολοκάσιον; μανζιζάνιον; category inherited from bundle source
L920,μανζιζάνιον,μανζιζανιον,,,,plant,split from workbook list: κολοκάσιον; μανζιζάνιον; category inherited from bundle source
L921,κόνυζα διττή,κονυζα διττη,,L311,subtype,plant,split from workbook list: κόνυζα διττή; κόνυζα ἡ μείζων; κόνυζα ἡ μικροτέρα; category inherited from bundle source
L922,κόνυζα ἡ μείζων,κονυζα η μειζων,,L311,subtype,plant,split from workbook list: κόνυζα διττή; κόνυζα ἡ μείζων; κόνυζα ἡ μικροτέρα; category inherited from bundle source
L923,κόνυζα ἡ μικροτέρα,κονυζα η μικροτερα,,L311,subtype,plant,split from workbook list: κόνυζα διττή; κόνυζα ἡ μείζων; κόνυζα ἡ μικροτέρα; category inherited from bundle source
L924,κόριον,κοριον,,,,plant,split from workbook list: κορίανον; κόριον; category inherited from bundle source
L925,κορωνοπόδιον,κορωνοποδιον,,,,plant,
L926,μάζα ἀλφίτων,μαζα αλφιτων,,,,plant,
L927,κρίμνος,κριμνος,,,,plant,split from workbook list: κρίμνος; πόλτος; category inherited from bundle source
L928,πόλτος,πολτος,,,,plant,split from workbook list: κρίμνος; πόλτος; category inherited from bundle source
L929,κρόμυον,κρομυον,,,,plant,
L930,φάβα,φαβα,,,,plant,split from workbook list: κύαμος; φάβα; category inherited from bundle source
L931,κυτίσου τὰ φύλλα,κυτισου τα φυλλα,,,,plant,
L932,κώνου καρπός,κωνου καρπος,,,,plant,split from workbook list: κώνου καρπός; κόκκαλος; στρόβιλον; category inherited from bundle source
L933,κόκκαλος,κοκκαλος,,,,plant,split from workbook list: κώνου καρπός; κόκκαλος; στρόβιλον; category inherited from bundle source
L934,στρόβιλον,στροβιλον,,,,plant,split from workbook list: κώνου καρπός; κόκκαλος; στρόβιλον; category inherited from bundle source
L935,καγκάνος,καγκανος,,,,plant,
L936,δαῦκον ἄγριον,δαυκον αγριον,,,,plant,split from workbook list: καυκαλίς; δαῦκον ἄγριον; category inherited from bundle source
L937,λάθυροι,λαθυροι,,,,plant,
L938,κυνόγλωσσον,κυνογλωσσον,,,,plant,split from workbook list: λειμώνιον; κυνόγλωσσον; category inherited from bundle source
L939,λεοντοπόδιον,λεοντοποδιον,,,,plant,split from workbook list: λεοντοπόδιον; λεοντοπέταλον; category inherited from bundle source
L940,λιβάνου αἰθάλη,λιβανου αιθαλη,,,,plant,
L941,λιβανωτίδες,λιβανωτιδες,,,,plant,
L942,λιγνὺς ἅπασα,λιγνυς απασα,,L352,subtype,plant,
L943,μήκων πᾶσα,μηκων πασα,,L374,subtype,plant,
L944,παραλία,παραλια,,,,plant,split from workbook list: μήκων κερατῖτις; παραλία; category inherited from bundle source
L945,κιτρέα,κιτρεα,,,,plant,split from workbook list: μηλέα μηδική; κιτρέα; category inherited from bundle source
L946,μῆλα,μηλα,,,,plant,
L947,μυρσίνη,μυρσινη,,,,plant,split from workbook list: μυρρίνη; μυρσίνη; category inherited from bundle source
L948,βήσασα,βησασα,,,,plant,split from workbook list: μῶλυ; βήσασα; category inherited from bundle source
L949,φασγάνιον,φασγανιον,,,,plant,split from workbook list: ξάνθιον; φασγάνιον; φιλάνθρωπον; χοιραδόλεθρον; category inherited from bundle source
L950,φιλάνθρωπον,φιλανθρωπον,,,,plant,split from workbook list: ξάνθιον; φασγάνιον; φιλάνθρωπον; χοιραδόλεθρον; category inherited from bundle source
L951,χοιραδόλεθρον,χοιραδολεθρον,,,,plant,split from workbook list: ξάνθιον; φασγάνιον; φιλάνθρωπον; χοιραδόλεθρον; category inherited from bundle source
L952,ξιφίου ἡ ῥίζα,ξιφιου η ριζα,,,,plant,
L953,ὀξύσχοινος,οξυσχοινος,,,,plant,split from workbook list: σχοῖνος <ἑ>λεία; ὀξύσχοινος; ὁλόσχοινος; category inherited from bundle source
L954,ὀπός Κυρηναικός,οπος κυρηναικος,,L418,subtype,plant,split from workbook list: ὀπός; ὀπός Κυρηναικός; ὀπός Μηδικός; ὀπός Συριακός; λάσαρ; category inherited from bundle source
L955,ὀπός Μηδικός,οπος μηδικος,,L418,subtype,plant,split from workbook list: ὀπός; ὀπός Κυρηναικός; ὀπός Μηδικός; ὀπός Συριακός; λάσαρ; category inherited from bundle source
L956,ὀπός Συριακός,οπος συριακος,,L418,subtype,plant,split from workbook list: ὀπός; ὀπός Κυρηναικός; ὀπός Μηδικός; ὀπός Συριακός; λάσαρ; category inherited from bundle source
L957,λάσαρ,λασαρ,,,,plant,split from workbook list: ὀπός; ὀπός Κυρηναικός; ὀπός Μηδικός; ὀπός Συριακός; λάσαρ; category inherited from bundle source
L958,ὀρίγανον,οριγανον,,,,plant,
L959,οἱ δὲ κυνὸς ὄρχις,οι δε κυνος ορχις,,,,plant,split from workbook list: ὄρχις; οἱ δὲ κυνὸς ὄρχις; category inherited from bundle source
L960,οὖβα,ουβα,,,,plant,split from workbook list: οὖβα; μέσπιλα; category inherited from bundle source
L961,μέσπιλα,μεσπιλα,,,,plant,split from workbook list: οὖβα; μέσπιλα; category inherited from bundle source
L962,κορήματα,κορηματα,,,,plant,split from workbook list: ὀσιριάς; κορήματα; category inherited from bundle source
L963,πάνακες Ἡράκλειον,πανακες ηρακλειον,,,,plant,split from workbook list: πάνακες Ἡράκλειον; ὀποπάναξ; category inherited from bundle source
L964,ὀποπάναξ,οποπαναξ,,,,plant,split from workbook list: πάνακες Ἡράκλειον; ὀποπάναξ; category inherited from bundle source
L965,πέπων,πεπων,,,,plant,
L966,περιστερεὼν ὀρθός,περιστερεων ορθος,,L438,subtype,plant,
L967,περδικίου,περδικιου,,,,plant,
L968,παιωνίας,παιωνιας,,,,plant,
L969,πιτυίδες,πιτυιδες,,,,plant,split from workbook list: πιτυίδες; πιτύων ὁ καρπός; category inherited from bundle source
L970,πιτύων ὁ καρπός,πιτυων ο καρπος,,,,plant,split from workbook list: πιτυίδες; πιτύων ὁ καρπός; category inherited from bundle source
L971,πίτυος φλοιός,πιτυος φλοιος,,,,plant,
L972,φιλεταίρον,φιλεταιρον,,,,plant,split from workbook list: πολεμώνιον; φιλεταίρον; χιλιοδύναμον; category inherited from bundle source
L973,χιλιοδύναμον,χιλιοδυναμον,,,,plant,split from workbook list: πολεμώνιον; φιλεταίρον; χιλιοδύναμον; category inherited from bundle source
L974,πράσα,πρασα,,,,plant,
L975,πυροί,πυροι,,,,plant,
L976,ῥᾶ ποντικόν,ρα ποντικον,,,,plant,split from workbook list: ῥᾶ ποντικόν; ῥῆον ποντικόν; category inherited from bundle source
L977,ῥῆον ποντικόν,ρηον ποντικον,,L469,subtype,plant,split from workbook list: ῥᾶ ποντικόν; ῥῆον ποντικόν; category inherited from bundle source
L978,ῥητίνη,ρητινη,,,,plant,split from workbook list: ῥητίνη; ῥητῖναι πᾶσαι; μαστίχη; σχινίνη; τερεβινθίνη; πιτυίνη ἡ ξηρά; πιτύινον φύσημα; category inherited from bundle source
L979,ῥητῖναι πᾶσαι,ρητιναι πασαι,,,,plant,split from workbook list: ῥητίνη; ῥητῖναι πᾶσαι; μαστίχη; σχινίνη; τερεβινθίνη; πιτυίνη ἡ ξηρά; πιτύινον φύσημα; category inherited from bundle source
L980,σχινίνη,σχινινη,,,,plant,split from workbook list: ῥητίνη; ῥητῖναι πᾶσαι; μαστίχη; σχινίνη; τερεβινθίνη; πιτυίνη ἡ ξηρά; πιτύινον φύσημα; category inherited from bundle source
L981,τερεβινθίνη,τερεβινθινη,,,,plant,split from workbook list: ῥητίνη; ῥητῖναι πᾶσαι; μαστίχη; σχινίνη; τερεβινθίνη; πιτυίνη ἡ ξηρά; πιτύινον φύσημα; category inherited from bundle source
L982,πιτυίνη ἡ ξηρά,πιτυινη η ξηρα,,,,plant,split from workbook list: ῥητίνη; ῥητῖναι πᾶσαι; μαστίχη; σχινίνη; τερεβινθίνη; πιτυίνη ἡ ξηρά; πιτύινον φύσημα; category inherited from bundle source
L983,πιτύινον φύσημα,πιτυινον φυσημα,,,,plant,split from workbook list: ῥητίνη; ῥητῖναι πᾶσαι; μαστίχη; σχινίνη; τερεβινθίνη; πιτυίνη ἡ ξηρά; πιτύινον φύσημα; category inherited from bundle source
L984,ῥητίνην,ρητινην,,,,plant,"split from workbook list: ῥητίνην, ὅπως δεῖ καίειν; category inherited from bundle source"
L985,ὅπως δεῖ καίειν,οπως δει καιειν,,,,plant,"split from workbook list: ῥητίνην, ὅπως δεῖ καίειν; category inherited from bundle source"
L986,ῥόδα,ροδα,,,,plant,
L987,ῥόα πᾶσα,ροα πασα,,L474,subtype,plant,
L988,κιχόριον,κιχοριον,,,,plant,split from workbook list: σέρις; κιχόριον; category inherited from bundle source
L989,σίνων,σινων,,,,plant,
L990,ἱπποσέλινον,ιπποσελινον,,,,plant,split from workbook list: σμύρνιον; ἱπποσέλινον; category inherited from bundle source
L991,σπάρτον,σπαρτον,,,,plant,
L992,στακτή,στακτη,,,,plant,
L993,σταφυλῖνος ὁ ἥμερος,σταφυλινος ο ημερος,,L155,subtype,plant,split from workbook list: σταφυλῖνος; σταφυλῖνος ὁ ἥμερος; σταφυλῖνος ὁ ἄγριος δαῦκον; category inherited from bundle source
L994,σταφυλῖνος ὁ ἄγριος δαῦκον,σταφυλινος ο αγριος δαυκον,,L155,subtype,plant,split from workbook list: σταφυλῖνος; σταφυλῖνος ὁ ἥμερος; σταφυλῖνος ὁ ἄγριος δαῦκον; category inherited from bundle source
L995,σταφυλή,σταφυλη,,,,plant,
L996,σχοῖνος <ἑ>λεία,σχοινος <ε>λεια,,,,plant,split from workbook list: σχοῖνος <ἑ>λεία; ὀξύσχοινος; ὁλόσχοινος; category inherited from bundle source
L997,ὁλόσχοινος,ολοσχοινος,,,,plant,split from workbook list: σχοῖνος <ἑ>λεία; ὀξύσχοινος; ὁλόσχοινος; category inherited from bundle source
L998,τιθύμαλλοι πάντες,τιθυμαλλοι παντες,,,,plant,
L999,ἀσφάλτιον,ασφαλτιον,,,,plant,split from workbook list: τρίφυλλον; ἀσφάλτιον; category inherited from bundle source
L1000,στρύχνον,στρυχνον,,,,plant,split from workbook list: τρύχνος; στρύχνον; category inherited from bundle source
L1001,φακοί,φακοι,,,,plant,
L1002,φάσηλοι καὶ ὦχροι,φασηλοι και ωχροι,,,,plant,
L1003,χονδρίλλη,χονδριλλη,,,,plant,
L1004,διαφοραὶ τῆς γῆς,διαφοραι της γης,,L1062,subtype,mineral,
L1005,γῆν,γην,,,,mineral,"split from workbook list: γῆν, ὅπως δεῖ πλύνειν πᾶσαν; category inherited from bundle source"
L1006,ὅπως δεῖ πλύνειν πᾶσαν,οπως δει πλυνειν πασαν,,,,mineral,"split from workbook list: γῆν, ὅπως δεῖ πλύνειν πᾶσαν; category inherited from bundle source"
L1007,αἱ θεραπεῖαι διὰ τῆς γεωργουμένης,αι θεραπειαι δια της γεωργουμενης,,,,mineral,"split from workbook list: γῆς, αἱ θεραπεῖαι διὰ τῆς γεωργουμένης; category inherited from bundle source"
L1008,Λημνία σφραγίς,λημνια σφραγις,,,,mineral,
L1009,μίλτος,μιλτος,,,,mineral,
L1010,γῆ σαμία,γη σαμια,,,,mineral,
L1011,σελινουσία γῆ καὶ χία,σελινουσια γη και χια,,,,mineral,
L1012,κιμωλία γῆ ἢ ἐρετριάς,κιμωλια γη η ερετριας,,,,mineral,
L1013,γῆ ἀμπελίτις ἢ φαρμακίτις,γη αμπελιτις η φαρμακιτις,,,,mineral,
L1014,γῆ κρητικὴ ἢ κρητάριον,γη κρητικη η κρηταριον,,,,mineral,
L1015,γῆ κεκαυμένη,γη κεκαυμενη,,,,mineral,
L1016,βῶλος Ἀρμένια,βωλος αρμενια,,,,mineral,
L1017,λίθος σχιστὸς γαλακτίτης μελιτίτης,λιθος σχιστος γαλακτιτης μελιτιτης,,,,mineral,
L1018,κοινὴ διδασκαλία περὶ πάντων τῶν λίθων,κοινη διδασκαλια περι παντων των λιθων,,,,mineral,
L1019,λευκογραφὶς ἢ μόροξος,λευκογραφις η μοροξος,,,,mineral,
L1020,ἴασπις λίθος,ιασπις λιθος,,,,mineral,
L1021,τηκόλιθος ἢ συριακὸς λίθος,τηκολιθος η συριακος λιθος,,,,mineral,
L1022,πυρίτης,πυριτης,,,,mineral,
L1023,λίθος ἄσσιος,λιθος ασσιος,,,,mineral,
L1024,γαγάτης,γαγατης,,,,mineral,
L1025,μαγνῆτις λίθος,μαγνητις λιθος,,,,mineral,
L1026,σμύρις κίσσηρις ὄστρακα κλιβάνου καὶ τὰ ἄλλα,σμυρις κισσηρις οστρακα κλιβανου και τα αλλα,,,,mineral,
L1027,ναξίας ἀκόνης τὸ ἀπότριμμα,ναξιας ακονης το αποτριμμα,,,,mineral,
L1028,ὀφίτης λίθος,οφιτης λιθος,,,,mineral,
L1029,ὕαλος,υαλος,,,,mineral,
L1030,λίθος ἀετίτης,λιθος αετιτης,,,,mineral,
L1031,ἀλαβανδικὸς ἢ ἀλαβάνδινον,αλαβανδικος η αλαβανδινον,,,,mineral,
L1032,γαγάτης ἄλλος,γαγατης αλλος,,L1024,subtype,mineral,
L1033,ἤλεκτρον ἢ σούκινον ἢ λιγγούριον,ηλεκτρον η σουκινον η λιγγουριον,,,,mineral,
L1034,ἴασπις ὁ ὑπόχλωρος,ιασπις ο υποχλωρος,,,,mineral,
L1035,ἰασπαχάτης,ιασπαχατης,,,,mineral,
L1036,σάπφειρος λίθος,σαπφειρος λιθος,,,,mineral,
L1037,σμάραγδος λίθος,σμαραγδος λιθος,,,,mineral,
L1038,μεταλλικὰ καὶ τὰ ἐξ ὕδατος γεννωμένα,μεταλλικα και τα εξ υδατος γεννωμενα,,,,mineral,
L1039,ἀλκυόνια,αλκυονια,,,,mineral,
L1040,ἅλες κεκαυμένοι,αλες κεκαυμενοι,,L611,subtype,mineral,
L1041,ἀρμενιακὸν τὸ τῶν ζωγράφων,αρμενιακον το των ζωγραφων,,L612,subtype,mineral,
L1042,ἀρσενικόν,αρσενικον,,,,mineral,
L1043,ἄσφαλτον,ασφαλτον,,,,mineral,
L1044,ἀφρόνιτρον καὶ νίτρου ἀφρός,αφρονιτρον και νιτρου αφρος,,,,mineral,
L1045,διαφανές,διαφανες,,,,mineral,
L1046,ἰὸς ξυστός,ιος ξυστος,,L620,subtype,mineral,
L1047,ἰοῦ σκώληκος σκευασία,ιου σκωληκος σκευασια,,,,mineral,
L1048,καδμία,καδμια,,,,mineral,
L1049,κύανος,κυανος,,,,mineral,
L1050,λεπὶς χαλκοῦ καὶ σιδήρου.,λεπις χαλκου και σιδηρου.,,,,mineral,
L1051,λίτρον,λιτρον,,,,mineral,
L1052,μέλαν ᾧ γράφομεν,μελαν ῳ γραφομεν,,,,mineral,
L1053,μίξυ καὶ σῶρι καὶ χαλκῖτις,μιξυ και σωρι και χαλκιτις,,,,mineral,
L1054,μολίβδαινα,μολιβδαινα,,,,mineral,
L1055,ῥοιδαρίου σκευασία,ροιδαριου σκευασια,,,,mineral,
L1056,σάνδυξ καὶ συρικοῦν,σανδυξ και συρικουν,,,,mineral,
L1057,σκωρία πᾶσα,σκωρια πασα,,L642,subtype,mineral,
L1058,στυπτηρία πᾶσα,στυπτηρια πασα,,L644,subtype,mineral,
L1059,ἡ ἀπὸ τῶν ζῴων ὠφέλεια,η απο των ζῳων ωφελεια,,,,animal,
L1060,ἐκ τῶν Ῥούφου,εκ των ρουφου,,,,animal,split from workbook list: γάλα; ἐκ τῶν Ῥούφου καὶ Γαληνοῦ; category inherited from bundle source
L1061,Γαληνοῦ,γαληνου,,,,animal,split from workbook list: γάλα; ἐκ τῶν Ῥούφου καὶ Γαληνοῦ; category inherited from bundle source
L1062,διαφοραί,διαφοραι,,,,animal,"split from workbook list: γάλα, διαφοραί; category inherited from bundle source"
L1063,διαφοραὶ ἀπὸ τῆς ἕξεως τῶν ζῴων,διαφοραι απο της εξεως των ζῳων,,L1062,subtype,animal,"split from workbook list: γάλα, διαφοραὶ ἀπὸ τῆς ἕξεως τῶν ζῴων; category inherited from bundle source"
L1064,διαφοραὶ ἀπὸ τῶν ὡρῶν τοῦ ἔτους,διαφοραι απο των ωρων του ετους,,L1062,subtype,animal,"split from workbook list: γάλα, διαφοραὶ ἀπὸ τῶν ὡρῶν τοῦ ἔτους; category inherited from bundle source"
L1065,διαφοραὶ ἀπὸ τῆς νομῆς,διαφοραι απο της νομης,,L1062,subtype,animal,"split from workbook list: γάλα, διαφοραὶ ἀπὸ τῆς νομῆς; category inherited from bundle source"
L1066,διαφοραὶ ἡλικίας,διαφοραι ηλικιας,,L1062,subtype,animal,"split from workbook list: γάλα, διαφοραὶ ἡλικίας; category inherited from bundle source"
L1067,τίσι ἁρμόδιον,τισι αρμοδιον,,,,animal,"split from workbook list: γάλα, τίσι ἁρμόδιον; category inherited from bundle source"
L1068,τρόπον,τροπον,,,,animal,"split from workbook list: γάλα, τρόπον καὶ καιρός χρήσεως καὶ μέτρον; category inherited from bundle source"
L1069,καιρός χρήσεως,καιρος χρησεως,,,,animal,"split from workbook list: γάλα, τρόπον καὶ καιρός χρήσεως καὶ μέτρον; category inherited from bundle source"
L1070,μέτρον,μετρον,,,,animal,"split from workbook list: γάλα, τρόπον καὶ καιρός χρήσεως καὶ μέτρον; category inherited from bundle source"
L1071,τίνας βλάπτει,τινας βλαπτει,,,,animal,"split from workbook list: γάλα, τίνας βλάπτει; category inherited from bundle source"
L1072,ὀρροῦ,ορρου,,,,animal,"split from workbook list: γάλα, ὀρροῦ; category inherited from bundle source"
L1073,συνεψομένα χάριν ἡδονῆς,συνεψομενα χαριν ηδονης,,,,animal,"split from workbook list: γάλα, συνεψομένα χάριν ἡδονῆς; category inherited from bundle source"
L1074,πρωτόγαλα,πρωτογαλα,,,,animal,"split from workbook list: γάλα, πρωτόγαλα; category inherited from bundle source"
L1075,πακτά,πακτα,,,,animal,
L1076,φάρμακον τὸ διὰ τοῦ παλαιοῦ τυροῦ πρὸς πώρους,φαρμακον το δια του παλαιου τυρου προς πωρους,,,,animal,"split from workbook list: τυρός, φάρμακον τὸ διὰ τοῦ παλαιοῦ τυροῦ πρὸς πώρους; category inherited from bundle source"
L1077,ἐνέργεια τοῦ νέου ἔξωθεν προσαγομένου,ενεργεια του νεου εξωθεν προσαγομενου,,,,animal,"split from workbook list: τυρός, ἐνέργεια τοῦ νέου ἔξωθεν προσαγομένου; category inherited from bundle source"
L1078,ῥύπος προβάτων ἐξ οὗ τὸ ὕσσωπον,ρυπος προβατων εξ ου το υσσωπον,,L476,subtype,animal,
L1079,σάρξ,σαρξ,,,,animal,
L1080,ἄκρα,ακρα,,,,animal,"split from workbook list: ἄκρα, τὰ ἐν τοῖς πεζοῖς ζῴοις; category inherited from bundle source"
L1081,τὰ ἐν τοῖς πεζοῖς ζῴοις,τα εν τοις πεζοις ζῳοις,,,,animal,"split from workbook list: ἄκρα, τὰ ἐν τοῖς πεζοῖς ζῴοις; category inherited from bundle source"
L1082,γλῶτται,γλωτται,,,,animal,"split from workbook list: γλῶτται, αἱ ἐν τοῖς πεζοῖς ζῴοις; category inherited from bundle source"
L1083,αἱ ἐν τοῖς πεζοῖς ζῴοις,αι εν τοις πεζοις ζῳοις,,,,animal,"split from workbook list: γλῶτται, αἱ ἐν τοῖς πεζοῖς ζῴοις; category inherited from bundle source"
L1084,ἀδήν,αδην,,,,animal,
L1085,ὄρχεις,ορχεις,,,,animal,
L1086,νεφροί,νεφροι,,,,animal,
L1087,ἐγκέφαλος,εγκεφαλος,,,,animal,
L1088,σπλάγχνα,σπλαγχνα,,,,animal,
L1089,κολία,κολια,,,,animal,split from workbook list: κολία; ἔντερα; μήτρα; category inherited from bundle source
L1090,ἔντερα,εντερα,,,,animal,split from workbook list: κολία; ἔντερα; μήτρα; category inherited from bundle source
L1091,μήτρα,μητρα,,,,animal,split from workbook list: κολία; ἔντερα; μήτρα; category inherited from bundle source
L1092,σάρξ τῶν ἀγρίων ζῴων,σαρξ των αγριων ζῳων,,L1079,subtype,animal,
L1093,τροφὴ ἀπὸ τῶν πτηνῶν,τροφη απο των πτηνων,,,,animal,
L1094,σάρξ τῶν χηνῶν καὶ στρουθοκαμήλων,σαρξ των χηνων και στρουθοκαμηλων,,L1079,subtype,animal,
L1095,σάρξ γεράνων,σαρξ γερανων,,L1079,subtype,animal,
L1096,πτηνὰ ζωὰ,πτηνα ζωα,,,,animal,"split from workbook list: πτηνὰ ζωὰ, διαφορὰ κατὰ τὰ μόρια; category inherited from bundle source"
L1097,διαφορὰ κατὰ τὰ μόρια,διαφορα κατα τα μορια,,,,animal,"split from workbook list: πτηνὰ ζωὰ, διαφορὰ κατὰ τὰ μόρια; category inherited from bundle source"
L1098,ὠά,ωα,,,,animal,
L1099,ὠὰ,ωα,,,,animal,"split from workbook list: ὠὰ, ὅσα ὡς φάρμακον ἐνεργεῖται; category inherited from bundle source"
L1100,ὅσα ὡς φάρμακον ἐνεργεῖται,οσα ως φαρμακον ενεργειται,,,,animal,"split from workbook list: ὠὰ, ὅσα ὡς φάρμακον ἐνεργεῖται; category inherited from bundle source"
L1101,ἐνύδρων,ενυδρων,,,,animal,"split from workbook list: ἐνύδρων, τροφὴ ἀπὸ τῶν ζῴων; category inherited from bundle source"
L1102,τροφὴ ἀπὸ τῶν ζῴων,τροφη απο των ζῳων,,,,animal,"split from workbook list: ἐνύδρων, τροφὴ ἀπὸ τῶν ζῴων; category inherited from bundle source"
L1103,κέφαλος,κεφαλος,,,,animal,
L1104,λάβραξ,λαβραξ,,,,animal,
L1105,ἰχθύς,ιχθυς,,,,animal,"split from workbook list: ἰχθύς, πετραῖος; category inherited from bundle source"
L1106,πετραῖος,πετραιος,,,,animal,"split from workbook list: ἰχθύς, πετραῖος; category inherited from bundle source"
L1107,κωβιός,κωβιος,,,,animal,
L1108,μαλακόσαρκα,μαλακοσαρκα,,,,animal,
L1109,σκληρόσαρκα,σκληροσαρκα,,,,animal,
L1110,μαλακόστρακα,μαλακοστρακα,,,,animal,
L1111,μαλάκια,μαλακια,,,,animal,
L1112,σελάχια,σελαχια,,,,animal,
L1113,ἐχῖνοι θαλάσσιοι,εχινοι θαλασσιοι,,,,animal,
L1114,ταριχευόμενα ζῴων πεζῶν,ταριχευομενα ζῳων πεζων,,,,animal,"split from workbook list: ταριχευόμενα ζῴων πεζῶν, πτηνῶν, ἐνύδρων; category inherited from bundle source"
L1115,πτηνῶν,πτηνων,,,,animal,"split from workbook list: ταριχευόμενα ζῴων πεζῶν, πτηνῶν, ἐνύδρων; category inherited from bundle source"
L1116,πνεύμων,πνευμων,,,,animal,
L1117,κεφαλή,κεφαλη,,,,animal,
L1118,κέρας αἰγός,κερας αιγος,,,,animal,split from workbook list: κέρας ἐλάφου; κέρας αἰγός; category inherited from bundle source
L1119,ὄνυξ αἰγός,ονυξ αιγος,,,,animal,split from workbook list: ὄνυξ αἰγός; ὄνυξ ὄνειος; category inherited from bundle source
L1120,ὄνυξ ὄνειος,ονυξ ονειος,,,,animal,split from workbook list: ὄνυξ αἰγός; ὄνυξ ὄνειος; category inherited from bundle source
L1121,λειχῆνες ἵππων,λειχηνες ιππων,,,,animal,split from workbook list: λειχήν ἵππου; λειχῆνες ἵππων; category inherited from bundle source
L1122,ἔριον,εριον,,,,animal,
L1123,τρίχες κεκαυμέναιν,τριχες κεκαυμεναιν,,,,animal,split from workbook list: θρίξ κεκαυμένη; τρίχες κεκαυμέναιν; category inherited from bundle source
L1124,ὀστέα κεκαυμένα,οστεα κεκαυμενα,,,,animal,split from workbook list: ὀστέον κεκαυμένον; ὀστέα κεκαυμένα; category inherited from bundle source
L1125,δέρματα,δερματα,,,,animal,
L1126,αἰθυίης,αιθυιης,,,,animal,"split from workbook list: αἰθυίης, κοιλία; category inherited from bundle source"
L1127,κοιλία,κοιλια,,,,animal,"split from workbook list: αἰθυίης, κοιλία; category inherited from bundle source"
L1128,ἀράχνη,αραχνη,,,,animal,
L1129,βάτραχος,βατραχος,,,,animal,
L1130,ἔντερα γῆς,εντερα γης,,L1090,subtype,animal,
L1131,ἔχιδνα,εχιδνα,,,,animal,
L1132,ἐχῖνος θαλάττιος,εχινος θαλαττιος,,L244,subtype,animal,
L1133,ἐχῖνος χερσαῖος,εχινος χερσαιος,,L244,subtype,animal,
L1134,ἱππόκαμποι θαλάττιοι,ιπποκαμποι θαλαττιοι,,,,animal,
L1135,κανθαρίς,κανθαρις,,,,animal,
L1136,καρκῖνοι ποτάμιοι,καρκινοι ποταμιοι,,,,animal,
L1137,κάραβος,καραβος,,,,animal,
L1138,κάστορος ὄρχις,καστορος ορχις,,,,animal,
L1139,κυνὸς ποταμίου ὄρχις,κυνος ποταμιου ορχις,,,,animal,
L1140,κυνὸς χερσαίου σκύλαξ,κυνος χερσαιου σκυλαξ,,,,animal,
L1141,κύκνου νεοττός,κυκνου νεοττος,,,,animal,
L1142,κηρύκων ὄστρακα κεκαυμένα,κηρυκων οστρακα κεκαυμενα,,,,animal,
L1143,κορυδαλλὸς τὸ πτηνὸν ζῷον,κορυδαλλος το πτηνον ζῳον,,,,animal,
L1144,κοχλίος χερσαῖος,κοχλιος χερσαιος,,,,animal,
L1145,μαινὶς ταριχηρά,μαινις ταριχηρα,,,,animal,
L1146,νάρκα ζῶσα,ναρκα ζωσα,,,,animal,split from workbook list: νάρκα ζῶσα; νάρκη; category inherited from bundle source
L1147,ὀνίσκος θαλάττιος,ονισκος θαλαττιος,,,,animal,
L1148,ὀστρέων ὄστρακα,οστρεων οστρακα,,,,animal,
L1149,πορφυρῶν ὄστρακα,πορφυρων οστρακα,,,,animal,
L1150,ῥίνη θαλαττία,ρινη θαλαττια,,,,animal,
L1151,σηπία,σηπια,,,,animal,
L1152,σκίγκος,σκιγκος,,,,animal,
L1153,τελλίναι,τελλιναι,,,,animal,
L1154,χελιδών,χελιδων,,,,animal,
