row_idx,author,book,chapter,lemma_gr,lemma_en,edition_pages,chapter_gr,section_gr,var_par_prod_gr,entry_gr,var_par_prod_en,entry_en,book_no_gr,chapter_no_gr,cat,lemma_derived,derived_from
0,paul,7,3,ἀβρότονον,,2.186-187,,Ἀβρότονον,,Ἀβρότονον θερμαίνει καὶ ξηραίνει κατὰ τὴν τρίτην ἀπόστασιν διαφορητικῆς τε καὶ τμητικῆς ὑπάρχον δυνάμεως· ἐλαχίστης γὰρ μετέχει τῆς στρυφνότητος. καὶ ἀνατριβόμενον σὺν ἐλαίῳ δι' ὅλου τοῦ σώματος τὰ κατὰ περίοδον ῥίγη ὑγιάζει· ἔστι δὲ κακοστόμαχον. τὸ δὲ κεκαυμένον μᾶλλον τοῦ ἀκαύστου ξηραῖνον ἀλωπεκίας ἰᾶται σύν τινι τῶν λεπτομερῶν ἐλαίων.,,,,,,,
1,paul,7,3,ἀγάλοχον,,2.187,,Ἀγάλοχον,,"Ἀγάλοχον ξύλον ἐστὶν Ἰνδικὸν παραπλήσιον θύᾳ εὐῶδες, ὃ διαμασώμενον πρὸς εὐωδίαν στόματος ποιεῖ· ἔστι δὲ καὶ θυμίαμα. ἡ δὲ ῥίζα αὐτοῦ ὅσον 𐅻 α ὁλκὴ πινομένη πλάδον ἰᾶται στομάχου καὶ ἔκλυσιν· καὶ ἡπατικοῖς δὲ καὶ δυσεντερικοῖς ἁρμόζει καὶ πλευριτικοῖς.",,,,,,,
2,paul,7,3,ἀγαρικόν,,2.187,,Ἀγαρικὸν,,"Ἀγαρικὸν ῥίζα ἐστὶν ἐπίφυσις πρέμνου χαύνη τὴν σύστασιν σύνθετος ἐξ ἀερώδους τε καὶ γεώδους οὐσίας διαφορητική τε τὴν δύναμιν καὶ πάχους τμητικὴ καὶ καθαρτική, μάλιστα τῶν ἐν τοῖς σπλάγχνοις ἐμφράξεων.",,,,,,,
3,paul,7,3,ἀγήρατον,,2.187,,Ἀγήρατον,,Ἀγήρατον δυνάμεώς ἐστι διαφορητικῆς τε καὶ ἀτρέμα πως ἀφλεγμάντου.,,,,,,,
4,paul,7,3,ἄγνος:λύγος,,2.187,,Ἄγνος ἢ λύγος,,"Ἄγνος ἢ λύγος θερμαίνει καὶ ξηραίνει κατὰ τὴν τρίτην τάξιν· ἔστι δὲ καὶ λεπτομερὴς καὶ ἄφυσος, ὅθεν καὶ πρὸς ἁγνείαν πεπίστευται δρᾶν, οὐ μόνον ἐσθιόμενος καὶ πινόμενος, ἀλλὰ καὶ ὑποστρωννύμενος. ποιεῖ δὲ τὸ σπέρμα αὐτοῦ καὶ πρὸς ἔμφραξιν ἥπατος καὶ σπληνὸς πινόμενον. φρυττόμενος δὲ ἧττόν ἐστι φυσώδης καὶ εὐανάδοτος.",,,,,,,
5,paul,7,3,ἄγρωστις,,2.187,,Ἄγρωστις,,"Ἄγρωστις (ἡ τοῦ Παρνασοῦ μάλιστα χρήσιμός ἐστι) ξηραντική τε καὶ μετρίως ψυκτικὴ καὶ λεπτομερὴς καὶ ὑπόστρυφνός ἐστι· δι' ὃ τραύματά τε κολλᾷ τὰ ἔναιμα, καὶ λίθους τὸ ἀφέψημα αὐτῆς θρύπτει.",,,,,,,
6,paul,7,3,ἄγχουσαι,,2.187,,Ἄγχουσαι,,"Ἄγχουσαι τέσσαρες οὐ τῆς αὐτῆς ἅπασαι δυνάμεως· ἡ μὲν γὰρ ὀνόκλεια προσαγορευομένη στύφουσάν τε καὶ ὑπόπικρον ἔχει τὴν ῥίζαν, ὅθεν σπληνικούς τε καὶ νεφριτικοὺς ὠφελεῖ, καταπλασσομένη δὲ σὺν ἀλφίτοις ἐρυσιπέλασιν ἁρμόζει· τὰ δὲ φύλλα τῆς ῥίζης ἧττον ψύχει τε καὶ ξηραίνει, δι' ὃ καὶ πρὸς διάρροιαν πίνεται. ἡ δὲ λύκαψος στυπτικωτέρα πως ὑπάρχουσα ὁμοίως ἐρυσιπέλασιν ἁρμόττει. ἡ δὲ ὀνόχειλός τε καὶ Ἀλκιβιάδειος φαρμακωδεστέρα τούτων οὖσα ἐχεοδήκτους ὠφελεῖ καταπλασσομένη τε καὶ περιαπτομένη καὶ ἐσθιομένη. ἡ δὲ τετάρτη μικροτέρα τῶν ἄλλων οὖσα σχεδὸν ἀνώνυμός ἐστι, πικροτέρα δὲ τῆς Ἀλκιβιαδείου τυγχάνουσα πρὸς τὰς πλατείας ἕλμινθας ἁρμόζει πλῆθος ὀξυβάφου πινομένη.",,,,,,,
7,paul,7,3,ἀδάρκη,,2.188,,Ἀδάρκη,,"Ἀδάρκη οἷον ἀφρός τίς ἐστιν ὕδατος ἁλμυροῦ περιπεπηγὼς φορυτῷ τε καὶ καλάμοις, δριμυτάτη δέ ἐστι καὶ θερμαντικὴ ἐγγὺς τοῦ καίειν ἔξωθεν προστιθεμένη σὺν ἄλλοις· εἴσω γὰρ τοῦ σώματος οὐχ οἷόν τε λαβεῖν αὐτήν.",,,,,,,
8,paul,7,3,ἀδίαντον,,2.188,,Ἀδίαντον,,"Ἀδίαντον ξηραίνει, λεπτύνει, διαφορεῖ μετρίως, κατὰ δὲ τὸ θερμὸν καὶ ψυχρὸν μεταξύ πώς ἐστιν· ἀλωπεκίας γοῦν ἰᾶται καὶ ὄγκους διαφορεῖ καὶ λίθους θρύπτει πινόμενον καὶ τὰς ἐκ πνεύμονος ἀναφορὰς ξηραίνει· ῥεῦμα κοιλίας ἵστησιν.",,,,,,,
9,paul,7,3,ἀείζῳον,,2.188,,Ἀείζῳον,,"Ἀείζῳον διττόν, ψύχει μὲν ἐκ τῆς τρίτης ἀποστάσεως, ξηραίνει δὲ καὶ στύφει μετρίως· ταύτῃ ἄρα καὶ πρὸς ἐρυσιπέλατά τε καὶ ἕρπητας καὶ τὰς ἐκ ῥεύματος ἁρμόζει φλεγμονάς.",,,,,,,
10,paul,7,3,ἀετώνυχον,,2.188,,Ἀετώνυχον,,Ἀετώνυχον ἐν τῷ περὶ λιθοσπέρμου λεχθήσεται.,,,,,,,
11,paul,7,3,ἀθήρα,,2.188,,Ἀθήρα,,Ἀθήρα πολτάριόν ἐστι ῥοφηματῶδες ἐκ τῆς ἀληλεσμένης ζειᾶς ἢ ἀπὸ σίτου σκευαζόμενον παιδίοις ἁρμόζον· ποιεῖ δὲ καὶ εἰς κατάπλασμα.,,,,,,,
12,paul,7,3,αἰγίλωψ,,2.188,,Αἰγίλωψ,,"Αἰγίλωψ διαφορητικὴν ἔχει δύναμιν, ὅθεν τὰς σκληρυνομένας φλεγμονὰς καὶ τοὺς αἰγίλωπας ἰᾶται.",,,,,,,
13,paul,7,3,αἴγειρος,,2.188,,Αἴγειρος,,"Αἴγειρος θερμαίνει μὲν κατὰ τὴν πρώτην τάξιν, ξηραίνει δὲ μετρίως καὶ λεπτομερής ἐστιν· ἧς τὰ μὲν φύλλα μετ' ὄξους καταπλασσόμενα ποδαγρικὰς ὀδύνας παύει, ἡ δὲ ἐξ αὐτῆς ῥητίνη θερμοτέρα τῶν ἀνθῶν οὖσα μίγνυται ἀκόποις τε καὶ μαλάγμασιν· ὁ καρπὸς δὲ μετ' ὄξους πινόμενος ἐπιληπτικοὺς ὠφελεῖ.",,,,,,,
14,paul,7,3,αἰδοῖον ἄρρενος ἐλάφου,,2.188,,Αἰδοῖον ἄρρενος ἐλάφου,,"Αἰδοῖον ἄρρενος ἐλάφου ξηρανθέν τε καὶ λεῖον σὺν οἴνῳ ποθὲν ἐχεοδήκτοις βοηθεῖ, μίγνυται δὲ καὶ συνθέτοις δυνάμεσιν.",,,,,,,
15,paul,7,3,αἰθάλη:λίγνυς,,2.188,,Αἰθάλη καὶ λίγνυς,,Αἰθάλη καὶ λίγνυς κατὰ τὸ λ ῥηθήσεται.,,,,,,,
16,paul,7,3,αἰθιοπίς,,2.188,,Αἰθιοπὶς,,"Αἰθιοπὶς παραπλήσια μὲν ἔχει φλόμῳ τὰ φύλλα, τῆς δὲ ῥίζης αὐτῆς τὸ ἀφέψημα πινόμενον ἰσχιαδικοῖς βοηθεῖ πλευριτικοῖς τε καὶ αἱμοπτυϊκοῖς ἀρτηρίας τε τραχύτητι μετὰ μέλιτος.",,,,,,,
17,paul,7,3,αἷμα,,2.188-189,,Αἷμα,,"Αἷμα ψυχρὸν οὐδέν ἐστιν, ἀλλὰ τὸ μὲν τῶν ὑῶν ὑγρόν τέ ἐστι καὶ ἧττον θερμόν, ἀνθρωπείῳ μάλιστα τὴν κρᾶσιν ἐοικός, τὸ δὲ τῶν περιστερῶν καὶ φάττης καὶ τρυγόνος εὔκρατόν πως ὑπάρχον τὰ ἐν τοῖς ὀφθαλμοῖς ὑποσφάγματα ἰᾶται θερμὸν ἐνσταζόμενον καὶ τῇ παχείᾳ μήνιγγι ἐγχεόμενον ἐπὶ τῶν ἀνατρηθέντων ἀφλέγμαντόν ἐστιν· τὸ δὲ τῆς γλαυκὸς σὺν οἴνῳ πινόμενον ἢ ὕδατι δύσπνοιαν ὀνίνησι. τὸ δὲ τῶν νυκτερίδων τιτθούς τε διαφυλάττει παρθένων, καὶ ἄτριχον εἶναί φασι καταχριόμενον, ὡσαύτως δὲ καὶ τὸ τῶν βατράχων καὶ τὸ τοῦ χαμαιλέοντος καὶ τὸ τῶν κροτώνων τῶν κυνῶν· ὁ δὲ Γαληνὸς πειράσας ἐψεῦσθαι ταῦτά φησι. τὸ δὲ τῶν αἰγῶν διὰ ξηρότητα τοὺς ὑδεριῶντας ὠφελεῖ μετὰ μέλιτος πινόμενον καὶ τοὺς ἐν νεφροῖς λίθους θρύπτει. τὸ δὲ τῶν κατοικιδίων ὀρνίθων αἱμορραγίας μηνίγγων ἐπέχει. τὸ δὲ τῶν ἀρνῶν ἐπιληπτικοὺς ὠφελεῖ, τὸ δὲ τῶν ἐρίφων νεοπαγὲς ἔτι ὅσον ἡμικοτύλιον σὺν ἴσῳ ὄξει πινόμενον τοὺς ἀπὸ θώρακος αἷμα ἀνάγοντας ἰᾶται. τὸ δὲ τῶν ἄρκτων καὶ τῶν ἀγρίων αἰγῶν καὶ τράγων καὶ ταύρων ἀποστήματα πεπαίνειν φασίν. τὸ δὲ τοῦ χερσαίου κροκοδείλου ποιητικὸν ὀξυδορκίας ἐστίν. τὸ δὲ τῶν ὀχευτῶν ἵππων σηπταῖς μίγνυται δυνάμεσιν. ἡ δὲ δι' αἱμάτων ἀντίδοτος πρὸς τὰ θανάσιμα φάρμακα διδομένη καὶ νήττης αἷμα καὶ ἐρίφου καὶ χηνὸς δέχεται.",,,,,,,
18,paul,7,3,αἶρα,,2.189,,Αἶρα,,Αἶρα θερμαίνει καὶ ξηραίνει πλησίον τῆς τρίτης ἀποστάσεως ἴριδι τὴν δύναμιν ἴση τυγχάνουσα.,,,,,,,
19,paul,7,3,ἀκαλλίς,,2.189,,Ἀκαλλὶς,,"Ἀκαλλὶς θάμνου καρπός ἐστιν ἐν Αἰγύπτῳ γεννωμένου, οὗ τὸ ἀπόβρεγμα τοῖς πρὸς ὀξυδορκίαν κολλουρίοις μίγνυται.",,,,,,,
20,paul,7,3,ἀκακία,,2.189,,Ἀκακία,,"Ἀκακία τρίτης μέν ἐστι τῶν ξηραινόντων τάξεως, πρώτης δὲ τῶν ψυχόντων, εἰ δὲ πλυθείη, δευτέρας· ἔστι δὲ καὶ στρυφνὴ καὶ γεώδης.",,,,,,,
21,paul,7,3,ἀκαλήφης,,2.189,,Ἀκαλήφης,,"Ἀκαλήφης ὅ τε καρπὸς καὶ τὰ φύλλα λεπτομερῆ τέ ἐστι καὶ ξηραίνουσιν ἀδήκτως ὄγκους τε διαφοροῦσι καὶ ῥύπτουσιν ὑπάγουσί τε γαστέρα, φυσώδη δὲ μετρίως εἰσίν· δι' ὃ καὶ πρὸς συνουσίαν παρορμᾷ.",,,,,,,
22,paul,7,3,ἄκανθος:μελάμφυλλος:παιδέρωτα,,2.189,,"Ἄκανθος, οἱ δὲ μελάμφυλλον, οἱ δὲ παιδέρωτα",,"Ἄκανθος, οἱ δὲ μελάμφυλλον, οἱ δὲ παιδέρωτα, διαφορητικῆς ἐστι καὶ ξηραντικῆς δυνάμεως.",,,,,,,alias_review
23,paul,7,3,ἀκάνθιον,,2.189,,Ἀκάνθιον,,Ἀκάνθιον λεπτομεροῦς καὶ θερμῆς ὂν δυνάμεως σπωμένοις βοηθεῖ.,,,,,,,
24,paul,7,3,ἄκανθα λευκή,,2.190,,Ἄκανθα λευκὴ,,"Ἄκανθα λευκὴ τὴν μὲν ῥίζαν ξηραντικήν τε καὶ μετρίως στύφουσαν ἔχει· δι' ὃ καὶ στομαχικοὺς καὶ αἱμοπτυϊκοὺς καὶ ὀδονταλγοῦντας ὠφελεῖ· τὸ δὲ σπέρμα λεπτομεροῦς τε καὶ θερμῆς ἐστι δυνάμεως, ὅθεν καὶ σπασμὸν ἰᾶται.",,,,,,,
25,paul,7,3,ἄκανθα αἰγυπτία:ἄκανθα ἀραβική,,2.190,,"Ἄκανθα Αἰγυπτία, οἱ δὲ Ἀραβική",,"Ἄκανθα Αἰγυπτία, οἱ δὲ Ἀραβική, στυπτικῆς τε καὶ ξηραντικῆς ἄγαν ἐστὶ δυνάμεως· ὅθεν αἵματός τε καὶ τῶν ἄλλων ῥευμάτων ἐστὶν ἐφεκτική.",,,,,,,alias_review
26,paul,7,3,ἄκινος,,2.190,,Ἄκινος,,"Ἄκινος ὠκίμῳ παραπλήσιος οὖσα στύφει μετρίως· ὅθεν ἵστησι κοιλίαν καὶ ἔμμηνα πινομένη, καταπλασσομένη δὲ φύγεθλα καὶ ἐρυσιπέλατα ὠφελεῖ.",,,,,,,
27,paul,7,3,ἀκόνιτον,,2.190,,Ἀκόνιτον,,"Ἀκόνιτον τὸ μὲν παρδαλιαγχὲς σηπτικῆς καὶ δηλητηρίου δυνάμεώς ἐστιν· ὅθεν ἔσωθεν μὲν αὐτὸ μὴ ληπτέον, ἔξωθεν μέντοι ἐπὶ τῶν σαπῆναι δεομένων σαρκῶν χρηστέον αὐτῷ· τὸ δὲ λυκοκτόνον τῆς αὐτῆς ὂν τῷ προτέρῳ δυνάμεως ἰδίως τοὺς λύκους ἀναιρεῖ, ὥσπερ ἐκεῖνο τὰς παρδάλεις.",,,,,,,
28,paul,7,3,ἄκορον,,2.190,,Ἄκορον,,"Ἄκορον θερμαίνει καὶ ξηραίνει κατὰ τὴν τρίτην ἀπόστασιν, χρώμεθα δὲ τῇ ῥίζῃ αὐτοῦ πρός τε τὸ κινῆσαι οὖρα καὶ πρὸς σπληνὸς σκίρρον· λεπτύνει δὲ καὶ τὰ πάχη τοῦ κερατοειδοῦς.",,,,,,,
29,paul,7,3,ἀκρίδες,,2.190,,Ἀκρίδες,,"Ἀκρίδες ὑποθυμιώμεναι δυσουρίας, μάλιστα γυναικῶν, ὠφελοῦσιν. ἡ δὲ ἄπτερος ἀκρὶς σκορπιοπλήκτοις βοηθεῖ πινομένη σὺν οἴνῳ.",,,,,,,
30,paul,7,3,ἀκτῆ,,2.190,,Ἀκτῆ,,"Ἀκτῆ ἥ τε μεγάλη καὶ ἡ χαμαιάκτη ξηραντικῆς ἐστι δυνάμεως καὶ μετρίως διαφορητικῆς καὶ κολλητικῆς, πινόμεναι δὲ ἢ ἐσθιόμεναι ὕδωρ ἄγουσι διὰ γαστρός.",,,,,,,
31,paul,7,3,ἅλες,,2.190,,Ἅλες,,"Ἅλες ξηραντικῆς ἱκανῶς καὶ στυπτικῆς εἰσι δυνάμεως· ὅθεν, ὅσον μὲν ὑγρόν ἐστιν ἐν τοῖς σώμασι, τοῦτο πᾶν ἐκβόσκονται, τὸ δὲ ὑπόλοιπον συνάγουσι τῇ στύψει· δι' ὃ καὶ ταριχεύουσι καὶ ἄσηπτα φυλάττουσιν. οἱ δὲ κεκαυμένοι διαφοροῦσι μᾶλλον.",,,,,,,
32,paul,7,3,ἀλθαία:ἐβίσκος,,2.190,,Ἀλθαία ἢ ἐβίσκος,,"Ἀλθαία ἢ ἐβίσκος (ἔστι δὲ εἶδος ἀγρίας μαλάχης) διαφορητική, χαλαστική, ἀφλέγμαντος, πραϋντική, πεπτικὴ φυμάτων ἐστίν· ἡ δὲ ῥίζα καὶ τὸ σπέρμα τὰ μὲν ἄλλα ἐπιτεταμένα ἔχει, ἔστι δὲ καὶ ἀλφῶν ῥυπτικά, τὸ δὲ σπέρμα καὶ λίθους θρύπτει.",,,,,,,
33,paul,7,3,ἁλικάκαβον,,2.191,,Ἁλικάκαβον,,Ἁλικάκαβον ἐν τῷ περὶ στρύχνου ῥηθήσεται.,,,,,,,
34,paul,7,3,ἅλιμον,,2.191,,Ἅλιμον,,"Ἅλιμον ἀνομοιομερές ἐστιν ἁλυκόν τε καὶ ὑποστῦφον, τὸ δὲ πλεῖστον αὐτοῦ θερμὸν εὐκράτως μεθ' ὑγρότητος ἀκατεργάστου· γάλακτος γοῦν καὶ σπέρματός ἐστι γεννητικόν.",,,,,,,
35,paul,7,3,ἀλκέα,,2.191,,Ἀλκέα,,"Ἀλκέα (εἶδός ἐστι καὶ αὐτὴ τῆς ἀγρίας μαλάχης) σὺν οἴνῳ πινομένη δυσεντερίας καὶ δήξεις ἰᾶται, καὶ μᾶλλον ἡ ῥίζα αὐτῆς.",,,,,,,
36,paul,7,3,ἀλκυόνια,,2.191,,Ἀλκυόνια,,Ἀλκυόνια ῥύπτει μὲν πάντα καὶ διαφορεῖ δριμεῖαν ἔχοντα ποιότητα· ἀλλὰ τὸ μὲν Μιλήσιον (ἔστι δὲ σκωληκοειδὲς καὶ πορφυροῦν) ἄριστον· δι' ὃ καὶ καυθὲν ἀλωπεκίας ἰᾶται καὶ λειχῆνας καὶ ἀλφοὺς ἀπορρύπτει. τὸ δὲ τὴν ἐπιφάνειαν λείαν ἔχον δριμύτατόν ἐστιν οὐ μόνον ἀπορρύπτον ἀλλὰ καὶ ἐκδέρον. τὸ δὲ παραπλήσιον ἐρίοις οἰσυπηροῖς ἀσθενέστερον ἁπάντων ἐστίν.,,,,,,,
37,paul,7,3,ἅλμη,,2.191,,Ἅλμη,,"Ἅλμη ἡ μὲν ἀμιγὴς ἑτέρας οὐσίας παραπλησίαν ἔχει τοῖς ἁλσὶ δύναμιν πλὴν ἀσθενεστέραν τῇ μίξει τοῦ ὕδατος, ἡ δὲ τῶν ταριχηρῶν ἰχθύων καὶ ἡ τῶν κολυμβάδων ἐλαῶν ῥυπτικωτέρας εἰσὶ δυνάμεως· ἰσχιαδικοῖς οὖν καὶ δυσεντερικοῖς ἐνίεται.",,,,,,,
38,paul,7,3,ἀλόη,,2.191,,Ἀλόη,,"Ἀλόη θερμαίνει μὲν κατὰ τὴν πρώτην ἀπόστασιν, ξηραίνει δὲ κατὰ τὴν τρίτην, ἔστι δὲ καὶ εὐστόμαχος καὶ ῥυπτικὴ καὶ διαφορητικὴ καὶ γαστρὸς ἐκκοπρωτική· πλυθεῖσα δὲ ἧττον μὲν ῥύπτει, εὐστόμαχος δὲ μᾶλλόν ἐστιν ἀφλέγμαντός τε καὶ ἑλκῶν ἀφουλωτική, μάλιστα τῶν καθ' ἕδραν τε καὶ αἰδοῖον.",,,,,,,
39,paul,7,3,ἁλὸς ἄνθος,,2.191,,Ἁλὸς ἄνθος,,Ἁλὸς ἄνθος ὑγρόν ἐστι φάρμακον λεπτομερέστερον τῶν κεκαυμένων ἁλῶν δριμύ τε καὶ διαφορητικὸν ἱκανῶς.,,,,,,,
40,paul,7,3,ἁλὸς ἄχνη,,2.191,,Ἁλὸς ἄχνη,,"Ἁλὸς ἄχνη ἀφρῶδές ἐστιν ἐπάνθημα τῶν ἁλῶν, λεπτομερέστερον μὲν ἐκείνων καὶ διαφορητικώτερον, ἧττον δὲ συνακτικόν.",,,,,,,
41,paul,7,3,ἀλσίνη:μυὸς ὦτα,,2.191,,"Ἀλσίνη, οἱ δὲ μυὸς ὦτα",,"Ἀλσίνη, οἱ δὲ μυὸς ὦτα, τὴν δύναμιν ὁμοίαν ἔχει τῇ ἑλξίνῃ ψύχουσάν τε καὶ ὑγραίνουσαν· δι' ὃ πρὸς τὰς ζεούσας ἁρμόζει φλεγμονάς.",,,,,,,alias_review
42,paul,7,3,ἄλυπον,,2.191,,Ἄλυπον,,Ἄλυπον. καθαίρει τὸ σπέρμα αὐτοῦ κάτω μέλαιναν χολὴν πλῆθος ἴσον ἐπιθύμου λαμβανόμενον μετὰ ἁλῶν καὶ ὄξους· τὰ δὲ ἔντερα ἐλαφρῶς ἑλκοῖ.,,,,,,,
43,paul,7,3,ἄλυσσον,,2.191-192,,Ἄλυσσον,,"Ἄλυσσον ὠνόμασται μὲν ἀπὸ τοῦ τοὺς λυσσοδήκτους ὀνινάναι, ξηραντικῆς δὲ καὶ διαφορητικῆς καὶ ῥυπτικῆς οὖσα δυνάμεως νεφρούς τε ἐκφράττει καὶ ἔφηλιν ῥύπτει.",,,,,,,
44,paul,7,3,ἀλώπηξ,,2.192,,Ἀλώπηξ,,"Ἀλώπηξ τὸ ζῷον ὅλη ἐν ἐλαίῳ ζῶσα ἢ τεθνεῶσα καθηψημένη διαφορητικὸν ἐργάζεται τοὔλαιον τὰ διὰ βάθους ὑγρὰ πρὸς τὴν ἐπιφάνειαν ἕλκον· ὅθεν ἀρθριτικοὺς ἐν αὐτῷ εἰς πύελον ἐμβιβάζοντες ἐπὶ χρόνον συχνὸν ἀρχόμενον μὲν τὸ πάθος ἔπαυσαν, χρονίσαν δὲ ἐμετρίασαν.",,,,,,,
45,paul,7,3,ἀμάρακον,,2.192,,Ἀμάρακον,,"Ἀμάρακον θερμαίνει μὲν κατὰ τὴν τρίτην τάξιν, ξηραίνει δὲ κατὰ τὴν δευτέραν.",,,,,,,
46,paul,7,3,ἀμάραντον,,2.192,,Ἀμάραντον,,Ἀμάραντον λεπτύνει καὶ τέμνει· ἔμμηνα γοῦν ἄγει σὺν οἴνῳ ποθὲν καὶ θρόμβους αἵματος διαλύει σὺν οἰνομέλιτι πάντων τε ῥευμάτων ἐστὶ ξηραντικὸν κακοστόμαχον ὑπάρχον.,,,,,,,
47,paul,7,3,ἀμβροσία,,2.192,,Ἀμβροσία,,Ἀμβροσία καταπλαττομένη δύναμιν ἔχει στύφουσάν τε καὶ ἀποκρουστικήν.,,,,,,,
48,paul,7,3,ἄμι,,2.192,,Ἄμι,,Ἄμι τῆς τρίτης τάξεώς ἐστι τῶν θερμαινόντων τε καὶ ξηραινόντων λεπτομερές τε καὶ διαφορητικὸν καὶ διουρητικόν· τὸ δὲ σπέρμα μάλιστα χρήσιμόν ἐστιν.,,,,,,,
49,paul,7,3,ἀμίαντον,,2.192,,Ἀμίαντον,,"Ἀμίαντον ἐν Κύπρῳ γεννᾶται παραπλήσιον στυπτηρίᾳ σχιστῇ, ἐκφλογούμενον μὲν ὑπὸ πυρός, μὴ καιόμενον δέ· χρῶνται δὲ αὐτῷ τινες ἐν τοῖς ξηραντικοῖς ψιλώθροις.",,,,,,,
50,paul,7,3,ἄμμος,,2.192,,Ἄμμος,,"Ἄμμος ἡ ἐν τοῖς αἰγιαλοῖς τῆς θαλάσσης ἱκανῶς ξηραίνει· πυρωθεῖσα γοῦν ὑπὸ ἡλίου ἐξικμάζει τὰ ὑδαρῆ σώματα χωννύμενα ἐν αὐτῇ, φωχθεῖσα δὲ ξηροπυρία γίνεται ἀντὶ κέγχρου καὶ ἁλῶν.",,,,,,,
51,paul,7,3,ἀμμωνιακόν,,2.192,,Ἀμμωνιακὸν,,"Ἀμμωνιακὸν θυμίαμα ὀπός ἐστι μαλακτικῆς δυνάμεως ἐπιτεταμένης, ὥστε σκίρρους τε καὶ πώρους διαλύειν.",,,,,,,
52,paul,7,3,ἀμόργη,,2.192,,Ἀμόργη,,"Ἀμόργη τῆς δευτέρας ἐστὶ τάξεως τῶν θερμαινόντων καὶ ξηραινόντων ἐπιτεταμένης· οὕτω γέ τοι τὰ μὲν ἐν τοῖς ξηροῖς σώμασιν ἕλκη θεραπεύει, τὰ δὲ ἐν τοῖς ἄλλοις συντείνει τε καὶ παροξύνει.",,,,,,,
53,paul,7,3,ἀμπελόπρασον,,2.192-193,,Ἀμπελόπρασον,,"Ἀμπελόπρασον οἷον πράσον ὂν ἄγριον δριμύτατόν ἐστι καὶ θερμότατον κατὰ τὴν ἐσχάτην τάξιν, ὅθεν καὶ ἑλκοῖ, τμητικόν τέ ἐστι καὶ ἐκφρακτικὸν καὶ κακοστόμαχον.",,,,,,,
54,paul,7,3,ἀμπέλου ἀγρίας,,2.193,,Ἀμπέλου ἀγρίας,,"Ἀμπέλου ἀγρίας αἱ βότρυές τε καὶ οἱ ἀκρεμόνες ῥυπτικῆς εἰσι δυνάμεως, ἔχουσι δέ τι καὶ στυπτικόν.",,,,,,,
55,paul,7,3,ἀμπέλου τῆς ἡμέρου,,2.193,,Ἀμπέλου τῆς ἡμέρου,,"Ἀμπέλου τῆς ἡμέρου παραπλησία μὲν ἡ δύναμις τῇ ἀγρίᾳ, ἀσθενεστέρα δέ.",,,,,,,
56,paul,7,3,ἄμπελος λευκή:βρυωνία:ψίλωθρον,,2.193,,"Ἀμπέλου λευκῆς, ἣν δὴ καὶ βρυωνίαν καὶ ψίλωθρον καλοῦσιν",,"Ἀμπέλου λευκῆς, ἣν δὴ καὶ βρυωνίαν καὶ ψίλωθρον καλοῦσιν, οἱ μὲν βλαστοὶ ὡς εὐστόμαχοι ἐσθίονται καὶ οὐρητικοί εἰσιν, ἡ δὲ ῥίζα ῥυπτική τε καὶ λεπτομερής ἐστιν καὶ μετρίως θερμή· δι' ὃ καὶ σπλῆνας τήκει πινομένη καὶ ἔξωθεν μετὰ σύκων καταπλασσομένη καὶ ψώρας καὶ λέπρας ἰᾶται.",,,,,,,alias_review
57,paul,7,3,ἄμπελος μέλαινα:βρυωνία,,2.193,,"Ἄμπελος μέλαινα, καὶ αὐτὴ βρυωνία",,"Ἄμπελος μέλαινα, καὶ αὐτὴ βρυωνία, παραπλήσιός ἐστι τῇ λελεγμένῃ πλὴν ἀσθενεστέρα.",,,,,,,alias_review
58,paul,7,3,ἀμύγδαλα,,2.193,,Ἀμύγδαλα,,Ἀμύγδαλα τὰ μὲν πικρὰ τῆς λεπτυνούσης τε καὶ ἐκφρακτικῆς τῶν ἐν βάθει γλίσχρων τε καὶ παχέων χυμῶν εἰσι δυνάμεως καὶ ῥυπτικῆς τῶν περὶ τὸ δέρμα· καὶ τὸ δένδρον δὲ τὴν αὐτὴν ἔχει δύναμιν. τὰ δὲ γλυκέα θερμὰ συμμέτρως εἰσίν.,,,,,,,
59,paul,7,3,ἄμυλον,,2.193,,Ἄμυλον,,"Ἄμυλον γίνεται μὲν ἐκ πυροῦ καθαροῦ βρεχομένου ὕδατι ἐν τοῖς ὑπὸ κύνα καύμασιν καὶ ἀποχεομένου πεντάκις τῆς ἡμέρας· ἐπὰν δὲ μαλακώτατος γένηται, ἀπηθήσαντας τὸ ὕδωρ τοῖς ποσὶ τρίβειν, εἶτα αὖθις ὕδωρ ἐπιχέαντας χωρίσαι τὸ πίτυρον καὶ ξηραίνειν ἐν ἡλίῳ ταχέως, πρὶν ὀξωθῇ. δύναμιν δὲ ἔχει ψυκτικήν τε μετρίως καὶ ξηραντικὴν καὶ πραϋντικὴν τῶν δριμέων.",,,,,,,
60,paul,7,3,ἄμωμον,,2.193,,Ἄμωμον,,"Ἄμωμον ἔοικεν τὴν δύναμιν ἀκόρῳ, ἀλλ' ἐκεῖνο μὲν ξηρότερον, τοῦτο δὲ πεπτικώτερον.",,,,,,,
61,paul,7,3,ἀναγαλλίς,,2.193,,Ἀναγαλλὶς,,"Ἀναγαλλὶς ἑκατέρα ῥυπτικῆς ἱκανῶς ἐστι δυνάμεως ἔχουσά τι καὶ ὑπόθερμον καὶ ἑλκτικόν, ὥστε καὶ σκόλοπας ἐπισπᾶσθαι καὶ ἐκ ῥινῶν καθαίρειν τὸν χυλὸν αὐτῆς.",,,,,,,
62,paul,7,3,ἀνάγυρος,,2.193-194,,Ἀνάγυρος,,Ἀνάγυρος θάμνος ἐστὶ δυσώδης καὶ δριμὺς θερμῆς τε καὶ διαφορητικῆς δυνάμεως· τὸ δὲ σπέρμα λεπτομερέστερόν τέ ἐστι καὶ ἐμετικόν.,,,,,,,
63,paul,7,3,ἀνδράχνη,,2.194,,Ἀνδράχνη,,"Ἀνδράχνη ψύχει μὲν κατὰ τὴν τρίτην ἀπόστασιν, ὑγραίνει δὲ κατὰ τὴν δευτέραν· ταῦτά τοι καὶ τοὺς καυσουμένους ὀνίνησι κατὰ τῆς κοιλίας ἐπιτιθεμένη καὶ ἀποκρούεται τὰ ῥεύματα τῇ τε γλισχρότητι τὰς ἐκ τῶν ὀξέων αἱμωδίας καταλεαίνει, διὰ δὲ τὴν στῦψιν καὶ δυσεντερίας καὶ αἱμορραγίας ὀνίνησιν.",,,,,,,
64,paul,7,3,ἀνδρόσαιμον,,2.194,,Ἀνδρόσαιμον,,"Ἀνδρόσαιμον διττόν, τὸ μὲν ἕτερον ἄσκυρον ἢ ἀσκυροειδὲς ὀνομάζεται εἶδος ὑπάρχον ὑπερικοῦ, θάτερον δὲ Διονυσιάς· ἔστι δὲ ὁ μὲν καρπὸς αὐτῶν καθαρτικός, τὰ δὲ φύλλα ξηραντικώτερα.",,,,,,,
65,paul,7,3,ἀνδρόσακες,,2.194,,Ἀνδρόσακες,,"Ἀνδρόσακες πικρὰ καὶ δριμεῖα πόα διαφοροῦσα καὶ ξηραίνουσα, πινομένη δὲ αὐτή τε καὶ ὁ καρπὸς αὐτῆς οὖρα κινεῖ.",,,,,,,
66,paul,7,3,ἀνεμῶναι,,2.194,,Ἀνεμῶναι,,"Ἀνεμῶναι πᾶσαι δριμείας καὶ ῥυπτικῆς εἰσιν ἐπισπαστικῆς τε καὶ ἀναστομωτικῆς δυνάμεως, ὅθεν φλέγμα τε προκαλοῦνται καὶ λέπρας ἀφιστᾶσι προστιθέμεναι καὶ γάλα κατασπῶσιν.",,,,,,,
67,paul,7,3,ἄνηθον,,2.194,,Ἄνηθον,,"Ἄνηθον θερμαίνει μὲν κατὰ τὴν δευτέραν τάξιν ἐπιτεταμένην, ξηραίνει δὲ σύνεγγυς· ὅπερ ἑψόμενον ἐν ἐλαίῳ διαφορητικόν τε καὶ ἀνώδυνον καὶ ὑπνοποιὸν καὶ πεπτικὸν ὠμῶν ὄγκων ὑπάρχει. καυθὲν δὲ τῆς τρίτης τάξεως τῶν θερμαινόντων τε καὶ ξηραινόντων γίνεται καὶ πλαδαροῖς ἕλκεσιν ἐπιπλαττόμενον ὀνίνησιν· ὑγρότερον δὲ καὶ ἧττον θερμὸν καὶ πεπτικόν ἐστι τὸ χλωρόν.",,,,,,,
68,paul,7,3,ἀνθύλλιος,,2.194,,Ἀνθύλλιος,,"Ἀνθύλλιος διττὴ μέν ἐστιν, ἄμφω δὲ ξηραίνουσιν ἕλκη, ἡ δὲ ἐοικυῖα τῇ χαμαιπίτυι λεπτομερεστέρα ἐστίν, ὡς καὶ τοῖς ἐπιληπτικοῖς ἁρμόττειν· ἔστι δὲ καὶ ῥυπτικωτέρα.",,,,,,,
69,paul,7,3,ἀνίσου τὸ σπέρμα,,2.194,,Ἀνίσου τὸ σπέρμα,,Ἀνίσου τὸ σπέρμα δριμύτερόν ἐστι θερμαῖνόν τε καὶ ξηραῖνον κατὰ τὴν τρίτην ἀπόστασιν· ταῦτ' ἄρα καὶ οὐρητικόν ἐστι καὶ διαφορητικὸν πνευμάτων.,,,,,,,
70,paul,7,3,ἀντίρρινον:ἀνάρρινον,,2.195,,Ἀντίρρινον ἢ ἀνάρρινον,,"Ἀντίρρινον ἢ ἀνάρρινον παραπλησίαν ἔχει τῷ βουβωνίῳ δύναμιν, καταδεέστερον δέ· ἐξ ἐκείνου οὖν καὶ τοῦτο μαθήσῃ.",,,,,,,
71,paul,7,3,ἀνωνίς:ὀνωνίς,,2.195,,Ἀνωνὶς ἢ ὀνωνὶς,,"Ἀνωνὶς ἢ ὀνωνὶς θερμὴ τὴν δύναμίν ἐστι, μάλιστα κατὰ τὴν ῥίζαν· ἧς ὁ χυλὸς πινόμενος σὺν οἴνῳ οὖρά τε ἄγει καὶ λίθους θρύπτει ἐσχάρας τε ῥήσσει καὶ ὀδόντας πραΰνει.",,,,,,,
72,paul,7,3,ἀπαρίνη:φιλάνθρωπος:ὀμφακόκαρπος,,2.195,,"Ἀπαρίνη, οἱ δὲ φιλάνθρωπον, οἱ δὲ ὀμφακόκαρπον",,"Ἀπαρίνη, οἱ δὲ φιλάνθρωπον, οἱ δὲ ὀμφακόκαρπον, μετρίως ῥύπτει καὶ ξηραίνει, ἔχει δέ τι καὶ λεπτομερές.",,,,,,,alias_review
73,paul,7,3,ἄπιος,,2.195,,Ἄπιος,,"Ἄπιος ἀνώμαλός ἐστι κατὰ τὴν κρᾶσιν τὸ μέν τι γεῶδες ἔχουσα, τὸ δὲ ὑδατῶδες· δι' ὃ ἐσθιομένη εὐστόμαχός τέ ἐστι καὶ ἄδιψος, καταπλαττομένη δὲ ξηραίνει τε καὶ μετρίως ψύχει.",,,,,,,
74,paul,7,3,ἀπόκυνον:κυνοκράμβη:κυνόμορον,,2.195,,"Ἀπόκυνον ἢ κυνοκράμβη, λέγεται δὲ καὶ κυνόμορον",,"Ἀπόκυνον ἢ κυνοκράμβη, λέγεται δὲ καὶ κυνόμορον, ἐπειδὴ τάχιστα τοὺς κύνας ἀναιρεῖ, ἔστι δὲ καὶ ἀνθρώπων δηλητήριον, ἱκανῶς οὖσα δυσώδης τε καὶ θερμὴ χωρὶς τοῦ ξηραίνειν· ὅθεν καταπλασσομένη διαφορητικῆς ἐστι δυνάμεως.",,,,,,,alias_review
75,paul,7,3,ἀπόχυμα,,2.195,,Ἀπόχυμα,,Ἀπόχυμα ἡ ἀπὸ τῶν πλοίων ἐστὶν ἀποξυομένη παλαιὰ πίττα διαχυτική τε οὖσα καὶ ξηραντικὴ καὶ διαφορητικὴ τῶν ὄγκων.,,,,,,,
76,paul,7,3,ἀράχνη τὸ ζῷον,,2.195,,Ἀράχνην,,Ἀράχνην τὸ ζῷον συμμαλαχθεῖσαν ἐμπλάστρῳ καὶ ἐπιτεθεῖσαν μετώπῳ καὶ κροτάφοις τριταϊκὰς περιόδους ἀπολύειν φησὶ Διοσκουρίδης· τὸ δὲ ὕφος αὐτῆς ἐπιτιθέμενον αἱμορραγίαν ἵστησιν καὶ ἀφλέγμαντα τηρεῖ τὰ ἐπιπολῆς ἕλκη.,,,,,,,
77,paul,7,3,ἀργεμώνη,,2.195,,Ἀργεμώνη,,Ἀργεμώνη ῥυπτικῆς τε καὶ διαφορητικῆς ἐστι δυνάμεως.,,,,,,,
78,paul,7,3,ἀρίσαρον,,2.195,,Ἀρίσαρον,,Ἀρίσαρον καὶ μικρότερόν ἐστι τοῦ ἄρου πολλῷ καὶ δριμύτερον ῥίζαν ἐλαίας ἔχουσα τὸ μέγεθος.,,,,,,,
79,paul,7,3,ἀριστολοχία,,2.195,,Ἀριστολοχία,,"Ἀριστολοχία πᾶσα μὲν θερμὴ καὶ λεπτομερής ἐστι καὶ ῥυπτικὴ πικρά τε καὶ ὑπόδριμυς, χρειωδεστάτη πρὸς τὰς ἰάσεις· ἀλλ' ἡ μὲν στρογγύλη λεπτομερεστέρα καὶ κατὰ πάντα δραστικωτέρα, ἡ δὲ κληματῖτις εὐώδης μέν, ἀσθενεστέρα δέ, ἡ δὲ μακρὰ τὰ μὲν ἄλλα μεταξὺ τούτων ἐστί, θερμὴ δὲ οὐχ ἧττον τῆς στρογγύλης.",,,,,,,
80,paul,7,3,ἄρκευθος,,2.196,,Ἄρκευθος,,"Ἄρκευθος θερμαίνει καὶ ξηραίνει κατὰ τὴν τρίτην τάξιν· ὁ δὲ καρπὸς θερμαίνει μὲν ὁμοίως, ξηραίνει δὲ πρώτης τάξεως.",,,,,,,
81,paul,7,3,ἄρκιον προσωπῖτις,,2.196,,Ἄρκιον προσωπῖτις,,"Ἄρκιον προσωπῖτις τὰ φύλλα τοῖς τῆς κολοκυνθίδος ἔχον ὅμοια, μείζονα δὲ καὶ σκληρότερα, διαφορητικὸν μέν ἐστι καὶ ξηραντικόν, ἔχει δέ τι καὶ στυπτικόν· δι' ὃ καὶ τὰ φύλλα αὐτοῦ παλαιὰ ἕλκη θεραπεύει.",,,,,,,
82,paul,7,3,ἄρκτιον,,2.196,,Ἄρκτιον,,"Ἄρκτιον φλόμῳ παραπλήσιόν ἐστι, τὴν δὲ ῥίζαν ἁπαλὴν καὶ λευκὴν καὶ γλυκεῖαν ἔχον, λεπτομεροῦς τε καὶ ξηραντικῆς δυνάμεως καὶ ῥυπτικῆς μετρίως.",,,,,,,
83,paul,7,3,Ἀρμένιον,,2.196,,Ἀρμενιακὸν,,Ἀρμενιακὸν δύναμιν ἔχει ῥυπτικὴν ἅμα βραχείᾳ δριμύτητι καὶ στύψει βραχυτέρᾳ· δι' ὃ καὶ μίγνυται ταῖς ὀφθαλμικαῖς δυνάμεσιν καὶ τριχῶν τῶν ἐν βλεφάροις ἐστὶν αὐξητικόν.,,,,,,,
84,paul,7,3,ἀρναβώ,,2.196,,Ἀρναβὼ,,"Ἀρναβὼ τῶν ἀρωματιζόντων ἐστίν, ὅθεν τοῖς μύροις μάλιστα μίγνυται, θερμῆς τε καὶ ξηρᾶς ὑπάρχον δυνάμεως κατὰ τὴν τρίτην που τάξιν παραπλήσιον κασσίᾳ τε καὶ καρπησίῳ· ὅθεν ὁ Ποσειδώνιος μὴ παρόντος κιναμώμου τούτῳ φησὶ χρῆσθαι.",,,,,,,
85,paul,7,3,ἀρνόγλωσσον,,2.196,,Ἀρνόγλωσσον,,Ἀρνόγλωσσον ψύχει τε ἅμα καὶ ξηραίνει κατὰ τὴν δευτέραν ἀπόστασιν μικτὸν ἐξ ὑδατώδους τε καὶ γεώδους ὑπάρχον οὐσίας ἔχον τι καὶ στύψεως· δι' ὃ πρὸς ἕλκη τε κακοήθη καὶ πρὸς ῥεύματα καὶ σηπεδόνας ἁρμόττει καὶ αἱμορραγίας ἐπέχει. καὶ πλείστοις ἁρμόττει τῇ συμμετρίᾳ τῆς κράσεως· καὶ γὰρ ξηρότητος ἀδήκτου μετέχει καὶ ψύξεως μηδέπω ναρκούσης.,,,,,,,
86,paul,7,3,ἄρον,,2.196,,Ἄρον,,Ἄρον τῆς πρώτης ἐστὶ τάξεως ἔν τε τῷ θερμαίνειν καὶ ξηραίνειν ἐκ γεώδους καὶ τοῦτο γεγονὸς οὐσίας θερμῆς τε καὶ ῥυπτικῆς· αἱ ῥίζαι δὲ αὐτοῦ θερμότεραι. τὸ δὲ δρακόντιον ἰσχυρότερον.,,,,,,,
87,paul,7,3,ἀρσενικόν,,2.196,,Ἀρσενικὸν,,"Ἀρσενικὸν καυστικῆς ἐστι δυνάμεως, χρῶνται δὲ αὐτῷ καὶ εἰς τὰς ψιλώσεις τῶν τριχῶν· εἰ δὲ χρονίσοι, καὶ αὐτοῦ τοῦ δέρματος ἅπτεται, καιόμενον δὲ λεπτομερέστερον γίνεται.",,,,,,,
88,paul,7,3,ἀρτεμισίαι,,2.197,,Ἀρτεμισίαι,,"Ἀρτεμισίαι ἀμφότεραι θερμαίνουσι μὲν κατὰ τὴν δευτέραν τάξιν, ξηραίνουσι δὲ κατὰ τὴν πρώτην· εἰσὶ δὲ καὶ λεπτομερεῖς, ὥστε καὶ τοὺς ἐν νεφροῖς λίθους θρύπτειν καὶ πυρίαις ὑστερῶν ἁρμόττειν.",,,,,,,
89,paul,7,3,ἄρτος,,2.197,,Ἄρτος,,Ἄρτος καταπλασσόμενος διαφορητικώτερός ἐστι τῆς τῶν πυρῶν δυνάμεως ὡς ἂν καὶ ἁλῶν καὶ ζύμης μετέχων· ἐπισπαστικὴ γάρ ἐστι τῶν ἐκ βάθους ἡ ζύμη.,,,,,,,
90,paul,7,3,ἄσαρον,,2.197,,Ἄσαρον,,"Ἄσαρον παραπλησίας ἐστὶ τῷ ἀκόρῳ δυνάμεως, ἐπιτεταμένης δὲ μᾶλλον.",,,,,,,
91,paul,7,3,ἀσβόλη,,2.197,,Ἀσβόλη,,"Ἀσβόλη, ᾗ οἱ ζωγράφοι χρῶνται, λαμβάνεται μὲν ἐκ τῶν ὑελουργείων, διαφορητικῆς τε καὶ δριμείας δυνάμεώς ἐστιν, ὥστε καὶ καίειν καὶ σήπειν, ἀπουλοῖ δὲ καὶ τὰ καύματα σὺν ῥοδίνῃ κηρωτῇ.",,,,,,,
92,paul,7,3,ἀσκαλαβώτης,,2.197,,Ἀσκαλαβώτης,,"Ἀσκαλαβώτης τὸ ζῷον ἄχρηστον μέν ἐστιν εἰς τὰ ἄλλα, τοῖς δὲ ὑπὸ σκορπίου πληγεῖσιν αὐτόν φασι βοηθεῖν ἐπιτιθέμενον· μίγνυται δὲ καὶ ἐντατικαῖς δυνάμεσιν.",,,,,,,
93,paul,7,3,ἀσκληπιάς,,2.197,,Ἀσκληπιὰς,,"Ἀσκληπιὰς θερμὴ καὶ ξηρὰ τὴν δύναμιν ὑπάρχουσα καὶ λεπτομερὴς ἁρμόζει στροφουμένοις ἐν οἴνῳ πινομένη, καταπλασσομένη δὲ ποιεῖ πρός τε τὰ θηριόδηκτα καὶ τὰ ἐν μήτρᾳ καὶ μαστοῖς κακοήθη.",,,,,,,
94,paul,7,3,ἄσκυρον,,2.197,,Ἄσκυρον,,Ἄσκυρον ἐν τῷ ἀνδρόσαιμον εἴρηται.,,,,,,,
95,paul,7,3,ἀσπάλαθος,,2.197,,Ἀσπάλαθος,,Ἀσπάλαθος ἀνομοιομερής ἐστι τὴν δύναμιν δριμύς τε καὶ στυπτικὸς ὑπάρχων καὶ δι' ἄμφω ξηραίνων· διὰ τοῦτο πρός τε σηπεδόνας καὶ ῥεύματα χρήσιμός ἐστιν.,,,,,,,
96,paul,7,3,ἀσπάραγος πετραῖος:μυακάνθινος,,2.197,,Ἀσπάραγος πετραῖος ἢ μυακάνθινος,,"Ἀσπάραγος πετραῖος ἢ μυακάνθινος ῥυπτικὸς μέν ἐστι, μέσος δὲ κατὰ θερμότητα καὶ ψῦξιν· δι' ὃ νεφρῶν τε καὶ ἥπατός ἐστιν ἐκφρακτικός, καὶ μάλιστα αἱ ῥίζαι καὶ τὸ σπέρμα, καὶ ὀδονταλγίας ἰᾶται.",,,,,,,
97,paul,7,3,ἄσπληνον,,2.197,,Ἄσπληνον,,"Ἄσπληνον λεπτομερὲς μέν ἐστι τὴν δύναμιν, οὐ μὴν θερμόν· ταῦτ' ἄρα καὶ λίθους θρύπτει καὶ σπλῆνας τήκει.",,,,,,,
98,paul,7,3,ἀσταφίς,,2.197-198,,Ἀσταφὶς,,"Ἀσταφὶς ἡ μὲν ἥμερος πεπτικῆς τε ἅμα καὶ στυπτικῆς καὶ διαφορητικῆς ἀτρέμα μετέχει δυνάμεως, ἡ δὲ ἀγρία δριμείας ἰσχυρῶς, ὡς ἀποφλεγματίζειν τε καὶ ῥύπτειν σφοδρῶς.",,,,,,,
99,paul,7,3,ἀστὴρ ἀττικός:βουβώνιον,,2.198,,"Ἀστὴρ Ἀττικός, οἱ δὲ βουβώνιον",,"Ἀστὴρ Ἀττικός, οἱ δὲ βουβώνιον, ὅτι μὴ μόνον ἐπιπλαττόμενον, ἀλλὰ καὶ περιαπτόμενον ἰᾶσθαι βουβῶνας πεπίστευται, μικτῆς ὑπάρχει δυνάμεως διαφορητικῆς τε καὶ ψυκτικῆς.",,,,,,,alias_review
100,paul,7,3,ἀστράγαλος,,2.198,,Ἀστράγαλος,,Ἀστράγαλος θαμνίσκος ἐστὶ μικρὸς ἔχων ῥίζας στυπτικὰς ξηραίνων οὐκ ἀγεννῶς· ἕλκη γοῦν ἀπουλοῖ παλαιὰ καὶ κοιλίαν ἵστησιν ἡ ῥίζα μετ' οἴνου πινομένη. πλεῖστος δὲ ἐν Φενεῷ τῆς Ἀρκαδίας γεννᾶται.,,,,,,,
101,paul,7,3,ἄσφαλτος,,2.198,,Ἄσφαλτος,,Ἄσφαλτος ξηραίνει καὶ θερμαίνει κατὰ τὴν δευτέραν τάξιν· δι' ὃ κολλᾷ τὰ ἔναιμα ἕλκη.,,,,,,,
102,paul,7,3,ἀσφοδέλου ἡ ῥίζα,,2.198,,Ἀσφοδέλου ἡ ῥίζα,,"Ἀσφοδέλου ἡ ῥίζα ῥυπτικῆς τε καὶ διαφορητικῆς ἐστι δυνάμεως, καυθείσης δὲ αὐτῆς ἡ τέφρα θερμοτέρα καὶ ξηροτέρα γίνεται καὶ λεπτομερεστέρα· δι' ὃ καὶ ἀλωπεκίας ἰᾶται.",,,,,,,
103,paul,7,3,ἀτρακτυλίς:κνῆκος ἄγριος,,2.198,,Ἀτρακτυλὶς ἢ κνῆκος ἄγριος,,Ἀτρακτυλὶς ἢ κνῆκος ἄγριος ἐκ τῶν ἀκανθωδῶν ἐστι ξηραντικῆς τε καὶ μετρίως θερμῆς ὑπάρχων δυνάμεως.,,,,,,,
104,paul,7,3,ἀτράφαξυς,,2.198,,Ἀτράφαξυς,,"Ἀτράφαξυς ὑγραίνει μὲν κατὰ τὴν δευτέραν τάξιν, ψύχει δὲ κατὰ τὴν πρώτην· δι' ὃ καὶ κατὰ γαστέρα διεξέρχεται. ὁ δὲ καρπὸς αὐτῆς ῥυπτικῆς ἐστι δυνάμεως· ὅθεν καὶ πρὸς ἰκτερικοὺς τοὺς ἐπὶ ἥπατος ἐμφράξει χρήσιμός ἐστιν.",,,,,,,
105,paul,7,3,ἀφάκη,,2.198,,Ἀφάκη,,"Ἀφάκη στυπτικῆς ἐστι δυνάμεως, ὥσπερ ὁ φακός, ἐσθιομένη δὲ δυσπεπτοτέρα τοῦ φακοῦ ἐστιν, ἰσχυρότερον δὲ ξηραίνει μετὰ τοῦ θερμαίνειν συμμέτρως.",,,,,,,
106,paul,7,3,ἀφόνιτρον,,2.198,,Ἀφόνιτρον,,"Ἀφόνιτρον διαφορητικῆς ἐστι καὶ ῥυπτικῆς δυνάμεως, ὡς μὴ μόνον τὰ ῥυποῦντα σμήχειν ἀλλὰ καὶ κνῆσιν ἰᾶσθαι· πινόμενον δὲ κακοστόμαχόν ἐστιν.",,,,,,,
107,paul,7,3,ἀφρὸς νίτρου,,2.199,,Ἀφρὸς νίτρου,,"Ἀφρὸς νίτρου παραπλησίαν μὲν ἔχει τῷ νίτρῳ δύναμιν, λεπτομερέςτερον δὲ τὴν οὐσίαν ἐστίν· δι' ὃ καὶ λεῖον ὑπάρχει καθάπερ ἄλευρον.",,,,,,,
108,paul,7,3,ἀχράς,,2.199,,Ἀχρὰς,,"Ἀχρὰς παραπλησίαν ἔχει τῇ ἀπίῳ τὴν δύναμιν, ἐπιτεταμένην δὲ μᾶλλον· δι' ὁ καὶ τραύματα μεγάλα κολλᾷ.",,,,,,,
109,paul,7,3,ἀψίνθιον,,2.199,,Ἀψίνθιον,,"Ἀψίνθιον θερμὸν μὲν τῆς πρώτης ἀποστάσεώς ἐστιν, ξηρὸν δὲ τῆς τρίτης, στυπτικὴν καὶ πικρὰν καὶ δριμεῖαν ἅμα κεκτημένον ποιότητα· δι' ὃ καὶ τοὺς ἐν τῇ κοιλίᾳ χολώδεις χυμοὺς διά τε γαστρὸς καὶ δι' οὔρων κενοῖ. ἐφ' ὧν δὲ φλέγμα πλεονάζει, τούτους διὰ τὴν στῦψιν οὐδὲν ὀνίνησιν. ὁ δὲ χυλὸς αὐτῆς τῆς πόας πολὺ θερμότερός ἐστιν.",,,,,,,
110,paul,7,3,βάλανος μυρεψική,,2.199,,Βαλάνου μυρεψικῆς,,"Βαλάνου μυρεψικῆς τὸ μὲν ἔνδον οἷον σαρκῶδες ῥυπτικήν τε καὶ τμητικὴν ἅμα στύψει τὴν δύναμιν ἔχει· δι' ὃ μετὰ μελικράτου μὲν πινόμενον ὁλκὴ δραχμῆς ἔμετόν τε κινεῖ καὶ τὴν κάτω κοιλίαν ὑπάγει, σὺν ὀξυκράτῳ δὲ πρὸς τὰς τῶν σπλάγχνων ἐμφράξεις ἁρμόζει· καὶ τῶν περὶ τὸ δέρμα δὲ σὺν ὄξει καταχριόμενον ῥυπτικόν ἐστιν. ὁ μέντοι φλοιὸς αὐτοῦ πάνυ στύφει.",,,,,,,
111,paul,7,3,βάκχαρις,,2.199,,Βάκχαρις,,"Βάκχαρις εὐώδης ἐστὶν πόα παραπλήσιος κιναμώμῳ, στεφανωματική, δριμεῖα. ταύτης ἡ ῥίζα ἀφεψομένη ἐκφρακτικὴ γίνεται καὶ οὔρων καὶ ἐμμήνων κινητική, τὰ δὲ φύλλα αὐτῆς στυπτικὰ ὄντα πρὸς ῥεύματα ὠφελεῖ.",,,,,,,
112,paul,7,3,βαλαύστιον,,2.199,,Βαλαύστιον ἄνθος,,Βαλαύστιον ἄνθος ἐστὶν ἀγρίας ῥοιᾶς ἰσχυρῶς στυπτικὸν ξηράν τε καὶ ψυχρὰν ἔχον τὴν δύναμιν· ἕλκη τε οὖν ἐπιπόλαια ἀφουλοῖ καὶ ῥεύματα ἵστησιν.,,,,,,,
113,paul,7,3,βάλσαμον,,2.199,,Βαλσάμου,,"Βαλσάμου τὸ μὲν οἷον ξύλον ξηραίνει καὶ θερμαίνει κατὰ τὴν δευτέραν ἀπόστασιν, ἔστι δὲ καὶ λεπτομερές· ὁ δὲ ὀπὸς αὐτοῦ πολλῷ λεπτομερέστερος, ὁ δὲ καρπὸς παραπλησίας μὲν δυνάμεως, ἧττον δὲ λεπτομερής.",,,,,,,
114,paul,7,3,βαλωτή:μέλαν πράσιον,,2.200,,"Βαλωτή, οἱ δὲ μέλαν πράσιον",,"Βαλωτή, οἱ δὲ μέλαν πράσιον, δριμείας ἐστὶ καὶ ῥυπτικῆς δυνάμεως· καταπλασσόμενον γοῦν σὺν ἁλσὶν κυνοδήκτους ὠφελεῖ.",,,,,,,alias_review
115,paul,7,3,βάτου,,2.200,,Βάτου,,"Βάτου τὸ μὲν θαμνῶδες ἱκανῶς στύφει καὶ ξηραίνει· δι' ὃ καὶ τραύματα κολλᾷ καὶ ῥεύματα ἵστησιν· ἡ δὲ ῥίζα πρὸς τῷ στύφειν καὶ λεπτομερὴς οὐκ ὀλίγως ἐστίν· δι' ὃ καὶ τοὺς ἐν νεφροῖς λίθους θρύπτει. ὁ δὲ καρπὸς πέπειρος μὲν ὢν θερμότερός ἐστιν ἅμα στύψει μετρίᾳ· δι' ὃ καὶ ἐδώδιμος· ὁ δὲ ἄωρος στρυφνός τε καὶ ἰσχυρῶς ξηραντικός, καὶ μάλιστα ξηρανθείς, ὁμοίως δὲ καὶ τὸ ἄνθος.",,,,,,,
116,paul,7,3,βατράχιον,,2.200,,Βατράχιον,,"Βατράχιον τέσσαρας μὲν ἔχει διαφοράς, ἅπαντα δὲ θερμῆς καὶ ξηρᾶς ὑπερβαλλόντως εἰσὶ δυνάμεως καὶ δριμείας καὶ καυστικῆς, ὥστε ἑλκοῦν μετὰ πόνου· μετρίως δὲ χρωμένῳ τὰ περὶ τὸ δέρμα μόνον ἀποσμήχει. ἡ δὲ ῥίζα ξηρὰ πταρμικόν ἐστι φάρμακον.",,,,,,,
117,paul,7,3,βάτραχοι,,2.200,,Βάτραχοι,,"Βάτραχοι ἐπὶ μὲν θηριοδήκτων ζωμιστοὶ ἐσθίονται, κεκαυμένων δὲ αὐτῶν ἡ τέφρα ξηραντικωτάτη γινομένη αἱμορραγίας τε ἵστησιν καὶ ἀλωπεκίας ἰᾶται μετὰ πίσσης ὑγρᾶς.",,,,,,,
118,paul,7,3,βδέλλιον,,2.200,,Βδέλλιον,,"Βδέλλιον τό τε Σκυθικὸν καὶ τὸ Ἀραβικὸν μαλακτικῆς ἐστι τῶν σκιρρουμένων δυνάμεως, καὶ μάλιστα τὸ νέον· τὸ δὲ Ἀραβικὸν καὶ διουρητικόν ἐστι καὶ λίθων θρυπτικὸν καὶ συμπεπτικόν.",,,,,,,
119,paul,7,3,βεττονίκη,,2.200,,Βεττονίκη λεπτόκλωνός,,"Βεττονίκη λεπτόκλωνός ἐστι πόα παραπλήσια τὰ κλωνία τοῖς τοῦ γλήχωνος ἔχουσα καὶ λεπτότερα καὶ σχεδὸν ἄποια γευομένοις, φύεται δὲ μάλιστα ἐν πετρώδεσι τόποις· ᾗ χρῶνται καὶ ἐν ταῖς νεφριτικαῖς δυνάμεσιν. ἔστι δὲ καὶ παρὰ Ῥωμαίοις ἄλλη τις βεττονίκη καλουμένη, ἣν ὁ Διοσκουρίδης κέστρον ὀνομάζει, ἄλλοι δὲ ψυχότροφον διὰ τὸ χαίρειν τοῖς ψυχροῖς τόποις, μηδὲν ὅμοιον ἔχουσα τῇ προειρημένῃ πλὴν τῆς ἐνεργείας· πρὸς δὲ τῷ κινεῖν οὖρα καὶ πρὸς ἄλλα πολλὰ ποιεῖ, καὶ μάλιστα ἡ μὲν ῥίζα αὐτῆς μεθ' ὑδρομέλιτος ποθεῖσα ἔμετον κινεῖ, τὰ δὲ φύλλα κοιλίαν ὑπάγει.",,,,,,,
120,paul,7,3,βηχίον:βηχικόν,,2.201,,"Βηχίον, οἱ δὲ βηχικόν",,"Βηχίον, οἱ δὲ βηχικόν, εἴρηται μὲν ἀπὸ τοῦ βῆχάς τε καὶ ὀρθοπνοίας ὠφελεῖν ὑποθυμιώμενον, σύνθετον δέ ἐστιν ἐκ θερμῆς τε καὶ ὑδατώδους οὐσίας.",,,,,,,alias_review
121,paul,7,3,βλίτον,,2.201,,Βλίτον,,Βλίτον ἐδώδιμόν ἐστι λάχανον ὑγρὸν καὶ ψυχρὸν κατὰ τὴν δευτέραν ἀπόστασιν.,,,,,,,
122,paul,7,3,βολβός,,2.201,,Βολβὸς,,Βολβὸς ὁ μὲν ἐδώδιμος πικρότητός τε ἅμα καὶ στύψεως μετέχων ξηραντικός τέ ἐστι καὶ κολλητικὸς τραυμάτων καὶ ῥυπτικός· ὁ δὲ ἐμετικὸς θερμότερός ἐστι τῆς τούτου δυνάμεως.,,,,,,,
123,paul,7,3,βότρυς:ἀμβροσία,,2.201,,"Βότρυς, οἱ δὲ ἀμβροσίαν, ἄλλοι ἀρτεμισίαν",,"Βότρυς, οἱ δὲ ἀμβροσίαν, ἄλλοι ἀρτεμισίαν, φυτόν ἐστιν εὐῶδες ἱκανῶς, ὃ σὺν οἴνῳ πινόμενον ὀρθοπνοϊκοὺς ὠφελεῖ.",,,,,,,alias_review
124,paul,7,3,βουβώνιον,,2.201,,Βουβώνιον,,Βουβώνιον ἀστὴρ Ἀττικὸς εἴρηται.,,,,,,,
125,paul,7,3,βούγλωσσον,,2.201,,Βούγλωσσον,,Βούγλωσσον ὑγρὸν καὶ θερμόν ἐστι τὴν κρᾶσιν· ὅθεν καὶ τοῖς οἴνοις ἐμβαλλόμενον εὐφροσύνην ἐμποιεῖν λέγεται.,,,,,,,
126,paul,7,3,βούνιον:ἄρκτιον,,2.201,,"Βούνιον, οἱ δὲ ἄρκτιον",,"Βούνιον, οἱ δὲ ἄρκτιον, θερμόν τέ ἐστι καὶ οὐρητικὸν καὶ καταμηνίων ἀγωγόν. καὶ τὸ ψευδοβούνιον δὲ ὅμοιον.",,,,,,,alias_review
127,paul,7,3,βούπρηστις,,2.201,,Βούπρηστις,,Βούπρηστις ζωύφιόν ἐστι τῇ κανθαρίδι παραπλήσιον· ἀποτιθέσθω οὖν καθάπερ ἐκείνη.,,,,,,,
128,paul,7,3,βούτυρον,,2.201,,Βούτυρον,,"Βούτυρον πεπτικῆς καὶ μετρίως διαφορητικῆς ἐστι δυνάμεως ἐπὶ τῶν μαλακῶν σωμάτων· βουβῶνας γοῦν καὶ παρωτίδας ὠφελεῖ καὶ οὖλα λεπτύνει, καὶ μάλιστα τῶν ὀδοντοφυούντων παιδίων, καὶ τὰ κατὰ θώρακα ἐκλειχόμενον συμπέττει.",,,,,,,
129,paul,7,3,βούφθαλμον,,2.201,,Βούφθαλμον,,"Βούφθαλμον ὅμοιον μὲν ἔχει τῷ χαμαιμήλῳ τὸ ἄνθος, μεῖζον δὲ πολλῷ καὶ δριμύτερον· δι' ὃ καὶ διαφορητικόν, ὥστε καὶ σκληρίας ἰᾶσθαι κηρωτῇ μιγνύμενον.",,,,,,,
130,paul,7,3,βράθυ,,2.201,,Βράθυ,,"Βράθυ παραπλήσιον ὑπάρχον κυπαρίσσῳ θερμαίνει τε καὶ ξηραίνει κατὰ τὴν τρίτην ἀπόστασιν καὶ λεπτομερέστατόν ἐστι λεπτυντικῆς τε καὶ διαφορητικῆς ὑπάρχον, εἰ ποθείη, δυνάμεως εἴς τε τὰς σηπεδόνας ὅμοιόν ἐστι κυπαρίσσῳ.",,,,,,,
131,paul,7,3,βρεττανική,,2.202,,Βρεττανικὴ,,Βρεττανικὴ στυπτικῆς ἐστι καὶ κολλητικῆς δυνάμεως ὁμοίως τῷ ἀγρίῳ λαπάθῳ τὴν ἰδέαν· ὁ δὲ χυλὸς αὐτῆς τὰς ἐν στόματι σήψεις ἰᾶται.,,,,,,,
132,paul,7,3,βρόμος,,2.202,,Βρόμος,,"Βρόμος ὁμοίαν ἔχει κριθῇ τὴν δύναμιν· ξηραίνει δὲ καὶ διαφορεῖ μετρίως τε καὶ ἀδήκτως, ἔχει δέ τι καὶ στύψεως, ὅθεν καὶ διαρροίας ἰᾶται.",,,,,,,
133,paul,7,3,βρύον θαλάσσιον,,2.202,,Βρύον θαλάσσιον,,Βρύον θαλάσσιον ψύχει τε καὶ στύφει· δι' ὃ τὰς ζεούσας φλεγμονὰς καταπλασσόμενον ὠφελεῖ.,,,,,,,
134,paul,7,3,βρύον:σπλάγχνον,,2.202,,"Βρύον, οἱ δὲ σπλάγχνον",,"Βρύον, οἱ δὲ σπλάγχνον, ἐν δρυσὶ καὶ λεύκαις καὶ πεύκαις εὑρισκόμενον, διαφορητικόν τε καὶ μαλακτικὸν μετρίως ἐστί, καὶ μάλιστα τὸ ἐπὶ τῶν κέδρων.",,,,,,,alias_review
135,paul,7,3,βρυωνία,,2.202,,Βρυωνία,,Βρυωνία εἴρηται ἄμπελος λευκή.,,,,,,,
136,paul,7,3,γάλα,,2.202,,Γάλα,,"Γάλα πᾶν ἐκ τριῶν οὐσιῶν σύγκειται, τυρώδους, ὀρώδους, λιπαρᾶς, ἣν πλείστην ἔχει τὸ βόειον, ἐξ ἧς καὶ τὸ βούτυρον γίνεται· ὁ δὲ ὀρὸς αὐτοῦ ῥυπτικῆς ἐστι δυνάμεως, ὅθεν καὶ γαστέρα ὑπάγει, εἴ τις αὐτὸ τῇ ἑψήσει διακρίνειε· τὸ δὲ τυρῶδες καὶ παχὺ ἐμπλάττεται μᾶλλον καὶ διὰ τοῦτο δριμύτητας ἀμβλύνει. ἑψηθὲν δὲ τὸ γάλα ἤτοι διὰ καχλήκων ἢ ἄλλως πως ἄριστον γίνεται φάρμακον δυσεντερίας τε καὶ τῶν κατὰ γαστέρα δριμέων ῥευμάτων. ὅλον δὲ τὸ γάλα πρός τε τὰ κατ' ὀφθαλμοὺς δριμέα ῥεύματα καὶ τὰς ἄλλας δριμύτητας ἁρμόζει. εὐκρατότατον δὲ γάλα τὸ τῆς γυναικός ἐστι, μεθ' ὃ τὸ αἴγειον, εἶτα τὸ ὄνειόν τε καὶ προβάτειον, ἔσχατον δὲ τὸ βόειον.",,,,,,,
137,paul,7,3,γαλῆς δὲ κεκαυμένης,,2.202,,Γαλῆς δὲ κεκαυμένης,,"Γαλῆς δὲ κεκαυμένης ἡ τέφρα ἱκανῶς διαφορεῖ· μετ' ὄξους γοῦν καταχριομένη ποδαγρικοὺς ὠφελεῖ, σκελετευθεῖσα δὲ πρὸς ἐπιληψίας πίνεται.",,,,,,,
138,paul,7,3,γάλιον,,2.202-203,,Γάλιον,,"Γάλιον ὠνόμασται μὲν ἀπὸ τοῦ τὸ γάλα πηγνύειν, παραπλήσιον δέ ἐστιν ἀπαρίνῃ, ξηραντικόν τε καὶ ὑπόδριμυ· τὸ δὲ ἄνθος αὐτοῦ πρὸς αἱμορραγίαν ἁρμόζει καὶ πρὸς πυρίκαυτα.",,,,,,,
139,paul,7,3,γάλιψις:γαλίβδολον,,2.203,,"Γάλιψις, οἱ δὲ γαλίβδολον",,"Γάλιψις, οἱ δὲ γαλίβδολον, ἐμφερές ἐστιν ἀκαλήφῃ, λειότερον δὲ καὶ δυσῶδες, διαφορητικῆς τέ ἐστι καὶ μαλακτικῆς τῶν σκιρρωδῶν ὄγκων δυνάμεως, ποιεῖ δὲ καὶ πρὸς τὰ νομώδη καταπλασσόμενον.",,,,,,,alias_review
140,paul,7,3,γάρος,,2.203,,Γάρος,,Γάρος θερμαίνει καὶ ξηραίνει δυνατῶς· δι' ὃ πρός τε τὰ σηπεδονώδη τῶν ἑλκῶν ἔξωθεν αὐτῷ χρῶνται καὶ τοῖς δυσεντερικοῖς ἐνιᾶσι καὶ τοῖς ἰσχιαδικοῖς.,,,,,,,
141,paul,7,3,γεντιανή,,2.203,,Γεντιανῆς,,"Γεντιανῆς ῥίζα δραστήριος ἱκανῶς ἐστιν, ἵνα χρὴ λεπτῦναι καὶ διακαθῆραι καὶ ἀπορρύψαι καὶ ἐκφράξαι.",,,,,,,
142,paul,7,3,γεράνιον,,2.203,,Γεράνιον,,"Γεράνιον τὸ τὰ φύλλα ἔχον ἀνεμώνῃ ὅμοια, τὴν δὲ ῥίζαν ἐδώδιμον, ἥτις ποθεῖσα σὺν οἴνῳ 𐅻 α ἐμπνευματώσεις ὑστέρας λύει· τὸ δὲ ἕτερον γεράνιον ἀχρεῖόν ἐστι πρὸς ἰατρικήν.",,,,,,,
143,paul,7,3,γῆ,,2.203-204,,Γῆ,,"Γῆ πᾶσα ξηραίνει, ἡ δὲ ἀμιγὴς ἑτέρας οὐσίας καὶ ἀδήκτως, εἰ δέ τις αὐτῇ πυρώδης ποιότης ἐπιμέμικται, πλυθεῖσα καὶ ταύτην ἀποτίθεται. τῆς μὲν οὖν γεωργουμένης ἡ λιπαρὰ πᾶσα χρήσιμός ἐστιν εἰς θεραπείαν ἁπάντων τῶν ξηρανθῆναι δεομένων μορίων· τῆς γοῦν Αἰγυπτίας τῷ πηλῷ χρῶνται πρός τε τὰς ὑδερώδεις καὶ σπληνικὰς διαθέσεις καὶ πρὸς τὰ χαῦνα τῶν οἰδημάτων, ὠφελοῦνταί τε ἐναργῶς. τῆς δὲ φαρμακώδους γῆς ἡ μὲν Λημνία μίλτος ἡ σφραγὶς ὀνομαζομένη, πρὸς τῷ ξηραίνειν καὶ στύφουσα μετρίως, τῶν δηλητηρίων ἐστὶ φαρμάκων ἀλεξητήριος καὶ τὰ κακοήθη τῶν ἑλκῶν ἰᾶται σὺν ὄξει ἢ οἴνῳ καὶ τὰς αἱμορραγίας ἵστησιν ἁπάσας δυσεντερίαν τε παύει καὶ τὴν νομώδη προαποκλυσθέντος τοῦ ἐντέρου πρῶτον μελικράτῳ, ἔπειτα ἅλμῃ. ἡ δὲ Σινωπικὴ μίλτος σφοδροτέρα τῆς Λημνίας ὑπάρχουσα ταῖς ἐμπλαστικαῖς ἐπιμίγνυται δυνάμεσιν πινομένη τε ἕλμινθας κτείνει. πραϋντικωτέρα δὲ πολλῷ τῆς Λημνίας ἡ Σαμία ὡς ἐχέκολλός τε καὶ γλίσχρα· χρηστέον οὖν αὐτῇ εἰς ὅσα πραῦναι δεῖ, καὶ τὰς τοῦ αἵματος δὲ ἰᾶται πτύσεις, ὁπόθεν δ' ἂν ὦσιν. ἡ Σελινουσία δὲ καὶ ἡ Χία ῥυπτικώτεραί εἰσι· δι' ὃ καί τινες τῶν γυναικῶν ὡς ῥύμμασιν αὐταῖς ἐπὶ τῶν προσώπων χρῶνται· ἕλκη τε σαρκοῦσι καὶ ἀφουλοῦσι, καὶ μᾶλλον τὰ πυρίκαυτα. ἡ δὲ Κιμωλία μικτῆς ἐστι δυνάμεως ψυχούσης τε καὶ διαφορητικῆς ἄπλυτος, ἡ δὲ πεπλυμένη ψύχει μᾶλλον καὶ τὰ πυρίκαυτα σὺν ὀξυκράτῳ θεραπεύει. ἡ δὲ ἀμπελῖτις (ἔστι δὲ ἡ χριομένη ἐπὶ τῶν ἀμπέλων διὰ τὸ τοὺς ἐν αὐταῖς φθείρειν σκώληκας) ξηραίνει τε καὶ διαφορεῖ ἰσχυρῶς οὐδὲ τὸ ἄδηκτον ἔχουσα. ἡ δὲ Κρητικὴ ἀερώδης ἐστὶν καὶ ἀδήκτως ῥυπτική. ἡ δὲ Ἐρετριὰς ἐναργῶς στύφει, καυθεῖσα δὲ καὶ πλυθεῖσα ξηραίνει ἀδήκτως· ἀμείνων δέ ἐστιν ἡ τεφρώδης. ἡ δὲ πνιγῖτις ὁμοίαν μὲν ἔχει τῇ Κιμωλίᾳ τὴν δύναμιν, μέλαινα δέ ἐστιν. ἡ δὲ Ἀρμενία, ἣν βῶλον ὀνομάζουσιν, ἄκρως ξηραίνει· ὅθεν δυσεντερικοῖς τε καὶ τοῖς κατὰ γαστέρα ῥεύμασιν αἵματός τε πτύσεσι καὶ φθόαις καὶ δυσπνοίαις δι' ὑγρότητα καὶ τοῖς ὑγροῖς ἕλκεσι καὶ τοῖς λοιμικοῖς πάθεσι γενναίως ἁρμόττει· πίνεται δὲ σὺν οἴνῳ λεπτῷ κεκραμένῳ, εἰ δὲ πυρέττοιεν, σὺν ὕδατι. καὶ ἡ Ἀλανὴ δὲ βῶλος παραπλησίας ἐστὶ τῇ Ἀρμενίᾳ δυνάμεως. ἡ δὲ ὤχρα διαφορητική τε καὶ σηπτικὴ τὴν δύναμιν· καταστέλλει γοῦν τὰ ὑπερσαρκοῦντα τῶν ἑλκῶν καὶ τὰ κοῖλα πληροῖ σὺν κηρωτῇ μιγνυμένη.",,,,,,,
144,paul,7,3,γῆρας ὄφεως,,2.204,,Γῆρας ὄφεως,,Γῆρας ὄφεως ἱκανῶς ξηραίνει· ὄξει γοῦν ἀναζεσθὲν ὀδονταλγίας θεραπεύει· τὸ δὲ τῆς ἀσπίδος τριφθὲν μετὰ μέλιτος καὶ ὑπαλειφόμενον ὀξυδερκέστατόν ἐστιν.,,,,,,,
145,paul,7,3,γῆς ἔντερα λεῖα,,2.204,,Γῆς ἔντερα λεῖα,,Γῆς ἔντερα λεῖα νευροτρώτοις ἐπιτιθέμενα παραχρῆμα θαυμαστῶς ὀνίνησιν.,,,,,,,
146,paul,7,3,γίγαρτα,,2.204,,Γίγαρτα,,"Γίγαρτα ξηραίνει μὲν κατὰ τὴν δευτέραν τάξιν, ψύχει δὲ κατὰ τὴν πρώτην· ψυχρὰ γοῦν ἱκανῶς ὄντα πᾶσι τοῖς ῥοώδεσιν ἁρμόττει.",,,,,,,
147,paul,7,3,γιγγίδιον,,2.205,,Γιγγίδιον,,"Γιγγίδιον θερμασίαν μὲν οὐ πάνυ σαφῆ κέκτηται, ξηραίνει δὲ κατὰ τὴν δευτέραν ἀπόστασιν καὶ στύφει· δι' ὃ καὶ εὐστόμαχόν ἐστιν.",,,,,,,
148,paul,7,3,γλαύκιον,,2.205,,Γλαύκιον,,"Γλαύκιον στύφει μετά τινος ἀηδίας, ἀλλὰ καὶ ψύχει σαφῶς· ὥστε καὶ ἐρυσιπέλατα θεραπεύει τὰ μὴ ἰσχυρά.",,,,,,,
149,paul,7,3,γλαῦξ,,2.205,,Γλαῦξ,,Γλαῦξ ἡ πόα θερμὴ καὶ ὑγρὰ τὴν κρᾶσίν ἐστιν· δι' ὃ καὶ γάλακτος γεννητική.,,,,,,,
150,paul,7,3,γλήχων,,2.205,,Γλήχων,,Γλήχων θερμαίνει τε καὶ λεπτύνει σφοδρῶς· ὅθεν καταπλασσόμενος φοινίσσει καὶ τὰ ἐκ θώρακος καὶ πνεύμονος ὑγρὰ παχέα καὶ γλίσχρα ἀναπτύεσθαι ποιεῖ.,,,,,,,
151,paul,7,3,γλοιός,,2.205,,Γλοιὸς,,"Γλοιὸς ὁ ἐν τοῖς βαλανείοις θερμαίνει μετρίως, μαλάσσει, διαφορεῖ, ῥαγάσι τε καὶ κονδυλώμασιν ἁρμόττει.",,,,,,,
152,paul,7,3,γλυκύριζον,,2.205,,Γλυκύριζον,,"Γλυκύριζον χλιαρᾶς ἐστι καὶ ὑγρᾶς κράσεως ἔχον τι καὶ στύψεως· ὅθεν καὶ τραχύτητας ἐκλεαίνει, οὐ τὰς ἐν ἀρτηρίᾳ μόνον, ἀλλὰ καὶ ἐν ψωρώδει κύστει· ἔστι δὲ καὶ ἄδιψον.",,,,,,,
153,paul,7,3,γλυκυσίδη:πεντόροβον:παιονία,,2.205,,"Γλυκυσίδη, οἱ δὲ πεντόροβον, οἱ δὲ παιονίαν",,"Γλυκυσίδη, οἱ δὲ πεντόροβον, οἱ δὲ παιονίαν, ἧς ἡ ῥίζα δριμεῖά τέ ἐστι καὶ ὑπόπικρος καὶ ξηραντικὴ ἔχουσά τι καὶ στυπτικόν· ὅθεν καταμήνιά τε κινεῖ καὶ νεφροὺς καὶ ἧπαρ ἐκκαθαίρει μέγεθος ἀμυγδάλου πινομένη μετ' οἴνου· εἰ δὲ αὐστηρὸς ὁ οἶνος εἴη, καὶ τὰ κατὰ γαστέρα ῥεύματα ἵστησιν. περιαπτομένη δὲ παιδίων ἐπιληψίας ἰᾶται.",,,,,,,alias_review
154,paul,7,3,γναφάλιον,,2.205,,Γναφάλιον,,Γναφάλιον ὠνόμασται μὲν ἀπὸ τοῦ τοῖς φύλλοις αὐτοῦ ἁπαλοῖς οὖσιν ἀντὶ γναφάλου χρήσασθαι· εἰσὶ δὲ λευκὰ καὶ μετρίως στύφοντα· δι' ὃ πρὸς δυσεντερίας μετ' οἴνου αὐστηροῦ πίνονται.,,,,,,,
155,paul,7,3,γογγυλίδος,,2.205,,Γογγυλίδος,,Γογγυλίδος ἥ τε ῥίζα καὶ τὸ σπέρμα φυσώδη τέ εἰσι καὶ σπέρματος γεννητικὰ καὶ ἀφροδισιαστικά.,,,,,,,
156,paul,7,3,γόργιλον:σέσελι,,2.205,,"Γόργιλον, οἱ δὲ σέσελι",,"Γόργιλον, οἱ δὲ σέσελι, θερμὸν καὶ διουρητικόν ἐστι καὶ ἐμμήνων ἀγωγόν, ἡ δὲ ῥίζα αὐτοῦ μετὰ μέλιτος ἐκλειχομένη τὰ ἐκ θώρακος ἀνάγει.",,,,,,,alias_review
157,paul,7,3,γῦρις,,2.205,,Γῦρις,,"Γῦρις παραπλησία τὴν δύναμίν ἐστιν ἀμύλῳ, θερμοτέρα δέ πως.",,,,,,,
158,paul,7,3,γύψος,,2.205-206,,Γύψος,,"Γύψος πρὸς τῷ ξηραίνειν ἐμπλαστικῆς ἐστι δυνάμεως· ὅθεν πρὸς αἱμορραγίας ἁρμόζει σὺν γύρει τε καὶ ᾠοῦ τῷ λευκῷ· καιομένη δὲ τὸ μὲν ἐμπλαστικὸν οὐκέθ' ὁμοίως ἔχει, ξηραίνει δὲ μᾶλλον καὶ ἀποκρούει, μάλιστα σὺν ὀξυκράτῳ.",,,,,,,
159,paul,7,3,δᾷδες,,2.206,,Δᾷδες,,"Δᾷδες ἔχουσί τι δριμὺ καὶ συμπεπτικὸν καὶ ῥυπτικόν· ὅθεν ὄξει μὲν ἑψηθεῖσαι ὀδονταλγίας ἰῶνται διακλυζομένου τοῦ ὄξους, εἰ δὲ καὶ μέλιτος προσλάβοιεν, ἀποφλεγματίζουσι, μιγνύμεναι δὲ καὶ ἐκλείκτοις εὐανάγωγα ποιοῦσι τὰ κατὰ θώρακα.",,,,,,,
160,paul,7,3,δαμασκηνά,,2.206,,Δαμασκηνά,,Δαμασκηνὰ ἐν τῷ περὶ κοκκυμήλων ῥηθήσεται.,,,,,,,
161,paul,7,3,δαμασώνιον,,2.206,,Δαμασώνιον,,Δαμασώνιον ῥυπτικήν τινα δύναμιν ἔχει· δι' ὃ λίθους θρύπτει καὶ τὰ κατὰ κοιλίαν εἰς οὖρα μεθίστησιν.,,,,,,,
162,paul,7,3,δαῦκος:σταφυλῖνος,,2.206,,Δαῦκος ὁ καὶ σταφυλῖνος,,"Δαῦκος ὁ καὶ σταφυλῖνος διττός· οὗπερ ἡ ῥίζα φυσώδης τέ ἐστι καὶ ἀφροδισιαστική, τὸ δὲ τοῦ ἀγρίου σπέρμα τελέως ἐστὶν ἄφυσον καὶ οὐρητικὸν καὶ καταμηνίων κινητικόν, ὡσαύτως δὲ καὶ ἡ πόα.",,,,,,,
163,paul,7,3,δάφνης τοῦ δένδρου,,2.206,,Δάφνης τοῦ δένδρου,,"Δάφνης τοῦ δένδρου τὰ μὲν φύλλα ξηραίνει καὶ θερμαίνει σφοδρῶς, μᾶλλον δὲ ὁ καρπός· ὁ δὲ τῆς ῥίζης φλοιὸς πικρός τε ὢν καὶ ὑποστύφων λίθους τε θρύπτει καὶ ἡπατικοὺς ὠφελεῖ σὺν οἴνῳ εὐώδει τριώβολον πινόμενος.",,,,,,,
164,paul,7,3,δάφνη Ἀλεξάνδρεια,,2.206,,Δάφνη ἡ πόα ἡ καὶ Ἀλεξανδρεία,,Δάφνη ἡ πόα ἡ καὶ Ἀλεξανδρεία καλουμένη θερμή τε καὶ δριμεῖα καὶ ὑπόπικρός ἐστιν· δι' ὃπερ ἔμμηνά τε καὶ οὖρα κινεῖ. καὶ τὸ δαφνοειδὲς δὲ τῆς αὐτῆς ἐστι δυνάμεως καὶ ἡ χαμαιδάφνη· αὕτη δὲ καὶ ἐσθίεται.,,,,,,,alias_review
165,paul,7,3,δέρμα προβάτου,,2.206,,Δέρμα προβάτου,,Δέρμα προβάτου νεόδαρτον ἔτι θερμὸν τοῖς μεμαστιγωμένοις περιτεθὲν θαυμαστῶς αὐτοὺς ἰᾶται. τοῦ δὲ ἱπποποτάμου τὸ δέρμα καιόμενον καὶ μεθ' ὕδατος λεῖον ἐπιτιθέμενον φυμάτων σκορπιστικὸν γίνεται. τὸ δὲ τῆς ἔχεως λεῖον ἐπιτιθέμενον ταῖς ἀλωπεκίαις θαυμαστῶς ἐπιφύει τὰς τρίχας.,,,,,,,
166,paul,7,3,δέρματα κασσυμάτων παλαιῶν,,2.206-207,,Δέρματα κασσυμάτων παλαιῶν,,Δέρματα κασσυμάτων παλαιῶν κεκαυμένα ξηραντικὴν ποιοῦσι τέφραν· ὅθεν τά τε ἐξ ὑποδημάτων θεραπεύει θλίμματα μηκέτι φλεγμαίνοντα καὶ πυρίκαυτα καὶ παρατρίμματα.,,,,,,,
167,paul,7,3,δίκταμνον,,2.207,,Δίκταμνον,,"Δίκταμνον λεπτομερεστέρας ἐστὶ δυνάμεως ἢ κατὰ γλήχωνα, τὰ δὲ ἄλλα παραπλήσιον αὐτῇ. τὸ δὲ καλούμενον ψευδοδίκταμνον ἀσθενέστερόν ἐστιν.",,,,,,,
168,paul,7,3,διονυσιάς,,2.207,,Διονυσιὰς,,Διονυσιὰς εἴρηται ἀνδρόσαιμον.,,,,,,,
169,paul,7,3,διφρυγές,,2.207,,Διφρυγὲς,,Διφρυγὲς μικτῆς ἐστι δυνάμεως· ἔχει γάρ τι καὶ στῦφον καὶ δριμὺ μετρίως· δι' ὃ καὶ τῶν κακοήθων ἑλκῶν ἀγαθόν ἐστι φάρμακον.,,,,,,,
170,paul,7,3,διψακοῦ τῆς ἀκάνθης,,2.207,,Διψακοῦ τῆς ἀκάνθης,,"Διψακοῦ τῆς ἀκάνθης ἡ ῥίζα ξηραντικὴ δευτέρας ἐστὶ τάξεως, ἔχει δέ τι καὶ ῥυπτικόν.",,,,,,,
171,paul,7,3,δορύκνιον,,2.207,,Δορύκνιον,,"Δορύκνιον ὅμοιόν ἐστι τῇ κράσει μήκωνι καὶ μανδραγόρᾳ ψῦχον ἀμέτρως· ναρκοῖ μὲν γὰρ ὀλίγον, ἀναιρεῖ δὲ πλείω ληφθέν.",,,,,,,
172,paul,7,3,δρακόντιον,,2.207,,Δρακόντιον,,"Δρακόντιον ἔχει μέν τι παραπλήσιον ἄρῳ, δριμύτερον δέ ἐστιν αὐτοῦ καὶ πικρότερον καὶ θερμότερον καὶ λεπτομερέστερον, ἔχει δέ τι καὶ στύψεως. ἡ μὲν οὖν ῥίζα αὐτοῦ τὰ σπλάγχνα διακαθαίρει ποθεῖσα καὶ τῶν κακοήθων ἑλκῶν ἄριστόν ἐστι φάρμακον· καὶ τὰ φύλλα δὲ παραπλήσια, ὁ δὲ καρπὸς ἰσχυρότερός ἐστιν.",,,,,,,
173,paul,7,3,δρυοπτερίς,,2.207,,Δρυοπτερὶς,,"Δρυοπτερὶς γλυκεῖά τε καὶ δριμεῖα καὶ ὑπόπικρός ἐστι, κατὰ δὲ τὴν ῥίζαν καὶ στρυφνή, δύναμιν δὲ ἔχει σηπτικήν, ὅθεν καὶ τρίχας ψιλοῖ.",,,,,,,
174,paul,7,3,δρυός,,2.207,,Δρυὸς,,"Δρυὸς τά τε φύλλα καὶ ὁ καρπὸς ξηραντικῆς τε καὶ χλιαρᾶς ἐστι δυνάμεως, ὥστε καὶ τραύματα πρόσφατα κολλᾶν καὶ φλεγμονὰς ἀρχομένας ἰᾶσθαι. τὸ δὲ ὑπὸ τῷ κελύφει τῆς βαλάνου ὑμενῶδες τὸ περὶ τῇ σαρκὶ τοῦ καρποῦ στυπτικώτερον ὑπάρχον πρός τε ῥοῦν γυναικεῖον καὶ τὰ λοιπὰ ῥοώδη δίδοται νοσήματα.",,,,,,,
175,paul,7,3,ἔβενος,,2.207,,Ἔβενος,,Ἔβενος τὸ ξύλον θερμαντικῆς τέ ἐστι καὶ ῥυπτικῆς καὶ λεπτομεροῦς δυνάμεως· ὅθεν καὶ τὰ ταῖς κόραις ἐπισκοτοῦντα πεπίστευται ῥύπτειν καὶ ἄλλαις ὀφθαλμικαῖς μίγνυται δυνάμεσιν.,,,,,,,
176,paul,7,3,ἐγκέφαλος λαγωοῦ,,2.208,,Ἐγκέφαλον λαγωοῦ,,"Ἐγκέφαλον λαγωοῦ ἑψηθέντα παρατριβόμενόν τε καὶ ἐσθιόμενον ἐπὶ τῶν ὀδοντιώντων παιδίων ὠφέλιμον εἶναί φασι· τινὲς δὲ καὶ τρόμοις βοηθεῖν ἐσθιόμενον τὸν ἐγκέφαλον ἔγραψαν. τὸν δὲ τοῦ ἀλεκτρυόνος σὺν οἴνῳ πινόμενον θηριοδήκτοις φησὶ Διοσκουρίδης βοηθεῖν καὶ τὰς ἐκ μηνίγγων ἐπέχειν αἱμορραγίας. τὸν δὲ τῆς καμήλου φησὶν ὁ Γαληνὸς ξηρὸν μετ' ὄξους πινόμενον ἐπιληπτικοὺς θεραπεύειν καὶ τὸν τῆς γαλῆς ὁμοίως· τὸν δὲ τῆς χελιδόνος μετὰ μέλιτος πρὸς ὑποχύσεις ποιεῖν, τὸν δέ γε τῶν προβάτων σκευασθέντα ὁμοίως ταῖς τῶν παιδίων ὀδοντοφυίαις ἀκριβῶς βοηθεῖν.",,,,,,,
177,paul,7,3,ἐλαία,,2.208,,Ἐλαίας,,"Ἐλαίας οἱ μὲν θαλλοὶ τοσοῦτον μετέχουσι ψύξεως, ὅσον καὶ στύψεως, ὁ δὲ καρπὸς ὁ μὲν ἀκριβῶς πέπειρος θερμότερος συμμέτρως ἐστίν, ὁ δὲ ἄωρος στυπτικώτερός τε καὶ ψυχρότερος.",,,,,,,
178,paul,7,3,ἐλαίας αἰθιοπικῆς,,2.208,,Ἐλαίας Αἰθιοπικῆς,,Ἐλαίας Αἰθιοπικῆς τὸ δάκρυον προσεοικὸς ἀμμωνιακῷ λεπτῷ ῥυπτικῆς ἐστι δυνάμεως· δι' ὃ πρὸς οὐλὰς καὶ λευκώματα καὶ ἀμβλυωπίας αὐτῷ χρῶνται καὶ πρὸς ὀδόντων πόνους ἐντιθεμένῳ τῷ βρώματι. φασὶ δέ τινες ταύτην εἶναι τὴν ἀγρίαν ἐλαίαν.,,,,,,,
179,paul,7,3,ἔλαιον,,2.208,,Ἔλαιον,,"Ἔλαιον τὸ μὲν ἐκ τῆς δρυπεποῦς ἐλαίας γλυκὺ θερμόν τε μετρίως ἐστὶ καὶ μᾶλλον ὑγραντικόν· τὸ δὲ ὠμοτριβές, εἰς ὅσον μετέχει στύψεως, εἰς τοσοῦτον καὶ ψύξεως· τὸ δὲ πεπλυμένον ἀδηκτότερόν ἐστι· τὸ δὲ παλαιόν, ὅσῳ παλαιότερον, τοσοῦτόν ἐστι θερμότερόν τε καὶ διαφορητικώτερον, καὶ μάλιστα, εἰ λεπτομερὲς ἐξ ἀρχῆς εἴη· κρίνεται δὲ τοῦτο τῷ τε καθαρὸν εἶναι καὶ διαυγὲς καὶ τῷ ἐξ ὀλίγου πολὺ τοῦ σώματος ἀλείφεσθαι καὶ ῥᾳδίως ἀναπίνεσθαι πρὸς τοῦ χρωτός, τοιοῦτον δὲ μάλιστα τὸ Σαβῖνόν ἐστι. τὸ δὲ ἀπὸ τῆς ἀγρίας ἐλαίας ῥυπτικόν τε ἅμα καὶ στυπτικόν ἐστι καὶ αὐχμηρότατον ὡς ἐν ἐλαίοις. καὶ τὸ κίκινον δὲ ἰσοδυναμεῖ τῷ παλαιῷ· τὰ δὲ λοιπά, οἷον ῥαφάνινον, σησάμινον καὶ τὰ ἄλλα, πρὸς τὰς οὐσίας, ἐξ ὧν γέγονε, καὶ τὰς διαφορὰς ἔχει τῆς δυνάμεως.",,,,,,,
180,paul,7,3,ἐλαιόμελι,,2.209,,Ἐλαιόμελι,,"Ἐλαιόμελι. κατὰ Συρίαν ἔκ τινος στελέχους ἔλαιον ῥεῖ παχύτερον μέλιτος καὶ γλυκὺ τῇ γεύσει· ὃ πινόμενον πλῆθος κυάθων β μετὰ κοτύλης ὕδατος ἄγει τὸ κατὰ κοιλίαν ὠμὸν καὶ χολῶδες. νωθροὶ δὲ γίνονται οἱ λαμβάνοντες, καὶ οὐ δεῖ φοβεῖσθαι, ἀλλὰ διεγείρειν αὐτούς.",,,,,,,
181,paul,7,3,ἐλατήριον,,2.209,,Ἐλατήριον,,"Ἐλατήριον ὁ χυλὸς τοῦ καρποῦ τοῦ ἀγρίου σικύου προσαγορεύεται δευτέρας ὑπάρχον τῶν θερμαινόντων τάξεως· ὅπερ ἔμμηνά τε προκαλεῖται καὶ τὰ κυούμενα διαφθείρει προστιθέμενον διὰ τὴν ἄκραν πικρότητα· κενοῖ δὲ καὶ διὰ ῥινῶν μετὰ γάλακτος ἐγχριόμενον, ἐνιέμενον δὲ κάτωθεν κενοῖ φλέγμα, ἐνίοτε δὲ καὶ αἷμα.",,,,,,,
182,paul,7,3,ἐλάτη,,2.209,,Ἐλάτη,,Ἐλάτη τὸ δένδρον θερμαίνει καὶ ξηραίνει παραπλησίως αἰγείρῳ. περὶ δὲ τῆς ῥητίνης αὐτῆς ἐν τῷ περὶ ῥητινῶν εἰρήσεται.,,,,,,,
183,paul,7,3,ἐλατίνη,,2.209,,Ἐλατίνη,,Ἐλατίνη (πόα δέ ἐστι παραπλησία τῇ ἑλξίνῃ) μετρίως ἐμψύχει τε καὶ στύφει.,,,,,,,
184,paul,7,3,ἐλαφόβοσκος,,2.209,,Ἐλαφόβοσκος,,Ἐλαφόβοσκος θερμῆς καὶ ξηρᾶς ἐστι δυνάμεως κατὰ τὴν δευτέραν ἀπόστασιν καὶ λεπτομεροῦς.,,,,,,,
185,paul,7,3,ἐλελίσφακος,,2.209,,Ἐλελίσφακος,,Ἐλελίσφακος ἐναργῶς θερμαίνει τε καὶ ὑποστύφει.,,,,,,,
186,paul,7,3,ἑλένιον,,2.209,,Ἑλένιον,,Ἑλένιον θερμόν ἐστι καὶ ξηρὸν σὺν ὑγρότητι περιττωματικῇ· δι' ὃ καὶ τὰ ἐκ θώρακος ἐκλείκτοις μιγνύμενον ἀνάγει. καὶ φοινίσσουσι δὲ δι' αὐτοῦ τὰ μόρια.,,,,,,,
187,paul,7,3,ἐλεοσέλινον,,2.209,,Ἐλεοσέλινον,,Ἐλεοσέλινον ἐν τοῖς ἐφύδροις γεννώμενον τόποις τὰ αὐτὰ δύναται τῷ κηπευτῷ σελίνῳ μεῖζον αὐτοῦ ὄν.,,,,,,,
188,paul,7,3,ἐλέφαντος ὀδούς,,2.209,,Ἐλέφαντος,,Ἐλέφαντος τὰ ἐκ τοῦ ὄνυχος ῥινήματα καταπλασσόμενα παρωνυχίας θεραπεύει. καὶ τὰ τῶν ὀστῶν δὲ καὶ τῶν ὀδόντων αὐτοῦ ξηρᾶς τε καὶ ῥυπτικῆς ὄντα δυνάμεως τοῖς τοιούτοις μίγνυται φαρμάκοις.,,,,,,,
189,paul,7,3,ἕλκυσμα τοῦ ἀργύρου,,2.210,,Ἕλκυσμα τοῦ ἀργύρου,,Ἕλκυσμα τοῦ ἀργύρου ἐστὶν ἡ σκωρία τὴν αὐτὴν ἔχουσα μολυβδαίνῃ δύναμιν· στυπτικὴ γάρ ἐστι καὶ ἐπισπαστική· ὅθεν ἐμπλάστροις φαιαῖς τε καὶ ἀφουλωτικαῖς μίγνυται.,,,,,,,
190,paul,7,3,ἐλλέβορος ἑκάτερος,,2.210,,Ἐλλέβορος ἑκάτερος,,"Ἐλλέβορος ἑκάτερος θερμαίνει καὶ ξηραίνει κατὰ τὴν τρίτην ἀπόστασιν, ἔστι δὲ καὶ δριμὺς καὶ ῥυπτικός· ὅθεν πρὸς τὰ λεπρώδη τοῦ δέρματος ἁρμόττει. ὁ δὲ μέλας καὶ σύριγγας ἐν τρισὶν ἡμέραις ἐκτυλοῖ καθιέμενος.",,,,,,,
191,paul,7,3,ἐλίχρυσον:χρύσανθον:ἀμάραντον,,2.210,,"Ἐλίχρυσον, οἱ δὲ χρύσανθον, οἱ δὲ καὶ τοῦτο ἀμάραντον",,"Ἐλίχρυσον, οἱ δὲ χρύσανθον, οἱ δὲ καὶ τοῦτο ἀμάραντον, στεφανωματικόν ἐστι φυτὸν κόμην ἔχον χρυσοφανῆ· ἥτις σὺν οἴνῳ ποθεῖσα δυσουρίαις καὶ ἑρπετῶν δήγμασιν καὶ ἰσχιάσιν ἁρμόττει καὶ ῥήγμασιν ἔμμηνά τε ἄγει καὶ θρόμβους διαλύει σὺν οἰνομέλιτι ποθεῖσα καὶ κατάρροις βοηθεῖ.",,,,,,,alias_review
192,paul,7,3,ἑλξίνη:περδίκιον:παρθένιον:σιδηρῖτις:ἡράκλεια,,2.210,,"Ἑλξίνη, οἱ δὲ περδίκιον, οἱ δὲ παρθένιον, οἱ δὲ σιδηρῖτιν, οἱ δὲ Ἡρακλείαν",,"Ἑλξίνη, οἱ δὲ περδίκιον, οἱ δὲ παρθένιον, οἱ δὲ σιδηρῖτιν, οἱ δὲ Ἡρακλείαν, δύναμις δὲ αὐτῇ ῥυπτική τε καὶ ἀτρέμα στυπτικὴ μεθ' ὑγρότητος ὑποψύχρου.",,,,,,,alias_review
193,paul,7,3,ἑλξίνη:κισσάμπελος,,2.210,,Ἑλξίνη ἡ καὶ κισσάμπελος,,Ἑλξίνη ἡ καὶ κισσάμπελος διαφορητικῆς ἐστι δυνάμεως.,,,,,,,alias_review
194,paul,7,3,ἔλυμος:μελίνη,,2.210,,Ἔλυμος ἡ καὶ μελίνη,,Ἔλυμος ἡ καὶ μελίνη ὁμοία ἐστὶ κέγχρῳ ξηραντική τε καὶ ψυκτικὴ τὴν δύναμιν ἔξωθεν ἐπιπλασθεῖσα· ξηραίνει δὲ καὶ τὰ κατὰ γαστέρα ῥεύματα.,,,,,,,alias_review
195,paul,7,3,ἔμπετρον:πρασοειδές,,2.210,,Ἔμπετρον ἢ πρασοειδὲς,,Ἔμπετρον ἢ πρασοειδὲς καθαρτικόν ἐστι φάρμακον ἄγον φλέγμα καὶ χολήν. ἔστι δὲ καὶ ἁλυκόν· δι' ὃ καὶ ῥυπτικὸν ἂν εἴη.,,,,,,,
196,paul,7,3,ἐπίθυμον,,2.210,,Ἐπίθυμον,,Ἐπίθυμον ξηραίνει καὶ θερμαίνει κατὰ τὴν τρίτην ἀπόστασιν δραστικώτερον θύμου.,,,,,,,
197,paul,7,3,ἐπιμήδιον,,2.210,,Ἐπιμηδίου,,Ἐπιμηδίου ἡ δύναμις ψυκτικὴ μετρίως ἐστὶ μεθ' ὑγρότητος ὑδατώδους· ἥτις καταπλασσομένη μαστοὺς ὀρθίους διαφυλάττει· λέγεται δὲ καὶ ἄτοκος πινομένη.,,,,,,,
198,paul,7,3,ἐπιμηλίς,,2.210,,Ἐπιμηλίς,,"Ἐπιμηλίς, ἥτις καὶ οὐνέδων παρὰ τοῖς Ἰταλικοῖς ἀγροίκοις καλεῖται, ἔστι δὲ οἷον ἀγρία μηλέα· ἧς ὁ καρπὸς στρυφνὸς μέν ἐστι, κακοστόμαχος δὲ καὶ κεφαλαλγής.",,,,,,,
199,paul,7,3,ἐπιτακτίς:ἐλλεβορίνη,,2.211,,"Ἐπιτακτίς, οἱ δὲ ἐλλεβορίνην",,"Ἐπιτακτίς, οἱ δὲ ἐλλεβορίνην, πίνεται πρὸς τὰ θανάσιμα καὶ τὰ καθ' ἧπαρ νοσήματα.",,,,,,,alias_review
200,paul,7,3,ἐρέβινθος,,2.211,,Ἐρέβινθος,,"Ἐρέβινθος. τὸ μὲν σύνηθες ὄσπριον φυσῶδές ἐστι, τρόφιμον, εὐκοίλιον, διουρητικόν, γάλακτος καὶ σπέρματος γεννητικόν, καταμηνίων ἀγωγόν, οἱ δὲ κριοὶ καλούμενοι τῶν ἄλλων εἰσὶν οὐρητικώτεροι, τὸ δὲ ἀφέψημα αὐτῶν καὶ λίθους τοὺς ἐν νεφροῖς θρύπτει, καὶ μάλιστα τῶν μελάνων. οἱ δὲ ὀροβιαῖοι καλούμενοι θερμότεροι τούτων εἰσὶ καὶ ὑπόπικροι. οἱ δὲ ἄγριοι κατὰ πάντα τῶν ἡμέρων εἰσὶν ἰσχυρότεροι.",,,,,,,
201,paul,7,3,ἔρια,,2.211,,Ἔρια,,"Ἔρια τὰ μὲν ῥυπαρὰ χρήσιμα πρὸς τὰς ἐπιβροχάς εἰσι· πεπτικὸς γὰρ αὐτῶν ὁ οἴσυπος παραπλησίως τῷ βουτύρῳ· τὰ δὲ μὴ ῥυπαρὰ ὕλη μόνον εἰσί. τὰ δὲ κεκαυμένα δύναμιν ἔχει δριμεῖάν τε καὶ θερμὴν καὶ ξηρὰν ἅμα λεπτομερείᾳ, ὡς καὶ τὰς πλαδαρὰς σάρκας ἐπὶ τῶν ἑλκῶν ἀποτήκειν τάχιστα.",,,,,,,
202,paul,7,3,ἐρίκη,,2.211,,Ἐρίκη,,Ἐρίκη διαφορητικῆς ἀδήκτως ἐστὶ δυνάμεως· τῷ δὲ ἄνθει μάλιστα καὶ τοῖς φύλλοις αὐτῆς χρηστέον.,,,,,,,
203,paul,7,3,ἔρινος ἔφυδρός,,2.211,,Ἔρινος ἔφυδρός,,"Ἔρινος ἔφυδρός ἐστι πόα· τοῦ καρποῦ 𐅻 β μετὰ μέλιτος 𐅻 δ ἐγχριόμεναι ῥεῦμα ὀφθαλμῶν ἱστᾶσιν, ὁ δὲ χυλὸς ποιεῖ πρὸς ὠταλγίαν.",,,,,,,
204,paul,7,3,ἑρμοδακτύλου,,2.211,,Ἑρμοδακτύλου,,"Ἑρμοδακτύλου ἡ ῥίζα καθαρτικῆς ἐστι δυνάμεως αὐτή τε καὶ τὸ ἀφέψημα αὐτῆς, ἰδίως δὲ τοῖς ἀρθριτικοῖς ἐν αὐτοῖς τοῖς ῥευματισμοῖς δίδοται· ἔστι δὲ κακοστόμαχος ἱκανῶς.",,,,,,,
205,paul,7,3,ἕρπυλλος,,2.211,,Ἕρπυλλος,,"Ἕρπυλλος θερμαίνει, ὥστε καὶ οὖρα καὶ καταμήνια κινεῖν.",,,,,,,
206,paul,7,3,ἐρυθρόδανον,,2.211,,Ἐρυθρόδανον,,"Ἐρυθρόδανον (ἔστι δὲ ἡ τῶν βαφέων ἐρυθρὰ ῥίζα στρυφνὴ καὶ πικρὰ σπλῆνά τε καὶ ἧπαρ καὶ νεφροὺς διακαθαίρουσα, ὥστε καὶ αἱματώδη οὐρεῖν) καταμήνιά τε κινεῖ καὶ τὰ περὶ τὸ δέρμα ἀπορρύπτει.",,,,,,,
207,paul,7,3,ἐρυσίμου,,2.211-212,,Ἐρυσίμου,,Ἐρυσίμου τὸ σπέρμα πυρῶδές τε καὶ θερμαντικόν ἐστιν ἐπ' ἴσης καρδάμῳ· δι' ὅπερ ὀπτηθὲν ἐν ζύμῃ τοῦ θώρακός ἐστι καθαρτικὸν ἐν ἐλλείγμασι καὶ σκληρίας μαλάσσει καὶ τοὺς κρυπτοὺς καρκίνους ὠφελεῖ καταπλασσόμενον.,,,,,,,
208,paul,7,3,εὔζωμον,,2.212,,Εὔζωμον,,Εὔζωμον καὶ αὐτὸ παραπλησίας ὂν κράσεως φυσῶδές ἐστι· δι' ὃ καὶ εἰς συνουσίαν παρορμᾷ· τὸ δὲ σπέρμα αὐτοῦ καὶ οὐρητικόν ἐστιν. τοῦ δὲ ἡμέρου τὸ ἄγριον ἰσχυρότερον.,,,,,,,
209,paul,7,3,εὐπατόριον,,2.212,,Εὐπατόριον,,Εὐπατόριον λεπτομεροῦς καὶ τμητικῆς ἐστι δυνάμεως ἄνευ θερμότητος ἐπιφανοῦς· ὅθεν καὶ τὰς καθ' ἧπαρ ἐμφράξεις καθαίρει. ἔχει δέ τι καὶ στύψεως.,,,,,,,
210,paul,7,3,εὐφόρβιον,,2.212,,Εὐφόρβιον,,Εὐφόρβιον καυστικῆς ἐστι δυνάμεως καὶ λεπτομεροῦς ὁμοίως τοῖς ἄλλοις ὀποῖς.,,,,,,,
211,paul,7,3,ἐφήμερον,,2.212,,Ἐφήμερον,,"Ἐφήμερον, οὐ τὸ δηλητήριον, ἀλλ' ὅπερ ἶρις ἀγρία καλεῖται, μικτῆς ἐστι δυνάμεως ἀποκρουστικῆς τε καὶ διαφορητικῆς.",,,,,,,
212,paul,7,3,ἐχίδνης,,2.212,,Ἐχίδνης,,Ἐχίδνης αἱ σάρκες θερμαὶ καὶ ξηραὶ τὴν κρᾶσιν ἐναργῶς εἰσιν ἐκκαθαίρουσαι διὰ τοῦ δέρματος ὅλον τὸ σῶμα· δι' ὃ πολλοὶ τῶν ἐλεφαντιώντων ἐσθίοντες ἢ πίνοντες αὐτὰς ἰάθησαν. αἱ δὲ ἐν παραθαλασσίοις ἢ ἄλλοις ξηροῖς διαιτώμεναι χωρίοις καὶ διψώδεις μᾶλλόν εἰσιν.,,,,,,,
213,paul,7,3,ἐχῖνος,,2.212,,Ἐχῖνος,,"Ἐχῖνος ἡ μὲν πόα στρυφνή τέ ἐστι καὶ ἀποκρουστικὴ καὶ ξηραντική, τοῦ δὲ χερσαίου ἐχίνου τοῦ ζῴου ἡ μὲν σὰρξ σκελετευθεῖσα ἰσχυρῶς ἐστι διαφορητικὴ καὶ ξηραντική· ποθεῖσα γοῦν ἐλεφαντιῶσι καὶ καχέκταις καὶ ἄλλοις βοηθεῖ πλείοσι. τὸ δὲ δέρμα αὐτοῦ καυθὲν ξηραντικώτερόν τε καὶ διαφορητικώτατον γίνεται· ἀλωπεκίας γοῦν μετὰ πίσσης ὑγρᾶς καταχριόμενον ἰᾶται. τοῦ δὲ θαλαττίου τὸ μὲν ἐδώδιμον οὐρητικόν τέ ἐστι καὶ εὐκοίλιον, τὸ δὲ ὄστρακον καυθὲν παραπλήσιον τῷ τοῦ χερσαίου γίνεται.",,,,,,,
214,paul,7,3,ἔχιον:δωριάς:ἀλκιβιάδειον,,2.212-213,,"Ἔχιον, οἱ δὲ Δωριάδα, ἔνιοι δὲ καὶ ταύτην Ἀλκιβιάδειον",,"Ἔχιον, οἱ δὲ Δωριάδα, ἔνιοι δὲ καὶ ταύτην Ἀλκιβιάδειον, ἀκανθώδης ἐστὶ πόα, ἥτις οὐ μόνον τοῖς δηχθεῖσιν ὑπὸ ἑρπετοῦ βοηθεῖ ποθεῖσα μετ' οἴνου, ἀλλὰ καὶ προποθεῖσα τοὺς δακνομένους ἀβλαβεῖς διαφυλάττει.",,,,,,,alias_review
215,paul,7,3,ἕψημα,,2.213,,Ἕψημα,,"Ἕψημα τὸ ἑψηθὲν γλεῦκος, οἱ δὲ σίραιον προσαγορεύουσιν, θερμαῖνόν τε μετρίως καὶ συμπέττον· ἔστι δὲ ἐμπλαστικόν τε καὶ ἄδηκτον.",,,,,,,
216,paul,7,3,ζειά,,2.213,,Ζειὰ,,"Ζειὰ παραπλησίαν ἔχει τοῖς πυροῖς δύναμιν μεταξὺ μὲν οὖσα τοῦ θερμαίνειν τε καὶ ψύχειν, ἠρέμα δὲ ξηραίνουσα· ἔστι δὲ καὶ ἐμπλαστική.",,,,,,,
217,paul,7,3,ζιγγιβέρεως,,2.213,,Ζιγγιβέρεως,,"Ζιγγιβέρεως ἡ ῥίζα θερμαίνει μὲν ἰσχυρῶς, ἀλλ' οὐ κατὰ τὴν πρώτην προσβολήν, ἀκατεργάστου τινὸς καὶ παχυμερεστέρας μετέχον ὑγρότητος, δι' ἣν καὶ τιτρᾶται ῥᾳδίως, μόνιμον δὲ φυλάττει τὴν θερμότητα.",,,,,,,
218,paul,7,3,ζύθος,,2.213,,Ζύθος,,Ζύθος σύνθετός ἐστι τὴν οὐσίαν· καὶ γὰρ δριμὺς ὡς ἂν ἐκ σηπεδόνος γεγενημένος καὶ ψυχρὸς ἐκ τῆς ὀξώδους ποιότητος· δι' ὃ καὶ κακόχυμος.,,,,,,,
219,paul,7,3,ζύμη,,2.213,,Ζύμη,,Ζύμη καὶ αὐτὴ ἐξ ἐναντίων οὐσιῶν σύγκειται· καὶ γὰρ ὀξύτητος μετέχει ψυχρᾶς καὶ σηπεδονώδους θερμότητος καὶ προσέτι τῆς ἐκ τῶν ἁλῶν καὶ τοῦ ἀλεύρου· ἔστιν οὖν οὐ μετρίως θερμὴ καὶ διαφορητική.,,,,,,,
220,paul,7,3,ζωμός,,2.213,,Ζωμὸς,,"Ζωμὸς ὁ μὲν ἀπὸ τῶν νεαρῶν ἰχθύων κοιλίας ἐστὶν ὑπαγωγὸς καθ' ἑαυτόν τε καὶ μετ' οἴνου πινόμενος, ἰδίως δὲ ὁ ἀπὸ φυκίδων καὶ σκορπίων καὶ ἰούλων καὶ περκῶν καὶ τῶν ἁπαλῶν πετραίων λιτὸς μεθ' ὕδατος καὶ ἐλαίου καὶ ἀνήθου καὶ ἁλῶν· ὁμοίως δὲ καὶ ὁ τῶν ὀστρακοδέρμων, μάλιστα τελλίνων, χημῶν, κογχαρίων. καὶ ὁ τοῦ παλαιοῦ δὲ ἀλεκτρυόνος σὺν ἁλσὶν ἐπὶ πλεῖστον ἑψηθέντος ὑπακτικὸς γίνεται· ὁ δέ γε τῆς ἀλεκτορίδος τοὐναντίον ἐπικρατητικός.",,,,,,,
221,paul,7,3,ἡδύοσμον,,2.214,,Ἡδύοσμον,,"Ἡδύοσμον θερμὸν καὶ λεπτομερὲς καὶ δριμὺ τὴν δύναμίν ἐστιν ἐκ τῆς τρίτης που τάξεως μεθ' ὑγρότητος ἡμιπέπτου, δι' ἣν καὶ εἰς συνουσίαν παρορμᾷ. ἔχει δέ τι καὶ πικρόν· δι' ὃ τὰς ἕλμινθας ἀναιρεῖ. τῷ δὲ στρυφνῷ τὰς προσφάτους ἀναγωγὰς τοῦ αἵματος ἐπέχει.",,,,,,,
222,paul,7,3,ἡδύσαρον:πελεκῖνος,,2.214,,Ἡδύσαρον ἢ πελεκῖνος,,Ἡδύσαρον ἢ πελεκῖνος πικρὸν καὶ ὑποστῦφόν ἐστιν· ὅθεν εὐστόμαχόν τε γίνεται πινόμενον ἐκκαθαίρει τε τὰς τῶν σπλάγχνων ἐμφράξεις.,,,,,,,
223,paul,7,3,ἡλιοτρόπιον μέγα:σκορπίουρον,,2.214,,"Ἡλιοτρόπιον μέγα, ὃ δὴ καὶ σκορπίουρον καλοῦσιν",,"Ἡλιοτρόπιον μέγα, ὃ δὴ καὶ σκορπίουρον καλοῦσιν, θερμῆς καὶ ξηρᾶς καὶ ῥυπτικῆς ἐστι δυνάμεως· οὗ τὸ ἀφέψημα ποθὲν ἄγει φλέγμα καὶ χολήν, καταπλασσόμενος δὲ ὁ καρπὸς αὐτοῦ μυρμηκίας καὶ τὰ παραπλήσια ξηραίνει. τὸ δὲ μικρὸν καὶ ταῦτα μὲν αἴρει, καὶ ἕλμινθας δὲ κτείνει μετὰ τοῦ καρποῦ πινόμενον σὺν νίτρῳ καὶ ὑσσώπῳ καὶ καρδάμῳ.",,,,,,,alias_review
224,paul,7,3,ἤλεκτρον,,2.214,,Ἤλεκτρον,,Ἤλεκτρον τὸ τῆς αἰγείρου δάκρυόν φασι κατὰ τὸν Ἠριδανὸν ποταμὸν ἀποχεόμενον καὶ πηγνύμενον χρυσοειδές· ὅπερ πινόμενον λεῖον στομάχου καὶ κοιλίας ῥεῦμα καὶ αἷμα ἐπέχει.,,,,,,,
225,paul,7,3,ἡμεροκαλλοῦς,,2.214,,Ἡμεροκαλλοῦς,,Ἡμεροκαλλοῦς ἡ ῥίζα παραπλησίαν ἔχουσα τῇ τοῦ κρίνου δύναμιν ὁμοίως ἐκείνῳ τὰ πυρίκαυτα ὠφελεῖ.,,,,,,,
226,paul,7,3,ἡμιονῖτις,,2.214,,Ἡμιονῖτις,,Ἡμιονῖτις στύψεως ἅμα πικρότητι μετέχει· δι' ὃ καὶ σπληνικοὺς ὠφελεῖ σὺν ὄξει πινομένη.,,,,,,,
227,paul,7,3,ἧπαρ,,2.214-215,,Ἧπαρ,,"Ἧπαρ τὸ μὲν τοῦ λυττῶντος κυνὸς ὀπτηθέν, εἰ βρωθείη, τοῖς ὑπ' αὐτοῦ δηχθεῖσί φασι βοηθεῖν, τοῦ δὲ τῆς αἰγὸς ὀπτωμένου τὸν ἰχῶρα νυκτάλωπας ὠφελεῖν ἐνσταζόμενον· καὶ τὸν ἀτμὸν δὲ αὐτοῦ δέχεσθαι τοῖς ὀφθαλμοῖς ἑψομένου κελεύουσι καὶ αὐτὸ ἐσθίειν, ἐλέγχειν τε τοὺς ἐπιληπτικούς, εἰ βρωθείη. ταὐτὰ δὲ ποιεῖν καὶ τὸ τράγειόν φασι· τὸ δὲ τῆς σαύρας ἐντεθὲν ὀδοῦσι βεβρωμένοις ἀνωδυνίαν ποιεῖν. τὸ δὲ τοῦ λύκου καὶ εἰς τὸ δι' εὐπατορίου φάρμακον ἡπατικὸν ἐμβάλλεται. τὸ δὲ ὄνειον ὀπτὸν ἐπιληπτικοὶ νήστεις ἐσθίοντες βοηθοῦνται. τὸ δὲ τοῦ κάπρου νεαρὸν ξηρανθὲν λεῖον σὺν οἴνῳ πρὸς ἑρπετῶν πίνεται δήγματα. τὸ δὲ τῆς αἰθυίας ξηρὸν πινόμενον λίθους ἐκβάλλει.",,,,,,,
228,paul,7,3,ἠριγέρων,,2.215,,Ἠριγέρων,,Ἠριγέρων ἐπίμικτον ἔχει δύναμιν ψυκτικήν τε καὶ μετρίως διαφορητικήν.,,,,,,,
229,paul,7,3,ἠρύγγιον,,2.215,,Ἠρύγγιον,,"Ἠρύγγιον θερμαίνει μὲν οὐ καταφανῶς, ξηρότητος δὲ λεπτομεροῦς οὐκ ὀλίγης μετέχει.",,,,,,,
230,paul,7,3,θαλάσσιον ὕδωρ,,2.215,,Θαλάσσιον ὕδωρ,,"Θαλάσσιον ὕδωρ δριμὺ καὶ θερμαντικὸν μετρίως καὶ ξηραντικόν ἐστι καὶ κακοστόμαχον μὲν πινόμενον, κοιλίας δὲ ταρακτικὸν καὶ φλεγμάτων ἀγωγόν· θερμὸν δὲ καταντλούμενον ἐπισπᾶται καὶ διαφορεῖ.",,,,,,,
231,paul,7,3,θαλίητρον,,2.215,,Θαλίητρον,,Θαλίητρον δύναμιν ἔχει ξηραντικὴν χωρὶς δήξεως· ἐπουλοῖ γοῦν τὰ χρόνια ἕλκη.,,,,,,,
232,paul,7,3,θαψία,,2.215,,Θαψία,,Θαψία δριμεῖα καὶ ἰσχυρῶς ἐστι θερμαντικὴ σὺν ὑγρότητι· ἕλκει τοιγαροῦν ἐκ βάθους βιαίως καὶ αὐτὴ διαφορεῖ τὸ ἑλχθέν.,,,,,,,
233,paul,7,3,θεῖον,,2.215,,Θεῖον,,"Θεῖον ἑλκτικῆς ἐστι καὶ αὐτὸ δυνάμεως θερμόν τε καὶ λεπτομερές, ὥστε πρὸς πολλὰ τῶν ἰοβόλων ἀνθίστασθαι, καὶ μάλιστα ἐπί τε τρυγόνος θαλασσίας καὶ δράκοντος, ἤτοι ξηρὸν ἐπιπαττόμενον ἢ καὶ μιγνύμενον σιάλῳ ἢ οὔρῳ παιδὸς ἢ ἐλαίῳ ἢ μέλιτι· καὶ τὰ ψωρώδη δὲ θαυμαστῶς ἰᾶται.",,,,,,,
234,paul,7,3,θέρμος,,2.215,,Θέρμος,,"Θέρμος ὁ μὲν ἐδώδιμος ἐμπλαστικῆς ἐστι δυνάμεως, ὁ δὲ πικρὸς ῥυπτικός τε καὶ διαφορητικὸς καὶ ξηραίνων ἀδήκτως· ἕλμεις τε γοῦν ἀναιρεῖ ἐπιπλαττόμενός τε καὶ πινόμενος καὶ τὰ σπλάγχνα διακαθαίρει μετὰ πηγάνου καὶ πεπέρεως πινόμενος καὶ τὰ περὶ τὸ δέρμα διασμήχει καὶ ὄγκους διαφορεῖ μετ' ὀξυμέλιτος καταπλαττόμενος. ὁ δὲ ἄγριος πικρότερός τε καὶ ἰσχυρότερός ἐστι κατὰ πάντα τοῦ ἡμέρου.",,,,,,,
235,paul,7,3,θηλύπτερον:νυμφαία πτέρις,,2.216,,"Θηλύπτερον, ἣν ἔνιοι νυμφαίαν πτέριν ὀνομάζουσιν",,"Θηλύπτερον, ἣν ἔνιοι νυμφαίαν πτέριν ὀνομάζουσιν, παρεοικυῖα τῇ πτέριδι καὶ κατὰ τὴν δύναμιν· ἥτις ποθεῖσα μετ' οἴνου πλατείας τε καὶ στρογγύλας ἕλμεις κτείνει· ἔστι δὲ καὶ φθόριος ἐμβρύων. τὰ δὲ φύλλα αὐτῆς βρωθέντα κοιλίαν μαλάσσει.",,,,,,,alias_review
236,paul,7,3,θλάσπι,,2.216,,Θλάσπι,,Θλάσπι σπέρμα ἐστὶ δριμὺ τὴν δύναμιν· ὥστε καὶ τὰ ἐντὸς ἀποστήματα ῥήσσει πινόμενον καὶ καταμήνια κινεῖ καὶ δι' ἕδρας ἐνιέμενον ἰσχιαδικοὺς ὀνίνησιν αἱματώδη κενοῦν καὶ ἄλλως καθαρτικὸν ἄνω τε καὶ κάτω χολωδῶν ὀξυβάφου πλῆθος πινόμενον.,,,,,,,
237,paul,7,3,θρίδαξ,,2.216,,Θρίδαξ,,"Θρίδαξ ὑγρὸν καὶ ψυχρόν ἐστι λάχανον οὐκ ἐσχάτως ἀλλὰ κατὰ τὴν τῶν κρηναίων ὑδάτων κρᾶσιν, ὥστε πρὸς τὰς θερμὰς φλεγμονὰς ἁρμόττειν· ἔστι δὲ καὶ ἄδιψος καὶ γονορροίαν ἐπέχει καὶ ὀνειρωγμοὺς πινομένη. ἡ δὲ ἀγρία ταύτης ἧττον ψύχει τε καὶ ὑγραίνει, ἔστι δὲ ὀπωδεστέρα.",,,,,,,
238,paul,7,3,θύμος,,2.216,,Θύμος,,Θύμος θερμαίνει τε καὶ ξηραίνει κατὰ τὴν τρίτην τάξιν· ἔστι δὲ τμητικὸς τῶν γλίσχρων καὶ παχέων χυμῶν.,,,,,,,
239,paul,7,3,θύμβρα,,2.216,,Θύμβρα,,"Θύμβρα ἡ μὲν ἀγρία τὰ αὐτὰ τῷ θύμῳ δύναται, ἡ δὲ κηπευτὴ κατὰ πάντα μὲν ἀσθενεστέρα, πρὸς δὲ βρῶσιν βελτίων.",,,,,,,
240,paul,7,3,θυμελαία,,2.216,,Θυμελαία,,Θυμελαία. ἐκ ταύτης ὁ Κνίδιος κόκκος γίνεται παραπλησίαν αὐτῷ δύναμιν ἔχουσα.,,,,,,,
241,paul,7,3,ἰδαία ῥίζα,,2.216,,Ἰδαία ῥίζα,,Ἰδαία ῥίζα στρυφνὴ τὴν γεῦσίν τε καὶ τὴν δύναμιν ὑπάρχουσα πρὸς αἱμορραγίας τε καὶ ῥευματικὰς ἁρμόζει διαθέσεις πινομένη τε καὶ ἔξωθεν ἐπιτιθεμένη.,,,,,,,
242,paul,7,3,ἱδρῶτα,,2.216-217,,Ἱδρῶτα,,"Ἱδρῶτα καθ' αὑτὸν μὲν συνάγειν ἐργῶδές ἐστι, μίγνυται δὲ ἐν ταῖς παλαίστραις τῶν γυμναζομένων τῷ πάτῳ τὸ ἀποκρουστικὸν μόνον ἔχοντι, καὶ γίνεται τὸ ὅλον διαφορητικόν· ἐπὶ γοῦν τῶν φλεγμαινόντων τιτθῶν δραστικόν ἐστι βοήθημα καὶ πρὸς τὸ σβέσαι τὸ τετυρωμένον αὐτοῖς· ποιεῖ δὲ καὶ πρὸς βουβῶνας. εἰ δὲ ξηρότερον εἴη, συμμαλακτέον αὐτὸ κυπρίνῳ ἢ ῥοδίνῳ.",,,,,,,
243,paul,7,3,ἰξός,,2.217,,Ἰξὸς,,"Ἰξὸς θερμαίνει μετὰ δριμύτητος· ἕλκει γοῦν ἐκ τοῦ βάθους ἰσχυρῶς καὶ διαφορεῖ παραπλησίως τῇ θαψίᾳ, πολλῷ δὲ ἐκείνης ἐστὶν ἀργότερος.",,,,,,,
244,paul,7,3,ἴου,,2.217,,Ἴου,,Ἴου τὰ φύλλα τὴν ὑδατώδη καὶ ὑπόψυχρον ἐπικρατοῦσαν οὐσίαν κέκτηται.,,,,,,,
245,paul,7,3,ἰός,,2.217,,Ἰὸς,,"Ἰὸς δριμεῖαν ἔχει ποιότητα γευομένοις διαφορητικός τε καὶ καθαιρετικὸς καὶ τμητικὸς ὑπάρχων οὐχ ἁπαλῆς μόνον ἀλλὰ καὶ σκληρᾶς σαρκός· εἰ δέ τις ὀλίγον αὐτοῦ μίξειε πολλῇ κηρωτῇ, ῥυπτικὸν ἀδήκτως ἐργάσεται φάρμακον.",,,,,,,
246,paul,7,3,ἱππόκαμπος θαλάσσιόν,,2.217,,Ἱππόκαμπος θαλάσσιόν,,"Ἱππόκαμπος θαλάσσιόν ἐστι ζῷον, οὗ καυθέντος ἡ τέφρα σὺν πίσσῃ ὑγρᾷ ἀλωπεκίας δασύνει.",,,,,,,
247,paul,7,3,ἱππολάπαθον,,2.217,,Ἱππολάπαθον,,Ἱππολάπαθον ἐν ἕλεσι γίνεται λαπάθῳ παραπλήσιον ὑπάρχον.,,,,,,,
248,paul,7,3,ἱππομάραθρον,,2.217,,Ἱππομάραθρον,,"Ἱππομάραθρον τὸ μὲν κάχρυι προσεοικὸς ξηραντικώτερόν ἐστι τοῦ μαράθρου· δι' ὃ καὶ τὴν γαστέρα ἵστησι καὶ λίθους θρύπτει καὶ καταμήνια κινεῖ· τὸ δὲ σπέρμα ἔχον ὅμοιον τῷ τοῦ κοριάννου παραπλήσιον μὲν ἐκείνῳ, ἀσθενέστερον δέ.",,,,,,,
249,paul,7,3,ἱπποποτάμου ὄρχις,,2.217,,Ἱπποποτάμου ὄρχις,,Ἱπποποτάμου ὄρχις ξηρὸς πίνεται πρὸς ἑρπετῶν δήγματα.,,,,,,,
250,paul,7,3,ἱπποσέλινον,,2.217,,Ἱπποσέλινον,,"Ἱπποσέλινον παραπλησίαν ἔχει τῷ σελίνῳ τὴν δύναμιν, ἀσθενέςτερον δέ.",,,,,,,
251,paul,7,3,ἵππουρις,,2.217,,Ἵππουρις,,Ἵππουρις στυπτικὴν μετὰ πικρότητος ἔχει ποιότητα καὶ διὰ τοῦτο ξηραίνει ἰσχυρῶς τε ἅμα καὶ ἀδήκτως· τραύματα γοῦν τὰ μέγιστα κολλᾷ καὶ ἐντεροκήλας ὀνίνησι καὶ τὰ ῥοώδη τῶν παθῶν ἰᾶται μετ' οἴνου πινομένη.,,,,,,,
252,paul,7,3,ἱπποφαές:ἱππόφαιος,,2.217,,"Ἱπποφαές, οἱ δὲ ἱππόφαιος",,"Ἱπποφαές, οἱ δὲ ἱππόφαιος, ᾧ γνάπτουσι τὰ ἱμάτια, θάμνος ἐστὶ φρυγανώδης, ἧς ἡ ῥίζα ὀπίζεται καθάπερ ἡ θαψία· τοῦ δὲ ὀποῦ ὀβολὸς εἷς σὺν ὀροβίνῳ ἀλεύρῳ δοθεὶς καθαίρει χολὴν καὶ φλέγμα. καὶ ὅλον δὲ τὸ φυτὸν ξηραινόμενον καθαρτικὸν γίνεται.",,,,,,,alias_review
253,paul,7,3,ἶρις,,2.218,,Ἶρις,,"Ἶρις θερμαντική ἐστι καὶ λεπτομερὴς ἱκανῶς καὶ θρυπτικὴ καὶ συμπεπτική· βηξὶ γοῦν ἁρμόττει καὶ εὐανάγωγα ποιεῖ τὰ κατὰ θώρακα καὶ στρόφους ἰᾶται καὶ τὰ ῥυπαρὰ τῶν ἑλκῶν καθαίρει, πινομένη δὲ σὺν μελικράτῳ κενοῖ κοιλίαν.",,,,,,,
254,paul,7,3,ἰσάτις,,2.218,,Ἰσάτις,,"Ἰσάτις ἡ μὲν ἥμερος, ᾗ οἱ βαφεῖς χρῶνται, ξηραντικῆς ἐστι δυνάμεως ἔχουσα καὶ στῦψιν· ταῦτά τοι καὶ τὰ μεγάλα τραύματα τῶν σκληρῶν κολλᾷ σωμάτων καὶ τὰ αἱμορραγοῦντα ὠφελεῖ καὶ τοὺς οἰδηματώδεις ὄγκους διαφορεῖ καὶ πᾶσι τοῖς κακοήθεσιν ἀνθίσταται. ἡ δὲ ἀγρία δάκνουσα μᾶλλον καὶ διὰ τοῦτο ξηραντικωτέρα γινομένη πρὸς μὲν τὰς ὑγρὰς σηπεδόνας ἰσχυρότερον ἀνθίσταται, πρὸς δὲ τὰ ἄλλα χείρων ἐστὶ δάκνουσα· διὰ δὲ τὸ ἰσχυρὸν τῆς δυνάμεως καὶ τοῖς σπληνικοῖς ἐστι χρήσιμος.",,,,,,,
255,paul,7,3,ἰσόπυρον,,2.218,,Ἰσόπυρον,,Ἰσόπυρον ἢ φασίλιον σπέρμα πικρὸν καὶ ὑπόστρυφνον ἔχει· ῥύπτει τοιγαροῦν καὶ τέμνει τοὺς παχεῖς καὶ γλίσχρους χυμοὺς μετὰ τοῦ συνάγειν καὶ σφίγγειν τὰ σώματα· δι' ὃ καὶ τὰ ἐν βάθει καθαίρει καὶ αἱμοπτυικοῖς οὐκ ἀντιπράττει.,,,,,,,
256,paul,7,3,ἰτέας,,2.218,,Ἰτέας,,"Ἰτέας τά τε φύλλα καὶ τὸ ἄνθος ἀδήκτου ξηραντικῆς ἐστι δυνάμεως, ἔχει δέ τινα καὶ στῦψιν. ξηρότερος δὲ ὁ φλοιός, οὗ καυθέντος ἡ τέφρα τῶν ἰσχυρῶς ἐστι ξηραινόντων· ἥλους γοῦν καὶ μυρμηκίας αἴρει σὺν ὄξει.",,,,,,,
257,paul,7,3,ἰχθυοκόλλα,,2.218,,Ἰχθυοκόλλα,,"Ἰχθυοκόλλα ἐμπλαστικῆς ἐστι καὶ ξηραντικῆς δυνάμεως, εὐθετεῖ δὲ εἴς τε τὰς κεφαλικὰς καὶ κολλητικὰς ἐμπλάστρους καὶ εἰς τὰς λεπρικὰς δυνάμεις καὶ εἰς τετανότητα προσώπου.",,,,,,,
258,paul,7,3,κάγκανον,,2.218,,Καγκάνου,,"Καγκάνου ἡ ῥίζα ξηραντικὴ μετρίως ἐστὶ καὶ ἄδηκτος ἐμπλαστική· δι' ὃ τὰς τῆς ἀρτηρίας τραχύτητας ὀνίνησιν ἐκλειχομένη τε σὺν οἴνῳ καὶ διαμασωμένη, καθάπερ τραγάκανθά τε καὶ γλυκύριζα.",,,,,,,
259,paul,7,3,κάγχαμον,,2.219,,Κάγχαμον,,"Κάγχαμον δάκρυόν ἐστι ξύλου Ἀραβικοῦ σμύρνῃ προσεοικὸς εὐῶδες, ᾧ καὶ θυμιάματι χρῶνται· δύναμιν δὲ ἔχει ἰσχναντικὴν τῶν καταπιμέλων καὶ ῥυπτικὴν καὶ ἐκφρακτικήν.",,,,,,,
260,paul,7,3,καδμίαι,,2.219,,Καδμίαι,,"Καδμίαι ἀμφότεραι ξηραίνουσιν, ἀλλ' ἡ μὲν βοτρυῖτις λεπτομερεστέρα, παχυμερεστέρα δὲ ἡ πλακῖτίς ἐστιν. καυθεῖσα δὲ ἡ καδμία ἀδήκτως ξηραίνει καὶ ῥύπτει καὶ γίνεται χρήσιμος εἰς τὰ πληρώσεως ἕλκη δεόμενα κατά τε τοὺς ὀφθαλμοὺς καὶ ὅλον τὸ σῶμα, καὶ μάλιστα τὰ ὑγρότερα ἐπὶ τῶν μαλακωτέρων σωμάτων· ἐπὶ γὰρ τῶν σκληροτέρων δραστικωτέρων χρεία φαρμάκων.",,,,,,,
261,paul,7,3,κακκαλία,,2.219,,Κακκαλία,,Κακκαλία παραπλησίαν ἔχει τῷ καγκάνῳ δύναμίν τε καὶ χρῆσιν.,,,,,,,
262,paul,7,3,καλαμάγρωστις,,2.219,,Καλαμάγρωστις,,Καλαμάγρωστις ξηραίνει· δι' ὅπερ ὁ χυλός τε καὶ τὸ ἀφέψημα τῶν ῥιζῶν αὐτῆς ὀφθαλμικαῖς μίγνυται δυνάμεσιν· τὸ δὲ σπέρμα οὐρητικόν τέ ἐστι καὶ εὐστόμαχον.,,,,,,,
263,paul,7,3,καλαμίνθη,,2.219,,Καλαμίνθη,,Καλαμίνθη θερμὴ καὶ ξηρὰ τὴν κρᾶσίν ἐστιν ἐκ τῆς τρίτης που τάξεως καὶ λεπτομερὴς καὶ δριμεῖα ἰσχυροτέρα πολλῷ τοῦ ἡδυόσμου· ἔστι γὰρ οἷον ἄγριος ἡδύοσμος· ῥᾳδίως τε γοῦν ἐκ τοῦ βάθους ἐπισπᾶται πρὸς ἑαυτήν (δι' ὃ καὶ ἱδρῶτας κινεῖ καὶ τὸ σύμπαν σῶμα διαφορεῖ) καὶ τὰ κατὰ περίοδον ῥίγη παύει ἔξωθέν τε σὺν ἐλαίῳ τριβομένη γενναίως καὶ εἴσω πινομένη. ἔστι δὲ καὶ ἰσχιαδικῶν κλυστικὴ καὶ τὰς περὶ τὸ δέρμα κακοχυμίας ἀποσμήχει.,,,,,,,
264,paul,7,3,κάλαμος,,2.219,,Κάλαμος,,"Κάλαμος ὁ μὲν ἀρωματικὸς θερμαίνει καὶ ξηραίνει κατὰ τὴν δευτέραν τάξιν, ἔχει δέ τι καὶ λεπτομερὲς καὶ στυπτικόν· οὐρητικός τε οὖν ἐστι καὶ ταῖς στομαχικαῖς ταῖς τε καθ' ἧπαρ καὶ ὑστέραν ἐπιμίγνυται δυνάμεσιν. ὁ δὲ φραγμίτης ῥυπτικός ἐστι, τὰ δὲ φύλλα αὐτοῦ τὰ χλωρὰ μετρίως ἐμψύχει, ὁ δὲ φλοιὸς αὐτοῦ καυθεὶς θερμαίνει καὶ ξηραίνει κατὰ τὴν τρίτην που τάξιν· τὴν δὲ ῥίζαν αὐτοῦ σὺν βολβοῖς καταπλαττομένην ἀκίδας τε καὶ σκόλοπας ἐπισπᾶσθαί φασιν.",,,,,,,
265,paul,7,3,κάμπαι,,2.219,,Κάμπαι,,Κάμπαι αἱ ἐπὶ τῶν λαχάνων ἐπιχριόμεναι σὺν ἐλαίῳ ἀδήκτους ὑπὸ τῶν ἰοβόλων φυλάττειν λέγονται.,,,,,,,
266,paul,7,3,κανθαρίδες,,2.220,,Κανθαρίδες,,"Κανθαρίδες αἱ ἐν τοῖς πυροῖς εὑρισκόμεναι μηλίνας ἐγκαρσίους ζώνας ἔχουσαι ὄξους θερμανθέντος ἀτμῷ πνιγεῖσαι πολύχρηστοι γίνονται· τούς τε γὰρ ψωρώδεις ὄνυχας ἐκβάλλουσι σὺν κηρωτῇ καὶ ἥλους καὶ τὰ ψωρώδη τῶν παθῶν ὠφελοῦσιν. εἰσὶ δὲ καὶ σηπταὶ καὶ καυστικαί, τινὲς δὲ καὶ τοῖς οὐρητικοῖς φαρμάκοις ἐλάχιστον αὐτῶν μίξαντες ἔδοσαν.",,,,,,,
267,paul,7,3,καννάβεως ὁ καρπός,,2.220,,Καννάβεως,,"Καννάβεως ὁ καρπὸς ἄφυσος καὶ ξηραντικός ἐστιν, ὥστε καὶ τὴν γονὴν ξηραίνειν. ὁ δὲ χυλὸς αὐτοῦ χλωροῦ πρὸς ὤτων ἀλγήματα τὰ κατ' ἔμφραξιν ποιεῖ.",,,,,,,
268,paul,7,3,κάνωπον,,2.220,,Κάνωπον,,"Κάνωπον τὸ τῆς ἀκτῆς ἄνθος ἐστί, περὶ οὗ λέλεκται.",,,,,,,
269,paul,7,3,κάπνιος:καπνός,,2.220,,"Κάπνιος, οἱ δὲ καπνός",,"Κάπνιος, οἱ δὲ καπνός, ὠνόμασται δὲ ἐκ τοῦ τὸν χυλὸν αὐτοῦ πολὺ δάκρυον ἐπισπᾶσθαι· καὶ γὰρ ὀξυδορκίαν ποιεῖ, δριμὺς δὲ καὶ πικρός ἐστιν· ὅθεν οὖρά τε χολώδη προτρέπει πολλὰ καὶ τὰς καθ' ἧπαρ ἐμφράξεις τε καὶ ἀτονίας ἰᾶται στόμαχόν τε ῥώννυσι καὶ γαστέρα λαπάττει.",,,,,,,alias_review
270,paul,7,3,καππάρεως,,2.220,,Καππάρεως,,"Καππάρεως ἡ ῥίζα ῥύπτει μὲν καὶ διακαθαίρει καὶ τέμνει καὶ διαφορεῖ τῇ τε πικρότητι καὶ δριμύτητι, συνάγει δὲ καὶ σφίγγει καὶ πιλεῖ τῇ στρυφνότητι· δι' ὃ σπλῆνάς τε σκιρρώδεις ὀνίνησι πινομένη τε καὶ ἔξωθεν ἐπιτιθεμένη καὶ καταμήνια κινεῖ καὶ ἀποφλεγματίζει τά τε κακοήθη τῶν ἑλκῶν ὠφελεῖ καὶ ὀδόντων πόνους ἰᾶται ὄγκους τε διαφορεῖ καὶ ἀλφοὺς καὶ τοὺς ἐν ὠσὶ σκώληκας ἀναιρεῖ. καὶ τὰ φύλλα δὲ καὶ ὁ καρπὸς παραπλησίας μέν, ἀσθενεστέρας δὲ δυνάμεώς εἰσιν.",,,,,,,
271,paul,7,3,καρδάμου,,2.220,,Καρδάμου,,"Καρδάμου τὸ σπέρμα καυστικόν ἐστιν, ὥσπερ τὸ νᾶπυ· δι' ὃ καὶ φοινίσσει καταπλαττόμενον, τέμνει δὲ καὶ τοὺς παχεῖς χυμοὺς σὺν ἑτέροις πινόμενον. καὶ ἡ πόα δὲ ξηρὰ μὲν παραπλησίας ἐστὶ δυνάμεως, ὑγρὰ δὲ μετριωτέρα· δι' ὃ καὶ ὠμὴν αὐτὴν ἐσθίουσιν.",,,,,,,
272,paul,7,3,καρδάμωμον,,2.220,,Καρδάμωμον,,"Καρδάμωμον δριμὺ μὲν καὶ αὐτό, τοῦ δὲ καρδάμου ἀσθενέστερον, ἔχει δέ τι καὶ πικρότητος, δι' ἣν τὰς ἕλμινθας ἀναιρεῖ καὶ τὰς ψώρας ἀπορρύπτει σὺν ὄξει.",,,,,,,
273,paul,7,3,καρίς,,2.221,,Καρὶς,,Καρὶς λειωθεῖσα καὶ μετὰ ῥίζης βρυωνίας πινομένη ἕλμινθας ἐξάγει.,,,,,,,
274,paul,7,3,καρκίνων,,2.221,,Καρκίνων,,"Καρκίνων κεκαυμένων ἡ τέφρα τῶν μὲν ποταμίων ξηραντική ἐστιν ὁμοίως τῇ τῶν ἐχίνων τε καὶ κοχλιῶν, ἰδιότητι δὲ τῆς ὅλης οὐσίας θαυμαστῶς ἐπὶ τῶν λυσσοδήκτων ἐνεργεῖ πινομένη, ὡς ἐν ἄλλοις εἴρηται· ἡ δὲ τῶν θαλασσίων ὑπερβάλλουσαν ἔχουσα τὴν ξηρότητα τούτοις μὲν οὐχ ἁρμόττει, τοὺς δὲ μᾶλλον ξηραίνεσθαι χρῄζοντας ὠφελεῖ. καταπλαττόμενος δὲ λεῖος ὁ ποτάμιος σκόλοπάς τε καὶ ἀκίδας ἀναβάλλει.",,,,,,,
275,paul,7,3,κάρου,,2.221,,Κάρου,,"Κάρου τὸ σπέρμα θερμαίνει καὶ ξηραίνει κατὰ τὴν τρίτην που τάξιν, ἄφυσόν τέ ἐστι καὶ οὐρητικόν, οὐ τὸ σπέρμα μόνον ἀλλὰ καὶ ὅλον τὸ φυτόν.",,,,,,,
276,paul,7,3,καρπήσιον,,2.221,,Καρπήσιον,,Καρπήσιον ἀρωματίζον ἐστὶ καὶ λεπτομερές· ῥύπτει τε γοῦν τὰς τῶν σπλάγχνων ἐμφράξεις καὶ οὖρα κινεῖ καὶ νεφροὺς ἐκκαθαίρει λιθιῶντας.,,,,,,,
277,paul,7,3,καρύα,,2.221,,Καρύα,,"Καρύα τὸ δένδρον ἔχει μέν τι κἀν τοῖς βλαστοῖς στυπτικόν, πλεῖστον δὲ ἐν τοῖς τῶν καρύων λέμμασιν· ὁ γοῦν χυλὸς αὐτῶν ἑψόμενος σὺν μέλιτι στοματικὸν γίνεται φάρμακον. τὸ δὲ λέπος αὐτὸ καυθὲν λεπτομερὲς γίνεται καὶ ξηραντικὸν ἀδήκτως. τὸ δὲ ἐδώδιμον αὐτοῦ ἐλαιῶδες ὂν ῥᾳδίως ἐκχυλοῦται, τὸ δὲ ἐξ αὐτοῦ ἔλαιον λεπτομερές τέ ἐστι καὶ διαφορητικὸν ὄγκων τε καὶ σηπεδόνων. τὰ δὲ ταγγὰ κάρυα διὰ παλαιότητα ῥυπτικὴν ἔχουσι τῶν περὶ τὸ δέρμα δύναμιν. τὸ δὲ Ποντικόν, ὃ δὴ καὶ λεπτοκάρυον καλοῦσι, ψυχρότερόν ἐστι καὶ αὐστηρόν, τὰ δὲ ἄλλα τῷ μεγάλῳ παραπλησίως.",,,,,,,
278,paul,7,3,καρυόφυλλον,,2.221,,Καρυόφυλλον,,"Καρυόφυλλον οὐ πρὸς τοὔνομα καὶ τὴν οὐσίαν ἔχει, ἀλλ' ἐκ τῆς Ἰνδίας οἷον ἄνθη τινὰ δένδρου καρφοειδῆ μέλανα, ὅσον δακτύλου σύνεγγυς τὸ μῆκος, φέρεται ἀρωματίζοντα καὶ δριμέα, ὑπόπικρα, θερμά τε καὶ ξηρὰ περί που τρίτης τάξεως· ἃ πολύχρηστά ἐστιν ἐν ὄψοις τε καὶ ἑτέροις φαρμάκοις.",,,,,,,
279,paul,7,3,κάσαμον,,2.222,,Κάσαμον,,"Κάσαμον. τοῦτό φασιν εἶναι τὸν καρπὸν τοῦ βαλσάμου, περὶ οὗ κατ' ἐκεῖνο λέλεκται.",,,,,,,
280,paul,7,3,κασσία,,2.222,,Κασσία,,"Κασσία θερμαίνει καὶ ξηραίνει κατὰ τὴν τρίτην που τάξιν καὶ λεπτομερὴς ἱκανῶς ἐστι καὶ δριμεῖα καὶ μετρίως στύφουσα· τέμνει τε οὖν ἅμα καὶ διαφορεῖ καὶ ῥώμην τοῖς ὀργάνοις ἐντίθησιν, ἄγει δὲ καὶ καταμήνια.",,,,,,,
281,paul,7,3,καστόριον,,2.222,,Καστόριον,,"Καστόριον θερμαίνει καὶ ξηραίνει μετὰ λεπτομερείας ὑπερβαλλούσης, δι' ἣν πρὸς ταῖς ἐνεργείαις καὶ τοῖς τῶν νεύρων ἐπὶ πλήθει χυμῶν πάθεσιν ἁρμόττει καὶ τὰ κατεψυγμένα ῥᾳδίως ἀναθερμαίνει ἔξωθέν τε προσφερόμενον καὶ πινόμενον μετὰ τοῦ μηδὲν ἕτερον βλάπτειν μόριον, κἂν μετρίως πυρέττοιεν, ὥσπερ ἐπὶ τῶν καταφορῶν καὶ ληθάργων. κινεῖ δὲ καὶ καταμήνια καὶ χόρια ἐκβάλλει· ἐπὶ δὲ τῶν κατὰ τὸν ἐγκέφαλον καὶ πνεύμονα παθῶν καὶ διὰ τῆς εἰσπνοῆς θυμιώμενον μεγάλως ὀνίνησιν.",,,,,,,
282,paul,7,3,καυκαλίς:δαῦκον ἄγριον,,2.222,,"Καυκαλίς, οἱ δὲ δαῦκον ἄγριον",,"Καυκαλίς, οἱ δὲ δαῦκον ἄγριον· θερμαίνει τε γὰρ ὡς ὁ δαῦκος καὶ ξηραίνει καὶ διουρεῖται καὶ ταριχεύεται εἰς ἀπόθεσιν.",,,,,,,alias_review
283,paul,7,3,κέγχρος,,2.222,,Κέγχρος,,"Κέγχρος ψύχει μὲν κατὰ τὴν πρώτην ἀπόστασιν, ξηραίνει δὲ κατὰ τὴν δευτέραν, ἔστι δέ πως καὶ λεπτομερὴς ἐπ' ὀλίγον. ἔξωθεν οὖν διά τε μαρσίππων πυριουμένη καὶ καταπλαττομένη ξηραίνειν πέφυκεν.",,,,,,,
284,paul,7,3,κέδρος,,2.222,,Κέδρος,,"Κέδρος ἥ τε θαμνώδης ὁμοία ταῖς ἀρκεύθοις καὶ τὸ δένδρον θερμαίνουσι καὶ ξηραίνουσι κατὰ τὴν τρίτην τάξιν, τὸ δὲ ἐξ αὐτῶν ἔλαιον ὃ καλοῦσι κεδρέαν, καὶ τῆς τετάρτης ἐφάπτεται λεπτομερὴς ἱκανῶς ὑπάρχουσα. τὰς μὲν οὖν ἁπαλὰς σάρκας ἑτοίμως τε καὶ ἀνωδύνως σήπει, τὰς δὲ σκληράς, καὶ μάλιστα τῶν νεκρῶν, ξηραίνει τε καὶ ἀσήπτους διαφυλάττει φθεῖρας τε καὶ κονίδας καὶ ἀσκαρίδας καὶ τοὺς ἐν ὠσὶ σκώληκας ἀναιρεῖ καὶ ἄλλα πλείονα δρᾷ.",,,,,,,
285,paul,7,3,κενταυρίου,,2.222-223,,Κενταυρίου,,"Κενταυρίου τοῦ μεγάλου ἡ ῥίζα δριμεῖά τε καὶ θερμὴ μετὰ γεώδους στύψεώς ἐστι· καταμήνια γοῦν προτρέπει καὶ ἔμβρυα φθείρει τε καὶ ἐκβάλλει τραύματά τε κολλᾷ καὶ αἱμοπτυικοὺς ὠφελεῖ καὶ τἄλλα τὰ κατὰ θώρακα. τοῦ δὲ μικροῦ ἡ μὲν ῥίζα ἄπρακτος, οἱ δὲ κλῶνες ἰσχυρῶς τε καὶ ἀδήκτως ξηραίνουσιν· ὅθεν πρὸς τοῖς ἐπὶ τοῦ μεγάλου λεχθεῖσιν καὶ ἰσχιαδικοῖς ἐνιέμενον αὐτῆς τὸ ἀφέψημα χολώδη κενοῖ, ἐνίοτε δὲ καὶ αἱματώδη, καὶ μεγάλως ὠφελεῖ.",,,,,,,
286,paul,7,3,κέρας αἰγός τε καὶ ἐλάφου,,2.223,,Κέρας αἰγός τε καὶ ἐλάφου,,"Κέρας αἰγός τε καὶ ἐλάφου κεκαυμένον ὀδόντας τε λαμπρύνει καὶ προσστέλλει τὰ οὖλα πλαδῶντα. τὸ δὲ τῆς ἐλάφου κέρας μετ' οἴνου λειούμενον, εἶτα περιπλασσόμενον, ὀδόντας σειομένους ἵστησι, μετὰ τὸ καυθῆναι δὲ πλυθὲν δυσεντερίας τε καὶ κοιλιακοὺς καὶ πτύσεις αἵματος καὶ ἰκτερικοὺς ὠφελεῖ πλῆθος κοχλιαρίων β· μίγνυται δὲ καὶ ὀφθαλμικαῖς δυνάμεσιν. τὸ δὲ ταύρου κέρας μεθ' ὕδατος πινόμενον αἱμορραγίας ἐπέχει.",,,,,,,
287,paul,7,3,κεράσια,,2.223,,Κεράσια,,"Κεράσια τὰ μὲν γλυκέα μᾶλλον ὑπέρχεται, τὰ δὲ αὐστηρὰ μᾶλλόν εἰσιν εὐστόμαχα· τὰ μέντοι ὀξέα τοῖς φλεγματώδεσι καὶ περιττωματικοῖς στομάχοις ἁρμόττει διὰ τὸ τμητικόν. τὸ δὲ κόμμι τοῦ δένδρου τὰς τετραχυσμένας ἀρτηρίας λεαίνει καὶ λιθιῶντας ὀνίνησι μετ' οἴνου πινόμενον.",,,,,,,
288,paul,7,3,κερατωνία,,2.223,,Κερατωνία,,"Κερατωνία καὶ ὁ καρπὸς αὐτῆς τὰ κεράτια ξηραντικῆς ἐστι καὶ ψυκτικῆς δυνάμεως, μετέχων δηλονότι καὶ γλυκύτητός τινος.",,,,,,,
289,paul,7,3,κεφαλὴ μαινίδων,,2.223-224,,Κεφαλαὶ ταριχηρῶν μαινίδων,,"Κεφαλαὶ ταριχηρῶν μαινίδων καυθεῖσαι ξηραντικῆς γίνονται δυνάμεως οὐ πάνυ δριμείας· τὰς ἐν ἕδρᾳ γοῦν ῥαγάδας καὶ γαργαρεῶνας χρονίως ἐσκιρρωμένους ὠφελοῦσιν. ἡ δὲ τῆς σμαρίδος κεκαυμένη ὅλη πρὸς ἀλωπεκίας ποιεῖ μετὰ στέατος ἀρκείου· τὸ δ' αὐτὸ δρᾷ καὶ ἡ τοῦ μυὸς κεκαυμένη μετὰ μέλιτος. ἡ δὲ τοῦ ἰκτίνου ξηρὰ ἄνευ τῶν πτίλων, ὅσον τοῖς τρισὶν ἐπᾶραι δακτύλοις, μεθ' ὕδατος πινομένη ποδαλγοὺς ὠφελεῖ. τὴν δὲ τῆς σαύρας φασὶ σκόλοπας ἐξάγειν καὶ μυρμηκίας καὶ ἀκροχορδόνας καὶ ἥλους.",,,,,,,
290,paul,7,3,κηκίς,,2.224,,Κηκὶς,,"Κηκὶς ἡ μὲν ὀμφακῖτις στρυφνὸν ἱκανῶς ἐστι φάρμακον· ὅθεν ξηραίνει καὶ ἀποκρούεται τὰ ῥεύματα καὶ συνάγει καὶ σφίγγει τὰ χαλαρὰ καὶ ἄρρωστα μόρια καὶ πᾶσι τοῖς ῥοώδεσιν ἁρμόττει πάθεσιν· καὶ κείσθω τῆς τρίτης μὲν τῷ ξηραίνειν, δευτέρας δὲ τῷ ψύχειν τάξεως. ἡ δὲ ἑτέρα ἡ ξανθὴ καὶ χαύνη καὶ μεγάλη ξηραίνει μέν, ἧττον δὲ ἐκείνης τοσοῦτον, ὅσον καὶ στύψεως ἀπολείπεται· τὰς δὲ ἐν ἕδρᾳ φλεγμονάς τε καὶ προπτώσεις ἑψουμένη ὠφελεῖ. καυθεῖσαι δὲ καὶ ὄξει σβεςθεῖσαι ἴσχαιμοι γίνονται.",,,,,,,
291,paul,7,3,κηπαία,,2.224,,Κηπαία,,"Κηπαία ἐμφερής ἐστιν ἀνδράχνῃ, βοηθεῖ δὲ αὐτῆς τὰ φύλλα πινόμενα ψωριῶσι τὴν κύστιν. ἡ δὲ ῥίζα μετὰ ἀσπαράγου τοῦ μυακανθίνου πινομένη στραγγουρίας ὠφελεῖ τὰς ἐπ' ἐμφράξει.",,,,,,,
292,paul,7,3,κηρός,,2.224,,Κηρὸς,,"Κηρὸς εὔκρατος ὢν ὕλη τῶν ἄλλων γίνεται φαρμάκων, αὐτὸς δὲ καθ' ἑαυτὸν τῶν ἠρέμα πεπτικῶν ἂν εἴη· ἔχει γάρ τι βραχὺ διαφορητικῆς τε καὶ θερμῆς δυνάμεως.",,,,,,,
293,paul,7,3,κηρύκων,,2.224,,Κηρύκων,,Κηρύκων τὸ μὲν ὄστρακον καυθὲν ξηραντικῆς ἱκανῶς ἐστι δυνάμεως ἀδήκτου· δι' ὃ τοῖς κακοήθεσι τῶν ἑλκῶν ἁρμόζει· ἐπὶ δὲ τῶν σηπεδονωδῶν μετ' ὄξους ἢ οἴνου ἢ ὀξυμέλιτος αὐτοῖς χρηστέον. τῆς δὲ οἷον σαρκὸς αὐτῶν ἔτι ζώντων ἐν ἐλαίῳ ἑψηθείσης ὠταλγίας ὠφελεῖ τοὔλαιον ἐγχεόμενον.,,,,,,,
294,paul,7,3,κίκεως,,2.224,,Κίκεως,,"Κίκεως ὁ καρπός, ὅστις καὶ καθαίρει, ῥυπτικήν τε καὶ διαφορητικὴν ἔχει δύναμιν· οὕτω δὲ καὶ τὸ φύλλον, ἀλλὰ ἀσθενέστερον. περὶ δὲ τοῦ ἐλαίου εἴρηται.",,,,,,,
295,paul,7,3,κιννάβαρις,,2.224,,Κιννάβαρις,,"Κιννάβαρις δριμείας μετρίως ἐστὶ δυνάμεως, ἔχει δέ τι καὶ στύψεως.",,,,,,,
296,paul,7,3,κινάμωμον,,2.224-225,,Κινάμωμον,,"Κινάμωμον ἄκρως ἐστὶ λεπτομερές, οὐ μὴν ἄκρως γε θερμόν, ἀλλ' ἐκ τῆς τρίτης που τάξεως· οὐδὲν δὲ οὕτω ξηραίνει τῶν ἐξ ἴσου θερμαινόντων αὐτῷ διὰ τὸ λεπτομερὲς τῆς οὐσίας. ἡ μέντοι κιναμωμὶς οἷόνπερ ἀσθενές τι κινάμωμον, ἔνιοι δὲ αὐτὴν ψευδοκινάμωμον ὀνομάζουσιν.",,,,,,,
297,paul,7,3,κιρκέας,,2.225,,Κιρκέας,,"Κιρκέας ἡ μὲν ῥίζα θερμαντικὴ καὶ εὐώδης ἐστίν, ἥτις σὺν οἴνῳ πινομένη ὑστέρας ἐκκαθαίρει· ὁ δὲ καρπὸς σὺν ῥοφήματι πινόμενος γάλα γεννᾷ.",,,,,,,
298,paul,7,3,κίσηρις,,2.225,,Κίσηρις,,"Κίσηρις ῥυπτική, καὶ μάλιστα τῶν ὀδόντων, ἐστίν, οὐ μόνον τῇ δυνάμει, ἀλλὰ καὶ τῇ τραχύτητι, ἐμβάλλεται δὲ καὶ εἰς τὰ σαρκωτικὰ τῶν ἑλκῶν φάρμακα καὶ εἰς τὰ σμηκτικὰ τῶν περὶ τὸ δέρμα. εἰ δὲ καυθείη, λεπτομερεστέρα μέν, δακνώδης δέ, γίνεται, πλυνομένη δὲ τὸ δακνῶδες ἀποτίθεται.",,,,,,,
299,paul,7,3,κίσθος:κίσθαρος,,2.225,,Κίσθος ἢ κίσθαρος,,"Κίσθος ἢ κίσθαρος στυπτικός ἐστι θαμνίσκος καὶ ψυχρὸς ἠρέμα τὴν δύναμιν· τὰ δὲ φύλλα αὐτοῦ καὶ οἱ βλαστοὶ τοσοῦτον ξηραίνουσιν, ὥστε καὶ τραύματα κολλᾶν. τὰ δὲ ἄνθη ξηρότερα περί που κατὰ τὴν δευτέραν ἀπόστασιν ὄντα δυσεντερίας τε καὶ τὰ ἄλλα ῥοώδη ἰᾶται πινόμενα, ἔξωθεν δὲ τὰ σηπεδονώδη τῶν ἑλκῶν ὠφελεῖ.",,,,,,,
300,paul,7,3,κισσός,,2.225,,Κισσὸς,,Κισσὸς ἐξ ἐναντίων σύγκειται δυνάμεων· στύφει τε γὰρ καὶ ψύχει καὶ δριμύς ἐστι καὶ θερμὸς ὑδατώδους μετέχων οὐσίας χλιαρᾶς ὅ γε χλωρός· οὗ τὰ φύλλα ἑψηθέντα σὺν οἴνῳ τραυμάτων ἐστὶ κολλητικὰ πυρίκαυτά τε καὶ σπληνικοὺς ὠφελεῖ. ὁ δὲ χυλὸς ἔρρινόν ἐστι φάρμακον καὶ τὰ χρόνια τῶν ἐν ὠσὶν ἰᾶται ῥεύματα· τὸ δὲ δάκρυον αὐτοῦ δριμύτερον ὑπάρχον φθεῖρας κτείνει καὶ τρίχας ψιλοῖ.,,,,,,,
301,paul,7,3,κίτριον:μῆλον μηδικόν,,2.225-226,,"Κίτριον, ὃ καὶ μῆλον Μηδικόν",,"Κίτριον, ὃ καὶ μῆλον Μηδικόν. τὸ μὲν μέσον αὐτοῦ ὀξῶδες ἢ ἄποιον, ἐν ᾧ τὸ σπέρμα, τρίτης ἐστὶ τῶν ψυχόντων τε καὶ ξηραινόντων τάξεως, ὁ δὲ φλοιὸς ξηραίνει μὲν κατὰ τὴν δευτέραν τάξιν, οὐκέτι δὲ ψύχει, ἀλλ' ἐστὶ δριμύς· ἡ δὲ σὰρξ αὐτοῦ παχύχυμός τέ ἐστι καὶ φλεγμαντικὴ καὶ ψυχρά· τὸ δὲ σπέρμα διαφορεῖ τε καὶ ξηραίνει κατὰ τὴν δευτέραν ἀπόστασιν. καὶ τὰ φύλλα δὲ τοῦ δένδρου ξηραντικῆς τε καὶ διαφορητικῆς εἰσι δυνάμεως.",,,,,,,alias_review
302,paul,7,3,κιχόριον:πικρίς,,2.226,,Κιχόριον ἢ πικρὶς,,"Κιχόριον ἢ πικρὶς οἷον ἀγρία σέρις ἐστὶν ψύχουσά τε καὶ ξηραίνουσα κατὰ τὴν πρώτην ἀπόστασιν, ἔχει δέ τι καὶ στυπτικόν· ὅθεν ἡπατικαῖς ἁρμόττει δυσεντερίαις.",,,,,,,
303,paul,7,3,κληματῖτις:δαφνοειδές:μυρσινοειδές:πολυγονοειδές,,2.226,,"Κληματῖτις, οἱ δὲ δαφνοειδές, οἱ δὲ μυρσινοειδές, οἱ δὲ πολυγονοειδές",,"Κληματῖτις, οἱ δὲ δαφνοειδές, οἱ δὲ μυρσινοειδές, οἱ δὲ πολυγονοειδές, κλήματα ἔχει μακρὰ ὡς ὁλοσχοίνου τὸ πάχος, πέταλον δὲ ἐμφερὲς δάφνῃ. ξηραντικῆς ἐστι δυνάμεως· διαρροίας γοῦν καὶ δυσεντερίας καὶ ὀδόντων πόνους παύει καὶ θηριοδήκτοις ἁρμόζει.",,,,,,,alias_review
304,paul,7,3,κληματῖτις ἑτέρα,,2.226,,Κληματῖτις ἑτέρα,,"Κληματῖτις ἑτέρα περιελίττεται τοῖς δένδροις ὡς μῖλαξ δριμείας τε καὶ καυστικῆς οὖσα δυνάμεως. ταύτης ὁ καρπὸς μεθ' ὕδατος ποθεὶς ἄγει κάτω φλέγμα καὶ χολήν, τὰ δὲ φύλλα καταπλασθέντα λέπρας ἀφίστησιν.",,,,,,,
305,paul,7,3,κλινοπόδιον,,2.226,,Κλινοπόδιον,,Κλινοπόδιον θερμαντικῆς ἐστι δυνάμεως καὶ ξηραντικῆς οὐδέπω καυστικῆς ἀλλὰ τρίτης που τάξεως.,,,,,,,
306,paul,7,3,κνήκου,,2.226,,Κνήκου,,"Κνήκου τῷ σπέρματι πρὸς τὰς καθάρσεις μόνον χρώμεθα· εἰ δέ τις ἔξωθεν αὐτῷ χρῷτο, τῆς τρίτης ἂν εἴη τῶν θερμαινόντων τάξεως.",,,,,,,
307,paul,7,3,κογχύλια,,2.226,,Κογχύλια,,Κογχύλια παραπλησίας ἐστὶ τοῖς κήρυξι δυνάμεως.,,,,,,,
308,paul,7,3,κοιλίαν αἰθυίας,,2.226,,Κοιλίαν αἰθυίας,,"Κοιλίαν αἰθυίας ἢ πρόσφατον ἑφθὴν ἢ σκελετευθεῖσαν εὐστόμαχον εἶναί φασιν, εἰ βρωθείη, ὁμοίως δὲ καὶ τὸν τῶν ἀλεκτορίδων ἔνδον τῆς κοιλίας χιτῶνα ξηρὸν πινόμενον, ἄμφω δὲ ψευδῆ φησιν ὁ Γαληνὸς εὑρηκέναι πειράσας. τὴν δὲ τῆς φήνης τοῦ ὀρνέου κοιλίαν κατ' ὀλίγον ποτιζομένην λίθους ἐξουρεῖσθαι ποιεῖν φησιν ὁ Διουσκουρίδης. ἡ δὲ τῆς γαλῆς κοιλία πινομένη παντὸς ἀλεξιφάρμακον θηρίου λέγεται.",,,,,,,
309,paul,7,3,κόκκος κνίδιος,,2.226-227,,Κόκκος Κνίδιος,,"Κόκκος Κνίδιος ὁ καρπός ἐστι τῆς θυμελαίας, οὐχ ὁ τῆς χαμελαίας, ὥς τινες ᾠήθησαν, δριμείας μὲν ὢν καὶ καυστικῆς δυνάμεως· καθαίρει δὲ κάτω ποθεὶς ὕδωρ.",,,,,,,
310,paul,7,3,κόκκος βαφικός,,2.227,,Κόκκος βαφικὸς,,Κόκκος βαφικὸς ἀδήκτως ξηραίνει· δι' ὃ τοῖς τε μεγάλοις ἁρμόττει τραύμασι καὶ τοῖς νευροτρώτοις σὺν ὄξει ἢ ὀξυμέλιτι λειωθείς.,,,,,,,
311,paul,7,3,κοκκυμηλέας,,2.227,,Κοκκυμηλέας,,"Κοκκυμηλέας ὁ καρπὸς ὑπάγει γαστέρα πρόσφατος μὲν μᾶλλον, ξηρανθεὶς δὲ ἧττον. τὸ δὲ ἀφέψημα αὐτοῦ τὰς κατὰ γαργαρεῶνα φλεγμονὰς ἰᾶται διακλυζόμενον. τὸ δὲ κόμμι τοῦ δένδρου τμητικῆς τε καὶ λεπτομεροῦς δυνάμεως, ὅ φασιν ἔνιοι μετ' οἴνου πινόμενον λίθων εἶναι θρυπτικόν, σὺν ὄξει δὲ λειχῆνας ἰᾶσθαι παίδων. ὁ δὲ τῶν ἀγρίων κοκκυμήλων καρπὸς στυπτικὸς ἐναργῶς ἐστι καὶ σταλτικὸς γαστρός· ὀνομάζεται δὲ τὸ φυτὸν τοῦτο κατὰ τὴν Ἀσίαν προῦμνον. ἔοικε δὲ τὰ ἥμερα ξηρανθέντα κοκκύμηλα τὰ νῦν Δαμασκηνὰ προσαγορευόμενα λέγειν ὁ Διοσκουρίδης.",,,,,,,
312,paul,7,3,κόλλα,,2.227,,Κόλλα,,Κόλλα ἡ ἐκ σεμιδάλεώς τε καὶ γύρεως γινομένη ἐμπλαστικῆς καὶ πεπτικῆς ἐστι δυνάμεως.,,,,,,,
313,paul,7,3,κολοκύνθη,,2.227,,Κολοκύνθη,,"Κολοκύνθη ὑγρᾶς καὶ ψυχρᾶς ἐστι κράσεως κατὰ τὴν δευτέραν ἀπόστασιν, ὅθεν ὅλη καταπλαττομένη τὰς θερμὰς φλεγμονὰς ἐμψύχει.",,,,,,,
314,paul,7,3,κολοκυνθίς,,2.227,,Κολοκυνθὶς,,"Κολοκυνθὶς καθαρτικῆς ἐστι δυνάμεως ἰσχυρᾶς, χλωρᾶς δὲ αὐτῆς ὁ χυλὸς ἀνατριβόμενος ἰσχιάδας ὀνίνησιν.",,,,,,,
315,paul,7,3,κόμαρος,,2.227,,Κόμαρος,,Κόμαρος. στρυφνὸν τῇ ποιότητι τὸ δένδρον ἅμα τῷ καρπῷ· μεμαίκυλον δὲ αὐτὸν ὀνομάζουσιν. ἔστι δὲ καὶ κακοστόμαχος οὗτος καὶ κεφαλαλγής.,,,,,,,
316,paul,7,3,κόμμι,,2.227,,Κόμμι,,"Κόμμι ξηραντικῆς ἐστι καὶ ἐμπλαστικῆς δυνάμεως, καὶ δῆλον, ὅτι καὶ τραχύτητας ἰᾶται.",,,,,,,
317,paul,7,3,κονία,,2.227-228,,Κονία,,"Κονία τὸ οἷον περίπλυμα τῆς τέφρας ὀνομάζεται. ῥυπτικωτάτη δὲ καὶ ξηραντικωτάτη πασῶν ἐστιν ἥ τε ἐκ τῆς συκίνης καὶ τῆς τῶν τιθυμάλλων καὶ σχεδὸν ἤδη τῆς σηπτικῆς δυνάμεως· εἰ δὲ προσλάβοι καὶ τιτάνου ἡ τέφρα, καυστικὴν ἐργάζεται τὴν κονίαν, ἣν δὴ καὶ πρωτόστακτον ὀνομάζουσι, τοῖς κλυστικοῖς μάλιστα μιγνυμένη φαρμάκοις. ἰσχυροτέρα δὲ πασῶν ἐστιν ἡ ἐκ μόνης τιτάνου γινομένη.",,,,,,,
318,paul,7,3,κόνυζαι,,2.228,,Κόνυζαι,,"Κόνυζαι ἀμφότεραι ξηραίνουσι καὶ θερμαίνουσι κατὰ τὴν τρίτην ἀπόστασιν· ὅθεν καὶ τὸ ἔλαιον, ἐν ᾧ ἕψεται, τὰ κατὰ περίοδον ῥίγη παύει. καὶ τὰ ἄνθη δὲ παραπλησίας ἐστὶ δυνάμεως, ὧν τὸ ἀφέψημα καταμήνιά τε κινεῖ καὶ ἔμβρυα ἐκβάλλει. ἡ δὲ ἐν τοῖς ἐνύδροις χωρίοις φυομένη δυσωδεστέρα καὶ ἀσθενεστέρα τὴν δύναμίν ἐστιν.",,,,,,,
319,paul,7,3,κόπρος,,2.228-229,,Κόπρος,,"Κόπρος ἅπασα μὲν θερμῆς τε καὶ ξηραντικωτάτης καὶ διαφορητικωτάτης ἐστὶ δυνάμεως, ἐξαλλάττεται δὲ παρὰ τὴν τοῦ ἐκκρίνοντος αὐτὴν ζῴου κρᾶσιν τε καὶ δίαιταν. ἡ μὲν οὖν τῶν κυνῶν, ὅταν ὀστοφαγήσωσιν, ξηρανθεῖσα δυσεντερικοὺς ἰᾶται μετὰ σχιστοῦ πινομένη γάλακτος ἕλκη τε παλαιὰ τοῖς πρὸς ταῦτα μιγνυμένη φαρμάκοις, ἐπὶ δὲ τῶν συναγχικῶν καὶ τῶν κατὰ παρίσθμια φλεγμονῶν μέλιτι ἀναληφθεῖσα διαχρίεται· τούτους δὲ καὶ ἡ τῶν. ἀπερίττως διαιτηθέντων παιδίων κόπρος μειζόνως ὀνίνησιν. ἡ δὲ τῶν λύκων καὶ αὐτὴ λευκοτέρα ἐπί τινων θάμνων εὑρισκομένη κωλικοὺς γενναίως ὀνίνησιν οὐ πινομένη μόνον ἀλλὰ καὶ περιαπτομένη· ἐξαρτᾶν δὲ αὐτὴν δι' ἐρίου ἀπὸ λυκοβρώτου προβάτου ἢ ἐλαφείου δέρματος. ἡ δὲ τῶν αἰγῶν κόπρος δριμυτέρα τε οὖσα καὶ διαφορητικωτέρα τοὺς σκιρρώδεις ὄγκους διαφορεῖ καταπλαττομένη, καὶ μάλιστα τῶν σκληροσάρκων, καυθεῖσα δὲ ῥυπτικωτέρα τε καὶ λεπτομερεστέρα γίνεται. ἡ δὲ τῶν βοῶν ἔχει καὶ τὴν ἑλκτικὴν δύναμιν· σφηκῶν γοῦν καὶ μελιττῶν ἰᾶται πληγάς, καὶ τῶν ὑδερικῶν ὅλον τὸ σῶμα βολβίτοις καταχριόμενον ἐν ἡλίῳ μεγάλως ὀνίναται. ἡ δὲ τῶν προβάτων σὺν ὄξει μυρμηκίας τε καὶ ἀκροχορδόνας καὶ δοθιῆνας καὶ ἥλους ἰᾶται. ἡ δὲ τῶν ἀγρίων περιστερῶν δριμυτέρα πολλῷ τῶν ἄλλων ὑπάρχουσα φοινίσσει μετὰ σπέρματος καρδάμου. ἡ δὲ τῶν κατοικιδίων ὀρνίθων δι' ὀξυμέλιτος ἢ ὄξους ἢ οἰνομέλιτος πινομένη τοὺς πνίγοντας μύκητας ἐξεμεῖσθαι ποιεῖ καὶ ἀλεξιφάρμακος γίνεται· ταύτην δὲ καὶ τοῖς κωλικοῖς ἐδίδου τις πίνειν. τινὲς δὲ καὶ τὴν τῶν πελαργῶν φασι πινομένην ὀρθοπνοϊκοὺς ὠφελεῖν. ἡ δὲ τῶν μυῶν ῥυπτικωτέρα τῶν ἄλλων οὖσα ἀλωπεκίαις τε ἁρμόττει καὶ τῶν παιδίων τῇ ἕδρᾳ προστιθεμένη πρὸς ἔκκρισιν προτρέπει. ἡ δέ γε τῶν ψαρῶν, ὅταν ὄρυζαν φάγωσιν, ῥυπτικὴ γίνεται, ὥστε καὶ ἔφηλιν ἀποσμήχειν. ἡ δὲ τῶν χερσαίων κροκοδείλων ἀλφοὺς ἀπορρύπτει, ὥσπερ οὖν ἡ τῶν Νειλῴων κροκοδείλων λευκώματα λεπτύνειν πεπίστευται.",,,,,,,
320,paul,7,3,κοράλλιον,,2.229,,Κοράλλιον,,Κοράλλιον ὥσπερ δενδρῶδές ἐστι φυτὸν ἀπολιθούμενον οὐκ ἐν χέρσῳ φυόμενον ἀλλ' ἐν τῷ πέλματι τῆς θαλάσσης ἐρυθρὸν τὴν χροιὰν ὅμοιον λίθῳ. δύναμιν δὲ ἔχει ξηραντικὴν ἱκανῶς καὶ μετρίως στυπτικήν· ἁρμόζει γοῦν αἱμοπτυικοῖς τε καὶ δυσεντερικοῖς.,,,,,,,
321,paul,7,3,κόρεις,,2.229,,Κόρεις,,"Κόρεις τὰ ζῷα δριμείας εἰσὶ δυνάμεως· γράφουσι γοῦν τινες, ὡς, εἰ μετ' ὄξους ποθεῖεν, βδέλλας ἐκβάλλουσιν.",,,,,,,
322,paul,7,3,κόρις ἡ πόα:ὑπερικόν,,2.229,,"Κόρις ἡ πόα, οἱ δὲ ὑπερικόν",,"Κόρις ἡ πόα, οἱ δὲ ὑπερικόν, δριμὺ καὶ εὐῶδές ἐστιν, ὁ δὲ καρπὸς αὐτοῦ πινόμενος οὖρα καὶ καταμήνια κινεῖ· βοηθεῖ δὲ καὶ φαλαγγιοδήκτοις, ἐπὶ δὲ ὀπισθοτονικῶν σὺν ἐλαίῳ συγχρίεται.",,,,,,,alias_review
323,paul,7,3,κορίαννον:κόριον,,2.229-230,,Κορίαννον ἢ κόριον,,"Κορίαννον ἢ κόριον ἐξ ἐναντίων σύγκειται δυνάμεων λεπτομεροῦς μὲν γεώδους τῆς πικρᾶς, ὑδατώδους δὲ ὑγρότητος χλιαρᾶς· ἔχει δέ τι καὶ στύψεως ὀλίγον. ὥστε φλεγμοναῖς τε καὶ ἐρυσιπέλασι μὴ πάνυ ζέουσιν ἁρμόττει καὶ τοὺς ἁπαλωτέρους ὄγκους διαφορεῖ σύν τινι τῶν προσφόρων. τὸ δὲ σπέρμα ὀλίγον μὲν ποθὲν μετὰ γλυκέος ἕλμινθας ἐκβάλλει, πλεῖον δὲ ληφθὲν κινεῖ τὴν διάνοιαν.",,,,,,,
324,paul,7,3,κόρυδος:κορυδαλλός,,2.230,,Κόρυδος ἢ κορυδαλλὸς,,Κόρυδος ἢ κορυδαλλὸς τὸ ὄρνεον ἑψόμενον σὺν λιτῷ ζωμῷ τοὺς κωλικοὺς ὠφελεῖ· χρὴ δὲ συνεχῶς καὶ πολλάκις ἐσθίειν αὐτὸ σὺν τῷ ζωμῷ.,,,,,,,
325,paul,7,3,κορωνόποδος,,2.230,,Κορωνόποδος,,Κορωνόποδος ἡ ῥίζα καὶ αὐτὴ πεπίστευται κωλικοὺς ὠφελεῖν ἐσθιομένη.,,,,,,,
326,paul,7,3,κόστος,,2.230,,Κόστος,,"Κόστος βραχείας μὲν πάνυ τῆς πικρᾶς, πλείστης δὲ τῆς δριμείας τε καὶ θερμῆς μετέχει ποιότητος· ὅθεν, ἐφ' ὧν ἤτοι θερμῆναί τι πρόκειται μόριον ἢ ἐκ τοῦ βάθους εἰς τὴν ἐπιφάνειαν ἕλξαι τινὰ χυμὸν ἐπὶ τὸν κόστον ἔρχονται. οὐρητικός τε οὖν ἐστι καὶ ἐμμήνων ἀγωγὸς καὶ ἕλμινθας ἀναιρεῖ. ἔχει δέ τι καὶ φυσῶδες· δι' ὃ καὶ [πρὸς] ἀφροδίσια παρορμᾷ μετ' οἰνομέλιτος πινόμενος. ἰσχιαδικοῖς τε καὶ παραλύτοις καὶ τοῖς κατὰ περίοδον ῥιγοῦσιν ἁρμόττει μετ' ἐλαίου ἀνατριβόμενος.",,,,,,,
327,paul,7,3,κοτυληδών,,2.230,,Κοτυληδὼν,,Κοτυληδὼν ἐμψύχει τε καὶ ἀποκρούεται καὶ ῥύπτει καὶ διαφορεῖ· πεπίστευται δὲ τὰ φύλλα αὐτῆς ἐσθιόμενα σὺν τῇ ῥίζῃ λίθους τε θρύπτειν καὶ οὖρα κινεῖν.,,,,,,,
328,paul,7,3,κοχλίαι,,2.230,,Κοχλίαι,,"Κοχλίαι καυθέντες μὲν ξηραντικῆς ἱκανῶς εἰσι δυνάμεως καὶ μετρίως θερμῆς, ὠφελοῦσι δὲ δυσεντερίας τὰς μήπω σηπεδονώδεις πρὸς τέσσαρα τούτων μέρη μιγνυμένων πεπέρεως λευκοῦ μ ε α καὶ κηκίδων με β· ἄκαυστοι δὲ ὅλοι λεῖοι ἐπιτιθέμενοι κατὰ τῆς γαστρὸς ἐπὶ τῶν ὑδερικῶν καὶ κατὰ τῶν ἄρθρων ἐπὶ τῶν ἀρθριτικῶν, ἕως αὐτομάτως ἀποστῶσιν, ὠφέλιμοι γίνονται καὶ καθάπαξ τὸ διὰ βάθους ὑγρὸν ξηραίνουσιν ἰσχυρῶς.",,,,,,,
329,paul,7,3,κρανίας,,2.230,,Κρανίας,,"Κρανίας τοῦ δένδρου ὁ μὲν καρπὸς στρυφνὸς ὢν ἐσθιόμενος ἰσχυρῶς ἐπέχει τὴν γαστέρα· καὶ τὰ φύλλα δὲ καὶ οἱ βλαστοὶ τῇ στρυφνότητι ξηραίνουσιν ἰσχυρῶς, ὥστε καὶ τὰ μέγιστα κολλᾶν τραύματα τῶν σκληρῶν σωμάτων.",,,,,,,
330,paul,7,3,κράμβη,,2.230-231,,Κράμβη,,"Κράμβη ἡ μὲν ἐδώδιμος ξηραντικῆς ἐστι δυνάμεως ἐσθιομένη τε καὶ ἔξωθεν ἐπιτιθεμένη, οὐ μὴν δριμείας ἐναργῶς· τραύματα γοῦν κολλᾷ καὶ τὰ κακοήθη τῶν ἑλκῶν καὶ δυσλύτους ὄγκους ἰᾶται. ἔχει δέ τι καὶ ῥυπτικόν· καθ' ὃ καὶ λέπρας θεραπεύει. τὸ δὲ σπέρμα αὐτῆς πινόμενον ἕλμινθας ἀναιρεῖ, καὶ μάλιστα τῆς Αἰγυπτίας. τῶν δὲ καυλῶν αὐτῆς καυθέντων ἡ τέφρα καυστικῆς ἐστι δυνάμεως, μετὰ στέατος δὲ πλευρῶν ἀλγήμασι χρονίοις ἁρμόζει. ἡ δὲ ἀγρία ἰσχυροτέρα τῆς ἡμέρου κατὰ πάντα ἐστίν, ὅθεν οὐδὲ εἴσω τοῦ σώματος ἀλύπως λαμβάνεται. ἡ δὲ θαλαττία ὕφαλμός τε καὶ ὑπόπικρος οὖσα τὴν γαστέρα λαπάττει.",,,,,,,
331,paul,7,3,κραταιογόνου,,2.231,,Κραταιογόνου,,Κραταιογόνου τῆς πόας ὁ καρπὸς καὶ δριμὺς γευομένοις ἐστὶ καὶ σφοδρὸς κέγχρῳ παραπλήσιος.,,,,,,,
332,paul,7,3,κρῆθμον,,2.231,,Κρῆθμον,,Κρῆθμον ἁλμυρόν πώς ἐστιν ἅμα βραχείᾳ πικρότητι· δι' ὃ καὶ ἡ δύναμις αὐτοῦ ῥυπτική τέ ἐστι καὶ ξηραντική.,,,,,,,
333,paul,7,3,κριθαί,,2.231,,Κριθαὶ,,"Κριθαὶ ψύχουσι καὶ ξηραίνουσι κατὰ τὴν πρώτην τάξιν, ἔχουσι δέ τι καὶ ῥυπτικὸν ὀλίγον· εἰσὶ δὲ τοῦ τῶν κυάμων ἀλεύρου ξηραντικώτεραι καὶ ἄφυσοι μᾶλλον. τὰ δὲ ἄλφιτα πολὺ καὶ τῶν κριθῶν εἰσι ξηραντικώτερα. ἡ δὲ πτισάνη πρὸς τῷ μᾶλλον ὑγραίνειν καὶ μᾶλλόν ἐστι ῥυπτική.",,,,,,,
334,paul,7,3,κρίμνον,,2.231,,Κρίμνον,,"Κρίμνον. τὸ παχυμερὲς οὕτως ὀνομάζεται τοῦ τε πυρίνου καὶ τοῦ ἐκ τῶν ζειῶν ἀλεύρου, τροφιμώτερον μὲν ἀλφίτου, δυσπεπτότερον δέ.",,,,,,,
335,paul,7,3,κρίνου,,2.231,,Κρίνου,,Κρίνου τὸ μὲν ἄνθος τῇ κράσει μικτόν ἐστιν ἐκ λεπτομεροῦς τε καὶ γεώδους οὐσίας καί τινος ὑδατώδους εὐκράτου· ὅθεν καὶ τὸ ἐξ αὐτοῦ συντιθέμενον ἔλαιον διαφορητικῆς τε καὶ μαλακτικῆς ἐστι δυνάμεως ταῖς κατὰ μήτραν ἁρμόζον φλεγμοναῖς. ἡ δὲ ῥίζα καὶ τὰ φύλλα ξηραίνει καὶ ῥύπτει καὶ διαφορεῖ μετρίως· ὅθεν εἰς τὰ κατακαύματα χρησιμεύει. ὁ δὲ χυλὸς αὐτῶν καὶ νευροτρώτους ὀνίνησι σὺν ὀξυμέλιτι.,,,,,,,
336,paul,7,3,κροκοδειλίου,,2.231,,Κροκοδειλίου,,"Κροκοδειλίου τὸ μὲν σπέρμα καὶ ὁ χυλὸς θερμῆς καὶ ξηρᾶς καὶ διαφορητικῆς ἐστι δυνάμεως· οὖρά τε οὖν κινεῖ καὶ καταμήνια. ἡ δὲ ῥίζα τὰς ἐκ θώρακος ἀναπτύσεις ὠφελεῖ, ἄγει δὲ καὶ διὰ ῥινῶν αἷμα.",,,,,,,
337,paul,7,3,κρόκος,,2.232,,Κρόκος,,"Κρόκος δευτέρας μέν ἐστι τάξεως τῶν θερμαινόντων, πρώτης δὲ τῶν ξηραινόντων, στύφει τε καὶ συμπέττει.",,,,,,,
338,paul,7,3,κρόμυον,,2.232,,Κρόμυον,,Κρόμυον ἐκ τῆς τετάρτης τάξεώς ἐστι τῶν θερμαινόντων παχυμερὲς τὴν οὐσίαν· ὅθεν αἱμορροΐδας ἀναστομοῖ προστιθέμενον. ἔστι δὲ καὶ ῥυπτικὸν ἱκανῶς ἀλφούς τε ἀφαιρεῖ σὺν ὄξει καὶ ἀλωπεκίας θᾶττον ἀλκυονίου παρορμᾷ τὰς τρίχας. ὁ δὲ χυλὸς αὐτοῦ τοὺς ὑποχεομένους ἢ ἀμβλυώττοντας διὰ παχὺν χυμὸν ὠφελεῖ.,,,,,,,
339,paul,7,3,κύαμος,,2.232,,Κύαμος,,"Κύαμος οὐ πολὺ τῆς μέσης ἀφέστηκε κράσεως κατά τε τὸ ψύχειν καὶ ξηραίνειν, μετέχει δέ τινος καὶ ῥυπτικῆς δυνάμεως ἡ σὰρξ αὐτοῦ· ἀναπτύσεσι γοῦν ταῖς ἐκ θώρακός τε καὶ πνεύμονος ἁρμόζει. τοῦ δὲ λέμματος ἔχοντός τι καὶ στύψεως κοιλιακοῖς τε καὶ δυσεντερικοῖς ὅλος ὁ κύαμος ἁρμόζει ἐν ὀξυκράτῳ ἑψηθείς· καταπλασσόμενος δὲ φλεγμονάς τε καὶ ὄγκους ἰᾶται καὶ γάλα σβέννυσιν ἐπὶ τῶν τιτθῶν.",,,,,,,
340,paul,7,3,κύανος,,2.232,,Κύανος,,"Κύανος δριμείας ἐστὶ δυνάμεως καθαιρετικῆς τε καὶ διαφορητικῆς πλείονος ἢ κατὰ τὸ κιννάβαρι, μετέχει δὲ καὶ στύψεως.",,,,,,,
341,paul,7,3,κυκλάμινος,,2.232,,Κυκλάμινος,,"Κυκλάμινος ποικίλη τὴν δύναμίν ἐστιν· καὶ γὰρ ῥύπτει καὶ τέμνει καὶ ἀναστομοῖ καὶ ἐπισπᾶται καὶ διαφορεῖ. ὁ μὲν οὖν χυλὸς αὐτῆς αἱμορροΐδας ἀναστομοῖ προστιθέμενος καὶ σκληρίας διαφορεῖ σὺν ἄλλοις, μετὰ μέλιτος δὲ τοῖς ὑποχεομένοις ἁρμόττει καὶ διὰ ῥινῶν καθαίρει καὶ κατὰ τοῦ ἐπιγαστρίου χριόμενος κοιλίαν ὑπάγει καὶ ἔμβρυα φθείρει. ἡ δὲ ὅλη ῥίζα τοῦ χυλοῦ μέν ἐστιν ἀσθενεστέρα, σφοδρὰ δὲ καὶ αὐτή· ὥστε μετὰ μελικράτου πινομένη τριῶν δραχμῶν μέγεθος τὰ ἐντὸς ἐκκαθαίρει· ῥύπτει δὲ καὶ τὰ περὶ τὸ δέρμα. ἡ δὲ ἑτέρα κυκλάμινος, ἣν καὶ κισσάνθεμον καλοῦσιν, τὴν ῥίζαν ἄχρηστον ἔχουσα τὸν καρπὸν ἔχει δραστικόν, ὥστε πινόμενον παραπλήσια τῇ προτέρᾳ δρᾶν.",,,,,,,
342,paul,7,3,κύμινον,,2.232,,Κύμινον,,Κύμινον θερμαντικῆς ἐστι δυνάμεως κατὰ τὴν τρίτην που τάξιν οὐρητικόν τε καὶ ἄφυσον.,,,,,,,
343,paul,7,3,κυνοσβάτου,,2.233,,Κυνοσβάτου,,"Κυνοσβάτου ὁ μὲν καρπὸς οὐκ ἀγεννῶς στυπτικός ἐστι, τὰ δὲ φύλλα μετρίως στύφει· φυλάττεσθαι δὲ τὸ ἐν τῷ καρπῷ ἐριῶδες ὡς ἀρτηρίας κακωτικόν.",,,,,,,
344,paul,7,3,κυπαρίσσου,,2.233,,Κυπαρίσσου,,"Κυπαρίσσου τά τε σφαιρία καὶ οἱ βλαστοὶ ξηραντικῆς εἰσι δυνάμεως οὐδὲν ἐπιφανὲς ἐχούσης θερμόν, ὥστε καὶ τραύματα μεγάλα κολλᾶν ἐν σκληροῖς σώμασιν, ἔν τε ταῖς πλαδαραῖς σήψεσι τὰς κατὰ βάθος ὑγρότητας ἀλύπως ἐκβόσκεται καὶ τοὺς ἐντεροκηλικοὺς ὠφελεῖ.",,,,,,,
345,paul,7,3,κυπέρα,,2.233,,Κυπέρα,,Κυπέρα θερμαίνει καὶ ξηραίνει χωρὶς δήξεως· ὅθεν καὶ τὰ ὑγρότερα τῶν ἑλκῶν θαυμαστῶς ἀφουλοῖ καὶ τὰ ἐν στόματι ὠφελεῖ. ἔχει δέ τι καὶ τμητικὸν λίθους τε θρύπτει καὶ οὖρα καὶ ἔμμηνα κινεῖ.,,,,,,,
346,paul,7,3,κύπρου,,2.233,,Κύπρου,,Κύπρου τὰ φύλλα καὶ οἱ ἀκρεμόνες μικτῆς εἰσι δυνάμεως διαφορητικῆς τε καὶ στυπτικῆς ἀλύπως τε καὶ ἀδήκτως ξηραινούσης· ὅθεν τὸ ἀφέψημα αὐτῶν καταντλούμενον ὀνίνησι τὰ πυρίκαυτα καὶ ταῖς πυρώδεσι φλεγμοναῖς ἁρμόττει καὶ τὰς ἄφθας ὠφελεῖ διαμασωμένη καὶ σπληνικαῖς μίγνυται δυνάμεσιν.,,,,,,,
347,paul,7,3,κυτίσου,,2.233,,Κυτίσου,,"Κυτίσου τὰ φύλλα διαφορητικῆς ἠρέμα καὶ χλιαρᾶς εἰσι δυνάμεως, καθάπερ καὶ τὰ τῆς μαλάχης.",,,,,,,
348,paul,7,3,κώνειον,,2.233,,Κώνειον,,"Κώνειον ὅτι τῆς ἄκρως ψυκτικῆς ἐστι δυνάμεως, πρόδηλον.",,,,,,,
349,paul,7,3,κώνου,,2.233,,Κώνου,,"Κώνου ὁ μὲν φλοιὸς καὶ τὰ φύλλα παραπλησίας εἰσὶ τῷ πίτυι δυνάμεως, δριμύτερα δὲ καὶ δραστικώτερα. ὁ δὲ καρπός, ὃν δὴ καὶ στρόβιλον ὀνομάζουσιν, ὁ μὲν χλωρὸς ἔχει τι πικρὸν καὶ δριμὺ μεθ' ὑγρότητος· δι' ὃ τοῖς κατὰ θώρακα πάθεσιν εὐανάγωγός ἐστιν· ὁ δὲ ἐδώδιμος ἐν ὕδατι βραχείς, ὡς ἀποτίθεσθαι τὸ δριμύ, εὔκρατος γίνεται ἄδηκτός τε καὶ ἐμπλαστικός, ὡς καὶ τραχύτητας καταλεαίνειν.",,,,,,,
350,paul,7,3,λαγώπους,,2.233,,Λαγώπους,,"Λαγώπους ξηραντικῆς ἐστι δυνάμεως, ὡς καὶ τὰ κατὰ τὴν γαστέρα ῥεύματα ξηραίνειν.",,,,,,,
351,paul,7,3,λάδανον,,2.234,,Λάδανον,,"Λάδανον ἀπὸ τοῦ κίσθου τοῦ λάδανος λεγομένου γίνεται· νεμόμεναι γὰρ αὐτὸν αἱ αἶγες ἐν τοῖς πώγωσι καὶ τοῖς μηροῖς αὐτῶν τὸ λιπαρώτερον καὶ ὀπῶδες τῆς πόας ἀφαιροῦνται, συναγόμενον δὲ τὸ λάδανόν ἐστιν, ἄριστον φάρμακον, θερμὸν περί που τὴν δευτέραν ἀπόστασιν καὶ λεπτομερὲς μαλακτικόν τε μετρίως καὶ διαφορητικὸν καὶ συμπεπτικόν· δι' ὃ καὶ τοῖς κατὰ μήτραν ἰδίως ἁρμόττει πάθεσιν. ἔχει δέ τι καὶ στυπτικόν· ὅθεν καὶ τὰς ῥεούσας κρατύνει τρίχας.",,,,,,,
352,paul,7,3,λαθυρίς,,2.234,,Λαθυρίς,,"Λαθυρίς. εἶδος αὕτη τιθυμάλλου, τινὲς δέ φασιν, ὅτι καθαίρει παραπλησίως ἐκείνῳ ὁ ὀπὸς αὐτῆς· τὸ δὲ σπέρμα ταύτης μάλιστα τὴν καθαρτικὴν ἔχει δύναμιν.",,,,,,,
353,paul,7,3,λαμψάνη,,2.234,,Λαμψάνη,,"Λαμψάνη ἐσθιομένη μὲν κακόχυμός ἐστιν, καταπλασσομένη δὲ ῥυπτικὸν ἔχει τι καὶ διαφορητικόν.",,,,,,,
354,paul,7,3,λάπαθον,,2.234,,Λάπαθον,,"Λάπαθον διαφορητικῆς ἐστι μετρίως δυνάμεως, τὸ δὲ ὀξυλάπαθον πρὸς ταύτῃ καὶ ἀποκρουστικὸν ἔχει τι. τὸ δὲ σπέρμα, καὶ μάλιστα τοῦ ὀξυλαπάθου, στυπτικὸν ὑπάρχον διαρροίας τε καὶ δυσεντερίας ἰᾶται. ἐναντίως δέ πως ἔχει τὰ φύλλα πρὸς τὸ σπέρμα· τὰ μὲν γὰρ ἐκταράσσει τὴν κοιλίαν ἐσθιόμενα, τὸ δὲ πινόμενον ἐπέχει αὐτήν.",,,,,,,
355,paul,7,3,λειμωνίου,,2.234,,Λειμωνίου,,Λειμωνίου τὸν καρπὸν αὐστηρὸν ὑπάρχοντα μετ' οἴνου διδόασι κοιλιακοῖς τε καὶ δυσεντερικοῖς καὶ αἱμοπτυικοῖς καὶ πρὸς ῥοῦν γυναικεῖον πλῆθος ὀξυβάφου.,,,,,,,
356,paul,7,3,λειχήν,,2.234,,Λειχὴν,,"Λειχὴν ὁ ἐπὶ τῶν πετρῶν ἔστι μὲν οἷον βρύον ῥυπτικῆς τε ἅμα καὶ μετρίως ψυχούσης καὶ ξηραντικῆς ὑπάρχων δυνάμεως, λειχῆνας δὲ θεραπεύει καὶ ἀφλέγμαντός ἐστιν. ὡς δέ φησιν ὁ Διοσκουρίδης, καὶ αἱμορραγίας ἵστησιν.",,,,,,,
357,paul,7,3,λειχῆνας ἵππων,,2.234,,Λειχῆνας ἵππων,,Λειχῆνας ἵππων λειωθέντας σὺν ὄξει φασὶν ἐπιληψίας τε καὶ παντὸς ἰᾶσθαι θηρίου δῆγμα.,,,,,,,
358,paul,7,3,λεοντοπετάλου ἡ ῥίζα,,2.235,,Λεοντοπετάλου ἡ ῥίζα,,Λεοντοπετάλου ἡ ῥίζα θερμῆς καὶ ξηρᾶς κατὰ τὴν τρίτην τάξιν καὶ διαφορητικῆς ἐστι δυνάμεως.,,,,,,,
359,paul,7,3,λεπίδιον:ἰβηριάς,,2.235,,"Λεπίδιον, ὃ δὴ καὶ Ἰβηριάδα καλοῦσιν",,"Λεπίδιον, ὃ δὴ καὶ Ἰβηριάδα καλοῦσιν, ἐκ τῆς τετάρτης ἐστὶ τῶν θερμαινόντων τάξεως, ὅμοιον μὲν ὑπάρχον καρδάμῳ κατὰ τὴν δύναμιν, ἧττον δὲ αὐτοῦ ξηραίνει.",,,,,,,alias_review
360,paul,7,3,λεπίς,,2.235,,Λεπὶς,,"Λεπὶς πᾶσα μὲν ἰσχυρῶς τε ξηραίνει καὶ στύφει καὶ δακνώδης ἐστὶν οὐκ ἀγεννῶς· ἀλλ' ἡ μὲν τοῦ χαλκοῦ ξηραίνει πλέον καὶ λεπτομερεστέρα ἐστὶν ἔχουσά τι καὶ ἰοῦ, καὶ μᾶλλον ἡ ἐκ τῶν Κυπρίων ἥλων, ἣν διὰ τοῦτο καὶ ἡλῖτιν ὀνομάζουσιν, ἡ δὲ τοῦ σιδήρου στύψεως πλείονος μετέχει, καὶ ταύτης μᾶλλον ἡ τοῦ στομώματος· ὅθεν καὶ πρὸς τὰ κακοήθη τῶν ἑλκῶν ἀμείνων ἐστίν. καθαιρεῖ δὲ καὶ τήκει σάρκα μᾶλλον ἡ τοῦ χαλκοῦ.",,,,,,,
361,paul,7,3,λευκάκανθον:πολυγόνατον:ἰσχιάς,,2.235,,"Λευκάκανθον, οἱ δὲ πολυγόνατον, οἱ δὲ ἰσχιάδα καλοῦσιν",,"Λευκάκανθον, οἱ δὲ πολυγόνατον, οἱ δὲ ἰσχιάδα καλοῦσιν. ταύτης ἡ ῥίζα τέμνει μὲν καὶ ξηραίνει κατὰ τὴν τρίτην τάξιν, θερμαίνει δὲ κατὰ τὴν πρώτην.",,,,,,,alias_review
362,paul,7,3,λευκάς,,2.235,,Λευκὰς,,"Λευκὰς θερμαίνει μὲν καὶ ξηραίνει κατὰ τὴν τρίτην τάξιν, ἐπικρατεῖ δὲ ἡ δριμύτης.",,,,,,,
363,paul,7,3,λευκοΐου,,2.235,,Λευκοΐου,,"Λευκοΐου καὶ σύμπας μὲν ὁ θάμνος ῥυπτικῆς ἐστι καὶ λεπτομεροῦς δυνάμεως, μᾶλλον δὲ τὰ ἄνθη καὶ τούτων τὰ ξηρότερα· ὥστε καὶ καταμήνια κινεῖ καὶ ἔμβρυα φθείρει τε καὶ ἐκβάλλει, καὶ εἴ τις αὐτῶν δι' ὕδατος μίξεως ἀμβλύνει τὴν δύναμιν, καὶ πρὸς φλεγμονὰς ἁρμόζει, καὶ μάλιστα τὰς ἐν μήτρᾳ. καὶ αἱ ῥίζαι δὲ παραπλησίας οὖσαι δυνάμεως παχυμερέστεραί τε καὶ γεωδέστεραί πώς εἰσι, μετ' ὄξους δὲ τὰς σκιρρουμένας ὠφελοῦσι φλεγμονάς.",,,,,,,
364,paul,7,3,λεύκη,,2.235,,Λεύκη,,Λεύκη τὸ δένδρον ἐξ ὑδατώδους τε χλιαρᾶς καὶ γεώδους ὑπάρχον οὐσίας ῥυπτικῆς μετέχει δυνάμεως.,,,,,,,
365,paul,7,3,λιβανωτίδες,,2.235-236,,Λιβανωτίδες,,"Λιβανωτίδες τρεῖς, ἡ μὲν ἄκαρπος, αἱ δὲ δύο φέρουσι καρπόν. ῥυπτικῆς τε καὶ τμητικῆς καὶ διαφορητικῆς καὶ μαλακτικῆς εἰσι δυνάμεως· ὧν ὁ χυλὸς σὺν μέλιτι τὰς διὰ πάχος ὑγρῶν ἀμβλυωπίας ἰᾶται. τῆς δὲ εἰς τοὺς στεφάνους χρησίμης τὸ ἀφέψημα πινόμενον τοὺς ἰκτεριῶντας ὀνίνησιν.",,,,,,,
366,paul,7,3,λιβανωτός,,2.236,,Λιβανωτὸς,,"Λιβανωτὸς θερμαίνει μὲν κατὰ τὴν δευτέραν τάξιν, ξηραίνει δὲ κατὰ τὴν πρώτην, ἔχει δέ τι καὶ ὑποστῦφον ὀλίγον. ὁ δὲ φλοιὸς αὐτοῦ στύφει σαφῶς· δι' ὃ καὶ ξηραίνει κατὰ τὴν δευτέραν ἀπόστασιν συμπληρουμένην παχυμερέστερός τε τοῦ λιβάνου καὶ ἧττον δριμύς· ὅθεν καὶ αἱμοπτυικοὺς καὶ δυσεντερικοὺς καὶ κοιλιακοὺς καὶ στομαχικοὺς ἰᾶται ἔξωθέν τε καὶ εἴσω λαμβανόμενος. ὁ δὲ θαλλὸς αὐτοῦ θερμαίνει καὶ ξηραίνει τῆς τρίτης ἀποστάσεως ἔχων τι καὶ ῥυπτικόν, ὃ ἀνακαθαίρει τε καὶ πληροῖ τὰ ἐν ὀφθαλμοῖς ἕλκη.",,,,,,,
367,paul,7,3,λιγνύς,,2.236,,Λιγνὺς,,"Λιγνὺς καιομένων τινῶν εἰδῶν ὥσπερ αἰθάλη τίς ἐστιν, οἷον λιβανωτοῦ, σμύρνης, τερμίνθου, στύρακος, πίσσης ὑγρᾶς, κέδρου, ξηραντικὴ μὲν καὶ γεώδης καὶ λεπτομερὴς ὑπάρχουσα· αἱ δὲ κατ' εἶδος αὐτῆς διαφοραὶ παρὰ τὴν καυθεῖσαν ὕλην γίνονται. χρῶνται δὲ αὐτῇ μάλιστα κατὰ τὰς ὀφθαλμικάς τε καὶ καλλιβλεφάρους δυνάμεις. ἡ δὲ τοῦ λιβανωτοῦ χρειωδεστέρα πασῶν ἐστιν ὡς πραϋτέρα, ἰσχυροτέρα δὲ πάλιν ἡ τῆς πίτυός τε καὶ κώνου καὶ πεύκης· ὅθεν πρὸς πτίλα βλέφαρα καὶ μυδῶντας κανθοὺς καὶ περιβεβρωμένους καὶ δακρύοντάς ἐστι χρήσιμος.",,,,,,,
368,paul,7,3,λιγυστικοῦ,,2.236,,Λιγυστικοῦ,,"Λιγυστικοῦ καὶ ἡ ῥίζα καὶ τὸ σπέρμα τῶν θερμαινόντων εἰς τοςοῦτόν ἐστιν, ὡς ἔμμηνά τε κινεῖν καὶ οὖρα προτρέπειν· ἔστι δὲ καὶ ἄφυσα.",,,,,,,
369,paul,7,3,λιθάργυρος,,2.236,,Λιθάργυρος,,Λιθάργυρος τῆς μέσης ἐν τοῖς μεταλλικοῖς ἐστι τάξεως· δι' ὃ καὶ ὡς ὕλῃ χρώμεθα πολλάκις αὐτῇ μιγνύντες ἑτέραις δυνάμεσιν. ξηραίνει γε μὴν μετρίως καὶ ῥύπτει καὶ στύφει· δι' ὃ πρὸς τὰ ἐν μηροῖς παρατρίμματα χρησιμεύει.,,,,,,,
370,paul,7,3,λίθοι,,2.237-238,,Λίθοι,,"Λίθοι πάντες μὲν ὥσπερ καὶ ἡ γῆ ξηραίνουσιν· ἀλλ' ὁ μὲν αἱματίτης στυπτικός τε καὶ ξηραντικὸς ἱκανῶς ἐστιν· ὥστε καὶ τραχώμασιν ὀφθαλμῶν ἁρμόττει, ἀφλεγμάντοις μὲν σὺν ὕδατι, φλεγμαίνουσι δὲ σὺν ᾠῷ· ἁρμόττει δὲ καὶ πτύσεσιν αἵματος πινόμενος καὶ ἕλκη ὑπερσαρκοῦντα καταστέλλει. ὁ δὲ σχιστὸς παραπλησίαν μὲν ἔχει τούτῳ δύναμιν, ἀσθενέστερος δέ, καὶ μετ' αὐτὸν ὁ γαλακτίτης. ὁ δὲ μελιτίτης ἔχει τι καὶ θερμότητος. ὁ δὲ μέροξος, ὃν δὴ καὶ λευκογραφίδα καλοῦσιν, ὅσῳ μαλακώτερος τούτων ἐστὶ διὰ τὸ μηδεμίαν ἔχειν δραστικὴν ποιότητα, τοσούτῳ μετριώτερός τε καὶ ἀνωδυνώτερός ἐστι· διόπερ ἐπὶ τῶν μαλακοσώμων μετὰ κηρωτῆς αὐτῷ πρὸς ἀφούλωσιν ἑλκῶν χρῶνται. ὁ δὲ ὑπόχλωρος ἴασπις ἰσχυροτέρας ὢν δυνάμεως οὐλάς τε καὶ πτερύγια λεπτύνει· ὁ δὲ χλωρὸς ἴασπις στόμαχον ὠφελεῖ περιαπτόμενός τε καὶ ἐν δακτυλίῳ φορούμενος. ὁ δὲ Ἰουδαϊκὸς καλούμενος τῶν ἐν νεφροῖς λίθων ἐστὶ θρυπτικός· ὅθεν καὶ τηκόλιθον αὐτὸν οἱ νεώτεροι προσαγορεύουσιν. ὁ δὲ πυρίτης τῶν ἰσχυρῶς ἐστι διαφορούντων ὄγκους τε καὶ θρόμβους· οὗ μὴ παρόντος τῷ μυλίτῃ χρῶνται. ὁ δὲ Φρύγιος μετὰ τοῦ ξηραίνειν ἰσχυρῶς ἔχει τι καὶ στύψεως καὶ δήξεως· ὅθεν ἀποκρουστικός τε καὶ διαφορητικός ἐστιν, δι' ὃ καὶ ὀφθαλμικαῖς μίγνυται δυνάμεσιν. καὶ ὁ ἀγήρατος δὲ στυπτικῆς τε καὶ διαφορητικῆς ὑπάρχων δυνάμεως γαργαρεῶνας φλεγμαίνοντας ὠφελεῖ. τὸ δὲ τῆς Ἀσσίας πέτρας ἄνθος λεπτομερὲς εἰς τοσοῦτόν ἐστιν, ὡς ἀδήκτως τὰς πλαδαρὰς σάρκας ἐκτήκειν. ὁ δὲ γαγάτης ξηραντικὸς ἱκανῶς ὑπάρχων ἐμφυσήμασιν ἁρμόττει μάλιστα χρονίοις. ἡ δὲ Μαγνῆτίς τε καὶ Ἡρακλεία καλουμένη λίθος παραπλησίαν ἔχει τῷ αἱματίτῃ τὴν δύναμιν. ὅ γε μὴν Ἀράβιος ἐοικὼς ἐλέφαντι ξηραντικός τε καὶ ῥυπτικός ἐστι. τῷ δὲ ἀλαβαστρίτῃ καυθέντι τοὺς στομαχικοὺς ἔνιοι ποτίζουσιν. ἡ δὲ σμίρις ῥυπτικὴν ἔχουσα δύναμιν ὀδόντας σμήχει. οἱ δὲ ἐν τοῖς σπόγγοις εὑρισκόμενοι λίθοι τοὺς ἐν νεφροῖς θρύπτουσι λίθους· παραπλησίας δὲ τούτοις εἰσὶ δυνάμεως καὶ οἱ ἐν τῷ Ἀργαίῳ τῆς Καππαδοκίας ὄρει γεννώμενοι· ὁμοίως δὲ καὶ ὁ ὀφίτης καλούμενος, ὅστις καὶ τοὺς ἐχεοδήκτους ὠφελεῖ περιαπτόμενος. τὸν δὲ ὀστρακίτην καὶ τὸν γεώδη ξηραντικοὺς ἱκανῶς φασιν, ὥστε καὶ φλεγμονώδεις ὄγκους ἰᾶσθαι. τό γε μὴν τῆς Ναξίας ἀκόνης ἀπότριμμα ψυκτικὸν εἶναί φασιν, ὥστε καὶ τιτθοὺς παρθένων καὶ παίδων ὄρχεις προσστέλλειν. τῆς ἐλαιακόνης δὲ τὸ ἀπότριμμα ῥυπτικὸν ὑπάρχον ἀλωπεκίαις ἁρμόττει. τὸν ἱερακίτην δὲ καὶ Ἰνδικὸν λίθον φασὶ περιαπτόμενον τὸ ἐκ τῶν αἱμορροΐδων ἱστᾶν αἷμα, τὸν δὲ σάπφειρον πινόμενον τοὺς ὑπὸ σκορπίου πληγέντας ὠφελεῖν καὶ τὸν ἀφροσέλινον τοὺς ἐπιλήπτους. ὁ δὲ Ἀρμενιακὸς καθαίρει μὲν κάτω τὴν κοιλίαν, ἔστι δὲ κακοστόμαχος.",,,,,,,
371,paul,7,3,λιθόσπερμον:λειόσπερμον:ἡράκλειον,,2.238,,"Λιθόσπερμον, οἱ δὲ λειόσπερμον, οἱ δὲ Ἡράκλειον",,"Λιθόσπερμον, οἱ δὲ λειόσπερμον, οἱ δὲ Ἡράκλειον, πόας τῆς ἀετωνύχου προσαγορευομένης ἐστὶ τὸ σπέρμα λιθῶδες λευκόν, ὃ πινόμενον μετ' οἴνου λευκοῦ λίθους θρύπτει καὶ οὖρα ἄγει.",,,,,,,alias_review
372,paul,7,3,λινόσπερμον,,2.238,,Λινόσπερμον,,"Λινόσπερμον θερμὸν μέν ἐστι κατὰ τὴν πρώτην τάξιν, μέσον δὲ τῶν ὑγραινόντων τε καὶ ξηραινόντων, ἐσθιόμενον δὲ φυσῶδές ἐστι, κἂν φρυγῇ.",,,,,,,
373,paul,7,3,λινόζωστις,,2.238,,Λινόζωστις,,"Λινόζωστις ὑπακτικὴ μὲν γαστρὸς ἱκανῶς ἐστι, καταπλαττομένη δὲ διαφορεῖ.",,,,,,,
374,paul,7,3,λίτρον,,2.238,,Λίτρον,,"Λίτρον ἐν τῷ μεταξὺ τῆς ἀφονίτρου τε καὶ ἁλῶν ἐστι δυνάμεως, καυθὲν δὲ λεπτομερέστερόν τε καὶ διαφορητικώτερον γίνεται, κἂν εἴσω τοῦ σώματος ληφθείη, τέμνει καὶ λεπτύνει τοὺς παχεῖς καὶ γλίσχρους χυμοὺς πλέον τῶν ἄλλων· τὸ δὲ Χαλαστραῖον (ἔστι δὲ χωρίον τῆς Θεσσαλονίκης ἡ Χαλέστρα) δριμύτερόν τε καὶ ξηραντικώτερόν ἐστιν· ὥστε καὶ πρὸς τὰ ἐκ τῆς κεφαλῆς ῥεύματα καὶ πρὸς ἀρθριτικὰ αὐτῷ χρῶνται.",,,,,,,
375,paul,7,3,λογχίτιδος,,2.238,,Λογχίτιδος,,"Λογχίτιδος τῆς μὲν τὸ σπέρμα τρίγωνον ἐχούσης καθάπερ λόγχη ἡ ῥίζα παραπλησία τῇ τοῦ δαύκου οὐρητική ἐστιν· τῆς δὲ τῷ σκολοπενδρίῳ προσεοικυίας τὰ φύλλα χλωρὰ μὲν τραυμάτων ἐστὶ κολλητικά, ξηρὰ δὲ μετ' ὄξους πινόμενα σπλῆνας ἰᾶται σκιρρουμένους.",,,,,,,
376,paul,7,3,λυκαψοῦ,,2.239,,Λυκαψοῦ,,"Λυκαψοῦ τὴν ῥίζαν στυπτικὴν οὖσάν φησιν ὁ Διοσκουρίδης καταπλασσομένην σὺν ἀλφίτοις ἐρυσιπέλασιν ἁρμόττειν, λείαν δὲ σὺν ἐλαίῳ ἀλειφομένην ἱδρῶτας κινεῖν.",,,,,,,
377,paul,7,3,λύκιον,,2.239,,Λύκιον,,"Λύκιον ἐξ ἑτερογενῶν σύγκειται δυνάμεων, τῆς μὲν θερμῆς τε καὶ λεπτομεροῦς καὶ διαφορητικῆς, τῆς δὲ γεώδους ψυχρᾶς καὶ ἠρέμα στυφούσης, ὥστε ξηραίνειν κατὰ τὴν δευτέραν ἀπόστασιν, κατὰ δὲ τὸ θερμαίνειν καὶ ψύχειν μέσον· διόπερ ὡς ῥυπτικῷ μὲν αὐτῷ χρῶνται ἐπὶ τῶν ἐπισκοτούντων ταῖς κόραις, ὡς δὲ στυπτικῷ ἐπὶ κοιλιακῶν τε καὶ δυσεντερικῶν καὶ τῶν κακοήθων ἑλκῶν, ἐπὶ δὲ φλεγμονῶν ὡς διαφοροῦντι· προτερεύει δὲ τὸ Ἰνδικόν.",,,,,,,
378,paul,7,3,λυσιμάχιον,,2.239,,Λυσιμάχιον,,Λυσιμάχιον ἐπικρατοῦσαν ἔχει τὴν στυπτικὴν δύναμιν· ὅθεν τραύματά τε κολλᾷ καὶ ἴσχαιμός ἐστιν αὐτή τε καὶ ὁ χυλὸς καὶ δυσεντερικοὺς ὠφελεῖ πινομένη τε καὶ ἐνιεμένη.,,,,,,,
379,paul,7,3,λυχνίδος,,2.239,,Λυχνίδος,,Λυχνίδος τῆς εἰς τοὺς στεφάνους τὸ σπέρμα θερμόν ἐστι καὶ ξηρὸν κατὰ τὴν δευτέραν τάξιν πληρουμένην.,,,,,,,
380,paul,7,3,λωτὸς ὁ ἥμερος:τρίφυλλος,,2.239,,"Λωτὸς ὁ ἥμερος, ὃν ἔνιοι τρίφυλλον ὀνομάζουσι",,"Λωτὸς ὁ ἥμερος, ὃν ἔνιοι τρίφυλλον ὀνομάζουσι, ῥυπτικῆς ἐστι καὶ ξηραντικῆς μετρίως δυνάμεως, εὔκρατος δὲ κατὰ θερμότητα. τοῦ δὲ ἀγρίου τὸ σπέρμα δευτέρας ἐστὶ τῶν θερμαινόντων τάξεως, ἔχει δέ τι καὶ ῥυπτικόν· τοῦ δὲ Αἰγυπτίου τὸ σπέρμα καὶ ἀρτοποιοῦνται.",,,,,,,
381,paul,7,3,λωτὸς τὸ δένδρον,,2.239,,Λωτὸς τὸ δένδρον,,Λωτὸς τὸ δένδρον λεπτομερές τε καὶ ξηραντικόν ἐστι καὶ στυπτικὸν μετρίως· ὅθεν πρός τε ῥοῦν γυναικεῖον καὶ τὰ κατὰ κοιλίαν ῥεύματα πινόμενος ἁρμόττει μετ' οἴνου ἢ ὕδατος ἢ καὶ ἐνιέμενος καὶ τὰς ῥεούσας τρίχας κρατύνει.,,,,,,,
382,paul,7,3,μάκερ φλοιός,,2.239,,Μάκερ φλοιός,,"Μάκερ φλοιός ἐστιν ἐκ τῆς Ἰνδικῆς κομιζόμενος, ξηραίνων μὲν κατὰ τὴν τρίτην τάξιν, μέσος δὲ κατὰ θερμότητα καὶ ψῦξιν· ἔστι δὲ καὶ στυπτικὸς λεπτομερής· ὅθεν κοιλιακοῖς τε καὶ δυσεντερικοῖς ἁρμόττει.",,,,,,,
383,paul,7,3,μαλαβάθρου φύλλον,,2.239,,Μαλαβάθρου φύλλον,,Μαλαβάθρου φύλλον νάρδου στάχυι παραπλησίαν ἔχει δύναμιν.,,,,,,,
384,paul,7,3,μαλάχη,,2.239-240,,Μαλάχη,,"Μαλάχη ἡ μὲν ἀγρία διαφορητικὴ μετρίως ἐστὶ καὶ μαλακτική, ἡ δὲ κηπευτή, ὡς ἂν ὑγροτέρα, καὶ ἀσθενεστέρα ἐστίν· ὁ δὲ καρπὸς εἰς τοσοῦτον ἰσχυρός, εἰς ὅσον καὶ ξηρότερος.",,,,,,,
385,paul,7,3,μαμιράς,,2.240,,Μαμιρὰς,,"Μαμιρὰς οἷον ῥιζίον τι πόας ἐστὶν ἔχον ὥσπερ κονδύλους πυκνούς· ὅπερ οὐλάς τε καὶ λευκώματα λεπτύνειν πεπίστευται, δηλονότι ῥυπτικῆς ὑπάρχον δυνάμεως.",,,,,,,
386,paul,7,3,μανδραγόρας,,2.240,,Μανδραγόρας,,"Μανδραγόρας τῆς τρίτης ἐστὶ τῶν ψυχόντων τάξεως, τὰ δὲ μῆλα αὐτοῦ καὶ θερμότητός τινος μετέχει καὶ ὑγρότητος· ὅθεν καὶ κωματώδη τὴν δύναμίν εἰσι. τῆς ῥίζης δὲ ὁ φλοιὸς ἰσχυρότατος ὢν οὐ ψύχει μόνον ἀλλὰ καὶ ξηραίνει, τὸ δὲ ἔνδον αὐτῆς ἀσθενὲς ὑπάρχει.",,,,,,,
387,paul,7,3,μάννα λιβάνου,,2.240,,Μάννα λιβάνου,,"Μάννα λιβάνου παραπλησίαν μὲν ἔχει τῷ λιβανωτῷ δύναμιν, ὑπανειμένην δὲ καὶ ἠρέμα στύφουσαν.",,,,,,,
388,paul,7,3,μάραθρον,,2.240,,Μάραθρον,,"Μάραθρον θερμαίνει μὲν κατὰ τὴν τρίτην τάξιν, ξηραίνει δὲ κατὰ τὴν πρώτην· δι' ὃ καὶ γάλακτός ἐστι γεννητικὸν καὶ τοῖς ὑποχεομένοις βοηθεῖ.",,,,,,,
389,paul,7,3,μαστίχη,,2.240,,Μαστίχη,,"Μαστίχη ἡ μὲν Χία θερμαίνει καὶ ξηραίνει κατὰ τὴν δευτέραν ἀπόστασιν, συνθέτου δὲ δυνάμεώς ἐστι στυπτικῆς τε ἅμα καὶ μαλακτικῆς· ὅθεν καὶ στομάχου καὶ κοιλίας καὶ ἐντέρων καὶ ἥπατος φλεγμοναῖς ἁρμόττει· ἡ δὲ Αἰγυπτία μελαντέρα πως οὖσα ξηραίνει τε μᾶλλον καὶ διαφορεῖ καὶ ἧττον στύφει· δι' ὃ καὶ δοθιῆνας διαφορεῖ.",,,,,,,
390,paul,7,3,μέλαν ἰνδικόν,,2.240,,Μέλαν Ἰνδικόν,,"Μέλαν Ἰνδικόν, ὥς φησι Διοσκουρίδης, τῶν ψυχόντων ἐλαφρῶς ἐστι καὶ ῥυσούντων φλεγμονὰς καὶ οἰδήματα ἕλκη τε ἀνακαθαιρόντων.",,,,,,,
391,paul,7,3,μελαντηρία,,2.240,,Μελαντηρία,,Μελαντηρία τῶν στυφόντων ἱκανῶς ἐστι μετὰ λεπτομερείας.,,,,,,,
392,paul,7,3,μέλαν,,2.240,,Μέλαν,,"Μέλαν, ᾧ γράφομεν ἱκανῶς καὶ τοῦτο ξηραίνει, λυόμενον δὲ ὀξυκράτῳ τὰ πυρίκαυτα καταχριόμενον ὀνίνησι παραχρῆμα.",,,,,,,
393,paul,7,3,μελάνθιον,,2.240,,Μελάνθιον,,"Μελάνθιον θερμαίνει μὲν καὶ ξηραίνει κατὰ τὴν τρίτην ἀπόστασιν, ἔστι δὲ καὶ λεπτομερές· ὅθεν τοὺς κατάρρους ὀσφραινόμενον ἰᾶται καὶ ἀφυσώτατόν ἐστιν εἴσω λαμβανόμενον. ἔστι δὲ καὶ πικρόν· ὅθεν τὰς ἕλμινθας ἀναιρεῖ· ῥύπτει τε καὶ τέμνει· ὅθεν ὀρθοπνοίαις ἁρμόττει καὶ λέπρας ἀποσμήχει καὶ μυρμηκίας ἐκβάλλει καὶ καταμήνια κινεῖ.",,,,,,,
394,paul,7,3,μέλι,,2.240-241,,Μέλι,,"Μέλι θερμαίνει καὶ ξηραίνει κατὰ τὴν δευτέραν τάξιν ἔστι τε ῥυπτικὸν ἱκανῶς. ἑψηθὲν δὲ ἧττον μὲν γίνεται δριμύ τε καὶ ῥυπτικὸν καὶ γαστρὸς ὑπαγωγόν, μᾶλλον δὲ τρέφει. τὸ δὲ πικρόν, ὥσπερ καὶ τὸ ἐν Σαρδονίᾳ, μικτῆς ἐστι δυνάμεως, γεώδους τε καὶ θερμῆς. τὸ δὲ σάχαρ, ὅπερ ἐκ τῆς εὐδαίμονος Ἀραβίας κομίζεται, ἧττον μὲν γλυκὺ τοῦ παρ' ἡμῖν ἐστιν, ἰσοδυναμεῖ δὲ πρὸς τῷ μήτε κακοστόμαχον εἶναι μήτε διψῶδες, ὡς τοῦτο.",,,,,,,
395,paul,7,3,μελία,,2.241,,Μελία,,"Μελία γνώριμον δένδρον ἐστίν, οὗ τὰ φύλλα πινόμενα ἐχεοδήκτοις ἁρμόζει· ὁ δὲ φλοιὸς καεὶς καὶ καταχρισθεὶς μεθ' ὕδατος λέπρας ἀφίστησιν. τὰ δὲ τορνεύματα τοῦ ξύλου ποθέντα φασὶν ἀναιρετικὰ εἶναι.",,,,,,,
396,paul,7,3,μελίλωτον,,2.241,,Μελίλωτον,,"Μελίλωτον μικτῆς ἐστι δυνάμεως, στυπτικῆς τε καὶ διαφορητικῆς καὶ συμπεπτικῆς.",,,,,,,
397,paul,7,3,μελισσόφυλλον,,2.241,,Μελισσόφυλλον,,Μελισσόφυλλον ὅμοιον πρασίῳ τὴν δύναμίν ἐστιν εἰς ἅπαντα.,,,,,,,
398,paul,7,3,μεμαίκυλος,,2.241,,Μεμαίκυλος,,Μεμαίκυλος ὁ καρπὸς ὢν τῆς κρανίας εἴρηται κατὰ τὸ κ στοιχεῖον.,,,,,,,
399,paul,7,3,μέσπιλα:τρίκοκκόν,,2.241,,"Μέσπιλα, οἱ δὲ τρίκοκκα",,"Μέσπιλα, οἱ δὲ τρίκοκκα. στρυφνὸς ἱκανῶς ἐστιν ὁ καρπὸς οὗτος καὶ μόλις ἐδώδιμος τῆς τε γαστρὸς ἐφεκτικός· καὶ οἱ βλαστοὶ δὲ καὶ τὰ φύλλα στρυφνὰ ἱκανῶς εἰσιν.",,,,,,,alias_review
400,paul,7,3,μηδίου,,2.241,,Μηδίου,,"Μηδίου ἡ ῥίζα ὑπεναντίαν ἔχει τῷ καρπῷ δύναμιν· ἡ μὲν γὰρ αὐστηρά τε καὶ ῥευμάτων ἐστὶν ἐφεκτική, ὥστε καὶ ῥοῦν στέλλειν, τὸ δὲ σπέρμα καὶ προτρέπει τὰ καταμήνια λεπτομεροῦς τε καὶ τμητικῆς ὑπάρχον δυνάμεως.",,,,,,,
401,paul,7,3,μήκωνες,,2.241-242,,Μήκωνες,,"Μήκωνες πλείους εἰσίν. ἀλλὰ τῆς μὲν κηπευτῆς, ἣν δὴ καὶ θυλακῖτιν καλοῦσιν, ἐδώδιμόν ἐστι τὸ σπέρμα σὺν ἄρτοις ἐσθιόμενον μετρίως ὑπνῶδες ὑπάρχον· ἡ δὲ ῥυὰς προσαγορευομένη διὰ τὸ ταχέως ἀπορρεῖν αὐτῆς τὸ σπέρμα ἰσχυρότερον αὐτὸ τῆς κηπευτῆς ἔχει· ἐσθίεται γοῦν οὐ καθ' αὑτὸ ἀλλὰ ἐλάχιστον μιγνύμενον πλείονι μέλιτι. ἡ δὲ οἷον καθημένην ἔχουσα τὴν κωδύαν τὸ σπέρμα μέλαν ἔχει καὶ φαρμακῶδες, ἱκανῶς ψυχρόν. ἡ δὲ τὴν κωδύαν ἐπιμηκεστέραν ἔχουσα καὶ ἀναυξεστέραν φαρμακωδεστέρα πασῶν ἐστιν, ὥστε καὶ ναρκοῦν ἄχρι νεκρώσεως· ἔστι γὰρ τετάρτης τῶν ψυχόντων ἀποστάσεως αὐτή τε καὶ ὁ ὀπὸς αὐτῆς, ὃν καλοῦσι κατ' ἐξοχὴν ὄπιον. ἡ δὲ κερατῖτις μήκων ῥυπτικῆς ἐστι δυνάμεως, ὥστε τῆς μὲν ῥίζης αὐτῆς τὸ ἀφέψημα πινόμενον ἡπατικοὺς ὠφελεῖν, τὰ δὲ φύλλα καὶ τὰ ἄνθη τὰ ἄγαν ῥυπαρὰ τῶν ἑλκῶν καθαίρειν καὶ ἐσχάρας ἀφιστᾶν. ἡ δὲ Ἡρακλεία καὶ ἀφρώδης καλουμένη μήκων καθαρτικὸν φλέγματος ἔχει τὸ σπέρμα.",,,,,,,
402,paul,7,3,μῆλα,,2.242,,Μῆλα,,"Μῆλα. τοῖς μήλοις ἅπασιν ὑγρότης ἐμφέρεται περιττωματικὴ καὶ ψυχρά· ἀλλὰ τὰ μὲν ἔκλυτα καὶ ὑδατώδη ψυχρότερά τε καὶ ὑγρότερα τῶν ἄλλων ἐστίν, τὰ δὲ γλυκέα ὑδατώδη μέν, οὐ σαφῶς δὲ ψυχρά, τὰ δὲ αὐστηρὰ ψυχρότερα μὲν τῶν γλυκέων, ἧττον δὲ ὑγρά, τὰ δὲ ὀξώδη ψυχρὰ μὲν καὶ αὐτά, τμητικὰ δὲ τῶν ἐν γαστρὶ χυμῶν, τὰ δὲ στρυφνά, οἷάπερ εἰσὶ Κυδώνια καὶ στρουθία, ψυχρά τε καὶ γεώδη τὴν κρᾶσίν εἰσιν κοιλίαν τε στέλλει καὶ τραύματα κολλᾷ. οὕτω δὲ καὶ τὰ φύλλα καὶ οἱ χυλοὶ καὶ οἱ φλοιοὶ τῶν δένδρων ἀλλήλων διαφέρουσιν.",,,,,,,
403,paul,7,3,μηλέας περσικῆς,,2.242,,Μηλέας Περσικῆς,,"Μηλέας Περσικῆς οἱ μὲν βλαστοὶ καὶ τὰ φύλλα πικρὰ σαφῶς εἰσιν· ἕλμεις γοῦν ἀποκτείνει λεῖα κατὰ τοῦ ὀμφαλοῦ ἐπιτιθέμενα· ὁ δὲ καρπὸς αὐτῆς, τοῦτο δὴ τὸ ἐδώδιμον περσικόν, ὑγρόν τέ ἐστι καὶ ψυχρὸν κατὰ τὴν δευτέραν ἀπόστασιν.",,,,,,,
404,paul,7,3,μηλέας ἀρμενιακῆς,,2.242,,Μηλέας Ἀρμενιακῆς,,"Μηλέας Ἀρμενιακῆς ὁ καρπός, ὃν νῦν καλοῦσιν προκόκκια, τῆς αὐτῆς τοῖς περσικοῖς ἐστι δυνάμεως.",,,,,,,
405,paul,7,3,μήου,,2.242,,Μήου,,"Μήου αἱ ῥίζαι θερμαὶ μὲν κατὰ τὴν τρίτην εἰσὶ τάξιν, ξηραὶ δὲ κατὰ τὴν δευτέραν· οὖρά τε οὖν καὶ καταμήνια κινεῖ κεφαλαλγές τε ἐστι πλεῖον λαμβανόμενον.",,,,,,,
406,paul,7,3,μῖλαξ,,2.242,,Μῖλαξ,,Μῖλαξ ἥ τε λεία καὶ ἡ τραχεῖα τοῖς δένδροις περιπλεκομένη θερμῆς τε καὶ δριμείας εἰσὶ δυνάμεως.,,,,,,,
407,paul,7,3,μίσυ,,2.242,,Μίσυ,,"Μίσυ τῶν ἐσχαρωτικῶν τε καὶ καυστικῶν ἐστι φαρμάκων μετὰ στύψεως ἰσχυρᾶς, ἧττον δὲ δάκνει χαλκίτεως τῷ λεπτομερὲς εἶναι. καὶ τὴν χαλκῖτιν δὲ καὶ τὸ σῶρι χρονίζοντά φησιν ὁ Γαληνὸς εἰς μίσυ μεταβάλλειν ἐκ τῆς ἐπιφανείας ἀρχομένης τῆς μεταβολῆς.",,,,,,,
408,paul,7,3,μολύβδαινα,,2.242,,Μολύβδαινα,,Μολύβδαινα λιθαργύρῳ παραπλησίαν ἔχει δύναμιν ἀποκεχωρηκυῖα τῆς μέσης κράσεως ἐπὶ τὸ ψυχρότερον.,,,,,,,
409,paul,7,3,μόλυβδος,,2.242-243,,Μόλυβδος,,"Μόλυβδος δυνάμεώς ἐστι ψυκτικῆς, ἔχει δὲ καὶ ὑγρὰν οὐσίαν πλείστην ὑπὸ ψύξεως πεπηγυῖαν· τριβομένου γοῦν ἐν αὐτῷ ἢ οἴνου ἢ ὠμοτριβοῦς ἐλαίου ἤ τινος τῶν ψυχόντων χυλῶν πρὸς τὰς περὶ τὰ αἰδοῖα καὶ τὴν ἕδραν ἑλκώδεις φλεγμονὰς ἄριστον ἕξεις φάρμακον. ἔλασμα δὲ μολύβδινον κατὰ τῶν ψοῶν φορούμενον ὀνειρωγμοὺς ἐπέχει· καὶ γαγγλία δὲ διαχεῖ πέταλον ἐπιτιθέμενον αὐτοῖς μολιβοῦν. ὁ δὲ κεκαυμένος μόλυβδος ξηραντικώτερος μέν ἐστιν, ἔχει δέ τι δριμύ· εἰ δὲ πλυθείη, ἀδήκτως τε ξηραίνει καὶ τῶν κακοήθων ἑλκῶν ἀγαθὸν γίνεται φάρμακον.",,,,,,,
410,paul,7,3,μορέας,,2.243,,Μορέας,,"Μορέας ὁ καρπὸς ὁ μὲν πέπειρος ὑπάγει γαστέρα καὶ τοῖς στομαχικοῖς ἄλλοις τε, ὅσα μετρίας δεῖται στύψεως, χρήσιμός ἐστιν, ὁ δὲ ἄωρος ξηρανθεὶς στεγνωτικὸν ἱκανῶς γίνεται φάρμακον. ὁ δὲ φλοιὸς τῆς ῥίζης τοῦ δένδρου καὶ καθαρτικός ἐστι μετά τινος πικρότητος· ὅθεν πλατεῖαν ἕλμιν κτείνει. τῶν δὲ φύλλων καὶ τῶν βλαστῶν μέση πώς ἐστι τῶν ὑπαγόντων τε καὶ ἐπεχόντων ἡ δύναμις.",,,,,,,
411,paul,7,3,μυάγρου,,2.243,,Μυάγρου,,"Μυάγρου τὸ σπέρμα λιπαρόν ἐστι, τὸ δ' ἐν αὐτῷ ἐλαιῶδες ἐμπλαστικὴν ἔχει δύναμιν.",,,,,,,
412,paul,7,3,μύακες,,2.243,,Μύακες,,"Μύακες καέντες τὰ αὐτὰ δρῶσι τοῖς κήρυξιν, ἰδιαίτερον δὲ πλυθέντες τραχύτητα βλεφάρων καὶ λευκώματα σμήχουσι σὺν μέλιτι· ἡ δὲ σὰρξ αὐτῶν τοῖς κυνοδήκτοις ὠφελίμως ἐπιτίθεται.",,,,,,,
413,paul,7,3,μύαρον:μελάμπυκνον,,2.243,,"Μύαρον, οἱ δὲ μελάμπυκνον",,"Μύαρον, οἱ δὲ μελάμπυκνον, πόα φρυγανώδης ἐστὶ καὶ λιπαρά· δοκεῖ δὲ τὸ ἐξ αὐτῆς λίπος ὁμαλίζειν τὰς τοῦ σώματος τραχύτητας.",,,,,,,alias_review
414,paul,7,3,μυελός,,2.243,,Μυελὸς,,"Μυελὸς μαλακτικῆς τῶν σκληρυνομένων τε καὶ σκιρρουμένων σωμάτων ἐστὶ δυνάμεως, κάλλιστος μὲν ὁ τῶν ἐλάφων, ἐφεξῆς δ' αὐτῷ ὁ τῶν μόσχων· ὁ δὲ τῶν ταύρων καὶ τῶν τράγων δριμύτερός ἐστι καὶ ξηραντικώτερος. καὶ ὁ μὲν ἀπὸ τῶν κώλων λιπαρώτερός τε καὶ μαλακτικώτερός ἐστιν, ὁ δὲ τῆς ῥάχεως σκληρότερός τε καὶ αὐχμηρότερος.",,,,,,,
415,paul,7,3,μύκητες,,2.243,,Μύκητες,,"Μύκητες ψυχροὶ καὶ ὑγροὶ τὴν κρᾶσιν ἱκανῶς εἰσιν· τινὲς δὲ αὐτῶν καὶ ἀναιροῦσιν ἐσθιόμενοι, καὶ μάλιστα, ὅσοι αὐτῶν τὴν φύσιν ἐπίμικτον ἔχουσι σηπεδονώδει ποιότητι.",,,,,,,
416,paul,7,3,μυὸς ὦτα,,2.243,,Μυὸς ὦτα,,Μυὸς ὦτα εἴρηται ἀλσίνη.,,,,,,,
417,paul,7,3,μύξα,,2.244,,Μύξα,,"Μύξα δένδρου καρπός ἐστι μικρότερος μὲν τῶν κοκκυμήλων, δυνάμει δὲ παραπλήσιος.",,,,,,,
418,paul,7,3,μυρίκη,,2.244,,Μυρίκη,,Μυρίκη τμητικῆς ἐστι καὶ ῥυπτικῆς δυνάμεως ἄνευ τοῦ ξηραίνειν ἐπιφανῶς. ἔχει δέ τινα καὶ στῦψιν· τὸ γοῦν ἀφέψημα αὐτῆς σπλῆνας ὀνίνησι πινόμενον. ἰᾶται δὲ καὶ ὀδονταλγίας. ὁ δὲ καρπὸς καὶ ὁ φλοιὸς αὐτῆς ἐγγύς ἐστι κηκῖδι τὴν δύναμιν· ἡ δὲ τέφρα τοῦ δένδρου ξηραντικωτέρα ἐστίν.,,,,,,,
419,paul,7,3,μυριόφυλλον,,2.244,,Μυριόφυλλον,,"Μυριόφυλλον ξηραντικῆς ἐστιν εἰς τοσοῦτον δυνάμεως, ὡς κολλᾶν τραύματα.",,,,,,,
420,paul,7,3,μύρρα:μυρρίς,,2.244,,Μύρρα ἢ μυρρὶς,,Μύρρα ἢ μυρρὶς ἐκ τῆς δευτέρας ἐστὶ τῶν θερμαινόντων τάξεως ἔχουσά τι καὶ λεπτομερές. εὐώδης δὲ καὶ γλυκεῖά ἐστιν αὐτῆς ἡ ῥίζα ἐμμήνων τε κινητικὴ καὶ τῶν ἐκ θώρακος καὶ πνεύμονος ἀνακαθαρτική.,,,,,,,
421,paul,7,3,μυρρίνη,,2.244,,Μυρρίνη,,"Μυρρίνη ἐξ ἐναντίων οὐσιῶν σύγκειται, κρατεῖ δὲ ἐν αὐτῇ τὸ γεῶδες ψυχρόν· ὅθεν ἰσχυρῶς ξηραίνει. ἡ δὲ μυρτὶς ἡ ἐν τῷ στελέχει καὶ τοῖς κλάδοις αὐτῆς ὀχθώδης ἐπίφυσις ξηραίνει τε καὶ στύφει σφοδρότερον. ἔστι δὲ καὶ τὰ ξηρότερα φύλλα τῶν χλωρῶν ξηραντικώτερα· καὶ ὁ καρπὸς δὲ καὶ ὁ χυλὸς παραπλησίας εἰσὶ δυνάμεως ἔξωθέν τε καὶ εἴσω τοῦ σώματος λαμβανόμενα.",,,,,,,
422,paul,7,3,μῶλυ:πήγανον ἄγριον:ἁρμαλά:βήσασα,,2.244,,"Μῶλυ, τινὲς δὲ πήγανον ἄγριον, ἄλλοι ἁρμαλάν, Σύροι δὲ βήσασαν",,"Μῶλυ, τινὲς δὲ πήγανον ἄγριον, ἄλλοι ἁρμαλάν, Σύροι δὲ βήσασαν, τρίτης ἀποστάσεως τῶν θερμαινόντων ἐστὶ λεπτομερές· ὅθεν καὶ τέμνει τοὺς παχεῖς καὶ γλίσχρους χυμοὺς διαφορεῖ τε καὶ ἐπ' οὔρησιν προτρέπει.",,,,,,,alias_review
423,paul,7,3,ναόκαφθον:νάκαφθον,,2.244,,"Ναόκαφθον, οἱ δὲ νάκαφθον",,"Ναόκαφθον, οἱ δὲ νάκαφθον, Ἰνδικόν ἐστιν ἄρωμα πρὸς μήτραν ἐστεγνωμένην ὑπατμιζόμενον.",,,,,,,alias_review
424,paul,7,3,νᾶπυ,,2.244,,Νᾶπυ,,Νᾶπυ θερμαίνει καὶ ξηραίνει κατὰ τὴν τετάρτην ἀπόστασιν.,,,,,,,
425,paul,7,3,ναρδόσταχυς,,2.244-245,,Ναρδόσταχυς,,"Ναρδόσταχυς. ἡ ῥίζα ταύτης θερμαίνει μὲν κατὰ τὴν πρώτην ἀπόστασιν, ξηραίνει δὲ κατὰ τὴν δευτέραν, ἔχει δὲ καὶ στῦφόν τι καὶ δριμὺ καὶ ὑπόπικρον· ἥπατι γοῦν ἁρμόττει καὶ στομάχῳ ἔξωθέν τε καὶ εἴσω πινόμενον καὶ οὖρα κινεῖ καὶ τὰ τῶν ἐντὸς ῥεύματα ξηραίνει. ἰσχυροτέρα δέ ἐστιν ἡ Ἰνδικὴ τῆς Συριακῆς καὶ μελαντέρα.",,,,,,,
426,paul,7,3,νάρδος κελτική,,2.245,,Νάρδος Κελτικὴ,,"Νάρδος Κελτικὴ παραπλησίας μέν ἐστι τῇ λεχθείσῃ δυνάμεως, ἀσθενεστέρα δέ, πλὴν εἰς οὖρα· θερμοτέρα γάρ ἐστιν ἐκείνης καὶ ἧττον στύφουσα.",,,,,,,
427,paul,7,3,νάρδος ὀρεία:θυλακῖτις:πυρῖτις,,2.245,,Νάρδος ὀρεία ἡ καὶ θυλακῖτις καὶ πυρῖτις,,Νάρδος ὀρεία ἡ καὶ θυλακῖτις καὶ πυρῖτις λεγομένη τῶν προειρημένων ἐστὶν ἀσθενεστέρα.,,,,,,,alias_review
428,paul,7,3,νάρθηκος,,2.245,,Νάρθηκος,,"Νάρθηκος τὸ σπέρμα μὲν λεπτύνει καὶ θερμαίνει, τὸ δὲ ἐντὸς χλωρὸν ἔτι στύφει· δι' ὃ αἱμοπτυικοῖς τε καὶ κοιλιακοῖς ἁρμόττει.",,,,,,,
429,paul,7,3,νάρκη θαλασσία,,2.245,,Νάρκη θαλασσία,,"Νάρκη θαλασσία τοῖς κεφαλαλγοῦσιν ἔτι ζῶσα προστιθεμένη κατὰ τῆς κεφαλῆς ἀνωδυνίαν ἐργάζεται, ἴσως αὐτῷ δὴ τούτῳ τῷ ναρκοῦν. καὶ τὸ ἔλαιον δέ, ἐν ᾧ ζῶσα ἐνηψήθη, τὰ δριμύτερα τῶν ἀρθριτικῶν ἀλγημάτων παραμυθεῖται χριόμενον. ἕδραν δὲ προπεσοῦσαν προσστέλλειν αὐτήν φασι προστιθεμένην.",,,,,,,
430,paul,7,3,ναρκίσσου,,2.245,,Ναρκίσσου,,"Ναρκίσσου ἡ ῥίζα ξηραντικῆς ἐστι δυνάμεως, ὡς κολλᾶν τραύματα μέγιστα μέχρι καὶ τῶν κατὰ τοὺς τένοντας διακοπῶν· ἔχει δέ τι καὶ ῥυπτικὸν καὶ ἐπισπαστικόν.",,,,,,,
431,paul,7,3,νευράς:ποτήριον,,2.245,,"Νευράς, οἱ δὲ ποτήριον",,"Νευράς, οἱ δὲ ποτήριον, ξηραντικῆς ἐστιν ἀδήκτου δυνάμεως, ὡς καὶ αὐτὴν νεῦρα διακοπέντα κολλᾶν· αἱ ῥίζαι δὲ μάλιστα τοῦτο δρῶσιν ἐπιτιθέμεναί τε καὶ πινόμεναι.",,,,,,,alias_review
432,paul,7,3,νήριον:ῥοδοδάφνη,,2.245,,Νήριον ἢ ῥοδοδάφνη,,"Νήριον ἢ ῥοδοδάφνη ἔξωθεν μὲν καταπλασσομένη διαφορητικῆς ἐστι δυνάμεως, εἴσω δὲ λαμβανομένη ἀναιρεῖ.",,,,,,,
433,paul,7,3,νυμφαία,,2.245,,Νυμφαία,,"Νυμφαία δυνάμεώς ἐστι ξηραντικῆς ἀδήκτου· ἐπέχει τοιγαροῦν καὶ τὴν γαστέρα καὶ τὸ σπέρμα ξηραίνει. ἀλλ' ἡ μὲν τὴν λευκὴν ἔχουσα ῥίζαν ἰσχυροτέρα ἐστίν, ὥστε καὶ ῥοῦν γυναικεῖον ἰᾶσθαι πινομένη σὺν οἴνῳ μέλανι αὐστηρῷ· ἡ δὲ τὴν μέλαιναν ἔχει τι καὶ ῥυπτικόν, ὡς ἀλφούς τε μεθ' ὕδατος ἰᾶσθαι καὶ ἀλωπεκίας μετὰ πίττης ὑγρᾶς χριομένη.",,,,,,,
434,paul,7,3,ξάνθιον:φασγάνιον,,2.246,,Ξάνθιον ἢ φασγάνιον,,Ξάνθιον ἢ φασγάνιον τὸν καρπὸν ἔχει διαφορητικῆς δυνάμεως.,,,,,,,
435,paul,7,3,ξιρίς:ξυρίς,,2.246,,Ξιρὶς ἢ ξυρὶς,,"Ξιρὶς ἢ ξυρὶς λεπτομεροῦς τε καὶ διαφορητικῆς καὶ ἑλκτικῆς ἐστι δυνάμεως καὶ δηλονότι καὶ ξηραντικῆς, καὶ μᾶλλον τὸ σπέρμα, ὥστε καὶ οὐρητικὸν εἶναι καὶ σπλῆνα σκιρρούμενον ἰᾶσθαι.",,,,,,,
436,paul,7,3,ξιφίου ἡ ῥίζα,,2.246,,Ξιφίου ἡ ῥίζα,,Ξιφίου ἡ ῥίζα ἑλκτικῆς τέ ἐστι καὶ διαφορητικῆς καὶ ξηραντικῆς δυνάμεως.,,,,,,,
437,paul,7,3,ὄη,,2.246,,Ὄη,,"Ὄη τὸ δένδρον, οὗ ὁ καρπὸς ὄα καλεῖται, ὑπό τινων δὲ οὖα, στυπτικῆς ἐστι δυνάμεως, ἀλλ' ἧττον μεσπίλου.",,,,,,,
438,paul,7,3,ὀθόνναν,,2.246,,Ὀθόνναν,,"Ὀθόνναν οἱ μέν φασι πόας εἶναι χυλὸν ἐν τῇ κατ' Αἴγυπτον Ἀραβίᾳ φυομένης, οἱ δὲ λίθον Αἰγύπτιον· ῥύπτει δὲ καὶ δάκνει πάντα τὰ ἐπισκοτοῦντα ταῖς κόραις ἀποσμήχουσα.",,,,,,,
439,paul,7,3,οἰνάνθη,,2.246,,Οἰνάνθη,,Οἰνάνθη. ἡ μὲν πλείστη χρῆσις τῆς ἀγρίας ἀμπέλου τὸ ἄνθος οἶδε στυπτικὸν ἱκανῶς ὑπάρχον καὶ τονωτικὸν μάλιστα τῶν περὶ κοιλίαν· ὁ δὲ Διοσκουρίδης ἑτέραν ὑπογράφει ταύτῃ ἐναντίαν τὴν δύναμιν ἔχουσαν· ὅθεν δεύτερά φησιν ἐκβάλλειν αὐτὴν καὶ στραγγουρίαν καὶ ἴκτερον ἰᾶσθαι.,,,,,,,
440,paul,7,3,οἶνος,,2.246,,Οἶνος,,"Οἶνος ἐκ τῆς δευτέρας τάξεώς ἐστι τῶν θερμαινόντων καὶ ξηραινόντων, ὁ δὲ ἱκανῶς παλαιὸς τῆς τρίτης, ὁ δὲ γλευκινίτης τῆς πρώτης.",,,,,,,
441,paul,7,3,οἴσυπος,,2.246,,Οἴσυπος,,Οἴσυπος ἐν τῷ περὶ τῶν ἐρίων εἴρηται λόγῳ.,,,,,,,
442,paul,7,3,ὄλυνθοι,,2.246,,Ὄλυνθοι,,"Ὄλυνθοι δριμείας εἰσὶ καὶ διαφορητικῆς δυνάμεως διὰ τὸν ἐν αὐτοῖς ὀπόν. ἑψηθέντες μὲν οὖν τοὺς σκληροὺς ὄγκους διαφοροῦσιν, ὠμοὶ δὲ μυρμηκίας τε καὶ θύμους ἐκβάλλουσιν.",,,,,,,
443,paul,7,3,ὀλόστιον,,2.247,,Ὀλόστιον,,Ὀλόστιον ξηραντικῆς ἐστι δυνάμεως μετὰ τοῦ στύφειν· ὅθεν αὐτῷ καὶ πρὸς τὰ ῥήγματα χρῶνται.,,,,,,,
444,paul,7,3,ὀμφάκιον,,2.247,,Ὀμφάκιον,,"Ὀμφάκιον ὁ χυλός ἐστι τῆς ὄμφακος σταφυλῆς, στῦφον ἱκανῶς καὶ ξηραῖνον κατὰ τὴν τρίτην ἀπόστασιν· ὅθεν τοῖς ῥοώδεσι τῶν παθῶν, καὶ μάλιστα τοῖς στοματικοῖς, ἁρμόττει.",,,,,,,
445,paul,7,3,ὄναγρα:ὀνοθήρα:ὀνοθοῦρις,,2.247,,"Ὄναγρα, οἱ δὲ ὀνοθήραν, ἄλλοι ὀνοθοῦριν",,"Ὄναγρα, οἱ δὲ ὀνοθήραν, ἄλλοι ὀνοθοῦριν, θάμνος ἐστὶ δενδρώδης, οὗ ἡ ῥίζα καταπλασθεῖσα τὰ θηριώδη τῶν ἑλκῶν πραΰνει.",,,,,,,alias_review
446,paul,7,3,ὄνομα:ὀνομίς:φλομῖτις:ὄνωνις,,2.247,,Ὄνομα ἢ ὀνομὶς ἢ φλομῖτις ἢ ὄνωνις,,Ὄνομα ἢ ὀνομὶς ἢ φλομῖτις ἢ ὄνωνις δριμεῖα καὶ πικρά ἐστιν· ὅθεν τὰ φύλλα αὐτῆς πινόμενα σὺν οἴνῳ κτείνει τε καὶ ἐκβάλλει ἔμβρυα.,,,,,,,
447,paul,7,3,ὀνοβρυχίς,,2.247,,Ὀνοβρυχὶς,,Ὀνοβρυχὶς ἀραιωτικῆς καὶ διαφορητικῆς ἐστι δυνάμεως· φύματα γοῦν διαφορεῖ καὶ στραγγουρίας ἰᾶται καὶ ἱδρῶτας προκαλεῖται.,,,,,,,
448,paul,7,3,ὄνοι,,2.247,,Ὄνοι,,Ὄνοι οἱ ὑπὸ ταῖς ὑδρίαις οἱ σφαιρούμενοι διαφορητικῆς τε καὶ ξηραντικῆς εἰσι δυνάμεως· ποθέντες γοῦν σὺν οἴνῳ δυσουρίας τε καὶ ἴκτερον ἰῶνται ἐπὶ κυναγχικῶν τε διαχρίονται μετὰ μέλιτος· καὶ πρὸς ὠταλγίαν δὲ λεῖοι σὺν ῥοδίνῳ θερμανθέντες ἐν κελύφει ῥοιᾶς ἐνστάζονται.,,,,,,,
449,paul,7,3,ὄνυχες,,2.247,,Ὄνυχες,,"Ὄνυχες πώματά εἰσι κογχυλίων Ἰνδικῶν, οἳ θυμιαθέντες ἐγείρουσι τάς τε ὑστερικῶς πνιγομένας καὶ ἐπιληπτικούς, ποθέντες δὲ κοιλίαν ταράσσουσιν.",,,,,,,
450,paul,7,3,ὀνωνίς,,2.247,,Ὀνωνὶς,,"Ὀνωνὶς ῥίζαν ἔχει θερμαντικὴν ἤδη που κατὰ τὴν τρίτην τάξιν, ὁ δὲ φλοιὸς αὐτῆς ῥύπτει τε καὶ τέμνει· ὅθεν καὶ λίθων θρυπτικός ἐστιν.",,,,,,,
451,paul,7,3,ὄξος,,2.247,,Ὄξος,,"Ὄξος μικτῆς μέν ἐστι δυνάμεως, ψυχρᾶς καὶ θερμῆς, ἀμφοῖν λεπτομερῶν, ἐπικρατεῖ δὲ τῆς θερμῆς ἡ ψυχρά· ξηραντικὸν δὲ τῆς τρίτης ἐστὶ τάξεως.",,,,,,,
452,paul,7,3,ὀξυάκανθος,,2.247,,Ὀξυάκανθος,,Ὀξυάκανθος τὸ δένδρον ἀχράδι παραπλήσιόν ἐστι τὴν ἰδέαν τε καὶ τὴν δύναμιν ἔχον τι καὶ λεπτομερές· ὁ δὲ καρπὸς αὐτοῦ τοῖς μύρτοις ἔοικεν.,,,,,,,
453,paul,7,3,ὄπιον,,2.248,,Ὄπιον,,Ὄπιον ἐν τῷ περὶ μήκωνος εἴρηται.,,,,,,,
454,paul,7,3,ὀπός,,2.248,,Ὀπὸς,,Ὀπὸς ὅ τε Κυρηναϊκὸς καὶ ὁ Μηδικὸς καὶ ὁ Συριακὸς καθ' ὑπεροχὴν λέγονται θερμοί τε ἱκανῶς ὄντες καὶ πνευματώδεις. ὁ δὲ Κυρηναῖος ἁπάντων ἐστὶ θερμότερός τε καὶ λεπτομερέστερος.,,,,,,,
455,paul,7,3,ὀρίγανοι,,2.248,,Ὀρίγανοι,,Ὀρίγανοι πᾶσαι τμητικῆς τε καὶ λεπτυντικῆς καὶ ξηραντικῆς καὶ θερμαντικῆς εἰσι δυνάμεως κατὰ τὴν τρίτην ἀπόστασιν.,,,,,,,
456,paul,7,3,ὀρεοσέλινον,,2.248,,Ὀρεοσέλινον,,"Ὀρεοσέλινον παραπλήσιόν ἐστι σελίνῳ τὴν δύναμιν, ἰσχυρότερον δέ.",,,,,,,
457,paul,7,3,ὀροβάκχη,,2.248,,Ὀροβάκχη,,Ὀροβάκχη ξηρᾶς καὶ ψυχρᾶς ἐστι κράσεως κατὰ τὴν πρώτην τάξιν.,,,,,,,
458,paul,7,3,ὄροβος,,2.248,,Ὄροβος,,"Ὄροβος θερμαίνει μὲν κατὰ τὴν πρώτην τάξιν, ξηραίνει δὲ κατὰ τὴν δευτέραν, ἔστι δὲ καὶ πικρός· δι' ὃ τέμνει τε καὶ ῥύπτει καὶ ἐκφράττει, πλείων δὲ ληφθεὶς αἷμα δι' οὔρων ἄγει.",,,,,,,
459,paul,7,3,ὅρμινον,,2.248,,Ὅρμινον,,Ὅρμινον παραπλήσιόν ἐστι πρασίῳ τὴν ἰδέαν θερμόν τε καὶ μετρίως ξηρὸν καὶ ῥυπτικόν· συνουσίας τε γοῦν παρορμᾷ καὶ ἀποκαθαίρει σὺν μέλιτι τὰς τῶν ὀφθαλμῶν παχύτητας καὶ οἰδήματα διαφορεῖ καὶ σκόλοπας ἐπισπᾶται. τὸ δὲ ἄγριον ἰσχυρότερόν ἐστι τοῦ ἡμέρου.,,,,,,,
460,paul,7,3,ὄρυζα,,2.248,,Ὄρυζα,,Ὄρυζα ἔχει τι στυπτικόν· δι' ὃ καὶ γαστέρα μετρίως ἐπέχει.,,,,,,,
461,paul,7,3,ὄρχις,,2.248,,Ὄρχις,,"Ὄρχις ἡ πόα, ὀνομάζεται δὲ καὶ κυνὸς ὄρχις, βολβοειδῆ ῥίζαν ἔχουσα διπλῆν, δύναμιν δὲ τῆς μὲν μείζονος ὑγρὰν καὶ θερμήν· δι' ὃ καὶ εἰς συνουσίας παρορμᾷ· τῆς δὲ ἐλάσσονος θερμὴ καὶ ξηρά· τοὐναντίον γοῦν ἐπέχει τὰς συνουσίας.",,,,,,,
462,paul,7,3,ὄρχις:σαραπιάς:τρίορχις,,2.248,,"Ὄρχις ἡ καὶ σαραπιάς, οἱ δὲ τρίορχιν",,"Ὄρχις ἡ καὶ σαραπιάς, οἱ δὲ τρίορχιν, ξηραίνει μᾶλλον τῆς προτέρας· οἰδήματα γοῦν διαφορεῖ καὶ ἕλκη τὰ ῥυπαρὰ καὶ σηπεδονώδη καθαίρει καὶ ἕρπητας ἰᾶται· ξηρανθεῖσα δὲ μᾶλλον ξηραίνει. διὰ δὲ τὸ ὑποστύφειν καὶ κοιλίαν ἐπέχει μετ' οἴνου πινομένη.",,,,,,,alias_review
463,paul,7,3,ὄσιρις,,2.248,,Ὄσιρις,,"Ὄσιρις, ἐξ ἧς τὰ κορήματα γίνεται, πικρὰ καὶ ἐκφρακτικὴ τῶν καθ' ἧπάρ ἐστιν.",,,,,,,
464,paul,7,3,ὀστᾶ κεκαυμένα,,2.248-249,,Ὀστᾶ κεκαυμένα,,"Ὀστᾶ κεκαυμένα διαφορητικῆς καὶ ξηραντικῆς ἱκανῶς εἰσι δυνάμεως, μάλιστα δέ, φασί, τὰ τῶν ἀνθρώπων. τόν γε μὴν ὕειον ἀστράγαλον κεκαυμένον ἐμπνευματώσεις καὶ στρόφους ἰᾶσθαί φασι. καί τις ὀστᾶ κεκαυμένα διδοὺς πίνειν ἐπιληψίαν τε καὶ ἀρθρῖτιν θεραπεύει. τὸν δὲ βόειον ἀστράγαλον καυθέντα σειομένους φασὶν ἱστᾶν ὀδόντας, μετὰ μέλιτος δὲ πινόμενος ἐξάγει τὰς στρογγύλας ἕλμινθας, μετ' ὀξυμέλιτος δὲ σπλῆνα τήκει καὶ τὰς λεύκας καταχριόμενος ὠφελεῖ ἀφροδισιαστικός τέ ἐστιν. καὶ οἱ μηροὶ δὲ τοῦ βοὸς πινόμενοι κεκαυμένοι αἱμορραγίας τε καὶ ῥύσιν κοιλίας ἱστᾶσιν.",,,,,,,
465,paul,7,3,ὄστρακα,,2.249,,Ὄστρακα,,"Ὄστρακα τὰ ἐκ τῶν ἰπνῶν λεῖα ξηραντικῆς τε καὶ ῥυπτικῆς εἰσι δυνάμεως· ὅθεν ὀδόντας σμήχει καὶ ἐπιχριόμενα σὺν ὄξει κνησμοὺς καὶ ἐξανθήματα καὶ ποδαγρικοὺς ὠφελεῖ, σὺν κηρωτῇ δὲ χοιράδας διαφορεῖ.",,,,,,,
466,paul,7,3,ὀστρέων τὸ ὄστρακον καυθέν,,2.249,,Ὀστρέων τὸ ὄστρακον καυθέν,,"Ὀστρέων τὸ ὄστρακον καυθὲν παραπλησίας ἐστὶ τῷ τῶν κηρύκων δυνάμεως, ἧττον δὲ παχυμεροῦς· ῥύπτει τε γοῦν τὰ περὶ τὸ πρόσωπον καὶ ὀδόντας λευκαίνει. πλυνόμενον δὲ ἄδηκτον γίνεται καὶ τοῖς ὑγροῖς ἕλκεσι χρήσιμον εἰς πλήρωσίν τε καὶ συνούλωσιν.",,,,,,,
467,paul,7,3,οὖρον,,2.249,,Οὖρον,,"Οὖρον ἅπαν θερμόν ἐστι καὶ δριμύ, ἀλλὰ τὸ μὲν τῶν ἀνθρώπων ἀσθενέστερον [τε] τοῦ τῶν ἄλλων ζῴων ἐστὶν πλὴν τῶν εὐνούχων ὑῶν, ῥυπτικὸν δὲ ἱκανῶς· ὃ καί τινες ἐν λοιμῷ πιόντες ἐσώθησαν, λέπρας τε καὶ τὰ σηπεδονώδη τῶν ἑλκῶν καὶ ἀχῶρας καὶ πίτυρα θεραπεύει καὶ τὰ προσπταίσματα τῶν ποδῶν, ὅτε μὴ φλεγμαίνοι. τὸ δὲ τῶν ἀφθόρων παίδων ἰσχυρότερον, ἐξ οὗ καὶ ἡ χρυσοκόλλα γίνεται· τὸ δὲ τῶν ἡμιόνων ἀρθριτικαῖς ἁρμόττει δυνάμεσιν.",,,,,,,
468,paul,7,3,παγκράτιον,,2.249,,Παγκράτιον,,"Παγκράτιον σκίλλῃ τὴν ἰδέαν τε καὶ τὴν δύναμιν ἔοικεν, ἀσθενέστερον δέ ἐστιν.",,,,,,,
469,paul,7,3,παλιούρου,,2.250,,Παλιούρου,,"Παλιούρου τὰ φύλλα καὶ ἡ ῥίζα στύφει μέν, ὅθεν καὶ ῥέουσαν ἵστησι γαστέρα, καὶ διαφορεῖ δὲ φύματα μὴ λίαν θερμά· ὁ δὲ καρπὸς τέμνει τοσοῦτον, ὡς καὶ λίθους θρύπτειν καὶ ταῖς ἐκ θώρακος βοηθεῖν ἀναπτύσεσιν.",,,,,,,
470,paul,7,3,πάνακες ἡράκλειον,,2.250,,Πάνακες Ἡράκλειον,,"Πάνακες Ἡράκλειον, ἐξ οὗ καὶ ὁ καλούμενος ὀποπάναξ γίνεται θερμαίνων μὲν κατὰ τὴν τρίτην τάξιν, ξηραίνων δὲ κατὰ τὴν δευτέραν καὶ μαλάττων καὶ διαφορῶν. ὁ δὲ τῆς ῥίζης φλοιὸς ἀσθενέστερος ὢν τοῦ ὀποῦ ἔχει τι καὶ ῥυπτικὸν καὶ σαρκωτικόν· ὁ δὲ καρπὸς αὐτοῦ καὶ ἔμμηνα κινεῖ. τὸ δὲ Ἀσκλήπειον καὶ τὸ Χειρώνειον πάνακές εἰσι θερμότερα τοῦ προτέρου, ὅθεν αὐτῶν τοῖς ἄνθεσι καὶ τῷ καρπῷ πρὸς τὰ κακοήθη τῶν ἑλκῶν καὶ φύματα χρῶνται.",,,,,,,
471,paul,7,3,πάπυρος ἄκαυστος,,2.250,,Πάπυρος ἄκαυστος,,"Πάπυρος ἄκαυστος μὲν ὕλη τις γίνεται, καυθεῖσα δὲ ξηραίνει, ὥσπερ καὶ ὁ κεκαυμένος χάρτης, ἀσθενεστέρα δὲ ἡ τῆς παπύρου τέφρα.",,,,,,,
472,paul,7,3,παρωνυχία,,2.250,,Παρωνυχία,,"Παρωνυχία ὠνόμασται μὲν ἐκ τοῦ παρωνυχίας ἰᾶσθαι, δύναμις δὲ αὐτοῦ λεπτομερής τέ ἐστι καὶ ξηραντικὴ καὶ ἄδηκτος.",,,,,,,
473,paul,7,3,πεντάφυλλος,,2.250,,Πεντάφυλλος,,"Πεντάφυλλος ξηραίνει μὲν κατὰ τὴν τρίτην τάξιν, ἥκιστα δὲ δριμεῖα· δι' ὃ καὶ πολύχρηστος.",,,,,,,
474,paul,7,3,πέπλος:μήκων ἀφρώδης,,2.250,,"Πέπλος, ἔνιοι δὲ μήκωνα ἀφρώδη",,"Πέπλος, ἔνιοι δὲ μήκωνα ἀφρώδη. καὶ οὗτος ὁ θαμνίσκος ὀπὸν ἔχει καὶ καθαίρει παραπλησίως τοῖς τιθυμάλλοις.",,,,,,,alias_review
475,paul,7,3,πέπλιον,,2.250,,Πέπλιον,,"Πέπλιον ὀπὸν ἔχει καὶ τοῦτο καὶ φύεται τὰ πολλὰ παρὰ θαλάσσῃ, τὰ μὲν ἄλλα ἄχρηστον, τὸ δὲ σπέρμα αὐτοῦ πυρῶδες ὁμοίως τῷ τοῦ πέπλου καθαῖρον.",,,,,,,
476,paul,7,3,πεπέρεως,,2.250,,Πεπέρεως,,"Πεπέρεως ἡ μὲν ῥίζα κόστῳ τὴν δύναμιν ἔοικεν, ὁ δὲ καρπὸς ὁ μὲν ἄρτι βλαστάνοντος αὐτοῦ τὸ μακρόν ἐστι πέπερι ὑγρότερον ὑπάρχον καὶ θερμόν, ὁ δὲ οἷον ὄμφαξ τὸ λευκόν ἐστι δριμύτερον ὑπάρχον τοῦ μέλανος ἐκείνου ὑπερωπτημένου· ἄμφω δὲ θερμαίνει τε καὶ ξηραίνει.",,,,,,,
477,paul,7,3,πέπων,,2.250-251,,Πέπων,,"Πέπων ῥυπτικῆς ἐστι δυνάμεως· ὅθεν ἡ μὲν οἷον σὰρξ αὐτοῦ ἐφήλεις τε καὶ τὰ παραπλήσια σμήχει, τὸ δὲ σπέρμα αὐτοῦ νεφροὺς ἐκφράττει.",,,,,,,
478,paul,7,3,περικλυμένου,,2.251,,Περικλυμένου,,"Περικλυμένου τά τε φύλλα καὶ ὁ καρπὸς τμητικῆς τε ἅμα καὶ θερμαινούσης εἰσὶ δυνάμεως, ὥστε τὸ οὖρον αἱματῶδες ἐκκρίνειν πινόμενον ἄχρι ζ ἡμερῶν. τὸ δὲ σπέρμα ξηραίνει πινόμενον ἄχρι τεσσαράκοντα ἡμερῶν ὠφελεῖ τε σπληνώδεις καὶ δυσπνοϊκούς.",,,,,,,
479,paul,7,3,περιστερεών,,2.251,,Περιστερεὼν,,"Περιστερεὼν εἰς τοσοῦτον ξηραίνει τε καὶ στύφει, ὥστε κολλᾶν τραύματα, καὶ αἱμορραγίαν ἵστησι.",,,,,,,
480,paul,7,3,περσαία,,2.251,,Περσαία,,"Περσαία δένδρον ἐστὶν Αἰγύπτιον, οὗ τὰ φύλλα ξηραίνει τε καὶ στύφει· δι' ὃ καὶ αἱμορραγίαν ἵστησι.",,,,,,,
481,paul,7,3,πετασῖτις,,2.251,,Πετασῖτις,,Πετασῖτις ἐκ τῆς τρίτης τάξεώς ἐστι τῶν ξηραινόντων· ὅθεν ἐπὶ τῶν κακοήθων τε καὶ φαγεδαινικῶν αὐτῇ χρῶνται.,,,,,,,
482,paul,7,3,πετροσελίνου,,2.251,,Πετροσελίνου,,"Πετροσελίνου τὸ σπέρμα θερμόν τε καὶ ξηρόν ἐστι κατὰ τὴν τρίτην ἀπόστασιν τμητικὸν ὑπάρχον, οὖρά τε καὶ καταμήνια κινεῖ δαψιλῶς· ἔστι δὲ καὶ ἄφυσον.",,,,,,,
483,paul,7,3,πευκεδάνου,,2.251,,Πευκεδάνου,,"Πευκεδάνου τῷ μὲν ὀπῷ καὶ τῷ χυλῷ ἱκανῶς θερμαίνοντι καὶ διαφοροῦντι καὶ λεπτύνοντι χρώμεθα, καὶ ὀσφραντῷ δὲ καὶ πόματι πρὸς τὰ κατὰ πνεύμονα καὶ θώρακα διὰ πάχος χυμῶν πάθη καὶ πρὸς ἐσκιρρωμένον σπλῆνα· καὶ ὀδοῦσι δὲ τετρημένοις ἐντεθεὶς τὴν ὀδύνην εὐθὺς ἔπαυσεν καὶ τοῖς κατὰ νεῦρα πάθεσιν ἁρμόττει. ἡ δὲ ῥίζα καὶ λεπίδας ὀστῶν ἀφίστησιν καὶ τὰ κακοήθη τῶν ἑλκῶν ἰᾶται θερμαίνουσά τε καὶ ξηραίνουσα κατὰ τὴν τρίτην τάξιν.",,,,,,,
484,paul,7,3,πεύκη,,2.251,,Πεύκη,,"Πεύκη παραπλησίαν μὲν ἔχει πίτυι τὴν δύναμιν, μετριωτέραν δέ.",,,,,,,
485,paul,7,3,πήγανον,,2.251,,Πήγανον,,"Πήγανον τὸ μὲν ἄγριον τῆς τετάρτης ἐστὶ τάξεως τῶν θερμαινόντων τε καὶ ξηραινόντων, τὸ δὲ ἥμερον τῆς τρίτης τέμνον τε καὶ διαφοροῦν τοὺς παχεῖς καὶ γλίσχρους χυμοὺς καὶ οὖρα κινεῖ λεπτομερές τέ ἐστι καὶ ἄφυσον· ὅθεν τὰς συνουσίας ἐπέχει.",,,,,,,
486,paul,7,3,πίσσα,,2.252,,Πίσσα,,"Πίσσα ἡ μὲν ξηρὰ ξηραίνει κατὰ τὴν δευτέραν ἀπόστασιν ἧττον θερμαίνουσα, ἡ δὲ ὑγρὰ τὸ ἀνάπαλιν. ἔχουσι δέ τι καὶ ῥυπτικὸν καὶ συμπεπτικὸν καὶ διαφορητικὸν καὶ δριμύ· δι' ὃ καὶ λεπροὺς ὄνυχας ἐξάγουσι καὶ λειχῆνας ἀπορρύπτουσι καὶ ὄγκους συμπέττουσιν. ἰσχυροτέρα δὲ ἡ ὑγρά, ὡς καὶ τοὺς ἀσθματικοὺς καὶ τοὺς ἐμπυϊκοὺς ὠφελεῖν ἐκλειχομένη· ἡ δὲ ξηρὰ τραύματα μᾶλλον κολλᾷ.",,,,,,,
487,paul,7,3,πισσέλαιον,,2.252,,Πισσέλαιον,,Πισσέλαιον ἐκ τῆς ὑγρᾶς γίνεται πίσσης λεπτομερέστερον αὐτῆς ὑπάρχον κατὰ τὴν οὐσίαν.,,,,,,,
488,paul,7,3,πιστακίων,,2.252,,Πιστακίων,,"Πιστακίων ὁ καρπὸς ἐσθιόμενος εὐστόμαχός ἐστι μετρίως καὶ τῶν κατὰ τὸ ἧπαρ ἐκφρακτικός, καὶ μάλιστα τῶν λεπῶν αὐτοῦ τῶν ἀρωματιζόντων τὸ ἀφέψημα ἐν οἴνῳ· βοηθεῖ δὲ καὶ ἑρπετοδήκτοις.",,,,,,,
489,paul,7,3,πιτυίδες,,2.252,,Πιτυίδες,,"Πιτυίδες ὁ καρπός ἐστι τῶν πιτύων μικτῆς ὑπάρχων δυνάμεως, στυφούσης καὶ δριμείας· ὅθεν καὶ ταῖς ἐκ θώρακος ἀναπτύσεσι συμπράττουσιν.",,,,,,,
490,paul,7,3,πιτυοκάμπαι,,2.252,,Πιτυοκάμπαι,,Πιτυοκάμπαι τῆς αὐτῆς εἰσι κανθαρίδι καὶ βουπρήστει δυνάμεως.,,,,,,,
491,paul,7,3,πίτυος,,2.252,,Πίτυος,,"Πίτυος ὁ φλοιὸς ἐπικρατοῦσαν ἔχει τὴν στυπτικὴν δύναμιν, ὡς παρατρίμματά τε καὶ κατακαύματα καταπλαττόμενος ὠφελεῖν ἐπέχειν τε κοιλίαν, εἰ ποθείη. τὰ δὲ φύλλα καὶ τραύματα κολλᾷ.",,,,,,,
492,paul,7,3,πιτύουσα,,2.252,,Πιτύουσα,,"Πιτύουσα. καὶ ταύτην τινὲς εἶδος τιθυμάλλου φασίν, ὅτι τε ὀπὸν ἔχει καὶ καθαίρει παραπλησίως ἐκείνοις.",,,,,,,
493,paul,7,3,πλάτανος,,2.252-253,,Πλάτανος,,"Πλάτανος ὑγροτέρας ἐστὶ καὶ ψυχροτέρας δυνάμεως· ὅθεν καὶ τὰ χλωρὰ φύλλα τὰς γινομένας φλεγμονὰς ὀνίνησιν. ὁ δὲ φλοιὸς καὶ τὰ σφαιρία ξηραντικωτέρας ἐστὶ δυνάμεως, ὥστε τὸν μὲν ἐν ὄξει καθεψηθέντα ὀδονταλγίας ἰᾶσθαι, τὰ δὲ πυρίκαυτα μετὰ στέατος θεραπεύειν. ὁ δὲ φλοιὸς καυθεὶς ξηραντικώτερος καὶ ῥυπτικώτερος γίνεται, ὡς λέπρας τε καὶ τὰ κάθυγρα τῶν ἑλκῶν ἰᾶσθαι.",,,,,,,
494,paul,7,3,πνεύμων,,2.253,,Πνεύμων,,"Πνεύμων ὁ μὲν ἄρνειός τε καὶ χοίρειος τὰ ἐξ ὑποδημάτων παρατρίμματα θεραπεύειν πεπίστευται· ὁ δὲ τῆς ἀλώπεκος σκελετευθείς, εἰ πίνοιτο, τοὺς ἀσθματικούς, ὁ δὲ θαλάσσιος πρόσφατος λεῖος ποδαγρικοὺς καὶ χιμεθλιῶντας ὠφελεῖ.",,,,,,,
495,paul,7,3,πολεμώνιον:φιλέταιρον,,2.253,,"Πολεμώνιον, οἱ δὲ φιλέταιρον",,"Πολεμώνιον, οἱ δὲ φιλέταιρον, λεπτομερές ἐστι καὶ ξηραντικόν· ὅθεν ἔνιοι πρὸς ἰσχιάδα καὶ δυσεντερίαν καὶ σκιρρούμενον σπλῆνα ποτίζουσι τὴν ῥίζαν αὐτοῦ μετ' οἴνου.",,,,,,,alias_review
496,paul,7,3,πόλιον τὸ μικρότερον,,2.253,,Πόλιον τὸ μικρότερον,,"Πόλιον τὸ μικρότερον, ᾧ καὶ πρὸς τὰς ἀντιδότους χρώμεθα, τῆς τρίτης ἐστὶ τῶν θερμαινόντων τε καὶ ξηραινόντων τάξεως· ἐκφράττει τοιγαροῦν ἅπαντα τὰ σπλάγχνα καὶ οὖρα καὶ ἔμμηνα κινεῖ, καὶ χλωρὸν μὲν ἔτι κολλᾷ τὰ μεγάλα τραύματα, ξηρὸν δὲ τὰ κακοήθη τῶν ἑλκῶν ἐπιπαττόμενον ἰᾶται.",,,,,,,
497,paul,7,3,πολύγαλον,,2.253,,Πολύγαλον,,"Πολύγαλον αὐστηρὰ μετρίως ἔχει τὰ φύλλα· δοκεῖ δὲ πινόμενον γάλα γεννᾶν, θερμὴν δηλονότι καὶ ὑγρὰν ἔχον κρᾶσιν.",,,,,,,
498,paul,7,3,πολυγόνατον,,2.253,,Πολυγόνατον,,Πολυγόνατον μικτόν ἐστιν ἐκ στύψεώς τε καὶ δριμύτητος καὶ πικρότητος καί τινος ἀηδίας ἀρρήτου· διόπερ οὐδὲ πολύχρηστόν ἐστιν. τὴν δὲ ῥίζαν αὐτοῦ τινες ἐπιπλάττουσι τραύμασι καὶ τοὺς ἐν προσώπῳ σπίλους ἀπορρύπτουσιν αὐτῷ.,,,,,,,
499,paul,7,3,πολύγονον,,2.253,,Πολύγονον,,"Πολύγονον ἔχει μέν τι καὶ στῦφον, ἐπικρατεῖ δὲ ἐν αὐτῷ τὸ ὑδατῶδες ψυχρὸν κατὰ τὴν δευτέραν τάξιν· ὀνίνησι γοῦν ἐπιπασσόμενον ψυχρὸν τοὺς ἐγκαιομένους τὸν στόμαχον καὶ τὰ ἐρυσιπέλατα καὶ τὰς θερμὰς φλεγμονάς· ἅτε δὲ τοιοῦτον ὑπάρχον ἀποκρούεται ῥεύματα καὶ ταύτῃ δοκεῖ ξηραντικὸν ὑπάρχειν. ἔστι δὲ τὸ ἄρσεν τοῦ θήλεος ἰσχυρότερον.",,,,,,,
500,paul,7,3,πολύκνημον,,2.253,,Πολύκνημον,,"Πολύκνημον θερμαίνει καὶ ξηραίνει κατὰ τὴν δευτέραν τάξιν, ὡς καὶ τραύματα κολλᾶν.",,,,,,,
501,paul,7,3,πολυπόδιον,,2.253,,Πολυπόδιον,,Πολυπόδιον ξηραντικῆς ἱκανῶς ἀδήκτου δυνάμεώς ἐστι. πινόμενον καθαίρει κάτω.,,,,,,,
502,paul,7,3,πομφόλυξ,,2.253,,Πομφόλυξ,,"Πομφόλυξ ἀδήκτως ξηραίνει, ὥστε τοῖς σαρκώδεσι τῶν ἑλκῶν καὶ τοῖς ἄλλοις κακοήθεσι βοηθεῖν· μίγνυται δὲ καὶ ὀφθαλμικαῖς δυνάμεσιν.",,,,,,,
503,paul,7,3,πορφύραι,,2.254,,Πορφύραι,,"Πορφύραι καεῖσαι παραπλησίας εἰσὶ τοῖς ὀστράκοις δυνάμεως· τὰ δὲ πώματα αὐτῶν σὺν ἐλαίῳ ἑψηθέντα τρίχας ῥεούσας κρατύνει, σὺν ὄξει δὲ ποθέντα σπλῆνας οἰδοῦντας ἰᾶται, ὑποθυμιαθέντα δὲ διεγείρει τὰς ὑστερικῶς πνιγομένας καὶ δεύτερα ἐκβάλλει.",,,,,,,
504,paul,7,3,ποταμογείτων,,2.254,,Ποταμογείτων,,Ποταμογείτων ψύχει καὶ στύφει παραπλησίως πολυγόνῳ τῆς ὁμοίας αὐτῷ δυνάμεως ὑπάρχον.,,,,,,,
505,paul,7,3,ποτίρριον:φρύνινον,,2.254,,"Ποτίρριον, οἱ δὲ φρύνινον",,"Ποτίρριον, οἱ δὲ φρύνινον, οὗ αἱ ῥίζαι κοπεῖσαι διακοπὰς νεύρων καὶ τραύματα κολλῶσι· καὶ τὸ ἀφέψημα δὲ αὐτῆς πινόμενον ταῖς περὶ νεῦρα διαθέσεσιν ἀρήγει.",,,,,,,alias_review
506,paul,7,3,πράσιον,,2.254,,Πράσιον,,"Πράσιον θερμαίνει μὲν κατὰ τὴν δευτέραν τάξιν, μᾶλλον δὲ ξηραίνει, ἐκφράττει τε καὶ ἧπαρ καὶ σπλῆνα καὶ τὰ κατὰ θώρακα καὶ πνεύμονα ἔμμηνά τε προτρέπει, καταπλασσόμενον δὲ ῥύπτει τε καὶ διαφορεῖ, καὶ ἄλλως ῥυπτικόν τε καὶ τμητικόν ἐστιν.",,,,,,,
507,paul,7,3,πράσον,,2.254,,Πράσον,,"Πράσον κακόχυμόν ἐστι καὶ δριμύ, ὡς δέ φησι Διοσκουρίδης, καὶ δυσόνειρον, εὐκοίλιον, οὐρητικόν, λεπτυντικόν. ἔχει δέ τι καὶ ῥυπτικόν· ἀνάγει γὰρ καὶ τὰ ἐκ θώρακος ἐνεψηθὲν πτισάνῃ. τὸ δὲ σπέρμα αὐτοῦ νεφριτικαῖς μίγνυται δυνάμεσιν. τὰ δὲ φύλλα ἔχουσί τι καὶ στύψεως· ὅθεν ὁ χυλὸς αὐτῶν αἵματός ἐστιν ἐφεκτικός.",,,,,,,
508,paul,7,3,πρῖνος,,2.254,,Πρῖνος,,"Πρῖνος παραπλησίαν μὲν ἔχει δρυὶ τὴν δύναμιν, πολλῷ δὲ αὐτοῦ ἐστιν ἰσχυρότερος.",,,,,,,
509,paul,7,3,πρόπολις,,2.254,,Πρόπολις,,Πρόπολις θερμαίνει μὲν κατὰ τὴν δευτέραν ἀπόστασιν καὶ ῥύπτει μετρίως λεπτομεροῦς τε καὶ ἐκφρακτικῆς ἐστι δυνάμεως.,,,,,,,
510,paul,7,3,πταρμικῆς,,2.254,,Πταρμικῆς,,"Πταρμικῆς τὰ μὲν φύλλα πταρμοὺς κινεῖ, τὸ δὲ ὅλον θαμνίον χλωρὸν ὑπώπιά τε καὶ τὰς ἄλλας ἐκχυμώσεις διαφορεῖ· ἔστι γὰρ θερμὴ καὶ ξηρά, χλωρὰ μὲν ἔτι κατὰ τὴν δευτέραν τάξιν, ξηρὰ δὲ κατὰ τὴν τρίτην.",,,,,,,
511,paul,7,3,πτελέα,,2.254,,Πτελέα,,"Πτελέα ξηραντικῆς ἐστι δυνάμεως καὶ ῥυπτικῆς, ὥστε καὶ τραύματα κολλᾶν, ὁ δὲ φλοιὸς ἔτι μᾶλλον, ἐὰν πρόσφατος ὢν ὥσπερ ἐπίδεσμος περιελιχθῇ τοῖς τραύμασιν, ἰᾶται δὲ καὶ λέπρας σὺν ὄξει· καὶ αἱ ῥίζαι δὲ τῆς αὐτῆς εἰσι δυνάμεως, ὡς τῷ ἀφεψήματι αὐτῶν τὰ πωρώσεως δεόμενα κατάγματα καταντλεῖν.",,,,,,,
512,paul,7,3,πτέρις,,2.255,,Πτέρις,,"Πτέρις ξηραντικὴ τὴν δύναμίν ἐστι καὶ πικρά· ὅθεν ἔμβρυά τε φθείρει καὶ ἐκβάλλει καὶ πλατείας ἕλμινθας ἀναιρεῖ τεσσάρων δραγμῶν ὁλκὴ σὺν μελικράτῳ. ὅτι δὲ μετρίως στύφει, ξηραντικὴ τῶν ἑλκῶν ἀδήκτως ἐστίν.",,,,,,,
513,paul,7,3,πυκνόκοκκον,,2.255,,Πυκνόκοκκον,,"Πυκνόκοκκον διαφορητικῆς τε καὶ ἑλκτικῆς καὶ δριμείας ἐστὶ δυνάμεως. τὰ μὲν οὖν φύλλα φύματα καὶ δοθιῆνας διαφορεῖ, ὁ δὲ καρπὸς πρὸς τούτοις καὶ σκόλοπας ἕλκει· ἡ δὲ ῥίζα χολῆς τῆς ξανθῆς ἐστι καθαρτική.",,,,,,,
514,paul,7,3,πυρέθρου,,2.255,,Πυρέθρου,,Πυρέθρου ἡ ῥίζα καυστικὴν ἔχει δύναμιν καὶ ὀδόντων ἐψυγμένων ὀδύνας πραΰνει καὶ πρὸ τῶν κατὰ περίοδον ῥιγῶν ἀνατρίβεται μετ' ἐλαίου καὶ τοὺς ναρκώδεις τε καὶ παρειμένους ὠφελεῖ.,,,,,,,
515,paul,7,3,πυρός,,2.255,,Πυρὸς,,"Πυρὸς θερμαίνει μὲν κατὰ τὴν πρώτην τάξιν, μέσος δὲ τῶν τε ξηρῶν καὶ ὑγρῶν ἐστιν· ἔχει δέ τι καὶ γλίσχρον καὶ ἐμφρακτικόν.",,,,,,,
516,paul,7,3,πυτία,,2.255,,Πυτία,,"Πυτία πᾶσα δριμείας ἐστὶ καὶ λεπτυντικῆς καὶ διαφορητικῆς καὶ δηλονότι ξηραντικῆς δυνάμεως. ἀλλὰ τὴν μὲν τῶν λαγωῶν ἐπιλήπτους θεραπεύειν ἔγραψαν, εἰ μετ' ὄξους πίνοιτο, καὶ ῥοῦν γυναικεῖον ἰᾶσθαι καὶ γάλα τεθρομβωμένον ἐν κοιλίᾳ λύειν, ὁμοίως δὲ καὶ αἷμα· τινὲς δὲ καὶ τὰς ἐκ θώρακος πτύσεις τοῦ αἵματος ἐπέχειν αὐτήν φασιν. ἱππείαν δὲ πυτίαν ἔγραψαν κοιλιακοῖς τε καὶ δυσεντερικοῖς ἁρμόττειν, τὴν δὲ τῆς φώκης καστορίου δύναμιν ἔχειν.",,,,,,,
517,paul,7,3,ῥάκος,,2.255,,Ῥάκος,,"Ῥάκος κεκαυμένον τὸ μὲν ἐξ ἐρίων ὁμοίαν ἐκείνοις ἔχει κεκαυμένοις δύναμιν, τὸ δὲ λινοῦν καιόμενον μὲν ἔτι λεπτομερῆ καπνὸν ἐκδίδωσιν, ὡς καὶ κατάρρους ἐκφράττειν καὶ ταῖς τῆς ὑστέρας ἁρμόττειν ἀναδρομαῖς, ἤδη δὲ καυθὲν ἐγγύς ἐστιν ἐρίῳ τὴν δύναμιν.",,,,,,,
518,paul,7,3,ῥάμνος,,2.255,,Ῥάμνος,,"Ῥάμνος ξηραίνει μὲν κατὰ τὴν δευτέραν ἀπόστασιν, ψύχει δὲ κατὰ τὴν πρώτην· ὅθεν ἕρπητας ἰᾶται καὶ ἐρυσιπέλατα μὴ πάνυ θερμά. χρηστέον δὲ τοῖς ἁπαλοῖς φύλλοις.",,,,,,,
519,paul,7,3,ῥάφανος,,2.255-256,,Ῥάφανος,,"Ῥάφανος θερμαίνει μὲν κατὰ τὴν τρίτην ἀπόστασιν, ξηραίνει δὲ κατὰ τὴν δευτέραν. ἡ δὲ ἀγρία δραστικωτέρα ἐστίν. ἀμφοῖν δὲ τὸ σπέρμα ἰσχυρότερον· διαφοροῦσι γοῦν τά τε ὑπώπια καὶ τὰ ἄλλα πελιδνά.",,,,,,,
520,paul,7,3,ῥῆον:ῥᾶ,,2.256,,"Ῥῆον, οἱ δὲ ῥᾶ",,"Ῥῆον, οἱ δὲ ῥᾶ, σύνθετόν ἐστιν ἐκ γεώδους ψυχρᾶς καὶ λεπτομεροῦς οὐσίας ἀερώδους τε καὶ θερμῆς καὶ δριμείας ἠρέμα· ὅθεν σπάσματα καὶ ῥήγματα καὶ ὀρθοπνοίας ὀνίνησι καὶ πελιώματα τῷ διαφορεῖν, τῷ δὲ στύφειν αἵματός τε πτύσεις καὶ κοιλιακοὺς καὶ δυσεντερικούς, δι' ἄμφω δὲ τοὺς ἡπατικοὺς ὠφελεῖ.",,,,,,,alias_review
521,paul,7,3,ῥητίναι,,2.256,,Ῥητίναι,,"Ῥητίναι πᾶσαι θερμαίνουσι τε καὶ ξηραίνουσιν. ἀλλ' ἡ μὲν τερεβινθίνη πρωτεύει διαφορητική τε καὶ μαλακτικὴ καὶ λεπτομερὴς ὑπάρχουσα καὶ ῥυπτική· δι' ὃ καὶ ψώρας ἰᾶται. παραπλησία δὲ αὐτῇ καὶ ἡ λάριξ ἐστίν. ἥ γέ τοι πευκίνη καὶ ταύτης ἔτι μᾶλλον ἡ στροβιλίνη δριμυτέρα μέν ἐστιν, οὐ μὴν οὔτε διαφορεῖ πλεῖον οὔτε ἐπισπᾶται· μέσαι δὲ αὐτῶν εἰσιν ἡ πιτυίνη τε καὶ ἡ ἐλατίνη.",,,,,,,
522,paul,7,3,ῥόδα,,2.256,,Ῥόδα,,Ῥόδα σύνθετα τὴν φύσιν ἐστὶν ἐξ ὑδατώδους οὐσίας θερμῆς καὶ στυφούσης τε καὶ πικρᾶς. τὸ δὲ ἄνθος αὐτῶν ἔτι μᾶλλόν ἐστι στυπτικόν· ὅθεν καὶ ξηραντικόν.,,,,,,,
523,paul,7,3,ῥοδία ῥίζα,,2.256,,Ῥοδία ῥίζα,,Ῥοδία ῥίζα θερμαίνει μὲν κατὰ τὴν δευτέραν ἀπόστασιν λεπτομεροῦς τε καὶ διαφορητικῆς ἐστι δυνάμεως.,,,,,,,
524,paul,7,3,ῥοιαί,,2.256,,Ῥοιαὶ,,"Ῥοιαὶ ὅλαι τὴν στυπτικὴν δύναμιν ἐπικρατοῦσαν ἔχουσι, δι' ἣν ψύχουσί τε καὶ ξηραίνουσιν. ἀλλ' αἱ μὲν γλυκεῖαι τῶν ἄλλων ἧσσον ἄμφω κέκτηνται, αἱ δ' αὐστηραὶ μᾶλλον μὲν ψύχουσι, ξηρότεραι δέ εἰσι καὶ εὐστόμαχοι, αἱ δὲ ὀξεῖαι ψύχουσι καὶ πλέον ἔχουσαί τι καὶ τμητικόν. τὰ δὲ γίγαρτα τοῦ χυλοῦ στυπτικώτερά τέ ἐστι καὶ ξηραντικώτερα, τούτων δὲ ἔτι μᾶλλον τὰ λέμματα τὰ σίδια προσαγορευόμενα· παραπλησίας δὲ τούτοις εἰσὶ δυνάμεως οἱ κύτινοι.",,,,,,,
525,paul,7,3,ῥοός,,2.256,,Ῥοὸς,,"Ῥοὸς τοῦ βυρσοδεψικοῦ καλουμένου τοῖς ἰατροῖς ὁ καρπὸς μάλιστα καὶ ὁ χυλὸς εἰς χρείαν ἥκουσιν ἱκανῶς ὄντος στυπτικοῦ μὲν καὶ ξηραντικοῦ ἐκ τῆς τρίτης τάξεως, ῥυπτικοῦ δὲ τῆς δευτέρας.",,,,,,,
526,paul,7,3,ῥύπος ἀπὸ τῶν χαλκῶν ἀνδριάντων ἢ σκευῶν,,2.256-257,,Ῥύπος ἀπὸ τῶν χαλκῶν ἀνδριάντων ἢ σκευῶν,,"Ῥύπος ἀπὸ τῶν χαλκῶν ἀνδριάντων ἢ σκευῶν, ἐν οἷς ἄφθονον ἔλαιον ἐναπομένει, ἔχων τι καὶ ἰοῦ διαφορητικός τέ ἐστι καὶ ξηραντικὸς μετρίως καὶ μαλακτικός· ἄπεπτα γοῦν φύματα διαφορεῖ. περὶ δὲ τοῦ κατὰ παλαίστρας, ὃν ἔνιοι καὶ πάτον καλοῦσιν, ἐν τῷ περὶ ἱδρῶτος εἴρηται. ὁ δὲ ἐν τοῖς ὠσὶ ῥύπος παρωνυχίας ἰᾶσθαι λέγεται.",,,,,,,
527,paul,7,3,σαγαπηνὸν ὀπός,,2.257,,Σαγαπηνὸν ὀπός,,"Σαγαπηνὸν ὀπός ἐστιν οἷον νάρθηκος θερμὸς καὶ λεπτομερής, ἔχει δέ τι καὶ ῥυπτικόν, ὡς καὶ ταῖς ἐν ὀφθαλμοῖς οὐλαῖς τε καὶ ὑποχύσεσιν ἁρμόττειν.",,,,,,,
528,paul,7,3,σαλαμάνδρας,,2.257,,Σαλαμάνδρας,,Σαλαμάνδρας καυθείσης τὴν τέφραν ἔνιοι μιγνύουσι σηπτικαῖς τε καὶ λεπρικαῖς καὶ ψωρικαῖς δυνάμεσιν.,,,,,,,
529,paul,7,3,σάμψυχον,,2.257,,Σάμψυχον,,"Σάμψυχον θερμαίνει καὶ ξηραίνει κατὰ τὴν τρίτην ἀπόστασιν, ἔστι δὲ καὶ λεπτομερὲς καὶ διαφορητικόν.",,,,,,,
530,paul,7,3,σανδαράχη,,2.257,,Σανδαράχη,,"Σανδαράχη καυστικῆς ἐστι δυνάμεως, ὥσπερ καὶ τὸ ἀρσενικόν.",,,,,,,
531,paul,7,3,σάνδυξ:σηρικόν,,2.257,,Σάνδυξ ἢ σηρικὸν,,"Σάνδυξ ἢ σηρικὸν λεπτομεροῦς μέν ἐστι καὶ ξηραντικῆς δυνάμεως, οὐ μὴν θερμῆς.",,,,,,,
532,paul,7,3,σαπρότης ξύλων,,2.257,,Σαπρότης ξύλων,,"Σαπρότης ξύλων, καὶ μάλιστα τῆς πτελέας, καθαίρει καὶ ἀναπληροῖ τὰ ὑγρὰ τῶν ἑλκῶν.",,,,,,,
533,paul,7,3,σάπων,,2.257,,Σάπων,,Σάπων ῥυπτικῆς ἐστι καὶ στυπτικῆς δυνάμεως.,,,,,,,
534,paul,7,3,σαρκοκόλλα,,2.257,,Σαρκοκόλλα,,Σαρκοκόλλα δάκρυόν ἐστι δένδρου Περσικοῦ ἐμπλαστικόν τε καὶ ἀδήκτως ξηραῖνον καὶ διὰ τοῦτο καὶ τραύματα κολλᾷ.,,,,,,,
535,paul,7,3,σαρξιφαγές,,2.257,,Σαρξιφαγὲς,,Σαρξιφαγὲς διουρητικόν τέ ἐστι καὶ λίθων θρυπτικόν.,,,,,,,
536,paul,7,3,σατύριον:τρίφυλλον,,2.257,,Σατύριον ἢ τρίφυλλον,,"Σατύριον ἢ τρίφυλλον ὑγρόν ἐστι καὶ θερμὸν τὴν κρᾶσιν καὶ φυσῶδες· ὅθεν εἰς ἀφροδίσια παρορμᾷ· τινὲς δὲ καὶ ὀπισθοτόνους αὐτό φασιν ἰᾶσθαι μετ' οἴνου αὐστηροῦ πινόμενον. ἐν δὲ τῷ Περὶ τῆς θηριακῆς ὁ Γαληνός φησιν τὴν τρίφυλλον τὴν τῷ ὑακίνθῳ ὁμοίαν, ὁπόταν τοῦ ἔαρος ἐγκύμων γενομένη τὸ σπέρμα ὅμοιον ἔχῃ τῇ ἀγρίᾳ κνήκῳ, ἀφεψομένης αὐτῆς τὸ ζέμα φαλαγγίου μὲν ἢ ἔχεως δήγματι καταντλούμενον θεραπεύειν αὐτό, ὑγιεῖ δὲ τόπῳ προσφερόμενον, φησίν, ὅμοιον πάθος ἐργάζεται τοῖς ὑπό τινος τούτων δηχθεῖσιν.",,,,,,,
537,paul,7,3,σαύρας,,2.257,,Σαύρας,,"Σαύρας ἧπαρ μὲν καὶ κεφαλὴ κατὰ τὸν ἴδιον εἴρηται τόπον, ὅλη δὲ ἀνασχισθεῖσα καὶ ἐπιτεθεῖσα σκορπιοπλήκτους ἰᾶται.",,,,,,,
538,paul,7,3,σέλινον,,2.257,,Σέλινον,,"Σέλινον θερμὸν εἰς τοσοῦτόν ἐστιν, ὡς οὖρά τε κινεῖν καὶ καταμήνια· ἔστι δὲ καὶ ἄφυσον, καὶ μάλιστα τὸ σπέρμα.",,,,,,,
539,paul,7,3,σέρις,,2.258,,Σέρις,,Σέρις ὑπόπικρόν ἐστι λάχανον ψῦχον ἱκανῶς καὶ ὑγραῖνον· ἔχει δέ τι καὶ στύψεως.,,,,,,,
540,paul,7,3,σέριφον,,2.258,,Σέριφον,,"Σέριφον θερμαίνει μὲν κατὰ τὴν δευτέραν τάξιν, ξηραίνει δὲ κατὰ τὴν πρώτην, παραπλήσιον μὲν ὑπάρχον ἀψινθίῳ, ἧττον δὲ αὐτοῦ στύφει καὶ μᾶλλον θερμαίνει καὶ ἕλμεις κτείνει· ἔστι δὲ μετρίως κακοστόμαχον.",,,,,,,
541,paul,7,3,σεσέλεως,,2.258,,Σεσέλεως,,"Σεσέλεως ἡ ῥίζα, καὶ μᾶλλον ὁ καρπός, ἱκανῶς θερμαίνει μετὰ λεπτομερείας· ἔστι δὲ καὶ οὐρητικὸν πρὸς ἐπιληψίαν τε καὶ ὀρθοπνοίας ἁρμόττει.",,,,,,,
542,paul,7,3,σηπίας ὄστρακον,,2.258,,Σηπίας ὄστρακον,,"Σηπίας ὄστρακον παραπλήσιον μέν ἐστιν ὀστρέῳ τὴν δύναμιν, λεπτομερὲς δὲ καὶ μᾶλλον ῥυπτικόν· ὅθεν, εἰ καυθείη, πτερύγια λεπτύνει σὺν ἁλσὶν ὀρυκτοῖς, ἄκαυστον δὲ συκώσεις ἀποσμήχει παρατριβόμενον καὶ τὰ περὶ τὸ δέρμα ῥύπτει.",,,,,,,
543,paul,7,3,σησαμοειδοῦς τοῦ λευκοῦ,,2.258,,Σησαμοειδοῦς τοῦ λευκοῦ,,Σησαμοειδοῦς τοῦ λευκοῦ τὸ σπέρμα θερμαίνει τε καὶ ῥύπτει καὶ ῥήσσει.,,,,,,,
544,paul,7,3,σήσαμον,,2.258,,Σήσαμον,,Σήσαμον οὐκ ὀλίγον ἔχει τὸ γλίσχρον καὶ λιπαρόν· ὅθεν ἐμπλαστικόν τε καὶ μαλακτικόν ἐστι καὶ μετρίως θερμαῖνον.,,,,,,,
545,paul,7,3,σήψ:χαλκιδικὴ σαύρα,,2.258,,"Σήψ, ἣν ἔνιοι Χαλκιδικὴν σαύραν ἐκάλεσαν",,"Σήψ, ἣν ἔνιοι Χαλκιδικὴν σαύραν ἐκάλεσαν, ἐν οἴνῳ ποθεῖσα τοὺς ὑπ' αὐτῆς δηχθέντας ἰᾶται.",,,,,,,alias_review
546,paul,7,3,σίαλον τὸ τῶν ἀνθρώπων,,2.258,,Σίαλον τὸ τῶν ἀνθρώπων,,"Σίαλον τὸ τῶν ἀνθρώπων, νήστεων μάλιστα, διαφορητικόν τε καὶ ῥυπτικόν ἐστι· λειχῆνας γοῦν παιδίων ἀπορρύπτει χρισθὲν καὶ δοθιῆνας πέττει, μετὰ πυρῶν δηλονότι μασηθέντων ἐπιτιθέμενον, ὑπώπιά τε αἴρει· τοῖς δὲ τοὺς ἀνθρώπους ἀναιροῦσι θηρίοις ἐναντιώτατόν ἐστιν.",,,,,,,
547,paul,7,3,σιδηρῖτις,,2.258,,Σιδηρῖτις,,"Σιδηρῖτις εἴρηται· ἡ δὲ Ἀχίλλειος σιδηρῖτις ἐμφερὴς μέν ἐστιν ἐκείνῃ, μᾶλλον δὲ στύφει· ὅθεν τοῖς ῥοώδεσιν ἁρμόττει πάθεσιν.",,,,,,,
548,paul,7,3,σίδηρος,,2.258,,Σίδηρος,,"Σίδηρος ἐναποσβεσθεὶς ὕδατι πολλάκις ξηραντικὴν ἱκανῶς αὐτῷ δύναμιν ἐναποτίθεται· πινόμενον γοῦν ἁρμόττει σπληνικοῖς. εἰ δὲ εἰς οἶνον ἀποσβεσθείη, κοιλιακοῖς τε καὶ δυσεντερικοῖς καὶ χολεριῶσιν ἐκλελυμένοις στομάχῳ ἀρήγει.",,,,,,,
549,paul,7,3,σίκυος,,2.259,,Σίκυος,,"Σίκυος ὁ μὲν ἐδώδιμος χλωρὸς ἔτι ψύχει τε καὶ ὑγραίνει κατὰ τὴν δευτέραν τάξιν, καὶ ἡ μὲν σὰρξ αὐτοῦ ζεούσας παραμυθεῖται φλεγμονάς, τὸ δὲ σπέρμα ῥυπτικόν τε καὶ τμητικόν ἐστιν· οὖρά τε οὖν κινεῖ καὶ λαμπρύνει τὸ σῶμα. ξηρὸς δὲ ξηραίνει κατὰ τὴν πρώτην τάξιν, καὶ μᾶλλον ῥύπτει τό τε σπέρμα καὶ ἡ ῥίζα.",,,,,,,
550,paul,7,3,σικύου ἀγρίου,,2.259,,Σικύου ἀγρίου,,"Σικύου ἀγρίου ὁ μὲν τοῦ καρποῦ χυλὸς ἐλατήριον εἴρηται· ὁ δὲ τῆς ῥίζης τε καὶ τῶν φύλλων ὅμοιος μέν ἐστιν ἐλατηρίῳ, ἀσθενέςτερος δέ. ἡ ῥίζα δὲ ῥύπτει, διαφορεῖ, μαλάσσει· ξηραντικώτερος δὲ ὁ φλοιός.",,,,,,,
551,paul,7,3,σίλλυβον,,2.259,,Σίλλυβον,,"Σίλλυβον ἀκανθῶδές ἐστι φυτὸν παραπλήσιον τῷ λευκῷ χαμαιλέοντι, ἐδώδιμον δέ. τῆς ῥίζης δὲ ὁ ὀπὸς ὅσον 𐅻 α σὺν μελικράτῳ ποθεὶς ἐμέτους κινεῖ.",,,,,,,
552,paul,7,3,σίλουρος ταριχηρός,,2.259,,Σίλουρος ταριχηρὸς,,"Σίλουρος ταριχηρὸς βρωθεὶς ἀρτηρίαν κάθυγρον διακαθαίρει, καταπλασσόμενος δὲ σκόλοπας ἀνάγει.",,,,,,,
553,paul,7,3,σίλφης,,2.259,,Σίλφης,,Σίλφης τῆς ἐν τοῖς ἀρτοκοπείοις εὑρισκομένης τὰ ἐντὸς ἑψόμενα τριπτὰ ὠταλγίας ἰᾶται.,,,,,,,
554,paul,7,3,σίλφιον,,2.259,,Σίλφιον,,"Σίλφιον θερμαίνει γενναίως, ἔστι δὲ καὶ φυσῶδες καὶ δύσπεπτον, ἔξωθεν δὲ τοῦ σώματος δραστηριώτερον, καὶ μᾶλλον ὁ ὀπὸς ἑλκτικῆς ὑπάρχων δυνάμεως· ἔχει δέ τι καὶ καθαιρετικόν.",,,,,,,
555,paul,7,3,σίνων,,2.259,,Σίνων,,Σίνων θερμὸς οὐρητικός τε καὶ πεπτικός ἐστιν ἔμμηνά τε ἄγει καὶ ἐκφράσσει τὰ σπλάγχνα.,,,,,,,
556,paul,7,3,σίον,,2.259,,Σίον,,Σίον θερμὸν οὐρητικὸν καὶ διαφορητικὸν λίθων τε τῶν ἐν νεφροῖς θρυπτικὸν καὶ ἐμμήνων ἀγωγόν.,,,,,,,
557,paul,7,3,σισάρου ἡ ῥίζα,,2.259,,Σισάρου ἡ ῥίζα,,Σισάρου ἡ ῥίζα ἑφθὴ εὐστόμαχός ἐστι καὶ οὐρητικὴ θερμὴ κατὰ τὴν τρίτην τάξιν.,,,,,,,
558,paul,7,3,σισυμβρίου,,2.259,,Σισυμβρίου,,Σισυμβρίου λεπτομερές τέ ἐστι καὶ διαφορητικὸν ἰσχυρόν τε τὸ σπέρμα· δι' ὃ τοῖς τε λύζουσι καὶ στροφουμένοις δίδοται σὺν οἴνῳ.,,,,,,,
559,paul,7,3,σισύμβριον:καρδαμίνη,,2.259,,"Σισύμβριον, ὃ καὶ καρδαμίνην ὀνομάζουσι",,"Σισύμβριον, ὃ καὶ καρδαμίνην ὀνομάζουσι καρδάμῳ προσεοικός, ξηρὸν μὲν θερμαίνει καὶ ξηραίνει κατὰ τὴν πρώτην τάξιν, ὑγρὸν δὲ κατὰ τὴν δευτέραν.",,,,,,,alias_review
560,paul,7,3,σκαμμωνία,,2.259-260,,Σκαμμωνία,,"Σκαμμωνία θερμῆς καὶ διαφορητικῆς καὶ ῥυπτικῆς καὶ καθαρτικῆς χολωδῶν ἐστι δυνάμεως, καὶ μᾶλλον ὁ ὀπός, ὃς δὴ καὶ φύματα διαφορεῖ καὶ ἔμβρυα φθείρει προστιθέμενος καὶ λέπρας ἐξάγει κεφαλαλγίας τε χρονίας ἐστὶν ἐπίβρεγμα σὺν ὀξυροδίνῳ. καὶ ἡ ῥίζα δὲ καθαίρει ποθεῖσα αὐτή τε καὶ τὸ ἀφέψημα αὐτῆς, σὺν ὄξει δὲ καὶ ἀλεύρῳ κριθίνῳ καθεψηθεῖσα ἰσχιάσι καταπλάττεται.",,,,,,,
561,paul,7,3,σκάνδιξ ἄγριόν,,2.260,,Σκάνδιξ ἄγριόν,,Σκάνδιξ ἄγριόν ἐστι λάχανον θερμαῖνον καὶ ξηραῖνον κατὰ τὴν δευτέραν τάξιν οὐρητικόν τε καὶ τῶν σπλάγχνων ἐκφρακτικόν.,,,,,,,
562,paul,7,3,σκίγκου,,2.260,,Σκίγκου,,"Σκίγκου τὰ περὶ τοὺς νεφροὺς ὡς ἐντατικὸν τῶν αἰδοίων πίνεται, καὶ ἀντιπεπονθέναι γε αὐτοῖς δοκεῖ θρίδακος σπέρμα μεθ' ὕδατος πινόμενον καὶ τὸ τῶν φακῶν ἀφέψημα μετὰ μέλιτος.",,,,,,,
563,paul,7,3,σκίλλα,,2.260,,Σκίλλα,,"Σκίλλα τμητικῆς ἐστι δυνάμεως, θερμαίνει δὲ καὶ ξηραίνει κατὰ τὴν δευτέραν τάξιν· ἄμεινον δὲ αὐτὴν ὀπτὴν ἢ ἑψηθεῖσαν λαμβάνειν.",,,,,,,
564,paul,7,3,σκολοπένδρα θαλαττία,,2.260,,Σκολοπένδρα θαλαττία,,"Σκολοπένδρα θαλαττία ἑψηθεῖσα ἐν ἐλαίῳ καὶ καταχρισθεῖσα ψιλοῖ τρίχας, καυθεῖσα δὲ κνησμὸν ἐργάζεται.",,,,,,,
565,paul,7,3,σκολοπένδριον,,2.260,,Σκολοπένδριον,,Σκολοπένδριον τὸ ἄσπληνόν ἐστιν.,,,,,,,
566,paul,7,3,σκόλυμον,,2.260,,Σκόλυμον,,Σκόλυμον θερμαίνει καὶ ξηραίνει κατὰ τὴν δευτέραν τάξιν· ἡ δὲ ῥίζα αὐτοῦ πλῆθος οὔρων ἄγει δυσωδῶν σὺν οἴνῳ καθεψηθεῖσα καὶ ποθεῖσα καὶ τὰς τῶν μασχαλῶν τε καὶ ὅλου τοῦ σώματος ἰᾶται δυςωδίας.,,,,,,,
567,paul,7,3,σκόρδιον,,2.260,,Σκόρδιον,,Σκόρδιον ποικίλον ἐστὶ πικρὸν καὶ στρυφνὸν ὑπάρχον καὶ δριμύ· καθαίρει γοῦν ἅμα καὶ θερμαίνει τὰ σπλάγχνα καὶ οὖρα καὶ καταμήνια κινεῖ καὶ κατεψυγμένα πάντα θερμαίνει καὶ τραύματα κολλᾷ τε καὶ ἀνακαθαίρει καὶ ἀφουλοῖ ξηρὸν ἐπιπασσόμενον.,,,,,,,
568,paul,7,3,σκόρδον,,2.260,,Σκόρδον,,Σκόρδον θερμαίνει καὶ ξηραίνει κατὰ τὴν τετάρτην ἀπόστασιν. τὸ δὲ ὀφιόσκορδον ἀγριόσκορδον ἰσχυρότερον τοῦ ἡμέρου.,,,,,,,
569,paul,7,3,σκοροδόπρασον,,2.260,,Σκοροδόπρασον,,Σκοροδόπρασον καὶ τῇ γεύσει καὶ τῇ δυνάμει μικτόν ἐστιν ἀπὸ σκορόδου τε καὶ πράσου.,,,,,,,
570,paul,7,3,σκορπιοειδές,,2.260,,Σκορπιοειδὲς,,"Σκορπιοειδὲς θερμαίνει μὲν κατὰ τὴν τρίτην τάξιν, ξηραίνει δὲ κατὰ τὴν δευτέραν.",,,,,,,
571,paul,7,3,σκορπίος,,2.260-261,,Σκορπίος,,Σκορπίος ὁ μὲν χερσαῖος ὠμὸς ἐπιτεθεὶς βοήθημα τῆς ἰδίας γίνεται πληγῆς· ὁμοίως δὲ καὶ ὀπτὸς ἐσθιόμενος. ὁ δὲ θαλάττιος τὴν χολὴν ἔχει χρησίμην.,,,,,,,
572,paul,7,3,σκωρία,,2.261,,Σκωρία,,"Σκωρία πᾶσα μὲν ἱκανῶς ξηραίνει, ἡ δὲ τοῦ σιδήρου πλέον, ἥτις ἑψηθεῖσα λειοτάτη σὺν ὄξει ὦτα πυοροοῦντα θαυμασίως ἰᾶται· καὶ τοῖς ἀκόνιτον δὲ πιοῦσι βοηθεῖ σὺν ὀξυμέλιτι ποθεῖσα. ἡ δὲ τοῦ μολύβδου ἀναλογεῖ τῷ μολύβδῳ στύφουσα μᾶλλον.",,,,,,,
573,paul,7,3,σμῖλαξ:κάκτος,,2.261,,Σμῖλαξ ἢ κάκτος,,Σμῖλαξ ἢ κάκτος δένδρον ἐστὶ δηλητηρίου δυνάμεως.,,,,,,,
574,paul,7,3,σμύρνα,,2.261,,Σμύρνα,,"Σμύρνα δευτέρας ἐστὶ τάξεως τῶν θερμαινόντων τε καὶ ξηραινόντων· τὰ γοῦν ἐν κεφαλῇ τραύματα ἐπιπλαττομένη κολλᾷ. ἔχει δὲ πικρόν, ὅθεν ἕλμεις τε καὶ ἔμβρυα κτείνει, καὶ ῥύπτει· δι' ὃ ταῖς ὀφθαλμικαῖς μίγνυται δυνάμεσιν καὶ τὰ κατὰ θώρακα διακαθαίρει χωρὶς τοῦ τραχῦναι τὴν ἀρτηρίαν. ἡ δὲ Βοιωτικὴ σμύρνα δύναμιν ἔχει θερμαντικὴν μαλακτικὴν διαλυτικήν.",,,,,,,
575,paul,7,3,σμύρνιον:ἱπποσέλινον:σέλινον ἄγριον,,2.261,,"Σμύρνιον, οἱ δὲ ἱπποσέλινον, οἱ δὲ σέλινον ἄγριον ὀνομάζουσι",,"Σμύρνιον, οἱ δὲ ἱπποσέλινον, οἱ δὲ σέλινον ἄγριον ὀνομάζουσι, θερμαίνει καὶ ξηραίνει κατὰ τὴν τρίτην τάξιν σελίνου μὲν ὂν ἰσχυρότερον, πετροσελίνου δὲ ἀσθενέστερον· ἐμμήνων τε οὖν ἀγωγόν ἐστι καὶ οὐρητικόν.",,,,,,,alias_review
576,paul,7,3,σόκχος,,2.261,,Σόκχος,,"Σόκχος στύφει τε καὶ σαφῶς ψύχει καταπλασσόμενός τε καὶ ἐσθιόμενος, ξηρανθεὶς δὲ μετρίως θερμαίνει.",,,,,,,
577,paul,7,3,σπαργάνιον,,2.261,,Σπαργάνιον,,Σπαργάνιον ξηραντικῆς καὶ τοῦτο δυνάμεώς ἐστιν.,,,,,,,
578,paul,7,3,σπάρτος,,2.261,,Σπάρτος,,"Σπάρτος, ᾧ τὰς ἀμπέλους δεσμοῦσι. τούτου ὁ καρπὸς καὶ τὸ ἄνθος ποθέντα σὺν μελικράτῳ ὀβολοὶ ε καθαίρει ἄνω, ὥσπερ ἐλλέβορος λευκός, ἀκινδύνως· ὁ δὲ καρπὸς καὶ κάτω καθαίρει, αἱ δὲ ῥάβδοι ἰσχιάδας ὠφελοῦσιν.",,,,,,,
579,paul,7,3,σπεκλάριον:σφεκλάριον,,2.261,,"Σπεκλάριον, οἱ δὲ διὰ τοῦ φ σφεκλάριον",,"Σπεκλάριον, οἱ δὲ διὰ τοῦ φ σφεκλάριον, ᾧ τινες ἀντὶ σφέκλων ἐν ταῖς θυρίσι χρῶνται (δι' ὃ καὶ διαφανὲς προσαγορεύεται), γυψῶδες ὑπάρχον τὴν οὐσίαν δύναμιν ἔχει παραπλησίαν τοῖς κεκαυμένοις ὀστράκοις.",,,,,,,alias_review
580,paul,7,3,σπόγγος,,2.261,,Σπόγγος,,"Σπόγγος ὁ μὲν καινὸς ἔτι διασώζων τὴν τῆς θαλάσσης ὀσμὴν ἐπιτιθέμενος σὺν ὕδατι ἢ οἴνῳ ἢ ὀξυκράτῳ τραύματα κολλᾷ· καυθεὶς δὲ δριμείας ἐστὶ δυνάμεως καὶ διαφορητικῆς, σὺν ἀσφάλτῳ δὲ ἢ ὑγρᾷ πίττῃ καιόμενος καὶ προστιθέμενος διάπυρος αἱμορραγίας ἵστησιν.",,,,,,,
581,paul,7,3,σπόδιον,,2.262,,Σπόδιον,,Σπόδιον παραπλησίας ἐστὶ δυνάμεως τῷ πομφόλυγι.,,,,,,,
582,paul,7,3,σταφυλῖνος,,2.262,,Σταφυλῖνος,,"Σταφυλῖνος οὖρά τε κινεῖ καὶ καταμήνια προτρέπει, μάλιστα τὸ σπέρμα καὶ ἡ ῥίζα· τὰ δὲ φύλλα ῥυπτικῆς ὄντα δυνάμεως τοῖς φαγεδαινικοῖς ἁρμόττει πάθεσιν χλωρὰ μετὰ μέλιτος. ὁ δὲ ἄγριος ἰσχυρότερος εἰς ἅπαντα τοῦ ἡμέρου.",,,,,,,
583,paul,7,3,στάχυς,,2.262,,Στάχυς,,Στάχυς ὁ παραπλήσιος τῷ πρασίῳ θάμνος θερμαίνει κατὰ τὴν τρίτην τάξιν· καταμήνια γοῦν κινεῖ καὶ ἔμβρυα κτείνει καὶ χόρια ἐκβάλλει.,,,,,,,
584,paul,7,3,στέατα,,2.262,,Στέατα,,"Στέατα πάντα μὲν ὑγραίνει τε καὶ θερμαίνει τὸ ἀνθρώπινον σῶμα, παρὰ δὲ τὴν διάφορον τῶν ζῴων κρᾶσιν ἡ δύναμις αὐτῶν ἐξαλλάττεται. τὸ μὲν οὖν τῶν ὑῶν ὑγρότατον ἁπάντων ἐστὶν ἐγγὺς ἐλαίῳ τὴν δύναμιν, ὅθεν καὶ δήξεις ἀμβλύνει· τὸ δὲ αἴγειον ξηρότερόν τε καὶ ταχέως πηγνύμενον, δι' ὃ καὶ τοῖς τὸ ἀπευθυσμένον δακνομένοις ἐνίεται· τὸ δὲ χήνειον θερμότερόν τε καὶ λεπτομερέστερόν ἐστιν, μεταξὺ δὲ τούτων τὸ τῶν ἀλεκτρυόνων τε καὶ ἀλεκτορίδων. τὸ δὲ τῶν λεόντων θερμότατον ἁπάντων καὶ λεπτομερέστατον, ὅθεν καὶ διαφορητικώτατον· τὸ δὲ τῶν βοῶν μεταξὺ τὴν κρᾶσίν ἐστιν τοῦ τε τῶν ὑῶν καὶ τῶν λεόντων· τὸ δὲ τῶν ἄρκων ἀλωπεκίας ἰᾶται, τὸ δὲ τῶν ἀλωπέκων ὠταλγίας, ὥσπερ οὖν τὸ τῶν ἐχιδνῶν ἄτριχόν τέ φασι καὶ ὑποχύσεις κωλῦον γενέσθαι. ἐν ἅπασι δὲ θερμότερον ἀεὶ καὶ ξηρότερον τὸ τῶν ἀρρένων ἐστὶ καὶ τούτων αὐτῶν τὸ τῶν ἐνόρχων μᾶλλον τοῦ τῶν ἐκτετμημένων τοὺς ὄρχεις καὶ τὸ τῶν ἀκμαζόντων τοῦ τῶν ἄλλων. χρονίζον δὲ ἅπαν στέαρ ἑαυτοῦ γίνεται θερμότερον.",,,,,,,
585,paul,7,3,στίμι,,2.262,,Στίμι,,Στίμι πρὸς τῷ ξηραίνειν ἔχει καὶ στῦψιν· ὅθεν καὶ τοῖς ὀφθαλμικοῖς μίγνυται κολλουρίοις.,,,,,,,
586,paul,7,3,στοιβῆς,,2.262,,Στοιβῆς,,"Στοιβῆς ὁ καρπὸς καὶ τὰ φύλλα ξηραίνει κατὰ τὴν τρίτην τάξιν στυπτικῆς ὄντα δυνάμεως· ὅθεν τραύματα μεγάλα κολλᾷ καὶ δυσεντερίας καὶ αἱμορραγίας καὶ ὦτα πυοροοῦντα τὸ ἀφέψημα αὐτῆς ὠφελεῖ, καὶ τὰς ἐκ πληγῆς τῶν ὀφθαλμῶν συγχύσεις ὀνίνησι καταπλασσόμενος.",,,,,,,
587,paul,7,3,στοιχάς,,2.262,,Στοιχὰς,,Στοιχὰς ἐκφράττει καὶ λεπτύνει καὶ ῥύπτει καὶ ῥωννύει τὰ σπλάγχνα πάντα καὶ ὅλην τοῦ ζῴου τὴν ἕξιν.,,,,,,,
588,paul,7,3,στρατιώτης,,2.262-263,,Στρατιώτης,,"Στρατιώτης ὁ μὲν ἔνυδρος ψυχρός ἐστι τὴν δύναμιν, ὁ δὲ χερσαῖος ἔχει καὶ στῦφον· ὅθεν ἕλκη τε κολλᾷ, τινὲς δὲ καὶ πρὸς αἱμορραγίας αὐτῷ χρῶνται καὶ πρὸς σύριγγας.",,,,,,,
589,paul,7,3,στρύχνον,,2.263,,Στρύχνον,,"Στρύχνον τὸ μὲν κηπευτικὸν καὶ ἐδώδιμον στύφει τε καὶ ψύχει κατὰ τὴν δευτέραν τάξιν, τὸ δὲ ἁλικάκκαβον παραπλήσιον τῷ κηπευτῷ τὸν καρπὸν οὐρητικὸν ἔχει ὅμοιον ὄντα ῥαγὶ σταφυλῆς. τοῦ δὲ ὑπνωτικοῦ στρύχνου τῆς ῥίζης ὁ φλοιὸς σὺν οἴνῳ 𐅻 πλῆθος πινόμενος ὑπνωτικὸς γίνεται, καὶ οὐρητικὸν ἔχει τὸ σπέρμα τρίτης ὢν τάξεως τῶν ψυχόντων· ὅθεν πλείω τῶν δεκαδύο κορύμβων πινομένη μανιώδης γίνεται. τὸ δὲ δὴ τέταρτον ἔνδοθεν ἄχρηστόν ἐστιν, ἔξωθεν δὲ καταπλασσόμενον ἕλκη νομώδη θεραπεύει δευτέρας ὂν τάξεως κατά τε τὸ ψύχειν καὶ ξηραίνειν.",,,,,,,
590,paul,7,3,στυπτηρία,,2.263,,Στυπτηρία,,"Στυπτηρία πᾶσα μὲν στρυφνοτάτη ἐστὶ καὶ παχυμερής, λεπτομερεστέρα δέ πώς ἐστι τῶν ἄλλων ἡ σχιστή, μετ' αὐτὴν δὲ ἡ στρογγύλη τε καὶ ἡ ἀστραγαλωτή, παχυμερὴς δὲ ἱκανῶς ἡ ὑγρὰ καὶ ἡ πλακῖτίς τε καὶ πλινθῖτις ὀνομαζομένη.",,,,,,,
591,paul,7,3,στύραξ,,2.263,,Στύραξ,,Στύραξ θερμαίνει μαλάττει συμπέττει· βῆχάς τε οὖν καὶ κατάρρους καὶ κορύζας ὀνίνησιν ἔμμηνά τε προτρέπει πινομένη καὶ προστιθεμένη.,,,,,,,
592,paul,7,3,σῦκα,,2.263,,Σῦκα,,"Σῦκα τὰ μὲν ξηρὰ θερμὰ τὴν δύναμίν ἐστιν κατὰ τὴν δευτέραν ἐγγὺς τάξιν, ἀλλὰ τὰ μὲν λιπαρὰ πέττει μᾶλλον τοὺς σκληροὺς ὄγκους, τὰ δὲ δριμύτερα ῥύπτει τε καὶ διαφορεῖ· τὸ δὲ ἀφέψημα αὐτῶν μελιτῶδες γεγονός, ὃ δὴ καὶ αὐτό τινες σίραιον προσαγορεύουσιν, παραπλήσιόν ἐστι καὶ τὴν δύναμιν μέλιτι. τὰ δὲ χλωρὰ τούτων ἀσθενεστέραν ἔχουσι τὴν δύναμιν· ἄμφω δὲ κοιλίαν ὑπάγει. τὰ δὲ τῶν ἐρινεῶν σῦκα δριμείας τε καὶ διαφορητικῆς εἰσι δυνάμεως, ὥσπερ καὶ τῶν ἡμέρων οἱ ὄλυνθοι.",,,,,,,
593,paul,7,3,συκῆ,,2.263-264,,Συκῆ,,"Συκῆ θερμῆς καὶ λεπτομεροῦς ἐστι κράσεως, ὥστε τὸν ὀπόν τε καὶ τῶν φύλλων τὸν χυλὸν μὴ δάκνειν μόνον ἢ ῥύπτειν σφοδρῶς, ἀλλὰ καὶ ἑλκοῦν καὶ ἀναστομοῦν καὶ μυρμηκίας ἐκβάλλειν· ἔστι δὲ καὶ καθαρτικόν. ἡ δὲ ἀγρία συκῆ, ἣν ἐρινεὸν καλοῦσιν, εἰς ἅπαντα τῆς ἡμέρου πλέον δύναται.",,,,,,,
594,paul,7,3,συκομόρου,,2.264,,Συκομόρου,,"Συκομόρου ὁ μὲν καρπὸς ἄτροφός τε καὶ κακοστόμαχός ἐστιν· ὁ δὲ ὀπὸς τοῦ δένδρου δύναμιν ἔχει μαλακτικὴν κολλητικὴν τραυμάτων διαφορητικὴν ὄγκων, πίνεται δὲ καὶ συγχρίεται πρὸς ἑρπετῶν δήγματα καὶ σπλῆνας ἐσκιρρωμένους καὶ στομάχου ἀλγήματα καὶ φρικώδη.",,,,,,,
595,paul,7,3,σύμφυτον,,2.264,,Σύμφυτον,,"Σύμφυτον τὸ μὲν πετραῖον ἐξ ἐναντίων σύγκειται δυνάμεων· ἔχει μὲν γάρ τι καὶ τμητικόν, ᾧ καὶ τὸ ἐν θώρακι πῦον καὶ τοὺς νεφροὺς ἐκκαθαίρει, ἔχει δέ τι καὶ συνακτικόν, ᾧ καὶ πρὸς αἱμοπτυικοὺς καὶ σπάσματα καὶ ῥήγματα καὶ ῥοῦν ἐρυθρὸν καὶ ἐντεροκήλας ἁρμόττει, ἔχει δὲ καί τινα θερμὴν ὑγρότητα, δι' ἣν ἄδιψόν τέ ἐστι καὶ τὰς ἐν ἀρτηρίᾳ τραχύτητας ἰᾶται. τὸ δὲ ἕτερον τὸ μέγα γλίσχρον τι καὶ κνησμῶδες ἔχει σκίλλῃ παραπλήσιον, χρῶνται δὲ αὐτῷ, εἰς ὅσα καὶ τῷ πετραίῳ.",,,,,,,
596,paul,7,3,σφονδυλίου,,2.264,,Σφονδυλίου,,"Σφονδυλίου ὁ μὲν καρπὸς καὶ ἡ ῥίζα δριμείας εἰσὶ καὶ τμητικῆς δυνάμεως, ὡς ἀσθματικούς τε καὶ ἐπιληπτικοὺς καὶ ἴκτερον ἰᾶσθαι. ἡ δὲ ῥίζα περιεξεσμένη καὶ σύριγξιν ἐντεθεῖσα ἐκτυλοῖ αὐτάς· εἰς δὲ τὰς κοιλίας ὁ χυλὸς τοῦ ἄνθους αὐτῆς ἐνστάζεται χρονιωτάτοις ἕλκεσιν ἁρμόττων.",,,,,,,
597,paul,7,3,σχῖνος,,2.264,,Σχῖνος,,"Σχῖνος κατὰ πάντα τὰ μέρη αὐτοῦ ξηραίνει μὲν δευτέρας τάξεως πληρουμένης, ἐν δὲ τῷ θερμαίνειν καὶ ψύχειν μέσος ἐστὶ στύφων εἰς τοσοῦτον, ὡς ἐγγὺς εἶναι κατά γε τὴν στῦψιν τῷ τῆς ὑποκίστεως χυλῷ.",,,,,,,
598,paul,7,3,σχοίνου ἄνθος,,2.264,,Σχοίνου ἄνθος,,"Σχοίνου ἄνθος θερμαίνει μετρίως, ἧττον δὲ στύφει, καὶ τῆς λεπτομεροῦς οὐκ ἀπήλλακται φύσεως· ὅθεν οὐρητικόν τέ ἐστι καὶ καταμηνίων ἀγωγὸν καὶ ἐκφρακτικὸν ἐν πυρίαις τε καὶ πόμασι καὶ καταπλάσμασιν παραλαμβανόμενον. ἔστι δ' αὐτοῦ στυπτικωτέρα μὲν ἡ ῥίζα, τὸ δ' ἄνθος θερμότερον.",,,,,,,
599,paul,7,3,σχοῖνος ἑλεία,,2.264,,Σχοῖνος ἑλεία,,"Σχοῖνος ἑλεία διττή ἐστιν· ἀλλὰ τῆς μὲν ὀξυσχοίνου καλουμένης ὁ καρπὸς ὑπνωτικός ἐστι, τῆς δὲ ὁλοσχοίνου ἧττον· ἔστι δὲ καὶ κεφαλαλγής. ἄμφω δὲ φρυγέντες μετ' οἴνου πινόμενοι τὰ κατὰ τὴν γαστέρα ξηραίνουσι ῥεύματα καὶ ῥοῦν γυναικεῖον ἐπέχουσιν.",,,,,,,
600,paul,7,3,σῶρι,,2.265,,Σῶρι,,Σῶρι παραπλησίας ἐστὶ τῷ μίσυι δυνάμεως παχυμερέστερον ὑπάρχον ἐκείνου πολλῷ.,,,,,,,
601,paul,7,3,ταρίχου,,2.265,,Ταρίχου,,Ταρίχου ἡ σὰρξ δριμείας ἐστὶ καὶ ξηραντικῆς δυνάμεως· τοῖς μὲν οὖν ὑπὸ πρηστῆρος ἢ ἐχίδνης δηχθεῖσιν δίδοται ὡς ὅτι πλεῖστον φαγεῖν καὶ οἶνον πίνειν εἰς πλῆθος καὶ ἐξεμεῖν εἴς τε τὰς δριμυφαγίας ἁρμόττει. καταπλάσσεται δὲ καὶ ἐπὶ κυνοδήκτων ὠφελίμως καὶ ἄλλων ἑρπετῶν.,,,,,,,
602,paul,7,3,ταυροκόλλα:ξυλοκόλλα,,2.265,,"Ταυροκόλλα, οἱ δὲ ξυλοκόλλα",,"Ταυροκόλλα, οἱ δὲ ξυλοκόλλα, ἐκ τῶν βοείων βυρσῶν γινομένη ῥυπτικῆς ἱκανῶς ἐστι δυνάμεως· ὅθεν ὄξει διηθεῖσα λειχῆνας καὶ λέπρας τὰς ἐπιπολαίους ἀφίστησι καὶ τὰ πυρίκαυτα φλεγμῆναι κωλύει ὕδατι θερμῷ ἀνεθεῖσα. ἔστι δὲ καὶ τραυματικὴ ὀξυμέλιτι λυομένη.",,,,,,,alias_review
603,paul,7,3,τελλῖναι,,2.265,,Τελλῖναι,,"Τελλῖναι ταριχηραὶ καυθεῖσαι καυστικὴν ἐργάζονται τέφραν, ἥτις μιγνυμένη κεδρίᾳ τῶν τριχῶν τῶν βλεφαριτίδων ἐκ ῥίζης ἐκτιλθεισῶν ἐνσταζομένη κωλύει πάλιν φύεσθαι.",,,,,,,
604,paul,7,3,τέρμινθος,,2.265,,Τέρμινθος,,"Τέρμινθος θερμαίνει κατὰ τὴν δευτέραν τάξιν, ξηραίνει δὲ χλωρὸς μὲν ὢν πρώτης τάξεως, ξηρὸς δὲ δευτέρας. ὁ δὲ καρπὸς ὁ ξηρὸς τῆς τρίτης τάξεώς ἐστι τῶν ξηραινόντων· ταῦτ' ἄρα καὶ οὐρητικός ἐστι καὶ σπλῆνας ὀνίνησιν.",,,,,,,
605,paul,7,3,τέττιγας,,2.265,,Τέττιγας,,"Τέττιγας οἱ μὲν ὠμοὺς ξηράναντες διδόασι τοῖς κωλικοῖς πίνειν ἢ γ ἢ ε ἢ ζ μετὰ πεπέρεως ἴσων κόκκων ἀριθμῷ, οἱ δὲ ὀπτῶντες αὐτοὺς παρέχουσι πίνειν τοῖς τὴν κύστιν πεπονθόσιν.",,,,,,,
606,paul,7,3,τεῦτλον,,2.265,,Τεῦτλον,,"Τεῦτλον νιτρῶδές ἐστιν, ὅθεν καὶ ῥύπτει καὶ διαφορεῖ καὶ διὰ ῥινῶν καθαίρει, πλέον δὲ τὸ λευκόν. ἑψηθὲν ἀφλεγμάντον γίνεται δυνάμεως ἀτρέμα διαφορητικῆς.",,,,,,,
607,paul,7,3,τεύκριος,,2.265,,Τεύκριος,,"Τεύκριος θερμαίνει μὲν κατὰ τὴν δευτέραν τάξιν, ξηραίνει δὲ κατὰ τὴν τρίτην, τμητικῆς τε καὶ λεπτομεροῦς ὑπάρχουσα δυνάμεως· ὅθεν καὶ σπλῆνας ἰᾶται.",,,,,,,
608,paul,7,3,τέφρα,,2.265-266,,Τέφρα,,"Τέφρα οὐχ ἅπασα τὴν αὐτὴν ἀκριβῶς ἔχει κρᾶσιν, ἀλλὰ κατὰ τὴν τῆς καυθείσης ὕλης διαφορὰν ἐξαλλάττεται. ἡ μὲν δὴ τῶν στρυφνῶν τέφρα, οἷον δρυῶν τε καὶ πρίνων, στυπτικὸν οὐκ ὀλίγον ἔχει, ὥστε καὶ αἱμορραγίαν ἐπέχειν μηδενὸς ἑτέρου παρόντος· ἡ δὲ τῶν δριμέων, οἷον συκῆς τε καὶ τιθυμάλλου, καὶ ἡ τέφρα δριμυτέρα τε καὶ ῥυπτικωτέρα γίνεται.",,,,,,,
609,paul,7,3,τηλέφιον,,2.266,,Τηλέφιον,,"Τηλέφιον θερμαίνει μὲν κατὰ τὴν πρώτην τάξιν, ξηραίνει δὲ κατὰ τὴν δευτέραν, ἔστι δὲ καὶ ῥυπτικόν· ὅθεν καὶ πρὸς τὰ σηπεδονώδη τῶν ἑλκῶν ἁρμόττει καὶ λεύκας καὶ ἀλφοὺς ἰᾶται σὺν ὄξει.",,,,,,,
610,paul,7,3,τῆλις,,2.266,,Τῆλις,,"Τῆλις θερμὴ μὲν ἐκ τῆς δευτέρας ἐστὶ τάξεως, ξηραίνει δὲ ἐκ τῆς πρώτης· ὅθεν τὰς μὲν ζεούσας φλεγμονὰς παροξύνει, τὰς δὲ ἧττον θερμὰς καὶ ὅσαι σκιρρώδεις διαφοροῦσα θεραπεύει.",,,,,,,
611,paul,7,3,τιθύμαλλοι,,2.266,,Τιθύμαλλοι,,"Τιθύμαλλοι πάντες μὲν ἐκ τῆς τετάρτης εἰσὶ τῶν θερμαινόντων τάξεως μετὰ δριμύτητος καὶ πικρότητος ἰσχυρᾶς, ἀλλ' ἡ μὲν ῥίζα ἀσθενεστέρα πως οὖσα ἡψημένη σὺν ὄξει τὰ τῶν βεβρωμένων ὀδόντων ἀλγήματα παύει, οἱ δὲ ὀποὶ σφοδροτέραν ἔχοντες δύναμιν εἰς μὲν τὸ τρῆμα τῶν ὀδόντων ἐντίθενται, τοῦ δὲ ἄλλου σώματος ἐὰν ἅψωνται, ἐπικαίουσιν αὐτό· δι' ὃ καὶ τρίχας ἀφαιροῦσι περιχριόμενοι ἐπ' ὀλίγον καὶ μυρμηκίας καὶ ἀκροχορδόνας καὶ τὰ τοιαῦτα ἀφαιροῦνται καὶ τὰ περὶ τὸ δέρμα πάθη ἀπορρύπτουσι καὶ τὰ κακοήθη καὶ φαγεδαινικὰ τῶν ἑλκῶν ἰῶνται. ἑπτὰ δὲ ὄντων ἰσχυρότατοι μέν εἰσιν ὅ τε χαρακίας καὶ ὁ μυρσινίτης καὶ ὁ ἐν ταῖς πέτραις ὁ δενδροειδής, ἐφεξῆς δέ ἐστιν ὅ τε τῇ φλόμῳ προσεοικὼς καὶ ὁ κυπαρισσίας, εἶθ' οὕτως ὁ παράλιος, εἶτα ὁ ἡλιοσκόπιος.",,,,,,,
612,paul,7,3,τίτανος,,2.266,,Τίτανος,,"Τίτανος ἡ μὲν ἄσβεστος καίει σφοδρῶς, ὥστε καὶ ἐσχαροῦν, σβεςθεῖσα δὲ παραχρῆμα μὲν ἐσχαροῖ, μεθ' ἡμέρας δὲ οὐκέτι, θερμαίνει δ' ὅμως καὶ διατήκει τὰς σάρκας. εἰ δὲ πλυθείη, ἄδηκτος γίνεται, καὶ μάλιστα, εἰ πλεονάκις πλυθείη. διαφορητικὴ δὲ ἱκανῶς γίνεται θαλάσσῃ πλυθεῖσα.",,,,,,,
613,paul,7,3,τραγάκανθα,,2.266,,Τραγάκανθα,,Τραγάκανθα παραπλησίαν τῷ κόμμι δύναμιν ἔχει.,,,,,,,
614,paul,7,3,τράγιον,,2.266,,Τράγιον,,"Τράγιον φυτόν ἐστιν ἐν Κρήτῃ σχίνῳ παραπλήσιον θερμὸν τῆς τρίτης τάξεως ἑλκτικῆς τε καὶ διαφορητικῆς καὶ λεπτομεροῦς ὑπάρχον δυνάμεως· σκόλοπάς τε οὖν ἀνάγει καὶ λίθους θρύπτει καὶ καταμήνια κινεῖ δραχμῆς ὁλκὴ πινομένη. τὸ δ' ἄλλο τὸ τούτου μικρότερον σκολοπενδρίῳ προσεοικὸς φύεται μὲν πολλαχόθι, στυπτικὸν δὲ ἱκανῶς ἐστιν· ὥστε πρὸς τὰ ῥοώδη τῶν παθῶν ἁρμόττει.",,,,,,,
615,paul,7,3,τραγορίγανος,,2.267,,Τραγορίγανος,,Τραγορίγανος ὀριγάνῳ τὴν δύναμιν ἔοικε προσειληφυῖά τι καὶ στύψεως.,,,,,,,
616,paul,7,3,τράγος ὁ σιτώδης,,2.267,,Τράγος ὁ σιτώδης,,"Τράγος ὁ σιτώδης παραπλήσιός ἐστι ζειᾷ, δύσπεπτος δὲ μᾶλλον καὶ κοιλίας μαλακτικός.",,,,,,,
617,paul,7,3,τρίβολος,,2.267,,Τρίβολος,,"Τρίβολος ψύχει μετρίως· ἀλλ' ὁ μὲν χερσαῖος μετὰ τοῦ ξηραίνειν ἰσχυρῶς ἐστιν, ὁ δὲ ἔνυδρος ἠρέμα καὶ ὑγραίνει, ἄμφω δὲ πρός τε τὰς γενέσεις τῶν φλεγμονῶν καὶ τὰς ἄλλας ἐπιρροίας ἁρμόττουσι· τοῦ δὲ χερσαίου λεπτομερὴς ὁ καρπὸς ὑπάρχων τοὺς ἐν νεφροῖς λίθους θρύπτει.",,,,,,,
618,paul,7,3,τρίγλη,,2.267,,Τρίγλη,,"Τρίγλη ὁ ἰχθὺς συνεχῶς ἐσθιομένη ἀμβλυωπίας ἐργάζεται, ὠμὴ δὲ ἀνασχισθεῖσα καὶ ἐπιτεθεῖσα θαλαττίου δράκοντος καὶ σκορπίου καὶ δρακαίνης ἰᾶται δῆγμα.",,,,,,,
619,paul,7,3,τριπολίου,,2.267,,Τριπολίου,,Τριπολίου ἡ ῥίζα θερμὴ τὴν δύναμίν ἐστιν κατὰ τὴν τρίτην ἀπόστασιν καὶ δριμεῖα.,,,,,,,
620,paul,7,3,τρίχες,,2.267,,Τρίχες,,Τρίχες κεκαυμέναι παραπλησίας εἰσὶ τοῖς κεκαυμένοις ἐρίοις δυνάμεως.,,,,,,,
621,paul,7,3,τρυγόνος θαλασσίας κέντρον,,2.267,,Τρυγόνος θαλασσίας κέντρον,,Τρυγόνος θαλασσίας κέντρον ἐπικρουόμενον ὀδόντι ἀσθενεῖ θρύπτει αὐτὸν καὶ ἐκπεσεῖν ποιεῖ.,,,,,,,
622,paul,7,3,τρὺξ οἴνου,,2.267,,Τρὺξ οἴνου,,"Τρὺξ οἴνου ἡ μὲν ἄκαυστος σύνθετός ἐστιν ἱκανῶς ξηραίνουσα καὶ διαφοροῦσα, τὸ δὲ στῦφον αὐτῇ πρὸς τὴν ἰδέαν τοῦ οἴνου, ἐξ οὗ συνέστη, προσγίνεται· χρηστέον οὖν αὐτῇ ἔν τε τοῖς ὑγροτέροις καὶ ῥοώδεσι τῶν παθῶν, καὶ φύγεθλα δὲ διαφορεῖ καὶ μαστῶν σπαργώντων τὸ γάλα σβέννυσιν. ἡ δὲ κεκαυμένη, ἣν δὴ καὶ σφέκλην καλοῦσιν, καυστικὴ γίνεται, ὥστε καὶ τοῖς καυστικοῖς αὐτὴν ἐπιμίγνυσθαι φαρμάκοις· ὄνυχας οὖν λεπροὺς ἐκβάλλει σὺν ῥητίνῃ καὶ τρίχας ξανθίζει μετὰ σχινίνου ἐλαίου νύκτα ὅλην συγχρεσθεῖσα. πεπλυμένη δὲ ταῖς τῶν ὀφθαλμῶν ῥυπτικαῖς μίγνυται δυνάμεσιν. ἡ δὲ τοῦ ὄξους ἰσχυροτέρα κατὰ πάντα τῆς τοῦ οἴνου καὶ στυπτικωτέρα ἐστίν.",,,,,,,
623,paul,7,3,τρωγλοδύτης,,2.267,,Τρωγλοδύτης,,Τρωγλοδύτης στρουθίον ἐστὶν πάντων ὄρνεων μικρότερον πλὴν τοῦ λεγομένου βασιλίσκου ἐν φραγμοῖς μάλιστα διαιτώμενον· ὅπερ ὀπτόν τε καὶ ὠμὸν τεταριχευμένον ἐσθιόμενον τοὺς ἐν νεφροῖς λίθους θρύπτει· καὶ καυθέντος δὲ αὐτοῦ ἡ τέφρα πινομένη τὸ αὐτὸ δρᾷ.,,,,,,,
624,paul,7,3,τυρός,,2.268,,Τυρὸς,,"Τυρὸς ὁ μὲν νεοπαγὴς καὶ μαλακὸς ἀποκρουστικὴν ἔχει δύναμιν ἐμψύχων ἀτρέμα, ὥστε καὶ τραύματα κολλᾶν ἐπιτιθέμενος, ὁ δὲ ὀξυγαλάκτινος λεγόμενος πρὸς ταύτῃ καὶ διαφορητικὴν ἐπικτᾶται βραχεῖαν καὶ πλέον κολλᾷ τὰ τραύματα. ὁ δὲ παλαιὸς καὶ μᾶλλον ὁ λιπαρὸς διαφορητικός τε καὶ δριμύς ἐστιν καὶ ῥηκτικός· ὥστε καὶ πρὸς ἀρθριτικῶν πώρους ἁρμόττει, μάλιστα μετὰ ἀφεψήματος ὑείου κρέως ταριχηροῦ τε καὶ λιπαροῦ.",,,,,,,
625,paul,7,3,ὑακίνθου,,2.268,,Ὑακίνθου,,"Ὑακίνθου ἡ μὲν ῥίζα βολβοειδὴς ὑπάρχουσα τάξεώς ἐστι πρώτης μὲν ἐν τῷ ξηραίνειν, ἐν δὲ τῷ ψύχειν δευτέρας· ἀνήβους γοῦν τοὺς παῖδας ἐπὶ πολὺ τηρεῖν πεπίστευται σὺν οἴνῳ καταπλασσομένη. ὁ δὲ καρπὸς ἀτρέμα ῥύπτει τε καὶ στύφει· τοῖς ἰκτερικοῖς γοῦν δίδοται σὺν οἴνῳ, ξηραίνων μὲν μᾶλλον, ἧττον δὲ ψύχων.",,,,,,,
626,paul,7,3,ὕαλος,,2.268,,Ὕαλος,,Ὕαλος λεία πινομένη μετ' οἴνου λεπτοῦ καὶ λευκοῦ τοὺς ἐν κύστει λίθους θρύπτειν λέγεται.,,,,,,,
627,paul,7,3,ὕδνα,,2.268,,Ὕδνα,,Ὕδνα γεωδεστέραν οὐσίαν κέκτηνται μετά τινος δυνάμεως βραχείας λεπτομεροῦς.,,,,,,,
628,paul,7,3,ὑδράργυρος,,2.268,,Ὑδράργυρος,,Ὑδράργυρος εἰς μὲν ἰατρικὴν χρείαν οὐ πάνυ τι φέρεται δηλητήριον ὄν· τινὲς δὲ καύσαντες αὐτὸν ὡς τεφρωθῆναι καὶ μίξαντες ἑτέροις εἴδεσιν ἐπὶ κωλικῶν τε καὶ τῶν εἰλεωδῶν ἐδίδοσαν πιεῖν.,,,,,,,
629,paul,7,3,ὑδροπέπερι,,2.268,,Ὑδροπέπερι,,"Ὑδροπέπερι θερμόν ἐστι βοτάνιον, ἀλλ' οὐχ ὡς πέπερι, χλωρὸν δὲ μετὰ τοῦ καρποῦ καταπλασσόμενον ὑπώπιά τε καὶ τοὺς ἐσκιρρωμένους ὄγκους διαφορεῖ.",,,,,,,
630,paul,7,3,ὕδωρ,,2.268,,Ὕδωρ,,"Ὕδωρ τὸ ἄριστον καὶ ἀμιγὲς ἑτέρας οὐσίας ψύχει τε καὶ ὑγραίνει κατὰ τὴν οἰκείαν οὐσίαν, ἐπίκτητον δὲ θερμότητα προσλαβόν, ἄχριπερ ἂν αὐτὴν διαφυλάττῃ, θερμαίνει, ψυχρὸν δὲ γενόμενον ψύχει. τὸ δέ τινα ἐπιμιξίαν ἔχον, οἷον τὸ νιτρῶδες ἢ ἀσφαλτῶδες, τῆς ἐπιμιγνυμένης οὐσίας προσκτᾶται τὴν δύναμιν. τὸ δὲ ὄμβριον ἔχει τι καὶ στύψεως, δι' ἣν ταῖς ὀφθαλμικαῖς μίγνυται δυνάμεσιν. ὁποῖον δὲ δεῖ τὸ ἄριστον ὕδωρ εἶναι, κατὰ τὸ αʹ εἴρηται.",,,,,,,
631,paul,7,3,ὑοσκύαμος,,2.269,,Ὑοσκύαμος,,"Ὑοσκύαμος ὁ μὲν τὸ μέλαν ἔχων σπέρμα καὶ ὁ τὸ ξανθὸν δηλητηριώδεις εἰσίν, ἐπιτηδειότατος δὲ πρὸς τὰς ἰάσεις, οὗ καὶ τὸ σπέρμα καὶ τὸ ἄνθος λευκόν ἐστιν, ἐκ τῆς τρίτης ὢν τῶν ψυχόντων τάξεως.",,,,,,,
632,paul,7,3,ὑπερικόν,,2.269,,Ὑπερικὸν,,"Ὑπερικὸν διττόν. τὸ μὲν ἕτερον ἀνδρόσαιμόν τε καὶ ἄσκυρον ὀνομαζόμενον εἴρηται· θερμαίνει δὲ θάτερον καὶ ξηραίνει λεπτομεροῦς ὑπάρχον οὐσίας· ὅθεν οὖρά τε κινεῖ καὶ καταμήνια ὅλος ὁ καρπὸς αὐτοῦ. μετὰ δὲ τῶν φύλλων ἐπιπλαττόμενος χλωρὸς ἀπουλοῖ τραύματα, ξηρὰ δὲ ἐπιπαττόμενα τὰ πλαδαρὰ τῶν ἑλκῶν ἰῶνται. δίδονται δὲ καὶ τοῖς ἰσχιαδικοῖς πίνειν.",,,,,,,
633,paul,7,3,ὑπήκοον,,2.269,,Ὑπήκοον,,Ὑπήκοον ψύχει κατὰ τὴν τρίτην τάξιν ἐγγὺς ὂν μήκωνος.,,,,,,,
634,paul,7,3,ὑπόγλωσσον,,2.269,,Ὑπόγλωσσον,,"Ὑπόγλωσσον θαμνίσκος ἐστίν, οὗ ἥ τε ῥίζα καὶ ὁ χυλὸς μαλακτικῆς ἐστι δυνάμεως.",,,,,,,
635,paul,7,3,ὑπόκιστις χυλός,,2.269,,Ὑπόκιστις χυλός,,"Ὑπόκιστις χυλός ἐστι τῶν ἐπιφυομένων παρὰ τὰς ῥίζας τοῦ κίσθου τε καὶ κισθάρου καλουμένου οἷον κυτίνων, δραστικὸν ἱκανῶς φάρμακον εἰς ἅπαντα τὰ ῥοώδη παθήματα τῷ ξηραίνειν καὶ ῥωννύειν τὰ μόρια.",,,,,,,
636,paul,7,3,ὑπόφαιστον,,2.269,,Ὑπόφαιστον,,"Ὑπόφαιστον εἶδός ἐστι γναφικῆς ἀκάνθης, ὥσπερ καὶ τὸ ἱπποφαές· τούτου τῆς κεφαλῆς καὶ τῶν φύλλων καὶ τῶν ῥιζῶν ξηρῶν ὁλκὴ τριωβόλου μετὰ μελικράτου ὕδωρ καὶ φλέγμα κενοῖ· ἁρμόζει δὲ μάλιστα ὀρθοπνοίαις, ἐπιληψίαις καὶ τοῖς περὶ νεῦρα πάθεσιν.",,,,,,,
637,paul,7,3,ὕσσωπον,,2.269,,Ὕσσωπον,,"Ὕσσωπον θερμαίνει καὶ ξηραίνει κατὰ τὴν τρίτην τάξιν, ἔστι δὲ καὶ λεπτομερές.",,,,,,,
638,paul,7,3,φακοί,,2.269,,Φακοὶ,,"Φακοὶ ξηραίνουσι μὲν κατὰ τὴν δευτέραν τάξιν, θερμασίας δὲ καὶ ψύξεως ἐν τῷ μεταξύ, ἔχουσι δέ τι καὶ στύψεως. αὐτὸ μὲν οὖν τὸ σῶμα ξηραίνει τε καὶ γαστέρα ἵστησι, τὸ δὲ ἀφέψημα προτρέπει· δι' ὃ καὶ ἀποχεῖται τὸ πρότερον ὕδωρ, ὅταν ἐπισχέσεως ἕνεκα λαμβάνωνται.",,,,,,,
639,paul,7,3,φακός,,2.269,,Φακὸς,,Φακὸς ὁ ἐπὶ τῶν τελμάτων ὑγραίνει καὶ ψύχει κατὰ τὴν δευτέραν τάξιν.,,,,,,,
640,paul,7,3,φαληρίδος,,2.270,,Φαληρίδος,,Φαληρίδος ὁ χυλὸς καὶ τὰ φύλλα καὶ τὸ σπέρμα πινόμενα κύστεως ἀλγήμασι βοηθεῖ ἔχουσα καὶ λεπτομερές τι καὶ θερμόν.,,,,,,,
641,paul,7,3,φαλαγγῖτις,,2.270,,Φαλαγγῖτις,,"Φαλαγγῖτις ὠνόμασται μὲν ἀπὸ τοῦ τοῖς φαλαγγιοδήκτοις βοηθεῖν, ἔστι δὲ καὶ λεπτομερής· ὅθεν καὶ στροφουμένοις ἀρήγειν δοκεῖ.",,,,,,,
642,paul,7,3,φελλοί,,2.270,,Φελλοί,,"Φελλοί, καὶ μάλιστα οἱ ἀπὸ τῶν οἰνηρῶν ἀγγείων, καυθέντες ξηραντικωτάτην ἐργάζονται τέφραν, ἥτις ταῖς δυσεντερικαῖς μάλιστα μίγνυται δυνάμεσιν.",,,,,,,
643,paul,7,3,φιλύρας,,2.270,,Φιλύρας,,"Φιλύρας τοῦ δένδρου τὰ φύλλα παραπλησίως στύφει τοῖς τῆς ἀγρίας ἐλαίας, ὠφελεῖ δὲ τὰ ἐν στόματι ἕλκη διαμασώμενα καὶ διακλυζομένου τοῦ ἀφεψήματος αὐτῶν, ὃ καὶ πινόμενον οὖρα καὶ καταμήνια κινεῖ.",,,,,,,
644,paul,7,3,φλόμοι,,2.270,,Φλόμοι,,"Φλόμοι πλείονες μέν εἰσιν, ἐν αἷς καὶ ἡ καλουμένη θρυαλλίς, πασῶν δὲ τὰ μὲν φύλλα ξηραντικῆς καὶ μετρίως ῥυπτικῆς εἰσι δυνάμεως, καὶ μάλιστα τῆς χρυσιζούσης, ᾗ καὶ τὰς τρίχας ξανθίζουσιν· αἱ δὲ ῥίζαι στρυφναὶ οὖσαι τοῖς ῥοώδεσιν ἁρμόττουσι πάθεσιν, διακλύζονται δὲ αὐτὰς ἔνιοι καὶ πρὸς ὀδόντας.",,,,,,,
645,paul,7,3,φοῖνιξ:ῥοῦς,,2.270,,"Φοῖνιξ, οἱ δὲ ῥοῦν",,"Φοῖνιξ, οἱ δὲ ῥοῦν, πόα ἐστὶν αἴρᾳ παραπλησία, δύναμιν δὲ ἔχει στυπτικήν, πινομένη δὲ ἐν οἴνῳ αὐστηρῷ πάντα τὰ ῥοώδη στέλλει.",,,,,,,alias_review
646,paul,7,3,φοῖνιξ τὸ δένδρον,,2.270,,Φοῖνιξ τὸ δένδρον,,Φοῖνιξ τὸ δένδρον τὸν μὲν καρπὸν ἤδη πεπανθέντα θερμὸν μετρίως ἔχει καὶ τονωτικὸν καὶ εὐστόμαχον εἴσω τε λαμβανόμενον καὶ ἔξωθεν ἐπιτιθέμενον. τὸ δὲ λοιπὸν τοῦ φοίνικος στῦφον ἱκανῶς ἐστιν· ὅθεν στομαχικαῖς τε καὶ ἡπατικαῖς δυνάμεσι μίγνυται. πάντων δὲ στυπτικώτερόν ἐστιν τὸ οἷον ἀμφίεσμα τοῦ καρποῦ τοῦ ἐκφυομένου.,,,,,,,
647,paul,7,3,φορμίον,,2.270,,Φορμίον,,Φορμίον λεπτομεροῦς τε καὶ ῥυπτικῆς καὶ ἑλκτικῆς ἐστι δυνάμεως· λευκώματα γοῦν λεπτύνει μετὰ μέλιτος τὸ σπέρμα καὶ σκόλοπας ἐξάγει.,,,,,,,
648,paul,7,3,φοῦ,,2.270,,Φοῦ,,"Φοῦ νάρδου παραπλησίαν ἔχει τὴν ῥίζαν, καταδεεστέραν μὲν εἰς τὰ πλεῖστα, οὖρα δὲ μᾶλλον αὐτῆς προτρέπουσαν ὁμοίως τῇ Κελτικῇ.",,,,,,,
649,paul,7,3,φῦκος,,2.270,,Φῦκος,,Φῦκος ψύχει καὶ ξηραίνει κατὰ τὴν δευτέραν ἀπόστασιν ἔχον τι καὶ στῦφον μετρίως.,,,,,,,
650,paul,7,3,φυλλῖτις,,2.270,,Φυλλῖτις,,Φυλλῖτις στρυφνῆς οὖσα ποιότητος οὐκ ἀπὸ τρόπου διαρροίας τε καὶ δυσεντερίας ὀνίνησι πινομένη.,,,,,,,
651,paul,7,3,χαλβάνη,,2.271,,Χαλβάνη,,"Χαλβάνη θερμαίνει μὲν πλησίον τῆς τρίτης ἀποστάσεως, ξηραίνει δὲ πλησίον τῆς δευτέρας, μαλακτικῆς τε καὶ διαφορητικῆς ὑπάρχουσα δυνάμεως.",,,,,,,
652,paul,7,3,χαλκῖτις,,2.271,,Χαλκῖτις,,"Χαλκῖτις στυπτικῆς καὶ δριμείας καὶ καυστικῆς καὶ ἐσχαρωτικῆς ἐστι δυνάμεως, λεπτομερείᾳ δὲ μεταξὺ μίσυός τέ ἐστι καὶ σώρεως· καυθεῖσα δὲ λεπτομερεστέρα τε καὶ ἀδηκτοτέρα γίνεται.",,,,,,,
653,paul,7,3,χάλκανθος ὕδωρ,,2.271,,Χάλκανθος ὕδωρ,,Χάλκανθος ὕδωρ ἐστὶ πηγνύμενον ἐν τοῖς κατὰ Κύπρον μετάλλοις ἰσχυροτάτην ἔχον στῦψιν μετὰ θερμότητος οὐκ ἀγεννοῦς πάντων μᾶλλον τὰς ὑγρὰς σάρκας ταριχεῦσαί τε καὶ ξηρᾶναι δυνάμενον. χρόνῳ δὲ πλείονι εἰς χαλκῖτιν μεταβάλλει.,,,,,,,
654,paul,7,3,χαλκὸς κεκαυμένος,,2.271,,Χαλκὸς κεκαυμένος,,"Χαλκὸς κεκαυμένος ἔχει μέν τι καὶ δριμὺ καὶ στύψεως μετέχει· κάλλιστον οὖν ἐστιν πρὸς συνούλωσιν ἑλκῶν ἐπὶ τῶν σκληροτέρων σωμάτων, εἰ δὲ πλυθείη, τοῖς ἁπαλοῖς χρησιμώτερός ἐστιν.",,,,,,,
655,paul,7,3,χαλκοῦ ἄνθος,,2.271,,Χαλκοῦ ἄνθος,,Χαλκοῦ ἄνθος λεπτομερεστέρας ἐστὶ δυνάμεως τοῦ κεκαυμένου χαλκοῦ καὶ τῆς λεπίδος αὐτοῦ· μιγνύμενον γοῦν ἐν κολλουρίοις ἀπορρύπτει τάς τε τραχύτητας καὶ συκώσεις τῶν βλεφάρων.,,,,,,,
656,paul,7,3,χαμαίδρυς,,2.271,,Χαμαίδρυς,,Χαμαίδρυς θερμαίνει καὶ ξηραίνει κατὰ τὴν τρίτην τάξιν· σπλῆνάς τε οὖν τήκει καὶ οὖρα καὶ καταμήνια κινεῖ καὶ τὰς τῶν σπλάγχνων ἐμφράξεις ἐκκαθαίρει.,,,,,,,
657,paul,7,3,χαμαίκισσος,,2.271,,Χαμαικίσσου τὸ ἄνθος,,"Χαμαικίσσου τὸ ἄνθος πικρὸν ἱκανῶς ὑπάρχον ἐκφράττει τὰ καθ' ἧπαρ, δίδοται δὲ καὶ τοῖς ἰσχιαδικοῖς.",,,,,,,
658,paul,7,3,χαμαιλεύκη,,2.271,,Χαμαιλεύκη,,"Χαμαιλεύκη θερμαίνει κατὰ τὴν τρίτην τάξιν, ξηραίνει δὲ κατὰ τὴν πρώτην.",,,,,,,
659,paul,7,3,χαμαιλέοντος,,2.271,,Χαμαιλέοντος,,"Χαμαιλέοντος τοῦ μὲν μέλανος ἡ ῥίζα θερμαίνει καὶ ξηραίνει πλησίον τῆς τρίτης τάξεως, ἔστι δὲ ῥυπτική τε τῶν περὶ τὸ δέρμα καὶ διαφορητικὴ καὶ μαλακτικὴ τῶν σκληρῶν ὄγκων καὶ φαγεδαινικὰ καταπλασθεῖσα ἰᾶται· εἴσω δὲ λαμβανομένη τοῦ σώματος δηλητηριώδης ἐστίν. ἡ δὲ τοῦ λευκοῦ ῥίζα παραπλησία μέν ἐστι τῆς τοῦ μέλανος, πικροτέρα δέ· ἥτις μετ' οἴνου αὐστηροῦ πλῆθος ὀξυβάφου πινομένη πλατείας ἕλμινθας κτείνει, ποιεῖ δὲ καὶ πρὸς ὑδρωπικούς.",,,,,,,
660,paul,7,3,χαμαίμηλον:ἀνθεμίς,,2.271-272,,Χαμαίμηλον ἢ ἀνθεμὶς,,"Χαμαίμηλον ἢ ἀνθεμὶς θερμαίνει καὶ ξηραίνει κατὰ τὴν πρώτην τάξιν, ἔστι δὲ καὶ λεπτομερὲς καὶ διαφορητικὸν καὶ χαλαστικὸν καὶ ἀρωματικὸν τὴν δύναμιν.",,,,,,,
661,paul,7,3,χαμαίπιτυς,,2.272,,Χαμαίπιτυς,,"Χαμαίπιτυς θερμαίνει μὲν κατὰ τὴν δευτέραν τάξιν, ξηραίνει δὲ κατὰ τὴν τρίτην· δι' ὃ καθαρτικός τε καὶ ῥυπτικὸς τῶν σπλάγχνων ἐστί, καὶ μάλιστα τοῦ ἥπατος. ἄγει δὲ καὶ οὖρα καὶ καταμήνια καὶ τὰ μεγάλα τραύματα κολλᾷ καὶ τὰ σηπεδονώδη ἰᾶται καὶ σκληρίας διαφορεῖ. ποιεῖ δὲ καὶ ἰσχιαδικοῖς τὸ ἀφέψημα αὐτοῦ.",,,,,,,
662,paul,7,3,χαμαίρωψ:χαμαίδρυς:τεύκριον,,2.272,,"Χαμαίρωψ, οἱ δὲ καὶ τοῦτο χαμαίδρυν, οἱ δὲ Τεύκριον",,"Χαμαίρωψ, οἱ δὲ καὶ τοῦτο χαμαίδρυν, οἱ δὲ Τεύκριον, παραπλησίας ἐστὶ τῷ χαμαίδρυι δυνάμεως.",,,,,,,alias_review
663,paul,7,3,χαμαισύκη,,2.272,,Χαμαισύκη,,"Χαμαισύκη ῥυπτικήν τε καὶ δριμεῖαν ἔχει δύναμιν· ὥστε καὶ μυρμηκίας καὶ ἀκροχορδόνας οἵ τε κλῶνες αὐτῆς καὶ ὁ ὀπὸς ἀφαιροῦσιν, ἀπορρύπτουσι δὲ σὺν μέλιτι τὰς ἐν ὀφθαλμοῖς παχείας οὐλὰς καὶ ἀμβλυωπίας καὶ ἀρχὰς ὑποχύσεως ἰῶνται.",,,,,,,
664,paul,7,3,χαμελαία,,2.272,,Χαμελαία,,Χαμελαία ῥυπτικῆς ἐστι δυνάμεως· δι' ὃ τά τε ῥυπαρὰ τῶν ἑλκῶν καὶ τὰς ἐσχάρας καθαίρει μετὰ μέλιτος.,,,,,,,
665,paul,7,3,χελιδόνιον τὸ μὲν μέγα,,2.272,,Χελιδόνιον τὸ μὲν μέγα,,"Χελιδόνιον τὸ μὲν μέγα θερμαίνει κατὰ τὴν τρίτην τάξιν, ἔστι δὲ καὶ ῥυπτικὸν ἰσχυρῶς· ὁ χυλὸς δὲ αὐτοῦ εἰς ὀξυωπίας ἐστὶ χρήσιμος, ἡ δὲ ῥίζα ἰκτερικούς τε σὺν οἴνῳ ἐκφράττει καὶ ἀνίσῳ πινομένη, μασωμένη δὲ ὀδονταλγίας ὠφελεῖ. τὸ δὲ μικρότερον τετάρτης ὂν τῶν θερμαινόντων ἀποστάσεως δριμύτερόν ἐστιν, ὡς ἑλκοῦν τὸ δέρμα καταπλασσόμενον, ὄνυχάς τε λεπροὺς ἐκβάλλει· ὁ δὲ χυλὸς αὐτοῦ διὰ ῥινῶν καθαίρει.",,,,,,,
666,paul,7,3,χελιδόνων καυθεισῶν ἡ τέφρα,,2.272,,Χελιδόνων καυθεισῶν ἡ τέφρα,,"Χελιδόνων καυθεισῶν ἡ τέφρα σὺν μέλιτι διαχριομένη κυναγχικὰς φλεγμονὰς ἰᾶται, ποιεῖ δὲ καὶ ὀξυδορκίαν.",,,,,,,
667,paul,7,3,χολή,,2.272-273,,Χολὴ,,"Χολὴ πάντων τῶν ἄλλων τοῦ ζῴου χυμῶν ἐστι θερμοτάτη, διαφέρει δὲ τῇ μὲν χροιᾷ, καθ' ὃ ἡ ξανθὴ τῆς ὠχρᾶς ἐστι θερμοτέρα καὶ τῆς ξανθῆς ἡ ἰώδης, τῇ δὲ τῶν ἐχόντων αὐτὴν ζῴων διαφορᾷ, καθ' ὅσον ἡ μὲν τῶν ὑῶν ἀσθενεστέρα πασῶν ἐστιν, ὥστε καὶ τοῖς ἐν ὠσὶν ἕλκεσιν ἀδήκτως ἁρμόζειν, δριμυτέρα δὲ ταύτης ἡ τῶν προβάτων κἀκείνης τῶν αἰγῶν, ταύτῃ δὲ παραπλησία ἡ τῶν ἄρκτων τε καὶ βοῶν, ἡ δὲ τῶν ταύρων ἰσχυροτέρα καὶ ταύτης ἡ τῶν ὑαινῶν κἀκείνης ἡ τῶν ἰχθύων τοῦ τε καλλιωνύμου καλουμένου καὶ τοῦ σκορπίου, ἥτις ὑποχύσεσί τε καὶ ἀμβλυωπίαις καὶ λευκώμασιν ἁρμόζει, καὶ ἡ τῆς θαλαττίας χελώνης· ἡ δὲ τῆς ἀγρίας αἰγὸς καὶ νυκταλωπιῶντας ὠφελεῖν λέγεται. αἱ δὲ τῶν πτηνῶν ζῴων πᾶσαι δριμύτεραί τε καὶ ξηραντικώτεραι τῶν ἐν τοῖς τετράποσιν, αὐτῶν δὲ τούτων αἱ τῶν ἀλεκτρυόνων τε καὶ περδίκων ἀμείνους, αἱ δὲ τῶν ἱεράκων τε καὶ ἀετῶν δριμύτεραί πώς εἰσι καὶ διαβρωτικαὶ καὶ ἰώδεις τὴν χροιάν, ἐνίοτε δὲ καὶ μέλαιναι.",,,,,,,
668,paul,7,3,χονδρίλη,,2.273,,Χονδρίλη,,Χονδρίλη σέρεως εἶδος ὑπάρχουσα τὸ ὑπόπικρον ἔχει· δι' ὃ καὶ ξηροτέρα πως αὐτῆς ἐστιν.,,,,,,,
669,paul,7,3,χόνδρος,,2.273,,Χόνδρος,,"Χόνδρος παραπλήσιός ἐστι πυρῷ, γλίσχρος δὲ πλέον ἐκείνου.",,,,,,,
670,paul,7,3,χρυσοκόλλα,,2.273,,Χρυσοκόλλα,,"Χρυσοκόλλα ἔστι μὲν ἡ μεταλλευομένη, καὶ σκευάζεται δὲ ἐν θυίᾳ ἀπὸ ἐρυθροῦ χαλκοῦ τοιούτῳ δοίδυκι οὔρῳ παιδὸς ἀφθόρου τριβομένου ἐν τοῖς ὑπὸ Κύνα καύμασιν. ἧπαρ οὖν ῥύπτει διαφορητικὴν καὶ ξηραντικὴν τὴν δύναμιν ἔχουσα μᾶλλον τῆς μεταλλευομένης, ὡς καὶ τήκειν σάρκας ἀδήκτως· ἕλκεσι γοῦν κακοήθεσιν ἁρμόττει. κἀκείνην δὲ καύσας ἀδηκτοτέραν ἐργάσῃ.",,,,,,,
671,paul,7,3,χρυσοκόμη:χρυσῖτις,,2.273,,Χρυσοκόμη ἡ καὶ χρυσῖτις,,"Χρυσοκόμη ἡ καὶ χρυσῖτις. δριμεῖαν ἅμα καὶ στύφουσαν ἔχει δύναμιν ἡ ῥίζα· διόπερ οὐδὲ πολύχρηστός ἐστιν, πλὴν ἐν περιπνευμονίαις τε καὶ ἡπατικοῖς πάθεσιν ἐν μελικράτῳ καθεψηθεῖσα δίδοται. κινεῖ δὲ καὶ ἔμμηνα.",,,,,,,alias_review
672,paul,7,3,ψευδοβούνιον,,2.273,,Ψευδοβούνιον,,"Ψευδοβούνιον παραπλήσιον ὑπάρχον βουνίῳ τὴν ἰδέαν θερμαίνει καὶ διαφορεῖ καὶ ῥύπτει· στρόφους γοῦν καὶ στραγγουρίας καὶ πλευρῶν ἀλγήματα λύει, διαφορεῖ δὲ καὶ χοιράδας μεθ' ἁλῶν καὶ οἴνου καταπλασσομένη.",,,,,,,
673,paul,7,3,ψευδοδίκταμνον,,2.273,,Ψευδοδίκταμνον,,Ψευδοδίκταμνον ἀσθενοῦς δικτάμνου δύναμιν ἔχει.,,,,,,,
674,paul,7,3,ψιμύθιον,,2.273,,Ψιμύθιον,,Ψιμύθιον ἐμψυκτικόν τέ ἐστι καὶ ἐμπλαστικόν.,,,,,,,
675,paul,7,3,ψυλλίου τὸ σπέρμα,,2.273,,Ψυλλίου τὸ σπέρμα,,"Ψυλλίου τὸ σπέρμα τῆς δευτέρας τῶν ψυχόντων ἐστὶ τάξεως, ἐν δὲ τῷ ξηραίνειν τε καὶ ὑγραίνειν μέσον ἐστίν.",,,,,,,
676,paul,7,3,ψωρικόν,,2.273-274,,Ψωρικὸν,,"Ψωρικὸν λιθαργύρῳ μιγνυμένης διπλασίας χαλκίτεως γίνεται λειουμένων τε ὄξει καὶ χωννυμένων εἰς καινὴν χύτραν ἐν κόπρῳ ἐπὶ τεςσαράκοντα ἡμέρας, ξηραντικώτερόν τε καὶ λεπτομερέστερον καὶ ἀδηκτότερον χαλκίτεως γίνεται.",,,,,,,
677,paul,7,3,ᾠόν,,2.274,,Ὠιοῦ,,"Ὠιοῦ τὸ μὲν λευκόν τε καὶ λεπτὸν τῶν ἀδηκτοτάτων ἐστὶ μετρίως ἐμψῦχον· χρηστέον οὖν αὐτῷ ἐπὶ ὀφθαλμῶν καὶ τῶν ἐν αἰδοίοις ἑλκῶν καὶ πάντων κακοήθων, μίγνυται δὲ καὶ τοῖς ἰσχαίμοις ἐμπλαστικοῖς φαρμάκοις. καὶ ἡ λέκιθος δὲ παραπλησίας οὖσα δυνάμεως ἀφλεγμάντοις μίγνυται φαρμάκοις, ὀπτωμένη δὲ ξηραντικωτέρα μὲν γίνεται, ἧττον δὲ παρηγορική. ὄξει δὲ ἑψηθὲν ὅλον ᾠόν, εἰ βρωθείη, ξηραίνει τὰ κατὰ γαστέρα ῥεύματα· εἰ δὲ καὶ προσλάβοι τι τῶν στρυφνῶν, οἷον κηκῖδος ἢ ῥοῦ ἢ βαλαυστίων, καὶ ταγηνισθείη, δραστικώτερον ἱκανῶς γίνεται. καὶ κατακαύμασι δὲ παραχρῆμα βοηθεῖ ὅλον ὠμὸν ἐπιβαλλόμενον. ῥοφητὸν δὲ προσφερόμενον τά τε κατὰ θώρακα συμπέττει τε καὶ παρηγορεῖ καὶ τὰς τραχύτητας τῆς ἀρτηρίας καταλεαίνει. προκριτέον δὲ τὸ νέον τοῦ παλαιοῦ καὶ τὸ τῶν ἀλεκτορίδων τοῦ τῶν ἄλλων ζῴων.",,,,,,,
678,paul,7,3,ὤκιμον,,2.274,,Ὤκιμον,,"Ὤκιμον ἐκ τῆς δευτέρας τάξεώς ἐστι τῶν θερμαινόντων, ἔχει δὲ ὑγρότητα περιττωματικήν· ὅθεν οὐδὲ χρήσιμόν ἐστιν εἴσω τοῦ σώματος λαμβανόμενον· ἔξωθεν δὲ καταπλασσόμενον διαφορεῖ καὶ συμπέττει.",,,,,,,
679,paul,7,3,ὠκιμοειδές,,2.274,,"Ὠκιμοειδοῦς, ἣν ἔνιοι φιλεταίριον ὀνομάζουσιν",,"Ὠκιμοειδοῦς, ἣν ἔνιοι φιλεταίριον ὀνομάζουσιν, ἄχρηστος μὲν ἡ ῥίζα, τὸ δὲ σπέρμα λεπτομερὲς καὶ ξηραντικὸν ἀδήκτως ἐστίν.",,,,,,,alias_review
