term_key,form_display,form_normalized,count,entry_count,text_sources,author_groups
αβηναμ,ἀβήναμ,αβηναμ,1,1,DIOSC_DMM,Dioscorides
αβροτονιτης,ἀβροτονίτης,αβροτονιτης,1,1,DIOSC_DMM,Dioscorides
αβροτονον,ἀβρότονον,αβροτονον,5,5,AET_LM;GAL_SMT;ORIB_CM,Aetius;Galen;Oribasius
αβροτονον,ἁβρότονον,αβροτονον,4,4,DIOSC_DMM,Dioscorides
αβροτονον,ἄβροτονον,αβροτονον,2,2,ORIB_CM;PAUL_AEG,Oribasius;Paul
αβροτονον κεκαυμενον,ἀβρότονον κεκαυμένον,αβροτονον κεκαυμενον,1,1,AET_LM,Aetius
αβροτονου φυλλων,ἁβροτόνου φύλλων,αβροτονου φυλλων,1,1,DIOSC_DMM,Dioscorides
αγαλοχον ξυλον,ἀγάλοχον ξύλον,αγαλοχον ξυλον,2,2,DIOSC_DMM;PAUL_AEG,Dioscorides;Paul
αγαρικον,ἀγαρικόν,αγαρικον,5,5,AET_LM;DIOSC_DMM;GAL_SMT;ORIB_CM,Aetius;Dioscorides;Galen;Oribasius
αγαρικον,Ἀγαρικόν,αγαρικον,1,1,PAUL_AEG,Paul
αγαρικον ριζα,Ἀγαρικὸν ῥίζα,αγαρικον ριζα,1,1,PAUL_AEG,Paul
αγαρικου ριζα,ἀγαρικοῦ ῥίζα,αγαρικου ριζα,1,1,GAL_SMT,Galen
αγαρικου ριζα,Ἀγαρικοῦ ῥίζα,αγαρικου ριζα,1,1,ORIB_CM,Oribasius
αγασυλλις,ἀγασυλλίς,αγασυλλις,1,1,DIOSC_DMM,Dioscorides
αγηρατον,ἀγήρατον,αγηρατον,5,5,AET_LM;DIOSC_DMM;GAL_SMT;ORIB_CM,Aetius;Dioscorides;Galen;Oribasius
αγηρατον,ἄγηρατον,αγηρατον,1,1,PAUL_AEG,Paul
αγηρατος,αγηρατος,αγηρατος,1,1,PAUL_AEG,Paul
αγηρατος λιθος,ἀγήρατος λίθος,αγηρατος λιθος,1,1,ORIB_CM,Oribasius
αγκων,ἀγκών,αγκων,1,1,DIOSC_DMM,Dioscorides
αγλαοφωτις,ἀγλαοφῶτις,αγλαοφωτις,1,1,DIOSC_DMM,Dioscorides
αγλιθας,ἄγλιθας,αγλιθας,1,1,DIOSC_DMM,Dioscorides
αγνος,ἄγνος,αγνος,9,9,AET_LM;DIOSC_DMM;GAL_SMT;ORIB_CM;PAUL_AEG,Aetius;Dioscorides;Galen;Oribasius;Paul
αγνου χλωρων φυλλων,ἄγνου χλωρῶν φύλλων,αγνου χλωρων φυλλων,1,1,AET_LM,Aetius
αγρια ακανθος,ἀγρία ἄκανθος,αγρια ακανθος,1,1,DIOSC_DMM,Dioscorides
αγρια αμπελος,ἀγρία ἄμπελος,αγρια αμπελος,2,2,DIOSC_DMM;PAUL_AEG,Dioscorides;Paul
αγρια ανεμωνη,ἀγρία ἀνεμώνη,αγρια ανεμωνη,1,1,DIOSC_DMM,Dioscorides
αγρια απιος,ἀγρία ἄπιος,αγρια απιος,1,1,DIOSC_DMM,Dioscorides
αγρια γογγυλη,ἀγρία γογγύλη,αγρια γογγυλη,1,1,DIOSC_DMM,Dioscorides
αγρια ελαια,ἀγρία ἐλαία,αγρια ελαια,3,3,DIOSC_DMM;PAUL_AEG,Dioscorides;Paul
αγρια ελαια,ἀγρία ἐλαία,αγρια ελαια,1,1,PAUL_AEG,Paul
αγρια θριδαξ,ἀγρία θρίδαξ,αγρια θριδαξ,1,1,PAUL_AEG,Paul
αγρια ιρις,ἀγρία ἴρις,αγρια ιρις,1,1,AET_LM,Aetius
αγρια κνηκος,ἀγρία κνῆκος,αγρια κνηκος,1,1,PAUL_AEG,Paul
αγρια μαλαχη,ἀγρία μαλάχη,αγρια μαλαχη,4,4,GAL_ALIM;PAUL_AEG,Galen;Paul
αγρια μηκων,ἀγρία μήκων,αγρια μηκων,3,3,DIOSC_DMM,Dioscorides
αγρια μηλεα,ἀγρία μηλέα,αγρια μηλεα,3,3,GAL_SMT;ORIB_CM;PAUL_AEG,Galen;Oribasius;Paul
αγρια ραφανος,ἀγρία ῥάφανος,αγρια ραφανος,1,1,PAUL_AEG,Paul
αγρια ροα,ἀγρία ῥόα,αγρια ροα,1,1,DIOSC_DMM,Dioscorides
αγρια ροια,ἀγρία ῥοιά,αγρια ροια,1,1,PAUL_AEG,Paul
αγρια σερις,ἀγρία σέρις,αγρια σερις,1,1,PAUL_AEG,Paul
αγρια σταφυλη,ἀγρία σταφυλή,αγρια σταφυλη,1,1,DIOSC_DMM,Dioscorides
αγρια συκη,ἀγρία συκῆ,αγρια συκη,1,1,ORIB_CM,Oribasius
αγριας αμπελου καρπος,ἀγρίας ἀμπέλου καρπός,αγριας αμπελου καρπος,1,1,DIOSC_DMM,Dioscorides
αγριας ναρδου της ριζης,ἀγρίας νάρδου τῆς ῥίζης,αγριας ναρδου της ριζης,1,1,DIOSC_DMM,Dioscorides
αγριας ροιας ανθος,ἀγρίας ῥοιᾶς ἄνθος,αγριας ροιας ανθος,1,1,AET_LM,Aetius
αγριας συκης κλαδων,ἀγρίας συκῆς κλάδων,αγριας συκης κλαδων,1,1,DIOSC_DMM,Dioscorides
αγριελαια,ἀγριέλαια,αγριελαια,1,1,DIOSC_DMM,Dioscorides
αγριελαια,ἄγριελαία,αγριελαια,1,1,DIOSC_DMM,Dioscorides
αγριολον,ἀγρίολον,αγριολον,1,1,DIOSC_DMM,Dioscorides
αγριον ηδυοσμον,ἄγριον ἡδύοσμον,αγριον ηδυοσμον,1,1,DIOSC_DMM,Dioscorides
αγριον λαπαθον,ἄγριον λάπαθον,αγριον λαπαθον,3,3,AET_LM;GAL_SMT;PAUL_AEG,Aetius;Galen;Paul
αγριον λαπαθον,ἄγριον λάπαθον,αγριον λαπαθον,1,1,AET_LM,Aetius
αγριον πηγανον,ἄγριον πήγανον,αγριον πηγανον,1,1,AET_LM,Aetius
αγριον πρασον,ἄγριον πρᾶσον,αγριον πρασον,1,1,GAL_SMT,Galen
αγριοριγανος,ἀγριορίγανος,αγριοριγανος,1,1,DIOSC_DMM,Dioscorides
αγριος,ἄγριος,αγριος,4,4,DIOSC_DMM;GAL_SMT;PAUL_AEG,Dioscorides;Galen;Paul
αγριος ευζωμον,ἄγριος εὔζωμον,αγριος ευζωμον,1,1,DIOSC_DMM,Dioscorides
αγριος ηδυοσμος,ἄγριος ἡδύοσμος,αγριος ηδυοσμος,1,1,PAUL_AEG,Paul
αγριος θερμος,ἄγριος θέρμος,αγριος θερμος,1,1,PAUL_AEG,Paul
αγριος κοκκυμηλον,ἄγριος κοκκύμηλον,αγριος κοκκυμηλον,1,1,PAUL_AEG,Paul
αγριος ναρδος,ἄγριος νάρδος,αγριος ναρδος,1,1,DIOSC_DMM,Dioscorides
αγριος ονος,ἄγριος ὄνος,αγριος ονος,1,1,AET_LM,Aetius
αγριος συκη,ἄγριος συκῆ,αγριος συκη,1,1,PAUL_AEG,Paul
αγριοσελινον,ἀγριοσέλινον,αγριοσελινον,1,1,DIOSC_DMM,Dioscorides
αγριοσκορδον,ἀγριόσκορδον,αγριοσκορδον,1,1,PAUL_AEG,Paul
αγριοσταφυλιτης,ἀγριοσταφυλίτης,αγριοσταφυλιτης,1,1,DIOSC_DMM,Dioscorides
αγρωστεως ποα,Ἀγρώστεως πόα,αγρωστεως ποα,1,1,ORIB_CM,Oribasius
αγρωστεως ριζα,Ἀγρώστεως ῥίζα,αγρωστεως ριζα,1,1,ORIB_CM,Oribasius
αγρωστις,ἀγρώστις,αγρωστις,7,7,AET_LM;DIOSC_DMM;ORIB_CM,Aetius;Dioscorides;Oribasius
αγρωστις,ἄγρωστις,αγρωστις,9,9,DIOSC_DMM;GAL_SMT;PAUL_AEG,Dioscorides;Galen;Paul
αγρωστις παρνασος,ἄγρωστις παρνασός,αγρωστις παρνασος,1,1,PAUL_AEG,Paul
αγχουσα,ἀγχούσα,αγχουσα,2,2,DIOSC_DMM;GAL_SMT,Dioscorides;Galen
αγχουσα,ἄγχουσα,αγχουσα,11,11,AET_LM;DIOSC_DMM;GAL_SMT;ORIB_CM;PAUL_AEG,Aetius;Dioscorides;Galen;Oribasius;Paul
αγχουσα ετερα,ἄγχουσα ἑτέρα,αγχουσα ετερα,1,1,DIOSC_DMM,Dioscorides
αγχουση,ἀγχούση,αγχουση,1,1,AET_LM,Aetius
αγχυνωψ,ἀγχύνωψ,αγχυνωψ,1,1,DIOSC_DMM,Dioscorides
αδαμας,ἀδάμας,αδαμας,1,1,DIOSC_DMM,Dioscorides
αδαμας,ἀδάμας,αδαμας,1,1,GAL_SMT,Galen
αδαρκη,ἀδάρκη,αδαρκη,1,1,GAL_SMT,Galen
αδαρκη,Ἀδάρκη,αδαρκη,1,1,PAUL_AEG,Paul
αδαρκης,ἀδάρκης,αδαρκης,2,2,AET_LM;DIOSC_DMM,Aetius;Dioscorides
αδαρκιον,ἀδάρκιον,αδαρκιον,2,2,AET_LM;GAL_SMT,Aetius;Galen
αδαρκιον,Ἀδάρκιον,αδαρκιον,1,1,ORIB_CM,Oribasius
αδαρκον,ἄδαρκον,αδαρκον,1,1,GAL_SMT,Galen
αδιαντον,ἀδίαντον,αδιαντον,7,7,AET_LM;DIOSC_DMM;GAL_SMT;ORIB_CM,Aetius;Dioscorides;Galen;Oribasius
αδιαντον,ἀδίαντον,αδιαντον,1,1,ORIB_CM,Oribasius
αδιαντον,Ἀδίαντον,αδιαντον,1,1,PAUL_AEG,Paul
αδιψον,ἄδιψον,αδιψον,1,1,DIOSC_DMM,Dioscorides
αδριανος,Ἀδριανός,αδριανος,1,1,DIOSC_DMM,Dioscorides
αδυναμος,ἀδύναμος,αδυναμος,1,1,DIOSC_DMM,Dioscorides
αειζωον,ἀείζωον,αειζωον,6,6,AET_LM;DIOSC_DMM;GAL_SMT;ORIB_CM,Aetius;Dioscorides;Galen;Oribasius
αειζωον,ἀείζῳον,αειζωον,7,7,AET_LM;DIOSC_DMM;PAUL_AEG,Aetius;Dioscorides;Paul
αειζωον αγριον,ἀείζῳον ἄγριον,αειζωον αγριον,1,1,DIOSC_DMM,Dioscorides
αειζωον διττον,ἀείζῳον διττόν,αειζωον διττον,1,1,PAUL_AEG,Paul
αειζωον μεγα,ἀείζωον μέγα,αειζωον μεγα,1,1,GAL_SMT,Galen
αειζωον μεγα,ἀείζῳον μέγα,αειζωον μεγα,1,1,DIOSC_DMM,Dioscorides
αειζωον μικρον,ἀείζωον μικρόν,αειζωον μικρον,1,1,GAL_SMT,Galen
αειζωον μικρον,ἀείζῳον μικρόν,αειζωον μικρον,1,1,DIOSC_DMM,Dioscorides
αειζωον το μικρον,ἀείζωον τὸ μικρόν,αειζωον το μικρον,1,1,DIOSC_DMM,Dioscorides
αειχλωρον,ἀείχλωρον,αειχλωρον,1,1,DIOSC_DMM,Dioscorides
αερομελι,ἀερόμελι,αερομελι,1,1,GAL_ALIM,Galen
αερωδης ουσια,ἀερώδης οὐσία,αερωδης ουσια,1,1,ORIB_CM,Oribasius
αετου,ἀετοῦ,αετου,1,1,DIOSC_DMM,Dioscorides
αετωνυξ,ἀετώνυξ,αετωνυξ,1,1,PAUL_AEG,Paul
αετωνυχον,ἀετώνυχον,αετωνυχον,1,1,DIOSC_DMM,Dioscorides
αετωνυχον,Ἀετώνυχον,αετωνυχον,1,1,PAUL_AEG,Paul
αηρ,ἀήρ,αηρ,5,5,DIOSC_DMM;GAL_ALIM;GAL_SMT;ORIB_CM,Dioscorides;Galen;Oribasius
αηρ,ἀήρ,αηρ,1,1,GAL_SMT,Galen
αι δε ριζαι,αἱ δὲ ῥίζαι,αι δε ριζαι,2,2,GAL_SMT;PAUL_AEG,Galen;Paul
αι δε των εχιδνων κεφαλαι,αἱ δὲ τῶν ἐχιδνῶν κεφαλαὶ,αι δε των εχιδνων κεφαλαι,1,1,AET_LM,Aetius
αι ριζαι,αἱ ῥίζαι,αι ριζαι,2,2,ORIB_CM;PAUL_AEG,Oribasius;Paul
αιγειον,αἴγειον,αιγειον,1,1,PAUL_AEG,Paul
αιγειον αιμα,αἴγειον αἷμα,αιγειον αιμα,1,1,GAL_SMT,Galen
αιγειον γαλα,αἴγειον γάλα,αιγειον γαλα,2,2,DIOSC_DMM;GAL_SMT,Dioscorides;Galen
αιγειον στεαρ,αἴγειον στέαρ,αιγειον στεαρ,2,2,AET_LM;ORIB_CM,Aetius;Oribasius
αιγειον στεαρ,αἴγειον στέαρ,αιγειον στεαρ,1,1,GAL_SMT,Galen
αιγειος,αἴγειος,αιγειος,4,4,AET_LM;DIOSC_DMM;PAUL_AEG,Aetius;Dioscorides;Paul
αιγειρος,αἴγειρος,αιγειρος,8,8,AET_LM;DIOSC_DMM;GAL_SMT;ORIB_CM;PAUL_AEG,Aetius;Dioscorides;Galen;Oribasius;Paul
αιγειρου ανθη,Αἰγείρου ἄνθη,αιγειρου ανθη,1,1,ORIB_CM,Oribasius
αιγειρου ανθη,αἰγείρου ἄνθη,αιγειρου ανθη,1,1,AET_LM,Aetius
αιγιαλειος ιχθυς,αἰγιάλειος ἰχθύς,αιγιαλειος ιχθυς,1,1,AET_LM,Aetius
αιγιαλιτις αμμος,αἰγιαλίτις ἄμμος,αιγιαλιτις αμμος,1,1,DIOSC_DMM,Dioscorides
αιγιλωχαμαιμηλον,αἰγιλώχαμαίμηλον,αιγιλωχαμαιμηλον,1,1,DIOSC_DMM,Dioscorides
αιγιλωψ,Αἰγίλωψ,αιγιλωψ,1,1,ORIB_CM,Oribasius
αιγιλωψ,αἰγίλωψ,αιγιλωψ,4,4,AET_LM;DIOSC_DMM;GAL_SMT,Aetius;Dioscorides;Galen
αιγιλωψ,αἰγίλωψ,αιγιλωψ,1,1,PAUL_AEG,Paul
αιγοκερας,αἰγόκερας,αιγοκερας,1,1,DIOSC_DMM,Dioscorides
αιγος αγριας,αἰγὸς ἀγρίας,αιγος αγριας,1,1,DIOSC_DMM,Dioscorides
αιγος ηπαρ,αἰγὸς ἧπαρ,αιγος ηπαρ,1,1,GAL_SMT,Galen
αιγος κερας,αἰγὸς κέρας,αιγος κερας,1,1,AET_LM,Aetius
αιγυπτια γη,Αἰγυπτία γῆ,αιγυπτια γη,1,1,GAL_SMT,Galen
αιγυπτια μαστιχη,Αἰγυπτία μαστίχη,αιγυπτια μαστιχη,1,1,AET_LM,Aetius
αιγυπτιακη ακανθα,αἰγυπτιακὴ ἄκανθα,αιγυπτιακη ακανθα,1,1,DIOSC_DMM,Dioscorides
αιγυπτιος,Αἰγύπτιος,αιγυπτιος,2,2,DIOSC_DMM;ORIB_CM,Dioscorides;Oribasius
αιγυπτιος,αἰγύπτιος,αιγυπτιος,1,1,AET_LM,Aetius
αιγυπτιος κυαμος,Αἰγύπτιος κύαμος,αιγυπτιος κυαμος,1,1,DIOSC_DMM,Dioscorides
αιγυπτιος κυαμος,αἰγύπτιος κύαμος,αιγυπτιος κυαμος,1,1,AET_LM,Aetius
αιγων κοπρος,αἰγῶν κόπρος,αιγων κοπρος,1,1,AET_LM,Aetius
αιδοιον αρρενος ελαφου,Αἰδοῖον ἄρρενος ἐλάφου,αιδοιον αρρενος ελαφου,1,1,PAUL_AEG,Paul
αιδοιον αρρενος ελαφου,αἰδοῖον ἄρρενος ἐλάφου,αιδοιον αρρενος ελαφου,1,1,DIOSC_DMM,Dioscorides
αιθαλη,αἰθάλη,αιθαλη,5,5,AET_LM;DIOSC_DMM;GAL_SMT;PAUL_AEG,Aetius;Dioscorides;Galen;Paul
αιθαλη,αἰθάλη,αιθαλη,1,1,PAUL_AEG,Paul
αιθαλος,αἰθαλός,αιθαλος,1,1,GAL_SMT,Galen
αιθαλος,αἴθαλος,αιθαλος,1,1,ORIB_CM,Oribasius
αιθιοπικη ελαια,Αἰθιοπικὴ ἐλαία,αιθιοπικη ελαια,1,1,DIOSC_DMM,Dioscorides
αιθιοπικον κυμινον,αἰθιοπικὸν κύμινον,αιθιοπικον κυμινον,1,1,DIOSC_DMM,Dioscorides
αιθιοπικος σεσελι,Αἰθιοπικός σέσελι,αιθιοπικος σεσελι,1,1,DIOSC_DMM,Dioscorides
αιθιοπις,Αἰθιοπίς,αιθιοπις,1,1,PAUL_AEG,Paul
αιθιοπις,αἰθιοπίς,αιθιοπις,1,1,DIOSC_DMM,Dioscorides
αιθυια,αἰθυία,αιθυια,3,3,AET_LM;GAL_SMT;PAUL_AEG,Aetius;Galen;Paul
αιθυια,αἴθυια,αιθυια,1,1,DIOSC_DMM,Dioscorides
αιθυιας ηπαρ,αίθυίας ἦπαρ,αιθυιας ηπαρ,1,1,DIOSC_DMM,Dioscorides
αιθυιης κοιλιαν,αἰθυίης κοιλίαν,αιθυιης κοιλιαν,1,1,AET_LM,Aetius
αιμα,αἷμα,αιμα,115,115,AET_LM;DIOSC_DMM;GAL_ALIM;GAL_SMT;PAUL_AEG,Aetius;Dioscorides;Galen;Paul
αιμα αιγειον,αἷμα αἴγειον,αιμα αιγειον,1,1,DIOSC_DMM,Dioscorides
αιμα αιγος,αἷμα αἰγός,αιμα αιγος,2,2,AET_LM;GAL_SMT,Aetius;Galen
αιμα αλεκτοριδος,αἷμα ἀλεκτορίδος,αιμα αλεκτοριδος,1,1,GAL_SMT,Galen
αιμα αλεκτρυονος,αἷμα ἀλεκτρύονος,αιμα αλεκτρυονος,1,1,GAL_SMT,Galen
αιμα αρνων,αἷμα ἀρνῶν,αιμα αρνων,1,1,GAL_SMT,Galen
αιμα γλαυκος,αἷμα γλαυκός,αιμα γλαυκος,1,1,GAL_SMT,Galen
αιμα γλαυξ,αἷμα γλαύξ,αιμα γλαυξ,1,1,GAL_SMT,Galen
αιμα εριφου,αἷμα ἐρίφου,αιμα εριφου,1,1,DIOSC_DMM,Dioscorides
αιμα εριφων,αἷμα ἐρίφων,αιμα εριφων,1,1,GAL_SMT,Galen
αιμα λαγωου,αἷμα λαγωοῦ,αιμα λαγωου,1,1,GAL_SMT,Galen
αιμα νησσης,αἷμα νήσσης,αιμα νησσης,1,1,DIOSC_DMM,Dioscorides
αιμα νυκτεριδος,αἷμα νυκτερίδος,αιμα νυκτεριδος,1,1,GAL_SMT,Galen
αιμα περιστερας,αἷμα περιστεράς,αιμα περιστερας,1,1,GAL_SMT,Galen
αιμα περιστερας,αἷμα περιστερᾶς,αιμα περιστερας,1,1,GAL_SMT,Galen
αιμα ταυρου,αἷμα ταύρου,αιμα ταυρου,1,1,DIOSC_DMM,Dioscorides
αιμα υων,αἷμα ὑῶν,αιμα υων,1,1,GAL_SMT,Galen
αιμα φαττης,αἷμα φάττης,αιμα φαττης,1,1,GAL_SMT,Galen
αιμα χηνος,αἷμα χήνος,αιμα χηνος,1,1,DIOSC_DMM,Dioscorides
αιματιτης,αιματιτης,αιματιτης,1,1,PAUL_AEG,Paul
αιματιτης,αἱματίτης,αιματιτης,11,11,AET_LM;DIOSC_DMM;GAL_SMT;ORIB_CM,Aetius;Dioscorides;Galen;Oribasius
αιματιτης,αἱματίτης,αιματιτης,1,1,GAL_SMT,Galen
αιματιτης λιθος,αἱματίτης λίθος,αιματιτης λιθος,5,5,AET_LM;DIOSC_DMM;GAL_SMT;ORIB_CM,Aetius;Dioscorides;Galen;Oribasius
αιματος θρομβους,αἵματος θρόμβους,αιματος θρομβους,1,1,DIOSC_DMM,Dioscorides
αιματωδης,αἱματώδης,αιματωδης,1,1,PAUL_AEG,Paul
αιξ,αἴξ,αιξ,6,6,AET_LM;DIOSC_DMM;GAL_SMT;PAUL_AEG,Aetius;Dioscorides;Galen;Paul
αιπα,αἶπα,αιπα,1,1,DIOSC_DMM,Dioscorides
αιρα,αἴρα,αιρα,5,5,DIOSC_DMM;GAL_ALIM;GAL_SMT;ORIB_CM;PAUL_AEG,Dioscorides;Galen;Oribasius;Paul
αιρα,αἶρα,αιρα,2,2,AET_LM;PAUL_AEG,Aetius;Paul
αιρεινος αλευρον,αἴρεινος ἄλευρον,αιρεινος αλευρον,1,1,DIOSC_DMM,Dioscorides
αιρινον αλευρον,αἰρῖνον ἄλευρον,αιρινον αλευρον,2,2,DIOSC_DMM;GAL_SMT,Dioscorides;Galen
αιρινον αλευρον,αἴρινον ἄλευρον,αιρινον αλευρον,4,4,DIOSC_DMM;GAL_SMT,Dioscorides;Galen
ακαιρος,ἄκαιρος,ακαιρος,1,1,DIOSC_DMM,Dioscorides
ακακαλλις,ἀκακαλλίς,ακακαλλις,1,1,DIOSC_DMM,Dioscorides
ακακια,ἀκακία,ακακια,13,13,AET_LM;DIOSC_DMM;GAL_SMT;ORIB_CM;PAUL_AEG,Aetius;Dioscorides;Galen;Oribasius;Paul
ακαληφη,ἀκαλήφη,ακαληφη,7,7,AET_LM;DIOSC_DMM;GAL_SMT;ORIB_CM;PAUL_AEG,Aetius;Dioscorides;Galen;Oribasius;Paul
ακαληφη θαλασσια,ἀκαλήφη θαλάσσια,ακαληφη θαλασσια,1,1,DIOSC_DMM,Dioscorides
ακαληφη θαλαττια,ἀκαλήφη θαλάττια,ακαληφη θαλαττια,1,1,GAL_SMT,Galen
ακαληφης καρπος,Ἀκαλήφης καρπός,ακαληφης καρπος,1,1,AET_LM,Aetius
ακαληφης φυλλα,Ἀκαλήφης φύλλα,ακαληφης φυλλα,1,1,AET_LM,Aetius
ακαλλις,ἀκαλλίς,ακαλλις,1,1,PAUL_AEG,Paul
ακαλυφη,ἀκαλύφη,ακαλυφη,1,1,GAL_SMT,Galen
ακανθα,ἄκανθα,ακανθα,19,19,AET_LM;DIOSC_DMM;GAL_SMT;ORIB_CM;PAUL_AEG,Aetius;Dioscorides;Galen;Oribasius;Paul
ακανθα αιγυπτια,ἄκανθα Αἰγυπτία,ακανθα αιγυπτια,1,1,ORIB_CM,Oribasius
ακανθα αιγυπτια,ἄκανθα αἰγυπτία,ακανθα αιγυπτια,1,1,AET_LM,Aetius
ακανθα αιγυπτια,ἄκανθα αἰγυπτία,ακανθα αιγυπτια,1,1,PAUL_AEG,Paul
ακανθα αραβικη,ἄκανθα ἀραβική,ακανθα αραβικη,1,1,PAUL_AEG,Paul
ακανθα αραβικη,ἄκανθα Ἀραβική,ακανθα αραβικη,1,1,DIOSC_DMM,Dioscorides
ακανθα λευκη,ἄκανθα λευκή,ακανθα λευκη,6,6,AET_LM;DIOSC_DMM;ORIB_CM;PAUL_AEG,Aetius;Dioscorides;Oribasius;Paul
ακανθαι,ἄκανθαι,ακανθαι,1,1,DIOSC_DMM,Dioscorides
ακανθαις,ἀκάνθαις,ακανθαις,1,1,DIOSC_DMM,Dioscorides
ακανθαν,ἄκανθαν,ακανθαν,2,2,DIOSC_DMM,Dioscorides
ακανθας,ἀκάνθας,ακανθας,3,3,DIOSC_DMM,Dioscorides
ακανθη,ἀκάνθη,ακανθη,1,1,PAUL_AEG,Paul
ακανθης,ἀκάνθης,ακανθης,1,1,DIOSC_DMM,Dioscorides
ακανθια,ἀκάνθια,ακανθια,2,2,DIOSC_DMM,Dioscorides
ακανθινον ξυλον,ἀκάνθινον ξύλον,ακανθινον ξυλον,1,1,DIOSC_DMM,Dioscorides
ακανθιον,ἀκάνθιον,ακανθιον,3,3,DIOSC_DMM;GAL_SMT;PAUL_AEG,Dioscorides;Galen;Paul
ακανθιον,ἄκανθιον,ακανθιον,1,1,ORIB_CM,Oribasius
ακανθιου η ριζα,Ἀκανθίου ἡ ῥίζα,ακανθιου η ριζα,1,1,ORIB_CM,Oribasius
ακανθιου φυλλα,Ἀκανθίου φύλλα,ακανθιου φυλλα,1,1,ORIB_CM,Oribasius
ακανθος,ἄκανθος,ακανθος,7,7,AET_LM;DIOSC_DMM;GAL_SMT;ORIB_CM;PAUL_AEG,Aetius;Dioscorides;Galen;Oribasius;Paul
ακανθος αιγυπτια,ἄκανθος Αἰγυπτία,ακανθος αιγυπτια,1,1,GAL_SMT,Galen
ακανθος λευκη,ἄκανθος λευκή,ακανθος λευκη,2,2,GAL_SMT,Galen
ακαυστος,ἄκαυστος,ακαυστος,1,1,AET_LM,Aetius
ακεραιος θαλασσα,ἀκέραιος θάλασσα,ακεραιος θαλασσα,1,1,DIOSC_DMM,Dioscorides
ακεραιος μολυβδος,ἀκέραιος μόλυβδος,ακεραιος μολυβδος,1,1,DIOSC_DMM,Dioscorides
ακιδωτον,ἀκιδωτόν,ακιδωτον,1,1,DIOSC_DMM,Dioscorides
ακινος,ἄκινος,ακινος,2,2,DIOSC_DMM;PAUL_AEG,Dioscorides;Paul
ακις,ἀκίς,ακις,1,1,GAL_SMT,Galen
ακις,ἀκίς,ακις,1,1,PAUL_AEG,Paul
ακνηστον,ἄκνηστον,ακνηστον,1,1,DIOSC_DMM,Dioscorides
ακονη,ἀκόνη,ακονη,4,4,AET_LM;DIOSC_DMM;GAL_SMT;ORIB_CM,Aetius;Dioscorides;Galen;Oribasius
ακονη ναξια,ἀκόνη Ναξία,ακονη ναξια,1,1,DIOSC_DMM,Dioscorides
ακονιτον,ἀκόνιτον,ακονιτον,17,17,AET_LM;DIOSC_DMM;GAL_SMT;ORIB_CM;PAUL_AEG,Aetius;Dioscorides;Galen;Oribasius;Paul
ακονιτον,ἀκόνιτον,ακονιτον,2,2,AET_LM;PAUL_AEG,Aetius;Paul
ακονιτον ετερον,ἀκόνιτον ἕτερον,ακονιτον ετερον,1,1,DIOSC_DMM,Dioscorides
ακονος,ἄκονος,ακονος,1,1,DIOSC_DMM,Dioscorides
ακοπον,ἄκοπον,ακοπον,1,1,DIOSC_DMM,Dioscorides
ακορον,ἄκορον,ακορον,8,8,AET_LM;DIOSC_DMM;GAL_SMT;ORIB_CM;PAUL_AEG,Aetius;Dioscorides;Galen;Oribasius;Paul
ακορος,ἄκορος,ακορος,6,6,AET_LM;DIOSC_DMM;GAL_SMT;ORIB_CM;PAUL_AEG,Aetius;Dioscorides;Galen;Oribasius;Paul
ακορου ριζα,ἀκόρου ῥίζα,ακορου ριζα,1,1,AET_LM,Aetius
ακρατος,ἄκρατος,ακρατος,3,3,AET_LM;DIOSC_DMM,Aetius;Dioscorides
ακρατος θερμος,ἄκρατος θερμός,ακρατος θερμος,1,1,AET_LM,Aetius
ακρεμονας,ἀκρεμόνας,ακρεμονας,1,1,DIOSC_DMM,Dioscorides
ακρεμονας,ἀκρέμονας,ακρεμονας,2,1,GAL_ALIM,Galen
ακρεμονες,ἀκρεμόνες,ακρεμονες,2,2,DIOSC_DMM,Dioscorides
ακρεμονες,ἀκρεμόνες,ακρεμονες,2,2,AET_LM;PAUL_AEG,Aetius;Paul
ακρεμονες,ἀκρέμονες,ακρεμονες,4,4,GAL_SMT;ORIB_CM,Galen;Oribasius
ακρεμονων,ἀκρεμόνων,ακρεμονων,1,1,DIOSC_DMM,Dioscorides
ακρεμονων,ἀκρεμόνων,ακρεμονων,2,2,AET_LM;GAL_SMT,Aetius;Galen
ακρεμοσι,ἀκρεμόσι,ακρεμοσι,1,1,DIOSC_DMM,Dioscorides
ακρεμοσιν,ἀκρέμοσιν,ακρεμοσιν,1,1,ORIB_CM,Oribasius
ακρεμοσιν,ἀκρέμοσιν,ακρεμοσιν,1,1,GAL_SMT,Galen
ακρις,ἀκρίς,ακρις,2,2,DIOSC_DMM;PAUL_AEG,Dioscorides;Paul
ακρις τρωξαλλις,ἀκρίς τρωξαλλίς,ακρις τρωξαλλις,1,1,DIOSC_DMM,Dioscorides
ακροσπελλος,ἀκρόσπελλος,ακροσπελλος,1,1,DIOSC_DMM,Dioscorides
ακτη,ἀκτή,ακτη,7,7,AET_LM;DIOSC_DMM;ORIB_CM;PAUL_AEG,Aetius;Dioscorides;Oribasius;Paul
ακτη,ἄκτη,ακτη,1,1,GAL_SMT,Galen
ακτη βοτανωδεστερα,ἄκτη βοτανωδεστέρα,ακτη βοτανωδεστερα,1,1,GAL_SMT,Galen
ακτη δενδρωδης,ἀκτή δενδρώδης,ακτη δενδρωδης,1,1,ORIB_CM,Oribasius
ακτη δενδρωδης,ἄκτη δενδρώδης,ακτη δενδρωδης,1,1,GAL_SMT,Galen
ακτη μεγαλη,ἀκτή μεγάλη,ακτη μεγαλη,1,1,PAUL_AEG,Paul
ακτη μεγαλη,ἄκτη μεγάλη,ακτη μεγαλη,1,1,GAL_SMT,Galen
ακτιον,ἄκτιον,ακτιον,1,1,DIOSC_DMM,Dioscorides
αλαβανδικος λιθος,ἀλαβανδικὸς λίθος,αλαβανδικος λιθος,1,1,AET_LM,Aetius
αλαβαστριτης,αλαβαστριτης,αλαβαστριτης,1,1,PAUL_AEG,Paul
αλαβαστριτης,ἀλαβαστρίτης,αλαβαστριτης,1,1,GAL_SMT,Galen
αλαβαστριτης λιθος,ἀλαβαστρίτης λίθος,αλαβαστριτης λιθος,1,1,ORIB_CM,Oribasius
αλανη,Ἀλανὴ,αλανη,1,1,PAUL_AEG,Paul
αλας,ἅλας,αλας,3,3,DIOSC_DMM;PAUL_AEG,Dioscorides;Paul
αλας λεπτος,ἅλας λεπτός,αλας λεπτος,1,1,DIOSC_DMM,Dioscorides
αλβανος,Ἀλβανός,αλβανος,1,1,DIOSC_DMM,Dioscorides
αλεκτοριδος λευκης,ἀλεκτορίδος λευκῆς,αλεκτοριδος λευκης,1,1,DIOSC_DMM,Dioscorides
αλεκτορις,ἀλεκτορίς,αλεκτορις,9,9,AET_LM;DIOSC_DMM;GAL_SMT;ORIB_CM;PAUL_AEG,Aetius;Dioscorides;Galen;Oribasius;Paul
αλεκτρυονων στεαρ,ἀλεκτρυόνων στέαρ,αλεκτρυονων στεαρ,1,1,GAL_SMT,Galen
αλεκτρυων,ἀλεκτρυών,αλεκτρυων,5,5,AET_LM;GAL_SMT;ORIB_CM;PAUL_AEG,Aetius;Galen;Oribasius;Paul
αλεκτρυων ορχις,ἀλεκτρυών ὄρχις,αλεκτρυων ορχις,1,1,AET_LM,Aetius
αλεξανδρεια,Ἀλεξάνδρεια,αλεξανδρεια,1,1,DIOSC_DMM,Dioscorides
αλεξανδρεια δαφνη,Ἀλεξανδρεία δάφνη,αλεξανδρεια δαφνη,1,1,GAL_SMT,Galen
αλες,ἅλες,αλες,1,1,PAUL_AEG,Paul
αλες διπλοι,ἅλες διπλοί,αλες διπλοι,1,1,DIOSC_DMM,Dioscorides
αλευρον,ἀλεύρον,αλευρον,1,1,DIOSC_DMM,Dioscorides
αλευρον,ἄλευρον,αλευρον,61,61,AET_LM;DIOSC_DMM;GAL_ALIM;GAL_SMT;ORIB_CM;PAUL_AEG,Aetius;Dioscorides;Galen;Oribasius;Paul
αλευρον αιρινον,ἄλευρον αἰρῖνον,αλευρον αιρινον,2,2,DIOSC_DMM,Dioscorides
αλευρον αιρινον,ἄλευρον αἴρινον,αλευρον αιρινον,1,1,DIOSC_DMM,Dioscorides
αλευρον ερεγμινον,ἄλευρον ἐρεγμῖνον,αλευρον ερεγμινον,2,2,DIOSC_DMM,Dioscorides
αλευρον ζειας,ἄλευρον ζείας,αλευρον ζειας,1,1,AET_LM,Aetius
αλευρον ζειας,ἄλευρον ζειᾶς,αλευρον ζειας,1,1,GAL_SMT,Galen
αλευρον ζειων,ἄλευρον ζειῶν,αλευρον ζειων,1,1,PAUL_AEG,Paul
αλευρον κεγχρινον,ἄλευρον κεγχρῖνον,αλευρον κεγχρινον,1,1,DIOSC_DMM,Dioscorides
αλευρον κριθινον,ἀλεύρον κριθῖνον,αλευρον κριθινον,1,1,DIOSC_DMM,Dioscorides
αλευρον κριθινον,ἄλευρον κριθῖνον,αλευρον κριθινον,4,4,DIOSC_DMM;GAL_SMT;PAUL_AEG,Dioscorides;Galen;Paul
αλευρον κριθινον,ἄλευρον κρίθινον,αλευρον κριθινον,1,1,AET_LM,Aetius
αλευρον κριθινον,ἄλευρον κρῖθινον,αλευρον κριθινον,1,1,GAL_SMT,Galen
αλευρον κυαμινον,ἄλευρον κυάμινον,αλευρον κυαμινον,2,2,AET_LM;DIOSC_DMM,Aetius;Dioscorides
αλευρον κυαμου,ἄλευρον κυάμου,αλευρον κυαμου,1,1,AET_LM,Aetius
αλευρον ξηραντικον,ἄλευρον ξηραντικόν,αλευρον ξηραντικον,1,1,AET_LM,Aetius
αλευρον πυρινον,ἄλευρον πυρῖνον,αλευρον πυρινον,3,3,DIOSC_DMM;GAL_SMT;ORIB_CM,Dioscorides;Galen;Oribasius
αλθαια,ἀλθαία,αλθαια,8,8,AET_LM;DIOSC_DMM;GAL_SMT;ORIB_CM;PAUL_AEG,Aetius;Dioscorides;Galen;Oribasius;Paul
αλικακαβον,ἁλικάκαβον,αλικακαβον,1,1,PAUL_AEG,Paul
αλικακαβος,ἁλικακάβος,αλικακαβος,1,1,AET_LM,Aetius
αλικακκαβον,ἁλικάκκαβον,αλικακκαβον,7,7,AET_LM;DIOSC_DMM;GAL_SMT;ORIB_CM;PAUL_AEG,Aetius;Dioscorides;Galen;Oribasius;Paul
αλικακκαβον πυρρον,ἁλικάκκαβον πυρρόν,αλικακκαβον πυρρον,1,1,ORIB_CM,Oribasius
αλιμον,ἄλιμον,αλιμον,2,2,GAL_SMT;ORIB_CM,Galen;Oribasius
αλιμον,ἅλιμον,αλιμον,3,3,AET_LM;DIOSC_DMM;PAUL_AEG,Aetius;Dioscorides;Paul
αλιμον αλυκον,ἄλιμον ἁλυκόν,αλιμον αλυκον,1,1,ORIB_CM,Oribasius
αλιξ,ἄλιξ,αλιξ,1,1,DIOSC_DMM,Dioscorides
αλισμα,ἄλισμα,αλισμα,3,3,AET_LM;DIOSC_DMM;GAL_SMT,Aetius;Dioscorides;Galen
αλκαιας,ἀλκαίας,αλκαιας,1,1,DIOSC_DMM,Dioscorides
αλκεα,Ἀλκέα,αλκεα,1,1,PAUL_AEG,Paul
αλκη,ἅλκη,αλκη,1,1,DIOSC_DMM,Dioscorides
αλκι,ἄλκι,αλκι,1,1,DIOSC_DMM,Dioscorides
αλκιβιαδειον,Ἀλκιβιάδειον,αλκιβιαδειον,4,4,DIOSC_DMM;ORIB_CM;PAUL_AEG,Dioscorides;Oribasius;Paul
αλκιβιαδειος,Ἀλκιβιάδειος,αλκιβιαδειος,2,2,GAL_SMT;ORIB_CM,Galen;Oribasius
αλκιβιαδειος,Ἀλκιβιάδειος,αλκιβιαδειος,1,1,PAUL_AEG,Paul
αλκιβιαδιον,ἀλκιβιάδιον,αλκιβιαδιον,1,1,AET_LM,Aetius
αλκυονιον,ἀλκυόνιον,αλκυονιον,10,10,AET_LM;DIOSC_DMM;GAL_SMT;ORIB_CM;PAUL_AEG,Aetius;Dioscorides;Galen;Oribasius;Paul
αλκυονιον,ἁλκυόνιον,αλκυονιον,2,2,DIOSC_DMM,Dioscorides
αλκυονιον,Ἀλκυόνιον,αλκυονιον,1,1,PAUL_AEG,Paul
αλμαια,ἁλμαία,αλμαια,2,2,DIOSC_DMM,Dioscorides
αλμας,ἁλμάς,αλμας,2,2,AET_LM;GAL_ALIM,Aetius;Galen
αλμη,ἅλμη,αλμη,23,23,AET_LM;DIOSC_DMM;GAL_ALIM;GAL_SMT;PAUL_AEG,Aetius;Dioscorides;Galen;Paul
αλμη αμιγης,ἅλμη ἀμιγής,αλμη αμιγης,1,1,PAUL_AEG,Paul
αλμη κολυμβαδων ελαιων,ἅλμη κολυμβάδων ἐλαίων,αλμη κολυμβαδων ελαιων,1,1,AET_LM,Aetius
αλμη μαινιδων,ἅλμη μαινίδων,αλμη μαινιδων,1,1,AET_LM,Aetius
αλμη μαινις,ἅλμη μαῖνις,αλμη μαινις,1,1,GAL_SMT,Galen
αλμη ταριχηρος ιχθυς,ἅλμη ταριχηρὸς ἰχθύς,αλμη ταριχηρος ιχθυς,1,1,GAL_SMT,Galen
αλμη ταριχηρος σιλουρος,ἅλμη ταριχηρὸς σίλουρος,αλμη ταριχηρος σιλουρος,1,1,GAL_SMT,Galen
αλμη ταριχηρων ιχθυων,ἅλμη ταριχηρῶν ἰχθύων,αλμη ταριχηρων ιχθυων,1,1,AET_LM,Aetius
αλμη ταριχηρων σιλουρων,ἅλμη ταριχηρῶν σιλούρων,αλμη ταριχηρων σιλουρων,1,1,AET_LM,Aetius
αλμη των κολυμβαδων ελαων,ἅλμη τῶν κολυμβάδων ἐλαῶν,αλμη των κολυμβαδων ελαων,1,1,PAUL_AEG,Paul
αλμη των ταριχηρων ιχθυων,ἅλμη τῶν ταριχηρῶν ἰχθύων,αλμη των ταριχηρων ιχθυων,1,1,PAUL_AEG,Paul
αλμυρις,ἁλμυρίς,αλμυρις,4,4,AET_LM;DIOSC_DMM;GAL_SMT,Aetius;Dioscorides;Galen
αλμυρωδης χυμος,ἁλμυρώδης χυμός,αλμυρωδης χυμος,1,1,GAL_SMT,Galen
αλξ,ἄλξ,αλξ,1,1,DIOSC_DMM,Dioscorides
αλοη,ἀλόη,αλοη,10,10,AET_LM;DIOSC_DMM;GAL_SMT;ORIB_CM,Aetius;Dioscorides;Galen;Oribasius
αλοη,ἀλόη,αλοη,1,1,PAUL_AEG,Paul
αλοη ινδικη,ἀλόη Ἰνδική,αλοη ινδικη,1,1,GAL_SMT,Galen
αλοη κατα ινδιαν,ἀλόη κατὰ Ἰνδίαν,αλοη κατα ινδιαν,1,1,GAL_SMT,Galen
αλοη κατα συριαν την μεγαλην,ἀλόη κατὰ Συρίαν τὴν μεγάλην,αλοη κατα συριαν την μεγαλην,1,1,GAL_SMT,Galen
αλος ανθος,ἁλὸς ἄνθος,αλος ανθος,3,3,AET_LM;GAL_SMT;PAUL_AEG,Aetius;Galen;Paul
αλος ανθους,ἁλὸς ἄνθους,αλος ανθους,1,1,DIOSC_DMM,Dioscorides
αλος αχνη,ἁλὸς ἄχνη,αλος αχνη,2,2,AET_LM;PAUL_AEG,Aetius;Paul
αλοσανθον,ἁλόσανθον,αλοσανθον,1,1,GAL_SMT,Galen
αλς,ἅλς,αλς,131,131,AET_LM;DIOSC_DMM;GAL_ALIM;GAL_SMT;ORIB_CM;PAUL_AEG,Aetius;Dioscorides;Galen;Oribasius;Paul
αλς ακαυστος,ἅλς ἄκαυστος,αλς ακαυστος,1,1,GAL_SMT,Galen
αλς αμμωνιακος,ἅλς ἀμμωνιακός,αλς αμμωνιακος,1,1,AET_LM,Aetius
αλς ανθος,ἅλς ἄνθος,αλς ανθος,1,1,GAL_SMT,Galen
αλς αφρωδης,ἅλς ἀφρώδης,αλς αφρωδης,1,1,DIOSC_DMM,Dioscorides
αλς αχνη,ἅλς ἄχνη,αλς αχνη,4,4,DIOSC_DMM;GAL_SMT,Dioscorides;Galen
αλς εκ γης,ἅλς ἐκ γῆς,αλς εκ γης,1,1,GAL_SMT,Galen
αλς εκ θαλασσης,ἅλς ἐκ θαλάσσης,αλς εκ θαλασσης,1,1,ORIB_CM,Oribasius
αλς θαλασσιος,ἅλς θαλάσσιος,αλς θαλασσιος,2,2,DIOSC_DMM,Dioscorides
αλς θαλαττιος,ἅλς θαλάττιος,αλς θαλαττιος,1,1,GAL_SMT,Galen
αλς καθαρτικος,ἅλς καθαρτικός,αλς καθαρτικος,1,1,DIOSC_DMM,Dioscorides
αλς κακαυμενος,ἅλς κακαυμένος,αλς κακαυμενος,1,1,AET_LM,Aetius
αλς κεκαυμενος,ἅλς κεκαυμένος,αλς κεκαυμενος,1,1,GAL_SMT,Galen
αλς κεκαυμενος,ἅλς κεκαυμένος,αλς κεκαυμενος,1,1,AET_LM,Aetius
αλς οπτος,ἅλς ὀπτός,αλς οπτος,1,1,DIOSC_DMM,Dioscorides
αλς ορυκτος,ἅλς ὀρυκτός,αλς ορυκτος,5,5,AET_LM;DIOSC_DMM;GAL_SMT;ORIB_CM,Aetius;Dioscorides;Galen;Oribasius
αλς ορυκτος,ἅλς ὀρυκτός,αλς ορυκτος,1,1,PAUL_AEG,Paul
αλς σκευαστος,ἅλς σκευαστός,αλς σκευαστος,1,1,GAL_ALIM,Galen
αλς φρυκτος λειος,ἅλς φρυκτός λεῖος,αλς φρυκτος λειος,1,1,DIOSC_DMM,Dioscorides
αλσινη,ἀλσίνη,αλσινη,3,3,AET_LM;DIOSC_DMM;GAL_SMT,Aetius;Dioscorides;Galen
αλσινη,ἀλσίνη,αλσινη,1,1,PAUL_AEG,Paul
αλσινη,Ἀλσίνη,αλσινη,2,2,ORIB_CM;PAUL_AEG,Oribasius;Paul
αλυκος χυμος,ἁλυκὸς χυμός,αλυκος χυμος,2,2,AET_LM,Aetius
αλυπον,ἄλυπον,αλυπον,2,2,DIOSC_DMM;PAUL_AEG,Dioscorides;Paul
αλυπος,ἄλυπος,αλυπος,1,1,GAL_SMT,Galen
αλυσσον,ἄλυσσον,αλυσσον,5,5,AET_LM;DIOSC_DMM;GAL_SMT;ORIB_CM;PAUL_AEG,Aetius;Dioscorides;Galen;Oribasius;Paul
αλφιτον,ἀλφίτον,αλφιτον,2,2,DIOSC_DMM,Dioscorides
αλφιτον,ἄλφιτον,αλφιτον,71,71,AET_LM;DIOSC_DMM;GAL_ALIM;GAL_SMT;ORIB_CM;PAUL_AEG,Aetius;Dioscorides;Galen;Oribasius;Paul
αλφιτου παλη,ἀλφίτου πάλῃ,αλφιτου παλη,1,1,DIOSC_DMM,Dioscorides
αλωπεκος πνευμων,ἀλώπεκος πνεύμων,αλωπεκος πνευμων,1,1,DIOSC_DMM,Dioscorides
αλωπεκος πνευμων,ἀλώπεκος πνεύμων,αλωπεκος πνευμων,1,1,AET_LM,Aetius
αλωπεκων στεαρ,ἀλωπέκων στέαρ,αλωπεκων στεαρ,1,1,GAL_SMT,Galen
αλωπηξ,ἀλώπηξ,αλωπηξ,6,6,AET_LM;DIOSC_DMM;GAL_SMT;PAUL_AEG,Aetius;Dioscorides;Galen;Paul
αμανιτης,ἀμανίτης,αμανιτης,1,1,GAL_ALIM,Galen
αμαρακινον μυρον,ἀμαρακίνον μύρον,αμαρακινον μυρον,1,1,DIOSC_DMM,Dioscorides
αμαρακινον μυρον,ἀμαρακῖνον μύρον,αμαρακινον μυρον,1,1,GAL_SMT,Galen
αμαρακινου δε ανθους,ἀμαρακίνου δὲ ἄνθους,αμαρακινου δε ανθους,1,1,DIOSC_DMM,Dioscorides
αμαρακον,ἀμάρακον,αμαρακον,6,6,AET_LM;DIOSC_DMM;GAL_SMT;PAUL_AEG,Aetius;Dioscorides;Galen;Paul
αμαρακον,ἄμαρακον,αμαρακον,1,1,ORIB_CM,Oribasius
αμαρακος,ἀμάρακος,αμαρακος,3,3,AET_LM;DIOSC_DMM,Aetius;Dioscorides
αμαρακου σπερματος,ἀμαράκου σπέρματος,αμαρακου σπερματος,1,1,AET_LM,Aetius
αμαραντον,ἀμάραντον,αμαραντον,5,5,AET_LM;DIOSC_DMM;GAL_SMT;ORIB_CM;PAUL_AEG,Aetius;Dioscorides;Galen;Oribasius;Paul
αμαραντον,ἀμάραντον,αμαραντον,1,1,PAUL_AEG,Paul
αμβροσια,ἀμβροσία,αμβροσια,6,6,AET_LM;DIOSC_DMM;GAL_SMT;ORIB_CM,Aetius;Dioscorides;Galen;Oribasius
αμβροσια,ἀμβροσία,αμβροσια,2,2,PAUL_AEG,Paul
αμερσινη,ἀμερσίνη,αμερσινη,1,1,DIOSC_DMM,Dioscorides
αμεως,ἄμεως,αμεως,1,1,AET_LM,Aetius
αμεως το σπερμα,Ἄμεως τὸ σπέρμα,αμεως το σπερμα,1,1,AET_LM,Aetius
αμι,ἄμι,αμι,5,5,AET_LM;DIOSC_DMM;GAL_SMT;ORIB_CM;PAUL_AEG,Aetius;Dioscorides;Galen;Oribasius;Paul
αμια,ἀμία,αμια,1,1,AET_LM,Aetius
αμιαντον,ἀμίαντον,αμιαντον,1,1,PAUL_AEG,Paul
αμικτος γη,ἄμικτος γῆ,αμικτος γη,1,1,ORIB_CM,Oribasius
αμινναια,Ἀμινναία,αμινναια,1,1,DIOSC_DMM,Dioscorides
αμινναιος,Ἀμινναῖος,αμινναιος,1,1,DIOSC_DMM,Dioscorides
αμμι,ἄμμι,αμμι,1,1,DIOSC_DMM,Dioscorides
αμμος,ἄμμος,αμμος,4,4,DIOSC_DMM;PAUL_AEG,Dioscorides;Paul
αμμωνιακον,ἀμμωνιακόν,αμμωνιακον,9,9,AET_LM;DIOSC_DMM;GAL_SMT;ORIB_CM;PAUL_AEG,Aetius;Dioscorides;Galen;Oribasius;Paul
αμμωνιακον θυμιαμα,ἀμμωνιακὸν θυμίαμα,αμμωνιακον θυμιαμα,1,1,PAUL_AEG,Paul
αμμωνιακον λεπτον,ἀμμωνιακόν λεπτόν,αμμωνιακον λεπτον,1,1,PAUL_AEG,Paul
αμμωνιακος,ἀμμωνιακός,αμμωνιακος,1,1,DIOSC_DMM,Dioscorides
αμμωνιακος αλς,ἀμμωνιακὸς ἅλς,αμμωνιακος αλς,2,2,AET_LM;DIOSC_DMM,Aetius;Dioscorides
αμοργη,ἀμόργη,αμοργη,6,6,AET_LM;DIOSC_DMM;GAL_SMT,Aetius;Dioscorides;Galen
αμοργη,Ἀμόργη,αμοργη,1,1,ORIB_CM,Oribasius
αμοργη,Ἀμόργη,αμοργη,1,1,PAUL_AEG,Paul
αμπαρ,ἄμπαρ,αμπαρ,1,1,AET_LM,Aetius
αμπελιτις,ἀμπελίτις,αμπελιτις,1,1,ORIB_CM,Oribasius
αμπελιτις,ἀμπελῖτις,αμπελιτις,1,1,PAUL_AEG,Paul
αμπελιτις γη,ἀμπελίτις γῆ,αμπελιτις γη,1,1,DIOSC_DMM,Dioscorides
αμπελιτις γη,ἀμπελῖτις γῆ,αμπελιτις γη,3,3,AET_LM;GAL_SMT;ORIB_CM,Aetius;Galen;Oribasius
αμπελοκαρπον,ἀμπελόκαρπον,αμπελοκαρπον,1,1,DIOSC_DMM,Dioscorides
αμπελοπρασον,ἀμπελόπρασον,αμπελοπρασον,5,5,AET_LM;DIOSC_DMM;GAL_ALIM;ORIB_CM;PAUL_AEG,Aetius;Dioscorides;Galen;Oribasius;Paul
αμπελοπρασον,ἀμπελόπρασον,αμπελοπρασον,1,1,GAL_SMT,Galen
αμπελος,ἄμπελος,αμπελος,37,37,AET_LM;DIOSC_DMM;GAL_ALIM;GAL_SMT;ORIB_CM;PAUL_AEG,Aetius;Dioscorides;Galen;Oribasius;Paul
αμπελος αγρια,ἄμπελος ἀγρία,αμπελος αγρια,6,6,DIOSC_DMM;GAL_SMT;PAUL_AEG,Dioscorides;Galen;Paul
αμπελος αγρια,ἄμπελος ἀγρία,αμπελος αγρια,1,1,ORIB_CM,Oribasius
αμπελος αγρια,ἄμπελος ἄγρια,αμπελος αγρια,1,1,GAL_SMT,Galen
αμπελος ημερος,ἄμπελος ἥμερος,αμπελος ημερος,3,3,DIOSC_DMM;GAL_SMT;PAUL_AEG,Dioscorides;Galen;Paul
αμπελος λευκη,ἄμπελος λευκή,αμπελος λευκη,7,7,AET_LM;DIOSC_DMM;GAL_SMT;ORIB_CM;PAUL_AEG,Aetius;Dioscorides;Galen;Oribasius;Paul
αμπελος μελαινα,ἄμπελος μέλαινα,αμπελος μελαινα,4,4,DIOSC_DMM;GAL_SMT;ORIB_CM;PAUL_AEG,Dioscorides;Galen;Oribasius;Paul
αμπελος οινοφορος,ἄμπελος οἰνοφόρος,αμπελος οινοφορος,2,2,DIOSC_DMM,Dioscorides
αμπελος χειρωνιος,ἄμπελος χειρώνιος,αμπελος χειρωνιος,1,1,DIOSC_DMM,Dioscorides
αμπελου οινοφορου αι ελικες,ἀμπέλου οἰνοφόρου αἱ ἕλικες,αμπελου οινοφορου αι ελικες,1,1,DIOSC_DMM,Dioscorides
αμπελου οινοφορου τα φυλλα,ἀμπέλου οἰνοφόρου τὰ φύλλα,αμπελου οινοφορου τα φυλλα,1,1,DIOSC_DMM,Dioscorides
αμπελου φυλλοις,ἀμπέλου φύλλοις,αμπελου φυλλοις,1,1,DIOSC_DMM,Dioscorides
αμυγδαλη,ἀμυγδάλη,αμυγδαλη,7,7,AET_LM;DIOSC_DMM;GAL_SMT,Aetius;Dioscorides;Galen
αμυγδαλη,ἀμυγδαλή,αμυγδαλη,4,4,DIOSC_DMM,Dioscorides
αμυγδαλη πικρα,ἀμυγδάλη πικρά,αμυγδαλη πικρα,7,7,AET_LM;DIOSC_DMM;GAL_SMT,Aetius;Dioscorides;Galen
αμυγδαλης πικρας ριζα,ἀμυγδάλης πικρᾶς ῥίζα,αμυγδαλης πικρας ριζα,1,1,DIOSC_DMM,Dioscorides
αμυγδαλινον,ἀμυγδαλινόν,αμυγδαλινον,1,1,GAL_SMT,Galen
αμυγδαλινον,ἀμυγδαλῖνον,αμυγδαλινον,1,1,DIOSC_DMM,Dioscorides
αμυγδαλινον ελαιον,ἀμυγδάλινον ἔλαιον,αμυγδαλινον ελαιον,1,1,DIOSC_DMM,Dioscorides
αμυγδαλινος,ἀμυγδάλινος,αμυγδαλινος,1,1,ORIB_CM,Oribasius
αμυγδαλιτης,ἀμυγδαλίτης,αμυγδαλιτης,1,1,DIOSC_DMM,Dioscorides
αμυγδαλον,ἀμύγδαλον,αμυγδαλον,12,12,AET_LM;DIOSC_DMM;GAL_SMT;ORIB_CM;PAUL_AEG,Aetius;Dioscorides;Galen;Oribasius;Paul
αμυγδαλον γλυκυ,ἀμύγδαλον γλυκύ,αμυγδαλον γλυκυ,2,2,GAL_SMT;PAUL_AEG,Galen;Paul
αμυγδαλον πικρον,ἀμύγδαλον πικρόν,αμυγδαλον πικρον,8,8,AET_LM;DIOSC_DMM;GAL_SMT;ORIB_CM;PAUL_AEG,Aetius;Dioscorides;Galen;Oribasius;Paul
αμυγδαλος,ἀμύγδαλος,αμυγδαλος,2,2,DIOSC_DMM,Dioscorides
αμυλον,ἄμυλον,αμυλον,9,9,AET_LM;DIOSC_DMM;GAL_ALIM;ORIB_CM;PAUL_AEG,Aetius;Dioscorides;Galen;Oribasius;Paul
αμφιεσμα,ἀμφίεσμα,αμφιεσμα,3,3,AET_LM;GAL_SMT;ORIB_CM,Aetius;Galen;Oribasius
αμωμις,ἀμωμίς,αμωμις,1,1,DIOSC_DMM,Dioscorides
αμωμιτης,ἀμωμίτης,αμωμιτης,1,1,DIOSC_DMM,Dioscorides
αμωμον,ἄμωμον,αμωμον,11,11,AET_LM;DIOSC_DMM;GAL_SMT;PAUL_AEG,Aetius;Dioscorides;Galen;Paul
αμωμον,Ἄμωμον,αμωμον,1,1,ORIB_CM,Oribasius
αμωμου φυλλον,ἀμώμου φύλλον,αμωμου φυλλον,1,1,AET_LM,Aetius
αναβασιον,ἀναβάσιον,αναβασιον,1,1,DIOSC_DMM,Dioscorides
αναβραστον υδωρ,ἀναβραστὸν ὕδωρ,αναβραστον υδωρ,1,1,DIOSC_DMM,Dioscorides
αναγαλλις,ἀναγαλλίς,αναγαλλις,8,8,AET_LM;DIOSC_DMM;GAL_SMT;ORIB_CM;PAUL_AEG,Aetius;Dioscorides;Galen;Oribasius;Paul
αναγαλλις κυανεα,ἀναγαλλίς κυανέα,αναγαλλις κυανεα,1,1,DIOSC_DMM,Dioscorides
αναγυρις,ἀνάγυρις,αναγυρις,1,1,ORIB_CM,Oribasius
αναγυρος,ἀνάγυρος,αναγυρος,3,3,DIOSC_DMM;GAL_SMT;PAUL_AEG,Dioscorides;Galen;Paul
αναδενδρομαλαχη,ἀναδενδρομαλάχη,αναδενδρομαλαχη,2,2,AET_LM;ORIB_CM,Aetius;Oribasius
αναξυρις,ἀναξυρίς,αναξυρις,1,1,DIOSC_DMM,Dioscorides
αναρρινον,ἀνάρρινον,αναρρινον,2,2,DIOSC_DMM;PAUL_AEG,Dioscorides;Paul
αναρρινον,ἀνάῤῥινον,αναρρινον,1,1,GAL_SMT,Galen
ανδραφαξυος,ἀνδραφάξυος,ανδραφαξυος,1,1,DIOSC_DMM,Dioscorides
ανδραφαξυς,ἀνδράφαξυς,ανδραφαξυς,1,1,DIOSC_DMM,Dioscorides
ανδραχνη,ἀνδράχνη,ανδραχνη,14,14,AET_LM;DIOSC_DMM;GAL_SMT;PAUL_AEG,Aetius;Dioscorides;Galen;Paul
ανδραχνη,ἀνδράχνη,ανδραχνη,1,1,PAUL_AEG,Paul
ανδραχνη,Ἀνδράχνη,ανδραχνη,1,1,ORIB_CM,Oribasius
ανδραχνη αγρια,ἀνδράχνη ἀγρία,ανδραχνη αγρια,3,3,DIOSC_DMM,Dioscorides
ανδροσαιμον,ἀνδρόσαιμον,ανδροσαιμον,7,7,AET_LM;DIOSC_DMM;GAL_SMT;PAUL_AEG,Aetius;Dioscorides;Galen;Paul
ανδροσαιμον,ἀνδρόσαιμον,ανδροσαιμον,2,2,PAUL_AEG,Paul
ανδροσαιμον,Ἀνδρόσαιμον,ανδροσαιμον,1,1,ORIB_CM,Oribasius
ανδροσακες,ἀνδρόσακες,ανδροσακες,3,3,DIOSC_DMM;GAL_SMT;PAUL_AEG,Dioscorides;Galen;Paul
ανδροσακες,Ἀνδρόσακες,ανδροσακες,1,1,ORIB_CM,Oribasius
ανεμωνη,ἀνεμώνη,ανεμωνη,10,10,AET_LM;DIOSC_DMM;GAL_SMT;ORIB_CM;PAUL_AEG,Aetius;Dioscorides;Galen;Oribasius;Paul
ανεμωνη,ἀνεμώνη,ανεμωνη,1,1,PAUL_AEG,Paul
ανεμωνη αγρια,ἀνεμώνη ἀγρία,ανεμωνη αγρια,1,1,DIOSC_DMM,Dioscorides
ανεμωνη ημερος,ἀνεμώνη ἥμερος,ανεμωνη ημερος,1,1,DIOSC_DMM,Dioscorides
ανηθινον ελαιον,ἀνήθινον ἔλαιον,ανηθινον ελαιον,1,1,AET_LM,Aetius
ανηθον,ἄνηθον,ανηθον,32,32,AET_LM;DIOSC_DMM;GAL_ALIM;GAL_SMT;ORIB_CM;PAUL_AEG,Aetius;Dioscorides;Galen;Oribasius;Paul
ανηθον ξηρον,ἄνηθον ξηρόν,ανηθον ξηρον,1,1,DIOSC_DMM,Dioscorides
ανηθος,ἄνηθος,ανηθος,1,1,AET_LM,Aetius
ανηθου ανθος,ἀνήθου ἄνθος,ανηθου ανθος,1,1,DIOSC_DMM,Dioscorides
ανηθου ριζης,ἀνήθου ῥίζης,ανηθου ριζης,2,2,AET_LM;GAL_SMT,Aetius;Galen
ανηθου σπερματος,ἀνήθου σπέρματος,ανηθου σπερματος,1,1,DIOSC_DMM,Dioscorides
ανησον,ἄνησον,ανησον,4,4,DIOSC_DMM,Dioscorides
ανησσον,ἄνησσον,ανησσον,2,2,DIOSC_DMM,Dioscorides
ανθει,ἄνθει,ανθει,6,6,AET_LM;DIOSC_DMM;GAL_SMT;ORIB_CM;PAUL_AEG,Aetius;Dioscorides;Galen;Oribasius;Paul
ανθει οριγανω,ἄνθει ὀριγάνῳ,ανθει οριγανω,1,1,DIOSC_DMM,Dioscorides
ανθεμις,ἀνθέμις,ανθεμις,1,1,AET_LM,Aetius
ανθεμις,ἀνθεμίς,ανθεμις,8,8,AET_LM;DIOSC_DMM;GAL_SMT;ORIB_CM,Aetius;Dioscorides;Galen;Oribasius
ανθεμις,ἀνθεμίς,ανθεμις,1,1,PAUL_AEG,Paul
ανθερικον,ἀνθερικόν,ανθερικον,1,1,DIOSC_DMM,Dioscorides
ανθερικος,ἀνθερικός,ανθερικος,1,1,DIOSC_DMM,Dioscorides
ανθεσι,ἄνθεσι,ανθεσι,2,2,DIOSC_DMM;GAL_SMT,Dioscorides;Galen
ανθεσιν,ἄνθεσιν,ανθεσιν,4,4,AET_LM;DIOSC_DMM;GAL_SMT,Aetius;Dioscorides;Galen
ανθεων,ἀνθέων,ανθεων,1,1,DIOSC_DMM,Dioscorides
ανθη,ἄνθη,ανθη,87,86,AET_LM;DIOSC_DMM;GAL_SMT;ORIB_CM;PAUL_AEG,Aetius;Dioscorides;Galen;Oribasius;Paul
ανθη πταρμικης,ἄνθη πταρμικῆς,ανθη πταρμικης,2,2,GAL_SMT;ORIB_CM,Galen;Oribasius
ανθηλη,ἀνθήλη,ανθηλη,1,1,DIOSC_DMM,Dioscorides
ανθηλην,ἀνθήλην,ανθηλην,1,1,DIOSC_DMM,Dioscorides
ανθηλην,ἀνθήλην,ανθηλην,1,1,GAL_SMT,Galen
ανθος,ἄνθος,ανθος,106,106,AET_LM;DIOSC_DMM;GAL_SMT;ORIB_CM;PAUL_AEG,Aetius;Dioscorides;Galen;Oribasius;Paul
ανθος αγριας ροας,ἄνθος ἀγρίας ῥόας,ανθος αγριας ροας,1,1,DIOSC_DMM,Dioscorides
ανθος αγριας ροιας,ἄνθος ἀγρίας ῥοιᾶς,ανθος αγριας ροιας,2,2,GAL_SMT;PAUL_AEG,Galen;Paul
ανθος αλος,ἄνθος ἁλός,ανθος αλος,1,1,DIOSC_DMM,Dioscorides
ανθος ασκιου λιθου,ἄνθος Ἀσκίου λίθου,ανθος ασκιου λιθου,1,1,DIOSC_DMM,Dioscorides
ανθος βατου,ἄνθος βάτου,ανθος βατου,1,1,GAL_SMT,Galen
ανθος εμπορφυρον,ἄνθος ἐμπόρφυρον,ανθος εμπορφυρον,1,1,AET_LM,Aetius
ανθος θυμου του σκληροτερου,ἄνθος θύμου τοῦ σκληροτέρου,ανθος θυμου του σκληροτερου,1,1,DIOSC_DMM,Dioscorides
ανθος της λεπιδος,ἄνθος τῆς λεπίδος,ανθος της λεπιδος,1,1,DIOSC_DMM,Dioscorides
ανθος των ροδων,ἄνθος τῶν ῥόδων,ανθος των ροδων,1,1,ORIB_CM,Oribasius
ανθος χαλκου,ἄνθος χαλκοῦ,ανθος χαλκου,3,3,DIOSC_DMM;ORIB_CM,Dioscorides;Oribasius
ανθους,ἄνθους,ανθους,7,7,AET_LM;DIOSC_DMM;GAL_SMT,Aetius;Dioscorides;Galen
ανθους κυπρου,ἄνθους κύπρου,ανθους κυπρου,1,1,DIOSC_DMM,Dioscorides
ανθρακια,ἀνθρακιά,ανθρακια,1,1,DIOSC_DMM,Dioscorides
ανθραξ,ἄνθραξ,ανθραξ,27,27,AET_LM;DIOSC_DMM;GAL_SMT,Aetius;Dioscorides;Galen
ανθρωπεια κοπρος,ἀνθρωπεία κόπρος,ανθρωπεια κοπρος,3,3,AET_LM;GAL_SMT,Aetius;Galen
ανθρωπειον αιμα,ἀνθρώπειον αἷμα,ανθρωπειον αιμα,1,1,GAL_SMT,Galen
ανθρωπειον ουρον,ἀνθρώπειον οὖρον,ανθρωπειον ουρον,1,1,GAL_SMT,Galen
ανθρωπειος κοπρος,ἀνθρώπειος κόπρος,ανθρωπειος κοπρος,1,1,AET_LM,Aetius
ανθρωπειος ρυπος,ἀνθρώπειος ῥύπος,ανθρωπειος ρυπος,1,1,GAL_SMT,Galen
ανθρωπος,ἄνθρωπος,ανθρωπος,1,1,GAL_SMT,Galen
ανθυλλια,ἀνθύλλια,ανθυλλια,1,1,DIOSC_DMM,Dioscorides
ανθυλλιον,ἀνθύλλιον,ανθυλλιον,1,1,DIOSC_DMM,Dioscorides
ανθυλλιος,ἀνθύλλιος,ανθυλλιος,1,1,ORIB_CM,Oribasius
ανθυλλιος,Ἀνθύλλιος,ανθυλλιος,1,1,PAUL_AEG,Paul
ανθυλλις,ἀνθυλλίς,ανθυλλις,2,2,DIOSC_DMM;GAL_SMT,Dioscorides;Galen
ανθων,ἀνθῶν,ανθων,4,4,DIOSC_DMM;GAL_SMT;PAUL_AEG,Dioscorides;Galen;Paul
ανθων της ναρκισσου,ἀνθῶν τῆς ναρκίσσου,ανθων της ναρκισσου,1,1,AET_LM,Aetius
ανθων της χαμαιμηλου,ἀνθῶν τῆς χαμαιμήλου,ανθων της χαμαιμηλου,1,1,AET_LM,Aetius
ανθων του ιου,ἀνθῶν τοῦ ἴου,ανθων του ιου,2,2,AET_LM,Aetius
ανισον,ἄνισον,ανισον,8,8,AET_LM;GAL_SMT;PAUL_AEG,Aetius;Galen;Paul
ανισον σπερματα,ἄνισον σπέρματα,ανισον σπερματα,1,1,AET_LM,Aetius
ανισου το σπερμα,ἀνίσου τὸ σπέρμα,ανισου το σπερμα,1,1,AET_LM,Aetius
ανισου το σπερμα,ἀνίσου τὸ σπέρμα,ανισου το σπερμα,1,1,GAL_SMT,Galen
ανισου το σπερμα,Ἀνίσου τὸ σπέρμα,ανισου το σπερμα,1,1,PAUL_AEG,Paul
αννησον,ἄννησον,αννησον,1,1,ORIB_CM,Oribasius
αννησου σπερμα,Ἀννήσου σπέρμα,αννησου σπερμα,1,1,ORIB_CM,Oribasius
ανσσον,ἄνσσον,ανσσον,1,1,DIOSC_DMM,Dioscorides
αντιθεσιον,ἀντιθέσιον,αντιθεσιον,1,1,DIOSC_DMM,Dioscorides
αντικυραικος ελλεβορος,ἀντικυραϊκός ἑλλέβορος,αντικυραικος ελλεβορος,1,1,ORIB_CM,Oribasius
αντικυρικος,Ἀντικυρικός,αντικυρικος,1,1,DIOSC_DMM,Dioscorides
αντικυρικος ελλεβορος,Ἀντικυρικός ἐλλέβορος,αντικυρικος ελλεβορος,1,1,GAL_SMT,Galen
αντιμιμον,ἀντίμιμον,αντιμιμον,1,1,DIOSC_DMM,Dioscorides
αντιπαθες κουραλιον,ἀντιπαθὲς κουράλιον,αντιπαθες κουραλιον,1,1,DIOSC_DMM,Dioscorides
αντιρρινον,ἀντίρρινον,αντιρρινον,2,2,DIOSC_DMM;PAUL_AEG,Dioscorides;Paul
αντιρριον,ἀντίρριον,αντιρριον,1,1,GAL_SMT,Galen
ανυδρον,ἄνυδρον,ανυδρον,1,1,DIOSC_DMM,Dioscorides
ανωθεν ριζα,ἄνωθεν ῥίζα,ανωθεν ριζα,1,1,DIOSC_DMM,Dioscorides
ανωνις,ἀνωνίς,ανωνις,1,1,DIOSC_DMM,Dioscorides
ανωνις,ἄνωνις,ανωνις,1,1,PAUL_AEG,Paul
αξαλις,ἀξαλίς,αξαλις,1,1,DIOSC_DMM,Dioscorides
αξουγγιον,ἀξούγγιον,αξουγγιον,1,1,GAL_SMT,Galen
αξυκρατον,ἀξυκράτον,αξυκρατον,1,1,DIOSC_DMM,Dioscorides
αξυλαπαθον,ἀξυλάπαθον,αξυλαπαθον,1,1,DIOSC_DMM,Dioscorides
απαλοι κλωνες,ἁπαλοὶ κλῶνες,απαλοι κλωνες,1,1,GAL_SMT,Galen
απαλοις φυλλοις,ἁπαλοῖς φύλλοις,απαλοις φυλλοις,1,1,GAL_SMT,Galen
απαλος πετραιος,ἁπαλὸς πετραῖος,απαλος πετραιος,1,1,PAUL_AEG,Paul
απαρινη,ἀπαρίνη,απαρινη,8,8,AET_LM;DIOSC_DMM;GAL_SMT;ORIB_CM;PAUL_AEG,Aetius;Dioscorides;Galen;Oribasius;Paul
απαρινη,ἀπαρίνη,απαρινη,1,1,PAUL_AEG,Paul
απιον,ἄπιον,απιον,4,4,AET_LM;DIOSC_DMM;ORIB_CM,Aetius;Dioscorides;Oribasius
απιος,ἄπιος,απιος,13,13,AET_LM;DIOSC_DMM;GAL_ALIM;GAL_SMT;ORIB_CM;PAUL_AEG,Aetius;Dioscorides;Galen;Oribasius;Paul
απιου ακρεμονες,Ἀπίου ἀκρέμονες,απιου ακρεμονες,1,1,ORIB_CM,Oribasius
απιου ακρεμουες,ἀπίου ἀκρέμουες,απιου ακρεμουες,1,1,GAL_SMT,Galen
απιου καρπος,Ἀπίου καρπός,απιου καρπος,1,1,ORIB_CM,Oribasius
απιου φυλλα,ἀπίου φύλλα,απιου φυλλα,1,1,GAL_SMT,Galen
απιου φυλλα,Ἀπίου φύλλα,απιου φυλλα,1,1,ORIB_CM,Oribasius
απλον φαρμακον,ἁπλὸν φάρμακον,απλον φαρμακον,1,1,GAL_SMT,Galen
απλον φαρμακον,ἁπλὸν φάρμακον,απλον φαρμακον,1,1,GAL_SMT,Galen
απλους καδμεια,ἁπλοῦς καδμεία,απλους καδμεια,1,1,DIOSC_DMM,Dioscorides
αποκυνον,ἀπόκυνον,αποκυνον,4,4,DIOSC_DMM;GAL_SMT;ORIB_CM;PAUL_AEG,Dioscorides;Galen;Oribasius;Paul
απολινον,ἀπόλινον,απολινον,1,1,DIOSC_DMM,Dioscorides
αποπατημα,ἀποπάτημα,αποπατημα,2,2,GAL_SMT,Galen
αποπατημα,ἀπόπατημα,αποπατημα,1,1,AET_LM,Aetius
αποπατημα ανθρωπος,ἀπόπατημα ἄνθρωπος,αποπατημα ανθρωπος,1,1,AET_LM,Aetius
αποπατημα μυων,ἀποπάτημα μυῶν,αποπατημα μυων,1,1,GAL_SMT,Galen
αποπατος,ἀπόπατος,αποπατος,2,2,DIOSC_DMM;GAL_SMT,Dioscorides;Galen
αποπατος αγριων περιστερων,ἀπόπατος ἀγρίων περιστερῶν,αποπατος αγριων περιστερων,1,1,GAL_SMT,Galen
αποπατος βοος νομαδος,ἀπόπατος βοός νομάδος,αποπατος βοος νομαδος,1,1,DIOSC_DMM,Dioscorides
αποφυσεις,ἀποφύσεις,αποφυσεις,1,1,DIOSC_DMM,Dioscorides
αποχυμα,ἀπόχυμα,αποχυμα,1,1,PAUL_AEG,Paul
απτερος ακρις,ἄπτερος ἀκρίς,απτερος ακρις,1,1,PAUL_AEG,Paul
αραβικη μυροβαλανος,Ἀραβικὴ μυροβάλανος,αραβικη μυροβαλανος,1,1,DIOSC_DMM,Dioscorides
αραβικον ξυλον,ἀραβικὸν ξύλον,αραβικον ξυλον,1,1,DIOSC_DMM,Dioscorides
αραβικος,ἀραβικός,αραβικος,1,1,AET_LM,Aetius
αραβικος,Ἀραβικός,αραβικος,2,2,DIOSC_DMM;GAL_SMT,Dioscorides;Galen
αραβικος λιθος,ἀραβικὸς λίθος,αραβικος λιθος,1,1,DIOSC_DMM,Dioscorides
αραβικου ξυλου δακρυον,Ἀραβικοῦ ξύλου δάκρυόν,αραβικου ξυλου δακρυον,1,1,DIOSC_DMM,Dioscorides
αραβιος,αραβιος,αραβιος,1,1,PAUL_AEG,Paul
αραβιος,Ἀράβιος,αραβιος,1,1,GAL_SMT,Galen
αραβιος λιθος,Ἀράβιος λίθος,αραβιος λιθος,2,2,GAL_SMT;ORIB_CM,Galen;Oribasius
αρακος,ἄρακος,αρακος,2,2,AET_LM;GAL_ALIM,Aetius;Galen
αρας,ἄρας,αρας,1,1,DIOSC_DMM,Dioscorides
αραχνη,ἀράχνη,αραχνη,2,2,DIOSC_DMM;PAUL_AEG,Dioscorides;Paul
αραχος,ἄραχος,αραχος,1,1,GAL_ALIM,Galen
αργεμονη,ἀργεμόνη,αργεμονη,1,1,GAL_SMT,Galen
αργεμωνη,ἀργεμώνη,αργεμωνη,4,4,DIOSC_DMM;PAUL_AEG,Dioscorides;Paul
αργεμωνη,Ἀργεμώνη,αργεμωνη,1,1,ORIB_CM,Oribasius
αργεμωνη αρσην,ἀργεμώνη ἄρσην,αργεμωνη αρσην,1,1,DIOSC_DMM,Dioscorides
αργεμωνη ετερα,ἀργεμώνη ἑτέρα,αργεμωνη ετερα,1,1,DIOSC_DMM,Dioscorides
αργεμωνιαμ,ἀργεμώνιαμ,αργεμωνιαμ,1,1,DIOSC_DMM,Dioscorides
αργεμωνιον,ἀργεμώνιον,αργεμωνιον,2,2,DIOSC_DMM,Dioscorides
αργιλος,ἄργιλος,αργιλος,1,1,GAL_SMT,Galen
αργυριον,ἀργύριον,αργυριον,2,2,GAL_SMT,Galen
αργυριτις,ἀργυρίτις,αργυριτις,1,1,DIOSC_DMM,Dioscorides
αργυριτις,ἀργυρῖτις,αργυριτις,1,1,DIOSC_DMM,Dioscorides
αργυριτις γη,ἀργυρῖτις γῆ,αργυριτις γη,1,1,GAL_SMT,Galen
αργυριτις ψαμμος,ἀργυρίτις ψάμμος,αργυριτις ψαμμος,1,1,DIOSC_DMM,Dioscorides
αργυρος,ἄργυρος,αργυρος,9,9,AET_LM;DIOSC_DMM;GAL_SMT;PAUL_AEG,Aetius;Dioscorides;Galen;Paul
αρην,ἀρήν,αρην,1,1,AET_LM,Aetius
αρθογυιον,ἀρθόγυιον,αρθογυιον,1,1,DIOSC_DMM,Dioscorides
αριγανον,ἀρίγανον,αριγανον,1,1,DIOSC_DMM,Dioscorides
αριουσιος,Ἀριούσιος,αριουσιος,1,1,DIOSC_DMM,Dioscorides
αρισαρον,ἀρίσαρον,αρισαρον,2,2,DIOSC_DMM;GAL_SMT,Dioscorides;Galen
αρισαρον,ἀρίσαρον,αρισαρον,1,1,PAUL_AEG,Paul
αρισαρον,Ἀρίσαρον,αρισαρον,1,1,ORIB_CM,Oribasius
αριστη κασια,ἀρίστη κασία,αριστη κασια,1,1,GAL_SMT,Galen
αριστολοχεια,ἀριστολοχεία,αριστολοχεια,5,5,DIOSC_DMM;ORIB_CM,Dioscorides;Oribasius
αριστολοχειας ριζα,Ἀριστολοχείας ῥίζα,αριστολοχειας ριζα,1,1,ORIB_CM,Oribasius
αριστολοχια,ἀριστολοχία,αριστολοχια,6,6,AET_LM;DIOSC_DMM;GAL_SMT;PAUL_AEG,Aetius;Dioscorides;Galen;Paul
αριστολοχια επιμηκης,ἀριστολοχία ἐπιμήκης,αριστολοχια επιμηκης,1,1,DIOSC_DMM,Dioscorides
αριστολοχια κληματιτις,ἀριστολοχία κληματῖτις,αριστολοχια κληματιτις,1,1,PAUL_AEG,Paul
αριστολοχια μακρα,ἀριστολοχία μακρά,αριστολοχια μακρα,3,3,AET_LM;PAUL_AEG,Aetius;Paul
αριστολοχια στρογγυλη,ἀριστολοχία στρογγύλη,αριστολοχια στρογγυλη,1,1,PAUL_AEG,Paul
αριστολοχιας ριζα,ἀριστολοχίας ῥίζα,αριστολοχιας ριζα,2,2,AET_LM;GAL_SMT,Aetius;Galen
αρκειος,ἄρκειος,αρκειος,1,1,DIOSC_DMM,Dioscorides
αρκειος πνευμων,ἄρκειος πνεύμων,αρκειος πνευμων,1,1,DIOSC_DMM,Dioscorides
αρκευθις,ἀρκευθίς,αρκευθις,4,4,DIOSC_DMM,Dioscorides
αρκευθος,ἄρκευθος,αρκευθος,9,9,AET_LM;DIOSC_DMM;GAL_SMT;ORIB_CM;PAUL_AEG,Aetius;Dioscorides;Galen;Oribasius;Paul
αρκιον,ἄρκιον,αρκιον,2,2,DIOSC_DMM;PAUL_AEG,Dioscorides;Paul
αρκιον προσωπιτις,ἄρκιον προσωπῖτις,αρκιον προσωπιτις,1,1,PAUL_AEG,Paul
αρκου,ἄρκου,αρκου,1,1,DIOSC_DMM,Dioscorides
αρκτικος,ἀρκτικός,αρκτικος,1,1,GAL_SMT,Galen
αρκτιον,ἄρκτιον,αρκτιον,8,8,AET_LM;DIOSC_DMM;GAL_SMT;ORIB_CM;PAUL_AEG,Aetius;Dioscorides;Galen;Oribasius;Paul
αρκτος,ἄρκτος,αρκτος,2,2,AET_LM;GAL_SMT,Aetius;Galen
αρκτουρον,ἀρκτοῦρον,αρκτουρον,1,1,DIOSC_DMM,Dioscorides
αρκτων στεαρ,ἄρκτων στέαρ,αρκτων στεαρ,1,1,AET_LM,Aetius
αρκτων στεαρ,ἄρκτων στέαρ,αρκτων στεαρ,1,1,GAL_SMT,Galen
αρμαλα,ἁρμαλά,αρμαλα,2,2,AET_LM;DIOSC_DMM,Aetius;Dioscorides
αρμαλαν,ἁρμαλάν,αρμαλαν,1,1,PAUL_AEG,Paul
αρμας,ἁρμάς,αρμας,1,1,DIOSC_DMM,Dioscorides
αρμενια,Ἀρμενία,αρμενια,1,1,PAUL_AEG,Paul
αρμενια γη,Ἀρμενία γῆ,αρμενια γη,1,1,ORIB_CM,Oribasius
αρμενιακη βωλος,Ἀρμενιακὴ βῶλος,αρμενιακη βωλος,2,2,AET_LM,Aetius
αρμενιακον,ἀρμενιακόν,αρμενιακον,2,2,AET_LM;GAL_SMT,Aetius;Galen
αρμενιακον,Ἀρμενιακόν,αρμενιακον,4,4,AET_LM;GAL_ALIM;ORIB_CM;PAUL_AEG,Aetius;Galen;Oribasius;Paul
αρμενιακος,αρμενιακος,αρμενιακος,1,1,PAUL_AEG,Paul
αρμενικη βωλος,Ἀρμενικὴ βῶλος,αρμενικη βωλος,1,1,GAL_SMT,Galen
αρμενιον,Ἀρμένιον,αρμενιον,2,2,DIOSC_DMM;GAL_ALIM,Dioscorides;Galen
αρμενιος,Ἀρμένιος,αρμενιος,1,1,DIOSC_DMM,Dioscorides
αρμολαν,ἅρμολαν,αρμολαν,1,1,GAL_SMT,Galen
αρμορακιον,ἀρμοράκιον,αρμορακιον,1,1,DIOSC_DMM,Dioscorides
αρμουθεως λιθος,ἁρμούθεως λίθος,αρμουθεως λιθος,1,1,AET_LM,Aetius
αρναβω,ἀρνάβω,αρναβω,2,2,AET_LM,Aetius
αρναβω,ἀρναβώ,αρναβω,1,1,PAUL_AEG,Paul
αρνειος πνευμων,ἄρνειος πνεύμων,αρνειος πνευμων,1,1,DIOSC_DMM,Dioscorides
αρνογλωσσον,ἀρνογλώσσον,αρνογλωσσον,1,1,DIOSC_DMM,Dioscorides
αρνογλωσσον,ἀρνογλῶσσον,αρνογλωσσον,3,3,AET_LM;DIOSC_DMM,Aetius;Dioscorides
αρνογλωσσον,ἀρνόγλωσσον,αρνογλωσσον,4,4,AET_LM;DIOSC_DMM;GAL_SMT;ORIB_CM,Aetius;Dioscorides;Galen;Oribasius
αρνογλωσσον,ἀρνόγλωσσον,αρνογλωσσον,1,1,PAUL_AEG,Paul
αρνογλωσσον πλατυφυλλον,ἀρνογλώσσον πλατύφυλλον,αρνογλωσσον πλατυφυλλον,1,1,DIOSC_DMM,Dioscorides
αρνογλωσσος,ἀρνογλῶσσος,αρνογλωσσος,7,7,AET_LM;DIOSC_DMM;GAL_SMT,Aetius;Dioscorides;Galen
αρνυφιον,ἀρνύφιον,αρνυφιον,1,1,DIOSC_DMM,Dioscorides
αροβαγχη,ἀροβάγχη,αροβαγχη,1,1,DIOSC_DMM,Dioscorides
αροβινον αλευρον,ἀρόβινον ἄλευρον,αροβινον αλευρον,1,1,DIOSC_DMM,Dioscorides
αροβος,ἄροβος,αροβος,1,1,DIOSC_DMM,Dioscorides
αρον,ἄρον,αρον,16,16,AET_LM;DIOSC_DMM;GAL_SMT;ORIB_CM;PAUL_AEG,Aetius;Dioscorides;Galen;Oribasius;Paul
αρος,ἄρος,αρος,1,1,PAUL_AEG,Paul
αρου η ριζα,ἄρου ἡ ῥίζα,αρου η ριζα,1,1,AET_LM,Aetius
αρρενικον,ἀρρενικόν,αρρενικον,2,2,GAL_SMT,Galen
αρρενογονον,ἀρρενογόνον,αρρενογονον,1,1,DIOSC_DMM,Dioscorides
αρρην ελαφος,ἄρρην ἔλαφος,αρρην ελαφος,1,1,DIOSC_DMM,Dioscorides
αρσενικον,ἀρσενικόν,αρσενικον,8,8,AET_LM;DIOSC_DMM;PAUL_AEG,Aetius;Dioscorides;Paul
αρσενικον,Ἀρσενικόν,αρσενικον,1,1,ORIB_CM,Oribasius
αρσην,ἄρσην,αρσην,1,1,PAUL_AEG,Paul
αρτεμισια,ἀρτεμισία,αρτεμισια,6,6,AET_LM;DIOSC_DMM;GAL_SMT;PAUL_AEG,Aetius;Dioscorides;Galen;Paul
αρτεμισια,ἀρτεμισία,αρτεμισια,1,1,PAUL_AEG,Paul
αρτεμισια,Ἀρτεμισία,αρτεμισια,1,1,ORIB_CM,Oribasius
αρτεμισια ποα,ἀρτεμισία πόα,αρτεμισια ποα,1,1,GAL_SMT,Galen
αρτος,ἄρτος,αρτος,24,24,AET_LM;DIOSC_DMM;GAL_ALIM;GAL_SMT;ORIB_CM;PAUL_AEG,Aetius;Dioscorides;Galen;Oribasius;Paul
αρτος θερμος,ἄρτος θερμός,αρτος θερμος,2,2,DIOSC_DMM,Dioscorides
αρχεζωστις,ἀρχέζωστις,αρχεζωστις,1,1,DIOSC_DMM,Dioscorides
αρωμα,ἄρωμα,αρωμα,9,9,DIOSC_DMM;GAL_SMT;ORIB_CM,Dioscorides;Galen;Oribasius
αρωνια,ἀρωνία,αρωνια,1,1,DIOSC_DMM,Dioscorides
ασαρον,ἄσαρον,ασαρον,11,11,AET_LM;DIOSC_DMM;GAL_SMT;ORIB_CM;PAUL_AEG,Aetius;Dioscorides;Galen;Oribasius;Paul
ασαρον χαλδαικον,ἄσαρον χαλδαϊκόν,ασαρον χαλδαικον,1,1,AET_LM,Aetius
ασαρου ριζαι,Ἀσάρου ῥίζαι,ασαρου ριζαι,1,1,ORIB_CM,Oribasius
ασβεστος,ἀσβέστος,ασβεστος,1,1,DIOSC_DMM,Dioscorides
ασβεστος,ἄσβεστος,ασβεστος,8,8,AET_LM;DIOSC_DMM;GAL_SMT;PAUL_AEG,Aetius;Dioscorides;Galen;Paul
ασβολη,ἀσβόλη,ασβολη,3,3,DIOSC_DMM;GAL_SMT,Dioscorides;Galen
ασβολος,ἄσβολος,ασβολος,2,2,GAL_SMT;PAUL_AEG,Galen;Paul
ασειρακος,ἀσείρακος,ασειρακος,1,1,GAL_SMT,Galen
ασθενες δικταμνον,ἀσθενὲς δίκταμνον,ασθενες δικταμνον,1,1,GAL_SMT,Galen
ασθενες δικταμνον,ἀσθενὲς δικτάμνον,ασθενες δικταμνον,1,1,PAUL_AEG,Paul
ασιας πετρας ανθος,Ἀσίας πέτρας ἄνθος,ασιας πετρας ανθος,1,1,GAL_SMT,Galen
ασιτος πτυαλον,ἄσιτος πτύαλον,ασιτος πτυαλον,1,1,AET_LM,Aetius
ασιτος πτυελος,ἄσιτος πτύελος,ασιτος πτυελος,1,1,GAL_SMT,Galen
ασκαλαβωτης,ἀσκαλαβώτης,ασκαλαβωτης,2,2,GAL_SMT;PAUL_AEG,Galen;Paul
ασκληπειος παναξ,ἀσκληπειος πάναξ,ασκληπειος παναξ,1,1,PAUL_AEG,Paul
ασκληπιας,ἀσκληπιάς,ασκληπιας,3,3,DIOSC_DMM;GAL_SMT;PAUL_AEG,Dioscorides;Galen;Paul
ασκυροειδες,ἀσκυροειδές,ασκυροειδες,3,3,DIOSC_DMM;GAL_SMT;PAUL_AEG,Dioscorides;Galen;Paul
ασκυρον,ἄσκυρον,ασκυρον,7,7,DIOSC_DMM;GAL_SMT;ORIB_CM;PAUL_AEG,Dioscorides;Galen;Oribasius;Paul
ασουμεσλαβον,ἀσουμέσλαβον,ασουμεσλαβον,1,1,DIOSC_DMM,Dioscorides
ασπαλαθος,ἀσπάλαθος,ασπαλαθος,18,18,AET_LM;DIOSC_DMM;GAL_SMT;ORIB_CM,Aetius;Dioscorides;Galen;Oribasius
ασπαλαθος,ἀσπάλαθος,ασπαλαθος,1,1,PAUL_AEG,Paul
ασπαραγοι,ἀσπάραγοι,ασπαραγοι,1,1,DIOSC_DMM,Dioscorides
ασπαραγος,ἀσπάραγος,ασπαραγος,8,8,AET_LM;DIOSC_DMM;GAL_SMT;ORIB_CM;PAUL_AEG,Aetius;Dioscorides;Galen;Oribasius;Paul
ασπαραγος,ἀσπάραγος,ασπαραγος,2,2,AET_LM;PAUL_AEG,Aetius;Paul
ασπαραγος μυακανθινος,ἀσπάραγος μυακάνθινος,ασπαραγος μυακανθινος,3,3,AET_LM;ORIB_CM;PAUL_AEG,Aetius;Oribasius;Paul
ασπαραγος μυακανθινος,ἀσπάραγος μυακάνθινος,ασπαραγος μυακανθινος,1,1,PAUL_AEG,Paul
ασπαραγος πετραιος,ἀσπάραγος πετραῖος,ασπαραγος πετραιος,4,4,AET_LM;DIOSC_DMM;GAL_SMT;PAUL_AEG,Aetius;Dioscorides;Galen;Paul
ασπις,ἀσπίς,ασπις,1,1,PAUL_AEG,Paul
ασπληνον,ἄσπληνον,ασπληνον,4,4,DIOSC_DMM;GAL_SMT;PAUL_AEG,Dioscorides;Galen;Paul
ασπληνος,ἄσπληνος,ασπληνος,2,2,DIOSC_DMM;ORIB_CM,Dioscorides;Oribasius
ασσια πετρα,ασσια πετρα,ασσια πετρα,1,1,PAUL_AEG,Paul
ασσιας πετρας ανθος,Ἀσσίας πέτρας ἄνθος,ασσιας πετρας ανθος,1,1,ORIB_CM,Oribasius
ασσιον,ἄσσιον,ασσιον,1,1,DIOSC_DMM,Dioscorides
ασσιος,Ἄσσιος,ασσιος,1,1,GAL_SMT,Galen
ασσιφραγον,ἀσσίφραγον,ασσιφραγον,1,1,DIOSC_DMM,Dioscorides
αστακος,ἀστακός,αστακος,1,1,AET_LM,Aetius
ασταφις,ἀσταφίς,ασταφις,6,6,AET_LM;DIOSC_DMM;GAL_SMT;ORIB_CM;PAUL_AEG,Aetius;Dioscorides;Galen;Oribasius;Paul
ασταφις αγρια,ἀσταφίς ἀγρία,ασταφις αγρια,3,3,AET_LM;GAL_SMT;ORIB_CM,Aetius;Galen;Oribasius
ασταφις αγρια,Ἀσταφὶς ἀγρία,ασταφις αγρια,1,1,PAUL_AEG,Paul
ασταφις ημερος,ἀσταφίς ἥμερος,ασταφις ημερος,3,3,AET_LM;GAL_SMT;ORIB_CM,Aetius;Galen;Oribasius
ασταφις ημερος,Ἀσταφὶς ἥμερος,ασταφις ημερος,1,1,PAUL_AEG,Paul
ασταφις λευκη,ἀσταφίς λευκή,ασταφις λευκη,1,1,DIOSC_DMM,Dioscorides
αστηρ,ἀστήρ,αστηρ,11,11,AET_LM;DIOSC_DMM;GAL_SMT;ORIB_CM;PAUL_AEG,Aetius;Dioscorides;Galen;Oribasius;Paul
αστηρ,ἀστὴρ,αστηρ,1,1,PAUL_AEG,Paul
αστηρ αττικος,ἀστήρ ἀττικός,αστηρ αττικος,2,2,AET_LM;ORIB_CM,Aetius;Oribasius
αστηρ αττικος,ἀστήρ Ἀττικός,αστηρ αττικος,4,4,DIOSC_DMM;GAL_SMT;PAUL_AEG,Dioscorides;Galen;Paul
αστηρ αττικος,ἀστὴρ ἀττικός,αστηρ αττικος,1,1,PAUL_AEG,Paul
αστραγαλος,ἀστράγαλος,αστραγαλος,5,5,AET_LM;DIOSC_DMM;GAL_SMT;ORIB_CM,Aetius;Dioscorides;Galen;Oribasius
αστραγαλος,Ἀστράγαλος,αστραγαλος,1,1,PAUL_AEG,Paul
αστραγαλος θαμνισκος,ἀστράγαλος θαμνίσκος,αστραγαλος θαμνισκος,1,1,GAL_SMT,Galen
αστραγαλος θαμνισκος,Ἀστράγαλος θαμνίσκος,αστραγαλος θαμνισκος,1,1,PAUL_AEG,Paul
αστραγαλος υος,ἀστράγαλος ὑὸς,αστραγαλος υος,1,1,DIOSC_DMM,Dioscorides
αστραγαλωτος,ἀστραγαλωτός,αστραγαλωτος,2,2,GAL_SMT;ORIB_CM,Galen;Oribasius
ασυφη,ἀσύφη,ασυφη,1,1,DIOSC_DMM,Dioscorides
ασφαλτιον,ἀσφάλτιον,ασφαλτιον,4,4,AET_LM;DIOSC_DMM;GAL_SMT;ORIB_CM,Aetius;Dioscorides;Galen;Oribasius
ασφαλτιτιδος λιμνης υδωρ,ἀσφαλτίτιδος λίμνης ὕδωρ,ασφαλτιτιδος λιμνης υδωρ,1,1,AET_LM,Aetius
ασφαλτος,ἄσφαλτος,ασφαλτος,17,17,AET_LM;DIOSC_DMM;GAL_SMT;PAUL_AEG,Aetius;Dioscorides;Galen;Paul
ασφαλτος βαβυλωνιος,ἄσφαλτος Βαβυλώνιος,ασφαλτος βαβυλωνιος,1,1,DIOSC_DMM,Dioscorides
ασφαλτος ιουδαικη,ἄσφαλτος Ἰουδαική,ασφαλτος ιουδαικη,1,1,DIOSC_DMM,Dioscorides
ασφαλτος υγρα,ἄσφαλτος ὑγρά,ασφαλτος υγρα,1,1,DIOSC_DMM,Dioscorides
ασφαλτωδης,ἀσφαλτώδης,ασφαλτωδης,1,1,PAUL_AEG,Paul
ασφαραγος,ἀσφάραγος,ασφαραγος,1,1,GAL_SMT,Galen
ασφοδελος,ἀσφόδελος,ασφοδελος,7,7,AET_LM;DIOSC_DMM;GAL_SMT;ORIB_CM,Aetius;Dioscorides;Galen;Oribasius
ασφοδελος,ἀσφόδελος,ασφοδελος,1,1,PAUL_AEG,Paul
ασφοδελου η ριζα,Ἀσφοδέλου ἡ ῥίζα,ασφοδελου η ριζα,1,1,AET_LM,Aetius
ασφοδελου ριζα,Ἀσφοδέλου ῥίζα,ασφοδελου ριζα,2,2,ORIB_CM;PAUL_AEG,Oribasius;Paul
ατις,ἀτίς,ατις,1,1,DIOSC_DMM,Dioscorides
ατμος,ἀτμός,ατμος,6,6,AET_LM;DIOSC_DMM;GAL_ALIM;GAL_SMT;PAUL_AEG,Aetius;Dioscorides;Galen;Paul
ατρακις,ἀτρακίς,ατρακις,1,1,GAL_ALIM,Galen
ατρακτυλις,ἀτρακτυλίς,ατρακτυλις,5,5,AET_LM;DIOSC_DMM;GAL_ALIM;GAL_SMT;PAUL_AEG,Aetius;Dioscorides;Galen;Paul
ατρακτυλις,Ἀτρακτυλίς,ατρακτυλις,1,1,ORIB_CM,Oribasius
ατραφαξις,ἀτράφαξις,ατραφαξις,2,2,AET_LM;GAL_SMT,Aetius;Galen
ατραφαξις κηπευομενη,ἀτράφαξις κηπευομένη,ατραφαξις κηπευομενη,1,1,GAL_SMT,Galen
ατραφαξυς,ἀτράφαξυς,ατραφαξυς,1,1,PAUL_AEG,Paul
ατραφαξυς,Ἀτράφαξυς,ατραφαξυς,1,1,ORIB_CM,Oribasius
ατταγης,ἀτταγής,ατταγης,1,1,AET_LM,Aetius
αυστηρος,αὐστηρός,αυστηρος,1,1,PAUL_AEG,Paul
αυστηρος οινος,αὐστηρός οἶνος,αυστηρος οινος,1,1,GAL_ALIM,Galen
αυστηρος οινος,αὐστηρὸς οἶνος,αυστηρος οινος,3,3,AET_LM;GAL_SMT,Aetius;Galen
αυτοφυες υδωρ,αὐτοφυὲς ὕδωρ,αυτοφυες υδωρ,1,1,GAL_SMT,Galen
αυχμωδης χυμος,αὐχμώδης χυμός,αυχμωδης χυμος,1,1,AET_LM,Aetius
αφαιρια,αφαιρία,αφαιρια,1,1,DIOSC_DMM,Dioscorides
αφακη,ἀφάκη,αφακη,2,2,DIOSC_DMM;GAL_SMT,Dioscorides;Galen
αφακη,ἀφάκη,αφακη,2,2,ORIB_CM;PAUL_AEG,Oribasius;Paul
αφιας,ἀφιάς,αφιας,1,1,DIOSC_DMM,Dioscorides
αφιοσκορδον,ἀφιόσκορδον,αφιοσκορδον,1,1,DIOSC_DMM,Dioscorides
αφοδος,ἄφοδος,αφοδος,1,1,DIOSC_DMM,Dioscorides
αφοδος ιππων,ἄφοδος ἵππων,αφοδος ιππων,1,1,DIOSC_DMM,Dioscorides
αφοδος ονου ποηφαγου,ἄφοδος ὄνου ποηφάγου,αφοδος ονου ποηφαγου,1,1,DIOSC_DMM,Dioscorides
αφονιτρον,ἀφόνιτρον,αφονιτρον,1,1,PAUL_AEG,Paul
αφονιτρον,ἀφόνιτρον,αφονιτρον,1,1,PAUL_AEG,Paul
αφρολιτρον,ἀφρόλιτρον,αφρολιτρον,3,3,GAL_SMT;ORIB_CM,Galen;Oribasius
αφρονιτρον,ἀφρονίτρον,αφρονιτρον,1,1,GAL_SMT,Galen
αφρονιτρον,ἀφρόνιτρον,αφρονιτρον,11,11,AET_LM;DIOSC_DMM;GAL_SMT;ORIB_CM,Aetius;Dioscorides;Galen;Oribasius
αφρος,ἀφρός,αφρος,6,6,AET_LM;GAL_ALIM;GAL_SMT;PAUL_AEG,Aetius;Galen;Paul
αφρος νιτρου,ἀφρὸς νίτρου,αφρος νιτρου,2,2,DIOSC_DMM;PAUL_AEG,Dioscorides;Paul
αφρος του λιτρου,ἀφρὸς τοῦ λίτρου,αφρος του λιτρου,1,1,ORIB_CM,Oribasius
αφροσεληνον,ἀφροσέληνον,αφροσεληνον,1,1,DIOSC_DMM,Dioscorides
αφροσελινον,αφροσελινον,αφροσελινον,1,1,PAUL_AEG,Paul
αφροσελινος,ἀφροσέλινος,αφροσελινος,1,1,GAL_SMT,Galen
αφρω,ἀφρῷ,αφρω,1,1,GAL_SMT,Galen
αφρωδης,ἀφρώδης,αφρωδης,1,1,GAL_SMT,Galen
αφρωδης μηκων,ἀφρώδης μήκων,αφρωδης μηκων,1,1,PAUL_AEG,Paul
αχατης,ἀχάτης,αχατης,1,1,AET_LM,Aetius
αχιλλειον σιδηριτις,Ἀχίλλειον σιδηρῖτις,αχιλλειον σιδηριτις,1,1,GAL_SMT,Galen
αχιλλειος σιδηριτις,ἀχίλλειος σιδηρῖτις,αχιλλειος σιδηριτις,1,1,ORIB_CM,Oribasius
αχιλλειος σιδηριτις,Ἀχίλλειος σιδηρῖτις,αχιλλειος σιδηριτις,2,2,DIOSC_DMM;PAUL_AEG,Dioscorides;Paul
αχνη,ἄχνη,αχνη,10,10,AET_LM;DIOSC_DMM;GAL_SMT;PAUL_AEG,Aetius;Dioscorides;Galen;Paul
αχνη αλευρον,ἄχνη ἄλευρον,αχνη αλευρον,1,1,GAL_SMT,Galen
αχνη αλευρου,ἄχνη ἀλεύρου,αχνη αλευρου,1,1,AET_LM,Aetius
αχοδος,ἀχοδός,αχοδος,1,1,DIOSC_DMM,Dioscorides
αχοδος προβατων,ἀχοδός προβάτων,αχοδος προβατων,1,1,DIOSC_DMM,Dioscorides
αχρα,ἄχρα,αχρα,1,1,DIOSC_DMM,Dioscorides
αχρας,ἀχράς,αχρας,7,7,AET_LM;DIOSC_DMM;GAL_SMT;ORIB_CM;PAUL_AEG,Aetius;Dioscorides;Galen;Oribasius;Paul
αχρας,ἄχρας,αχρας,1,1,PAUL_AEG,Paul
αχυ,ἄχυ,αχυ,1,1,DIOSC_DMM,Dioscorides
αχυρον,ἄχυρον,αχυρον,1,1,GAL_SMT,Galen
αχυρωδες,ἀχυρῶδες,αχυρωδες,1,1,GAL_ALIM,Galen
αψινθιον,ἀψίνθιον,αψινθιον,24,24,AET_LM;DIOSC_DMM;GAL_SMT;ORIB_CM;PAUL_AEG,Aetius;Dioscorides;Galen;Oribasius;Paul
αψινθιον,ἀψίνθιον,αψινθιον,2,2,GAL_SMT;PAUL_AEG,Galen;Paul
αψινθιον,ἄψινθιον,αψινθιον,1,1,ORIB_CM,Oribasius
αψινθιον θαλασσιον,ἀψίνθιον θαλάσσιον,αψινθιον θαλασσιον,1,1,DIOSC_DMM,Dioscorides
αψινθιον ποντικον,ἀψίνθιον Ποντικόν,αψινθιον ποντικον,1,1,DIOSC_DMM,Dioscorides
αωρα μορα,ἄωρα μόρα,αωρα μορα,1,1,DIOSC_DMM,Dioscorides
αωρος μορος,ἄωρος μόρος,αωρος μορος,1,1,ORIB_CM,Oribasius
βαβυλωνιον,Βαβυλώνιον,βαβυλωνιον,1,1,DIOSC_DMM,Dioscorides
βαιτιον,βαίτιον,βαιτιον,1,1,DIOSC_DMM,Dioscorides
βακχαρις,βάκχαρις,βακχαρις,1,1,DIOSC_DMM,Dioscorides
βακχαρις,βάκχαρις,βακχαρις,1,1,PAUL_AEG,Paul
βαλανινον,βαλάνινoν,βαλανινoν,1,1,GAL_SMT,Galen
βαλανινον,βαλάνινον,βαλανινον,1,1,DIOSC_DMM,Dioscorides
βαλανινον,βαλάνινον,βαλανινον,1,1,ORIB_CM,Oribasius
βαλανινον ελαιον,βαλανῖνον ἔλαιον,βαλανινον ελαιον,1,1,DIOSC_DMM,Dioscorides
βαλανινος,βαλάνινος,βαλανινος,2,2,DIOSC_DMM,Dioscorides
βαλανος,βάλανος,βαλανος,10,10,AET_LM;DIOSC_DMM;GAL_ALIM;GAL_SMT;ORIB_CM;PAUL_AEG,Aetius;Dioscorides;Galen;Oribasius;Paul
βαλανος,βάλανος,βαλανος,1,1,PAUL_AEG,Paul
βαλανος δρυινη,βάλανος δρυΐνη,βαλανος δρυινη,1,1,AET_LM,Aetius
βαλανος δρυος,βάλανος δρυός,βαλανος δρυος,1,1,AET_LM,Aetius
βαλανος μυρεψικη,βάλανος μυρεψική,βαλανος μυρεψικη,4,4,AET_LM;DIOSC_DMM;GAL_SMT;ORIB_CM,Aetius;Dioscorides;Galen;Oribasius
βαλανος μυρεψικη,βάλανος μυρεψική,βαλανος μυρεψικη,1,1,PAUL_AEG,Paul
βαλανος φοινικος,βάλανος φοίνικος,βαλανος φοινικος,1,1,GAL_ALIM,Galen
βαλαυστιον,βαλαύστιον,βαλαυστιον,9,9,AET_LM;DIOSC_DMM;GAL_SMT;ORIB_CM;PAUL_AEG,Aetius;Dioscorides;Galen;Oribasius;Paul
βαλαυστιον,βαλαύστιον,βαλαυστιον,2,2,GAL_SMT;PAUL_AEG,Galen;Paul
βαλλντη,βαλλντή,βαλλντη,1,1,DIOSC_DMM,Dioscorides
βαλλωτη,βαλλωτή,βαλλωτη,1,1,DIOSC_DMM,Dioscorides
βαλσαμον,βάλσαμον,βαλσαμον,8,8,AET_LM;DIOSC_DMM;GAL_SMT,Aetius;Dioscorides;Galen
βαλσαμον,βάλσαμον,βαλσαμον,4,4,DIOSC_DMM;ORIB_CM;PAUL_AEG,Dioscorides;Oribasius;Paul
βαλσαμου καρπου,βαλσάμου καρποῦ,βαλσαμου καρπου,2,2,DIOSC_DMM,Dioscorides
βαλσαμου οπου,βαλσάμου ὀποῦ,βαλσαμου οπου,1,1,AET_LM,Aetius
βαλωτη,βαλωτή,βαλωτη,1,1,PAUL_AEG,Paul
βαρβαρος,βάρβαρος,βαρβαρος,1,1,AET_LM,Aetius
βασιλικον,βασιλικόν,βασιλικον,1,1,DIOSC_DMM,Dioscorides
βασιλικον καρυον,βασιλικὸν κάρυον,βασιλικον καρυον,2,2,DIOSC_DMM;GAL_SMT,Dioscorides;Galen
βασιλικον καρυον,βασιλικὸν κάρυον,βασιλικον καρυον,1,1,AET_LM,Aetius
βασιλικον κυμινον,βασιλικὸν κύμινον,βασιλικον κυμινον,1,1,DIOSC_DMM,Dioscorides
βασιλικος,βασιλικός,βασιλικος,1,1,ORIB_CM,Oribasius
βασιλισκος,βασιλίσκος,βασιλισκος,1,1,PAUL_AEG,Paul
βατος,βάτος,βατος,13,13,AET_LM;DIOSC_DMM;GAL_SMT;ORIB_CM,Aetius;Dioscorides;Galen;Oribasius
βατος,βάτος,βατος,1,1,PAUL_AEG,Paul
βατος ιδαια,βάτος Ἰδαία,βατος ιδαια,2,2,DIOSC_DMM,Dioscorides
βατος μοσυλιτις,βάτος Μοσυλῖτις,βατος μοσυλιτις,1,1,DIOSC_DMM,Dioscorides
βατου τα απαλα φυλλα,βάτου τὰ ἁπαλὰ φύλλα,βατου τα απαλα φυλλα,1,1,DIOSC_DMM,Dioscorides
βατραχια τα τεσσαρα,βατράχια τὰ τέσσαρα,βατραχια τα τεσσαρα,1,1,ORIB_CM,Oribasius
βατραχιον,βατράχιον,βατραχιον,3,3,DIOSC_DMM;ORIB_CM,Dioscorides;Oribasius
βατραχιον,βατράχιον,βατραχιον,3,3,AET_LM;GAL_SMT;PAUL_AEG,Aetius;Galen;Paul
βατραχος,βάτραχος,βατραχος,4,4,AET_LM;DIOSC_DMM;GAL_SMT,Aetius;Dioscorides;Galen
βατραχος,βάτραχος,βατραχος,1,1,PAUL_AEG,Paul
βατραχος κεκαυμενος,βάτραχος κεκαυμένος,βατραχος κεκαυμενος,1,1,GAL_SMT,Galen
βατραχος λιμναιος,βάτραχος λιμναῖος,βατραχος λιμναιος,1,1,AET_LM,Aetius
βατραχος χλωρος,βάτραχος χλωρός,βατραχος χλωρος,1,1,DIOSC_DMM,Dioscorides
βατραχος χλωρος μικρος,βάτραχος χλωρός μικρός,βατραχος χλωρος μικρος,1,1,GAL_SMT,Galen
βατραχων αιμα,βατράχων αἷμα,βατραχων αιμα,1,1,AET_LM,Aetius
βδελλα,βδέλλα,βδελλα,5,5,DIOSC_DMM;GAL_SMT,Dioscorides;Galen
βδελλιον,βδέλλιον,βδελλιον,6,6,AET_LM;DIOSC_DMM;GAL_SMT;ORIB_CM,Aetius;Dioscorides;Galen;Oribasius
βδελλιον,βδελλιον,βδελλιον,1,1,PAUL_AEG,Paul
βδελλιον αραβικον,βδέλλιον ἀραβικόν,βδελλιον αραβικον,1,1,ORIB_CM,Oribasius
βδελλιον αραβικον,βδέλλιον Ἀραβικόν,βδελλιον αραβικον,1,1,GAL_SMT,Galen
βδελλιον αραβικον,βδελλιον αραβικον,βδελλιον αραβικον,1,1,PAUL_AEG,Paul
βδελλιον καθαρον,βδέλλιον καθαρόν,βδελλιον καθαρον,1,1,AET_LM,Aetius
βδελλιον σκυθικον,βδέλλιον Σκυθικόν,βδελλιον σκυθικον,1,1,GAL_SMT,Galen
βδελλιον σκυθικον,βδέλλιον σκυθικόν,βδελλιον σκυθικον,1,1,ORIB_CM,Oribasius
βδελλιον σκυθικον,βδελλιον σκυθικον,βδελλιον σκυθικον,1,1,PAUL_AEG,Paul
βετονικη,βετονίκη,βετονικη,2,2,AET_LM;GAL_SMT,Aetius;Galen
βετονικης ποας,βετονίκης πόας,βετονικης ποας,1,1,AET_LM,Aetius
βετονικης φυλλα,βετονίκης φύλλα,βετονικης φυλλα,1,1,AET_LM,Aetius
βεττονικη,βεττονίκη,βεττονικη,3,3,AET_LM;DIOSC_DMM;PAUL_AEG,Aetius;Dioscorides;Paul
βεττονικη,βεττονική,βεττονικη,1,1,ORIB_CM,Oribasius
βησασα,βήσασα,βησασα,1,1,AET_LM,Aetius
βησασα,βήσασα,βησασα,1,1,PAUL_AEG,Paul
βησασαν,βησασάν,βησασαν,2,2,GAL_SMT,Galen
βησσασα,βήσσασα,βησσασα,1,1,DIOSC_DMM,Dioscorides
βηχικος,βηχικός,βηχικος,1,1,PAUL_AEG,Paul
βηχιον,βήχιον,βηχιον,3,3,DIOSC_DMM;ORIB_CM;PAUL_AEG,Dioscorides;Oribasius;Paul
βηχιον,βηχίον,βηχιον,1,1,GAL_SMT,Galen
βηχιου της ποας,Βηχίου τῆς πόας,βηχιου της ποας,1,1,ORIB_CM,Oribasius
βικος,βίκος,βικος,1,1,DIOSC_DMM,Dioscorides
βλαστοι,βλαστοί,βλαστοι,2,2,PAUL_AEG,Paul
βλαστοι,βλαστοὶ,βλαστοι,18,18,AET_LM;DIOSC_DMM;GAL_SMT;ORIB_CM;PAUL_AEG,Aetius;Dioscorides;Galen;Oribasius;Paul
βλαστοι βατου,βλαστοὶ βάτου,βλαστοι βατου,1,1,GAL_SMT,Galen
βλαστοις,βλαστοῖς,βλαστοις,6,6,GAL_SMT;ORIB_CM,Galen;Oribasius
βλαστον,βλαστὸν,βλαστον,1,1,DIOSC_DMM,Dioscorides
βλαστους,βλαστοὺς,βλαστους,2,2,AET_LM;GAL_SMT,Aetius;Galen
βληχρον,βλῆχρον,βληχρον,1,1,DIOSC_DMM,Dioscorides
βληχων,βλήχων,βληχων,1,1,DIOSC_DMM,Dioscorides
βλιτον,βλίτον,βλιτον,4,4,AET_LM;DIOSC_DMM;GAL_SMT;ORIB_CM,Aetius;Dioscorides;Galen;Oribasius
βλιτον,βλίτον,βλιτον,1,1,PAUL_AEG,Paul
βλιτον εδωδιμον,βλίτον ἐδώδιμον,βλιτον εδωδιμον,1,1,AET_LM,Aetius
βλοχον,βλόχον,βλοχον,1,1,DIOSC_DMM,Dioscorides
βοεια χολη,βοεία χολή,βοεια χολη,1,1,DIOSC_DMM,Dioscorides
βοειον,βόειον,βοειον,1,1,ORIB_CM,Oribasius
βοειον αστραγαλον,βόειον ἀστράγαλον,βοειον αστραγαλον,1,1,PAUL_AEG,Paul
βοειον γαλα,βόειον γάλα,βοειον γαλα,1,1,GAL_SMT,Galen
βοειον στεαρ,βόειον στέαρ,βοειον στεαρ,1,1,DIOSC_DMM,Dioscorides
βοειος,βόειος,βοειος,2,2,DIOSC_DMM;PAUL_AEG,Dioscorides;Paul
βοειος κρεας,βόειος κρέας,βοειος κρεας,1,1,AET_LM,Aetius
βοειων βυρσων,βοείων βυρσῶν,βοειων βυρσων,2,2,DIOSC_DMM;PAUL_AEG,Dioscorides;Paul
βοιςτιακη σμυρνα,Βοιςτιακή σμύρνα,βοιςτιακη σμυρνα,1,1,DIOSC_DMM,Dioscorides
βοιωτικη σμυρνα,βοιωτικὴ σμύρνα,βοιωτικη σμυρνα,1,1,PAUL_AEG,Paul
βολβιτον,βολβίτον,βολβιτον,1,1,DIOSC_DMM,Dioscorides
βολβιτον,βόλβιτον,βολβιτον,2,2,AET_LM;DIOSC_DMM,Aetius;Dioscorides
βολβιτον,βόλβιτον,βολβιτον,1,1,PAUL_AEG,Paul
βολβιτον βοος αρρενος,βόλβιτον βοός ἄρρενος,βολβιτον βοος αρρενος,1,1,DIOSC_DMM,Dioscorides
βολβιτος,βολβίτος,βολβιτος,2,2,AET_LM;GAL_SMT,Aetius;Galen
βολβοις,βολβοῖς,βολβοις,1,1,GAL_SMT,Galen
βολβος,βολβός,βολβος,12,12,AET_LM;DIOSC_DMM;GAL_SMT;ORIB_CM;PAUL_AEG,Aetius;Dioscorides;Galen;Oribasius;Paul
βολβος,βολβὸς,βολβος,1,1,DIOSC_DMM,Dioscorides
βολβος,βολβός,βολβος,1,1,PAUL_AEG,Paul
βολβος αγριος,βολβὸς ἄγριος,βολβος αγριος,1,1,DIOSC_DMM,Dioscorides
βολβος εδωδιμος,βολβὸς ἐδώδιμος,βολβος εδωδιμος,1,1,DIOSC_DMM,Dioscorides
βολβος εδωδιμος,βολβὸς ἐδώδιμος,βολβος εδωδιμος,1,1,PAUL_AEG,Paul
βολβος εμετικος,βολβός ἐμετικός,βολβος εμετικος,4,4,AET_LM;DIOSC_DMM;GAL_SMT;ORIB_CM,Aetius;Dioscorides;Galen;Oribasius
βολβος εμετικος,βολβὸς ἐμετικός,βολβος εμετικος,1,1,PAUL_AEG,Paul
βολβος πικρος,βολβὸς πικρός,βολβος πικρος,1,1,DIOSC_DMM,Dioscorides
βολβος πυρρος,βολβὸς πυρρός,βολβος πυρρος,1,1,DIOSC_DMM,Dioscorides
βολβος σκιλλωδης,βολβὸς σκιλλώδης,βολβος σκιλλωδης,1,1,DIOSC_DMM,Dioscorides
βομβοχυλον,βομβόχυλον,βομβοχυλον,1,1,DIOSC_DMM,Dioscorides
βοος κοπρος,βοὸς κόπρος,βοος κοπρος,1,1,ORIB_CM,Oribasius
βορασσος,βόρασσος,βορασσος,1,1,DIOSC_DMM,Dioscorides
βορατον,βόρατον,βορατον,1,1,DIOSC_DMM,Dioscorides
βοσκας,βοσκᾶς,βοσκας,1,1,DIOSC_DMM,Dioscorides
βοτανη,βοτάνη,βοτανη,9,9,AET_LM;DIOSC_DMM;GAL_SMT;ORIB_CM,Aetius;Dioscorides;Galen;Oribasius
βοτανη,βοτάνη,βοτανη,1,1,ORIB_CM,Oribasius
βοτανη ιερα,βοτάνη ἱερά,βοτανη ιερα,1,1,DIOSC_DMM,Dioscorides
βοτανη τρωγλοδυτικη,βοτάνη Τρωγλοδυτική,βοτανη τρωγλοδυτικη,1,1,DIOSC_DMM,Dioscorides
βοτανιον,βοτάνιον,βοτανιον,1,1,DIOSC_DMM,Dioscorides
βοτρυας,βότρυας,βοτρυας,1,1,DIOSC_DMM,Dioscorides
βοτρυδιοις,βοτρυδίοις,βοτρυδιοις,1,1,DIOSC_DMM,Dioscorides
βοτρυες,βότρυες,βοτρυες,2,2,DIOSC_DMM,Dioscorides
βοτρυες,βότρυες,βοτρυες,2,2,GAL_SMT;ORIB_CM,Galen;Oribasius
βοτρυες,βότρυές,βοτρυες,1,1,PAUL_AEG,Paul
βοτρυιτις,βοτρυΐτις,βοτρυιτις,1,1,GAL_SMT,Galen
βοτρυιτις,βοτρυῖτις,βοτρυιτις,3,3,AET_LM;DIOSC_DMM;PAUL_AEG,Aetius;Dioscorides;Paul
βοτρυς,βότρυς,βοτρυς,2,2,DIOSC_DMM,Dioscorides
βοτρυς,βότρυς,βοτρυς,1,1,PAUL_AEG,Paul
βοτρυϊτις,βοτρυΐτις,βοτρυιτις,1,1,ORIB_CM,Oribasius
βουβωνιον,Βουβώνιον,βουβωνιον,1,1,PAUL_AEG,Paul
βουβωνιον,βουβώνιον,βουβωνιον,6,6,DIOSC_DMM;GAL_SMT;ORIB_CM;PAUL_AEG,Dioscorides;Galen;Oribasius;Paul
βουβωνιον,βουβώνιον,βουβωνιον,1,1,PAUL_AEG,Paul
βουγλωσσον,βουγλῶσσον,βουγλωσσον,1,1,DIOSC_DMM,Dioscorides
βουγλωσσον,βούγλωσσον,βουγλωσσον,5,5,AET_LM;DIOSC_DMM;GAL_SMT;ORIB_CM;PAUL_AEG,Aetius;Dioscorides;Galen;Oribasius;Paul
βουγλωσσος,βούγλωσσος,βουγλωσσος,1,1,DIOSC_DMM,Dioscorides
βουγλωττα,βούγλωττα,βουγλωττα,1,1,AET_LM,Aetius
βουκερων,βούκερων,βουκερων,1,1,DIOSC_DMM,Dioscorides
βουκινους,βουκίνους,βουκινους,1,1,DIOSC_DMM,Dioscorides
βουκινους μινορ,βουκίνους μίνορ,βουκινους μινορ,1,1,DIOSC_DMM,Dioscorides
βουνιας,βουνιάς,βουνιας,2,2,DIOSC_DMM;GAL_ALIM,Dioscorides;Galen
βουνιον,βούνιον,βουνιον,5,5,AET_LM;DIOSC_DMM;PAUL_AEG,Aetius;Dioscorides;Paul
βουνιον,βούνιον,βουνιον,2,2,GAL_SMT;PAUL_AEG,Galen;Paul
βουπρηστις,Βούπρηστις,βουπρηστις,1,1,PAUL_AEG,Paul
βουπρηστις,βουπρήστις,βουπρηστις,3,3,DIOSC_DMM;GAL_SMT,Dioscorides;Galen
βουπρηστις,βουπρηστις,βουπρηστις,1,1,PAUL_AEG,Paul
βουπρηστις,βουπρῆστις,βουπρηστις,1,1,DIOSC_DMM,Dioscorides
βουπρηστις,βούπρηστις,βουπρηστις,2,2,AET_LM,Aetius
βους,βοῦς,βους,1,1,AET_LM,Aetius
βους κοπρος,βοῦς κόπρος,βους κοπρος,1,1,AET_LM,Aetius
βουτυρον,βούτυρον,βουτυρον,15,15,AET_LM;DIOSC_DMM;GAL_SMT;ORIB_CM;PAUL_AEG,Aetius;Dioscorides;Galen;Oribasius;Paul
βουτυρον,βούτυρον,βουτυρον,2,2,GAL_SMT;PAUL_AEG,Galen;Paul
βουφθαλμον,βούφθαλμον,βουφθαλμον,5,5,DIOSC_DMM;GAL_SMT;PAUL_AEG,Dioscorides;Galen;Paul
βουφθαλμον,βούφθαλμον,βουφθαλμον,1,1,AET_LM,Aetius
βουφθαλμος,βούφθαλμος,βουφθαλμος,1,1,ORIB_CM,Oribasius
βοων κοπρος,βοῶν κόπρος,βοων κοπρος,1,1,GAL_SMT,Galen
βραθυ,βράθυ,βραθυ,5,5,AET_LM;DIOSC_DMM;GAL_SMT;ORIB_CM;PAUL_AEG,Aetius;Dioscorides;Galen;Oribasius;Paul
βραθυς,βράθυς,βραθυς,2,2,AET_LM,Aetius
βρεγμα,βρέγμα,βρεγμα,1,1,DIOSC_DMM,Dioscorides
βρεκοκκιον,βρεκόκκιον,βρεκοκκιον,1,1,DIOSC_DMM,Dioscorides
βρεξαντας,βρέξαντας,βρεξαντας,1,1,GAL_SMT,Galen
βρετανικη ποα,βρετανική πόα,βρετανικη ποα,1,1,GAL_SMT,Galen
βρεττανικη,Βρεττανική,βρεττανικη,1,1,ORIB_CM,Oribasius
βρεττανικη,βρεττανική,βρεττανικη,2,2,DIOSC_DMM;PAUL_AEG,Dioscorides;Paul
βρεττανικης τα φυλλα,Βρεττανικῆς τὰ φύλλα,βρεττανικης τα φυλλα,1,1,ORIB_CM,Oribasius
βρομος,βρόμος,βρομος,5,5,AET_LM;DIOSC_DMM;GAL_SMT;PAUL_AEG,Aetius;Dioscorides;Galen;Paul
βρομος,βρόμος,βρομος,1,1,ORIB_CM,Oribasius
βρουλλοκυπερον,βρουλλοκύπερον,βρουλλοκυπερον,1,1,AET_LM,Aetius
βρουχος,βροῦχος,βρουχος,1,1,DIOSC_DMM,Dioscorides
βρυον,βρυον,βρυον,1,1,PAUL_AEG,Paul
βρυον,βρύον,βρυον,14,14,AET_LM;DIOSC_DMM;GAL_SMT;ORIB_CM,Aetius;Dioscorides;Galen;Oribasius
βρυον,βρύον,βρυον,3,2,AET_LM;PAUL_AEG,Aetius;Paul
βρυον θαλασσιον,βρυον θαλασσιον,βρυον θαλασσιον,1,1,PAUL_AEG,Paul
βρυον θαλασσιον,βρύον θαλάσσιον,βρυον θαλασσιον,2,2,DIOSC_DMM;ORIB_CM,Dioscorides;Oribasius
βρυον θαλαττιον,βρύον θαλάττιον,βρυον θαλαττιον,2,2,AET_LM;GAL_SMT,Aetius;Galen
βρυττια πισσα,Βρυττία πίσσα,βρυττια πισσα,1,1,AET_LM,Aetius
βρυωνια,βρυωνία,βρυωνια,12,12,AET_LM;DIOSC_DMM;GAL_SMT;PAUL_AEG,Aetius;Dioscorides;Galen;Paul
βρωμα,βρῶμα,βρωμα,1,1,PAUL_AEG,Paul
βυρσοδεψικη,βυρσοδεψική,βυρσοδεψικη,1,1,GAL_SMT,Galen
βυρσοδεψικη ρους,βυρσοδεψικὴ ῥοῦς,βυρσοδεψικη ρους,1,1,DIOSC_DMM,Dioscorides
βωλιτης,βωλίτης,βωλιτης,1,1,GAL_ALIM,Galen
βωλος,βῶλος,βωλος,4,4,AET_LM;GAL_SMT;PAUL_AEG,Aetius;Galen;Paul
γαγατης,Γαγάτης,γαγατης,1,1,GAL_SMT,Galen
γαγατης,γαγάτης,γαγατης,5,5,AET_LM;DIOSC_DMM;GAL_SMT,Aetius;Dioscorides;Galen
γαγατης,γαγατης,γαγατης,1,1,PAUL_AEG,Paul
γαγατης λιθος,γαγάτης λίθος,γαγατης λιθος,2,2,AET_LM;DIOSC_DMM,Aetius;Dioscorides
γαλα,γάλα,γαλα,119,119,AET_LM;DIOSC_DMM;GAL_ALIM;GAL_SMT;ORIB_CM;PAUL_AEG,Aetius;Dioscorides;Galen;Oribasius;Paul
γαλα,γάλα,γαλα,9,9,AET_LM;ORIB_CM;PAUL_AEG,Aetius;Oribasius;Paul
γαλα αιγειον,γάλα αἴγειον,γαλα αιγειον,1,1,DIOSC_DMM,Dioscorides
γαλα αρρενοτοκου γυναικος,γάλα ἀρρενοτόκου γυναικός,γαλα αρρενοτοκου γυναικος,1,1,DIOSC_DMM,Dioscorides
γαλα ατυρωτον,γάλα ἀτύρωτον,γαλα ατυρωτον,1,1,DIOSC_DMM,Dioscorides
γαλα βοειον,γάλα βόειον,γαλα βοειον,3,3,AET_LM;DIOSC_DMM,Aetius;Dioscorides
γαλα γυναικειον,γάλα γυναικεῖον,γαλα γυναικειον,8,8,AET_LM;DIOSC_DMM,Aetius;Dioscorides
γαλα γυναικος,γάλα γυναικός,γαλα γυναικος,2,2,DIOSC_DMM;PAUL_AEG,Dioscorides;Paul
γαλα θρομβωθεν,γάλα θρομβωθέν,γαλα θρομβωθεν,1,1,DIOSC_DMM,Dioscorides
γαλα κυνος,γάλα κυνός,γαλα κυνος,1,1,GAL_SMT,Galen
γαλα ονειον,γάλα ὄνειον,γαλα ονειον,1,1,DIOSC_DMM,Dioscorides
γαλα πεπηγος,γάλα πεπηγός,γαλα πεπηγος,1,1,ORIB_CM,Oribasius
γαλα πρωτοτοκου κυνος,γάλα πρωτοτόκου κυνός,γαλα πρωτοτοκου κυνος,1,1,DIOSC_DMM,Dioscorides
γαλα σχιστον,γάλα σχιστόν,γαλα σχιστον,1,1,GAL_SMT,Galen
γαλαγγα,γαλαγγά,γαλαγγα,1,1,AET_LM,Aetius
γαλαιριον,γαλαίριον,γαλαιριον,1,1,DIOSC_DMM,Dioscorides
γαλακτιτης,γαλακτίτης,γαλακτιτης,9,9,AET_LM;DIOSC_DMM;GAL_SMT;ORIB_CM,Aetius;Dioscorides;Galen;Oribasius
γαλακτιτης,γαλακτιτης,γαλακτιτης,1,1,PAUL_AEG,Paul
γαλακτος λιπος,γάλακτος λίπος,γαλακτος λιπος,1,1,DIOSC_DMM,Dioscorides
γαλακτος τυρωδες,γάλακτος τυρῶδες,γαλακτος τυρωδες,1,1,AET_LM,Aetius
γαλαξια,γαλαξία,γαλαξια,1,1,DIOSC_DMM,Dioscorides
γαλατικος,Γαλατικός,γαλατικος,1,1,DIOSC_DMM,Dioscorides
γαλατιον,γαλάτιον,γαλατιον,1,1,DIOSC_DMM,Dioscorides
γαλεοβδολον,γαλεόβδολον,γαλεοβδολον,1,1,DIOSC_DMM,Dioscorides
γαλη,γαλή,γαλη,1,1,AET_LM,Aetius
γαλη,γαλῆ,γαλη,3,3,DIOSC_DMM;GAL_SMT;PAUL_AEG,Dioscorides;Galen;Paul
γαλη κατοικιδιος,γαλῆ κατοικίδιος,γαλη κατοικιδιος,1,1,DIOSC_DMM,Dioscorides
γαληοψις,γαλήοψις,γαληοψις,1,1,DIOSC_DMM,Dioscorides
γαληψις,γάληψις,γαληψις,1,1,DIOSC_DMM,Dioscorides
γαλιβδολον,γαλίβδολον,γαλιβδολον,1,1,PAUL_AEG,Paul
γαλιον,γάλιον,γαλιον,1,1,DIOSC_DMM,Dioscorides
γαλιον,γάλιον,γαλιον,1,1,PAUL_AEG,Paul
γαλιψις,γάλιψις,γαλιψις,1,1,PAUL_AEG,Paul
γαλλικος,Γαλλικός,γαλλικος,1,1,DIOSC_DMM,Dioscorides
γαλλιον,Γάλλιον,γαλλιον,1,1,ORIB_CM,Oribasius
γαλλιον,γάλλιον,γαλλιον,1,1,GAL_SMT,Galen
γαρος,γάρος,γαρος,20,20,AET_LM;DIOSC_DMM;GAL_ALIM;GAL_SMT,Aetius;Dioscorides;Galen
γαρος,γάρος,γαρος,2,2,AET_LM;PAUL_AEG,Aetius;Paul
γαρουλεου,γαρουλέου,γαρουλεου,1,1,DIOSC_DMM,Dioscorides
γεντιανη,Γεντιανή,γεντιανη,1,1,ORIB_CM,Oribasius
γεντιανη,γεντιανή,γεντιανη,10,10,AET_LM;DIOSC_DMM;GAL_SMT;PAUL_AEG,Aetius;Dioscorides;Galen;Paul
γεντιανης ριζα,Γεντιανῆς ῥίζα,γεντιανης ριζα,2,2,ORIB_CM;PAUL_AEG,Oribasius;Paul
γεντιανης ριζης,γεντιανῆς ῥίζης,γεντιανης ριζης,1,1,DIOSC_DMM,Dioscorides
γερανιον,γεράνιον,γερανιον,1,1,DIOSC_DMM,Dioscorides
γερανιον,γεράνιον,γερανιον,1,1,PAUL_AEG,Paul
γερανος,γέρανος,γερανος,1,1,AET_LM,Aetius
γερανων σαρξ,γεράνων σὰρξ,γερανων σαρξ,1,1,AET_LM,Aetius
γεωδης,γεωδης,γεωδης,1,1,PAUL_AEG,Paul
γεωδης,γεώδης,γεωδης,2,2,GAL_SMT;ORIB_CM,Galen;Oribasius
γεωργουμενη γη,γεωργουμένη γῆ,γεωργουμενη γη,1,1,GAL_SMT,Galen
γη,γη,γη,1,1,PAUL_AEG,Paul
γη,γῆ,γη,48,48,AET_LM;DIOSC_DMM;GAL_SMT;ORIB_CM;PAUL_AEG,Aetius;Dioscorides;Galen;Oribasius;Paul
γη αιγυπτιακη,γῆ Αἰγυπτιακή,γη αιγυπτιακη,1,1,AET_LM,Aetius
γη ακαυστος,γῆ ἄκαυστος,γη ακαυστος,1,1,AET_LM,Aetius
γη ακαυτος,γῆ ἄκαυτος,γη ακαυτος,1,1,AET_LM,Aetius
γη γεωργουμενη,γῆ γεωργουμένη,γη γεωργουμενη,1,1,AET_LM,Aetius
γη ιπνιτις,γῆ ἰπνῖτις,γη ιπνιτις,1,1,ORIB_CM,Oribasius
γη κιμωλια,γῆ κιμωλία,γη κιμωλια,2,2,DIOSC_DMM,Dioscorides
γη κρητικη,γῆ Κρητική,γη κρητικη,1,1,AET_LM,Aetius
γη λευκη,γῆ λευκή,γη λευκη,1,1,AET_LM,Aetius
γη λιπαρα,γῆ λιπαρά,γη λιπαρα,1,1,AET_LM,Aetius
γη μελαινα,γῆ μέλαινα,γη μελαινα,1,1,AET_LM,Aetius
γη σαμια,γῆ Σαμία,γη σαμια,1,1,AET_LM,Aetius
γη σποδοειδης,γῆ σποδοειδής,γη σποδοειδης,1,1,DIOSC_DMM,Dioscorides
γη χια,γῆ Χία,γη χια,1,1,DIOSC_DMM,Dioscorides
γηρας,γῆρας,γηρας,2,2,GAL_SMT;PAUL_AEG,Galen;Paul
γηρας οφεως,γῆρας ὄφεως,γηρας οφεως,3,3,DIOSC_DMM;GAL_SMT;PAUL_AEG,Dioscorides;Galen;Paul
γης εντερα,γῆς ἔντερα,γης εντερα,1,1,DIOSC_DMM,Dioscorides
γης εντερον,γῆς ἔντερον,γης εντερον,1,1,GAL_SMT,Galen
γιγαρτα,γίγαρτα,γιγαρτα,4,4,AET_LM;GAL_ALIM;GAL_SMT,Aetius;Galen
γιγαρτα σταφυλης,γίγαρτὰ σταφυλῆς,γιγαρτα σταφυλης,1,1,AET_LM,Aetius
γιγαρτα σταφυλων,γίγαρτα σταφυλῶν,γιγαρτα σταφυλων,2,2,GAL_SMT,Galen
γιγαρτα της ροας,γίγαρτα τῆς ῥόας,γιγαρτα της ροας,1,1,AET_LM,Aetius
γιγαρτον,γίγαρτον,γιγαρτον,4,4,AET_LM;GAL_SMT;ORIB_CM,Aetius;Galen;Oribasius
γιγαρτον,γίγαρτον,γιγαρτον,1,1,PAUL_AEG,Paul
γιγαρτων,γιγάρτων,γιγαρτων,1,1,GAL_ALIM,Galen
γιγγιβερι,γιγγίβερι,γιγγιβερι,1,1,GAL_SMT,Galen
γιγγιδιον,Γιγγίδιον,γιγγιδιον,1,1,ORIB_CM,Oribasius
γιγγιδιον,γιγγίδιον,γιγγιδιον,8,8,AET_LM;DIOSC_DMM;GAL_SMT;PAUL_AEG,Aetius;Dioscorides;Galen;Paul
γιζιρ,γίζιρ,γιζιρ,1,1,DIOSC_DMM,Dioscorides
γλαδιολον,γλαδίολον,γλαδιολον,1,1,DIOSC_DMM,Dioscorides
γλαυκιον,γλαύκιον,γλαυκιον,8,8,AET_LM;DIOSC_DMM;GAL_SMT;ORIB_CM,Aetius;Dioscorides;Galen;Oribasius
γλαυκιον,γλαύκιον,γλαυκιον,1,1,PAUL_AEG,Paul
γλαυκος,γλαῦκος,γλαυκος,1,1,AET_LM,Aetius
γλαυξ,γλαύξ,γλαυξ,3,3,DIOSC_DMM;GAL_SMT;ORIB_CM,Dioscorides;Galen;Oribasius
γλαυξ,γλαῦξ,γλαυξ,1,1,PAUL_AEG,Paul
γλευκινης,γλευκίνης,γλευκινης,1,1,ORIB_CM,Oribasius
γλευκινιτης,γλευκινίτης,γλευκινιτης,1,1,PAUL_AEG,Paul
γλευκινον ελαιον,γλευκίνον ἔλαιον,γλευκινον ελαιον,1,1,AET_LM,Aetius
γλευκος,γλεύκος,γλευκος,1,1,DIOSC_DMM,Dioscorides
γλευκος,γλεῦκος,γλευκος,37,37,DIOSC_DMM;GAL_ALIM;GAL_SMT;PAUL_AEG,Dioscorides;Galen;Paul
γλευκος τεθαλασσωμενον,γλεῦκος τεθαλασσωμένον,γλευκος τεθαλασσωμενον,1,1,DIOSC_DMM,Dioscorides
γληχων,Γλήχων,γληχων,1,1,PAUL_AEG,Paul
γληχων,γλήχων,γληχων,22,22,AET_LM;DIOSC_DMM;GAL_ALIM;GAL_SMT;ORIB_CM;PAUL_AEG,Aetius;Dioscorides;Galen;Oribasius;Paul
γληχων,γλήχων,γληχων,2,2,ORIB_CM;PAUL_AEG,Oribasius;Paul
γληχων αγρια,γλήχων ἀγρία,γληχων αγρια,2,2,DIOSC_DMM,Dioscorides
γληχων ημερος,γλήχων ἥμερος,γληχων ημερος,1,1,DIOSC_DMM,Dioscorides
γληχωνιτης,γληχωνίτης,γληχωνιτης,1,1,DIOSC_DMM,Dioscorides
γλισχρος χυμος,γλίσχρος χυμός,γλισχρος χυμος,2,2,AET_LM;GAL_SMT,Aetius;Galen
γλισχρος χυμος,γλίσχρος χυμός,γλισχρος χυμος,1,1,PAUL_AEG,Paul
γλοιος,γλοιός,γλοιος,5,4,AET_LM;GAL_SMT;ORIB_CM;PAUL_AEG,Aetius;Galen;Oribasius;Paul
γλοιος απο βαλανειου,γλοιός ἀπὸ βαλανείου,γλοιος απο βαλανειου,1,1,AET_LM,Aetius
γλυκειος,γλυκεῖος,γλυκειος,1,1,DIOSC_DMM,Dioscorides
γλυκυ,γλυκύ,γλυκυ,17,17,AET_LM;DIOSC_DMM;GAL_SMT,Aetius;Dioscorides;Galen
γλυκυ αμυγδαλον,γλυκὺ ἀμύγδαλον,γλυκυ αμυγδαλον,1,1,AET_LM,Aetius
γλυκυ ελαιον,γλυκὺ ἔλαιον,γλυκυ ελαιον,4,4,AET_LM,Aetius
γλυκυριζα,γλυκυρίζα,γλυκυριζα,1,1,GAL_SMT,Galen
γλυκυριζα,γλυκύριζα,γλυκυριζα,2,2,AET_LM;GAL_SMT,Aetius;Galen
γλυκυριζα,γλυκύριζα,γλυκυριζα,1,1,PAUL_AEG,Paul
γλυκυριζον,γλυκύριζον,γλυκυριζον,1,1,PAUL_AEG,Paul
γλυκυρριζα,γλυκύρριζα,γλυκυρριζα,4,4,AET_LM;DIOSC_DMM;ORIB_CM,Aetius;Dioscorides;Oribasius
γλυκυς,γλυκύς,γλυκυς,14,14,DIOSC_DMM;ORIB_CM;PAUL_AEG,Dioscorides;Oribasius;Paul
γλυκυς αγκων,γλυκὺς ἀγκών,γλυκυς αγκων,1,1,DIOSC_DMM,Dioscorides
γλυκυς αμυγδαλον,γλυκύς ἀμύγδαλον,γλυκυς αμυγδαλον,1,1,ORIB_CM,Oribasius
γλυκυς οινος,γλυκύς οἶνος,γλυκυς οινος,2,2,AET_LM;GAL_ALIM,Aetius;Galen
γλυκυς οινος,γλυκὺς οἶνος,γλυκυς οινος,1,1,DIOSC_DMM,Dioscorides
γλυκυσιδη,γλυκυσίδη,γλυκυσιδη,2,2,DIOSC_DMM;PAUL_AEG,Dioscorides;Paul
γλυκυσιδη,γλυκυσίδη,γλυκυσιδη,1,1,ORIB_CM,Oribasius
γλυκυσιδης,γλυκυσίδης,γλυκυσιδης,3,3,AET_LM;GAL_SMT,Aetius;Galen
γλυκυτατον ελαιον,γλυκύτατον ἔλαιον,γλυκυτατον ελαιον,3,3,AET_LM,Aetius
γναφαλιον,γναφάλιον,γναφαλιον,2,2,AET_LM;GAL_SMT,Aetius;Galen
γναφαλιον,γναφάλιον,γναφαλιον,1,1,PAUL_AEG,Paul
γναφαλλιον,γναφάλλιον,γναφαλλιον,2,2,DIOSC_DMM;ORIB_CM,Dioscorides;Oribasius
γναφαλλον,γνάφαλλον,γναφαλλον,1,1,DIOSC_DMM,Dioscorides
γναφικη ακανθα,γναφικὴ ἄκανθα,γναφικη ακανθα,2,2,DIOSC_DMM;PAUL_AEG,Dioscorides;Paul
γογγρικος,Γογγρικός,γογγρικος,1,1,ORIB_CM,Oribasius
γογγρος,γόγγρος,γογγρος,1,1,AET_LM,Aetius
γογγυλη,γογγύλη,γογγυλη,1,1,DIOSC_DMM,Dioscorides
γογγυλιδος η ριζα,Γογγυλίδος ἡ ῥίζα,γογγυλιδος η ριζα,1,1,ORIB_CM,Oribasius
γογγυλιδος ριζα,Γογγυλίδος ῥίζα,γογγυλιδος ριζα,1,1,PAUL_AEG,Paul
γογγυλιδος σπερμα,Γογγυλίδος σπέρμα,γογγυλιδος σπερμα,1,1,PAUL_AEG,Paul
γογγυλιδος σπερμα,γογγυλίδος σπέρμα,γογγυλιδος σπερμα,1,1,GAL_SMT,Galen
γογγυλιδος το σπερμα,Γογγυλίδος τὸ σπέρμα,γογγυλιδος το σπερμα,1,1,ORIB_CM,Oribasius
γογγυλις,γογγυλίς,γογγυλις,8,8,AET_LM;DIOSC_DMM;GAL_ALIM;GAL_SMT;ORIB_CM,Aetius;Dioscorides;Galen;Oribasius
γογγυλις,γογγυλίς,γογγυλις,1,1,PAUL_AEG,Paul
γογυρικος,γογυρικός,γογυρικος,1,1,AET_LM,Aetius
γομφιτης,γομφίτης,γομφιτης,1,1,AET_LM,Aetius
γονασι,γόνασι,γονασι,1,1,DIOSC_DMM,Dioscorides
γονη,γονή,γονη,5,5,AET_LM;DIOSC_DMM;GAL_SMT,Aetius;Dioscorides;Galen
γονη,γονή,γονη,1,1,PAUL_AEG,Paul
γονος,γόνος,γονος,1,1,GAL_SMT,Galen
γονυ,γόνυ,γονυ,2,2,DIOSC_DMM,Dioscorides
γοργιλον,γόργιλον,γοργιλον,1,1,PAUL_AEG,Paul
γοργυνθια,γοργυνθία,γοργυνθια,1,1,DIOSC_DMM,Dioscorides
γουβωνιον,γουβώνιον,γουβωνιον,1,1,AET_LM,Aetius
γραφικον μελαν,γραφικὸν μέλαν,γραφικον μελαν,1,1,GAL_ALIM,Galen
γραφις,γραφίς,γραφις,1,1,GAL_SMT,Galen
γυμμαθ,γυμμάθ,γυμμαθ,1,1,DIOSC_DMM,Dioscorides
γυναικειον γαλα,γυναικεῖον γάλα,γυναικειον γαλα,2,2,DIOSC_DMM;GAL_SMT,Dioscorides;Galen
γυρη,γύρη,γυρη,1,1,DIOSC_DMM,Dioscorides
γυρη,γύρη,γυρη,1,1,PAUL_AEG,Paul
γυρις,γύρις,γυρις,2,2,AET_LM;DIOSC_DMM,Aetius;Dioscorides
γυρις,γῦρις,γυρις,3,3,GAL_SMT;PAUL_AEG,Galen;Paul
γυψος,γύψος,γυψος,10,10,AET_LM;DIOSC_DMM;GAL_SMT;ORIB_CM,Aetius;Dioscorides;Galen;Oribasius
γυψος,γύψος,γυψος,2,2,GAL_SMT;PAUL_AEG,Galen;Paul
δαδινον,δάδινον,δαδινον,1,1,GAL_SMT,Galen
δαδινος,δᾴδινος,δαδινος,1,1,ORIB_CM,Oribasius
δαδιον,δαδίον,δαδιον,1,1,DIOSC_DMM,Dioscorides
δαδιον,δᾳδίον,δαδιον,2,2,DIOSC_DMM,Dioscorides
δαδιον,δᾴδιον,δαδιον,1,1,DIOSC_DMM,Dioscorides
δαδις,δᾶδις,δαδις,1,1,DIOSC_DMM,Dioscorides
δαια,δαία,δαια,1,1,DIOSC_DMM,Dioscorides
δαιοι δακτυλοι,δαίοι δάκτυλοι,δαιοι δακτυλοι,1,1,DIOSC_DMM,Dioscorides
δακρυον,δάκρυον,δακρυον,13,13,AET_LM;DIOSC_DMM;GAL_SMT;ORIB_CM,Aetius;Dioscorides;Galen;Oribasius
δακρυον,δάκρυον,δακρυον,4,4,GAL_SMT;ORIB_CM;PAUL_AEG,Galen;Oribasius;Paul
δακρυον,δάκρυόν,δακρυον,2,2,AET_LM;GAL_SMT,Aetius;Galen
δακρυον δενδρου,δάκρυον δένδρου,δακρυον δενδρου,1,1,DIOSC_DMM,Dioscorides
δακτυλιτις,δακτυλῖτις,δακτυλιτις,1,1,DIOSC_DMM,Dioscorides
δακτυλων οστα,δακτύλων ὀστᾶ,δακτυλων οστα,1,1,GAL_SMT,Galen
δαλον πιτυινης,δαλὸν πιτυίνης,δαλον πιτυινης,1,1,DIOSC_DMM,Dioscorides
δαμαλις,δάμαλις,δαμαλις,1,1,DIOSC_DMM,Dioscorides
δαμασκηνον,δαμασκηνόν,δαμασκηνον,2,2,PAUL_AEG,Paul
δαμασκηνον κοκκυμηλον,Δαμασκηνὸν κοκκύμηλον,δαμασκηνον κοκκυμηλον,1,1,GAL_SMT,Galen
δαμασκηνον κοκκυμηλον,δαμασκηνὸν κοκκύμηλον,δαμασκηνον κοκκυμηλον,1,1,AET_LM,Aetius
δαμασωνιον,δαμασώνιον,δαμασωνιον,4,4,DIOSC_DMM;GAL_SMT;ORIB_CM;PAUL_AEG,Dioscorides;Galen;Oribasius;Paul
δαμασωνιον,δαμασώνιον,δαμασωνιον,1,1,AET_LM,Aetius
δαναη,Δανάη,δαναη,1,1,DIOSC_DMM,Dioscorides
δαρκα,δάρκα,δαρκα,1,1,DIOSC_DMM,Dioscorides
δας,δᾶς,δας,1,1,AET_LM,Aetius
δας,δᾷς,δας,1,1,PAUL_AEG,Paul
δαυκον,δαῦκον,δαυκον,4,4,AET_LM;DIOSC_DMM;GAL_SMT,Aetius;Dioscorides;Galen
δαυκον αγριον,δαῦκον ἄγριον,δαυκον αγριον,3,3,AET_LM;DIOSC_DMM;GAL_SMT,Aetius;Dioscorides;Galen
δαυκος,Δαῦκος,δαυκος,2,2,ORIB_CM,Oribasius
δαυκος,δαῦκος,δαυκος,13,13,AET_LM;DIOSC_DMM;GAL_SMT;PAUL_AEG,Aetius;Dioscorides;Galen;Paul
δαυκος αγριος,δαῦκος ἄγριος,δαυκος αγριος,2,2,DIOSC_DMM;PAUL_AEG,Dioscorides;Paul
δαυκος κρητικος,δαῦκος Κρητικός,δαυκος κρητικος,1,1,DIOSC_DMM,Dioscorides
δαυκος σπερματα,δαῦκος σπέρματα,δαυκος σπερματα,1,1,AET_LM,Aetius
δαυκου της ριζης,δαύκου τῆς ῥίζης,δαυκου της ριζης,1,1,DIOSC_DMM,Dioscorides
δαφνη,Δάφνη,δαφνη,1,1,ORIB_CM,Oribasius
δαφνη,δάφνη,δαφνη,18,18,AET_LM;DIOSC_DMM;GAL_SMT;ORIB_CM,Aetius;Dioscorides;Galen;Oribasius
δαφνη,δάφνη,δαφνη,3,3,PAUL_AEG,Paul
δαφνη αλεξανδρεια,δάφνη Ἀλεξάνδρεια,δαφνη αλεξανδρεια,1,1,DIOSC_DMM,Dioscorides
δαφνη λεπτοφυλλος,δάφνη λεπτόφυλλος,δαφνη λεπτοφυλλος,1,1,DIOSC_DMM,Dioscorides
δαφνη πλατυτερα,δάφνη πλατυτέρα,δαφνη πλατυτερα,1,1,DIOSC_DMM,Dioscorides
δαφνη ποα,δάφνη πόα,δαφνη ποα,1,1,PAUL_AEG,Paul
δαφνης ριζης,δάφνης ῥίζης,δαφνης ριζης,1,1,DIOSC_DMM,Dioscorides
δαφνης ριζης φλοιου,δάφνης ῥίζης φλοιοῦ,δαφνης ριζης φλοιου,1,1,DIOSC_DMM,Dioscorides
δαφνης φυλλα,δάφνης φύλλα,δαφνης φυλλα,1,1,DIOSC_DMM,Dioscorides
δαφνης φυλλοις,δάφνης φύλλοις,δαφνης φυλλοις,1,1,DIOSC_DMM,Dioscorides
δαφνης φυλλων χλωρων,δάφνης φύλλων χλωρῶν,δαφνης φυλλων χλωρων,1,1,AET_LM,Aetius
δαφνινον,δάφνινον,δαφνινον,1,1,GAL_SMT,Galen
δαφνινος,δάφνινος,δαφνινος,1,1,ORIB_CM,Oribasius
δαφνις,δαφνίς,δαφνις,3,3,AET_LM;DIOSC_DMM,Aetius;Dioscorides
δαφνιτις,δαφνῖτις,δαφνιτις,1,1,DIOSC_DMM,Dioscorides
δαφνοειδες,δαφνοειδές,δαφνοειδες,4,4,DIOSC_DMM;GAL_SMT;ORIB_CM,Dioscorides;Galen;Oribasius
δαφνοειδες,δαφνοειδές,δαφνοειδες,1,1,PAUL_AEG,Paul
δαφνοειδης,δαφνοειδής,δαφνοειδης,1,1,DIOSC_DMM,Dioscorides
δαφνοειδης,δαφνοειδής,δαφνοειδης,1,1,PAUL_AEG,Paul
δελφινιας,δελφινιάς,δελφινιας,1,1,DIOSC_DMM,Dioscorides
δελφινιον,δελφίνιον,δελφινιον,1,1,DIOSC_DMM,Dioscorides
δελφινιον ετερον,δελφίνιον ἕτερον,δελφινιον ετερον,1,1,DIOSC_DMM,Dioscorides
δενδροειδης,δενδροειδής,δενδροειδης,2,2,GAL_SMT;ORIB_CM,Galen;Oribasius
δενδροειδης,δενδροειδής,δενδροειδης,1,1,PAUL_AEG,Paul
δενδρολιβανον,δενδρολίβανον,δενδρολιβανον,1,1,AET_LM,Aetius
δενδρολιβανου φυλλων,δενδρολιβάνου φύλλων,δενδρολιβανου φυλλων,1,1,AET_LM,Aetius
δενδρομαλαχη,δενδρομαλάχη,δενδρομαλαχη,1,1,GAL_SMT,Galen
δενδρον,δένδρον,δενδρον,7,7,GAL_SMT;ORIB_CM;PAUL_AEG,Galen;Oribasius;Paul
δενδρον,δένδρον,δενδρον,3,3,AET_LM;PAUL_AEG,Aetius;Paul
δενδρον περσικον,δένδρον περσικόν,δενδρον περσικον,1,1,GAL_SMT,Galen
δενδρον περσικον,δένδρον περσικόν,δενδρον περσικον,1,1,AET_LM,Aetius
δενδρωδης,δενδρώδης,δενδρωδης,1,1,DIOSC_DMM,Dioscorides
δερμα,δέρμα,δερμα,7,7,AET_LM;DIOSC_DMM;GAL_SMT;PAUL_AEG,Aetius;Dioscorides;Galen;Paul
δερμα,δέρμα,δερμα,6,6,AET_LM;GAL_ALIM;PAUL_AEG,Aetius;Galen;Paul
δερμα ελαφειον,δέρμα ἐλάφειον,δερμα ελαφειον,1,1,GAL_SMT,Galen
δερμα κασσυμα παλαιος,δέρμα κάσσυμα παλαιός,δερμα κασσυμα παλαιος,1,1,PAUL_AEG,Paul
δερμα παλαιον,δέρμα παλαιόν,δερμα παλαιον,1,1,GAL_SMT,Galen
δερμα προβατου,δέρμα προβάτου,δερμα προβατου,1,1,AET_LM,Aetius
δερμα προβατου,δέρμα προβάτου,δερμα προβατου,1,1,GAL_SMT,Galen
δερμα προβατου νεοδαρτον,Δέρμα προβάτου νεόδαρτον,δερμα προβατου νεοδαρτον,1,1,PAUL_AEG,Paul
δερμα υαινης,δέρμα ὑαίνης,δερμα υαινης,1,1,AET_LM,Aetius
δευτερα,δεύτερα,δευτερα,14,14,AET_LM;DIOSC_DMM;PAUL_AEG,Aetius;Dioscorides;Paul
δευτερια,δευτερία,δευτερια,1,1,DIOSC_DMM,Dioscorides
δευτεριας,δευτερίας,δευτεριας,1,1,DIOSC_DMM,Dioscorides
δηλητηριον,δηλητήριον,δηλητηριον,4,4,DIOSC_DMM;GAL_SMT;ORIB_CM,Dioscorides;Galen;Oribasius
δηλητηριον φαρμακον,δηλητήριον φάρμακον,δηλητηριον φαρμακον,1,1,DIOSC_DMM,Dioscorides
δηλητηριον φαρμακον,δηλητήριον φάρμακον,δηλητηριον φαρμακον,1,1,AET_LM,Aetius
δημητριον,δημήτριον,δημητριον,1,1,GAL_SMT,Galen
δια θαλαττης οινος,διὰ θαλάττης οἶνος,δια θαλαττης οινος,1,1,DIOSC_DMM,Dioscorides
διαξυλον,διάξυλον,διαξυλον,1,1,DIOSC_DMM,Dioscorides
διαυγες υδωρ,διαυγὲς ὕδωρ,διαυγες υδωρ,1,1,DIOSC_DMM,Dioscorides
διαφανες,διαφανές,διαφανες,1,1,AET_LM,Aetius
διαφυσεις,διαφύσεις,διαφυσεις,1,1,DIOSC_DMM,Dioscorides
διαφυσιν,διάφυσιν,διαφυσιν,1,1,DIOSC_DMM,Dioscorides
διαχυσις,διάχυσις,διαχυσις,1,1,DIOSC_DMM,Dioscorides
διαχυτος,διάχυτος,διαχυτος,1,1,DIOSC_DMM,Dioscorides
διαχωρημα,διαχώρημα,διαχωρημα,1,1,AET_LM,Aetius
διδακτυλον,διδάκτυλον,διδακτυλον,1,1,DIOSC_DMM,Dioscorides
διζα,δίζα,διζα,1,1,DIOSC_DMM,Dioscorides
διζα,δῖζα,διζα,1,1,DIOSC_DMM,Dioscorides
δικοκκος ζεα,δικόκκος ζέα,δικοκκος ζεα,1,1,DIOSC_DMM,Dioscorides
δικταμνον,Δίκταμνον,δικταμνον,1,1,ORIB_CM,Oribasius
δικταμνον,δίκταμνον,δικταμνον,6,6,AET_LM;DIOSC_DMM;GAL_SMT;ORIB_CM,Aetius;Dioscorides;Galen;Oribasius
δικταμνον,δικτάμνον,δικταμνον,1,1,DIOSC_DMM,Dioscorides
δικταμνον,δικτάμνον,δικταμνον,1,1,PAUL_AEG,Paul
δικταμνον,δίκταμνον,δικταμνον,1,1,PAUL_AEG,Paul
διονυσιας,Διονυσιάς,διονυσιας,2,2,DIOSC_DMM;ORIB_CM,Dioscorides;Oribasius
διονυσιας,διονυσίας,διονυσιας,1,1,GAL_SMT,Galen
διονυσιας,διονυσιάς,διονυσιας,1,1,PAUL_AEG,Paul
διονυσιας,διονυσιὰς,διονυσιας,1,1,PAUL_AEG,Paul
διονυσιον,Διονύσιον,διονυσιον,1,1,DIOSC_DMM,Dioscorides
διος βαλανος,Διὸς βάλανος,διος βαλανος,1,1,DIOSC_DMM,Dioscorides
διρκαια,Διρκαία,διρκαια,1,1,DIOSC_DMM,Dioscorides
διρκαια,διρκαία,διρκαια,1,1,DIOSC_DMM,Dioscorides
διφρυγες,διφρυγές,διφρυγες,5,5,AET_LM;DIOSC_DMM;GAL_SMT;PAUL_AEG,Aetius;Dioscorides;Galen;Paul
διφρυγες,διφρυγές,διφρυγες,1,1,GAL_SMT,Galen
διψακος,δίψακος,διψακος,3,3,AET_LM;DIOSC_DMM;GAL_ALIM,Aetius;Dioscorides;Galen
διψακος,διψάκος,διψακος,2,2,GAL_SMT;ORIB_CM,Galen;Oribasius
διψακος,διψακός,διψακος,1,1,PAUL_AEG,Paul
διψακος ακανθα,διψάκος ἄκανθα,διψακος ακανθα,1,1,GAL_SMT,Galen
διψακου ριζα,Διψάκου ῥίζα,διψακου ριζα,1,1,ORIB_CM,Oribasius
δοιδυξ,δοίδυξ,δοιδυξ,1,1,AET_LM,Aetius
δολιχος,δόλιχος,δολιχος,3,3,AET_LM;GAL_ALIM,Aetius;Galen
δοναξ,δόναξ,δοναξ,1,1,DIOSC_DMM,Dioscorides
δορυκνιδιον,δορυκνίδιον,δορυκνιδιον,1,1,GAL_SMT,Galen
δορυκνιον,Δορύκνιον,δορυκνιον,1,1,PAUL_AEG,Paul
δορυκνιον,δορύκνιον,δορυκνιον,5,5,AET_LM;DIOSC_DMM;ORIB_CM,Aetius;Dioscorides;Oribasius
δραβη,δράβη,δραβη,1,1,DIOSC_DMM,Dioscorides
δραβη ποα,δράβη πόα,δραβη ποα,1,1,DIOSC_DMM,Dioscorides
δρακαινη,δρακαίνη,δρακαινη,1,1,PAUL_AEG,Paul
δρακοντιον,δρακοντίον,δρακοντιον,3,3,AET_LM;DIOSC_DMM;GAL_SMT,Aetius;Dioscorides;Galen
δρακοντιον,δρακόντιον,δρακοντιον,1,1,DIOSC_DMM,Dioscorides
δρακοντιον,δρακόντιον,δρακοντιον,9,9,AET_LM;DIOSC_DMM;GAL_SMT;ORIB_CM;PAUL_AEG,Aetius;Dioscorides;Galen;Oribasius;Paul
δρακοντος θαλαττιου φολιδας,δράκοντος θαλαττίου φολίδας,δρακοντος θαλαττιου φολιδας,1,1,AET_LM,Aetius
δρακων,δράκων,δρακων,5,5,AET_LM;DIOSC_DMM;GAL_SMT;PAUL_AEG,Aetius;Dioscorides;Galen;Paul
δρακων,δράκων,δρακων,1,1,PAUL_AEG,Paul
δρακων θαλασσιος,δράκων θαλάσσιος,δρακων θαλασσιος,1,1,DIOSC_DMM,Dioscorides
δρακων θαλαττιος,δράκων θαλάττιος,δρακων θαλαττιος,2,2,AET_LM;GAL_SMT,Aetius;Galen
δριμεια ιρις,δριμεῖα ἶρις,δριμεια ιρις,1,1,AET_LM,Aetius
δριμεια τεφρα,δριμεῖα τέφρα,δριμεια τεφρα,1,1,PAUL_AEG,Paul
δροσομελι,δροσόμελι,δροσομελι,1,1,GAL_ALIM,Galen
δροσος,δρόσος,δροσος,4,4,AET_LM;DIOSC_DMM;GAL_ALIM;GAL_SMT,Aetius;Dioscorides;Galen
δροσος,δρόσος,δροσος,1,1,ORIB_CM,Oribasius
δρυινος ανθραξ,δρυῖνος ἄνθραξ,δρυινος ανθραξ,1,1,DIOSC_DMM,Dioscorides
δρυοπτερις,δρυοπτερίς,δρυοπτερις,2,2,DIOSC_DMM;ORIB_CM,Dioscorides;Oribasius
δρυοπτερις,δρυοπτερὶς,δρυοπτερις,1,1,PAUL_AEG,Paul
δρυοπτερις,δρυοπτερίς,δρυοπτερις,1,1,GAL_SMT,Galen
δρυπεπειρος ελαια,δρυπέπειρος ἐλαία,δρυπεπειρος ελαια,1,1,AET_LM,Aetius
δρυπεπης,δρυπεπής,δρυπεπης,1,1,GAL_ALIM,Galen
δρυπετος,δρυπετός,δρυπετος,1,1,GAL_SMT,Galen
δρυς,δρῦς,δρυς,17,17,AET_LM;DIOSC_DMM;GAL_SMT;PAUL_AEG,Aetius;Dioscorides;Galen;Paul
δυσαρον,δύσαρον,δυσαρον,1,1,DIOSC_DMM,Dioscorides
δωριας,δωριάς,δωριας,1,1,PAUL_AEG,Paul
δωρις,Δωρίς,δωρις,1,1,DIOSC_DMM,Dioscorides
εαρινος,ἐαρινός,εαρινος,1,1,DIOSC_DMM,Dioscorides
εβενος,ἔβενος,εβενος,4,4,AET_LM;DIOSC_DMM;GAL_SMT;PAUL_AEG,Aetius;Dioscorides;Galen;Paul
εβενος αιθιοπικη,ἔβενος Αἰθιοπική,εβενος αιθιοπικη,1,1,DIOSC_DMM,Dioscorides
εβενος ινδικη,ἔβενος Ἰνδική,εβενος ινδικη,1,1,DIOSC_DMM,Dioscorides
εβενος ξυλον,ἔβενος ξύλον,εβενος ξυλον,1,1,AET_LM,Aetius
εβενος το ξυλον,Ἔβενος τὸ ξύλον,εβενος το ξυλον,1,1,PAUL_AEG,Paul
εβισκος,ἐβίσκος,εβισκος,4,4,AET_LM;DIOSC_DMM;GAL_SMT;PAUL_AEG,Aetius;Dioscorides;Galen;Paul
εγκεφαλον,ἐγκέφαλον,εγκεφαλον,1,1,AET_LM,Aetius
εγκεφαλον αλεκτρυονος,ἐγκέφαλον ἀλεκτρυόνος,εγκεφαλον αλεκτρυονος,1,1,PAUL_AEG,Paul
εγκεφαλον λαγωου,Ἐγκέφαλον λαγωοῦ,εγκεφαλον λαγωου,1,1,PAUL_AEG,Paul
εγκεφαλον της γαλης,ἐγκέφαλον τῆς γαλῆς,εγκεφαλον της γαλης,1,1,PAUL_AEG,Paul
εγκεφαλον της καμηλου,ἐγκέφαλον τῆς καμήλου,εγκεφαλον της καμηλου,1,1,PAUL_AEG,Paul
εγκεφαλον της χελιδονος,ἐγκέφαλον τῆς χελιδόνος,εγκεφαλον της χελιδονος,1,1,PAUL_AEG,Paul
εγκεφαλον των προβατων,ἐγκέφαλον τῶν προβάτων,εγκεφαλον των προβατων,1,1,PAUL_AEG,Paul
εγκεφαλος,ἐγκέφαλος,εγκεφαλος,5,5,AET_LM;DIOSC_DMM;GAL_SMT;PAUL_AEG,Aetius;Dioscorides;Galen;Paul
εγκεφαλος,ἐγκέφαλος,εγκεφαλος,2,2,AET_LM;GAL_SMT,Aetius;Galen
εγκεφαλος ανθρωπου,ἐγκέφαλος ἀνθρώπου,εγκεφαλος ανθρωπου,1,1,GAL_SMT,Galen
εγκεφαλος λαγωος,ἐγκέφαλος λαγωός,εγκεφαλος λαγωος,1,1,GAL_SMT,Galen
εγκεφαλω,ἐγκεφάλῳ,εγκεφαλω,1,1,ORIB_CM,Oribasius
εγχελυς,ἔγχελυς,εγχελυς,1,1,AET_LM,Aetius
εδεσμα,ἔδεσμα,εδεσμα,1,1,GAL_SMT,Galen
εδωδιμον,ἐδώδιμον,εδωδιμον,1,1,GAL_SMT,Galen
εδωδιμον,ἐδώδιμον,εδωδιμον,2,2,PAUL_AEG,Paul
εδωδιμον περσικον,ἐδώδιμον περσικόν,εδωδιμον περσικον,1,1,GAL_SMT,Galen
εδωδιμον περσικον,ἐδώδιμον περσικόν,εδωδιμον περσικον,1,1,PAUL_AEG,Paul
εδωδιμος θερμος,ἐδώδιμος θέρμος,εδωδιμος θερμος,1,1,PAUL_AEG,Paul
ειλικρινης γη,εἰλικρινής γῆ,ειλικρινης γη,1,1,ORIB_CM,Oribasius
εκ του καρπου,ἐκ τοῦ καρποῦ,εκ του καρπου,1,1,DIOSC_DMM,Dioscorides
εκ του καρπου της δαφνης,ἐκ τοῦ καρποῦ τῆς δάφνης,εκ του καρπου της δαφνης,1,1,AET_LM,Aetius
εκβλαστημα,ἐκβλάστημα,εκβλαστημα,2,2,AET_LM;GAL_SMT,Aetius;Galen
εκλευκος,ἔκλευκος,εκλευκος,1,1,AET_LM,Aetius
εκτομον,ἔκτομον,εκτομον,1,1,DIOSC_DMM,Dioscorides
εκφυσεις,ἐκφύσεις,εκφυσεις,1,1,DIOSC_DMM,Dioscorides
ελαια,ἐλαία,ελαια,41,39,AET_LM;DIOSC_DMM;GAL_ALIM;GAL_SMT;ORIB_CM;PAUL_AEG,Aetius;Dioscorides;Galen;Oribasius;Paul
ελαια,ἐλαία,ελαια,4,4,GAL_SMT;ORIB_CM;PAUL_AEG,Galen;Oribasius;Paul
ελαια αγρια,ἐλαία ἀγρία,ελαια αγρια,2,2,DIOSC_DMM;ORIB_CM,Dioscorides;Oribasius
ελαια αγρια,ἐλαία ἄγρια,ελαια αγρια,1,1,GAL_SMT,Galen
ελαια αιθιοπικη,ἐλαία αἰθιοπική,ελαια αιθιοπικη,1,1,PAUL_AEG,Paul
ελαιας αιθιοπικης το δακρυον,Ἐλαίας Αἰθιοπικῆς τὸ δάκρυον,ελαιας αιθιοπικης το δακρυον,1,1,PAUL_AEG,Paul
ελαιας θαλλοι,Ἐλαίας θαλλοὶ,ελαιας θαλλοι,1,1,ORIB_CM,Oribasius
ελαιας καρπος,ἐλαίας καρπός,ελαιας καρπος,1,1,AET_LM,Aetius
ελαιας καρπος,Ἐλαίας καρπὸς,ελαιας καρπος,1,1,ORIB_CM,Oribasius
ελαιομελι,ἐλαιόμελι,ελαιομελι,1,1,DIOSC_DMM,Dioscorides
ελαιον,ἔλαιον,ελαιον,270,270,AET_LM;DIOSC_DMM;GAL_ALIM;GAL_SMT;ORIB_CM;PAUL_AEG,Aetius;Dioscorides;Galen;Oribasius;Paul
ελαιον αγριας ελαιας,ἔλαιον ἀγρίας ἐλαίας,ελαιον αγριας ελαιας,3,3,DIOSC_DMM;GAL_SMT,Dioscorides;Galen
ελαιον βαλανινον,ἔλαιον βαλάνινον,ελαιον βαλανινον,1,1,DIOSC_DMM,Dioscorides
ελαιον βαλανινον,ἔλαιον βαλανῖνον,ελαιον βαλανινον,2,2,DIOSC_DMM,Dioscorides
ελαιον γλυκυ,ἔλαιον γλυκύ,ελαιον γλυκυ,5,5,AET_LM;GAL_SMT,Aetius;Galen
ελαιον γλυκυ ιταλικον,ἔλαιον γλυκὺ ἰταλικόν,ελαιον γλυκυ ιταλικον,1,1,AET_LM,Aetius
ελαιον εκ ελαιας,ἔλαιον ἐκ ἐλαίας,ελαιον εκ ελαιας,1,1,ORIB_CM,Oribasius
ελαιον εκ καρπου,ἔλαιον ἐκ καρποῦ,ελαιον εκ καρπου,1,1,AET_LM,Aetius
ελαιον εκ σησαμου,ἔλαιον ἐκ σήσαμου,ελαιον εκ σησαμου,1,1,ORIB_CM,Oribasius
ελαιον εκ του καρπου,ἔλαιον ἐκ τοῦ καρποῦ,ελαιον εκ του καρπου,1,1,GAL_SMT,Galen
ελαιον ελαιας αγριας,ἔλαιον ἐλαίας ἀγρίας,ελαιον ελαιας αγριας,1,1,ORIB_CM,Oribasius
ελαιον ιρινον,ἔλαιον ἴρινον,ελαιον ιρινον,1,1,DIOSC_DMM,Dioscorides
ελαιον κικινον,ἔλαιον κίκινον,ελαιον κικινον,3,3,AET_LM,Aetius
ελαιον κρινινον,ἔλαιον κρίνινον,ελαιον κρινινον,1,1,DIOSC_DMM,Dioscorides
ελαιον λεπτομερες,ἔλαιον λεπτομερές,ελαιον λεπτομερες,1,1,GAL_SMT,Galen
ελαιον λιπαρον,ἔλαιον λιπαρόν,ελαιον λιπαρον,1,1,ORIB_CM,Oribasius
ελαιον μυρσινον,ἔλαιον μύρσινον,ελαιον μυρσινον,1,1,AET_LM,Aetius
ελαιον ομφακιζον,ἔλαιον ὀμφακίζον,ελαιον ομφακιζον,3,3,AET_LM,Aetius
ελαιον ομφακινον,ἔλαιον ὀμφάκινον,ελαιον ομφακινον,1,1,GAL_SMT,Galen
ελαιον ομφακινον,ἔλαιον ὀμφακῖνον,ελαιον ομφακινον,9,9,AET_LM;DIOSC_DMM,Aetius;Dioscorides
ελαιον παλαιον,ἔλαιον παλαιόν,ελαιον παλαιον,7,7,AET_LM;DIOSC_DMM;GAL_SMT,Aetius;Dioscorides;Galen
ελαιον παλαιος,ἔλαιον παλαιός,ελαιον παλαιος,1,1,AET_LM,Aetius
ελαιον πεπλυμενον,ἔλαιον πεπλυμένον,ελαιον πεπλυμενον,1,1,DIOSC_DMM,Dioscorides
ελαιον πρωτειον,ἔλαιον πρωτεῖον,ελαιον πρωτειον,1,1,AET_LM,Aetius
ελαιον ροδινον,ἔλαιον ῥοδῖνον,ελαιον ροδινον,1,1,AET_LM,Aetius
ελαιον ροδινον,ἔλαιον ῥόδινον,ελαιον ροδινον,1,1,DIOSC_DMM,Dioscorides
ελαιον σησαμινον,ἔλαιον σησαμῖνον,ελαιον σησαμινον,1,1,AET_LM,Aetius
ελαιον σκιλλητικον,ἔλαιον σκιλλητικόν,ελαιον σκιλλητικον,1,1,DIOSC_DMM,Dioscorides
ελαιωδης κεδρεα,ἐλαιώδης κεδρέα,ελαιωδης κεδρεα,1,1,GAL_SMT,Galen
ελασμα μολυβδινος,ἔλασμα μολύβδινος,ελασμα μολυβδινος,1,1,PAUL_AEG,Paul
ελατη,ἐλάτη,ελατη,6,6,DIOSC_DMM;ORIB_CM;PAUL_AEG,Dioscorides;Oribasius;Paul
ελατη φοινικινη,ἐλάτη φοινικίνη,ελατη φοινικινη,1,1,DIOSC_DMM,Dioscorides
ελατην,ἐλάτην,ελατην,1,1,GAL_SMT,Galen
ελατινη,ἐλατίνη,ελατινη,6,6,DIOSC_DMM;GAL_SMT;ORIB_CM;PAUL_AEG,Dioscorides;Galen;Oribasius;Paul
ελατινη,ἐλατίνη,ελατινη,1,1,PAUL_AEG,Paul
ελατινη,Ἐλατίνη,ελατινη,1,1,ORIB_CM,Oribasius
ελαφειον στεαρ,ἐλάφειον στέαρ,ελαφειον στεαρ,1,1,DIOSC_DMM,Dioscorides
ελαφειος,ἐλάφειος,ελαφειος,1,1,DIOSC_DMM,Dioscorides
ελαφειος μυελος,ἐλάφειος μυελός,ελαφειος μυελος,1,1,GAL_SMT,Galen
ελαφοβοσκον,ἐλαφοβόσκον,ελαφοβοσκον,2,2,DIOSC_DMM,Dioscorides
ελαφοβοσκον,ἐλαφόβοσκον,ελαφοβοσκον,1,1,AET_LM,Aetius
ελαφοβοσκος,ἐλαφοβοσκος,ελαφοβοσκος,1,1,PAUL_AEG,Paul
ελαφοβοσκος,ἐλαφοβόσκος,ελαφοβοσκος,1,1,DIOSC_DMM,Dioscorides
ελαφοβοσκος,ἐλαφόβοσκος,ελαφοβοσκος,2,2,GAL_SMT;ORIB_CM,Galen;Oribasius
ελαφος,ἔλαφος,ελαφος,5,5,AET_LM;DIOSC_DMM;GAL_SMT,Aetius;Dioscorides;Galen
ελαφου κερας,ἐλάφου κέρας,ελαφου κερας,1,1,DIOSC_DMM,Dioscorides
ελαφου κερας,ἐλάφου κέρας,ελαφου κερας,1,1,AET_LM,Aetius
ελειος ακτη,ἕλειος ἀκτή,ελειος ακτη,1,1,DIOSC_DMM,Dioscorides
ελελισφακον,ἐλελίσφακον,ελελισφακον,1,1,DIOSC_DMM,Dioscorides
ελελισφακος,ἐλελίσφακος,ελελισφακος,5,5,AET_LM;DIOSC_DMM;GAL_SMT,Aetius;Dioscorides;Galen
ελελισφακος,ἐλελισφάκος,ελελισφακος,1,1,DIOSC_DMM,Dioscorides
ελελισφακος,ἐλελίσφακος,ελελισφακος,1,1,PAUL_AEG,Paul
ελελισφακος,Ἐλελίσφακος,ελελισφακος,1,1,ORIB_CM,Oribasius
ελενιον,ἐλένιον,ελενιον,1,1,GAL_SMT,Galen
ελενιον,ἑλένιον,ελενιον,10,10,AET_LM;DIOSC_DMM;ORIB_CM;PAUL_AEG,Aetius;Dioscorides;Oribasius;Paul
ελενιον,Ἑλένιον,ελενιον,3,3,DIOSC_DMM,Dioscorides
ελενιου ριζα,ἐλενίου ῥίζα,ελενιου ριζα,1,1,GAL_SMT,Galen
ελενιου ριζα,ἑλενίου ῥίζα,ελενιου ριζα,1,1,AET_LM,Aetius
ελενιου ριζας,Ἑλενίου ῥίζας,ελενιου ριζας,1,1,DIOSC_DMM,Dioscorides
ελενιου ριζη,ἑλενίου ῥίζῃ,ελενιου ριζη,1,1,DIOSC_DMM,Dioscorides
ελενιου ριζης,Ἑλενίου ῥίζης,ελενιου ριζης,1,1,DIOSC_DMM,Dioscorides
ελεοσελινον,ἐλεοσέλινον,ελεοσελινον,1,1,DIOSC_DMM,Dioscorides
ελεοσελινον,ἐλεοσέλινον,ελεοσελινον,1,1,PAUL_AEG,Paul
ελεφαντειος,ἐλεφάντειος,ελεφαντειος,1,1,DIOSC_DMM,Dioscorides
ελεφαντος οδοντος,ἐλέφαντος ὀδόντος,ελεφαντος οδοντος,1,1,DIOSC_DMM,Dioscorides
ελεφας,ἐλέφας,ελεφας,4,4,DIOSC_DMM;ORIB_CM;PAUL_AEG,Dioscorides;Oribasius;Paul
ελικας,ἕλικας,ελικας,1,1,DIOSC_DMM,Dioscorides
ελικες,ἕλικες,ελικες,3,3,DIOSC_DMM,Dioscorides
ελιξ,ἕλιξ,ελιξ,1,1,DIOSC_DMM,Dioscorides
ελιχρυσον,ἐλίχρυσον,ελιχρυσον,1,1,PAUL_AEG,Paul
ελιχρυσον,ἑλίχρυσον,ελιχρυσον,1,1,DIOSC_DMM,Dioscorides
ελιχρυσος,ἑλίχρυσος,ελιχρυσος,1,1,DIOSC_DMM,Dioscorides
ελκυσμα,ἕλκυσμα,ελκυσμα,5,5,AET_LM;DIOSC_DMM;GAL_SMT;ORIB_CM;PAUL_AEG,Aetius;Dioscorides;Galen;Oribasius;Paul
ελκυσμα αργυρου,ἕλκυσμα ἀργύρου,ελκυσμα αργυρου,1,1,PAUL_AEG,Paul
ελλεβορινη,ἐλλεβορίνη,ελλεβορινη,2,2,DIOSC_DMM;PAUL_AEG,Dioscorides;Paul
ελλεβορος,ἐλλέβορος,ελλεβορος,15,15,AET_LM;DIOSC_DMM;GAL_ALIM;GAL_SMT;PAUL_AEG,Aetius;Dioscorides;Galen;Paul
ελλεβορος,ἑλλέβορος,ελλεβορος,15,15,AET_LM;DIOSC_DMM;ORIB_CM;PAUL_AEG,Aetius;Dioscorides;Oribasius;Paul
ελλεβορος λευκος,ἐλλέβορος λευκός,ελλεβορος λευκος,6,6,DIOSC_DMM;GAL_SMT;PAUL_AEG,Dioscorides;Galen;Paul
ελλεβορος λευκος,ἑλλέβορος λευκός,ελλεβορος λευκος,1,1,DIOSC_DMM,Dioscorides
ελλεβορος μελας,ἐλλέβορος μέλας,ελλεβορος μελας,2,2,DIOSC_DMM;GAL_SMT,Dioscorides;Galen
ελλεβορος μελας,ἑλλέβορος μέλας,ελλεβορος μελας,5,5,DIOSC_DMM,Dioscorides
ελμις,ἕλμις,ελμις,1,1,PAUL_AEG,Paul
ελξινη,ἑλξίνη,ελξινη,16,16,AET_LM;DIOSC_DMM;GAL_SMT;ORIB_CM;PAUL_AEG,Aetius;Dioscorides;Galen;Oribasius;Paul
ελξινη,ἑλξίνη,ελξινη,2,2,PAUL_AEG,Paul
ελξινη,ἕλξινη,ελξινη,1,1,DIOSC_DMM,Dioscorides
ελυμος,ἔλυμος,ελυμος,5,5,AET_LM;DIOSC_DMM;GAL_SMT;ORIB_CM;PAUL_AEG,Aetius;Dioscorides;Galen;Oribasius;Paul
ελυτροις,ἐλύτροις,ελυτροις,1,1,DIOSC_DMM,Dioscorides
εμβρυον,ἔμβρυον,εμβρυον,36,36,AET_LM;DIOSC_DMM;GAL_SMT;PAUL_AEG,Aetius;Dioscorides;Galen;Paul
εμβρυον νεκρον,ἔμβρυον νεκρόν,εμβρυον νεκρον,1,1,GAL_SMT,Galen
εμμηνα,ἔμμηνα,εμμηνα,72,72,AET_LM;DIOSC_DMM;GAL_SMT;PAUL_AEG,Aetius;Dioscorides;Galen;Paul
εμμηνια,ἐμμήνια,εμμηνια,2,2,AET_LM,Aetius
εμμηνον,ἔμμηνον,εμμηνον,21,21,AET_LM;DIOSC_DMM;GAL_SMT,Aetius;Dioscorides;Galen
εμμηνος,ἔμμηνος,εμμηνος,2,2,DIOSC_DMM,Dioscorides
εμμηνων,ἐμμήνων,εμμηνων,1,1,PAUL_AEG,Paul
εμπετρον,ἔμπετρον,εμπετρον,5,5,AET_LM;DIOSC_DMM;GAL_SMT;PAUL_AEG,Aetius;Dioscorides;Galen;Paul
εν τω φλοιω του πρεμνου,ἐν τῷ φλοιῷ τοῦ πρέμνου,εν τω φλοιω του πρεμνου,1,1,GAL_SMT,Galen
ενδον χιτωνος,ἔνδον χιτῶνος,ενδον χιτωνος,1,1,GAL_SMT,Galen
ενορυ,ἔνορυ,ενορυ,1,1,DIOSC_DMM,Dioscorides
εντερα γης,ἔντερα γῆς,εντερα γης,1,1,PAUL_AEG,Paul
εντερα γης λεια,ἔντερα γῆς λεῖα,εντερα γης λεια,1,1,PAUL_AEG,Paul
εντερα της γης,ἔντερα τῆς γῆς,εντερα της γης,1,1,GAL_SMT,Galen
εντεριωνη,ἐντεριώνη,εντεριωνη,1,1,DIOSC_DMM,Dioscorides
εντεριωνη,ἐντεριώνη,εντεριωνη,4,4,AET_LM;DIOSC_DMM;GAL_SMT;ORIB_CM,Aetius;Dioscorides;Galen;Oribasius
εντεριωνην,ἐντεριώνην,εντεριωνην,2,2,DIOSC_DMM,Dioscorides
εντεριωνην,ἐντεριώνην,εντεριωνην,1,1,AET_LM,Aetius
εντερον,ἔντερον,εντερον,5,5,AET_LM;DIOSC_DMM;GAL_SMT;PAUL_AEG,Aetius;Dioscorides;Galen;Paul
εντερον γης,ἔντερον γῆς,εντερον γης,1,1,AET_LM,Aetius
εντος,ἐντὸς,εντος,1,1,DIOSC_DMM,Dioscorides
εντοσθιδια,ἐντοσθίδια,εντοσθιδια,2,2,AET_LM,Aetius
εντοσθιδιων,ἐντοσθιδίων,εντοσθιδιων,1,1,DIOSC_DMM,Dioscorides
εντυβον,ἔντυβον,εντυβον,1,1,DIOSC_DMM,Dioscorides
εντυβον αγριον,ἔντυβον ἄγριον,εντυβον αγριον,1,1,DIOSC_DMM,Dioscorides
ενυδρος,ἔνυδρος,ενυδρος,1,1,PAUL_AEG,Paul
εξανθησις,ἐξάνθησις,εξανθησις,1,1,ORIB_CM,Oribasius
εξοχας,ἐξοχάς,εξοχας,1,1,DIOSC_DMM,Dioscorides
εξωνυχον,ἐξώνυχον,εξωνυχον,1,1,DIOSC_DMM,Dioscorides
επανθημα,ἐπάνθημα,επανθημα,1,1,PAUL_AEG,Paul
επανθισμα,ἐπάνθισμα,επανθισμα,1,1,AET_LM,Aetius
επιθυμον,ἐπίθυμον,επιθυμον,8,8,AET_LM;DIOSC_DMM;GAL_SMT;ORIB_CM;PAUL_AEG,Aetius;Dioscorides;Galen;Oribasius;Paul
επιθυμον,Ἐπίθυμον,επιθυμον,1,1,PAUL_AEG,Paul
επιμηδιον,ἐπιμήδιον,επιμηδιον,3,3,DIOSC_DMM;GAL_SMT;ORIB_CM,Dioscorides;Galen;Oribasius
επιμηδιον,Ἐπιμήδιον,επιμηδιον,1,1,PAUL_AEG,Paul
επιμηλιον,ἐπιμήλιον,επιμηλιον,1,1,ORIB_CM,Oribasius
επιμηλις,ἐπιμηλίς,επιμηλις,2,2,GAL_SMT;PAUL_AEG,Galen;Paul
επιμηνια,ἐπιμήνια,επιμηνια,1,1,GAL_SMT,Galen
επιμηνιον,ἐπιμήνιον,επιμηνιον,1,1,DIOSC_DMM,Dioscorides
επιπακτις,ἐπιπακτίς,επιπακτις,1,1,DIOSC_DMM,Dioscorides
επιπετρον,ἐπίπετρον,επιπετρον,1,1,AET_LM,Aetius
επιρροη,ἐπιρροή,επιρροη,1,1,AET_LM,Aetius
επιτακτις,ἐπιτακτίς,επιτακτις,1,1,PAUL_AEG,Paul
επιφυσις,ἐπίφυσις,επιφυσις,2,2,GAL_SMT;ORIB_CM,Galen;Oribasius
επταπλευρον,ἑπτάπλευρον,επταπλευρον,1,1,DIOSC_DMM,Dioscorides
ερεβινθος,ἐρέβινθος,ερεβινθος,15,15,AET_LM;DIOSC_DMM;GAL_ALIM;GAL_SMT;ORIB_CM;PAUL_AEG,Aetius;Dioscorides;Galen;Oribasius;Paul
ερεβινθος αγριος,ἐρέβινθος ἄγριος,ερεβινθος αγριος,3,3,DIOSC_DMM;GAL_SMT;ORIB_CM,Dioscorides;Galen;Oribasius
ερεβινθος ημερος,ἐρέβινθος ἥμερος,ερεβινθος ημερος,1,1,DIOSC_DMM,Dioscorides
ερεγμος,ἐρεγμός,ερεγμος,1,1,DIOSC_DMM,Dioscorides
ερεικη,ἐρείκη,ερεικη,5,5,DIOSC_DMM;GAL_SMT;ORIB_CM,Dioscorides;Galen;Oribasius
ερετριας,ἐρετριάς,ερετριας,1,1,AET_LM,Aetius
ερετριας,Ἐρετριάς,ερετριας,3,3,DIOSC_DMM;GAL_SMT;ORIB_CM,Dioscorides;Galen;Oribasius
ερετριας,Ἐρετριὰς,ερετριας,1,1,PAUL_AEG,Paul
ερετριας γη,Ἐρετριάς γῆ,ερετριας γη,1,1,DIOSC_DMM,Dioscorides
ερετριας γη,Ἑρετριάς γῆ,ερετριας γη,1,1,DIOSC_DMM,Dioscorides
ερευθεδανον,ἐρευθέδανον,ερευθεδανον,1,1,DIOSC_DMM,Dioscorides
ερικη,ἐρίκη,ερικη,1,1,PAUL_AEG,Paul
ερινεος,ἐρινεός,ερινεος,5,5,DIOSC_DMM;GAL_SMT;ORIB_CM,Dioscorides;Galen;Oribasius
ερινεος,ἐρινεός,ερινεος,1,1,PAUL_AEG,Paul
ερινεων συκα,ἐρινεῶν σῦκα,ερινεων συκα,1,1,GAL_SMT,Galen
ερινος,ἔρινος,ερινος,1,1,PAUL_AEG,Paul
εριον,ἔριον,εριον,17,17,AET_LM;DIOSC_DMM;GAL_SMT;ORIB_CM;PAUL_AEG,Aetius;Dioscorides;Galen;Oribasius;Paul
εριον κεκαυμενον,ἔριον κεκαυμένον,εριον κεκαυμενον,2,2,DIOSC_DMM;GAL_SMT,Dioscorides;Galen
εριον οισυπηρον,ἔριον οἰσυπηρόν,εριον οισυπηρον,3,3,DIOSC_DMM,Dioscorides
εριφος,ἔριφος,εριφος,1,1,AET_LM,Aetius
εριφου αιμα,ἐρίφου αἷμα,εριφου αιμα,1,1,AET_LM,Aetius
εριωδες,ἐριῶδες,εριωδες,2,2,GAL_SMT;PAUL_AEG,Galen;Paul
ερμοδακτυλος,Ἑρμοδάκτυλος,ερμοδακτυλος,1,1,PAUL_AEG,Paul
ερμου βοτανιον,Ἑρμοῦ βοτάνιον,ερμου βοτανιον,1,1,DIOSC_DMM,Dioscorides
ερπετον,ἑρπετόν,ερπετον,1,1,PAUL_AEG,Paul
ερπυλλον,ἕρπυλλον,ερπυλλον,4,4,DIOSC_DMM;ORIB_CM,Dioscorides;Oribasius
ερπυλλον αγριον μεγα,ἕρπυλλον ἄγριον μέγα,ερπυλλον αγριον μεγα,1,1,DIOSC_DMM,Dioscorides
ερπυλλος,ἑρπύλλος,ερπυλλος,1,1,DIOSC_DMM,Dioscorides
ερπυλλος,ἔρπυλλος,ερπυλλος,1,1,DIOSC_DMM,Dioscorides
ερπυλλος,ἕρπυλλος,ερπυλλος,6,6,AET_LM;DIOSC_DMM;GAL_ALIM;GAL_SMT;PAUL_AEG,Aetius;Dioscorides;Galen;Paul
ερπυλλος αγριος,ἕρπυλλος ἄγριος,ερπυλλος αγριος,1,1,DIOSC_DMM,Dioscorides
ερυθρα ριζα,ἐρυθρὰ ῥίζα,ερυθρα ριζα,1,1,PAUL_AEG,Paul
ερυθραικον σατυριον,ἐρυθραϊκὸν σατύριον,ερυθραικον σατυριον,1,1,DIOSC_DMM,Dioscorides
ερυθροδανον,ἐρυθρόδανον,ερυθροδανον,4,4,AET_LM;DIOSC_DMM;GAL_SMT,Aetius;Dioscorides;Galen
ερυθροδανον,ἐρυθρόδανον,ερυθροδανον,1,1,PAUL_AEG,Paul
ερυθροδανον,Ἐρυθρόδανον,ερυθροδανον,1,1,ORIB_CM,Oribasius
ερυθροδανος,ἐρυθρόδανος,ερυθροδανος,1,1,DIOSC_DMM,Dioscorides
ερυθρος χαλκος,ἐρυθρὸς χαλκός,ερυθρος χαλκος,3,3,DIOSC_DMM;GAL_SMT;PAUL_AEG,Dioscorides;Galen;Paul
ερυσιμον,ἐρυσίμον,ερυσιμον,1,1,AET_LM,Aetius
ερυσιμον,ἐρύσιμον,ερυσιμον,5,5,DIOSC_DMM;GAL_SMT;ORIB_CM,Dioscorides;Galen;Oribasius
ερυσιμον,ἐρύσιμον,ερυσιμον,1,1,PAUL_AEG,Paul
ερυσιμου σπερμα,ἐρυσίμου σπέρμα,ερυσιμου σπερμα,1,1,AET_LM,Aetius
ερυσιμου σπερμα,Ἐρυσίμου σπέρμα,ερυσιμου σπερμα,1,1,ORIB_CM,Oribasius
ερυσιμου το σπερμα,ἐρυσίμου τὸ σπέρμα,ερυσιμου το σπερμα,1,1,GAL_SMT,Galen
ερυσιμου το σπερμα,Ἐρυσίμου τὸ σπέρμα,ερυσιμου το σπερμα,1,1,PAUL_AEG,Paul
ερυσισκηπτρον,ἐρυσίσκηπτρον,ερυσισκηπτρον,3,3,DIOSC_DMM,Dioscorides
εστυμμενον ελαιον,ἐστυμμένον ἔλαιον,εστυμμενον ελαιον,2,2,DIOSC_DMM,Dioscorides
ετερον τραγιον,ἕτερον τράγιον,ετερον τραγιον,1,1,GAL_SMT,Galen
ευζωμον,εὔζωμον,ευζωμον,13,13,AET_LM;DIOSC_DMM;GAL_ALIM;GAL_SMT;PAUL_AEG,Aetius;Dioscorides;Galen;Paul
ευζωμον αγριον,εὔζωμον ἄγριον,ευζωμον αγριον,1,1,DIOSC_DMM,Dioscorides
ευζωμος,εὔζωμος,ευζωμος,1,1,DIOSC_DMM,Dioscorides
ευπατοριον,εὐπατόριον,ευπατοριον,4,4,AET_LM;GAL_SMT;PAUL_AEG,Aetius;Galen;Paul
ευπατοριον,εὐπατόριον,ευπατοριον,1,1,PAUL_AEG,Paul
ευπατοριον αργεμωνη,Εὐπατόριον ἀργεμώνη,ευπατοριον αργεμωνη,1,1,DIOSC_DMM,Dioscorides
ευπατοριος,Εὐπατόριος,ευπατοριος,1,1,DIOSC_DMM,Dioscorides
ευπατοριος ποα,εὐπατόριος πόα,ευπατοριος ποα,1,1,ORIB_CM,Oribasius
ευπεπλον,εὔπεπλον,ευπεπλον,1,1,DIOSC_DMM,Dioscorides
ευπεταλον,εὐπέταλον,ευπεταλον,1,1,DIOSC_DMM,Dioscorides
ευριπικη σχοινος,Εὐριπικὴ σχοῖνος,ευριπικη σχοινος,1,1,DIOSC_DMM,Dioscorides
ευρως,εὐρώς,ευρως,1,1,ORIB_CM,Oribasius
ευφορβιον,Εὐφόρβιον,ευφορβιον,1,1,ORIB_CM,Oribasius
ευφορβιον,εὐφορβίον,ευφορβιον,1,1,GAL_SMT,Galen
ευφορβιον,εὐφόρβιον,ευφορβιον,5,5,AET_LM;DIOSC_DMM;GAL_SMT;PAUL_AEG,Aetius;Dioscorides;Galen;Paul
ευωδης μινθη,εὐώδης μίνθη,ευωδης μινθη,2,2,GAL_SMT;ORIB_CM,Galen;Oribasius
εφεδρον,ἕφεδρον,εφεδρον,1,1,DIOSC_DMM,Dioscorides
εφημερον,ἐφήμερον,εφημερον,6,6,DIOSC_DMM;GAL_SMT;ORIB_CM,Dioscorides;Galen;Oribasius
εφημερον,ἐφήμερον,εφημερον,1,1,PAUL_AEG,Paul
εφημερος,ἐφήμερος,εφημερος,1,1,DIOSC_DMM,Dioscorides
εφθος,ἑφθός,εφθος,1,1,DIOSC_DMM,Dioscorides
εφθος τυρος,ἑφθὸς τυρός,εφθος τυρος,1,1,AET_LM,Aetius
εφιαλτια,ἐφιαλτία,εφιαλτια,1,1,AET_LM,Aetius
εχιδνα,ἐχίδνα,εχιδνα,2,2,DIOSC_DMM;GAL_SMT,Dioscorides;Galen
εχιδνα,ἔχιδνα,εχιδνα,8,8,AET_LM;DIOSC_DMM;GAL_SMT;ORIB_CM;PAUL_AEG,Aetius;Dioscorides;Galen;Oribasius;Paul
εχιδνη,ἐχίδνη,εχιδνη,1,1,DIOSC_DMM,Dioscorides
εχιδνη,ἐχίδνη,εχιδνη,1,1,PAUL_AEG,Paul
εχιδνης αι σαρκες,Ἐχίδνης αἱ σάρκες,εχιδνης αι σαρκες,1,1,PAUL_AEG,Paul
εχιδνης σαρκων,ἐχίδνης σαρκῶν,εχιδνης σαρκων,1,1,GAL_SMT,Galen
εχιδνης σαρξ,ἐχίδνης σὰρξ,εχιδνης σαρξ,1,1,DIOSC_DMM,Dioscorides
εχιδνης σαρξ,ἐχίδνης σὰρξ,εχιδνης σαρξ,1,1,AET_LM,Aetius
εχιδνων στεαρ,ἐχιδνῶν στέαρ,εχιδνων στεαρ,1,1,AET_LM,Aetius
εχιδνων στεαρ,ἐχιδνῶν στέαρ,εχιδνων στεαρ,1,1,GAL_SMT,Galen
εχινος,ἐχῖνος,εχινος,10,10,AET_LM;DIOSC_DMM;GAL_SMT;ORIB_CM;PAUL_AEG,Aetius;Dioscorides;Galen;Oribasius;Paul
εχινος θαλασσιος,ἐχῖνος θαλάσσιος,εχινος θαλασσιος,3,3,DIOSC_DMM;ORIB_CM,Dioscorides;Oribasius
εχινος θαλαττιος,ἐχῖνος θαλάττιος,εχινος θαλαττιος,4,4,AET_LM;GAL_SMT;PAUL_AEG,Aetius;Galen;Paul
εχινος χερσαιος,ἐχῖνος χερσαῖος,εχινος χερσαιος,5,5,AET_LM;DIOSC_DMM;GAL_SMT;ORIB_CM;PAUL_AEG,Aetius;Dioscorides;Galen;Oribasius;Paul
εχιον,ἔχιον,εχιον,3,3,DIOSC_DMM;PAUL_AEG,Dioscorides;Paul
εχις,ἔχις,εχις,2,2,DIOSC_DMM;PAUL_AEG,Dioscorides;Paul
ζαλεια,ζαλεία,ζαλεια,1,1,DIOSC_DMM,Dioscorides
ζαρινα,ζάρινα,ζαρινα,1,1,ORIB_CM,Oribasius
ζαριναχα,ζαριναχά,ζαριναχα,1,1,AET_LM,Aetius
ζαρνακε,ζαρνακέ,ζαρνακε,1,1,AET_LM,Aetius
ζαρναχα,ζάρναχα,ζαρναχα,1,1,ORIB_CM,Oribasius
ζεα,ζέα,ζεα,9,9,DIOSC_DMM,Dioscorides
ζεα απλη,ζέα ἁπλή,ζεα απλη,1,1,DIOSC_DMM,Dioscorides
ζεα δικοκκος,ζέα δίκοκκος,ζεα δικοκκος,1,1,DIOSC_DMM,Dioscorides
ζεα δισση,ζέα δισσή,ζεα δισση,1,1,DIOSC_DMM,Dioscorides
ζεια,ζειά,ζεια,8,8,AET_LM;GAL_ALIM;GAL_SMT;PAUL_AEG,Aetius;Galen;Paul
ζεια,ζειά,ζεια,1,1,PAUL_AEG,Paul
ζεον υδωρ,ζέον ὕδωρ,ζεον υδωρ,1,1,AET_LM,Aetius
ζεστον υδωρ,ζεστὸν ὕδωρ,ζεστον υδωρ,1,1,DIOSC_DMM,Dioscorides
ζιγγιβερ,ζιγγίβερ,ζιγγιβερ,1,1,AET_LM,Aetius
ζιγγιβερεως η ριζα,Ζιγγιβέρεως ἡ ῥίζα,ζιγγιβερεως η ριζα,3,3,AET_LM;ORIB_CM;PAUL_AEG,Aetius;Oribasius;Paul
ζιγγιβερεως ριζα,ζιγγιβέρεως ῥίζα,ζιγγιβερεως ριζα,1,1,GAL_SMT,Galen
ζιγγιβερι,ζιγγίβερι,ζιγγιβερι,5,5,AET_LM;DIOSC_DMM;GAL_SMT,Aetius;Dioscorides;Galen
ζιγγιβερις,ζιγγίβερις,ζιγγιβερις,7,7,AET_LM;DIOSC_DMM;GAL_ALIM;ORIB_CM;PAUL_AEG,Aetius;Dioscorides;Galen;Oribasius;Paul
ζιγγιβερις,ζιγγίβερις,ζιγγιβερις,1,1,ORIB_CM,Oribasius
ζυγις,ζυγίς,ζυγις,2,2,AET_LM;DIOSC_DMM,Aetius;Dioscorides
ζυθος,ζύθος,ζυθος,1,1,DIOSC_DMM,Dioscorides
ζυθος,ζύθος,ζυθος,1,1,PAUL_AEG,Paul
ζυθος,ζῦθος,ζυθος,5,5,AET_LM;DIOSC_DMM;GAL_SMT;ORIB_CM,Aetius;Dioscorides;Galen;Oribasius
ζυμη,ζύμη,ζυμη,9,9,AET_LM;GAL_SMT;ORIB_CM;PAUL_AEG,Aetius;Galen;Oribasius;Paul
ζυμη,ζύμη,ζυμη,3,3,ORIB_CM;PAUL_AEG,Oribasius;Paul
ζωγραφικη ασβολη,ζωγραφικὴ ἀσβόλη,ζωγραφικη ασβολη,1,1,DIOSC_DMM,Dioscorides
ζωμος,ζωμός,ζωμος,4,4,DIOSC_DMM;PAUL_AEG,Dioscorides;Paul
ζωνιτις,ζωνῖτις,ζωνιτις,1,1,DIOSC_DMM,Dioscorides
ζωον,ζῷον,ζωον,1,1,AET_LM,Aetius
ζωοφθαλμον,ζῳόφθαλμον,ζωοφθαλμον,1,1,DIOSC_DMM,Dioscorides
ζωπισσα,ζώπισσα,ζωπισσα,1,1,DIOSC_DMM,Dioscorides
ζωπυριον,Ζωπύριον,ζωπυριον,1,1,DIOSC_DMM,Dioscorides
ζωυφιον,ζωύφιον,ζωυφιον,1,1,PAUL_AEG,Paul
η δε ολη ριζα,ἡ δὲ ὅλη ῥίζα,η δε ολη ριζα,1,1,PAUL_AEG,Paul
η δε ριζα,ἡ δὲ ῥίζα,η δε ριζα,1,1,PAUL_AEG,Paul
η δε ριζα,ἡ δὲ ῥίζα,η δε ριζα,3,3,PAUL_AEG,Paul
η δε σαρξ αυτου,ἡ δὲ σὰρξ αὐτοῦ,η δε σαρξ αυτου,1,1,PAUL_AEG,Paul
η δε σαρξ αυτων,ἡ δὲ σὰρξ αὐτῶν,η δε σαρξ αυτων,1,1,PAUL_AEG,Paul
η δε της γαλης κοιλια,ἡ δὲ τῆς γαλῆς κοιλία,η δε της γαλης κοιλια,1,1,PAUL_AEG,Paul
η δε του λευκου χαμαιλεοντος ριζα,ἡ δὲ τοῦ λευκοῦ χαμαιλέοντος ῥίζα,η δε του λευκου χαμαιλεοντος ριζα,1,1,GAL_SMT,Galen
η εκ των κυπριων ηλων (λεπις),ἡ ἐκ τῶν Κυπρίων ἥλων (λεπίς),η εκ των κυπριων ηλων (λεπις),1,1,PAUL_AEG,Paul
η μεν ριζα αυτης,ἡ μὲν ῥίζα αὐτῆς,η μεν ριζα αυτης,1,1,PAUL_AEG,Paul
η ποα,ἡ πόα,η ποα,1,1,DIOSC_DMM,Dioscorides
η ριζα,ἡ ῥίζα,η ριζα,6,6,DIOSC_DMM;GAL_SMT;PAUL_AEG,Dioscorides;Galen;Paul
η ριζα,ἡ ῥίζα,η ριζα,10,10,AET_LM;GAL_SMT;PAUL_AEG,Aetius;Galen;Paul
η ριζα παραπλησια τη του κρινου,ἡ ῥίζα παραπλησία τῇ τοῦ κρίνου,η ριζα παραπλησια τη του κρινου,1,1,ORIB_CM,Oribasius
η ριζα της βοτανης,ἡ ῥίζα τῆς βοτάνης,η ριζα της βοτανης,1,1,GAL_SMT,Galen
η σαρξ,ἡ σὰρξ,η σαρξ,1,1,PAUL_AEG,Paul
η σαρξ αυτου,ἡ σὰρξ αὐτοῦ,η σαρξ αυτου,2,2,PAUL_AEG,Paul
η τε ριζα,ἥ τε ῥίζα,η τε ριζα,1,1,PAUL_AEG,Paul
η του σιδηρου (λεπις),ἡ τοῦ σιδήρου (λεπίς),η του σιδηρου (λεπις),1,1,PAUL_AEG,Paul
η του στομωματος (λεπις),ἡ τοῦ στομώματος (λεπίς),η του στομωματος (λεπις),1,1,PAUL_AEG,Paul
η του χαλκου (λεπις),ἡ τοῦ χαλκοῦ (λεπίς),η του χαλκου (λεπις),1,1,PAUL_AEG,Paul
ηδυοσμον,ἡδυόσμον,ηδυοσμον,1,1,DIOSC_DMM,Dioscorides
ηδυοσμον,ἡδύοσμον,ηδυοσμον,6,6,DIOSC_DMM;GAL_SMT,Dioscorides;Galen
ηδυοσμον,ἡδύοσμον,ηδυοσμον,1,1,PAUL_AEG,Paul
ηδυοσμον αγριον,ἡδύοσμον ἄγριον,ηδυοσμον αγριον,1,1,DIOSC_DMM,Dioscorides
ηδυοσμος,ἡδυόσμος,ηδυοσμος,1,1,DIOSC_DMM,Dioscorides
ηδυοσμος,ἡδύοσμος,ηδυοσμος,6,6,AET_LM;DIOSC_DMM;GAL_ALIM;ORIB_CM;PAUL_AEG,Aetius;Dioscorides;Galen;Oribasius;Paul
ηδυσαρον,ἡδύσαρον,ηδυσαρον,3,3,AET_LM;GAL_SMT;ORIB_CM,Aetius;Galen;Oribasius
ηδυσαρον,ἡδύσαρον,ηδυσαρον,1,1,PAUL_AEG,Paul
ηδυσμα,ἥδυσμα,ηδυσμα,1,1,DIOSC_DMM,Dioscorides
ηλεκτρον,ἤλεκτρον,ηλεκτρον,4,4,AET_LM;DIOSC_DMM;PAUL_AEG,Aetius;Dioscorides;Paul
ηλεκτρον πτερυγοφορον,ἤλεκτρον πτερυγοφόρον,ηλεκτρον πτερυγοφορον,1,1,DIOSC_DMM,Dioscorides
ηλιοσκοπιος,ἡλιοσκόπιος,ηλιοσκοπιος,2,2,DIOSC_DMM;ORIB_CM,Dioscorides;Oribasius
ηλιοσκοπιος,ἡλιοσκόπιος,ηλιοσκοπιος,1,1,PAUL_AEG,Paul
ηλιοσκοπος,ἡλιοσκόπος,ηλιοσκοπος,1,1,GAL_SMT,Galen
ηλιοτροπιον,ἡλιοτρόπιον,ηλιοτροπιον,3,3,DIOSC_DMM;PAUL_AEG,Dioscorides;Paul
ηλιοτροπιον μεγα,ἡλιοτρόπιον μέγα,ηλιοτροπιον μεγα,2,2,DIOSC_DMM;PAUL_AEG,Dioscorides;Paul
ηλιοτροπιον μικρον,ἡλιοτρόπιον μικρόν,ηλιοτροπιον μικρον,2,2,DIOSC_DMM;PAUL_AEG,Dioscorides;Paul
ηλιτις,ἡλῖτις,ηλιτις,5,5,AET_LM;DIOSC_DMM;GAL_SMT;ORIB_CM;PAUL_AEG,Aetius;Dioscorides;Galen;Oribasius;Paul
ηλιτις λεπις,ἡλῖτις λεπίς,ηλιτις λεπις,2,2,GAL_SMT;ORIB_CM,Galen;Oribasius
ηλος,ἧλος,ηλος,2,2,DIOSC_DMM,Dioscorides
ημεροκαλλες,ἡμεροκαλλές,ημεροκαλλες,2,2,AET_LM;DIOSC_DMM,Aetius;Dioscorides
ημεροκαλλος,ἡμεροκαλλός,ημεροκαλλος,1,1,PAUL_AEG,Paul
ημεροκαλλος,ἡμερόκαλλος,ημεροκαλλος,2,2,GAL_SMT;ORIB_CM,Galen;Oribasius
ημεροκαλλους η ριζα,ἡμεροκάλλους ἡ ῥίζα,ημεροκαλλους η ριζα,1,1,GAL_SMT,Galen
ημεροκαλλους η ριζα,Ἡμεροκάλλους ἡ ῥίζα,ημεροκαλλους η ριζα,1,1,ORIB_CM,Oribasius
ημεροκαλλους ριζα,Ἡμεροκαλλοῦς ῥίζα,ημεροκαλλους ριζα,1,1,PAUL_AEG,Paul
ημεροκαταλλακτον,ἡμεροκατάλλακτον,ημεροκαταλλακτον,1,1,DIOSC_DMM,Dioscorides
ημερος,ἥμερος,ημερος,6,6,AET_LM;DIOSC_DMM;GAL_SMT;ORIB_CM;PAUL_AEG,Aetius;Dioscorides;Galen;Oribasius;Paul
ημερος ελαια,ἥμερος ἐλαία,ημερος ελαια,1,1,DIOSC_DMM,Dioscorides
ημερος θερμος,ἥμερος θέρμος,ημερος θερμος,1,1,PAUL_AEG,Paul
ημερος κοκκυμηλον,ἥμερος κοκκύμηλον,ημερος κοκκυμηλον,1,1,PAUL_AEG,Paul
ημερος μαλαχη,ἥμερος μαλάχη,ημερος μαλαχη,1,1,GAL_ALIM,Galen
ημερος ολυνθος,ἥμερος ὄλυνθος,ημερος ολυνθος,1,1,PAUL_AEG,Paul
ημερος ονος,ἥμερος ὄνος,ημερος ονος,1,1,AET_LM,Aetius
ημιονιον,ἡμιόνιον,ημιονιον,1,1,DIOSC_DMM,Dioscorides
ημιονιτις,ἡμιονίτις,ημιονιτις,1,1,GAL_SMT,Galen
ημιονιτις,ἡμιονῖτις,ημιονιτις,3,3,DIOSC_DMM;ORIB_CM;PAUL_AEG,Dioscorides;Oribasius;Paul
ημιονος,ἡμίονος,ημιονος,1,1,DIOSC_DMM,Dioscorides
ημιονου νεφρου,ἡμιόνου νεφροῦ,ημιονου νεφρου,1,1,DIOSC_DMM,Dioscorides
ημιονου οπλης,ἡμιόνου ὁπλῆς,ημιονου οπλης,1,1,DIOSC_DMM,Dioscorides
ηπαρ,ἧπαρ,ηπαρ,7,7,AET_LM;DIOSC_DMM;GAL_SMT;PAUL_AEG,Aetius;Dioscorides;Galen;Paul
ηπαρ αιγος,ἧπαρ αἰγός,ηπαρ αιγος,1,1,PAUL_AEG,Paul
ηπαρ αιθυιας,ἧπαρ αἰθυίας,ηπαρ αιθυιας,1,1,PAUL_AEG,Paul
ηπαρ ανθρωπου,ἧπαρ ἀνθρώπου,ηπαρ ανθρωπου,1,1,GAL_SMT,Galen
ηπαρ καπρου νεαρον,ἧπαρ κάπρου νεαρόν,ηπαρ καπρου νεαρον,1,1,PAUL_AEG,Paul
ηπαρ λυκου,ἧπαρ λύκου,ηπαρ λυκου,2,2,GAL_SMT;PAUL_AEG,Galen;Paul
ηπαρ λυττωντος κυνος,ἧπαρ λυττῶντος κυνός,ηπαρ λυττωντος κυνος,2,2,GAL_SMT;PAUL_AEG,Galen;Paul
ηπαρ ονειον,ἧπαρ ὄνειον,ηπαρ ονειον,2,2,DIOSC_DMM;PAUL_AEG,Dioscorides;Paul
ηπαρ σαυρας,ἧπαρ σαύρας,ηπαρ σαυρας,1,1,PAUL_AEG,Paul
ηπαρ σαυρας,ἧπαρ σαύρας,ηπαρ σαυρας,1,1,GAL_SMT,Galen
ηπαρ τραγειον,ἧπαρ τράγειον,ηπαρ τραγειον,1,1,PAUL_AEG,Paul
ηπατος αιγος,ἥπατος αίγὸς,ηπατος αιγος,1,1,DIOSC_DMM,Dioscorides
ηρακλεια,ηρακλεια,ηρακλεια,1,1,PAUL_AEG,Paul
ηρακλεια,ἡρακλεία,ηρακλεια,1,1,AET_LM,Aetius
ηρακλεια,ἡρακλεία,ηρακλεια,1,1,PAUL_AEG,Paul
ηρακλεια,Ἡράκλεια,ηρακλεια,7,7,DIOSC_DMM;GAL_SMT;ORIB_CM,Dioscorides;Galen;Oribasius
ηρακλεια,Ἡρακλεία,ηρακλεια,2,2,AET_LM;DIOSC_DMM,Aetius;Dioscorides
ηρακλεια,Ἡρακλεία,ηρακλεια,1,1,GAL_SMT,Galen
ηρακλεια μηκων,Ἡράκλεια μήκων,ηρακλεια μηκων,1,1,PAUL_AEG,Paul
ηρακλειον,Ἡράκλειον,ηρακλειον,3,3,DIOSC_DMM;GAL_SMT;PAUL_AEG,Dioscorides;Galen;Paul
ηρακλεωτικη,Ἡρακλεωτική,ηρακλεωτικη,1,1,DIOSC_DMM,Dioscorides
ηρακλεωτικος παναξ,Ἡρακλεωτικὸς πάναξ,ηρακλεωτικος παναξ,1,1,DIOSC_DMM,Dioscorides
ηρανθεμον,ἠράνθεμον,ηρανθεμον,1,1,DIOSC_DMM,Dioscorides
ηρεμιον,ἠρέμιον,ηρεμιον,1,1,DIOSC_DMM,Dioscorides
ηριγερον,ἠρίγερον,ηριγερον,1,1,DIOSC_DMM,Dioscorides
ηριγερων,ἠρίγερων,ηριγερων,1,1,DIOSC_DMM,Dioscorides
ηριγερων,ἠριγέρων,ηριγερων,3,3,AET_LM;DIOSC_DMM;GAL_SMT,Aetius;Dioscorides;Galen
ηριγερων,ἠριγέρων,ηριγερων,1,1,PAUL_AEG,Paul
ηρυγγη,ἡρύγγη,ηρυγγη,1,1,DIOSC_DMM,Dioscorides
ηρυγγιον,ἠρύγγιον,ηρυγγιον,3,3,AET_LM;DIOSC_DMM;GAL_SMT,Aetius;Dioscorides;Galen
ηρυγγιον,ἠρύγγιον,ηρυγγιον,1,1,PAUL_AEG,Paul
ηρυγγιον,ἤρυγγιον,ηρυγγιον,1,1,DIOSC_DMM,Dioscorides
ηρυγγιον,Ἠρύγγιον,ηρυγγιον,1,1,ORIB_CM,Oribasius
θαλασσα,θάλασσα,θαλασσα,19,19,AET_LM;DIOSC_DMM;GAL_SMT;ORIB_CM;PAUL_AEG,Aetius;Dioscorides;Galen;Oribasius;Paul
θαλασσα,θάλασσα,θαλασσα,2,2,ORIB_CM;PAUL_AEG,Oribasius;Paul
θαλασσα πελαγια,θάλασσα πελαγία,θαλασσα πελαγια,1,1,DIOSC_DMM,Dioscorides
θαλασσιον υδωρ,Θαλάσσιον ὕδωρ,θαλασσιον υδωρ,1,1,PAUL_AEG,Paul
θαλασσιος,θαλάσσιος,θαλασσιος,2,2,DIOSC_DMM,Dioscorides
θαλασσιου σκορπιου,θαλασσίου σκορπίου,θαλασσιου σκορπιου,1,1,DIOSC_DMM,Dioscorides
θαλαττα,θάλαττα,θαλαττα,16,16,AET_LM;DIOSC_DMM;GAL_SMT;ORIB_CM,Aetius;Dioscorides;Galen;Oribasius
θαλαττα πελαγια,θάλαττα πελαγία,θαλαττα πελαγια,2,2,DIOSC_DMM,Dioscorides
θαλαττια ψαμμος,θαλαττία ψάμμος,θαλαττια ψαμμος,1,1,GAL_SMT,Galen
θαλαττιον φαρμακον,θαλάττιον φάρμακον,θαλαττιον φαρμακον,1,1,GAL_SMT,Galen
θαλαττιος δρακων,θαλάττιος δράκων,θαλαττιος δρακων,1,1,PAUL_AEG,Paul
θαλαττιος κηρυξ,θαλάττιος κήρυξ,θαλαττιος κηρυξ,1,1,DIOSC_DMM,Dioscorides
θαλαττιος λαγωος,θαλάττιος λαγωός,θαλαττιος λαγωος,1,1,GAL_SMT,Galen
θαλαττιος υδωρ,θαλάττιος ὕδωρ,θαλαττιος υδωρ,1,1,DIOSC_DMM,Dioscorides
θαλαττιων κηρυκων τα οστρακα,θαλαττίων κηρύκων τὰ ὄστρακα,θαλαττιων κηρυκων τα οστρακα,1,1,DIOSC_DMM,Dioscorides
θαλιηκτρον,θαλίηκτρον,θαλιηκτρον,1,1,GAL_SMT,Galen
θαλιητρον,Θαλίητρον,θαλιητρον,1,1,ORIB_CM,Oribasius
θαλιητρον,θαλίητρον,θαλιητρον,1,1,DIOSC_DMM,Dioscorides
θαλιητρον,θαλίητρον,θαλιητρον,1,1,PAUL_AEG,Paul
θαλλια,θαλλία,θαλλια,1,1,DIOSC_DMM,Dioscorides
θαλλοι,θαλλοὶ,θαλλοι,3,3,AET_LM;GAL_SMT;PAUL_AEG,Aetius;Galen;Paul
θαλλος,θαλλός,θαλλος,1,1,DIOSC_DMM,Dioscorides
θαλλος,θαλλὸς,θαλλος,1,1,GAL_SMT,Galen
θαμνιον,θαμνίον,θαμνιον,1,1,ORIB_CM,Oribasius
θαμνος,θάμνος,θαμνος,3,3,GAL_SMT;ORIB_CM,Galen;Oribasius
θαμνωδες,θαμνῶδες,θαμνωδες,1,1,PAUL_AEG,Paul
θανασιμον,θανάσιμον,θανασιμον,2,2,DIOSC_DMM,Dioscorides
θανασιμον φαρμακον,θανάσιμον φάρμακον,θανασιμον φαρμακον,3,3,DIOSC_DMM,Dioscorides
θαψια,Θαψία,θαψια,1,1,ORIB_CM,Oribasius
θαψια,θαψία,θαψια,12,12,AET_LM;DIOSC_DMM;GAL_SMT;PAUL_AEG,Aetius;Dioscorides;Galen;Paul
θαψια,θαψια,θαψια,1,1,PAUL_AEG,Paul
θειον,θεῖον,θειον,14,14,AET_LM;DIOSC_DMM;GAL_SMT;ORIB_CM;PAUL_AEG,Aetius;Dioscorides;Galen;Oribasius;Paul
θειον απυρον,θεῖον ἄπυρον,θειον απυρον,3,3,DIOSC_DMM,Dioscorides
θερινος,θερινός,θερινος,1,1,DIOSC_DMM,Dioscorides
θερμος,θέρμος,θερμος,18,18,AET_LM;DIOSC_DMM;GAL_ALIM;GAL_SMT;ORIB_CM,Aetius;Dioscorides;Galen;Oribasius
θερμος,θέρμος,θερμος,1,1,PAUL_AEG,Paul
θερμος αγριος,θέρμος ἄγριος,θερμος αγριος,4,4,AET_LM;DIOSC_DMM;GAL_SMT;ORIB_CM,Aetius;Dioscorides;Galen;Oribasius
θερμος εδωδιμος,θέρμος ἐδώδιμος,θερμος εδωδιμος,1,1,ORIB_CM,Oribasius
θερμος ημερος,θέρμος ἥμερος,θερμος ημερος,2,2,AET_LM;DIOSC_DMM,Aetius;Dioscorides
θερμος πικρος,θέρμος πικρός,θερμος πικρος,2,2,AET_LM,Aetius
θερμοσποδια,θερμοσποδιά,θερμοσποδια,2,2,DIOSC_DMM,Dioscorides
θηλυ,θήλυ,θηλυ,1,1,PAUL_AEG,Paul
θηλυγονον,θηλυγόνον,θηλυγονον,1,1,DIOSC_DMM,Dioscorides
θηλυπτερις,θηλυπτερίς,θηλυπτερις,1,1,DIOSC_DMM,Dioscorides
θηλυπτερις,θηλύπτερις,θηλυπτερις,2,2,GAL_SMT;ORIB_CM,Galen;Oribasius
θηλυπτερον,θηλύπτερον,θηλυπτερον,1,1,PAUL_AEG,Paul
θηλυς,θῆλυς,θηλυς,1,1,DIOSC_DMM,Dioscorides
θηλυφονον,θηλυφόνον,θηλυφονον,1,1,DIOSC_DMM,Dioscorides
θλασπι,θλάσπι,θλασπι,3,3,AET_LM;DIOSC_DMM;GAL_SMT,Aetius;Dioscorides;Galen
θλασπι σπερμα,Θλάσπι σπέρμα,θλασπι σπερμα,1,1,PAUL_AEG,Paul
θλασπι σπερμα,θλάσπι σπέρμα,θλασπι σπερμα,1,1,GAL_SMT,Galen
θλασπις,θλάσπις,θλασπις,2,2,ORIB_CM;PAUL_AEG,Oribasius;Paul
θμυρνη,θμύρνη,θμυρνη,1,1,DIOSC_DMM,Dioscorides
θορυβηθρον,θορύβηθρον,θορυβηθρον,1,1,DIOSC_DMM,Dioscorides
θπερμα,θπέρμα,θπερμα,1,1,DIOSC_DMM,Dioscorides
θρακιας,Θρᾳκίας,θρακιας,1,1,DIOSC_DMM,Dioscorides
θριδακιας,θριδακίας,θριδακιας,1,1,DIOSC_DMM,Dioscorides
θριδακινη,θριδακίνη,θριδακινη,8,8,AET_LM;GAL_ALIM;GAL_SMT,Aetius;Galen
θριδακινη κηπευομενη,θριδακίνη κηπευομένη,θριδακινη κηπευομενη,1,1,GAL_ALIM,Galen
θριδακινης φυλλων,θριδακίνης φύλλων,θριδακινης φυλλων,1,1,AET_LM,Aetius
θριδακος σπερμα,θρίδακος σπέρμα,θριδακος σπερμα,1,1,AET_LM,Aetius
θριδακος σπερμα,θρίδακος σπέρμα,θριδακος σπερμα,2,2,GAL_SMT;PAUL_AEG,Galen;Paul
θριδακος σπερματι,θρίδακος σπέρματι,θριδακος σπερματι,1,1,DIOSC_DMM,Dioscorides
θριδαξ,θρίδαξ,θριδαξ,16,16,AET_LM;DIOSC_DMM;GAL_ALIM;GAL_SMT;PAUL_AEG,Aetius;Dioscorides;Galen;Paul
θριδαξ,θρίδαξ,θριδαξ,3,3,AET_LM;ORIB_CM;PAUL_AEG,Aetius;Oribasius;Paul
θριδαξ,θρῖδαξ,θριδαξ,1,1,GAL_ALIM,Galen
θριδαξ αγρια,θρίδαξ ἀγρία,θριδαξ αγρια,4,4,AET_LM;DIOSC_DMM,Aetius;Dioscorides
θριδαξ ημερος,θρίδαξ ἥμερος,θριδαξ ημερος,1,1,DIOSC_DMM,Dioscorides
θριδαξ κηπευομενη,θρῖδαξ κηπευομένη,θριδαξ κηπευομενη,1,1,GAL_ALIM,Galen
θριδαξ οξυφυλλος,θρίδαξ ὀξυφύλλος,θριδαξ οξυφυλλος,1,1,DIOSC_DMM,Dioscorides
θριξ,θρίξ,θριξ,1,1,GAL_SMT,Galen
θριξ,θρίξ,θριξ,3,3,PAUL_AEG,Paul
θριξ κεκαυμενη,θρίξ κεκαυμένη,θριξ κεκαυμενη,1,1,GAL_SMT,Galen
θριξι λαγωαις,θριξὶ λαγῴαις,θριξι λαγωαις,1,1,AET_LM,Aetius
θρομβος,θρόμβος,θρομβος,2,2,DIOSC_DMM,Dioscorides
θρομβος αιματος,θρόμβος αἵματος,θρομβος αιματος,1,1,DIOSC_DMM,Dioscorides
θρυαλλις,θρυαλλίς,θρυαλλις,2,2,DIOSC_DMM;GAL_SMT,Dioscorides;Galen
θρυαλλις,θρυαλλίς,θρυαλλις,1,1,PAUL_AEG,Paul
θρυον,θρύον,θρυον,1,1,DIOSC_DMM,Dioscorides
θυα,θύα,θυα,1,1,PAUL_AEG,Paul
θυια,θυία,θυια,1,1,DIOSC_DMM,Dioscorides
θυια,θύια,θυια,1,1,DIOSC_DMM,Dioscorides
θυιτης,θυίτης,θυιτης,1,1,DIOSC_DMM,Dioscorides
θυλακια,θυλάκια,θυλακια,3,3,DIOSC_DMM,Dioscorides
θυλακιοις,θυλακίοις,θυλακιοις,4,4,DIOSC_DMM,Dioscorides
θυλακιον,θυλάκιον,θυλακιον,1,1,DIOSC_DMM,Dioscorides
θυλακισκον,θυλακίσκον,θυλακισκον,1,1,DIOSC_DMM,Dioscorides
θυλακιτις,θυλακίτις,θυλακιτις,2,2,AET_LM;GAL_SMT,Aetius;Galen
θυλακιτις,θυλακῖτις,θυλακιτις,5,5,DIOSC_DMM;GAL_SMT;PAUL_AEG,Dioscorides;Galen;Paul
θυμα,θύμα,θυμα,1,1,GAL_ALIM,Galen
θυμβρα,θύμβρα,θυμβρα,10,10,AET_LM;DIOSC_DMM;GAL_ALIM,Aetius;Dioscorides;Galen
θυμβρα,θύμβρα,θυμβρα,1,1,PAUL_AEG,Paul
θυμβρα αγρια,θύμβρα ἀγρία,θυμβρα αγρια,1,1,PAUL_AEG,Paul
θυμβρα κηπευομενη,θύμβρα κηπευομένη,θυμβρα κηπευομενη,1,1,AET_LM,Aetius
θυμβρα κηπευτη,θύμβρα κηπευτή,θυμβρα κηπευτη,1,1,PAUL_AEG,Paul
θυμβρα σπαρτη,θύμβρα σπαρτή,θυμβρα σπαρτη,1,1,DIOSC_DMM,Dioscorides
θυμελαια,θυμελαία,θυμελαια,3,3,DIOSC_DMM;PAUL_AEG,Dioscorides;Paul
θυμιαμα,θυμίαμα,θυμιαμα,2,2,AET_LM;PAUL_AEG,Aetius;Paul
θυμιαμα βασιλικον,θυμίαμα βασιλικόν,θυμιαμα βασιλικον,1,1,AET_LM,Aetius
θυμιτης,θυμίτης,θυμιτης,1,1,DIOSC_DMM,Dioscorides
θυμον,θύμον,θυμον,5,5,AET_LM;DIOSC_DMM;GAL_ALIM;ORIB_CM,Aetius;Dioscorides;Galen;Oribasius
θυμος,θύμος,θυμος,19,19,AET_LM;DIOSC_DMM;GAL_ALIM;GAL_SMT;ORIB_CM,Aetius;Dioscorides;Galen;Oribasius
θυμος,θύμος,θυμος,3,3,PAUL_AEG,Paul
θυμος ξηρος,θύμος ξηρός,θυμος ξηρος,1,1,AET_LM,Aetius
θυμος σκληροτερος,θύμος σκληρότερος,θυμος σκληροτερος,1,1,DIOSC_DMM,Dioscorides
θυννος,θύννος,θυννος,2,2,AET_LM;DIOSC_DMM,Aetius;Dioscorides
θυρσιτις,θυρσῖτις,θυρσιτις,1,1,DIOSC_DMM,Dioscorides
ιασπαχατης,ἰασπαχάτης,ιασπαχατης,1,1,AET_LM,Aetius
ιασπις,ιασπις,ιασπις,1,1,PAUL_AEG,Paul
ιασπις,ἴασπις,ιασπις,9,9,AET_LM;DIOSC_DMM;GAL_SMT;ORIB_CM,Aetius;Dioscorides;Galen;Oribasius
ιασπις καπνιας,ἴασπις καπνίας,ιασπις καπνιας,1,1,AET_LM,Aetius
ιασπις λιθος,ἴασπις λίθος,ιασπις λιθος,1,1,AET_LM,Aetius
ιασπις σμαραγδιζουσα,ἴασπις σμαραγδιζοῦσα,ιασπις σμαραγδιζουσα,1,1,AET_LM,Aetius
ιασπις υποχλωρος,ἴασπις ὑπόχλωρος,ιασπις υποχλωρος,1,1,AET_LM,Aetius
ιασπις χλωρος,ἴασπις χλωρός,ιασπις χλωρος,1,1,AET_LM,Aetius
ιβηριας,ιβηριας,ιβηριας,1,1,PAUL_AEG,Paul
ιδαια ριζα,ἰδαία ῥίζα,ιδαια ριζα,1,1,GAL_SMT,Galen
ιδαια ριζα,Ἰδαία ῥίζα,ιδαια ριζα,1,1,DIOSC_DMM,Dioscorides
ιδαια ριζα,Ἰδαία ῥίζα,ιδαια ριζα,1,1,PAUL_AEG,Paul
ιδαια ριζα,Ἰδαῖα ῥίζα,ιδαια ριζα,1,1,ORIB_CM,Oribasius
ιδαιος φλομος,Ἰδαῖος φλόμος,ιδαιος φλομος,1,1,DIOSC_DMM,Dioscorides
ιδρως,ἱδρώς,ιδρως,17,17,AET_LM;DIOSC_DMM;GAL_SMT;ORIB_CM;PAUL_AEG,Aetius;Dioscorides;Galen;Oribasius;Paul
ιδρως,ἱδρώς,ιδρως,1,1,AET_LM,Aetius
ιερα βοτανη,ἱερὰ βοτάνη,ιερα βοτανη,2,2,AET_LM;DIOSC_DMM,Aetius;Dioscorides
ιερα γη,ἱερὰ γῆ,ιερα γη,1,1,GAL_SMT,Galen
ιερακιον,ἱεράκιον,ιερακιον,1,1,DIOSC_DMM,Dioscorides
ιερακιον μεγα,ἱεράκιον μέγα,ιερακιον μεγα,1,1,DIOSC_DMM,Dioscorides
ιερακιον μικρον,ἱεράκιον μικρόν,ιερακιον μικρον,1,1,DIOSC_DMM,Dioscorides
ιερακιτης,ἱερακίτης,ιερακιτης,3,3,AET_LM;GAL_SMT,Aetius;Galen
ιερακιτης λιθος,ἱερακίτης λίθος,ιερακιτης λιθος,1,1,AET_LM,Aetius
ικτινος,ἰκτῖνος,ικτινος,1,1,PAUL_AEG,Paul
ιλλεκεβρα,ἰλλεκέβρα,ιλλεκεβρα,1,1,DIOSC_DMM,Dioscorides
ινανθη,ἰνάνθη,ινανθη,1,1,DIOSC_DMM,Dioscorides
ινας,ἶνας,ινας,1,1,DIOSC_DMM,Dioscorides
ινδικη,Ἰνδική,ινδικη,1,1,GAL_SMT,Galen
ινδικη ναρδος,Ἰνδικὴ νάρδος,ινδικη ναρδος,2,2,DIOSC_DMM;GAL_SMT,Dioscorides;Galen
ινδικης ναρδου φυλλον,Ἰνδικῆς νάρδου φύλλον,ινδικης ναρδου φυλλον,1,1,DIOSC_DMM,Dioscorides
ινδικον,ἰνδικόν,ινδικον,1,1,AET_LM,Aetius
ινδικον,Ἰνδικόν,ινδικον,2,2,DIOSC_DMM;GAL_SMT,Dioscorides;Galen
ινδικον λυκιον,Ἰνδικόν λύκιον,ινδικον λυκιον,1,1,DIOSC_DMM,Dioscorides
ινδικος,Ἰνδικός,ινδικος,2,2,AET_LM;GAL_SMT,Aetius;Galen
ινδικος καλαμος,Ἰνδικὸς κάλαμος,ινδικος καλαμος,1,1,DIOSC_DMM,Dioscorides
ινδικος λιθος,ινδικος λιθος,ινδικος λιθος,1,1,PAUL_AEG,Paul
ιντουβουμ,ἴντουβουμ,ιντουβουμ,1,1,DIOSC_DMM,Dioscorides
ιντουβουμ αγρεστεμ,ἴντουβουμ ἀγρέστεμ,ιντουβουμ αγρεστεμ,1,1,DIOSC_DMM,Dioscorides
ιντυβος,ἴντυβος,ιντυβος,1,1,AET_LM,Aetius
ιξ,ἴξ,ιξ,1,1,DIOSC_DMM,Dioscorides
ιξια,ἰξία,ιξια,8,8,DIOSC_DMM,Dioscorides
ιξος,ἰξός,ιξος,10,10,AET_LM;DIOSC_DMM;GAL_SMT;ORIB_CM;PAUL_AEG,Aetius;Dioscorides;Galen;Oribasius;Paul
ιον,ἰὸν,ιον,1,1,GAL_SMT,Galen
ιον,ἴον,ιον,9,9,AET_LM;DIOSC_DMM;GAL_SMT;ORIB_CM;PAUL_AEG,Aetius;Dioscorides;Galen;Oribasius;Paul
ιος,ἰός,ιος,20,20,AET_LM;DIOSC_DMM;GAL_SMT;ORIB_CM;PAUL_AEG,Aetius;Dioscorides;Galen;Oribasius;Paul
ιος,ἰός,ιος,4,4,AET_LM;GAL_SMT;PAUL_AEG,Aetius;Galen;Paul
ιος απο των ανδριαντων,ἰὸς ἀπὸ τῶν ἀνδριάντων,ιος απο των ανδριαντων,1,1,ORIB_CM,Oribasius
ιος ξυστος,ἰὸς ξυστός,ιος ξυστος,1,1,DIOSC_DMM,Dioscorides
ιος ξυστος,ἰός ξυστός,ιος ξυστος,1,1,AET_LM,Aetius
ιος σιδηρου,ἰὸς σιδήρου,ιος σιδηρου,1,1,DIOSC_DMM,Dioscorides
ιος σκευαστος,ἰὸς σκευαστός,ιος σκευαστος,1,1,DIOSC_DMM,Dioscorides
ιος σκωληκος,ἰὸς σκώληκος,ιος σκωληκος,2,2,AET_LM;DIOSC_DMM,Aetius;Dioscorides
ιος χαλκου,ἰὸς χαλκοῦ,ιος χαλκου,1,1,DIOSC_DMM,Dioscorides
ιου τα φυλλα,ἴου τὰ φύλλα,ιου τα φυλλα,2,2,AET_LM;GAL_SMT,Aetius;Galen
ιου τα φυλλα,Ἴου τὰ φύλλα,ιου τα φυλλα,2,2,ORIB_CM;PAUL_AEG,Oribasius;Paul
ιουδαικος,ιουδαικος,ιουδαικος,1,1,PAUL_AEG,Paul
ιουδαικος,Ἰουδαϊκός,ιουδαικος,1,1,AET_LM,Aetius
ιουδαϊκος,Ἰουδαϊκός,ιουδαικος,1,1,GAL_SMT,Galen
ιουλις,ἰουλίς,ιουλις,2,2,AET_LM;DIOSC_DMM,Aetius;Dioscorides
ιουλος,ἴουλος,ιουλος,1,1,PAUL_AEG,Paul
ιππακη,ἱππάκη,ιππακη,2,2,DIOSC_DMM,Dioscorides
ιππεια πιτυα,ἵππεια πιτύα,ιππεια πιτυα,1,1,DIOSC_DMM,Dioscorides
ιππεια πυτια,ἱππεία πυτία,ιππεια πυτια,1,1,PAUL_AEG,Paul
ιππειος,ἵππειος,ιππειος,2,2,AET_LM;DIOSC_DMM,Aetius;Dioscorides
ιπποκαμπος,ἱππόκαμπος,ιπποκαμπος,4,4,AET_LM;DIOSC_DMM;GAL_SMT;PAUL_AEG,Aetius;Dioscorides;Galen;Paul
ιπποκαμπος θαλασσιος,ἱππόκαμπος θαλάσσιος,ιπποκαμπος θαλασσιος,2,2,DIOSC_DMM;PAUL_AEG,Dioscorides;Paul
ιπποκαμπος θαλαττιος,ἱππόκαμπος θαλάττιος,ιπποκαμπος θαλαττιος,1,1,AET_LM,Aetius
ιππολαπαθον,ἱππολάπαθον,ιππολαπαθον,3,3,DIOSC_DMM;GAL_SMT;ORIB_CM,Dioscorides;Galen;Oribasius
ιππολαπαθον,ἱππολάπαθον,ιππολαπαθον,2,2,AET_LM;PAUL_AEG,Aetius;Paul
ιππομανες,ἱππομανές,ιππομανες,1,1,DIOSC_DMM,Dioscorides
ιππομαραθον,ἱππομάραθον,ιππομαραθον,1,1,DIOSC_DMM,Dioscorides
ιππομαραθρον,ἱππομάραθρον,ιππομαραθρον,2,2,GAL_SMT;PAUL_AEG,Galen;Paul
ιπποποταμος,ἱπποπόταμος,ιπποποταμος,1,1,DIOSC_DMM,Dioscorides
ιπποποταμος,ἱπποπόταμος,ιπποποταμος,2,2,PAUL_AEG,Paul
ιπποποταμου ορχις,Ἱπποποτάμου ὄρχις,ιπποποταμου ορχις,1,1,PAUL_AEG,Paul
ιππος,ἵππος,ιππος,3,3,AET_LM;GAL_SMT,Aetius;Galen
ιππος νειλωος,ἵππος Νειλώος,ιππος νειλωος,1,1,GAL_SMT,Galen
ιπποσελινον,ἱπποσέλινον,ιπποσελινον,8,8,AET_LM;DIOSC_DMM;GAL_SMT;ORIB_CM;PAUL_AEG,Aetius;Dioscorides;Galen;Oribasius;Paul
ιπποσελινον αγριον,ἱπποσέλινον ἄγριον,ιπποσελινον αγριον,1,1,GAL_SMT,Galen
ιππουρις,ἱππουρίς,ιππουρις,1,1,ORIB_CM,Oribasius
ιππουρις,ἵππουρις,ιππουρις,4,4,AET_LM;DIOSC_DMM;GAL_SMT,Aetius;Dioscorides;Galen
ιππουρις,Ἵππουρις,ιππουρις,1,1,PAUL_AEG,Paul
ιπποφαες,ἱπποφαές,ιπποφαες,3,3,DIOSC_DMM;PAUL_AEG,Dioscorides;Paul
ιπποφαες,ἱπποφαές,ιπποφαες,1,1,PAUL_AEG,Paul
ιπποφαιος,ἱππόφαιος,ιπποφαιος,1,1,PAUL_AEG,Paul
ιπποφαιστον,ἱππόφαιστον,ιπποφαιστον,1,1,DIOSC_DMM,Dioscorides
ιπποφαος,ἱππόφαος,ιπποφαος,1,1,DIOSC_DMM,Dioscorides
ιριδος υποσταθμη,ἴριδος ὑποστάθμῃ,ιριδος υποσταθμη,1,1,DIOSC_DMM,Dioscorides
ιρινον,ἴρινον,ιρινον,2,2,DIOSC_DMM,Dioscorides
ιρινον ελαιον,ἴρινον ἔλαιον,ιρινον ελαιον,1,1,DIOSC_DMM,Dioscorides
ιρινον μυρον,ἰρῖνον μύρον,ιρινον μυρον,1,1,DIOSC_DMM,Dioscorides
ιρις,ἴρις,ιρις,10,10,AET_LM;DIOSC_DMM;GAL_SMT,Aetius;Dioscorides;Galen
ιρις,ἶρις,ιρις,22,22,AET_LM;DIOSC_DMM;GAL_SMT;ORIB_CM;PAUL_AEG,Aetius;Dioscorides;Galen;Oribasius;Paul
ιρις αγρια,ἴρις ἀγρία,ιρις αγρια,1,1,GAL_SMT,Galen
ιρις αγρια,ἶρις ἀγρία,ιρις αγρια,3,3,DIOSC_DMM;ORIB_CM,Dioscorides;Oribasius
ιρις αγρια,ἶρις ἀγρία,ιρις αγρια,1,1,PAUL_AEG,Paul
ιρις ιλλυρικη,ἴρις Ἰλλυρική,ιρις ιλλυρικη,1,1,DIOSC_DMM,Dioscorides
ιρις ιλλυρικη,ἶρις ἰλλυρική,ιρις ιλλυρικη,1,1,AET_LM,Aetius
ιρις ιλλυρικη,ἶρις Ἰλλυρική,ιρις ιλλυρικη,1,1,DIOSC_DMM,Dioscorides
ιρις ξηρα,ἴρις ξηρά,ιρις ξηρα,1,1,DIOSC_DMM,Dioscorides
ιρις ξηρα,ἶρις ξηρά,ιρις ξηρα,1,1,DIOSC_DMM,Dioscorides
ισατις,ἰσάτις,ισατις,8,8,AET_LM;DIOSC_DMM;GAL_SMT;ORIB_CM;PAUL_AEG,Aetius;Dioscorides;Galen;Oribasius;Paul
ισατις,ἴσατις,ισατις,2,2,DIOSC_DMM,Dioscorides
ισατις,Ἰσάτις,ισατις,1,1,ORIB_CM,Oribasius
ισατις αγρια,ἰσάτις ἀγρία,ισατις αγρια,3,3,AET_LM;GAL_SMT;PAUL_AEG,Aetius;Galen;Paul
ισατις αγρια,Ἰσάτις ἀγρία,ισατις αγρια,1,1,ORIB_CM,Oribasius
ισατις αγριος,ἰσάτις ἄγριος,ισατις αγριος,1,1,DIOSC_DMM,Dioscorides
ισατις ημερος,ἰσάτις ἥμερος,ισατις ημερος,2,2,GAL_SMT;PAUL_AEG,Galen;Paul
ισατις ημερος,Ἰσάτις ἥμερος,ισατις ημερος,1,1,ORIB_CM,Oribasius
ισοπυρον,ἰσόπυρον,ισοπυρον,4,4,DIOSC_DMM;GAL_SMT;ORIB_CM;PAUL_AEG,Dioscorides;Galen;Oribasius;Paul
ισοπυρον σπερμα,ἰσόπυρον σπέρμα,ισοπυρον σπερμα,1,1,GAL_SMT,Galen
ισοπυρον σπερμα,Ἰσόπυρον σπέρμα,ισοπυρον σπερμα,1,1,ORIB_CM,Oribasius
ισοπυρον σπερμα,Ἰσόπυρον σπέρμα,ισοπυρον σπερμα,1,1,PAUL_AEG,Paul
ιστρικον,Ἰστρικόν,ιστρικον,2,2,GAL_SMT;ORIB_CM,Galen;Oribasius
ισχαιμον,ἴσχαιμον,ισχαιμον,1,1,DIOSC_DMM,Dioscorides
ισχας,ἰσχάς,ισχας,14,14,AET_LM;DIOSC_DMM;GAL_ALIM;GAL_SMT,Aetius;Dioscorides;Galen
ισχας,ἰσχάς,ισχας,1,1,ORIB_CM,Oribasius
ισχας φοινικιος,ἰσχάς φοινίκιος,ισχας φοινικιος,1,1,DIOSC_DMM,Dioscorides
ισχας χελιδονιος,ἰσχάς χελιδόνιος,ισχας χελιδονιος,1,1,DIOSC_DMM,Dioscorides
ισχιας,ἰσχιάς,ισχιας,2,2,DIOSC_DMM;GAL_SMT,Dioscorides;Galen
ισχιας,ἰσχιάς,ισχιας,1,1,PAUL_AEG,Paul
ιτεα,ἰτέα,ιτεα,6,6,AET_LM;DIOSC_DMM;GAL_SMT;ORIB_CM,Aetius;Dioscorides;Galen;Oribasius
ιτεα,ἰτέα,ιτεα,1,1,PAUL_AEG,Paul
ιτεας ανθος,Ἰτέας ἄνθος,ιτεας ανθος,1,1,PAUL_AEG,Paul
ιτεας των φυλλων,Ἰτέας τῶν φύλλων,ιτεας των φυλλων,1,1,ORIB_CM,Oribasius
ιτεας φλοιος,Ἰτέας φλοιός,ιτεας φλοιος,1,1,PAUL_AEG,Paul
ιτεας φυλλα,Ἰτέας φύλλα,ιτεας φυλλα,1,1,PAUL_AEG,Paul
ιτεας φυλλων,ἰτέας φύλλων,ιτεας φυλλων,1,1,AET_LM,Aetius
ιχθυοκολλα,ἰχθυόκολλα,ιχθυοκολλα,1,1,DIOSC_DMM,Dioscorides
ιχθυοκολλα,ἰχθυόκολλα,ιχθυοκολλα,1,1,PAUL_AEG,Paul
ιχθυος καλλιωνυμου,ἰχθύος καλλιωνύμου,ιχθυος καλλιωνυμου,1,1,DIOSC_DMM,Dioscorides
ιχθυς,ἰχθύς,ιχθυς,12,12,AET_LM;DIOSC_DMM;GAL_SMT;PAUL_AEG,Aetius;Dioscorides;Galen;Paul
ιχθυς κητωος,ἰχθύς κητῷος,ιχθυς κητωος,1,1,DIOSC_DMM,Dioscorides
ιχθυων κοιλιας,ἰχθύων κοιλίας,ιχθυων κοιλιας,1,1,PAUL_AEG,Paul
ιχθυων στεαρ,ἰχθύων στέαρ,ιχθυων στεαρ,1,1,AET_LM,Aetius
ιχθυων στεαρ,ἰχθύων στέαρ,ιχθυων στεαρ,1,1,GAL_SMT,Galen
ιχωρ,ἰχώρ,ιχωρ,14,14,AET_LM;DIOSC_DMM;GAL_SMT;ORIB_CM;PAUL_AEG,Aetius;Dioscorides;Galen;Oribasius;Paul
ιχωρ,ἰχῶρ,ιχωρ,1,1,GAL_SMT,Galen
ιωδης χολη,ἰώδης χολή,ιωδης χολη,1,1,PAUL_AEG,Paul
ιωνια,ἰωνία,ιωνια,1,1,DIOSC_DMM,Dioscorides
ιωνιτης,ἰωνίτης,ιωνιτης,1,1,DIOSC_DMM,Dioscorides
καβαλλατιον,καβαλλάτιον,καβαλλατιον,1,1,DIOSC_DMM,Dioscorides
καγκαμον,κάγκαμον,καγκαμον,1,1,DIOSC_DMM,Dioscorides
καγκανον,καγκάνον,καγκανον,1,1,GAL_SMT,Galen
καγκανος,κάγκανος,καγκανος,1,1,AET_LM,Aetius
καγκανος,καγκάνος,καγκανος,1,1,ORIB_CM,Oribasius
καγκανος,καγκάνος,καγκανος,1,1,PAUL_AEG,Paul
καγκανου η ριζα,Καγκάνου ἡ ῥίζα,καγκανου η ριζα,1,1,PAUL_AEG,Paul
καγκανου η ριζα,καγκάνου ἡ ῥίζα,καγκανου η ριζα,1,1,AET_LM,Aetius
καγκανου ριζα,Καγκάνου ῥίζα,καγκανου ριζα,1,1,ORIB_CM,Oribasius
καγκανου ριζα,καγκάνου ῥίζα,καγκανου ριζα,1,1,GAL_SMT,Galen
καγχαμον,κάγχαμον,καγχαμον,1,1,PAUL_AEG,Paul
καγχαμον δακρυον,κάγχαμον δάκρυον,καγχαμον δακρυον,1,1,PAUL_AEG,Paul
καδμεια,Καδμεία,καδμεια,2,2,GAL_SMT;ORIB_CM,Galen;Oribasius
καδμεια,καδμεία,καδμεια,19,19,DIOSC_DMM;GAL_SMT,Dioscorides;Galen
καδμεια,καδμεία,καδμεια,1,1,GAL_SMT,Galen
καδμια,καδμία,καδμια,2,2,AET_LM;DIOSC_DMM,Aetius;Dioscorides
καδμια,καδμία,καδμια,2,2,AET_LM;PAUL_AEG,Aetius;Paul
καθαρος μολυβδος,καθαρός μόλυβδος,καθαρος μολυβδος,1,1,DIOSC_DMM,Dioscorides
καικουβος,Καίκουβος,καικουβος,1,1,DIOSC_DMM,Dioscorides
καινος σπογγος,καινὸς σπόγγος,καινος σπογγος,2,2,AET_LM;GAL_SMT,Aetius;Galen
κακκαλια,κακκαλία,κακκαλια,2,2,DIOSC_DMM,Dioscorides
κακκαλια,κακκαλία,κακκαλια,1,1,PAUL_AEG,Paul
κακτος,κάκτος,κακτος,1,1,PAUL_AEG,Paul
καλαμαγρωστις,καλαμάγρωστις,καλαμαγρωστις,2,2,DIOSC_DMM;PAUL_AEG,Dioscorides;Paul
καλαμανδρα,καλαμάνδρα,καλαμανδρα,1,1,DIOSC_DMM,Dioscorides
καλαμινθη,καλαμίνθη,καλαμινθη,16,16,AET_LM;DIOSC_DMM;GAL_ALIM;GAL_SMT;ORIB_CM;PAUL_AEG,Aetius;Dioscorides;Galen;Oribasius;Paul
καλαμοι,κάλαμοι,καλαμοι,1,1,DIOSC_DMM,Dioscorides
καλαμοκρινον,καλαμοκρῖνον,καλαμοκρινον,1,1,AET_LM,Aetius
καλαμος,κάλαμος,καλαμος,35,35,AET_LM;DIOSC_DMM;GAL_SMT;ORIB_CM;PAUL_AEG,Aetius;Dioscorides;Galen;Oribasius;Paul
καλαμος,κάλαμος,καλαμος,1,1,PAUL_AEG,Paul
καλαμος αρωματικος,κάλαμος ἀρωματικός,καλαμος αρωματικος,5,5,AET_LM;DIOSC_DMM;GAL_SMT;ORIB_CM,Aetius;Dioscorides;Galen;Oribasius
καλαμος αρωματικος,κάλαμος ἀρωματικός,καλαμος αρωματικος,1,1,PAUL_AEG,Paul
καλαμος αρωματιτης,κάλαμος ἀρωματίτης,καλαμος αρωματιτης,1,1,DIOSC_DMM,Dioscorides
καλαμος φραγμιτης,κάλαμος φραγμίτης,καλαμος φραγμιτης,3,3,AET_LM;GAL_SMT;ORIB_CM,Aetius;Galen;Oribasius
καλαμων,καλάμων,καλαμων,1,1,DIOSC_DMM,Dioscorides
καλθα,κάλθα,καλθα,1,1,DIOSC_DMM,Dioscorides
καλλαινος,καλλαῖνος,καλλαινος,1,1,DIOSC_DMM,Dioscorides
καλλεα,καλλέα,καλλεα,1,1,DIOSC_DMM,Dioscorides
καλλια,καλλία,καλλια,1,1,DIOSC_DMM,Dioscorides
καλλιπεταλον,καλλιπέταλον,καλλιπεταλον,1,1,DIOSC_DMM,Dioscorides
καλουλυχνις,καλούλυχνίς,καλουλυχνις,1,1,DIOSC_DMM,Dioscorides
καλταμος,κάλταμος,καλταμος,1,1,DIOSC_DMM,Dioscorides
καλυκα,κάλυκα,καλυκα,1,1,DIOSC_DMM,Dioscorides
καλυκι,κάλυκι,καλυκι,1,1,DIOSC_DMM,Dioscorides
καλυξ,κάλυξ,καλυξ,1,1,DIOSC_DMM,Dioscorides
καλυξι,κάλυξι,καλυξι,1,1,DIOSC_DMM,Dioscorides
καμηλος,κάμηλος,καμηλος,1,1,AET_LM,Aetius
καμμαρον,κάμμαρον,καμμαρον,1,1,DIOSC_DMM,Dioscorides
καμμαρος,κάμμαρος,καμμαρος,1,1,DIOSC_DMM,Dioscorides
καμπη,κάμπη,καμπη,4,4,DIOSC_DMM;GAL_SMT;PAUL_AEG,Dioscorides;Galen;Paul
καμπη πιτυινος,κάμπη πιτύϊνος,καμπη πιτυινος,1,1,DIOSC_DMM,Dioscorides
καμψανεμα,καμψάνεμα,καμψανεμα,1,1,DIOSC_DMM,Dioscorides
κανθαρις,κάνθαρις,κανθαρις,2,2,AET_LM;GAL_SMT,Aetius;Galen
κανθαρις,κανθαρίς,κανθαρις,12,12,AET_LM;DIOSC_DMM;GAL_SMT;PAUL_AEG,Aetius;Dioscorides;Galen;Paul
κανθαρις,κανθαρις,κανθαρις,1,1,PAUL_AEG,Paul
κανθαρις,κανθαρίς,κανθαρις,1,1,PAUL_AEG,Paul
κανναβεως καρπος,καννάβεως καρπὸς,κανναβεως καρπος,1,1,AET_LM,Aetius
κανναβεως καρπος,καννάβεως καρπός,κανναβεως καρπος,1,1,GAL_SMT,Galen
κανναβεως ο καρπος,Καννάβεως ὁ καρπός,κανναβεως ο καρπος,1,1,PAUL_AEG,Paul
κανναβις,κάνναβις,κανναβις,7,7,AET_LM;DIOSC_DMM;GAL_SMT;ORIB_CM,Aetius;Dioscorides;Galen;Oribasius
κανναβις,κάνναβις,κανναβις,1,1,PAUL_AEG,Paul
κανναβις αγρια,κάνναβις ἀγρία,κανναβις αγρια,1,1,DIOSC_DMM,Dioscorides
κανωπικος,Κανωπικός,κανωπικος,1,1,DIOSC_DMM,Dioscorides
κανωπον,Κάνωπον,κανωπον,1,1,PAUL_AEG,Paul
καπνιος,κάπνιος,καπνιος,3,3,AET_LM;GAL_SMT;ORIB_CM,Aetius;Galen;Oribasius
καπνιος,κάπνιος,καπνιος,1,1,PAUL_AEG,Paul
καπνος,καπνός,καπνος,9,9,AET_LM;DIOSC_DMM;GAL_SMT,Aetius;Dioscorides;Galen
καπνος,καπνός,καπνος,2,2,PAUL_AEG,Paul
καπνος ο εν ταις κριθαις φυομενος,καπνὸς ὁ ἐν ταῖς κριθαῖς φυόμενος,καπνος ο εν ταις κριθαις φυομενος,1,1,DIOSC_DMM,Dioscorides
καππαδοκικος,Καππαδοκικός,καππαδοκικος,2,2,AET_LM;DIOSC_DMM,Aetius;Dioscorides
καππαρεως η ριζα,Καππάρεως ἡ ῥίζα,καππαρεως η ριζα,1,1,PAUL_AEG,Paul
καππαρεως ριζη,καππάρεως ῥίζῃ,καππαρεως ριζη,1,1,DIOSC_DMM,Dioscorides
καππαρις,κάππαρις,καππαρις,9,9,AET_LM;DIOSC_DMM;GAL_ALIM;GAL_SMT;ORIB_CM,Aetius;Dioscorides;Galen;Oribasius
καππαρις,κάππαρις,καππαρις,1,1,PAUL_AEG,Paul
καπρια,καπρία,καπρια,1,1,DIOSC_DMM,Dioscorides
καπρος,κάπρος,καπρος,2,2,DIOSC_DMM;PAUL_AEG,Dioscorides;Paul
καπρου ηπαρ,κάπρου ἤπαρ,καπρου ηπαρ,1,1,DIOSC_DMM,Dioscorides
καραβος,κάραβος,καραβος,2,2,AET_LM,Aetius
καραβου οστρακον,καράβου ὄστρακον,καραβου οστρακον,1,1,AET_LM,Aetius
καρβων,κάρβων,καρβων,1,1,AET_LM,Aetius
καρδαμινη,καρδαμίνη,καρδαμινη,3,3,DIOSC_DMM;GAL_SMT;ORIB_CM,Dioscorides;Galen;Oribasius
καρδαμινη,καρδαμίνη,καρδαμινη,1,1,PAUL_AEG,Paul
καρδαμον,κάρδαμον,καρδαμον,30,30,AET_LM;DIOSC_DMM;GAL_ALIM;GAL_SMT;ORIB_CM;PAUL_AEG,Aetius;Dioscorides;Galen;Oribasius;Paul
καρδαμον,κάρδαμον,καρδαμον,4,4,PAUL_AEG,Paul
καρδαμος,καρδάμος,καρδαμος,1,1,PAUL_AEG,Paul
καρδαμου σπερμα,Καρδάμου σπέρμα,καρδαμου σπερμα,1,1,ORIB_CM,Oribasius
καρδαμου σπερματος,καρδάμου σπέρματος,καρδαμου σπερματος,1,1,GAL_SMT,Galen
καρδαμου το σπερμα,Καρδάμου τὸ σπέρμα,καρδαμου το σπερμα,1,1,PAUL_AEG,Paul
καρδαμου το σπερμα,καρδάμου τὸ σπέρμα,καρδαμου το σπερμα,2,2,AET_LM;GAL_SMT,Aetius;Galen
καρδαμωμον,καρδάμωμον,καρδαμωμον,16,16,AET_LM;DIOSC_DMM;GAL_SMT;ORIB_CM;PAUL_AEG,Aetius;Dioscorides;Galen;Oribasius;Paul
καρδαμωμου σπερμα,καρδαμώμου σπέρμα,καρδαμωμου σπερμα,1,1,AET_LM,Aetius
καρδαμωμου σπερματος,καρδαμώμου σπέρματος,καρδαμωμου σπερματος,1,1,AET_LM,Aetius
καρδια,καρδία,καρδια,1,1,AET_LM,Aetius
καρις,καρίς,καρις,2,2,AET_LM;PAUL_AEG,Aetius;Paul
καρκινας,καρκινάς,καρκινας,1,1,AET_LM,Aetius
καρκινος,καρκίνος,καρκινος,5,5,AET_LM;DIOSC_DMM;GAL_SMT;ORIB_CM;PAUL_AEG,Aetius;Dioscorides;Galen;Oribasius;Paul
καρκινος,καρκῖνος,καρκινος,1,1,AET_LM,Aetius
καρκινος θαλασσιος,καρκίνος θαλάσσιος,καρκινος θαλασσιος,1,1,DIOSC_DMM,Dioscorides
καρκινος ποταμιος,καρκίνος ποτάμιος,καρκινος ποταμιος,4,4,AET_LM;DIOSC_DMM;GAL_SMT;ORIB_CM,Aetius;Dioscorides;Galen;Oribasius
καρκινωθρον,καρκίνωθρον,καρκινωθρον,1,1,DIOSC_DMM,Dioscorides
καρον,κάρον,καρον,1,1,GAL_SMT,Galen
καρον,κάρον,καρον,1,1,PAUL_AEG,Paul
καρον,κᾶρον,καρον,2,2,GAL_SMT;ORIB_CM,Galen;Oribasius
καρου σπερμα,κάρου σπέρμα,καρου σπερμα,1,1,GAL_SMT,Galen
καρου το σπερμα,Κάρου τὸ σπέρμα,καρου το σπερμα,1,1,PAUL_AEG,Paul
καρπασος,κάρπασος,καρπασος,1,1,AET_LM,Aetius
καρπησιον,Καρπήσιον,καρπησιον,1,1,ORIB_CM,Oribasius
καρπησιον,καρπήσιον,καρπησιον,3,3,AET_LM;GAL_SMT;PAUL_AEG,Aetius;Galen;Paul
καρπησιον,καρπήσιον,καρπησιον,1,1,PAUL_AEG,Paul
καρποβαλσαμον,καρποβάλσαμον,καρποβαλσαμον,5,5,AET_LM,Aetius
καρποι,καρποί,καρποι,1,1,DIOSC_DMM,Dioscorides
καρποι,καρποὶ,καρποι,1,1,ORIB_CM,Oribasius
καρποι της αχραδος,καρποὶ τῆς ἀχράδος,καρποι της αχραδος,1,1,GAL_SMT,Galen
καρποι της οξυακανθης,καρποὶ τῆς ὀξυακάνθης,καρποι της οξυακανθης,1,1,GAL_SMT,Galen
καρποις,καρποῖς,καρποις,1,1,ORIB_CM,Oribasius
καρπον,καρπόν,καρπον,1,1,DIOSC_DMM,Dioscorides
καρπον,καρπὸν,καρπον,64,63,AET_LM;DIOSC_DMM;GAL_SMT;ORIB_CM;PAUL_AEG,Aetius;Dioscorides;Galen;Oribasius;Paul
καρπον,καρπόν,καρπον,1,1,PAUL_AEG,Paul
καρπον της κεδρου,καρπὸν τῆς κέδρου,καρπον της κεδρου,1,1,AET_LM,Aetius
καρπος,καρπός,καρπος,33,33,AET_LM;DIOSC_DMM;GAL_ALIM;GAL_SMT;ORIB_CM;PAUL_AEG,Aetius;Dioscorides;Galen;Oribasius;Paul
καρπος,καρπὸς,καρπος,173,172,AET_LM;DIOSC_DMM;GAL_SMT;ORIB_CM;PAUL_AEG,Aetius;Dioscorides;Galen;Oribasius;Paul
καρπος,καρπός,καρπος,14,14,AET_LM;DIOSC_DMM;GAL_SMT;ORIB_CM;PAUL_AEG,Aetius;Dioscorides;Galen;Oribasius;Paul
καρπος αυτης,καρπὸς αὐτῆς,καρπος αυτης,1,1,DIOSC_DMM,Dioscorides
καρπος βατου,καρπὸς βάτου,καρπος βατου,1,1,GAL_SMT,Galen
καρπος δρυος,καρπὸς δρυός,καρπος δρυος,1,1,DIOSC_DMM,Dioscorides
καρπος κοκκυμηλεας,καρπὸς κοκκυμηλέας,καρπος κοκκυμηλεας,1,1,GAL_SMT,Galen
καρπος ο ξηρος,καρπὸς ὁ ξηρός,καρπος ο ξηρος,1,1,PAUL_AEG,Paul
καρπος πευκης,καρπὸς πεύκης,καρπος πευκης,1,1,DIOSC_DMM,Dioscorides
καρπος πιτυων,καρπὸς πιτύων,καρπος πιτυων,1,1,DIOSC_DMM,Dioscorides
καρπος της μορεας,καρπὸς τῆς μορέας,καρπος της μορεας,1,1,AET_LM,Aetius
καρπος της πευκης,καρπὸς τῆς πεύκης,καρπος της πευκης,1,1,GAL_SMT,Galen
καρπος τουτου,καρπὸς τούτου,καρπος τουτου,1,1,DIOSC_DMM,Dioscorides
καρπος των πιτυων,καρπὸς τῶν πιτύων,καρπος των πιτυων,1,1,GAL_SMT,Galen
καρπου,καρποῦ,καρπου,10,10,AET_LM;DIOSC_DMM;GAL_SMT;ORIB_CM;PAUL_AEG,Aetius;Dioscorides;Galen;Oribasius;Paul
καρπου ελαιας,καρποῦ ἐλαίας,καρπου ελαιας,1,1,AET_LM,Aetius
καρπου σχινου,καρποῦ σχίνου,καρπου σχινου,1,1,DIOSC_DMM,Dioscorides
καρπου του κικεως,καρποῦ τοῦ κίκεως,καρπου του κικεως,1,1,GAL_SMT,Galen
καρπω,καρπῷ,καρπω,6,6,DIOSC_DMM;GAL_ALIM;GAL_SMT;PAUL_AEG,Dioscorides;Galen;Paul
καρπω βαλσαμου,καρπῷ βαλσάμου,καρπω βαλσαμου,1,1,DIOSC_DMM,Dioscorides
καρπῳ,καρπῷ,καρπω,6,6,GAL_ALIM;GAL_SMT;ORIB_CM,Galen;Oribasius
καρυα,καρυά,καρυα,2,2,AET_LM;PAUL_AEG,Aetius;Paul
καρυα,καρύα,καρυα,5,5,DIOSC_DMM;ORIB_CM,Dioscorides;Oribasius
καρυα βασιλικη,καρύα βασιλική,καρυα βασιλικη,2,2,DIOSC_DMM,Dioscorides
καρυα ποντικη,καρύα ποντική,καρυα ποντικη,1,1,DIOSC_DMM,Dioscorides
καρυας φυλλα,καρύας φύλλα,καρυας φυλλα,1,1,DIOSC_DMM,Dioscorides
καρυινος,κάρυινος,καρυινος,1,1,DIOSC_DMM,Dioscorides
καρυινος,καρύϊνος,καρυινος,1,1,ORIB_CM,Oribasius
καρυιτης,καρυίτης,καρυιτης,1,1,DIOSC_DMM,Dioscorides
καρυον,κάρυον,καρυον,12,12,AET_LM;DIOSC_DMM;GAL_ALIM;GAL_SMT;PAUL_AEG,Aetius;Dioscorides;Galen;Paul
καρυον,καρύον,καρυον,1,1,ORIB_CM,Oribasius
καρυον,κάρυον,καρυον,3,3,AET_LM;GAL_SMT;ORIB_CM,Aetius;Galen;Oribasius
καρυον βασιλικον,κάρυον βασιλικόν,καρυον βασιλικον,2,2,DIOSC_DMM,Dioscorides
καρυον ινδικον,κάρυον ἰνδικόν,καρυον ινδικον,1,1,AET_LM,Aetius
καρυον μυριστικον,κάρυον μυριστικόν,καρυον μυριστικον,1,1,AET_LM,Aetius
καρυον ποντικον,κάρυον Ποντικόν,καρυον ποντικον,1,1,DIOSC_DMM,Dioscorides
καρυου λεμματι,καρύου λέμματι,καρυου λεμματι,1,1,ORIB_CM,Oribasius
καρυοφυλλον,καρυόφυλλον,καρυοφυλλον,3,3,AET_LM,Aetius
καρυοφυλλον,καρυόφυλλον,καρυοφυλλον,2,2,AET_LM;PAUL_AEG,Aetius;Paul
καρυων λεμματα,καρύων λέμματα,καρυων λεμματα,1,1,GAL_SMT,Galen
καρυωτις,καρυωτίς,καρυωτις,1,1,DIOSC_DMM,Dioscorides
καρυωτος,καρυωτός,καρυωτος,1,1,GAL_ALIM,Galen
καρυϊνον,καρύϊνον,καρυινον,1,1,GAL_SMT,Galen
καρφη,κάρφη,καρφη,1,1,DIOSC_DMM,Dioscorides
καρφος,κάρφος,καρφος,1,1,DIOSC_DMM,Dioscorides
καρφος,κάρφος,καρφος,2,2,AET_LM;GAL_SMT,Aetius;Galen
καρω,καρώ,καρω,1,1,DIOSC_DMM,Dioscorides
καρωον,καρώον,καρωον,1,1,AET_LM,Aetius
καρωου το σπερμα,καρώου τὸ σπέρμα,καρωου το σπερμα,1,1,AET_LM,Aetius
κασαμον,κάσαμον,κασαμον,1,1,AET_LM,Aetius
κασαμον,κάσαμον,κασαμον,1,1,PAUL_AEG,Paul
κασια,κασία,κασια,11,11,AET_LM;GAL_SMT;ORIB_CM,Aetius;Galen;Oribasius
κασσια,κασσία,κασσια,9,9,DIOSC_DMM;PAUL_AEG,Dioscorides;Paul
κασσια,κασσια,κασσια,1,1,PAUL_AEG,Paul
κασσια μοσυλιτις,κασσία Μοσυλῖτις,κασσια μοσυλιτις,1,1,DIOSC_DMM,Dioscorides
κασσια πυρρα,κασσία πυρρά,κασσια πυρρα,1,1,DIOSC_DMM,Dioscorides
κασσιτερος,κασσίτερος,κασσιτερος,2,2,DIOSC_DMM;GAL_SMT,Dioscorides;Galen
κασσιτερος,κασσίτερος,κασσιτερος,1,1,GAL_SMT,Galen
κασσκια,κασσκία,κασσκια,1,1,DIOSC_DMM,Dioscorides
κασσυμα,κάσσυμα,κασσυμα,1,1,PAUL_AEG,Paul
κασσυμα,κασσύμα,κασσυμα,1,1,DIOSC_DMM,Dioscorides
καστανεα,καστανέα,καστανεα,1,1,AET_LM,Aetius
καστανια,καστανία,καστανια,1,1,DIOSC_DMM,Dioscorides
καστανον,κάστανον,καστανον,1,1,AET_LM,Aetius
καστορειον,καστόρειον,καστορειον,1,1,ORIB_CM,Oribasius
καστοριον,καστόριον,καστοριον,9,9,AET_LM;DIOSC_DMM;GAL_SMT;PAUL_AEG,Aetius;Dioscorides;Galen;Paul
καστορος ορχεις,κάστορος ὄρχεις,καστορος ορχεις,1,1,AET_LM,Aetius
καστωρ,κάστωρ,καστωρ,3,3,AET_LM;DIOSC_DMM;GAL_SMT,Aetius;Dioscorides;Galen
καταμηνια,κατάμηνια,καταμηνια,3,3,GAL_SMT;PAUL_AEG,Galen;Paul
καταμηνια,καταμήνια,καταμηνια,100,100,AET_LM;DIOSC_DMM;GAL_SMT;PAUL_AEG,Aetius;Dioscorides;Galen;Paul
καταμηνια,καταμήνια,καταμηνια,12,12,AET_LM;GAL_SMT;PAUL_AEG,Aetius;Galen;Paul
καταμηνιον,καταμήνιον,καταμηνιον,3,3,GAL_SMT;PAUL_AEG,Galen;Paul
καταναγκη,κατανάγκη,καταναγκη,1,1,DIOSC_DMM,Dioscorides
καταπιμελον,κατάπιμελον,καταπιμελον,1,1,DIOSC_DMM,Dioscorides
καταπιμελον,κατάπιμελον,καταπιμελον,1,1,PAUL_AEG,Paul
κατοικιδιος μυς,κατοικίδιος μῦς,κατοικιδιος μυς,1,1,GAL_SMT,Galen
κατοπτος γη πυρρα,κάτοπτος γῆ πυρρά,κατοπτος γη πυρρα,1,1,DIOSC_DMM,Dioscorides
καττυμα,καττύμα,καττυμα,1,1,GAL_SMT,Galen
κατωτεραν ριζαν,κατωτέραν ῥίζαν,κατωτεραν ριζαν,1,1,DIOSC_DMM,Dioscorides
καυθεισα κισηρις,καυθεῖσα κίσηρις,καυθεισα κισηρις,1,1,ORIB_CM,Oribasius
καυκαλις,Καυκαλίς,καυκαλις,1,1,ORIB_CM,Oribasius
καυκαλις,καυκαλίς,καυκαλις,1,1,DIOSC_DMM,Dioscorides
καυκαλις,καυκαλίς,καυκαλις,3,3,AET_LM;GAL_SMT;PAUL_AEG,Aetius;Galen;Paul
καυλια,καυλία,καυλια,10,10,DIOSC_DMM,Dioscorides
καυλιοις,καυλίοις,καυλιοις,1,1,DIOSC_DMM,Dioscorides
καυλιον,καυλίον,καυλιον,10,10,DIOSC_DMM,Dioscorides
καυλισκος,καυλίσκος,καυλισκος,1,1,DIOSC_DMM,Dioscorides
καυλιω,καυλίῳ,καυλιω,1,1,DIOSC_DMM,Dioscorides
καυλιων,καυλίων,καυλιων,1,1,DIOSC_DMM,Dioscorides
καυλοι,καυλοί,καυλοι,3,3,DIOSC_DMM,Dioscorides
καυλοι,καυλοὶ,καυλοι,12,12,AET_LM;DIOSC_DMM;GAL_SMT,Aetius;Dioscorides;Galen
καυλοι αυτου,καυλοὶ αὐτοῦ,καυλοι αυτου,1,1,DIOSC_DMM,Dioscorides
καυλοι της κραμβης,καυλοὶ τῆς κράμβης,καυλοι της κραμβης,1,1,ORIB_CM,Oribasius
καυλον,καυλὸν,καυλον,66,66,DIOSC_DMM;GAL_SMT,Dioscorides;Galen
καυλον,καυλόν,καυλον,1,1,DIOSC_DMM,Dioscorides
καυλον ναρδου,καυλὸν νάρδου,καυλον ναρδου,1,1,DIOSC_DMM,Dioscorides
καυλος,καυλός,καυλος,8,8,AET_LM;DIOSC_DMM,Aetius;Dioscorides
καυλος,καυλὸς,καυλος,17,17,DIOSC_DMM;GAL_SMT;ORIB_CM,Dioscorides;Galen;Oribasius
καυλος,καυλός,καυλος,1,1,AET_LM,Aetius
καυλος της ραφανιδος,καυλὸς τῆς ῥαφανίδος,καυλος της ραφανιδος,1,1,GAL_ALIM,Galen
καυλου,καυλοῦ,καυλου,9,9,AET_LM;DIOSC_DMM;GAL_SMT,Aetius;Dioscorides;Galen
καυλους,καυλούς,καυλους,5,5,DIOSC_DMM,Dioscorides
καυλους,καυλοὺς,καυλους,8,8,DIOSC_DMM,Dioscorides
καυλουυς,καυλούὺς,καυλουυς,1,1,DIOSC_DMM,Dioscorides
καυλω,καυλῷ,καυλω,3,3,DIOSC_DMM,Dioscorides
καυλων,καυλῶν,καυλων,10,10,AET_LM;DIOSC_DMM;GAL_SMT;PAUL_AEG,Aetius;Dioscorides;Galen;Paul
καχλα,κάχλα,καχλα,1,1,DIOSC_DMM,Dioscorides
καχληξ,κάχληξ,καχληξ,1,1,PAUL_AEG,Paul
καχρυ,κάχρυ,καχρυ,2,2,DIOSC_DMM,Dioscorides
καχρυς,κάχρυς,καχρυς,3,3,DIOSC_DMM;GAL_SMT;PAUL_AEG,Dioscorides;Galen;Paul
καχρυς,καχρύς,καχρυς,1,1,AET_LM,Aetius
κεγχραμιδες,κεγχραμίδες,κεγχραμιδες,1,1,GAL_SMT,Galen
κεγχραμισιν,κεγχραμίσιν,κεγχραμισιν,1,1,GAL_ALIM,Galen
κεγχρον,κέγχρον,κεγχρον,1,1,PAUL_AEG,Paul
κεγχρος,κέγχρος,κεγχρος,16,16,AET_LM;DIOSC_DMM;GAL_ALIM;GAL_SMT;ORIB_CM;PAUL_AEG,Aetius;Dioscorides;Galen;Oribasius;Paul
κεγχρος,κέγχρος,κεγχρος,1,1,PAUL_AEG,Paul
κεδρεα,κεδρέα,κεδρεα,3,3,GAL_SMT;ORIB_CM,Galen;Oribasius
κεδρελαιον,κεδρέλαιον,κεδρελαιον,1,1,AET_LM,Aetius
κεδρια,κεδρία,κεδρια,8,8,AET_LM;DIOSC_DMM;GAL_SMT;PAUL_AEG,Aetius;Dioscorides;Galen;Paul
κεδρινον,κέδρινον,κεδρινον,1,1,GAL_SMT,Galen
κεδρινον ελαιον,κεδρῖνον ἔλαιον,κεδρινον ελαιον,2,2,DIOSC_DMM,Dioscorides
κεδρινον ξυλον,κέδρινον ξύλον,κεδρινον ξυλον,1,1,ORIB_CM,Oribasius
κεδρινον ξυλον,κεδρῖνον ξύλον,κεδρινον ξυλον,1,1,AET_LM,Aetius
κεδρινος,κέδρινος,κεδρινος,2,2,DIOSC_DMM;ORIB_CM,Dioscorides;Oribasius
κεδρινος ξυλον,κεδρῖνος ξύλον,κεδρινος ξυλον,1,1,GAL_SMT,Galen
κεδρις,κεδρίς,κεδρις,5,5,AET_LM;DIOSC_DMM;GAL_SMT;ORIB_CM,Aetius;Dioscorides;Galen;Oribasius
κεδρομηλον,κεδρόμηλον,κεδρομηλον,1,1,DIOSC_DMM,Dioscorides
κεδρος,κέδρος,κεδρος,9,9,AET_LM;DIOSC_DMM;GAL_SMT;ORIB_CM;PAUL_AEG,Aetius;Dioscorides;Galen;Oribasius;Paul
κεδρος,κέδρος,κεδρος,1,1,PAUL_AEG,Paul
κεδρος θαμνωδης,κέδρος θαμνώδης,κεδρος θαμνωδης,1,1,PAUL_AEG,Paul
κεδρος μικρα,κέδρος μικρά,κεδρος μικρα,1,1,DIOSC_DMM,Dioscorides
κεδρωστις,κέδρωστις,κεδρωστις,1,1,DIOSC_DMM,Dioscorides
κεκαυμενη παπυρος,κεκαυμένη πάπυρος,κεκαυμενη παπυρος,1,1,DIOSC_DMM,Dioscorides
κεκαυμενη χαλκιτις,κεκαυμένη χαλκῖτις,κεκαυμενη χαλκιτις,1,1,ORIB_CM,Oribasius
κεκαυμενη ωχρα,κεκαυμένη ὦχρα,κεκαυμενη ωχρα,1,1,DIOSC_DMM,Dioscorides
κεκαυμενον αβροτονον,κεκαυμένον ἀβρότονον,κεκαυμενον αβροτονον,1,1,ORIB_CM,Oribasius
κεκαυμενον διαφανες,κεκαυμένον διαφανές,κεκαυμενον διαφανες,1,1,AET_LM,Aetius
κεκαυμενον εριον,κεκαυμένον ἔριον,κεκαυμενον εριον,1,1,AET_LM,Aetius
κεκαυμενον κερας,κεκαυμένον κέρας,κεκαυμενον κερας,1,1,GAL_SMT,Galen
κεκαυμενον οστρακον,κεκαυμένον ὄστρακον,κεκαυμενον οστρακον,1,1,PAUL_AEG,Paul
κεκαυμενος αλς,κεκαυμένος ἅλς,κεκαυμενος αλς,1,1,ORIB_CM,Oribasius
κεκαυμενος μολυβδος,κεκαυμένος μολύβδος,κεκαυμενος μολυβδος,1,1,DIOSC_DMM,Dioscorides
κεκαυμενος μολυβδος,κεκαυμένος μόλυβδος,κεκαυμενος μολυβδος,1,1,ORIB_CM,Oribasius
κεκαυμενος χαλκος,κεκαυμένος χαλκός,κεκαυμενος χαλκος,1,1,DIOSC_DMM,Dioscorides
κεκαυμενος χαλκος,κεκαυμένος χαλκός,κεκαυμενος χαλκος,1,1,PAUL_AEG,Paul
κεκαυμενος χαρτης,κεκαυμένος χάρτης,κεκαυμενος χαρτης,1,1,ORIB_CM,Oribasius
κεκαυμενος χαρτης,κεκαυμένος χάρτης,κεκαυμενος χαρτης,1,1,PAUL_AEG,Paul
κελτικη ναρδος,Κελτικὴ νάρδος,κελτικη ναρδος,2,2,DIOSC_DMM,Dioscorides
κελυφει,κελύφει,κελυφει,2,2,AET_LM;PAUL_AEG,Aetius;Paul
κελυφει ροας,κελύφει ῥόας,κελυφει ροας,2,2,DIOSC_DMM,Dioscorides
κελυφει ροιας,κελύφει ῥοιᾶς,κελυφει ροιας,1,1,PAUL_AEG,Paul
κελυφει της βαλανου,κελύφει τῆς βαλάνου,κελυφει της βαλανου,1,1,GAL_SMT,Galen
κελυφεσι,κελύφεσι,κελυφεσι,1,1,DIOSC_DMM,Dioscorides
κενταυρειον,κενταύρειον,κενταυρειον,6,6,DIOSC_DMM;ORIB_CM,Dioscorides;Oribasius
κενταυρειον,κενταύρειον,κενταυρειον,1,1,ORIB_CM,Oribasius
κενταυρειον λεπτον,κενταύρειον λεπτὸν,κενταυρειον λεπτον,1,1,DIOSC_DMM,Dioscorides
κενταυρειον μεγα,κενταύρειον μέγα,κενταυρειον μεγα,3,3,DIOSC_DMM;ORIB_CM,Dioscorides;Oribasius
κενταυρειον μικρον,κενταύρειον μικρόν,κενταυρειον μικρον,1,1,ORIB_CM,Oribasius
κενταυρειου ριζης,κενταυρείου ῥίζης,κενταυρειου ριζης,1,1,DIOSC_DMM,Dioscorides
κενταυριον,κενταύριον,κενταυριον,6,6,AET_LM;GAL_SMT,Aetius;Galen
κενταυριον,κενταύριον,κενταυριον,1,1,PAUL_AEG,Paul
κενταυριον λεπτον,κενταύριον λεπτόν,κενταυριον λεπτον,1,1,GAL_SMT,Galen
κενταυριον μεγα,κενταύριον μέγα,κενταυριον μεγα,2,2,AET_LM;GAL_SMT,Aetius;Galen
κενταυριον μεγα,κενταύριον μέγα,κενταυριον μεγα,1,1,PAUL_AEG,Paul
κενταυριον μικρον,κενταύριον μικρόν,κενταυριον μικρον,2,2,AET_LM;GAL_SMT,Aetius;Galen
κενταυριον μικρον,κενταύριον μικρόν,κενταυριον μικρον,1,1,PAUL_AEG,Paul
κενταυριου του μεγαλου η ριζα,Κενταυρίου τοῦ μεγάλου ἡ ῥίζα,κενταυριου του μεγαλου η ριζα,1,1,PAUL_AEG,Paul
κεραμις,κεραμίς,κεραμις,2,2,GAL_SMT;ORIB_CM,Galen;Oribasius
κεραμιτις γη,κεραμίτις γῆ,κεραμιτις γη,1,1,GAL_SMT,Galen
κερας,κέρας,κερας,5,5,DIOSC_DMM;GAL_SMT;PAUL_AEG,Dioscorides;Galen;Paul
κερας αιγειον,κέρας αἴγειον,κερας αιγειον,1,1,DIOSC_DMM,Dioscorides
κερας αιγος,κέρας αἰγός,κερας αιγος,1,1,ORIB_CM,Oribasius
κερας αιξ,κέρας αἴξ,κερας αιξ,1,1,PAUL_AEG,Paul
κερας ελαφειον,κέρας ἐλάφειον,κερας ελαφειον,1,1,DIOSC_DMM,Dioscorides
κερας ελαφος,κέρας ἔλαφος,κερας ελαφος,1,1,PAUL_AEG,Paul
κερας ελαφου,Κέρας ἐλάφου,κερας ελαφου,1,1,ORIB_CM,Oribasius
κερας ταυρος,κέρας ταῦρος,κερας ταυρος,1,1,PAUL_AEG,Paul
κερασιν αιγος,κέρασιν αἰγὸς,κερασιν αιγος,1,1,GAL_SMT,Galen
κερασιν ελαφου,κέρασιν ἐλάφου,κερασιν ελαφου,1,1,GAL_SMT,Galen
κερασιον,κεράσιον,κερασιον,5,5,AET_LM;DIOSC_DMM;GAL_SMT;PAUL_AEG,Aetius;Dioscorides;Galen;Paul
κερασιον αυστηρον,κεράσιον αὐστηρόν,κερασιον αυστηρον,1,1,PAUL_AEG,Paul
κερασιον γλυκυ,κεράσιον γλυκύ,κερασιον γλυκυ,1,1,PAUL_AEG,Paul
κερασιον οξυ,κεράσιον ὀξύ,κερασιον οξυ,1,1,PAUL_AEG,Paul
κερασος,Κέρασος,κερασος,1,1,ORIB_CM,Oribasius
κερασος,κέρασος,κερασος,2,2,AET_LM;GAL_SMT,Aetius;Galen
κερασου του δενδρου ο καρπος,Κεράσου τοῦ δένδρου ὁ καρπὸς,κερασου του δενδρου ο καρπος,1,1,ORIB_CM,Oribasius
κεραστης,κεράστης,κεραστης,1,1,DIOSC_DMM,Dioscorides
κερατα,κέρατα,κερατα,1,1,DIOSC_DMM,Dioscorides
κερατια,κεράτια,κερατια,2,2,DIOSC_DMM;GAL_SMT,Dioscorides;Galen
κερατια,κεράτια,κερατια,1,1,ORIB_CM,Oribasius
κερατιον,κεράτιον,κερατιον,5,5,AET_LM;DIOSC_DMM,Aetius;Dioscorides
κερατιον,κεράτιον,κερατιον,1,1,PAUL_AEG,Paul
κερατιον χλωρον,κεράτιον χλωρόν,κερατιον χλωρον,1,1,DIOSC_DMM,Dioscorides
κερατιτις μηκων,κερατίτις μήκων,κερατιτις μηκων,2,2,DIOSC_DMM,Dioscorides
κερατιτις μηκων,κερατῖτις μήκων,κερατιτις μηκων,1,1,PAUL_AEG,Paul
κερατωνια,κερατωνία,κερατωνια,3,3,AET_LM;GAL_SMT;ORIB_CM,Aetius;Galen;Oribasius
κερατωνια,κερατωνία,κερατωνια,1,1,PAUL_AEG,Paul
κεστρον,κέστρον,κεστρον,5,5,AET_LM;DIOSC_DMM;GAL_SMT;ORIB_CM;PAUL_AEG,Aetius;Dioscorides;Galen;Oribasius;Paul
κεστρον ψυχροτροφον,κέστρον ψυχρότροφον,κεστρον ψυχροτροφον,1,1,AET_LM,Aetius
κεστρος,κέστρος,κεστρος,1,1,DIOSC_DMM,Dioscorides
κεστρος ψυχροτροφος,κέστρος ψυχροτρόφος,κεστρος ψυχροτροφος,1,1,DIOSC_DMM,Dioscorides
κεφαλαι,κεφαλαί,κεφαλαι,1,1,DIOSC_DMM,Dioscorides
κεφαλαι,κεφαλαὶ,κεφαλαι,1,1,DIOSC_DMM,Dioscorides
κεφαλαι ταριχηρων μαινιδων,Κεφαλαὶ ταριχηρῶν μαινίδων,κεφαλαι ταριχηρων μαινιδων,1,1,PAUL_AEG,Paul
κεφαλας,κεφαλάς,κεφαλας,1,1,DIOSC_DMM,Dioscorides
κεφαλας,κεφαλὰς,κεφαλας,1,1,DIOSC_DMM,Dioscorides
κεφαλας μαινιδων,κεφαλὰς μαινίδων,κεφαλας μαινιδων,1,1,AET_LM,Aetius
κεφαλη,κεφαλή,κεφαλη,2,2,DIOSC_DMM,Dioscorides
κεφαλη,κεφαλὴ,κεφαλη,8,8,AET_LM;DIOSC_DMM;PAUL_AEG,Aetius;Dioscorides;Paul
κεφαλη μαινιδος ταριχηρας,κεφαλὴ μαινίδος ταριχηρᾶς,κεφαλη μαινιδος ταριχηρας,1,1,AET_LM,Aetius
κεφαλην,κεφαλὴν,κεφαλην,4,4,AET_LM;DIOSC_DMM,Aetius;Dioscorides
κεφαλην λαγωου,κεφαλὴν λαγωοῦ,κεφαλην λαγωου,1,1,GAL_SMT,Galen
κεφαλην ολην λαγωου,κεφαλὴν ὅλην λαγωοῦ,κεφαλην ολην λαγωου,1,1,AET_LM,Aetius
κεφαλης,κεφαλῆς,κεφαλης,2,2,DIOSC_DMM,Dioscorides
κεφαλια,κεφάλια,κεφαλια,8,8,DIOSC_DMM,Dioscorides
κεφαλιοις,κεφαλίοις,κεφαλιοις,1,1,DIOSC_DMM,Dioscorides
κεφαλιον,κεφάλιον,κεφαλιον,4,4,DIOSC_DMM,Dioscorides
κεφαλιου,κεφαλίου,κεφαλιου,1,1,DIOSC_DMM,Dioscorides
κεφαλιου κρομυωδους,κεφαλίου κρομυώδους,κεφαλιου κρομυωδους,1,1,DIOSC_DMM,Dioscorides
κεφαλος,κέφαλος,κεφαλος,2,2,AET_LM,Aetius
κεφαλων μαινιδων,κεφαλῶν μαινίδων,κεφαλων μαινιδων,1,1,GAL_SMT,Galen
κηκις,κηκίς,κηκις,21,21,AET_LM;DIOSC_DMM;GAL_SMT;ORIB_CM;PAUL_AEG,Aetius;Dioscorides;Galen;Oribasius;Paul
κηκις,κηκίς,κηκις,2,2,GAL_SMT;PAUL_AEG,Galen;Paul
κηκις ξανθη,κηκίς ξανθή,κηκις ξανθη,4,4,AET_LM;GAL_SMT;ORIB_CM;PAUL_AEG,Aetius;Galen;Oribasius;Paul
κηκις ολοκληρος,κηκίς ὁλόκληρος,κηκις ολοκληρος,1,1,DIOSC_DMM,Dioscorides
κηκις ομφακιτις,κηκίς ὀμφακίτις,κηκις ομφακιτις,1,1,GAL_SMT,Galen
κηκις ομφακιτις,κηκίς ὀμφακῖτις,κηκις ομφακιτις,6,6,AET_LM;GAL_SMT;ORIB_CM;PAUL_AEG,Aetius;Galen;Oribasius;Paul
κημος,κῆμος,κημος,1,1,DIOSC_DMM,Dioscorides
κηπαια,κηπαία,κηπαια,1,1,DIOSC_DMM,Dioscorides
κηπαια,κηπαία,κηπαια,1,1,PAUL_AEG,Paul
κηπαια ανδραχνη,κηπαία ἀνδράχνη,κηπαια ανδραχνη,1,1,DIOSC_DMM,Dioscorides
κηπαιος,κηπαῖος,κηπαιος,1,1,AET_LM,Aetius
κηπευομενη,κηπευομένη,κηπευομενη,1,1,GAL_SMT,Galen
κηπευομενη μαλαχη,κηπευομένη μαλάχη,κηπευομενη μαλαχη,1,1,GAL_ALIM,Galen
κηπευομενος,κηπευόμενος,κηπευομενος,1,1,ORIB_CM,Oribasius
κηπευομενος τρυχνος,κηπευόμενος τρύχνος,κηπευομενος τρυχνος,1,1,GAL_SMT,Galen
κηπευτη,κηπευτή,κηπευτη,1,1,DIOSC_DMM,Dioscorides
κηπευτη μηκων,κηπευτὴ μήκων,κηπευτη μηκων,1,1,PAUL_AEG,Paul
κηπευτον σελινον,κηπευτόν σέλινον,κηπευτον σελινον,1,1,DIOSC_DMM,Dioscorides
κηπευτον στρυχνον,κηπευτὸν στρύχνον,κηπευτον στρυχνον,1,1,DIOSC_DMM,Dioscorides
κηπευτος,κηπευτός,κηπευτος,1,1,DIOSC_DMM,Dioscorides
κηπευτος σελινον,κηπευτὸς σέλινον,κηπευτος σελινον,1,1,PAUL_AEG,Paul
κηρανθεμον,κηράνθεμον,κηρανθεμον,1,1,DIOSC_DMM,Dioscorides
κηριον,κηρίον,κηριον,1,1,DIOSC_DMM,Dioscorides
κηρος,κηρός,κηρος,35,35,AET_LM;DIOSC_DMM;GAL_SMT;ORIB_CM;PAUL_AEG,Aetius;Dioscorides;Galen;Oribasius;Paul
κηρος,κηρός,κηρος,1,1,GAL_SMT,Galen
κηρος κρητικος,κηρός κρητικός,κηρος κρητικος,1,1,DIOSC_DMM,Dioscorides
κηρος ποντικος,κηρός ποντικός,κηρος ποντικος,1,1,DIOSC_DMM,Dioscorides
κηρος τυρρηνικος,κηρός Τυρρηνικός,κηρος τυρρηνικος,1,1,DIOSC_DMM,Dioscorides
κηρος τυρρηνικος,κηρός τυρρηνικός,κηρος τυρρηνικος,1,1,DIOSC_DMM,Dioscorides
κηρυκων οστρακον,κηρύκων ὄστρακον,κηρυκων οστρακον,1,1,AET_LM,Aetius
κηρυξ,κήρυξ,κηρυξ,7,7,AET_LM;DIOSC_DMM;GAL_SMT;PAUL_AEG,Aetius;Dioscorides;Galen;Paul
κηρυξ,κήρυξ,κηρυξ,1,1,PAUL_AEG,Paul
κηρυξ,κῆρυξ,κηρυξ,5,5,AET_LM;DIOSC_DMM;GAL_SMT;PAUL_AEG,Aetius;Dioscorides;Galen;Paul
κηρυξ οστρακον,κήρυξ ὄστρακον,κηρυξ οστρακον,1,1,GAL_SMT,Galen
κηρωτη,κηρωτή,κηρωτη,1,1,PAUL_AEG,Paul
κιβωριον,κιβώριον,κιβωριον,3,3,AET_LM;DIOSC_DMM,Aetius;Dioscorides
κιβωτιον,κιβώτιον,κιβωτιον,1,1,DIOSC_DMM,Dioscorides
κικεα,κικέα,κικεα,1,1,AET_LM,Aetius
κικεως,κίκεως,κικεως,2,2,GAL_SMT;ORIB_CM,Galen;Oribasius
κικεως,κίκεως,κικεως,1,1,AET_LM,Aetius
κικεως καρπος,κίκεως καρπός,κικεως καρπος,1,1,GAL_SMT,Galen
κικεως ο καρπος,Κίκεως ὁ καρπός,κικεως ο καρπος,1,1,PAUL_AEG,Paul
κικεως φυλλον,κίκεως φύλλον,κικεως φυλλον,1,1,GAL_SMT,Galen
κικι,κίκι,κικι,3,3,AET_LM;DIOSC_DMM;GAL_SMT,Aetius;Dioscorides;Galen
κικι,κίκι,κικι,1,1,PAUL_AEG,Paul
κικινον,κίκινον,κικινον,3,3,AET_LM;GAL_SMT;PAUL_AEG,Aetius;Galen;Paul
κικινον,κίκινον,κικινον,1,1,ORIB_CM,Oribasius
κικινον ελαιον,κίκινον ἔλαιον,κικινον ελαιον,3,3,DIOSC_DMM;GAL_SMT,Dioscorides;Galen
κικινον ελαιον,κίκινον ἔλαιον,κικινον ελαιον,1,1,GAL_SMT,Galen
κικινος,κίκινος,κικινος,1,1,AET_LM,Aetius
κικις,κίκις,κικις,1,1,AET_LM,Aetius
κικις,κικίς,κικις,2,2,AET_LM,Aetius
κιλικιον,Κιλίκιον,κιλικιον,2,2,GAL_SMT;ORIB_CM,Galen;Oribasius
κιμωλια,Κιμωλία,κιμωλια,7,7,DIOSC_DMM;GAL_SMT;ORIB_CM;PAUL_AEG,Dioscorides;Galen;Oribasius;Paul
κιμωλια,κιμωλία,κιμωλια,4,4,AET_LM;DIOSC_DMM,Aetius;Dioscorides
κιμωλια γη,Κιμωλία γῆ,κιμωλια γη,1,1,DIOSC_DMM,Dioscorides
κιμωλια γη,κιμωλία γῆ,κιμωλια γη,1,1,AET_LM,Aetius
κιναμωμις,κιναμωμίς,κιναμωμις,1,1,PAUL_AEG,Paul
κιναμωμον,κινάμωμον,κιναμωμον,10,10,AET_LM;DIOSC_DMM;PAUL_AEG,Aetius;Dioscorides;Paul
κιναμωμον,κιναμώμον,κιναμωμον,2,2,AET_LM;DIOSC_DMM,Aetius;Dioscorides
κιναμωμον,κινάμωμον,κιναμωμον,2,2,PAUL_AEG,Paul
κιναρα,κινάρα,κιναρα,3,3,AET_LM;DIOSC_DMM;GAL_ALIM,Aetius;Dioscorides;Galen
κινη,κίνη,κινη,1,1,DIOSC_DMM,Dioscorides
κιννα,κίννα,κιννα,1,1,DIOSC_DMM,Dioscorides
κινναβαρι,κιννάβαρι,κινναβαρι,7,7,DIOSC_DMM;GAL_SMT;ORIB_CM,Dioscorides;Galen;Oribasius
κινναβαρι,κιννάβαρι,κινναβαρι,1,1,PAUL_AEG,Paul
κινναβαρις,κιννάβαρις,κινναβαρις,1,1,PAUL_AEG,Paul
κινναμωμις,κινναμωμίς,κινναμωμις,2,2,GAL_SMT;ORIB_CM,Galen;Oribasius
κινναμωμον,κιννάμωμον,κινναμωμον,10,10,AET_LM;DIOSC_DMM;GAL_SMT;ORIB_CM,Aetius;Dioscorides;Galen;Oribasius
κιρκαια,Κίρκαια,κιρκαια,1,1,ORIB_CM,Oribasius
κιρκαια,Κιρκαία,κιρκαια,1,1,DIOSC_DMM,Dioscorides
κιρκαια,κιρκαία,κιρκαια,1,1,DIOSC_DMM,Dioscorides
κιρκεα,κιρκέα,κιρκεα,1,1,PAUL_AEG,Paul
κιρκεα ποα,κιρκέα πόα,κιρκεα ποα,1,1,GAL_SMT,Galen
κιρκεας ριζα,Κιρκέας ῥίζα,κιρκεας ριζα,1,1,ORIB_CM,Oribasius
κισηρης,κισήρης,κισηρης,1,1,DIOSC_DMM,Dioscorides
κισηρις,κίσηρις,κισηρις,5,5,DIOSC_DMM;ORIB_CM,Dioscorides;Oribasius
κισηρις,κισήρις,κισηρις,2,2,DIOSC_DMM,Dioscorides
κισηρις,κίσηρις,κισηρις,1,1,PAUL_AEG,Paul
κισθαρον,κίσθαρον,κισθαρον,1,1,DIOSC_DMM,Dioscorides
κισθαρος,κίσθαρος,κισθαρος,2,2,AET_LM;GAL_SMT,Aetius;Galen
κισθαρος,κίσθαρος,κισθαρος,3,3,ORIB_CM;PAUL_AEG,Oribasius;Paul
κισθος,κίσθος,κισθος,5,5,AET_LM;DIOSC_DMM;GAL_SMT;ORIB_CM,Aetius;Dioscorides;Galen;Oribasius
κισθος,κίσθος,κισθος,4,4,ORIB_CM;PAUL_AEG,Oribasius;Paul
κισθος λαδανος,κίσθος λάδανος,κισθος λαδανος,1,1,PAUL_AEG,Paul
κισσαμπελος,κισσάμπελος,κισσαμπελος,2,2,DIOSC_DMM;GAL_SMT,Dioscorides;Galen
κισσαμπελος,κισσάμπελος,κισσαμπελος,1,1,PAUL_AEG,Paul
κισσανθεμον,κισσάνθεμον,κισσανθεμον,3,3,DIOSC_DMM;GAL_SMT;ORIB_CM,Dioscorides;Galen;Oribasius
κισσανθεμον,κισσάνθεμον,κισσανθεμον,1,1,PAUL_AEG,Paul
κισσαρον,κίσσαρον,κισσαρον,1,1,DIOSC_DMM,Dioscorides
κισσηρις,κίσσηρις,κισσηρις,4,4,AET_LM;GAL_SMT,Aetius;Galen
κισσος,κισσός,κισσος,22,22,AET_LM;DIOSC_DMM;GAL_SMT;ORIB_CM;PAUL_AEG,Aetius;Dioscorides;Galen;Oribasius;Paul
κιστος,κίστος,κιστος,1,1,GAL_SMT,Galen
κιτρεα,κιτρέα,κιτρεα,1,1,AET_LM,Aetius
κιτριον,κίτριον,κιτριον,1,1,DIOSC_DMM,Dioscorides
κιτριον,κιτρίον,κιτριον,3,3,AET_LM;GAL_SMT;ORIB_CM,Aetius;Galen;Oribasius
κιτριον,κίτριον,κιτριον,1,1,PAUL_AEG,Paul
κιτροφυλλον,κιτρόφυλλον,κιτροφυλλον,1,1,AET_LM,Aetius
κιττος,κιττός,κιττος,2,2,DIOSC_DMM,Dioscorides
κιττω,κιττώ,κιττω,1,1,DIOSC_DMM,Dioscorides
κιχλη,κίχλη,κιχλη,2,2,AET_LM,Aetius
κιχοριον,κιχόριον,κιχοριον,10,10,AET_LM;DIOSC_DMM;ORIB_CM;PAUL_AEG,Aetius;Dioscorides;Oribasius;Paul
κιχωριον,κιχώριον,κιχωριον,1,1,GAL_SMT,Galen
κλαδισκοις,κλαδίσκοις,κλαδισκοις,1,1,GAL_SMT,Galen
κλαδοις,κλάδοις,κλαδοις,2,2,GAL_SMT;ORIB_CM,Galen;Oribasius
κλαδοις,κλάδοις,κλαδοις,2,2,GAL_SMT;PAUL_AEG,Galen;Paul
κλαδους,κλάδους,κλαδους,2,2,DIOSC_DMM,Dioscorides
κλαδους συκης,κλάδους συκῆς,κλαδους συκης,1,1,DIOSC_DMM,Dioscorides
κλαδω,κλάδῳ,κλαδω,1,1,DIOSC_DMM,Dioscorides
κλαδων,κλάδων,κλαδων,4,4,DIOSC_DMM,Dioscorides
κλαδων,κλάδων,κλαδων,2,2,AET_LM;GAL_SMT,Aetius;Galen
κλεονικον,κλεόνικον,κλεονικον,1,1,DIOSC_DMM,Dioscorides
κλεωνιον,κλεώνιον,κλεωνιον,1,1,DIOSC_DMM,Dioscorides
κλημα,κλῆμα,κλημα,3,3,DIOSC_DMM,Dioscorides
κληματα,κλήματα,κληματα,7,7,DIOSC_DMM,Dioscorides
κληματα,κλήματα,κληματα,1,1,PAUL_AEG,Paul
κληματια,κλημάτια,κληματια,1,1,DIOSC_DMM,Dioscorides
κληματια,κλημάτια,κληματια,1,1,DIOSC_DMM,Dioscorides
κληματιδος φυλλα,κληματίδος φύλλα,κληματιδος φυλλα,1,1,GAL_SMT,Galen
κληματις,κληματίς,κληματις,4,4,DIOSC_DMM;GAL_SMT,Dioscorides;Galen
κληματιτις,Κληματῖτις,κληματιτις,1,1,PAUL_AEG,Paul
κληματιτις,κληματῖτις,κληματιτις,5,5,AET_LM;DIOSC_DMM;GAL_SMT;ORIB_CM;PAUL_AEG,Aetius;Dioscorides;Galen;Oribasius;Paul
κληματοειδης,κληματοειδής,κληματοειδης,1,1,GAL_SMT,Galen
κλιβανος οστρακον,κλίβανος ὄστρακον,κλιβανος οστρακον,1,1,GAL_SMT,Galen
κλινοποδιον,κλινοπόδιον,κλινοποδιον,3,3,DIOSC_DMM;GAL_SMT;ORIB_CM,Dioscorides;Galen;Oribasius
κλινοποδιον,κλινοπόδιον,κλινοποδιον,1,1,PAUL_AEG,Paul
κλυβατις,κλύβατις,κλυβατις,1,1,DIOSC_DMM,Dioscorides
κλυμενον,κλύμενον,κλυμενον,2,2,DIOSC_DMM,Dioscorides
κλωναρια,κλωνάρια,κλωναρια,1,1,DIOSC_DMM,Dioscorides
κλωναριω,κλωναρίῳ,κλωναριω,1,1,DIOSC_DMM,Dioscorides
κλωναριων,κλωναρίων,κλωναριων,1,1,DIOSC_DMM,Dioscorides
κλωνας,κλῶνας,κλωνας,8,8,DIOSC_DMM,Dioscorides
κλωνες,κλῶνες,κλωνες,9,9,AET_LM;DIOSC_DMM;GAL_SMT;ORIB_CM;PAUL_AEG,Aetius;Dioscorides;Galen;Oribasius;Paul
κλωνες,κλῶνές,κλωνες,2,2,GAL_SMT,Galen
κλωνια,κλωνία,κλωνια,11,11,DIOSC_DMM,Dioscorides
κλωνια,κλωνία,κλωνια,3,3,AET_LM;DIOSC_DMM,Aetius;Dioscorides
κλωνιοις,κλωνίοις,κλωνιοις,3,3,DIOSC_DMM,Dioscorides
κλωνιοις,κλωνίοις,κλωνιοις,1,1,AET_LM,Aetius
κλωνιον,κλωνίον,κλωνιον,1,1,DIOSC_DMM,Dioscorides
κλωνιων,κλωνίων,κλωνιων,1,1,DIOSC_DMM,Dioscorides
κνεωρον,κνέωρον,κνεωρον,1,1,DIOSC_DMM,Dioscorides
κνηκινον,κνήκινον,κνηκινον,1,1,ORIB_CM,Oribasius
κνηκινον,κνῆκινον,κνηκινον,1,1,DIOSC_DMM,Dioscorides
κνηκιον,κνήκιον,κνηκιον,1,1,DIOSC_DMM,Dioscorides
κνηκος,κνήκος,κνηκος,4,4,DIOSC_DMM,Dioscorides
κνηκος,κνήκος,κνηκος,1,1,PAUL_AEG,Paul
κνηκος,κνῆκος,κνηκος,9,9,AET_LM;DIOSC_DMM;GAL_ALIM;PAUL_AEG,Aetius;Dioscorides;Galen;Paul
κνηκος αγριος,κνῆκος ἄγριος,κνηκος αγριος,3,3,AET_LM;DIOSC_DMM;PAUL_AEG,Aetius;Dioscorides;Paul
κνηκος λευκος,κνῆκος λευκός,κνηκος λευκος,1,1,DIOSC_DMM,Dioscorides
κνηκου σπερματι,Κνήκου σπέρματι,κνηκου σπερματι,2,2,AET_LM;PAUL_AEG,Aetius;Paul
κνηστρον,κνῆστρον,κνηστρον,1,1,DIOSC_DMM,Dioscorides
κνιδη,κνίδη,κνιδη,4,4,AET_LM;DIOSC_DMM,Aetius;Dioscorides
κνιδης σπερμα,κνίδης σπέρμα,κνιδης σπερμα,1,1,DIOSC_DMM,Dioscorides
κνιδιος κοκκος,Κνίδιος κόκκος,κνιδιος κοκκος,3,3,DIOSC_DMM;ORIB_CM,Dioscorides;Oribasius
κνιδιος κοκκος,κνίδιος κόκκος,κνιδιος κοκκος,2,2,GAL_SMT;PAUL_AEG,Galen;Paul
κνικιον,κνίκιον,κνικιον,1,1,GAL_SMT,Galen
κνικος,κνῖκος,κνικος,3,3,AET_LM;GAL_SMT,Aetius;Galen
κνικος αγριος,κνῖκος ἄγριος,κνικος αγριος,1,1,GAL_SMT,Galen
κνικου το σπερμα,κνίκου τὸ σπέρμα,κνικου το σπερμα,1,1,AET_LM,Aetius
κνικου τῳ σπερματι,κνίκου τῷ σπέρματι,κνικου τω σπερματι,1,1,GAL_SMT,Galen
κογχαριον,κογχάριον,κογχαριον,3,3,DIOSC_DMM;PAUL_AEG,Dioscorides;Paul
κογχυλιον,κογχύλιον,κογχυλιον,2,2,DIOSC_DMM;PAUL_AEG,Dioscorides;Paul
κογχυλιον,κογχύλιον,κογχυλιον,1,1,PAUL_AEG,Paul
κογχυλιον ινδικον,κογχύλιον Ἰνδικόν,κογχυλιον ινδικον,1,1,PAUL_AEG,Paul
κοιλια,κοιλία,κοιλια,2,2,DIOSC_DMM,Dioscorides
κοιλια ιχθυος κητωου,κοιλία ἰχθύος κητῴου,κοιλια ιχθυος κητωου,1,1,DIOSC_DMM,Dioscorides
κοιλιαν,κοιλίαν,κοιλιαν,1,1,GAL_SMT,Galen
κοιλιαν αιθυιας,Κοιλίαν αἰθυίας,κοιλιαν αιθυιας,1,1,PAUL_AEG,Paul
κοιλιαν αιθυιας,κοιλίαν αἰθυίας,κοιλιαν αιθυιας,1,1,GAL_SMT,Galen
κοινον ελαιον,κοινὸν ἔλαιον,κοινον ελαιον,3,3,AET_LM;GAL_SMT,Aetius;Galen
κοκαλον,κόκαλον,κοκαλον,1,1,GAL_SMT,Galen
κοκκαλον,κόκκαλον,κοκκαλον,1,1,AET_LM,Aetius
κοκκοι,κόκκοι,κοκκοι,2,2,DIOSC_DMM,Dioscorides
κοκκοις,κόκκοις,κοκκοις,1,1,AET_LM,Aetius
κοκκος,κόκκος,κοκκος,10,10,DIOSC_DMM;GAL_SMT;ORIB_CM;PAUL_AEG,Dioscorides;Galen;Oribasius;Paul
κοκκος,κόκκος,κοκκος,3,3,AET_LM;PAUL_AEG,Aetius;Paul
κοκκος βαφικη,κόκκος βαφική,κοκκος βαφικη,1,1,DIOSC_DMM,Dioscorides
κοκκος βαφικος,κόκκος βαφικός,κοκκος βαφικος,1,1,GAL_SMT,Galen
κοκκος βαφικος,κόκκος βαφικός,κοκκος βαφικος,2,2,AET_LM;PAUL_AEG,Aetius;Paul
κοκκος κνιδιος,κόκκος Κνίδιος,κοκκος κνιδιος,2,2,DIOSC_DMM;GAL_SMT,Dioscorides;Galen
κοκκος κνιδιος,κόκκος κνίδιος,κοκκος κνιδιος,1,1,PAUL_AEG,Paul
κοκκος κνιδιος,κόκκος Κνίδιος,κοκκος κνιδιος,1,1,AET_LM,Aetius
κοκκους,κόκκους,κοκκους,3,3,DIOSC_DMM,Dioscorides
κοκκυμηλεα,κοκκυμηλέα,κοκκυμηλεα,5,5,AET_LM;DIOSC_DMM;GAL_SMT;PAUL_AEG,Aetius;Dioscorides;Galen;Paul
κοκκυμηλεα αγρια,κοκκυμηλέα ἄγρια,κοκκυμηλεα αγρια,1,1,DIOSC_DMM,Dioscorides
κοκκυμηλεας ο καρπος,Κοκκυμηλέας ὁ καρπὸς,κοκκυμηλεας ο καρπος,1,1,PAUL_AEG,Paul
κοκκυμηλον,κοκκύμηλον,κοκκυμηλον,7,7,AET_LM;DIOSC_DMM;GAL_SMT;PAUL_AEG,Aetius;Dioscorides;Galen;Paul
κοκκυμηλον,κοκκύμηλον,κοκκυμηλον,1,1,PAUL_AEG,Paul
κοκκυμηλον αγριον,κοκκύμηλον ἄγριον,κοκκυμηλον αγριον,1,1,AET_LM,Aetius
κοκκυμηλον εκ ιβηριας,κοκκύμηλον ἐκ Ἰβηρίας,κοκκυμηλον εκ ιβηριας,1,1,AET_LM,Aetius
κοκκυξ,κόκκυξ,κοκκυξ,1,1,AET_LM,Aetius
κοκκων,κόκκων,κοκκων,3,3,AET_LM;DIOSC_DMM,Aetius;Dioscorides
κοκκων,κόκκων,κοκκων,1,1,PAUL_AEG,Paul
κολλα,κόλλα,κολλα,4,4,AET_LM;DIOSC_DMM;GAL_SMT,Aetius;Dioscorides;Galen
κολλα ταυρεια,κόλλα ταυρεία,κολλα ταυρεια,1,1,DIOSC_DMM,Dioscorides
κολοκασιον,κολοκάσιον,κολοκασιον,2,2,AET_LM;DIOSC_DMM,Aetius;Dioscorides
κολοκυνθα,κολόκυνθα,κολοκυνθα,2,2,DIOSC_DMM,Dioscorides
κολοκυνθα αγρια,κολόκυνθα ἀγρία,κολοκυνθα αγρια,1,1,DIOSC_DMM,Dioscorides
κολοκυνθα εδωδιμος,κολόκυνθα ἐδώδιμος,κολοκυνθα εδωδιμος,1,1,DIOSC_DMM,Dioscorides
κολοκυνθη,κολοκύνθη,κολοκυνθη,11,11,AET_LM;DIOSC_DMM;GAL_ALIM;GAL_SMT;ORIB_CM,Aetius;Dioscorides;Galen;Oribasius
κολοκυνθη,κολοκύνθη,κολοκυνθη,1,1,PAUL_AEG,Paul
κολοκυνθη ξηρα κεκαυμενη,κολοκύνθη ξηρὰ κεκαυμένη,κολοκυνθη ξηρα κεκαυμενη,1,1,AET_LM,Aetius
κολοκυνθης,κολοκύνθης,κολοκυνθης,1,1,DIOSC_DMM,Dioscorides
κολοκυνθις,κολοκυνθίς,κολοκυνθις,3,3,DIOSC_DMM;GAL_SMT;PAUL_AEG,Dioscorides;Galen;Paul
κολοκυνθις,κολοκυνθίς,κολοκυνθις,1,1,PAUL_AEG,Paul
κολοκυνθις πικρα,κολοκυνθίς πικρά,κολοκυνθις πικρα,1,1,GAL_SMT,Galen
κολοφωνια,Κολοφωνία,κολοφωνια,1,1,DIOSC_DMM,Dioscorides
κολυμβας,κολυμβάς,κολυμβας,2,2,AET_LM;GAL_ALIM,Aetius;Galen
κολυμβας ελαια,κολυμβάς ἐλαία,κολυμβας ελαια,1,1,DIOSC_DMM,Dioscorides
κολχικον,Κολχικόν,κολχικον,2,2,DIOSC_DMM;ORIB_CM,Dioscorides;Oribasius
κολχικον,κολχικόν,κολχικον,1,1,GAL_SMT,Galen
κομαρος,κόμαρος,κομαρος,5,5,AET_LM;DIOSC_DMM;GAL_SMT;ORIB_CM,Aetius;Dioscorides;Galen;Oribasius
κομαρος,κόμαρος,κομαρος,1,1,PAUL_AEG,Paul
κομη,κόμη,κομη,12,12,DIOSC_DMM,Dioscorides
κομη,κόμη,κομη,3,3,AET_LM;DIOSC_DMM;GAL_SMT,Aetius;Dioscorides;Galen
κομην,κόμην,κομην,2,2,DIOSC_DMM,Dioscorides
κομην,κόμην,κομην,1,1,GAL_SMT,Galen
κομης,κόμης,κομης,3,3,DIOSC_DMM,Dioscorides
κομης,κόμης,κομης,1,1,AET_LM,Aetius
κομης του ανηθου,κόμης τοῦ ἀνήθου,κομης του ανηθου,1,1,AET_LM,Aetius
κομητης,κομήτης,κομητης,1,1,DIOSC_DMM,Dioscorides
κομμι,κόμμι,κομμι,33,33,AET_LM;DIOSC_DMM;GAL_SMT;ORIB_CM;PAUL_AEG,Aetius;Dioscorides;Galen;Oribasius;Paul
κομμι,κόμμι,κομμι,3,3,AET_LM;PAUL_AEG,Aetius;Paul
κομμι δενδρου,κόμμι δένδρου,κομμι δενδρου,1,1,GAL_SMT,Galen
κομμι των κερασων,κόμμι τῶν κεράσων,κομμι των κερασων,1,1,DIOSC_DMM,Dioscorides
κονδυλους,κονδύλους,κονδυλους,1,1,DIOSC_DMM,Dioscorides
κονια,κονία,κονια,8,8,DIOSC_DMM;ORIB_CM,Dioscorides;Oribasius
κονια,κονία,κονια,1,1,PAUL_AEG,Paul
κονια πρωτοστακτον,κονία πρωτόστακτον,κονια πρωτοστακτον,1,1,PAUL_AEG,Paul
κονιλη,κονίλη,κονιλη,3,3,DIOSC_DMM,Dioscorides
κονις,κόνις,κονις,4,4,AET_LM;DIOSC_DMM;GAL_SMT;ORIB_CM,Aetius;Dioscorides;Galen;Oribasius
κονυζα,κόνυζα,κονυζα,6,6,AET_LM;DIOSC_DMM;GAL_SMT;ORIB_CM;PAUL_AEG,Aetius;Dioscorides;Galen;Oribasius;Paul
κονυζα μειζων,κόνυζα μείζων,κονυζα μειζων,2,2,AET_LM;ORIB_CM,Aetius;Oribasius
κονυζα μικροτερα,κόνυζα μικροτέρα,κονυζα μικροτερα,2,2,AET_LM;ORIB_CM,Aetius;Oribasius
κονυλη,κονύλη,κονυλη,1,1,GAL_SMT,Galen
κοπισκος,κοπίσκος,κοπισκος,1,1,DIOSC_DMM,Dioscorides
κοπρια,κοπρία,κοπρια,2,2,AET_LM;GAL_SMT,Aetius;Galen
κοπρια,κόπρια,κοπρια,1,1,DIOSC_DMM,Dioscorides
κοπριον,κόπριον,κοπριον,1,1,DIOSC_DMM,Dioscorides
κοπρος,κόπρος,κοπρος,35,35,AET_LM;DIOSC_DMM;GAL_SMT;ORIB_CM;PAUL_AEG,Aetius;Dioscorides;Galen;Oribasius;Paul
κοπρος,κόπρος,κοπρος,2,2,AET_LM;PAUL_AEG,Aetius;Paul
κοπρος αετος,κόπρος ἀετός,κοπρος αετος,1,1,GAL_SMT,Galen
κοπρος αιγεια,κόπρος αἰγεία,κοπρος αιγεια,1,1,ORIB_CM,Oribasius
κοπρος αιγεια,κόπρος αἴγεια,κοπρος αιγεια,1,1,GAL_SMT,Galen
κοπρος αιγων,κόπρος αἰγῶν,κοπρος αιγων,1,1,PAUL_AEG,Paul
κοπρος αλεκτοριδος,κόπρος ἀλεκτορίδος,κοπρος αλεκτοριδος,1,1,GAL_SMT,Galen
κοπρος αλεκτορις,κόπρος ἀλεκτορίς,κοπρος αλεκτορις,1,1,AET_LM,Aetius
κοπρος ανθρωπεια,κόπρος ἀνθρωπεία,κοπρος ανθρωπεια,1,1,GAL_SMT,Galen
κοπρος αρνιθεια,κόπρος ἀρνιθεία,κοπρος αρνιθεια,1,1,DIOSC_DMM,Dioscorides
κοπρος βοων,κόπρος βοῶν,κοπρος βοων,1,1,PAUL_AEG,Paul
κοπρος ιεραξ,κόπρος ἱέραξ,κοπρος ιεραξ,1,1,GAL_SMT,Galen
κοπρος κροκοδειλου,κόπρος κροκοδείλου,κοπρος κροκοδειλου,1,1,ORIB_CM,Oribasius
κοπρος κροκοδειλων,κόπρος κροκοδείλων,κοπρος κροκοδειλων,1,1,GAL_SMT,Galen
κοπρος κροκοδειλων νειλωων,κόπρος κροκοδείλων Νειλῴων,κοπρος κροκοδειλων νειλωων,1,1,PAUL_AEG,Paul
κοπρος κροκοδειλων χερσαιων,κόπρος κροκοδείλων χερσαίων,κοπρος κροκοδειλων χερσαιων,1,1,PAUL_AEG,Paul
κοπρος κυνεια,κόπρος κυνεία,κοπρος κυνεια,1,1,GAL_SMT,Galen
κοπρος κυνων,κόπρος κυνῶν,κοπρος κυνων,1,1,PAUL_AEG,Paul
κοπρος λυκεια,κόπρος λυκεία,κοπρος λυκεια,1,1,GAL_SMT,Galen
κοπρος λυκου,κόπρος λύκου,κοπρος λυκου,1,1,AET_LM,Aetius
κοπρος λυκων,κόπρος λύκων,κοπρος λυκων,1,1,PAUL_AEG,Paul
κοπρος μυων,κόπρος μυῶν,κοπρος μυων,1,1,GAL_SMT,Galen
κοπρος μυων,κόπρος μυῶν,κοπρος μυων,1,1,PAUL_AEG,Paul
κοπρος νομαδων περιστερων,κόπρος νομάδων περιστερῶν,κοπρος νομαδων περιστερων,2,2,AET_LM;GAL_SMT,Aetius;Galen
κοπρος ορνιθων κατοικιδιων,κόπρος ὀρνίθων κατοικιδίων,κοπρος ορνιθων κατοικιδιων,1,1,PAUL_AEG,Paul
κοπρος παιδιου,κόπρος παιδίου,κοπρος παιδιου,1,1,GAL_SMT,Galen
κοπρος παιδιων,κόπρος παιδίων,κοπρος παιδιων,1,1,PAUL_AEG,Paul
κοπρος πελαργος,κόπρος πελαργός,κοπρος πελαργος,1,1,GAL_SMT,Galen
κοπρος πελαργων,κόπρος πελαργῶν,κοπρος πελαργων,1,1,PAUL_AEG,Paul
κοπρος περιστερα,κόπρος περιστερά,κοπρος περιστερα,1,1,AET_LM,Aetius
κοπρος περιστερας,κόπρος περιστεράς,κοπρος περιστερας,1,1,DIOSC_DMM,Dioscorides
κοπρος περιστερας,κόπρος περιστερᾶς,κοπρος περιστερας,3,3,AET_LM;DIOSC_DMM;GAL_SMT,Aetius;Dioscorides;Galen
κοπρος περιστερων αγριων,κόπρος περιστερῶν ἀγρίων,κοπρος περιστερων αγριων,1,1,PAUL_AEG,Paul
κοπρος προβατων,κόπρος προβάτων,κοπρος προβατων,2,2,AET_LM;GAL_SMT,Aetius;Galen
κοπρος προβατων,κόπρος προβάτων,κοπρος προβατων,1,1,PAUL_AEG,Paul
κοπρος χην,κόπρος χήν,κοπρος χην,1,1,GAL_SMT,Galen
κοπρος ψαρου,κόπρος ψάρου,κοπρος ψαρου,1,1,ORIB_CM,Oribasius
κοπρος ψαρων,κόπρος ψάρων,κοπρος ψαρων,1,1,GAL_SMT,Galen
κοπρος ψαρων,κόπρος ψαρῶν,κοπρος ψαρων,1,1,PAUL_AEG,Paul
κοπρωδες,κοπρῶδες,κοπρωδες,1,1,GAL_ALIM,Galen
κορακος μηλον,κόρακος μῆλον,κορακος μηλον,1,1,DIOSC_DMM,Dioscorides
κοραλλιον,κοράλλιον,κοραλλιον,1,1,PAUL_AEG,Paul
κοριανδρον,κορίανδρον,κοριανδρον,3,3,DIOSC_DMM,Dioscorides
κοριαννον,κορίαννον,κοριαννον,5,5,AET_LM;GAL_ALIM;GAL_SMT;ORIB_CM,Aetius;Galen;Oribasius
κοριαννον,κοριαννον,κοριαννον,1,1,PAUL_AEG,Paul
κοριαννον,κορίαννον,κοριαννον,1,1,PAUL_AEG,Paul
κοριαννον,κόριαννον,κοριαννον,1,1,GAL_SMT,Galen
κοριον,κορίον,κοριον,1,1,DIOSC_DMM,Dioscorides
κοριον,κοριον,κοριον,1,1,PAUL_AEG,Paul
κοριον,κόριον,κοριον,13,13,AET_LM;DIOSC_DMM;GAL_SMT;ORIB_CM,Aetius;Dioscorides;Galen;Oribasius
κοριος,κοριός,κοριος,1,1,DIOSC_DMM,Dioscorides
κορις,κόρις,κορις,4,4,DIOSC_DMM;GAL_SMT;PAUL_AEG,Dioscorides;Galen;Paul
κορις,κόρις,κορις,1,1,PAUL_AEG,Paul
κορυδαλις,κορυδαλίς,κορυδαλις,1,1,GAL_SMT,Galen
κορυδαλλος,κορυδαλλός,κορυδαλλος,2,2,DIOSC_DMM;PAUL_AEG,Dioscorides;Paul
κορυδος,κόρυδος,κορυδος,2,2,GAL_SMT;PAUL_AEG,Galen;Paul
κορυμβια,κορύμβια,κορυμβια,1,1,DIOSC_DMM,Dioscorides
κορυμβοι,κόρυμβοι,κορυμβοι,2,1,DIOSC_DMM,Dioscorides
κορυμβους,κορύμβους,κορυμβους,1,1,DIOSC_DMM,Dioscorides
κορυμβους,κορύμβους,κορυμβους,1,1,AET_LM,Aetius
κορυφη,κορυφῇ,κορυφη,1,1,DIOSC_DMM,Dioscorides
κορωνοποδιον,κορωνοπόδιον,κορωνοποδιον,1,1,AET_LM,Aetius
κορωνοποδος,Κορωνόποδος,κορωνοποδος,1,1,PAUL_AEG,Paul
κορωνοποδος η ριζα,Κορωνόποδος ἡ ῥίζα,κορωνοποδος η ριζα,1,1,PAUL_AEG,Paul
κορωνοπους,κορωνόπους,κορωνοπους,6,6,DIOSC_DMM;GAL_SMT,Dioscorides;Galen
κορωνοπους προμηκες,κορωνόπους πρόμηκες,κορωνοπους προμηκες,1,1,DIOSC_DMM,Dioscorides
κοσσυφος,κόσσυφος,κοσσυφος,2,2,AET_LM,Aetius
κοστος,κόστος,κοστος,20,20,AET_LM;DIOSC_DMM;GAL_SMT;ORIB_CM,Aetius;Dioscorides;Galen;Oribasius
κοστος,κόστος,κοστος,2,2,PAUL_AEG,Paul
κοτινος,κότινος,κοτινος,1,1,DIOSC_DMM,Dioscorides
κοτυληδων,Κοτυληδών,κοτυληδων,1,1,ORIB_CM,Oribasius
κοτυληδων,κοτυληδών,κοτυληδων,7,7,AET_LM;DIOSC_DMM;GAL_SMT;PAUL_AEG,Aetius;Dioscorides;Galen;Paul
κουραλιον,κουράλιον,κουραλιον,2,2,DIOSC_DMM,Dioscorides
κουφολιθος,κουφόλιθος,κουφολιθος,1,1,AET_LM,Aetius
κοχλαξ,κοχλάξ,κοχλαξ,1,1,DIOSC_DMM,Dioscorides
κοχλαξ,κόχλαξ,κοχλαξ,1,1,AET_LM,Aetius
κοχλιαι μετα των οστρακων,κοχλίαι μετὰ τῶν ὀστράκων,κοχλιαι μετα των οστρακων,1,1,AET_LM,Aetius
κοχλιας,κοχλίας,κοχλιας,11,11,AET_LM;DIOSC_DMM;GAL_SMT;ORIB_CM;PAUL_AEG,Aetius;Dioscorides;Galen;Oribasius;Paul
κοχλιας καυθεις,κοχλίας καυθείς,κοχλιας καυθεις,1,1,PAUL_AEG,Paul
κοχλιας χερσαιος,κοχλίας χερσαῖος,κοχλιας χερσαιος,1,1,DIOSC_DMM,Dioscorides
κοχλιου σαρκι,κοχλίου σαρκὶ,κοχλιου σαρκι,1,1,DIOSC_DMM,Dioscorides
κοχλιων δε σαρξ,κοχλιῶν δὲ σάρξ,κοχλιων δε σαρξ,1,1,GAL_SMT,Galen
κοχλιων σαρξ,Κοχλιῶν σὰρξ,κοχλιων σαρξ,1,1,ORIB_CM,Oribasius
κραδαι,κράδαι,κραδαι,1,1,ORIB_CM,Oribasius
κραδη,κράδη,κραδη,1,1,DIOSC_DMM,Dioscorides
κραμβη,κράμβη,κραμβη,16,16,AET_LM;DIOSC_DMM;GAL_SMT;ORIB_CM;PAUL_AEG,Aetius;Dioscorides;Galen;Oribasius;Paul
κραμβη,κράμβη,κραμβη,1,1,AET_LM,Aetius
κραμβη,κρᾶμβη,κραμβη,1,1,GAL_SMT,Galen
κραμβη αγρια,κράμβη ἀγρία,κραμβη αγρια,4,4,AET_LM;DIOSC_DMM;GAL_SMT;PAUL_AEG,Aetius;Dioscorides;Galen;Paul
κραμβη αγρια,κράμβη ἄγρια,κραμβη αγρια,1,1,ORIB_CM,Oribasius
κραμβη αιγυπτια,κρᾶμβη Αἰγυπτία,κραμβη αιγυπτια,1,1,GAL_SMT,Galen
κραμβη εδωδιμος,κράμβη ἐδώδιμος,κραμβη εδωδιμος,1,1,PAUL_AEG,Paul
κραμβη εδωδιμος,κράμβη ἐδώδιμος,κραμβη εδωδιμος,1,1,AET_LM,Aetius
κραμβη εδωδιμος,κρᾶμβη ἐδώδιμος,κραμβη εδωδιμος,1,1,GAL_SMT,Galen
κραμβη ημερος,κράμβη ἥμερος,κραμβη ημερος,2,2,DIOSC_DMM;PAUL_AEG,Dioscorides;Paul
κραμβη θαλασσια,κράμβη θαλασσία,κραμβη θαλασσια,2,2,DIOSC_DMM;ORIB_CM,Dioscorides;Oribasius
κραμβη θαλαττια,κράμβη θαλάττια,κραμβη θαλαττια,1,1,AET_LM,Aetius
κραμβη θαλαττια,κράμβη θαλαττία,κραμβη θαλαττια,2,2,GAL_SMT;PAUL_AEG,Galen;Paul
κραμβιον,κραμβίον,κραμβιον,1,1,DIOSC_DMM,Dioscorides
κρανεια,κράνεια,κρανεια,1,1,GAL_SMT,Galen
κρανια,Κρανία,κρανια,1,1,PAUL_AEG,Paul
κρανια,κρανία,κρανια,3,3,DIOSC_DMM;GAL_SMT;ORIB_CM,Dioscorides;Galen;Oribasius
κρανια,κρανία,κρανια,1,1,PAUL_AEG,Paul
κρανοκολαπτον φαλαγγιον,κρανοκόλαπτον φαλάγγιον,κρανοκολαπτον φαλαγγιον,1,1,DIOSC_DMM,Dioscorides
κρανον,κράνον,κρανον,1,1,GAL_SMT,Galen
κραταιογονον,κραταιόγονον,κραταιογονον,3,3,DIOSC_DMM;ORIB_CM;PAUL_AEG,Dioscorides;Oribasius;Paul
κραταιογονος,κραταιογόνος,κραταιογονος,1,1,GAL_SMT,Galen
κρεαδιον,κρέαδιον,κρεαδιον,1,1,DIOSC_DMM,Dioscorides
κρεας,κρέας,κρεας,6,6,AET_LM;DIOSC_DMM;GAL_ALIM;PAUL_AEG,Aetius;Dioscorides;Galen;Paul
κρεας μοσχειον,κρέας μοσχεῖον,κρεας μοσχειον,1,1,AET_LM,Aetius
κρεας χοιρειον,κρέας χοίρειον,κρεας χοιρειον,2,2,AET_LM;GAL_ALIM,Aetius;Galen
κρεας ωμον,κρέας ὠμόν,κρεας ωμον,1,1,DIOSC_DMM,Dioscorides
κρηθμον,κρῆθμον,κρηθμον,5,5,AET_LM;DIOSC_DMM;GAL_SMT;ORIB_CM;PAUL_AEG,Aetius;Dioscorides;Galen;Oribasius;Paul
κρηθμον αλμυρον,κρῆθμον ἁλμυρόν,κρηθμον αλμυρον,1,1,GAL_SMT,Galen
κρηθμον θαμνωδες,κρῆθμον θαμνῶδες,κρηθμον θαμνωδες,1,1,DIOSC_DMM,Dioscorides
κρηναιον υδωρ,κρηναῖον ὕδωρ,κρηναιον υδωρ,3,3,GAL_SMT;ORIB_CM;PAUL_AEG,Galen;Oribasius;Paul
κρηταριον,κρητάριον,κρηταριον,1,1,AET_LM,Aetius
κρητικη,Κρητικὴ,κρητικη,1,1,PAUL_AEG,Paul
κρητικη γη,Κρητικὴ γῆ,κρητικη γη,2,2,GAL_SMT;ORIB_CM,Galen;Oribasius
κρητικος,Κρητικός,κρητικος,2,2,DIOSC_DMM,Dioscorides
κριθη,κριθή,κριθη,28,28,AET_LM;DIOSC_DMM;GAL_ALIM;GAL_SMT;ORIB_CM;PAUL_AEG,Aetius;Dioscorides;Galen;Oribasius;Paul
κριθη,κριθή,κριθη,1,1,GAL_SMT,Galen
κριθη λευκη,κριθή λευκή,κριθη λευκη,1,1,DIOSC_DMM,Dioscorides
κριθη φρυγεισα,κριθὴ φρυγεῖσα,κριθη φρυγεισα,1,1,AET_LM,Aetius
κριθης λεμμα,κριθῆς λέμμα,κριθης λεμμα,1,1,GAL_ALIM,Galen
κριθης χιτων,κριθῆς χιτών,κριθης χιτων,1,1,GAL_ALIM,Galen
κριθινον αλευρον,κρίθινον ἄλευρον,κριθινον αλευρον,2,2,AET_LM;DIOSC_DMM,Aetius;Dioscorides
κριθινον αλευρον,κριθῖνον ἄλευρον,κριθινον αλευρον,2,2,DIOSC_DMM,Dioscorides
κριθινος,κρίθινος,κριθινος,1,1,GAL_SMT,Galen
κριθινος,κριθῖνος,κριθινος,1,1,GAL_SMT,Galen
κριμνον,κρίμνον,κριμνον,1,1,DIOSC_DMM,Dioscorides
κριμνον,κρίμνον,κριμνον,1,1,PAUL_AEG,Paul
κριμνον,κρῖμνον,κριμνον,1,1,GAL_SMT,Galen
κριμνος,κρίμνος,κριμνος,1,1,AET_LM,Aetius
κρινινον,κρινῖνον,κρινινον,1,1,GAL_SMT,Galen
κρινινον ελαιον,κρίνινον ἔλαιον,κρινινον ελαιον,1,1,ORIB_CM,Oribasius
κρινον,κρίνον,κρινον,15,15,AET_LM;DIOSC_DMM;GAL_SMT;ORIB_CM;PAUL_AEG,Aetius;Dioscorides;Galen;Oribasius;Paul
κρινον,κρῖνον,κρινον,9,9,AET_LM;DIOSC_DMM;GAL_SMT;ORIB_CM,Aetius;Dioscorides;Galen;Oribasius
κρινον λειριον,κρίνον λείριον,κρινον λειριον,1,1,DIOSC_DMM,Dioscorides
κρινου ριζη,κρίνου ῥίζῃ,κρινου ριζη,1,1,DIOSC_DMM,Dioscorides
κρινου το μεν ανθος,Κρίνου τὸ μὲν ἄνθος,κρινου το μεν ανθος,1,1,ORIB_CM,Oribasius
κριος,κριός,κριος,5,5,AET_LM;DIOSC_DMM;GAL_SMT;PAUL_AEG,Aetius;Dioscorides;Galen;Paul
κρισσιον,κρίσσιον,κρισσιον,1,1,DIOSC_DMM,Dioscorides
κροκοδειλεον,κροκοδείλεον,κροκοδειλεον,1,1,DIOSC_DMM,Dioscorides
κροκοδειλιον,κροκοδείλιον,κροκοδειλιον,1,1,AET_LM,Aetius
κροκοδειλιον,κροκοδειλίον,κροκοδειλιον,1,1,GAL_SMT,Galen
κροκοδειλιον,κροκοδειλίον,κροκοδειλιον,1,1,PAUL_AEG,Paul
κροκοδειλιου σπερμα,Κροκοδειλίου σπέρμα,κροκοδειλιου σπερμα,1,1,ORIB_CM,Oribasius
κροκοδειλος,κροκόδειλος,κροκοδειλος,2,2,GAL_SMT;ORIB_CM,Galen;Oribasius
κροκομαγμα,κροκομάγμα,κροκομαγμα,1,1,DIOSC_DMM,Dioscorides
κροκος,κρόκος,κροκος,25,25,AET_LM;DIOSC_DMM;GAL_SMT;ORIB_CM;PAUL_AEG,Aetius;Dioscorides;Galen;Oribasius;Paul
κροκος κωρυκιος,κρόκος Κωρύκιος,κροκος κωρυκιος,1,1,DIOSC_DMM,Dioscorides
κροκυδες θαλασσιας πορφυρας,κροκύδες θαλασσίας πορφύρας,κροκυδες θαλασσιας πορφυρας,1,1,DIOSC_DMM,Dioscorides
κροκυδιον,κροκύδιον,κροκυδιον,1,1,DIOSC_DMM,Dioscorides
κρομμυον,κρόμμυον,κρομμυον,8,8,AET_LM;DIOSC_DMM;GAL_SMT;ORIB_CM,Aetius;Dioscorides;Galen;Oribasius
κρομμυον,κρόμμυον,κρομμυον,1,1,GAL_SMT,Galen
κρομυον,κρόμυον,κρομυον,8,8,AET_LM;DIOSC_DMM;GAL_ALIM;PAUL_AEG,Aetius;Dioscorides;Galen;Paul
κρονιον,κρόνιον,κρονιον,1,1,DIOSC_DMM,Dioscorides
κροτων,κρότων,κροτων,4,4,AET_LM;DIOSC_DMM;GAL_SMT,Aetius;Dioscorides;Galen
κροτων,κρότων,κροτων,1,1,AET_LM,Aetius
κροτωνων αιμα,κροτώνων αἷμα,κροτωνων αιμα,1,1,AET_LM,Aetius
κρυσταλλιον,κρυστάλλιον,κρυσταλλιον,1,1,DIOSC_DMM,Dioscorides
κτηδονων,κτηδόνων,κτηδονων,1,1,DIOSC_DMM,Dioscorides
κυαμος,κυάμος,κυαμος,1,1,DIOSC_DMM,Dioscorides
κυαμος,κύαμος,κυαμος,14,14,AET_LM;DIOSC_DMM;GAL_ALIM;GAL_SMT;ORIB_CM,Aetius;Dioscorides;Galen;Oribasius
κυαμος,κύαμος,κυαμος,2,2,PAUL_AEG,Paul
κυαμος ελληνικος,κύαμος Ἑλληνικός,κυαμος ελληνικος,1,1,DIOSC_DMM,Dioscorides
κυανος,κυανός,κυανος,1,1,GAL_SMT,Galen
κυανος,κύανος,κυανος,3,3,DIOSC_DMM;ORIB_CM,Dioscorides;Oribasius
κυανος,κύανος,κυανος,2,2,AET_LM;PAUL_AEG,Aetius;Paul
κυανουν ανθος,κυανοῦν ἄνθος,κυανουν ανθος,1,1,AET_LM,Aetius
κυβιον,κύβιον,κυβιον,1,1,GAL_SMT,Galen
κυδωνια,κυδωνία,κυδωνια,3,3,DIOSC_DMM,Dioscorides
κυδωνιας οι βλαστοι,κυδωνίας οἱ βλαστοὶ,κυδωνιας οι βλαστοι,1,1,DIOSC_DMM,Dioscorides
κυδωνιας τα ανθη,κυδωνίας τὰ ἄνθη,κυδωνιας τα ανθη,1,1,DIOSC_DMM,Dioscorides
κυδωνιας τα φυλλα,κυδωνίας τὰ φύλλα,κυδωνιας τα φυλλα,1,1,DIOSC_DMM,Dioscorides
κυδωνιον,κυδώνιον,κυδωνιον,7,7,DIOSC_DMM;GAL_SMT,Dioscorides;Galen
κυδωνιον,κυδώνιον,κυδωνιον,1,1,PAUL_AEG,Paul
κυδωνιον μηλον,κυδώνιον μῆλον,κυδωνιον μηλον,1,1,DIOSC_DMM,Dioscorides
κυκλαμινον,κυκλάμινον,κυκλαμινον,1,1,DIOSC_DMM,Dioscorides
κυκλαμινος,κυκλάμινος,κυκλαμινος,6,6,DIOSC_DMM;GAL_SMT;ORIB_CM,Dioscorides;Galen;Oribasius
κυκλαμινος,κυκλάμινος,κυκλαμινος,2,2,AET_LM;PAUL_AEG,Aetius;Paul
κυκλαμινος ετερα,κυκλάμινος ἑτέρα,κυκλαμινος ετερα,2,2,DIOSC_DMM;GAL_SMT,Dioscorides;Galen
κυκλαμινος ετερα,κυκλάμινος ἑτέρα,κυκλαμινος ετερα,1,1,PAUL_AEG,Paul
κυκλαμινος ποικιλη,κυκλάμινος ποικίλη,κυκλαμινος ποικιλη,1,1,AET_LM,Aetius
κυκλαμινος ποικιλος,κυκλάμινος ποικίλος,κυκλαμινος ποικιλος,1,1,GAL_SMT,Galen
κυμβαλιον,κυμβάλιον,κυμβαλιον,1,1,DIOSC_DMM,Dioscorides
κυμινον,κύμινον,κυμινον,18,18,AET_LM;DIOSC_DMM;GAL_ALIM;GAL_SMT;ORIB_CM,Aetius;Dioscorides;Galen;Oribasius
κυμινον,κύμινον,κυμινον,1,1,PAUL_AEG,Paul
κυμινον αγριον,κύμινον ἄγριον,κυμινον αγριον,3,3,DIOSC_DMM,Dioscorides
κυμινον αιγυπτιον,κύμινον Αἰγύπτιον,κυμινον αιγυπτιον,1,1,DIOSC_DMM,Dioscorides
κυμινον αιθιοπικον,κύμινον Αἰθιοπικόν,κυμινον αιθιοπικον,1,1,DIOSC_DMM,Dioscorides
κυμινον ημερον,κύμινον ἥμερον,κυμινον ημερον,1,1,DIOSC_DMM,Dioscorides
κυμινου το σπερμα,Κυμίνου τὸ σπέρμα,κυμινου το σπερμα,1,1,ORIB_CM,Oribasius
κυμινου τω σπερματι,Κυμίνου τῷ σπέρματι,κυμινου τω σπερματι,1,1,AET_LM,Aetius
κυμινου τω σπερματι,κυμίνου τῷ σπέρματι,κυμινου τω σπερματι,1,1,GAL_SMT,Galen
κυναγχον,κύναγχον,κυναγχον,1,1,DIOSC_DMM,Dioscorides
κυναρα,κυνάρα,κυναρα,1,1,GAL_ALIM,Galen
κυνεα,κυνέα,κυνεα,1,1,DIOSC_DMM,Dioscorides
κυνεια κοπρος,κυνεία κόπρος,κυνεια κοπρος,4,4,AET_LM;GAL_SMT,Aetius;Galen
κυνειος κοπρος,κυνείος κόπρος,κυνειος κοπρος,1,1,AET_LM,Aetius
κυνογλωσσον,κυνόγλωσσον,κυνογλωσσον,2,2,AET_LM;DIOSC_DMM,Aetius;Dioscorides
κυνοδοντι του δακοντος,κυνόδοντι τοῦ δακόντος,κυνοδοντι του δακοντος,1,1,DIOSC_DMM,Dioscorides
κυνοζολον,κυνόζολον,κυνοζολον,1,1,DIOSC_DMM,Dioscorides
κυνοκεφαλον,κυνοκέφαλον,κυνοκεφαλον,1,1,DIOSC_DMM,Dioscorides
κυνοκραμβη,κυνοκράμβη,κυνοκραμβη,5,5,DIOSC_DMM;GAL_SMT;ORIB_CM;PAUL_AEG,Dioscorides;Galen;Oribasius;Paul
κυνοκτονον,κυνοκτόνον,κυνοκτονον,1,1,DIOSC_DMM,Dioscorides
κυνομαφον,κυνόμαφον,κυνομαφον,1,1,DIOSC_DMM,Dioscorides
κυνομοριον,κυνομόριον,κυνομοριον,1,1,DIOSC_DMM,Dioscorides
κυνομορον,κυνόμορον,κυνομορον,3,3,DIOSC_DMM;GAL_SMT;PAUL_AEG,Dioscorides;Galen;Paul
κυνομυια,κυνόμυια,κυνομυια,1,1,DIOSC_DMM,Dioscorides
κυνοραιστας,κυνοραίστας,κυνοραιστας,1,1,GAL_SMT,Galen
κυνος λυσσωντος ηπαρ,κυνὸς λυσσῶντος ἧπαρ,κυνος λυσσωντος ηπαρ,1,1,DIOSC_DMM,Dioscorides
κυνος ορχις,κυνὸς ὄρχις,κυνος ορχις,6,6,AET_LM;DIOSC_DMM;GAL_SMT;ORIB_CM;PAUL_AEG,Aetius;Dioscorides;Galen;Oribasius;Paul
κυνος ποταμιου δερμα,κυνὸς ποταμίου δέρμα,κυνος ποταμιου δερμα,1,1,AET_LM,Aetius
κυνοσβατον,κυνόσβατον,κυνοσβατον,1,1,DIOSC_DMM,Dioscorides
κυνοσβατος,κυνόσβατος,κυνοσβατος,4,4,DIOSC_DMM;GAL_SMT;ORIB_CM;PAUL_AEG,Dioscorides;Galen;Oribasius;Paul
κυπαρισσιας,κυπαρισσίας,κυπαρισσιας,3,3,DIOSC_DMM;GAL_SMT;ORIB_CM,Dioscorides;Galen;Oribasius
κυπαρισσιας,κυπαρισσίας,κυπαρισσιας,1,1,PAUL_AEG,Paul
κυπαρισσινη,κυπαρισσίνη,κυπαρισσινη,3,3,DIOSC_DMM;GAL_SMT;ORIB_CM,Dioscorides;Galen;Oribasius
κυπαρισσιος τιθυμαλλος,κυπαρίσσιος τιθύμαλλος,κυπαρισσιος τιθυμαλλος,1,1,DIOSC_DMM,Dioscorides
κυπαρισσος,κυπάρισσος,κυπαρισσος,11,11,AET_LM;DIOSC_DMM;GAL_SMT;ORIB_CM;PAUL_AEG,Aetius;Dioscorides;Galen;Oribasius;Paul
κυπαρισσου βλαστοι,κυπαρίσσου βλαστοί,κυπαρισσου βλαστοι,1,1,AET_LM,Aetius
κυπαρισσου σφαιρια,κυπαρίσσου σφαιρία,κυπαρισσου σφαιρια,1,1,AET_LM,Aetius
κυπαρισσου φυλλα,κυπαρίσσου φύλλα,κυπαρισσου φυλλα,1,1,AET_LM,Aetius
κυπειρος,κύπειρος,κυπειρος,3,3,AET_LM;DIOSC_DMM,Aetius;Dioscorides
κυπερις,κυπερίς,κυπερις,1,1,DIOSC_DMM,Dioscorides
κυπερον,κύπερον,κυπερον,2,2,AET_LM;DIOSC_DMM,Aetius;Dioscorides
κυπερος,κυπέρος,κυπερος,1,1,AET_LM,Aetius
κυπερος,κύπερος,κυπερος,15,15,AET_LM;DIOSC_DMM;GAL_SMT;ORIB_CM;PAUL_AEG,Aetius;Dioscorides;Galen;Oribasius;Paul
κυπερου ριζαι,Κυπέρου ῥίζαι,κυπερου ριζαι,2,2,AET_LM;ORIB_CM,Aetius;Oribasius
κυπερου ριζαι,κυπέρου ῥίζαι,κυπερου ριζαι,1,1,GAL_SMT,Galen
κυπρια,Κυπρία,κυπρια,1,1,DIOSC_DMM,Dioscorides
κυπρινον,κυπρῖνον,κυπρινον,1,1,AET_LM,Aetius
κυπρινον,κύπρινον,κυπρινον,1,1,GAL_SMT,Galen
κυπρινον ελαιον,κυπρῖνον ἔλαιον,κυπρινον ελαιον,2,2,AET_LM;DIOSC_DMM,Aetius;Dioscorides
κυπρινον ηρωματισμενον ελαιον,κύπρινον ἠρωματισμένον ἔλαιον,κυπρινον ηρωματισμενον ελαιον,1,1,DIOSC_DMM,Dioscorides
κυπρινος,κυπρῖνος,κυπρινος,1,1,PAUL_AEG,Paul
κυπρινος,κύπρινος,κυπρινος,1,1,DIOSC_DMM,Dioscorides
κυπριος,Κύπριος,κυπριος,1,1,DIOSC_DMM,Dioscorides
κυπριος χαλκος,Κύπριος χαλκός,κυπριος χαλκος,2,2,AET_LM;DIOSC_DMM,Aetius;Dioscorides
κυπρος,κύπρος,κυπρος,8,8,AET_LM;DIOSC_DMM;GAL_SMT;ORIB_CM;PAUL_AEG,Aetius;Dioscorides;Galen;Oribasius;Paul
κυπρος,κύπρος,κυπρος,1,1,AET_LM,Aetius
κυπρου ανθους,κύπρου ἄνθους,κυπρου ανθους,1,1,AET_LM,Aetius
κυρηναικος,Κυρηναικός,κυρηναικος,1,1,DIOSC_DMM,Dioscorides
κυρηναιος οπος,Κυρηναῖος ὀπός,κυρηναιος οπος,1,1,GAL_SMT,Galen
κυτινοι,κύτινοι,κυτινοι,1,1,DIOSC_DMM,Dioscorides
κυτινος,κυτῖνος,κυτινος,1,1,PAUL_AEG,Paul
κυτινος,κύτινος,κυτινος,9,9,AET_LM;DIOSC_DMM;GAL_SMT;ORIB_CM;PAUL_AEG,Aetius;Dioscorides;Galen;Oribasius;Paul
κυτινους,κυτίνους,κυτινους,1,1,DIOSC_DMM,Dioscorides
κυτινω,κυτίνῳ,κυτινω,1,1,DIOSC_DMM,Dioscorides
κυτινω ροας,κυτίνῳ ῥόας,κυτινω ροας,1,1,DIOSC_DMM,Dioscorides
κυτισος,Κυτίσος,κυτισος,1,1,ORIB_CM,Oribasius
κυτισος,κυτίσος,κυτισος,1,1,DIOSC_DMM,Dioscorides
κυτισος,κύτισος,κυτισος,5,5,AET_LM;DIOSC_DMM;GAL_SMT;PAUL_AEG,Aetius;Dioscorides;Galen;Paul
κυτισου τα φυλλα,Κυτίσου τὰ φύλλα,κυτισου τα φυλλα,2,2,ORIB_CM;PAUL_AEG,Oribasius;Paul
κυτισου τα φυλλα,κυτίσου τὰ φύλλα,κυτισου τα φυλλα,2,2,AET_LM;GAL_SMT,Aetius;Galen
κυων,κύων,κυων,5,5,AET_LM;DIOSC_DMM;GAL_SMT;PAUL_AEG,Aetius;Dioscorides;Galen;Paul
κυων λυσσων,κύων λυσσῶν,κυων λυσσων,1,1,DIOSC_DMM,Dioscorides
κυων λυττων,κύων λυττῶν,κυων λυττων,1,1,GAL_SMT,Galen
κυων ποταμιος,κύων ποτάμιος,κυων ποταμιος,1,1,AET_LM,Aetius
κωβιον,κωβίον,κωβιον,1,1,DIOSC_DMM,Dioscorides
κωβιον προσφατον,κωβίον πρόσφατον,κωβιον προσφατον,1,1,DIOSC_DMM,Dioscorides
κωβιος,κωβιός,κωβιος,1,1,DIOSC_DMM,Dioscorides
κωδιαις μηκωνος,κωδίαις μήκωνος,κωδιαις μηκωνος,1,1,DIOSC_DMM,Dioscorides
κωδυα,κωδύα,κωδυα,1,1,DIOSC_DMM,Dioscorides
κωδυαις,κωδύαις,κωδυαις,1,1,DIOSC_DMM,Dioscorides
κωδυαν,κωδύαν,κωδυαν,1,1,PAUL_AEG,Paul
κωδυον,κώδυον,κωδυον,1,1,DIOSC_DMM,Dioscorides
κωνα,κῶνα,κωνα,1,1,DIOSC_DMM,Dioscorides
κωνειον,κώνειον,κωνειον,17,17,AET_LM;DIOSC_DMM;GAL_ALIM;GAL_SMT;ORIB_CM;PAUL_AEG,Aetius;Dioscorides;Galen;Oribasius;Paul
κωνος,κῶνος,κωνος,4,4,AET_LM;GAL_SMT;ORIB_CM;PAUL_AEG,Aetius;Galen;Oribasius;Paul
κωνου καρπος,Κώνου καρπὸς,κωνου καρπος,1,1,ORIB_CM,Oribasius
κωνου καρπος,κώνου καρπός,κωνου καρπος,2,2,AET_LM;GAL_SMT,Aetius;Galen
κωος οινος,Κῷος οἶνος,κωος οινος,1,1,DIOSC_DMM,Dioscorides
λαβραξ,λάβραξ,λαβραξ,1,1,AET_LM,Aetius
λαγανον,λάγανον,λαγανον,1,1,AET_LM,Aetius
λαγωα,λαγώα,λαγωα,1,1,AET_LM,Aetius
λαγωος,λαγωός,λαγωος,14,14,AET_LM;DIOSC_DMM;GAL_SMT,Aetius;Dioscorides;Galen
λαγωος θαλασσιος,λαγωός θαλάσσιος,λαγωος θαλασσιος,5,5,DIOSC_DMM,Dioscorides
λαγωος θαλασσιος,λαγωὸς θαλάσσιος,λαγωος θαλασσιος,1,1,DIOSC_DMM,Dioscorides
λαγωος θαλαττιος,λαγωός θαλάττιος,λαγωος θαλαττιος,3,3,AET_LM;GAL_SMT,Aetius;Galen
λαγωος χερσαιος,λαγωός χερσαῖος,λαγωος χερσαιος,1,1,DIOSC_DMM,Dioscorides
λαγωπους,λαγώπους,λαγωπους,3,3,DIOSC_DMM;GAL_SMT;ORIB_CM,Dioscorides;Galen;Oribasius
λαγωπους,λαγώπους,λαγωπους,1,1,PAUL_AEG,Paul
λαδανον,λάδανον,λαδανον,9,9,AET_LM;DIOSC_DMM;GAL_SMT;ORIB_CM,Aetius;Dioscorides;Galen;Oribasius
λαδανον,λάδανον,λαδανον,1,1,PAUL_AEG,Paul
λαερτικον,Λαερτικόν,λαερτικον,1,1,GAL_SMT,Galen
λαερτικος,Λαερτικός,λαερτικος,1,1,ORIB_CM,Oribasius
λαερτικος,λαερτικός,λαερτικος,1,1,AET_LM,Aetius
λαθυρις,λαθυρίς,λαθυρις,3,3,AET_LM;DIOSC_DMM;GAL_SMT,Aetius;Dioscorides;Galen
λαθυρις,λαθυρίς,λαθυρις,1,1,PAUL_AEG,Paul
λαθυρος,λάθυρος,λαθυρος,5,5,AET_LM;GAL_ALIM,Aetius;Galen
λαμψανη,Λαμψάνη,λαμψανη,1,1,ORIB_CM,Oribasius
λαμψανη,λαμψάνη,λαμψανη,4,4,AET_LM;DIOSC_DMM;GAL_SMT,Aetius;Dioscorides;Galen
λαμψανη,λαμψάνη,λαμψανη,1,1,PAUL_AEG,Paul
λαπαθον,λάπαθον,λαπαθον,15,15,AET_LM;DIOSC_DMM;GAL_ALIM;GAL_SMT;ORIB_CM;PAUL_AEG,Aetius;Dioscorides;Galen;Oribasius;Paul
λαπαθον,λάπαθον,λαπαθον,2,2,AET_LM;PAUL_AEG,Aetius;Paul
λαπαθον αγριον,λάπαθον ἄγριον,λαπαθον αγριον,2,2,DIOSC_DMM,Dioscorides
λαπτουκα,λαπτούκα,λαπτουκα,1,1,DIOSC_DMM,Dioscorides
λαπτουκα ηρρατικα,λαπτούκα ἠρράτικα,λαπτουκα ηρρατικα,1,1,DIOSC_DMM,Dioscorides
λαρβασον,λάρβασον,λαρβασον,1,1,DIOSC_DMM,Dioscorides
λαριξ,λάριξ,λαριξ,1,1,PAUL_AEG,Paul
λασαρ,λάσαρ,λασαρ,1,1,AET_LM,Aetius
λαχανον,λάχανον,λαχανον,11,11,DIOSC_DMM;GAL_ALIM;GAL_SMT;PAUL_AEG,Dioscorides;Galen;Paul
λαχανον αγριον,λάχανον ἄγριον,λαχανον αγριον,1,1,GAL_ALIM,Galen
λαχχα,λαχχά,λαχχα,1,1,AET_LM,Aetius
λεαντικη,λεαντική,λεαντικη,1,1,DIOSC_DMM,Dioscorides
λεια,λεῖα,λεια,1,1,GAL_SMT,Galen
λειμωνιον,λειμώνιον,λειμωνιον,5,5,AET_LM;DIOSC_DMM;GAL_SMT;ORIB_CM;PAUL_AEG,Aetius;Dioscorides;Galen;Oribasius;Paul
λειμωνιου καρπον,λειμωνίου καρπὸν,λειμωνιου καρπον,1,1,GAL_SMT,Galen
λειμωνιου καρπος,Λειμωνίου καρπὸς,λειμωνιου καρπος,1,1,ORIB_CM,Oribasius
λειμωνιου τον καρπον,Λειμωνίου τὸν καρπὸν,λειμωνιου τον καρπον,1,1,PAUL_AEG,Paul
λειοσπερμον,λειόσπερμον,λειοσπερμον,1,1,PAUL_AEG,Paul
λειριον,λείριον,λειριον,1,1,DIOSC_DMM,Dioscorides
λειχην,λειχήν,λειχην,10,9,AET_LM;DIOSC_DMM;GAL_SMT;ORIB_CM;PAUL_AEG,Aetius;Dioscorides;Galen;Oribasius;Paul
λειχην επι των πετρων,λειχὴν ἐπὶ τῶν πετρῶν,λειχην επι των πετρων,1,1,ORIB_CM,Oribasius
λειχην ιππου,λειχήν ἵππου,λειχην ιππου,3,3,AET_LM;DIOSC_DMM;GAL_SMT,Aetius;Dioscorides;Galen
λειχην ιππων,λειχήν ἵππων,λειχην ιππων,1,1,PAUL_AEG,Paul
λειχην ο επι των πετρων,λειχήν ὁ ἐπὶ τῶν πετρῶν,λειχην ο επι των πετρων,1,1,AET_LM,Aetius
λειχηνη,λειχήνη,λειχηνη,1,1,DIOSC_DMM,Dioscorides
λεκιθος,λέκιθος,λεκιθος,2,2,DIOSC_DMM;PAUL_AEG,Dioscorides;Paul
λεκιθος,λεκίθος,λεκιθος,2,2,DIOSC_DMM,Dioscorides
λεκιθος,λέκιθος,λεκιθος,1,1,AET_LM,Aetius
λεκιθος των ωων,λέκιθος τῶν ὠῶν,λεκιθος των ωων,2,2,GAL_SMT;ORIB_CM,Galen;Oribasius
λεμμα,λέμμα,λεμμα,2,2,GAL_SMT;ORIB_CM,Galen;Oribasius
λεμμα φακων,λέμμα φακῶν,λεμμα φακων,1,1,GAL_ALIM,Galen
λεμμασιν,λέμμασιν,λεμμασιν,1,1,PAUL_AEG,Paul
λεμματα,λέμματα,λεμματα,1,1,ORIB_CM,Oribasius
λεμματι,λέμματι,λεμματι,1,1,GAL_SMT,Galen
λεμματος,λέμματος,λεμματος,3,3,AET_LM;GAL_SMT;PAUL_AEG,Aetius;Galen;Paul
λεοντειος,λεόντειος,λεοντειος,1,1,DIOSC_DMM,Dioscorides
λεοντοπεταλον,Λεοντοπέταλον,λεοντοπεταλον,2,2,ORIB_CM;PAUL_AEG,Oribasius;Paul
λεοντοπεταλον,λεοντοπέταλον,λεοντοπεταλον,3,3,AET_LM;DIOSC_DMM;GAL_SMT,Aetius;Dioscorides;Galen
λεοντοπεταλου η ριζα,Λεοντοπετάλου ἡ ῥίζα,λεοντοπεταλου η ριζα,1,1,ORIB_CM,Oribasius
λεοντοπεταλου ριζα,Λεοντοπετάλου ῥίζα,λεοντοπεταλου ριζα,1,1,PAUL_AEG,Paul
λεοντοπεταλου τῃ ριζᾳ,λεοντοπετάλου τῇ ῥίζᾳ,λεοντοπεταλου τη ριζα,1,1,GAL_SMT,Galen
λεοντοποδιον,λεοντοπόδιον,λεοντοποδιον,2,2,AET_LM;DIOSC_DMM,Aetius;Dioscorides
λεπει,λέπει,λεπει,1,1,DIOSC_DMM,Dioscorides
λεπη,λέπη,λεπη,2,2,DIOSC_DMM,Dioscorides
λεπιδας,λεπίδας,λεπιδας,1,1,DIOSC_DMM,Dioscorides
λεπιδιον,λεπίδιον,λεπιδιον,6,6,AET_LM;DIOSC_DMM;GAL_SMT;ORIB_CM,Aetius;Dioscorides;Galen;Oribasius
λεπιδιον,λεπιδιον,λεπιδιον,1,1,PAUL_AEG,Paul
λεπιδος,λεπίδος,λεπιδος,1,1,ORIB_CM,Oribasius
λεπιδος στομωματος,λεπίδος στομώματος,λεπιδος στομωματος,1,1,DIOSC_DMM,Dioscorides
λεπις,λεπίς,λεπις,8,8,AET_LM;DIOSC_DMM;GAL_SMT;ORIB_CM;PAUL_AEG,Aetius;Dioscorides;Galen;Oribasius;Paul
λεπις εκ μολυβδου,λεπὶς ἐκ μολύβδου,λεπις εκ μολυβδου,1,1,GAL_SMT,Galen
λεπις σιδηρου,λεπίς σιδήρου,λεπις σιδηρου,3,3,AET_LM;GAL_SMT;ORIB_CM,Aetius;Galen;Oribasius
λεπις στομωματος,λεπίς στομώματος,λεπις στομωματος,2,2,GAL_SMT;ORIB_CM,Galen;Oribasius
λεπις χαλκου,λεπίς χαλκοῦ,λεπις χαλκου,3,3,AET_LM;GAL_SMT;ORIB_CM,Aetius;Galen;Oribasius
λεπος,λέπος,λεπος,3,3,AET_LM;DIOSC_DMM;PAUL_AEG,Aetius;Dioscorides;Paul
λεπος,λέπος,λεπος,1,1,GAL_SMT,Galen
λεπτοκαρυον,λεπτοκάρυον,λεπτοκαρυον,4,4,DIOSC_DMM;GAL_SMT;ORIB_CM;PAUL_AEG,Dioscorides;Galen;Oribasius;Paul
λεπτοκαρυον,λεπτοκάρυον,λεπτοκαρυον,1,1,AET_LM,Aetius
λεπτοκαρυον ποντικον,λεπτοκάρυον ποντικόν,λεπτοκαρυον ποντικον,1,1,ORIB_CM,Oribasius
λεπτομερες ελαιον,λεπτομερὲς ἔλαιον,λεπτομερες ελαιον,1,1,PAUL_AEG,Paul
λεπτον,λεπτὸν,λεπτον,1,1,AET_LM,Aetius
λεπτος οινος,λεπτός οἶνος,λεπτος οινος,1,1,AET_LM,Aetius
λεπτοφυλλος καλαμινθη,λεπτόφυλλος καλαμίνθη,λεπτοφυλλος καλαμινθη,1,1,DIOSC_DMM,Dioscorides
λευκακανθα,λευκάκανθα,λευκακανθα,2,2,AET_LM;DIOSC_DMM,Aetius;Dioscorides
λευκακανθον,λευκάκανθον,λευκακανθον,2,2,DIOSC_DMM;GAL_SMT,Dioscorides;Galen
λευκακανθον,λευκάκανθον,λευκακανθον,1,1,PAUL_AEG,Paul
λευκακανθος,λευκάκανθος,λευκακανθος,2,2,GAL_SMT;ORIB_CM,Galen;Oribasius
λευκακανθου η ριζα,Λευκακάνθου ἡ ῥίζα,λευκακανθου η ριζα,1,1,ORIB_CM,Oribasius
λευκανθα,λευκάκανθα,λευκακανθα,1,1,GAL_ALIM,Galen
λευκανθεμον,λευκάνθεμον,λευκανθεμον,2,2,DIOSC_DMM,Dioscorides
λευκας,Λευκάς,λευκας,1,1,ORIB_CM,Oribasius
λευκας,λευκάς,λευκας,2,2,DIOSC_DMM;GAL_SMT,Dioscorides;Galen
λευκας,λευκὰς,λευκας,1,1,PAUL_AEG,Paul
λευκας δριμεια,λευκάς δριμεῖα,λευκας δριμεια,1,1,GAL_SMT,Galen
λευκας ημερος,λευκάς ἥμερος,λευκας ημερος,1,1,DIOSC_DMM,Dioscorides
λευκας ορεινη,λευκάς ὀρεινή,λευκας ορεινη,1,1,DIOSC_DMM,Dioscorides
λευκη,λεύκη,λευκη,6,6,AET_LM;DIOSC_DMM;GAL_SMT;ORIB_CM;PAUL_AEG,Aetius;Dioscorides;Galen;Oribasius;Paul
λευκη ακανθα,λευκὴ ἄκανθα,λευκη ακανθα,2,2,DIOSC_DMM,Dioscorides
λευκη μαστιχη,λευκή μαστίχη,λευκη μαστιχη,1,1,AET_LM,Aetius
λευκη σκιλλα,λευκὴ σκίλλα,λευκη σκιλλα,1,1,DIOSC_DMM,Dioscorides
λευκηθρον,λεύκηθρον,λευκηθρον,1,1,DIOSC_DMM,Dioscorides
λευκης του δενδρου ο φλοιος,λεύκης τοῦ δένδρου ὁ φλοιὸς,λευκης του δενδρου ο φλοιος,1,1,DIOSC_DMM,Dioscorides
λευκινος,λεύκινος,λευκινος,1,1,DIOSC_DMM,Dioscorides
λευκογραφις,λευκογραφίς,λευκογραφις,4,4,AET_LM;DIOSC_DMM,Aetius;Dioscorides
λευκογραφις,λευκογραφις,λευκογραφις,1,1,PAUL_AEG,Paul
λευκοιον,λευκοΐον,λευκοιον,3,3,DIOSC_DMM;PAUL_AEG,Dioscorides;Paul
λευκοιον,λευκόιον,λευκοιον,1,1,DIOSC_DMM,Dioscorides
λευκοιον,λευκόϊον,λευκοιον,7,7,AET_LM;DIOSC_DMM;GAL_SMT,Aetius;Dioscorides;Galen
λευκοιον γνωριμον,λευκόϊον γνώριμον,λευκοιον γνωριμον,1,1,DIOSC_DMM,Dioscorides
λευκον,λευκόν,λευκον,1,1,DIOSC_DMM,Dioscorides
λευκον,λευκὸν,λευκον,2,2,AET_LM,Aetius
λευκον πεπερι,λευκόν πέπερι,λευκον πεπερι,1,1,GAL_SMT,Galen
λευκον πεπερι,λευκὸν πέπερι,λευκον πεπερι,3,3,AET_LM;DIOSC_DMM;GAL_SMT,Aetius;Dioscorides;Galen
λευκον τευτλον,λευκὸν τεῦτλον,λευκον τευτλον,2,2,GAL_SMT;ORIB_CM,Galen;Oribasius
λευκον των ωων,λευκὸν τῶν ὠῶν,λευκον των ωων,1,1,GAL_SMT,Galen
λευκος,λευκός,λευκος,5,5,AET_LM;DIOSC_DMM;ORIB_CM,Aetius;Dioscorides;Oribasius
λευκος ελλεβορος,λευκὸς ἐλλέβορος,λευκος ελλεβορος,3,3,DIOSC_DMM,Dioscorides
λευκος χαλκος,λευκὸς χαλκός,λευκος χαλκος,1,1,DIOSC_DMM,Dioscorides
λευκος χαμαιλεων,λευκός χαμαιλέων,λευκος χαμαιλεων,1,1,AET_LM,Aetius
λευκος χαμαιλεων,λευκὸς χαμαιλέων,λευκος χαμαιλεων,1,1,PAUL_AEG,Paul
λευκοτερα κοπρος,λευκοτέρα κόπρος,λευκοτερα κοπρος,1,1,GAL_SMT,Galen
λευκοτερα κοπρος λυκου,λευκοτέρα κόπρος λύκου,λευκοτερα κοπρος λυκου,1,1,AET_LM,Aetius
λευκου ελλεβορου φυλλα,λευκοῦ ἐλλεβόρου φύλλα,λευκου ελλεβορου φυλλα,1,1,DIOSC_DMM,Dioscorides
λευκοϊον,λευκόϊον,λευκοιον,1,1,ORIB_CM,Oribasius
λευκω,λευκῷ,λευκω,1,1,AET_LM,Aetius
λεων,λέων,λεων,2,2,AET_LM;DIOSC_DMM,Aetius;Dioscorides
ληδον,λῆδον,ληδον,1,1,DIOSC_DMM,Dioscorides
ληδων,λήδων,ληδων,1,1,AET_LM,Aetius
λημνια,Λημνία,λημνια,2,2,GAL_SMT;ORIB_CM,Galen;Oribasius
λημνια γη,Λημνία γῆ,λημνια γη,4,4,AET_LM;DIOSC_DMM;GAL_SMT,Aetius;Dioscorides;Galen
λημνια μιλτος,Λημνία μίλτος,λημνια μιλτος,2,2,GAL_SMT;PAUL_AEG,Galen;Paul
λημνια σφραγις,Λημνία σφραγίς,λημνια σφραγις,1,1,GAL_SMT,Galen
λιβανετος,λιβανετός,λιβανετος,1,1,DIOSC_DMM,Dioscorides
λιβανος,λίβανος,λιβανος,14,14,AET_LM;DIOSC_DMM;GAL_SMT,Aetius;Dioscorides;Galen
λιβανος,λιβᾶνος,λιβανος,1,1,AET_LM,Aetius
λιβανος,λίβανος,λιβανος,1,1,PAUL_AEG,Paul
λιβανωτις,Λιβανωτίς,λιβανωτις,1,1,PAUL_AEG,Paul
λιβανωτις,λιβανωτίς,λιβανωτις,9,9,AET_LM;DIOSC_DMM;GAL_SMT;ORIB_CM,Aetius;Dioscorides;Galen;Oribasius
λιβανωτος,λιβανωτός,λιβανωτος,35,35,AET_LM;DIOSC_DMM;GAL_SMT;ORIB_CM;PAUL_AEG,Aetius;Dioscorides;Galen;Oribasius;Paul
λιβανωτος,λιβανωτός,λιβανωτος,2,2,PAUL_AEG,Paul
λιβυκη καππαρις,Λιβυκὴ κάππαρις,λιβυκη καππαρις,1,1,DIOSC_DMM,Dioscorides
λιβυκον,Λιβυκόν,λιβυκον,2,2,GAL_SMT;ORIB_CM,Galen;Oribasius
λιβυκος,Λιβυκός,λιβυκος,1,1,DIOSC_DMM,Dioscorides
λιβυστικον,λιβυστικόν,λιβυστικον,2,2,GAL_SMT,Galen
λιγγουα,λίγγουα,λιγγουα,1,1,DIOSC_DMM,Dioscorides
λιγγουα κανινα,λίγγουα κανίνα,λιγγουα κανινα,1,1,DIOSC_DMM,Dioscorides
λιγγουα κανις,λίγγουα κάνις,λιγγουα κανις,1,1,DIOSC_DMM,Dioscorides
λιγγουριον,λιγγούριον,λιγγουριον,1,1,AET_LM,Aetius
λιγνυς,λίγνυς,λιγνυς,1,1,PAUL_AEG,Paul
λιγνυς,λιγνύς,λιγνυς,8,8,AET_LM;DIOSC_DMM;GAL_SMT;ORIB_CM,Aetius;Dioscorides;Galen;Oribasius
λιγνυς,λιγνὺς,λιγνυς,1,1,PAUL_AEG,Paul
λιγνυς λιβανου,λιγνύς λιβάνου,λιγνυς λιβανου,1,1,AET_LM,Aetius
λιγνυς λιβανωτου,λιγνὺς λιβανωτοῦ,λιγνυς λιβανωτου,1,1,GAL_SMT,Galen
λιγυστικον,Λιγυστικόν,λιγυστικον,1,1,ORIB_CM,Oribasius
λιγυστικον,λιγυστικόν,λιγυστικον,3,3,AET_LM;DIOSC_DMM;PAUL_AEG,Aetius;Dioscorides;Paul
λιδανωτις,λιδανωτίς,λιδανωτις,1,1,DIOSC_DMM,Dioscorides
λιθαργυρος,λιθάργυρος,λιθαργυρος,21,21,AET_LM;DIOSC_DMM;GAL_SMT;ORIB_CM;PAUL_AEG,Aetius;Dioscorides;Galen;Oribasius;Paul
λιθαργυρος,λιθάργυρος,λιθαργυρος,2,2,ORIB_CM;PAUL_AEG,Oribasius;Paul
λιθιδιον,λιθίδιον,λιθιδιον,2,2,GAL_SMT;ORIB_CM,Galen;Oribasius
λιθοδενδρον,λιθόδενδρον,λιθοδενδρον,1,1,DIOSC_DMM,Dioscorides
λιθοκολλα,λιθοκόλλα,λιθοκολλα,1,1,DIOSC_DMM,Dioscorides
λιθος,λίθος,λιθος,95,95,AET_LM;DIOSC_DMM;GAL_SMT;ORIB_CM;PAUL_AEG,Aetius;Dioscorides;Galen;Oribasius;Paul
λιθος,λιθος,λιθος,1,1,PAUL_AEG,Paul
λιθος,λίθος,λιθος,2,2,GAL_SMT,Galen
λιθος αγηρατος,λίθος ἀγήρατος,λιθος αγηρατος,2,2,AET_LM;GAL_SMT,Aetius;Galen
λιθος αετιτης,λίθος ἀετίτης,λιθος αετιτης,1,1,AET_LM,Aetius
λιθος αιγυπτιος,λίθος Αἰγύπτιος,λιθος αιγυπτιος,2,2,DIOSC_DMM;PAUL_AEG,Dioscorides;Paul
λιθος αιματιτης,λίθος αἱματίτης,λιθος αιματιτης,1,1,AET_LM,Aetius
λιθος αλαβαστριτης,λίθος ἀλαβαστρίτης,λιθος αλαβαστριτης,1,1,DIOSC_DMM,Dioscorides
λιθος αμιαντος,λίθος ἀμίαντος,λιθος αμιαντος,1,1,DIOSC_DMM,Dioscorides
λιθος ασσιος,λίθος ἄσσιος,λιθος ασσιος,1,1,DIOSC_DMM,Dioscorides
λιθος ασσιος,λίθος Ἄσσιος,λιθος ασσιος,1,1,AET_LM,Aetius
λιθος γαγατης,λίθος γαγάτης,λιθος γαγατης,1,1,DIOSC_DMM,Dioscorides
λιθος γεωδης,λίθος γεώδης,λιθος γεωδης,1,1,DIOSC_DMM,Dioscorides
λιθος θυιτης,λίθος θυίτης,λιθος θυιτης,1,1,DIOSC_DMM,Dioscorides
λιθος ιουδαικος,λίθος Ἰουδαϊκός,λιθος ιουδαικος,2,2,DIOSC_DMM;ORIB_CM,Dioscorides;Oribasius
λιθος κατ' αιγυπτον γεννωμενος,λίθος κατ' Αἴγυπτον γεννώμενος,λιθος κατ' αιγυπτον γεννωμενος,1,1,AET_LM,Aetius
λιθος μελας,λίθος μέλας,λιθος μελας,1,1,GAL_SMT,Galen
λιθος μεμφιτης,λίθος Μεμφίτης,λιθος μεμφιτης,1,1,DIOSC_DMM,Dioscorides
λιθος μοροχθος,λίθος μόροχθος,λιθος μοροχθος,1,1,DIOSC_DMM,Dioscorides
λιθος οστρακιτης,λίθος ὀστρακίτης,λιθος οστρακιτης,2,2,DIOSC_DMM;ORIB_CM,Dioscorides;Oribasius
λιθος οφιτης,λίθος ὀφίτης,λιθος οφιτης,1,1,DIOSC_DMM,Dioscorides
λιθος παριος,λίθος Πάριος,λιθος παριος,1,1,DIOSC_DMM,Dioscorides
λιθος πλακωδης,λίθος πλακώδης,λιθος πλακωδης,1,1,GAL_SMT,Galen
λιθος πυριτης,λίθος πυρίτης,λιθος πυριτης,1,1,DIOSC_DMM,Dioscorides
λιθος σαπφειρος,λίθος σάπφειρος,λιθος σαπφειρος,1,1,DIOSC_DMM,Dioscorides
λιθος σεληνιτης,λίθος σεληνίτης,λιθος σεληνιτης,1,1,DIOSC_DMM,Dioscorides
λιθος σχιστος,λίθος σχιστός,λιθος σχιστος,1,1,AET_LM,Aetius
λιθος φρυγιος,λίθος Φρύγιος,λιθος φρυγιος,2,2,AET_LM;DIOSC_DMM,Aetius;Dioscorides
λιθοσπερμον,λιθόσπερμον,λιθοσπερμον,3,3,DIOSC_DMM;PAUL_AEG,Dioscorides;Paul
λιθωδης καδμεια,λιθώδης καδμεία,λιθωδης καδμεια,1,1,GAL_SMT,Galen
λιμναιον αλκυονιον,λιμναῖον ἀλκυόνιον,λιμναιον αλκυονιον,1,1,DIOSC_DMM,Dioscorides
λιμναιος,λιμναῖος,λιμναιος,1,1,DIOSC_DMM,Dioscorides
λιμνη,λίμνη,λιμνη,1,1,GAL_SMT,Galen
λιμνησιον,λιμνήσιον,λιμνησιον,1,1,DIOSC_DMM,Dioscorides
λινοδρυς,λινόδρυς,λινοδρυς,1,1,DIOSC_DMM,Dioscorides
λινοζωστης,λινοζώστης,λινοζωστης,1,1,DIOSC_DMM,Dioscorides
λινοζωστις,Λινόζωστις,λινοζωστις,1,1,PAUL_AEG,Paul
λινοζωστις,λινοζώστις,λινοζωστις,1,1,GAL_SMT,Galen
λινοζωστις,λινόζωστις,λινοζωστις,5,5,AET_LM;DIOSC_DMM,Aetius;Dioscorides
λινοζωστις αγρια αρρην,λινόζωστις ἀγρία ἄρρην,λινοζωστις αγρια αρρην,1,1,DIOSC_DMM,Dioscorides
λινον,λίνον,λινον,2,2,DIOSC_DMM,Dioscorides
λινον,λίνον,λινον,1,1,PAUL_AEG,Paul
λινον,λῖνον,λινον,3,3,DIOSC_DMM,Dioscorides
λινοσπερμινος,λινοσπέρμινος,λινοσπερμινος,1,1,AET_LM,Aetius
λινοσπερμον,Λινόσπερμον,λινοσπερμον,1,1,ORIB_CM,Oribasius
λινοσπερμον,λινοσπέρμον,λινοσπερμον,8,8,AET_LM;DIOSC_DMM;ORIB_CM,Aetius;Dioscorides;Oribasius
λινοσπερμον,λινοσπερμον,λινοσπερμον,1,1,PAUL_AEG,Paul
λινοσπερμον,λινόσπερμον,λινοσπερμον,3,3,AET_LM;DIOSC_DMM;GAL_SMT,Aetius;Dioscorides;Galen
λιπαρα γη,λιπαρὰ γῆ,λιπαρα γη,1,1,GAL_SMT,Galen
λιπαρας,λιπαρᾶς,λιπαρας,1,1,PAUL_AEG,Paul
λιπαρια,λιπαρία,λιπαρια,2,2,AET_LM;DIOSC_DMM,Aetius;Dioscorides
λιπαρον,λιπαρόν,λιπαρον,2,2,DIOSC_DMM;GAL_ALIM,Dioscorides;Galen
λιπαρος,λιπαρός,λιπαρος,1,1,ORIB_CM,Oribasius
λιπαρωτατον,λιπαρώτατον,λιπαρωτατον,1,1,ORIB_CM,Oribasius
λιπος,λίπος,λιπος,5,5,AET_LM;DIOSC_DMM;ORIB_CM,Aetius;Dioscorides;Oribasius
λιπος,λίπος,λιπος,2,2,GAL_SMT;PAUL_AEG,Galen;Paul
λιπος υος,λίπος ὗος,λιπος υος,1,1,ORIB_CM,Oribasius
λιτος ζωμος,λιτός ζωμός,λιτος ζωμος,1,1,PAUL_AEG,Paul
λιτρον,λίτρον,λιτρον,6,6,AET_LM;GAL_ALIM;GAL_SMT;ORIB_CM,Aetius;Galen;Oribasius
λιτρον,λίτρον,λιτρον,1,1,PAUL_AEG,Paul
λιτρου αφρος,λίτρου ἀφρός,λιτρου αφρος,1,1,ORIB_CM,Oribasius
λοβιον,λόβιον,λοβιον,2,2,AET_LM,Aetius
λοβοι,λοβοὶ,λοβοι,3,3,DIOSC_DMM,Dioscorides
λοβοις,λοβοῖς,λοβοις,6,6,DIOSC_DMM,Dioscorides
λοβον,λοβὸν,λοβον,1,1,DIOSC_DMM,Dioscorides
λοβος,λοβός,λοβος,1,1,AET_LM,Aetius
λοβος,λοβὸς,λοβος,1,1,DIOSC_DMM,Dioscorides
λοβους,λοβούς,λοβους,4,4,DIOSC_DMM,Dioscorides
λοβους ονομαζει τα περιεχοντα το σπερμα των τοιουτων οσπριων,λοβοὺς ὀνομάζει τὰ περιέχοντα τὸ σπέρμα τῶν τοιούτων ὀσπρίων,λοβους ονομαζει τα περιεχοντα το σπερμα των τοιουτων οσπριων,1,1,GAL_ALIM,Galen
λογχιτις,Λογχίτις,λογχιτις,1,1,PAUL_AEG,Paul
λογχιτις,λογχίτις,λογχιτις,3,3,AET_LM;DIOSC_DMM;GAL_SMT,Aetius;Dioscorides;Galen
λογχιτις,λογχῖτις,λογχιτις,2,2,DIOSC_DMM,Dioscorides
λογχιτις τραχεια,λογχῖτις τραχεῖα,λογχιτις τραχεια,1,1,DIOSC_DMM,Dioscorides
λοπιμα,λόπιμα,λοπιμα,1,1,DIOSC_DMM,Dioscorides
λοπιμος,λόπιμος,λοπιμος,1,1,AET_LM,Aetius
λουφα,λοῦφα,λουφα,1,1,DIOSC_DMM,Dioscorides
λοχεια,λοχεῖα,λοχεια,2,2,DIOSC_DMM,Dioscorides
λοχειον,λοχεῖον,λοχειον,1,1,DIOSC_DMM,Dioscorides
λοχια,λόχια,λοχια,1,1,DIOSC_DMM,Dioscorides
λυγγουριον,λυγγούριον,λυγγουριον,1,1,DIOSC_DMM,Dioscorides
λυγος,λύγος,λυγος,5,5,AET_LM;DIOSC_DMM;GAL_SMT;PAUL_AEG,Aetius;Dioscorides;Galen;Paul
λυγου σπερματος,λύγου σπέρματος,λυγου σπερματος,1,1,AET_LM,Aetius
λυκαψος,λυκαψός,λυκαψος,2,2,AET_LM;DIOSC_DMM,Aetius;Dioscorides
λυκαψος,λύκαψος,λυκαψος,2,2,ORIB_CM;PAUL_AEG,Oribasius;Paul
λυκαψος,λύκαψος,λυκαψος,1,1,PAUL_AEG,Paul
λυκεια κοπρος,λυκεία κόπρος,λυκεια κοπρος,1,1,GAL_SMT,Galen
λυκιον,Λύκιον,λυκιον,1,1,ORIB_CM,Oribasius
λυκιον,Λύκιον,λυκιον,1,1,PAUL_AEG,Paul
λυκιον,λύκιον,λυκιον,15,15,AET_LM;DIOSC_DMM;GAL_SMT;ORIB_CM,Aetius;Dioscorides;Galen;Oribasius
λυκιον ινδικον,λύκιον Ἰνδικόν,λυκιον ινδικον,1,1,GAL_SMT,Galen
λυκοκτονον,λυκοκτόνον,λυκοκτονον,5,5,DIOSC_DMM;GAL_SMT;ORIB_CM;PAUL_AEG,Dioscorides;Galen;Oribasius;Paul
λυκος,λύκος,λυκος,3,3,DIOSC_DMM;GAL_SMT;PAUL_AEG,Dioscorides;Galen;Paul
λυκοψις,λύκοψις,λυκοψις,1,1,GAL_SMT,Galen
λυρον,λύρον,λυρον,1,1,DIOSC_DMM,Dioscorides
λυσιμαχειον,Λυσιμάχειον,λυσιμαχειον,1,1,ORIB_CM,Oribasius
λυσιμαχειος,λυσιμάχειος,λυσιμαχειος,2,2,DIOSC_DMM;ORIB_CM,Dioscorides;Oribasius
λυσιμαχιον,λυσιμάχιον,λυσιμαχιον,1,1,PAUL_AEG,Paul
λυσιμαχιος,λυσιμάχιος,λυσιμαχιος,2,2,AET_LM;GAL_SMT,Aetius;Galen
λυσις,λύσις,λυσις,3,3,DIOSC_DMM,Dioscorides
λυχνιαιον,λυχνιαῖον,λυχνιαιον,1,1,AET_LM,Aetius
λυχνιδος το σπερμα,Λυχνίδος τὸ σπέρμα,λυχνιδος το σπερμα,1,1,PAUL_AEG,Paul
λυχνις,λυχνίς,λυχνις,7,7,DIOSC_DMM;GAL_SMT;ORIB_CM,Dioscorides;Galen;Oribasius
λυχνις,λυχνίς,λυχνις,1,1,PAUL_AEG,Paul
λυχνις αγρια,λυχνίς ἀγρία,λυχνις αγρια,2,2,DIOSC_DMM,Dioscorides
λυχνις η εις τους στεφανους,λυχνίς ἡ εἰς τοὺς στεφάνους,λυχνις η εις τους στεφανους,2,2,GAL_SMT;ORIB_CM,Galen;Oribasius
λυχνις στεφανωματικη,λυχνίς στεφανωματική,λυχνις στεφανωματικη,1,1,DIOSC_DMM,Dioscorides
λυχνιτις,λυχνῖτις,λυχνιτις,1,1,DIOSC_DMM,Dioscorides
λωτινου καρπου,λωτίνου καρποῦ,λωτινου καρπου,1,1,DIOSC_DMM,Dioscorides
λωτος,λωτός,λωτος,17,17,AET_LM;DIOSC_DMM;GAL_SMT;ORIB_CM;PAUL_AEG,Aetius;Dioscorides;Galen;Oribasius;Paul
λωτος αγριος,λωτός ἄγριος,λωτος αγριος,5,5,DIOSC_DMM;GAL_SMT;ORIB_CM;PAUL_AEG,Dioscorides;Galen;Oribasius;Paul
λωτος αγριος,λωτὸς ἄγριος,λωτος αγριος,1,1,AET_LM,Aetius
λωτος αιγυπτιος,λωτός Αἰγύπτιος,λωτος αιγυπτιος,1,1,PAUL_AEG,Paul
λωτος ημερος,λωτός ἥμερος,λωτος ημερος,3,3,GAL_SMT;ORIB_CM;PAUL_AEG,Galen;Oribasius;Paul
λωτος ημερος,λωτὸς ἥμερος,λωτος ημερος,1,1,AET_LM,Aetius
λωτος το δενδρον,Λωτὸς τὸ δένδρον,λωτος το δενδρον,1,1,PAUL_AEG,Paul
λωτος τριφυλλος,λωτός τρίφυλλος,λωτος τριφυλλος,1,1,DIOSC_DMM,Dioscorides
λωτου αγριου σπερματος,λωτοῦ ἀγρίου σπέρματος,λωτου αγριου σπερματος,1,1,DIOSC_DMM,Dioscorides
μαγνητης λιθος,μαγνήτης λίθος,μαγνητης λιθος,1,1,DIOSC_DMM,Dioscorides
μαγνητις,μαγνητις,μαγνητις,1,1,PAUL_AEG,Paul
μαγνητις,μαγνῆτις,μαγνητις,3,3,AET_LM;DIOSC_DMM;ORIB_CM,Aetius;Dioscorides;Oribasius
μαγνητις λιθος,μαγνῆτις λίθος,μαγνητις λιθος,1,1,AET_LM,Aetius
μαγνητις πετρα,μαγνῆτις πέτρα,μαγνητις πετρα,1,1,DIOSC_DMM,Dioscorides
μαγνιτις,μαγνῖτις,μαγνιτις,1,1,GAL_SMT,Galen
μαγυδαρις,μαγύδαρις,μαγυδαρις,1,1,DIOSC_DMM,Dioscorides
μαδον,μάδον,μαδον,1,1,DIOSC_DMM,Dioscorides
μαζα,μᾶζα,μαζα,1,1,DIOSC_DMM,Dioscorides
μαινας,μαινάς,μαινας,1,1,AET_LM,Aetius
μαινιδος κεφαλη,μαινίδος κεφαλὴ,μαινιδος κεφαλη,1,1,DIOSC_DMM,Dioscorides
μαινιδων κεφαλων,μαινίδων κεφαλῶν,μαινιδων κεφαλων,1,1,DIOSC_DMM,Dioscorides
μαινιδων κεφαλων κεκαυμενων,Μαινίδων κεφαλῶν κεκαυμένων,μαινιδων κεφαλων κεκαυμενων,1,1,ORIB_CM,Oribasius
μαινις,μαινίς,μαινις,4,4,AET_LM;DIOSC_DMM;GAL_SMT;PAUL_AEG,Aetius;Dioscorides;Galen;Paul
μαινις,μαῖνις,μαινις,1,1,GAL_SMT,Galen
μαινις ταριχηρα,μαινίς ταριχηρά,μαινις ταριχηρα,1,1,AET_LM,Aetius
μακερ,μάκερ,μακερ,2,2,AET_LM,Aetius
μακερ,μάκερ,μακερ,1,1,GAL_SMT,Galen
μακερ φλοιος,Μάκερ φλοιός,μακερ φλοιος,1,1,PAUL_AEG,Paul
μακερ φλοιος,μάκερ φλοιός,μακερ φλοιος,2,2,AET_LM;GAL_SMT,Aetius;Galen
μακιρ,Μάκιρ,μακιρ,1,1,ORIB_CM,Oribasius
μακιρ,μάκιρ,μακιρ,1,1,DIOSC_DMM,Dioscorides
μακιρ φλοιος,Μάκιρ φλοιός,μακιρ φλοιος,1,1,ORIB_CM,Oribasius
μακιρ φλοιος,μάκιρ φλοιός,μακιρ φλοιος,1,1,DIOSC_DMM,Dioscorides
μακρα,μακρά,μακρα,1,1,GAL_SMT,Galen
μακρα αριστολοχεια,μακρά ἀριστολοχεία,μακρα αριστολοχεια,1,1,DIOSC_DMM,Dioscorides
μακρον πεπερι,μακρόν πέπερι,μακρον πεπερι,1,1,ORIB_CM,Oribasius
μακρον πεπερι,μακρὸν πέπερι,μακρον πεπερι,4,4,AET_LM;DIOSC_DMM;GAL_SMT;ORIB_CM,Aetius;Dioscorides;Galen;Oribasius
μακρον πεπερι,μακρὸν πέπερι,μακρον πεπερι,2,2,ORIB_CM;PAUL_AEG,Oribasius;Paul
μακροπεπερι,μακροπέπερι,μακροπεπερι,1,1,GAL_SMT,Galen
μακρος,μακρός,μακρος,2,2,AET_LM;ORIB_CM,Aetius;Oribasius
μαλαβαθρινον,μαλαβάθρινον,μαλαβαθρινον,1,1,DIOSC_DMM,Dioscorides
μαλαβαθρινου φυλλου,μαλαβαθρίνου φύλλου,μαλαβαθρινου φυλλου,1,1,DIOSC_DMM,Dioscorides
μαλαβαθρον,μαλάβαθρον,μαλαβαθρον,5,5,AET_LM;DIOSC_DMM;GAL_SMT,Aetius;Dioscorides;Galen
μαλαβαθρον,μαλαβάθρον,μαλαβαθρον,2,2,DIOSC_DMM;ORIB_CM,Dioscorides;Oribasius
μαλαβαθρον,μαλαβάθρον,μαλαβαθρον,1,1,PAUL_AEG,Paul
μαλαβαθρον,μαλάβαθρον,μαλαβαθρον,1,1,ORIB_CM,Oribasius
μαλαβαθρου το φυλλον,Μαλαβάθρου τὸ φύλλον,μαλαβαθρου το φυλλον,1,1,ORIB_CM,Oribasius
μαλαβαθρου φυλλον,Μαλαβάθρου φύλλον,μαλαβαθρου φυλλον,1,1,PAUL_AEG,Paul
μαλαβαθρου φυλλον,μαλαβάθρου φύλλον,μαλαβαθρου φυλλον,2,2,AET_LM;GAL_SMT,Aetius;Galen
μαλαβαθρου φυλλου,μαλαβάθρου φύλλου,μαλαβαθρου φυλλου,1,1,DIOSC_DMM,Dioscorides
μαλακιον,μαλάκιον,μαλακιον,1,1,AET_LM,Aetius
μαλακος και νεοπαγης τυρος,μαλακός καὶ νεοπαγής τυρός,μαλακος και νεοπαγης τυρος,1,1,ORIB_CM,Oribasius
μαλαχη,μαλάχη,μαλαχη,17,17,AET_LM;GAL_ALIM;GAL_SMT;ORIB_CM;PAUL_AEG,Aetius;Galen;Oribasius;Paul
μαλαχη,μαλάχη,μαλαχη,1,1,PAUL_AEG,Paul
μαλαχη αγρια,μαλάχη ἀγρία,μαλαχη αγρια,4,4,AET_LM;GAL_SMT;ORIB_CM,Aetius;Galen;Oribasius
μαλαχη αγρια,μαλάχη ἀγρία,μαλαχη αγρια,1,1,PAUL_AEG,Paul
μαλαχη κηπευομενη,μαλάχη κηπευομένη,μαλαχη κηπευομενη,1,1,GAL_SMT,Galen
μαλαχη κηπευτη,μαλάχη κηπευτή,μαλαχη κηπευτη,1,1,PAUL_AEG,Paul
μαλδακον,μάλδακον,μαλδακον,1,1,DIOSC_DMM,Dioscorides
μαμιρας,μαμιράς,μαμιρας,1,1,PAUL_AEG,Paul
μανδραγορα,μανδραγόρα,μανδραγορα,4,4,AET_LM;DIOSC_DMM;ORIB_CM,Aetius;Dioscorides;Oribasius
μανδραγορας,μανδραγόρας,μανδραγορας,7,7,DIOSC_DMM;GAL_SMT;ORIB_CM;PAUL_AEG,Dioscorides;Galen;Oribasius;Paul
μανδραγορας,μανδραγόρας,μανδραγορας,1,1,AET_LM,Aetius
μανδραγορας λευκος,μανδραγόρας λευκός,μανδραγορας λευκος,1,1,DIOSC_DMM,Dioscorides
μανζιζανιον,μανζιζάνιον,μανζιζανιον,1,1,AET_LM,Aetius
μανικον,μανικόν,μανικον,2,2,GAL_SMT;ORIB_CM,Galen;Oribasius
μαννα,μάννα,μαννα,3,3,DIOSC_DMM,Dioscorides
μαννα,μάννα,μαννα,1,1,PAUL_AEG,Paul
μαννα δε λιβανου,μάννα δὲ λιβάνου,μαννα δε λιβανου,1,1,DIOSC_DMM,Dioscorides
μαννα λιβανου,μάννα λιβάνου,μαννα λιβανου,1,1,PAUL_AEG,Paul
μαραθον,μάραθον,μαραθον,20,20,DIOSC_DMM;ORIB_CM,Dioscorides;Oribasius
μαραθου σπερμα,μαράθου σπέρμα,μαραθου σπερμα,1,1,DIOSC_DMM,Dioscorides
μαραθου σπερματι,μαράθου σπέρματι,μαραθου σπερματι,1,1,DIOSC_DMM,Dioscorides
μαραθρον,μάραθρον,μαραθρον,5,5,AET_LM;DIOSC_DMM;GAL_SMT;PAUL_AEG,Aetius;Dioscorides;Galen;Paul
μαραθρον,μάραθρον,μαραθρον,2,2,GAL_SMT;PAUL_AEG,Galen;Paul
μαραθρον αγριον,μάραθρον ἄγριον,μαραθρον αγριον,1,1,GAL_SMT,Galen
μαρμαρον,μάρμαρον,μαρμαρον,2,2,DIOSC_DMM,Dioscorides
μαρμαρος,μάρμαρος,μαρμαρος,1,1,DIOSC_DMM,Dioscorides
μαρον,μᾶρον,μαρον,1,1,DIOSC_DMM,Dioscorides
μασπετον,μάσπετον,μασπετον,1,1,DIOSC_DMM,Dioscorides
μασσαλιωτικος,Μασσαλιωτικός,μασσαλιωτικος,1,1,DIOSC_DMM,Dioscorides
μαστιχη,μαστίχη,μαστιχη,16,16,AET_LM;DIOSC_DMM;GAL_SMT;ORIB_CM;PAUL_AEG,Aetius;Dioscorides;Galen;Oribasius;Paul
μαστιχη,μαστίχη,μαστιχη,1,1,ORIB_CM,Oribasius
μαστιχη αιγυπτια,μαστίχη Αἰγυπτία,μαστιχη αιγυπτια,1,1,GAL_SMT,Galen
μαστιχη αιγυπτια,μαστίχη αἰγυπτία,μαστιχη αιγυπτια,1,1,PAUL_AEG,Paul
μαστιχη λευκη,μαστίχη λευκή,μαστιχη λευκη,1,1,GAL_SMT,Galen
μαστιχη λευκη χια,μαστίχη λευκή Χία,μαστιχη λευκη χια,1,1,ORIB_CM,Oribasius
μαστιχη μελαινα,μαστίχη μέλαινα,μαστιχη μελαινα,1,1,GAL_SMT,Galen
μαστιχη μελαινα αιγυπτια,μαστίχη μέλαινα Αἰγυπτία,μαστιχη μελαινα αιγυπτια,1,1,ORIB_CM,Oribasius
μαστιχη χια,μαστίχη Χία,μαστιχη χια,1,1,GAL_SMT,Galen
μαστιχη χια,μαστίχη χία,μαστιχη χια,1,1,PAUL_AEG,Paul
μαστιχινον,μαστίχινον,μαστιχινον,1,1,GAL_SMT,Galen
μαστιχινος,μαστίχινος,μαστιχινος,1,1,ORIB_CM,Oribasius
μασχαλας,μασχάλας,μασχαλας,2,2,DIOSC_DMM,Dioscorides
μαχαιριων,μαχαιρίων,μαχαιριων,1,1,DIOSC_DMM,Dioscorides
μεγα κενταυρειον,μέγα κενταύρειον,μεγα κενταυρειον,1,1,ORIB_CM,Oribasius
μεγα χελιδονιον,μέγα χελιδόνιον,μεγα χελιδονιον,1,1,DIOSC_DMM,Dioscorides
μειζων αειζωον,μείζων ἀείζῳον,μειζων αειζωον,1,1,DIOSC_DMM,Dioscorides
μειζων κεδρος,μείζων κέδρος,μειζων κεδρος,1,1,DIOSC_DMM,Dioscorides
μελαγχολικον αιμα,μελαγχολικὸν αἷμα,μελαγχολικον αιμα,2,2,AET_LM;GAL_SMT,Aetius;Galen
μελαγχολικος χυμος,μελαγχολικός χυμός,μελαγχολικος χυμος,1,1,AET_LM,Aetius
μελαγχολικος χυμος,μελαγχολικὸς χυμός,μελαγχολικος χυμος,3,3,AET_LM;GAL_ALIM,Aetius;Galen
μελαινα ελαια,μέλαινα ἐλαία,μελαινα ελαια,1,1,DIOSC_DMM,Dioscorides
μελαινα μαστιχη,μέλαινα μαστίχη,μελαινα μαστιχη,1,1,AET_LM,Aetius
μελαινα μηκων,μέλαινα μήκων,μελαινα μηκων,1,1,DIOSC_DMM,Dioscorides
μελαινα πεπειρος ελαια,μέλαινα πέπειρος ἐλαία,μελαινα πεπειρος ελαια,1,1,DIOSC_DMM,Dioscorides
μελαινα χολη,μέλαινα χολή,μελαινα χολη,2,2,GAL_ALIM;PAUL_AEG,Galen;Paul
μελαινη μυρσινη αγρια,μελαίνη μυρσίνη ἀγρία,μελαινη μυρσινη αγρια,1,1,DIOSC_DMM,Dioscorides
μελαινη μυρσινη ημερος,μελαίνη μυρσίνη ἥμερος,μελαινη μυρσινη ημερος,1,1,DIOSC_DMM,Dioscorides
μελαινης συκης κλαδοις,μελαίνης συκῆς κλάδοις,μελαινης συκης κλαδοις,1,1,DIOSC_DMM,Dioscorides
μελαινης συκης φυλλοις,μελαίνης συκῆς φύλλοις,μελαινης συκης φυλλοις,1,1,DIOSC_DMM,Dioscorides
μελαμποδιον,Μελαμπόδιον,μελαμποδιον,1,1,DIOSC_DMM,Dioscorides
μελαμπρασιον,μελαμπράσιον,μελαμπρασιον,1,1,DIOSC_DMM,Dioscorides
μελαμπυκνον,μελάμπυκνον,μελαμπυκνον,1,1,PAUL_AEG,Paul
μελαμπυρον,μελάμπυρον,μελαμπυρον,1,1,DIOSC_DMM,Dioscorides
μελαμφυλλον,μελάμφυλλον,μελαμφυλλον,2,2,AET_LM;DIOSC_DMM,Aetius;Dioscorides
μελαμφυλλον,μελάμφυλλον,μελαμφυλλον,2,2,GAL_SMT;PAUL_AEG,Galen;Paul
μελαμψιθιος,μελαμψίθιος,μελαμψιθιος,1,1,DIOSC_DMM,Dioscorides
μελαν,μέλαν,μελαν,8,8,AET_LM;DIOSC_DMM;GAL_ALIM;GAL_SMT;ORIB_CM;PAUL_AEG,Aetius;Dioscorides;Galen;Oribasius;Paul
μελαν,μέλαν,μελαν,1,1,PAUL_AEG,Paul
μελαν ινδικον,μέλαν ἰνδικόν,μελαν ινδικον,1,1,PAUL_AEG,Paul
μελαν πεπερι,μέλαν πέπερι,μελαν πεπερι,4,4,AET_LM;GAL_SMT,Aetius;Galen
μελαν πρασιον,μέλαν πράσιον,μελαν πρασιον,1,1,PAUL_AEG,Paul
μελαν τευτλον,μέλαν τεῦτλον,μελαν τευτλον,1,1,GAL_SMT,Galen
μελανθινον,μελάνθινον,μελανθινον,1,1,GAL_SMT,Galen
μελανθιον,Μελάνθιον,μελανθιον,1,1,ORIB_CM,Oribasius
μελανθιον,μελάνθιον,μελανθιον,8,8,AET_LM;DIOSC_DMM;GAL_SMT;PAUL_AEG,Aetius;Dioscorides;Galen;Paul
μελανθιον,μελανθίον,μελανθιον,2,2,DIOSC_DMM,Dioscorides
μελανθιον,μελάνθιον,μελανθιον,1,1,ORIB_CM,Oribasius
μελαντηρια,μελαντηρία,μελαντηρια,8,8,AET_LM;DIOSC_DMM;GAL_SMT;ORIB_CM;PAUL_AEG,Aetius;Dioscorides;Galen;Oribasius;Paul
μελας,μέλας,μελας,5,5,AET_LM;ORIB_CM;PAUL_AEG,Aetius;Oribasius;Paul
μελας ελλεβορος,μέλας ἐλλέβορος,μελας ελλεβορος,2,2,DIOSC_DMM,Dioscorides
μελας ελλεβορος,μέλας ἑλλέβορος,μελας ελλεβορος,1,1,DIOSC_DMM,Dioscorides
μελας ερεβινθος,μέλας ἐρέβινθος,μελας ερεβινθος,1,1,AET_LM,Aetius
μελας θυμος,μέλας θύμος,μελας θυμος,1,1,AET_LM,Aetius
μελας κισσος,μέλας κισσός,μελας κισσος,1,1,DIOSC_DMM,Dioscorides
μελας χαμαιλεων,μέλας χαμαιλέων,μελας χαμαιλεων,1,1,DIOSC_DMM,Dioscorides
μελι,μέλι,μελι,289,289,AET_LM;DIOSC_DMM;GAL_ALIM;GAL_SMT;ORIB_CM;PAUL_AEG,Aetius;Dioscorides;Galen;Oribasius;Paul
μελι,μέλι,μελι,12,12,AET_LM;GAL_SMT;PAUL_AEG,Aetius;Galen;Paul
μελι απηφρισμενον,μέλι ἀπηφρισμένον,μελι απηφρισμενον,1,1,AET_LM,Aetius
μελι αττικον,μέλι ἀττικόν,μελι αττικον,1,1,AET_LM,Aetius
μελι αττικον,μέλι Ἀττικόν,μελι αττικον,4,4,AET_LM;DIOSC_DMM;GAL_SMT,Aetius;Dioscorides;Galen
μελι εφθον,μέλι ἑφθόν,μελι εφθον,3,3,DIOSC_DMM,Dioscorides
μελι καλλιστον απηφρισμενον,μέλι καλλίστον ἀπηφρισμένον,μελι καλλιστον απηφρισμενον,1,1,DIOSC_DMM,Dioscorides
μελι πικρον,μέλι πικρόν,μελι πικρον,2,2,GAL_SMT;PAUL_AEG,Galen;Paul
μελι σαρδονιας,μέλι Σαρδονίας,μελι σαρδονιας,1,1,DIOSC_DMM,Dioscorides
μελι στοματικον,μέλι στοματικόν,μελι στοματικον,1,1,GAL_SMT,Galen
μελια,μελία,μελια,2,2,DIOSC_DMM,Dioscorides
μελια,μελία,μελια,1,1,PAUL_AEG,Paul
μελικηρις,μελικηρίς,μελικηρις,1,1,DIOSC_DMM,Dioscorides
μελικρατον,μελίκρατον,μελικρατον,20,20,AET_LM;DIOSC_DMM;GAL_SMT,Aetius;Dioscorides;Galen
μελικρατον,μελικράτον,μελικρατον,2,2,DIOSC_DMM,Dioscorides
μελικρατον,μελίκρατον,μελικρατον,2,2,PAUL_AEG,Paul
μελιλωτον,μελίλωτον,μελιλωτον,2,2,AET_LM;ORIB_CM,Aetius;Oribasius
μελιλωτον,μελίλωτον,μελιλωτον,1,1,PAUL_AEG,Paul
μελιλωτος,μελίλωτος,μελιλωτος,11,11,AET_LM;DIOSC_DMM;GAL_SMT,Aetius;Dioscorides;Galen
μελινη,μελίνη,μελινη,4,4,AET_LM;DIOSC_DMM;GAL_SMT;ORIB_CM,Aetius;Dioscorides;Galen;Oribasius
μελινη,μελίνη,μελινη,1,1,PAUL_AEG,Paul
μελισσοφυλλον,μελισσόφυλλον,μελισσοφυλλον,6,6,AET_LM;DIOSC_DMM;GAL_SMT;ORIB_CM;PAUL_AEG,Aetius;Dioscorides;Galen;Oribasius;Paul
μελιτιτης,μελιτίτης,μελιτιτης,8,8,AET_LM;DIOSC_DMM;GAL_SMT;ORIB_CM,Aetius;Dioscorides;Galen;Oribasius
μελιτιτης,μελιτιτης,μελιτιτης,1,1,PAUL_AEG,Paul
μελιτιτης οινος,μελιτίτης οἶνος,μελιτιτης οινος,1,1,DIOSC_DMM,Dioscorides
μελιτταινα,μελίτταινα,μελιτταινα,1,1,DIOSC_DMM,Dioscorides
μελιτταινη,μελιτταίνη,μελιτταινη,1,1,DIOSC_DMM,Dioscorides
μεμαικυλον,μεμαίκυλον,μεμαικυλον,2,2,DIOSC_DMM;ORIB_CM,Dioscorides;Oribasius
μεμαικυλον,μεμαίκυλον,μεμαικυλον,1,1,PAUL_AEG,Paul
μεμαικυλος,μεμαίκυλος,μεμαικυλος,1,1,PAUL_AEG,Paul
μεμηκυλον,μεμήκυλον,μεμηκυλον,1,1,AET_LM,Aetius
μεμφιτης,Μεμφίτης,μεμφιτης,1,1,GAL_SMT,Galen
μεροξος,μεροξος,μεροξος,1,1,PAUL_AEG,Paul
μεσπιλον,μέσπιλον,μεσπιλον,11,11,AET_LM;DIOSC_DMM;GAL_SMT;PAUL_AEG,Aetius;Dioscorides;Galen;Paul
μεσπιλον,μεσπίλον,μεσπιλον,1,1,ORIB_CM,Oribasius
μεσπιλον,μέσπιλον,μεσπιλον,2,2,AET_LM;GAL_SMT,Aetius;Galen
μεταλλευομενος,μεταλλευόμενος,μεταλλευομενος,1,1,PAUL_AEG,Paul
μεταλλευτη χρυσοκολλα,μεταλλευτὴ χρυσοκόλλα,μεταλλευτη χρυσοκολλα,1,1,GAL_SMT,Galen
μεταλλικον φαρμακον,μεταλλικόν φάρμακον,μεταλλικον φαρμακον,1,1,GAL_SMT,Galen
μεταλλικον φαρμακον,μεταλλικὸν φάρμακον,μεταλλικον φαρμακον,2,2,GAL_SMT,Galen
μεταλλικος,μεταλλικός,μεταλλικος,1,1,AET_LM,Aetius
μεταλλον,μέταλλον,μεταλλον,6,6,AET_LM;DIOSC_DMM;GAL_SMT,Aetius;Dioscorides;Galen
μετωπιον,μετώπιον,μετωπιον,2,2,DIOSC_DMM,Dioscorides
μετωπον,μέτωπον,μετωπον,2,2,DIOSC_DMM,Dioscorides
μηδικη,Μηδική,μηδικη,1,1,DIOSC_DMM,Dioscorides
μηδικη,μηδική,μηδικη,2,2,DIOSC_DMM,Dioscorides
μηδικος,Μηδικός,μηδικος,1,1,DIOSC_DMM,Dioscorides
μηδιον,Μήδιον,μηδιον,2,2,ORIB_CM;PAUL_AEG,Oribasius;Paul
μηδιον,μήδιον,μηδιον,1,1,DIOSC_DMM,Dioscorides
μηδιον,μηδίον,μηδιον,1,1,GAL_SMT,Galen
μηδιου καρπον,μηδίου καρπὸν,μηδιου καρπον,1,1,GAL_SMT,Galen
μηδιου ριζα,Μηδίου ῥίζα,μηδιου ριζα,1,1,ORIB_CM,Oribasius
μηδιου σπερμα,Μηδίου σπέρμα,μηδιου σπερμα,1,1,ORIB_CM,Oribasius
μηδιου την ριζαν,μηδίου τὴν ῥίζαν,μηδιου την ριζαν,1,1,GAL_SMT,Galen
μηκων,μήκων,μηκων,42,42,AET_LM;DIOSC_DMM;GAL_SMT;ORIB_CM;PAUL_AEG,Aetius;Dioscorides;Galen;Oribasius;Paul
μηκων,μήκων,μηκων,2,2,AET_LM;PAUL_AEG,Aetius;Paul
μηκων αγρια,μήκων ἀγρία,μηκων αγρια,3,3,AET_LM;DIOSC_DMM,Aetius;Dioscorides
μηκων αγρια,μήκων ἄγρια,μηκων αγρια,1,1,DIOSC_DMM,Dioscorides
μηκων αγριος,μήκων ἄγριος,μηκων αγριος,1,1,GAL_SMT,Galen
μηκων αφρωδης,μήκων ἀφρώδης,μηκων αφρωδης,3,3,DIOSC_DMM;GAL_SMT,Dioscorides;Galen
μηκων αφρωδης,μήκων ἀφρώδης,μηκων αφρωδης,1,1,PAUL_AEG,Paul
μηκων ημερος,μήκων ἥμερος,μηκων ημερος,2,2,DIOSC_DMM;GAL_SMT,Dioscorides;Galen
μηκων ηρακλεια,μήκων ἡράκλεια,μηκων ηρακλεια,1,1,GAL_SMT,Galen
μηκων θηβαια,μήκων θηβαία,μηκων θηβαια,1,1,AET_LM,Aetius
μηκων κερατιτις,μήκων κερατίτις,μηκων κερατιτις,1,1,DIOSC_DMM,Dioscorides
μηκων κερατιτις,μήκων κερατῖτις,μηκων κερατιτις,3,3,AET_LM;DIOSC_DMM;ORIB_CM,Aetius;Dioscorides;Oribasius
μηκων κερατιτις,μήκων κερατῖτις,μηκων κερατιτις,1,1,GAL_SMT,Galen
μηκων κηπευομενη,μήκων κηπευομένη,μηκων κηπευομενη,1,1,AET_LM,Aetius
μηκων λευκη,μήκων λευκή,μηκων λευκη,1,1,DIOSC_DMM,Dioscorides
μηκων ροιας,μήκων ῥοιάς,μηκων ροιας,4,4,AET_LM;DIOSC_DMM;GAL_SMT,Aetius;Dioscorides;Galen
μηκωνειον,μηκώνειον,μηκωνειον,1,1,AET_LM,Aetius
μηκωνιον,μηκώνιον,μηκωνιον,8,8,DIOSC_DMM,Dioscorides
μηκωνος αγριας φυλλοις,μήκωνος ἀγρίας φύλλοις,μηκωνος αγριας φυλλοις,1,1,DIOSC_DMM,Dioscorides
μηκωνος οπον,μήκωνος ὀπὸν,μηκωνος οπον,1,1,AET_LM,Aetius
μηκωνος σπερματι,μήκωνος σπέρματι,μηκωνος σπερματι,1,1,DIOSC_DMM,Dioscorides
μηλα,μῆλα,μηλα,3,3,AET_LM;GAL_SMT;ORIB_CM,Aetius;Galen;Oribasius
μηλανθεμον,μηλάνθεμον,μηλανθεμον,1,1,DIOSC_DMM,Dioscorides
μηλεα,μηλέα,μηλεα,17,17,AET_LM;DIOSC_DMM;GAL_SMT;ORIB_CM;PAUL_AEG,Aetius;Dioscorides;Galen;Oribasius;Paul
μηλεα,μηλέα,μηλεα,3,3,AET_LM;PAUL_AEG,Aetius;Paul
μηλεα αρμενιακη,μηλέα ἀρμενιακή,μηλεα αρμενιακη,2,2,AET_LM;ORIB_CM,Aetius;Oribasius
μηλεα αρμενιακη,μηλέα ἀρμενιακή,μηλεα αρμενιακη,1,1,PAUL_AEG,Paul
μηλεα αρμενικη,μηλέα Ἀρμενική,μηλεα αρμενικη,1,1,GAL_SMT,Galen
μηλεα κυδωνια,μηλέα κυδωνία,μηλεα κυδωνια,1,1,DIOSC_DMM,Dioscorides
μηλεα μηδικη,μηλέα Μηδική,μηλεα μηδικη,1,1,GAL_SMT,Galen
μηλεα μηδικη,μηλέα μηδική,μηλεα μηδικη,2,2,AET_LM;ORIB_CM,Aetius;Oribasius
μηλεα περσικη,μηλέα Περσική,μηλεα περσικη,2,2,GAL_SMT;ORIB_CM,Galen;Oribasius
μηλεα περσικη,μηλέα περσική,μηλεα περσικη,2,2,AET_LM;PAUL_AEG,Aetius;Paul
μηλεας αρμενιακης ο καρπος,Μηλέας Ἀρμενιακῆς ὁ καρπός,μηλεας αρμενιακης ο καρπος,1,1,PAUL_AEG,Paul
μηλεας οι βλαστοι,μηλέας οἱ βλαστοὶ,μηλεας οι βλαστοι,1,1,DIOSC_DMM,Dioscorides
μηλεας τα ανθη,μηλέας τὰ ἄνθη,μηλεας τα ανθη,1,1,DIOSC_DMM,Dioscorides
μηλεας τα φυλλα,μηλέας τὰ φύλλα,μηλεας τα φυλλα,1,1,DIOSC_DMM,Dioscorides
μηλια,Μηλία,μηλια,1,1,DIOSC_DMM,Dioscorides
μηλινον,μηλῖνον,μηλινον,2,2,AET_LM;GAL_SMT,Aetius;Galen
μηλινον ελαιον,μήλινον ἔλαιον,μηλινον ελαιον,1,1,AET_LM,Aetius
μηλινος,μήλινος,μηλινος,2,2,DIOSC_DMM;GAL_SMT,Dioscorides;Galen
μηλον,μῆλον,μηλον,26,26,AET_LM;DIOSC_DMM;GAL_ALIM;GAL_SMT;ORIB_CM;PAUL_AEG,Aetius;Dioscorides;Galen;Oribasius;Paul
μηλον αρμενιακον,μῆλον Ἀρμενιακόν,μηλον αρμενιακον,1,1,GAL_ALIM,Galen
μηλον κυδωνιον,μῆλον κυδώνιον,μηλον κυδωνιον,10,10,AET_LM;DIOSC_DMM;GAL_ALIM;GAL_SMT,Aetius;Dioscorides;Galen
μηλον μηδικον,μῆλον Μηδικόν,μηλον μηδικον,1,1,GAL_SMT,Galen
μηλον μηδικον,μῆλον Μηδικόν,μηλον μηδικον,1,1,PAUL_AEG,Paul
μηλον περσικον,μῆλον περσικόν,μηλον περσικον,1,1,GAL_ALIM,Galen
μηλοπεπων,μηλοπέπων,μηλοπεπων,2,2,GAL_ALIM,Galen
μηλωθρον,μήλωθρον,μηλωθρον,1,1,DIOSC_DMM,Dioscorides
μηλων κυδωνιων σπερμα,μήλων κυδωνίων σπέρμα,μηλων κυδωνιων σπερμα,1,1,DIOSC_DMM,Dioscorides
μημεκυλον,μημέκυλον,μημεκυλον,1,1,GAL_SMT,Galen
μηον,Μῆον,μηον,1,1,ORIB_CM,Oribasius
μηον,μήον,μηον,1,1,PAUL_AEG,Paul
μηον,μῆον,μηον,3,3,AET_LM;DIOSC_DMM;GAL_SMT,Aetius;Dioscorides;Galen
μηον αθαμαντικον,μῆον Ἀθαμαντικόν,μηον αθαμαντικον,1,1,DIOSC_DMM,Dioscorides
μηου αι ριζαι,Μήου αἱ ῥίζαι,μηου αι ριζαι,2,2,ORIB_CM;PAUL_AEG,Oribasius;Paul
μηου αι ριζαι,μήου αἱ ῥίζαι,μηου αι ριζαι,1,1,AET_LM,Aetius
μικρον χελιδονιον,μικρὸν χελιδόνιον,μικρον χελιδονιον,1,1,AET_LM,Aetius
μικρος θυννος,μικρὸς θύννος,μικρος θυννος,1,1,AET_LM,Aetius
μικροτερον χελιδονιον,μικρότερον χελιδόνιον,μικροτερον χελιδονιον,1,1,GAL_SMT,Galen
μιλαξ,μίλαξ,μιλαξ,3,3,DIOSC_DMM;ORIB_CM,Dioscorides;Oribasius
μιλαξ,μῖλαξ,μιλαξ,9,9,AET_LM;DIOSC_DMM;GAL_SMT;ORIB_CM;PAUL_AEG,Aetius;Dioscorides;Galen;Oribasius;Paul
μιλαξ κηπαια,μῖλαξ κηπαία,μιλαξ κηπαια,1,1,AET_LM,Aetius
μιλαξ λεια,μῖλαξ λεῖα,μιλαξ λεια,3,3,DIOSC_DMM;GAL_SMT;ORIB_CM,Dioscorides;Galen;Oribasius
μιλαξ λειος,μῖλαξ λεῖος,μιλαξ λειος,1,1,PAUL_AEG,Paul
μιλαξ τραχεια,μίλαξ τραχεῖα,μιλαξ τραχεια,1,1,ORIB_CM,Oribasius
μιλαξ τραχεια,μῖλαξ τραχεῖα,μιλαξ τραχεια,2,2,DIOSC_DMM;GAL_SMT,Dioscorides;Galen
μιλαξ τραχυς,μῖλαξ τραχύς,μιλαξ τραχυς,1,1,PAUL_AEG,Paul
μιλησιον,Μιλήσιον,μιλησιον,1,1,AET_LM,Aetius
μιλησιον,μιλήσιον,μιλησιον,1,1,GAL_SMT,Galen
μιλησιον αλκυονιον,Μιλήσιον Ἀλκυόνιον,μιλησιον αλκυονιον,1,1,PAUL_AEG,Paul
μιλησιος,Μιλήσιος,μιλησιος,1,1,DIOSC_DMM,Dioscorides
μιλτος,μίλτος,μιλτος,6,6,AET_LM;DIOSC_DMM;GAL_SMT;PAUL_AEG,Aetius;Dioscorides;Galen;Paul
μιλτος σινωπικος,μίλτος Σινωπικός,μιλτος σινωπικος,1,1,DIOSC_DMM,Dioscorides
μιλτος τεκτονικος,μίλτος τεκτονικός,μιλτος τεκτονικος,1,1,DIOSC_DMM,Dioscorides
μινθη,μίνθη,μινθη,6,6,AET_LM;DIOSC_DMM;GAL_SMT;ORIB_CM,Aetius;Dioscorides;Galen;Oribasius
μινθη ευωδης,μίνθη εὐώδης,μινθη ευωδης,2,2,AET_LM;ORIB_CM,Aetius;Oribasius
μινιον,μίνιον,μινιον,2,2,DIOSC_DMM,Dioscorides
μινυανθες,μινυανθές,μινυανθες,1,1,DIOSC_DMM,Dioscorides
μινυανθης,μινυανθής,μινυανθης,1,1,GAL_SMT,Galen
μισυ,μίσυ,μισυ,13,13,AET_LM;DIOSC_DMM;GAL_SMT;ORIB_CM;PAUL_AEG,Aetius;Dioscorides;Galen;Oribasius;Paul
μισυ,μίσυ,μισυ,3,3,AET_LM;GAL_SMT;PAUL_AEG,Aetius;Galen;Paul
μισυ κυπριον,μίσυ κύπριον,μισυ κυπριον,1,1,DIOSC_DMM,Dioscorides
μισυι,μίσυι,μισυι,1,1,DIOSC_DMM,Dioscorides
μναια,μναῖα,μναια,1,1,GAL_ALIM,Galen
μολιβδινος,μολίβδινος,μολιβδινος,1,1,PAUL_AEG,Paul
μολιβδος,μόλιβδος,μολιβδος,1,1,DIOSC_DMM,Dioscorides
μολοχη,μολόχη,μολοχη,6,6,DIOSC_DMM,Dioscorides
μολοχη αγρια,μολόχη ἀγρία,μολοχη αγρια,2,2,DIOSC_DMM,Dioscorides
μολοχης σπερματος,μολόχης σπέρματος,μολοχης σπερματος,1,1,DIOSC_DMM,Dioscorides
μολυβδαινα,μολύβδαινα,μολυβδαινα,5,5,AET_LM;DIOSC_DMM;GAL_SMT;ORIB_CM,Aetius;Dioscorides;Galen;Oribasius
μολυβδαινα,μολύβδαινα,μολυβδαινα,1,1,PAUL_AEG,Paul
μολυβδαινη,μολυβδαίνη,μολυβδαινη,3,3,DIOSC_DMM;PAUL_AEG,Dioscorides;Paul
μολυβδιτις αμμος,μολυβδίτις ἄμμος,μολυβδιτις αμμος,1,1,DIOSC_DMM,Dioscorides
μολυβδοειδης λιθος,μολυβδοειδής λίθος,μολυβδοειδης λιθος,1,1,DIOSC_DMM,Dioscorides
μολυβδος,μολύβδος,μολυβδος,1,1,DIOSC_DMM,Dioscorides
μολυβδος,μόλυβδος,μολυβδος,15,15,AET_LM;DIOSC_DMM;GAL_SMT;ORIB_CM;PAUL_AEG,Aetius;Dioscorides;Galen;Oribasius;Paul
μολυβδος,μόλυβδος,μολυβδος,2,2,GAL_SMT;PAUL_AEG,Galen;Paul
μολυβδος κεκαυμενος,μόλυβδος κεκαυμένος,μολυβδος κεκαυμενος,1,1,GAL_SMT,Galen
μολυβδου ελασματα,μολύβδου ἐλάσματα,μολυβδου ελασματα,1,1,DIOSC_DMM,Dioscorides
μολυβων ελασματων,μολυβῶν ἐλασμάτων,μολυβων ελασματων,1,1,DIOSC_DMM,Dioscorides
μορεα,μορέα,μορεα,5,5,AET_LM;DIOSC_DMM;GAL_SMT;PAUL_AEG,Aetius;Dioscorides;Galen;Paul
μορεας,μορέας,μορεας,1,1,ORIB_CM,Oribasius
μορεας βλαστους,μορέας βλαστοὺς,μορεας βλαστους,1,1,GAL_SMT,Galen
μορεας καρπος,Μορέας καρπὸς,μορεας καρπος,1,1,ORIB_CM,Oribasius
μορεας καρπος,μορέας καρπὸς,μορεας καρπος,1,1,GAL_SMT,Galen
μορεας ο καρπος,Μορέας ὁ καρπὸς,μορεας ο καρπος,1,1,PAUL_AEG,Paul
μορεας ριζης,μορέας ῥίζης,μορεας ριζης,1,1,GAL_SMT,Galen
μορεας φλοιω της ριζης,μορέας φλοιῷ τῆς ῥίζης,μορεας φλοιω της ριζης,1,1,GAL_SMT,Galen
μορεας φυλλα,μορέας φύλλα,μορεας φυλλα,1,1,GAL_SMT,Galen
μορια της τεφρας,μόρια τῆς τέφρας,μορια της τεφρας,1,1,ORIB_CM,Oribasius
μορον,μόρον,μορον,7,7,AET_LM;GAL_ALIM;GAL_SMT,Aetius;Galen
μορον,μῶρον,μωρον,1,1,GAL_ALIM,Galen
μορον αωρον,μόρον ἄωρον,μορον αωρον,1,1,GAL_SMT,Galen
μοροξος,μόροξος,μοροξος,2,2,AET_LM;GAL_SMT,Aetius;Galen
μορος,μόρος,μορος,1,1,ORIB_CM,Oribasius
μοσχειον στεαρ,μόσχειον στέαρ,μοσχειον στεαρ,1,1,ORIB_CM,Oribasius
μοσχειον στεαρ,μόσχειον στέαρ,μοσχειον στεαρ,1,1,GAL_SMT,Galen
μοσχειος,μόσχειος,μοσχειος,2,2,DIOSC_DMM;GAL_SMT,Dioscorides;Galen
μοσχειος μυελος,μοσχεῖος μυελός,μοσχειος μυελος,1,1,GAL_SMT,Galen
μοσχος,μόσχος,μοσχος,4,4,AET_LM;DIOSC_DMM,Aetius;Dioscorides
μοσχου,μόσχου,μοσχου,1,1,DIOSC_DMM,Dioscorides
μοτα,μότα,μοτα,1,1,DIOSC_DMM,Dioscorides
μυαγρον,μύαγρον,μυαγρον,2,2,DIOSC_DMM;ORIB_CM,Dioscorides;Oribasius
μυαγρος,μυάγρος,μυαγρος,1,1,GAL_SMT,Galen
μυαγρου σπερμα,μυάγρου σπέρμα,μυαγρου σπερμα,1,1,GAL_SMT,Galen
μυαγρου το σπερμα,Μυάγρου τὸ σπέρμα,μυαγρου το σπερμα,1,1,PAUL_AEG,Paul
μυακανθος,μυάκανθος,μυακανθος,2,2,DIOSC_DMM,Dioscorides
μυαξ,μύαξ,μυαξ,2,2,DIOSC_DMM;PAUL_AEG,Dioscorides;Paul
μυαξ ποντικος,μύαξ Ποντικός,μυαξ ποντικος,1,1,DIOSC_DMM,Dioscorides
μυαρον,μύαρον,μυαρον,1,1,PAUL_AEG,Paul
μυγαλη,μυγάλη,μυγαλη,3,3,DIOSC_DMM;GAL_SMT,Dioscorides;Galen
μυελος,μυελός,μυελος,10,10,AET_LM;DIOSC_DMM;GAL_SMT;ORIB_CM;PAUL_AEG,Aetius;Dioscorides;Galen;Oribasius;Paul
μυελος αιγειος,μυελός αἴγειος,μυελος αιγειος,1,1,DIOSC_DMM,Dioscorides
μυελος ελαφειος,μυελός ἐλάφειος,μυελος ελαφειος,1,1,DIOSC_DMM,Dioscorides
μυελος ελαφος,μυελὸς ἔλαφος,μυελος ελαφος,1,1,AET_LM,Aetius
μυελος ελαφου,μυελὸς ἐλάφου,μυελος ελαφου,1,1,PAUL_AEG,Paul
μυελος μοσχειος,μυελός μόσχειος,μυελος μοσχειος,1,1,DIOSC_DMM,Dioscorides
μυελος μοσχος,μυελὸς μόσχος,μυελος μοσχος,1,1,AET_LM,Aetius
μυελος μοσχου,μυελὸς μόσχου,μυελος μοσχου,1,1,PAUL_AEG,Paul
μυελος νωτιαιος,μυελὸς νωτιαῖος,μυελος νωτιαιος,2,2,GAL_SMT;ORIB_CM,Galen;Oribasius
μυελος οστεων,μυελὸς ὀστέων,μυελος οστεων,1,1,ORIB_CM,Oribasius
μυελος προβατειος,μυελός προβάτειος,μυελος προβατειος,1,1,DIOSC_DMM,Dioscorides
μυελος ταυρειος,μυελός ταύρειος,μυελος ταυρειος,1,1,DIOSC_DMM,Dioscorides
μυελος ταυρος και τραγος,μυελὸς ταῦρος καὶ τράγος,μυελος ταυρος και τραγος,1,1,AET_LM,Aetius
μυελος ταυρου και τραγου,μυελὸς ταύρου καὶ τράγου,μυελος ταυρου και τραγου,1,1,PAUL_AEG,Paul
μυκης,μύκης,μυκης,18,18,AET_LM;DIOSC_DMM;GAL_ALIM;GAL_SMT;ORIB_CM;PAUL_AEG,Aetius;Dioscorides;Galen;Oribasius;Paul
μυκης,μύκης,μυκης,1,1,PAUL_AEG,Paul
μυκης εδωδιμος,μύκης ἐδώδιμος,μυκης εδωδιμος,1,1,DIOSC_DMM,Dioscorides
μυκων,μύκων,μυκων,1,1,DIOSC_DMM,Dioscorides
μυκων μελαινα,μύκων μέλαινα,μυκων μελαινα,1,1,DIOSC_DMM,Dioscorides
μυλη,μύλη,μυλη,2,2,GAL_SMT;ORIB_CM,Galen;Oribasius
μυλην,μύλην,μυλην,1,1,AET_LM,Aetius
μυλης ριζα,Μύλης ῥίζα,μυλης ριζα,1,1,ORIB_CM,Oribasius
μυλης ριζα,μύλης ῥίζα,μυλης ριζα,1,1,GAL_SMT,Galen
μυλιτης,μυλιτης,μυλιτης,1,1,PAUL_AEG,Paul
μυλλος,μύλλος,μυλλος,1,1,GAL_ALIM,Galen
μυξα,μύξα,μυξα,1,1,GAL_SMT,Galen
μυξα,μύξα,μυξα,1,1,PAUL_AEG,Paul
μυξα δενδρου,μύξα δένδρου,μυξα δενδρου,1,1,PAUL_AEG,Paul
μυξα κοχλιου,μύξα κοχλίου,μυξα κοχλιου,1,1,GAL_SMT,Galen
μυξαν κοχλιου,μύξαν κοχλίου,μυξαν κοχλιου,1,1,AET_LM,Aetius
μυογαλη,μυογαλῆ,μυογαλη,1,1,DIOSC_DMM,Dioscorides
μυοκτονον,μυοκτόνον,μυοκτονον,1,1,DIOSC_DMM,Dioscorides
μυος ωτα,Μυὸς ὦτα,μυος ωτα,2,2,ORIB_CM;PAUL_AEG,Oribasius;Paul
μυος ωτα,μυὸς ὦτα,μυος ωτα,6,6,AET_LM;DIOSC_DMM;GAL_SMT;ORIB_CM;PAUL_AEG,Aetius;Dioscorides;Galen;Oribasius;Paul
μυος ωτις,μυὸς ὠτίς,μυος ωτις,1,1,DIOSC_DMM,Dioscorides
μυοσωτις,μυοσωτίς,μυοσωτις,1,1,AET_LM,Aetius
μυρικη,μυρίκη,μυρικη,10,10,AET_LM;DIOSC_DMM;GAL_SMT;ORIB_CM,Aetius;Dioscorides;Galen;Oribasius
μυρικη,μυρίκη,μυρικη,2,2,ORIB_CM;PAUL_AEG,Oribasius;Paul
μυρικη αγρια,μυρίκη ἀγρία,μυρικη αγρια,1,1,DIOSC_DMM,Dioscorides
μυρικη ημερος,μυρίκη ἥμερος,μυρικη ημερος,1,1,DIOSC_DMM,Dioscorides
μυρικης καρπου,μυρίκης καρποῦ,μυρικης καρπου,1,1,DIOSC_DMM,Dioscorides
μυρικης καρπου,μυρίκης καρποῦ,μυρικης καρπου,1,1,AET_LM,Aetius
μυρικης καρπω,μυρίκης καρπῷ,μυρικης καρπω,1,1,DIOSC_DMM,Dioscorides
μυριοφυλλον,Μυριόφυλλον,μυριοφυλλον,1,1,ORIB_CM,Oribasius
μυριοφυλλον,μυριόφυλλον,μυριοφυλλον,2,2,DIOSC_DMM;PAUL_AEG,Dioscorides;Paul
μυριοφυλλον,μυριόφυλλον,μυριοφυλλον,1,1,GAL_SMT,Galen
μυροβαλανινον ελαιον,μυροβαλάνινον ἔλαιον,μυροβαλανινον ελαιον,1,1,AET_LM,Aetius
μυροβαλανον,μυροβάλανον,μυροβαλανον,1,1,AET_LM,Aetius
μυροβαλανον,μυροβαλάνον,μυροβαλανον,1,1,AET_LM,Aetius
μυροβαλανος,μυροβάλανος,μυροβαλανος,1,1,DIOSC_DMM,Dioscorides
μυροβαλανος,μυροβάλανος,μυροβαλανος,1,1,AET_LM,Aetius
μυρον,μύρον,μυρον,7,7,AET_LM;DIOSC_DMM;GAL_SMT,Aetius;Dioscorides;Galen
μυρρα,μύρρα,μυρρα,2,2,DIOSC_DMM;GAL_SMT,Dioscorides;Galen
μυρρα,μύρρα,μυρρα,1,1,PAUL_AEG,Paul
μυρρινη,μυρρίνη,μυρρινη,5,5,AET_LM;DIOSC_DMM;GAL_SMT;ORIB_CM;PAUL_AEG,Aetius;Dioscorides;Galen;Oribasius;Paul
μυρρις,μυρρίς,μυρρις,2,2,DIOSC_DMM;ORIB_CM,Dioscorides;Oribasius
μυρρις,μυρρίς,μυρρις,1,1,PAUL_AEG,Paul
μυρρις,μύρρις,μυρρις,1,1,GAL_SMT,Galen
μυρσινη,μυρσίνη,μυρσινη,18,18,AET_LM;DIOSC_DMM,Aetius;Dioscorides
μυρσινη,μύρσινη,μυρσινη,2,2,AET_LM,Aetius
μυρσινη αγρια,μυρσίνη ἀγρία,μυρσινη αγρια,2,2,DIOSC_DMM,Dioscorides
μυρσινη ημερος,μυρσίνη ἥμερος,μυρσινη ημερος,1,1,DIOSC_DMM,Dioscorides
μυρσινη λευκη,μυρσίνη λευκή,μυρσινη λευκη,1,1,DIOSC_DMM,Dioscorides
μυρσινη μελαινα,μυρσίνη μέλαινα,μυρσινη μελαινα,2,2,DIOSC_DMM,Dioscorides
μυρσινη ορεινη,μυρσίνη ὀρεινή,μυρσινη ορεινη,1,1,DIOSC_DMM,Dioscorides
μυρσινης κλαδον,μυρσίνης κλάδον,μυρσινης κλαδον,1,1,DIOSC_DMM,Dioscorides
μυρσινης πεταλων,μυρσίνης πετάλων,μυρσινης πεταλων,1,1,DIOSC_DMM,Dioscorides
μυρσινης τα φυλλα,μυρσίνης τὰ φύλλα,μυρσινης τα φυλλα,1,1,DIOSC_DMM,Dioscorides
μυρσινης φυλλων,μυρσίνης φύλλων,μυρσινης φυλλων,1,1,AET_LM,Aetius
μυρσινινον,μυρσινῖνον,μυρσινινον,1,1,DIOSC_DMM,Dioscorides
μυρσινινον ελαιον,μυρσινῖνον ἔλαιον,μυρσινινον ελαιον,1,1,DIOSC_DMM,Dioscorides
μυρσινιτης,μυρσινίτης,μυρσινιτης,3,3,DIOSC_DMM;GAL_SMT;ORIB_CM,Dioscorides;Galen;Oribasius
μυρσινιτης,μυρσινίτης,μυρσινιτης,1,1,PAUL_AEG,Paul
μυρσινοειδες,μυρσινοειδές,μυρσινοειδες,1,1,GAL_SMT,Galen
μυρσινοειδης,μυρσινοειδής,μυρσινοειδης,1,1,DIOSC_DMM,Dioscorides
μυρσινοειδης,μυρσινοειδής,μυρσινοειδης,1,1,PAUL_AEG,Paul
μυρσινον,μύρσινον,μυρσινον,1,1,GAL_SMT,Galen
μυρσινον,μύρσινον,μυρσινον,1,1,ORIB_CM,Oribasius
μυρσινον ελαιον,μύρσινον ἔλαιον,μυρσινον ελαιον,1,1,AET_LM,Aetius
μυρσινος,μύρσινος,μυρσινος,1,1,GAL_SMT,Galen
μυρσινος ελαιον,μυρσῖνος ἔλαιον,μυρσινος ελαιον,1,1,AET_LM,Aetius
μυρτακανθος,μυρτάκανθος,μυρτακανθος,1,1,DIOSC_DMM,Dioscorides
μυρτας,μυρτάς,μυρτας,1,1,GAL_SMT,Galen
μυρτιδανον,μυρτίδανον,μυρτιδανον,1,1,DIOSC_DMM,Dioscorides
μυρτις,μυρτίς,μυρτις,2,2,ORIB_CM;PAUL_AEG,Oribasius;Paul
μυρτον,μύρτον,μυρτον,1,1,GAL_SMT,Galen
μυρτοπεταλον,μυρτοπέταλον,μυρτοπεταλον,1,1,DIOSC_DMM,Dioscorides
μυρτος,μύρτος,μυρτος,12,12,AET_LM;DIOSC_DMM;GAL_SMT;PAUL_AEG,Aetius;Dioscorides;Galen;Paul
μυρτος,μύρτος,μυρτος,1,1,GAL_SMT,Galen
μυρτος μελαινα,μύρτος μέλαινα,μυρτος μελαινα,1,1,DIOSC_DMM,Dioscorides
μυς,μῦς,μυς,5,5,DIOSC_DMM;GAL_SMT;ORIB_CM;PAUL_AEG,Dioscorides;Galen;Oribasius;Paul
μυς κατοικιδιος,μῦς κατοικίδιος,μυς κατοικιδιος,1,1,DIOSC_DMM,Dioscorides
μυς ους,μῦς οὖς,μυς ους,1,1,GAL_SMT,Galen
μυς ωτις,μῦς ὠτίς,μυς ωτις,1,1,GAL_SMT,Galen
μωλυ,μῶλυ,μωλυ,7,7,AET_LM;DIOSC_DMM;GAL_SMT;ORIB_CM;PAUL_AEG,Aetius;Dioscorides;Galen;Oribasius;Paul
μωριον,μώριον,μωριον,1,1,DIOSC_DMM,Dioscorides
νακαφθον,νάκαφθον,νακαφθον,1,1,PAUL_AEG,Paul
ναξια ακονη,Ναξία ἀκόνη,ναξια ακονη,3,3,AET_LM;GAL_SMT;ORIB_CM,Aetius;Galen;Oribasius
ναοκαφθον,ναόκαφθον,ναοκαφθον,1,1,PAUL_AEG,Paul
ναπος,νᾶπος,ναπος,1,1,AET_LM,Aetius
ναπυ,νάπυ,ναπυ,4,4,AET_LM;DIOSC_DMM;ORIB_CM,Aetius;Dioscorides;Oribasius
ναπυ,νᾶπυ,ναπυ,9,9,AET_LM;DIOSC_DMM;GAL_SMT;PAUL_AEG,Aetius;Dioscorides;Galen;Paul
ναπυ υγρον,νάπυ ὑγρόν,ναπυ υγρον,1,1,DIOSC_DMM,Dioscorides
ναπυς,νάπυς,ναπυς,5,5,AET_LM;GAL_ALIM;GAL_SMT,Aetius;Galen
ναρδος,Νάρδος,ναρδος,1,1,ORIB_CM,Oribasius
ναρδος,νάρδος,ναρδος,38,38,AET_LM;DIOSC_DMM;GAL_SMT;ORIB_CM,Aetius;Dioscorides;Galen;Oribasius
ναρδος,νάρδος,ναρδος,6,6,GAL_SMT;ORIB_CM;PAUL_AEG,Galen;Oribasius;Paul
ναρδος αγρια,νάρδος ἀγρία,ναρδος αγρια,2,2,DIOSC_DMM,Dioscorides
ναρδος γαγγιτις,νάρδος Γαγγῖτις,ναρδος γαγγιτις,1,1,DIOSC_DMM,Dioscorides
ναρδος ινδικη,νάρδος Ἰνδική,ναρδος ινδικη,2,2,DIOSC_DMM,Dioscorides
ναρδος κελτικη,νάρδος Κελτική,ναρδος κελτικη,7,7,AET_LM;DIOSC_DMM;GAL_SMT,Aetius;Dioscorides;Galen
ναρδος κελτικη,νάρδος κελτική,ναρδος κελτικη,4,4,AET_LM;ORIB_CM,Aetius;Oribasius
ναρδος κελτικη,νάρδος κελτική,ναρδος κελτικη,1,1,PAUL_AEG,Paul
ναρδος κυζικηνη,νάρδος Κυζικηνή,ναρδος κυζικηνη,1,1,AET_LM,Aetius
ναρδος λιτη,νάρδος λιτή,ναρδος λιτη,1,1,DIOSC_DMM,Dioscorides
ναρδος ορεια,νάρδος ὀρεῖα,ναρδος ορεια,1,1,PAUL_AEG,Paul
ναρδος ορεινη,νάρδος ὀρεινή,ναρδος ορεινη,2,2,DIOSC_DMM;ORIB_CM,Dioscorides;Oribasius
ναρδος ορειος,νάρδος ὄρειος,ναρδος ορειος,1,1,GAL_SMT,Galen
ναρδος σαμφαριτικη,νάρδος Σαμφαριτική,ναρδος σαμφαριτικη,1,1,DIOSC_DMM,Dioscorides
ναρδος σταχυς,νάρδος στάχυς,ναρδος σταχυς,1,1,AET_LM,Aetius
ναρδος συριακη,νάρδος Συριακή,ναρδος συριακη,3,3,DIOSC_DMM,Dioscorides
ναρδοσταχυς,ναρδόσταχυς,ναρδοσταχυς,4,4,AET_LM;DIOSC_DMM,Aetius;Dioscorides
ναρδοσταχυς,ναρδόσταχυς,ναρδοσταχυς,1,1,PAUL_AEG,Paul
ναρδου σταχους,νάρδου στάχους,ναρδου σταχους,1,1,AET_LM,Aetius
ναρδου σταχυ,νάρδου στάχυ,ναρδου σταχυ,1,1,AET_LM,Aetius
ναρδου σταχυι,νάρδου στάχυι,ναρδου σταχυι,1,1,PAUL_AEG,Paul
ναρδου σταχυος,νάρδου στάχυος,ναρδου σταχυος,1,1,DIOSC_DMM,Dioscorides
ναρδου σταχυος,νάρδου στάχυος,ναρδου σταχυος,1,1,AET_LM,Aetius
ναρδου σταχυς,Νάρδου στάχυς,ναρδου σταχυς,1,1,ORIB_CM,Oribasius
ναρδου σταχυς,νάρδου στάχυς,ναρδου σταχυς,1,1,GAL_SMT,Galen
ναρδου σταχυϊ,νάρδου στάχυϊ,ναρδου σταχυι,2,2,GAL_SMT;ORIB_CM,Galen;Oribasius
ναρδου φυλλον,νάρδου φύλλον,ναρδου φυλλον,1,1,AET_LM,Aetius
ναρθηκος,νάρθηκος,ναρθηκος,1,1,DIOSC_DMM,Dioscorides
ναρθηκος,νάρθηκος,ναρθηκος,1,1,PAUL_AEG,Paul
ναρθηκωδες φυτον,ναρθηκῶδες φυτόν,ναρθηκωδες φυτον,1,1,AET_LM,Aetius
ναρθηξ,νάρθηξ,ναρθηξ,13,13,AET_LM;DIOSC_DMM;GAL_SMT;ORIB_CM;PAUL_AEG,Aetius;Dioscorides;Galen;Oribasius;Paul
ναρθηξ χλωρος,νάρθηξ χλωρός,ναρθηξ χλωρος,1,1,DIOSC_DMM,Dioscorides
ναρκαφθον,νάρκαφθον,ναρκαφθον,1,1,DIOSC_DMM,Dioscorides
ναρκη,νάρκη,ναρκη,5,5,AET_LM;DIOSC_DMM;GAL_SMT,Aetius;Dioscorides;Galen
ναρκη,νάρκη,ναρκη,1,1,PAUL_AEG,Paul
ναρκη θαλασσια,νάρκη θαλασσία,ναρκη θαλασσια,1,1,DIOSC_DMM,Dioscorides
ναρκη θαλασσια,νάρκη θαλασσία,ναρκη θαλασσια,1,1,PAUL_AEG,Paul
ναρκισσος,Νάρκισσος,ναρκισσος,2,2,ORIB_CM;PAUL_AEG,Oribasius;Paul
ναρκισσος,νάρκισσος,ναρκισσος,6,6,AET_LM;DIOSC_DMM;GAL_SMT,Aetius;Dioscorides;Galen
ναρκισσου ανθος,ναρκίσσου ἄνθος,ναρκισσου ανθος,1,1,DIOSC_DMM,Dioscorides
ναρκισσου η ριζα,Ναρκίσσου ἡ ῥίζα,ναρκισσου η ριζα,1,1,PAUL_AEG,Paul
ναρκισσου ριζα,Ναρκίσσου ῥίζα,ναρκισσου ριζα,1,1,ORIB_CM,Oribasius
ναρκισσου ριζα,ναρκίσσου ῥίζα,ναρκισσου ριζα,1,1,GAL_SMT,Galen
νασκαφθον,νάσκαφθον,νασκαφθον,1,1,DIOSC_DMM,Dioscorides
ναστος,ναστός,ναστος,1,1,DIOSC_DMM,Dioscorides
ναυτιλος ηλος,ναύτιλος ἧλος,ναυτιλος ηλος,1,1,DIOSC_DMM,Dioscorides
ναφθα,νάφθα,ναφθα,1,1,DIOSC_DMM,Dioscorides
νεα κριθη,νέα κριθή,νεα κριθη,1,1,GAL_ALIM,Galen
νεαλες,νεαλές,νεαλες,1,1,GAL_ALIM,Galen
νεαρος ιχθυς,νεαρός ἰχθύς,νεαρος ιχθυς,1,1,DIOSC_DMM,Dioscorides
νεαρος ιχθυς,νεαρὸς ἰχθύς,νεαρος ιχθυς,1,1,PAUL_AEG,Paul
νεκταριον,νεκτάριον,νεκταριον,2,2,DIOSC_DMM,Dioscorides
νεον ελαιον,νέον ἔλαιον,νεον ελαιον,1,1,DIOSC_DMM,Dioscorides
νεος τυρος,νέος τυρός,νεος τυρος,1,1,AET_LM,Aetius
νεοσσος,νεοσσός,νεοσσος,1,1,DIOSC_DMM,Dioscorides
νεοττος,νεοττός,νεοττος,1,1,DIOSC_DMM,Dioscorides
νεπετα,νεπέτα,νεπετα,1,1,DIOSC_DMM,Dioscorides
νευρα,νευρά,νευρα,1,1,ORIB_CM,Oribasius
νευραδα,νευράδα,νευραδα,1,1,DIOSC_DMM,Dioscorides
νευρας,νευράς,νευρας,2,2,GAL_SMT;PAUL_AEG,Galen;Paul
νευροειδες,νευροειδές,νευροειδες,1,1,DIOSC_DMM,Dioscorides
νεφρους,νεφροὺς,νεφρους,1,1,DIOSC_DMM,Dioscorides
νηρειαδιον,νηρειάδιον,νηρειαδιον,1,1,DIOSC_DMM,Dioscorides
νηρειον,νήρειον,νηρειον,1,1,DIOSC_DMM,Dioscorides
νηριον,νήριον,νηριον,6,6,AET_LM;DIOSC_DMM;GAL_SMT;ORIB_CM;PAUL_AEG,Aetius;Dioscorides;Galen;Oribasius;Paul
νησσα,νῆσσα,νησσα,1,1,AET_LM,Aetius
νηττης αιμα,νήττης αἷμα,νηττης αιμα,1,1,PAUL_AEG,Paul
νιτρον,νίτρον,νιτρον,47,47,AET_LM;DIOSC_DMM;GAL_SMT;PAUL_AEG,Aetius;Dioscorides;Galen;Paul
νιτρον ακαυστον,νίτρον ἄκαυστον,νιτρον ακαυστον,1,1,GAL_SMT,Galen
νιτρον κεκαυμενον,νίτρον κεκαυμένον,νιτρον κεκαυμενον,1,1,GAL_SMT,Galen
νιτρου αφρος,νίτρου ἀφρὸς,νιτρου αφρος,1,1,GAL_SMT,Galen
νιτρου αφρος,νίτρου ἀφρός,νιτρου αφρος,1,1,AET_LM,Aetius
νιτρωδης,νιτρώδης,νιτρωδης,1,1,PAUL_AEG,Paul
νοσσαξ,νόσσαξ,νοσσαξ,1,1,DIOSC_DMM,Dioscorides
νοσωδες γαλα,νοσῶδες γάλα,νοσωδες γαλα,1,1,GAL_SMT,Galen
νυκτεριδων αιμα,νυκτερίδων αἷμα,νυκτεριδων αιμα,1,1,AET_LM,Aetius
νυμφαια,νυμφαία,νυμφαια,4,4,AET_LM;DIOSC_DMM;GAL_SMT;ORIB_CM,Aetius;Dioscorides;Galen;Oribasius
νυμφαια,νυμφαία,νυμφαια,1,1,PAUL_AEG,Paul
νυμφαια πτερις,νυμφαία πτέρις,νυμφαια πτερις,1,1,DIOSC_DMM,Dioscorides
νυμφαια πτερις,νυμφαία πτερίς,νυμφαια πτερις,1,1,PAUL_AEG,Paul
νυμφαιας ριζα,Νυμφαίας ῥίζα,νυμφαιας ριζα,1,1,ORIB_CM,Oribasius
νυμφαιας το σπερμα,Νυμφαίας τὸ σπέρμα,νυμφαιας το σπερμα,1,1,ORIB_CM,Oribasius
ξανθη χολη,ξανθὴ χολή,ξανθη χολη,2,2,GAL_ALIM;PAUL_AEG,Galen;Paul
ξανθιον,Ξάνθιον,ξανθιον,1,1,ORIB_CM,Oribasius
ξανθιον,ξάνθιον,ξανθιον,2,2,AET_LM;DIOSC_DMM,Aetius;Dioscorides
ξανθιον,ξανθίον,ξανθιον,1,1,GAL_SMT,Galen
ξανθιον,ξάνθιον,ξανθιον,1,1,PAUL_AEG,Paul
ξανθιου καρπος,Ξανθίου καρπὸς,ξανθιου καρπος,1,1,ORIB_CM,Oribasius
ξανθοκαρυον,ξανθοκάρυον,ξανθοκαρυον,1,1,AET_LM,Aetius
ξανθος,ξανθός,ξανθος,2,2,AET_LM;ORIB_CM,Aetius;Oribasius
ξηρα ναρδος,ξηρὰ νάρδος,ξηρα ναρδος,1,1,DIOSC_DMM,Dioscorides
ξηρα πισσα,ξηρὰ πίσσα,ξηρα πισσα,2,2,AET_LM;DIOSC_DMM,Aetius;Dioscorides
ξηρα πιττα,ξηρὰ πίττα,ξηρα πιττα,1,1,GAL_SMT,Galen
ξηρα πιτυινη,ξηρὰ πιτυίνη,ξηρα πιτυινη,1,1,AET_LM,Aetius
ξηρα φυλλα του βηχιου,ξηρὰ φύλλα τοῦ βηχίου,ξηρα φυλλα του βηχιου,1,1,GAL_SMT,Galen
ξηροκαρυοφυλλον,ξηροκαρυόφυλλον,ξηροκαρυοφυλλον,1,1,AET_LM,Aetius
ξηρον συκον,ξηρὸν σῦκον,ξηρον συκον,3,3,AET_LM;GAL_SMT;PAUL_AEG,Aetius;Galen;Paul
ξιρις,ξιρίς,ξιρις,3,3,DIOSC_DMM;ORIB_CM;PAUL_AEG,Dioscorides;Oribasius;Paul
ξιφιον,ξίφιον,ξιφιον,3,3,AET_LM;GAL_SMT;PAUL_AEG,Aetius;Galen;Paul
ξιφιον,ξιφίον,ξιφιον,4,4,DIOSC_DMM;ORIB_CM,Dioscorides;Oribasius
ξιφιου η ριζα,Ξιφίου ἡ ῥίζα,ξιφιου η ριζα,1,1,PAUL_AEG,Paul
ξιφιου η ριζα,ξιφίου ἡ ῥίζα,ξιφιου η ριζα,2,2,AET_LM;GAL_SMT,Aetius;Galen
ξιφιου ριζα,Ξιφίου ῥίζα,ξιφιου ριζα,1,1,ORIB_CM,Oribasius
ξλοιος,ξλοιὸς,ξλοιος,1,1,DIOSC_DMM,Dioscorides
ξυλαλοη,ξυλάλοη,ξυλαλοη,1,1,AET_LM,Aetius
ξυλαρια ασπαλαθου,ξυλάρια ἀσπαλάθου,ξυλαρια ασπαλαθου,1,1,AET_LM,Aetius
ξυλοβαλσαμον,ξυλοβάλσαμον,ξυλοβαλσαμον,11,11,AET_LM;DIOSC_DMM,Aetius;Dioscorides
ξυλοβαλσαμον,ξυλοβάλσαμον,ξυλοβαλσαμον,1,1,DIOSC_DMM,Dioscorides
ξυλοκαρυοφυλλον,ξυλοκαρυόφυλλον,ξυλοκαρυοφυλλον,1,1,AET_LM,Aetius
ξυλοκασια,ξυλοκασία,ξυλοκασια,3,3,AET_LM,Aetius
ξυλοκιναμωμον,ξυλοκινάμωμον,ξυλοκιναμωμον,1,1,DIOSC_DMM,Dioscorides
ξυλοκολλα,ξυλοκόλλα,ξυλοκολλα,1,1,PAUL_AEG,Paul
ξυλοκολλα,ξυλόκολλα,ξυλοκολλα,1,1,DIOSC_DMM,Dioscorides
ξυλολωτον,ξυλόλωτον,ξυλολωτον,1,1,DIOSC_DMM,Dioscorides
ξυλον,ξύλον,ξυλον,21,21,AET_LM;DIOSC_DMM;GAL_SMT;ORIB_CM;PAUL_AEG,Aetius;Dioscorides;Galen;Oribasius;Paul
ξυλον,ξύλον,ξυλον,5,5,AET_LM;GAL_SMT;ORIB_CM;PAUL_AEG,Aetius;Galen;Oribasius;Paul
ξυλον αραβικον,ξύλον ἀραβικόν,ξυλον αραβικον,1,1,PAUL_AEG,Paul
ξυλον δρυϊνον,ξύλον δρυΐνον,ξυλον δρυινον,1,1,GAL_SMT,Galen
ξυλοπεταλον,ξυλοπέταλον,ξυλοπεταλον,1,1,DIOSC_DMM,Dioscorides
ξυλου,ξύλου,ξυλου,2,2,DIOSC_DMM,Dioscorides
ξυλου,ξύλου,ξυλου,1,1,PAUL_AEG,Paul
ξυλωδες κιναμωμον,ξυλῶδες κινάμωμον,ξυλωδες κιναμωμον,1,1,DIOSC_DMM,Dioscorides
ξυλων,ξύλων,ξυλων,3,3,DIOSC_DMM,Dioscorides
ξυλων αυτου,ξύλων αὐτοῦ,ξυλων αυτου,1,1,AET_LM,Aetius
ξυρις,ξυρίς,ξυρις,3,3,DIOSC_DMM;GAL_SMT;PAUL_AEG,Dioscorides;Galen;Paul
ξυσμα,ξύσμα,ξυσμα,2,2,DIOSC_DMM,Dioscorides
ο δε καρπος,ὁ δὲ καρπὸς,ο δε καρπος,1,1,GAL_SMT,Galen
ο δε της ραχεως,ὁ δὲ τῆς ῥάχεως,ο δε της ραχεως,1,1,PAUL_AEG,Paul
ο δε φλοιος,ὁ δὲ φλοιὸς,ο δε φλοιος,1,1,PAUL_AEG,Paul
ο δε φλοιος της ριζης,ὁ δὲ φλοιὸς τῆς ῥίζης,ο δε φλοιος της ριζης,1,1,DIOSC_DMM,Dioscorides
ο δε φλοιος της ριζης,ὁ δὲ φλοιὸς τῆς ῥίζης,ο δε φλοιος της ριζης,1,1,GAL_SMT,Galen
ο δε φλοιος της ριζης του δενδρου,ὁ δὲ φλοιὸς τῆς ῥίζης τοῦ δένδρου,ο δε φλοιος της ριζης του δενδρου,1,1,AET_LM,Aetius
ο καρπος,ὁ καρπός,ο καρπος,4,4,DIOSC_DMM;GAL_SMT;PAUL_AEG,Dioscorides;Galen;Paul
ο καρπος,ὁ καρπὸς,ο καρπος,8,8,AET_LM;GAL_SMT;PAUL_AEG,Aetius;Galen;Paul
ο καρπος,ὁ καρπός,ο καρπος,2,2,PAUL_AEG,Paul
ο καρπος (μαλαχης),ὁ καρπὸς (Μαλάχης),ο καρπος (μαλαχης),1,1,PAUL_AEG,Paul
ο καρπος αυτης,ὁ καρπὸς αὐτῆς,ο καρπος αυτης,6,6,DIOSC_DMM;GAL_SMT;PAUL_AEG,Dioscorides;Galen;Paul
ο καρπος αυτου,ὁ καρπὸς αὐτοῦ,ο καρπος αυτου,1,1,PAUL_AEG,Paul
ο καρπος δε της ολοσχοινου,ὁ καρπὸς δὲ τῆς ὁλοσχοίνου,ο καρπος δε της ολοσχοινου,1,1,GAL_SMT,Galen
ο καρπος εστι της θυμελαιας,ὁ καρπός ἐστι τῆς θυμελαίας,ο καρπος εστι της θυμελαιας,1,1,PAUL_AEG,Paul
ο καρπος πιστακιων,ὁ καρπὸς Πιστακίων,ο καρπος πιστακιων,1,1,PAUL_AEG,Paul
ο καρπος της δρυος,ὁ καρπὸς τῆς δρυός,ο καρπος της δρυος,1,1,GAL_SMT,Galen
ο καρπος της κρανιας,ὁ καρπὸς τῆς κρανίας,ο καρπος της κρανιας,1,1,PAUL_AEG,Paul
ο καρπος της ολοσχοινου,ὁ καρπὸς τῆς ὁλοσχοίνου,ο καρπος της ολοσχοινου,1,1,AET_LM,Aetius
ο καρπος των πιτυων,ὁ καρπὸς τῶν πιτύων,ο καρπος των πιτυων,1,1,AET_LM,Aetius
ο καυλος,ὁ καυλὸς,ο καυλος,1,1,DIOSC_DMM,Dioscorides
ο κοκκος αυτου του κικους,ὁ κόκκος αὐτοῦ τοῦ κίκους,ο κοκκος αυτου του κικους,1,1,GAL_SMT,Galen
ο μεν απο των κωλων,ὁ μὲν ἀπὸ τῶν κώλων,ο μεν απο των κωλων,1,1,PAUL_AEG,Paul
ο μεταξυ της σαρκος και του λεπους φλοιος,ὁ μεταξὺ τῆς σαρκὸς καὶ τοῦ λέπους φλοιός,ο μεταξυ της σαρκος και του λεπους φλοιος,1,1,DIOSC_DMM,Dioscorides
ο οπος,ὁ ὀπός,ο οπος,1,1,GAL_SMT,Galen
ο οπος αυτης,ὁ ὀπὸς αὐτῆς,ο οπος αυτης,1,1,PAUL_AEG,Paul
ο περικειμενος φλοιος,ὁ περικείμενος φλοιὸς,ο περικειμενος φλοιος,1,1,DIOSC_DMM,Dioscorides
ο της ριζης φλοιος,ὁ τῆς ῥίζης φλοιός,ο της ριζης φλοιος,1,1,PAUL_AEG,Paul
ο της ρου καρπος,ὁ τῆς ῥοῦ καρπός,ο της ρου καρπος,1,1,AET_LM,Aetius
ο φλοιος,ὁ φλοιὸς,ο φλοιος,2,2,PAUL_AEG,Paul
ο φλοιος αυτης,ὁ φλοιὸς αὐτῆς,ο φλοιος αυτης,1,1,PAUL_AEG,Paul
ο φλοιος αυτου,ὁ φλοιὸς αὐτοῦ,ο φλοιος αυτου,1,1,PAUL_AEG,Paul
ο φλοιος της ριζης,ὁ φλοιὸς τῆς ῥίζης,ο φλοιος της ριζης,2,2,DIOSC_DMM;PAUL_AEG,Dioscorides;Paul
ο φλοιος της ριζης,ὁ φλοιὸς τῆς ῥίζης,ο φλοιος της ριζης,2,2,AET_LM;PAUL_AEG,Aetius;Paul
ο χυλος,ὁ χυλὸς,ο χυλος,3,3,PAUL_AEG,Paul
οα,ὄα,οα,2,2,GAL_SMT;PAUL_AEG,Galen;Paul
οδοντων,ὀδόντων,οδοντων,1,1,PAUL_AEG,Paul
οη,ὄη,οη,3,3,GAL_SMT;ORIB_CM;PAUL_AEG,Galen;Oribasius;Paul
οθνια,ὀθνία,οθνια,1,1,GAL_SMT,Galen
οθοννα,ὀθόννα,οθοννα,3,3,DIOSC_DMM;PAUL_AEG,Dioscorides;Paul
οι ακρεμονες,οἱ ἀκρεμόνες,οι ακρεμονες,1,1,PAUL_AEG,Paul
οι ακρεμονες,οἱ ἀκρεμόνες,οι ακρεμονες,1,1,AET_LM,Aetius
οι δε κλωνες,οἱ δὲ κλῶνες,οι δε κλωνες,1,1,PAUL_AEG,Paul
οι μηροι του βοος,οἱ μηροὶ τοῦ βοὸς,οι μηροι του βοος,1,1,PAUL_AEG,Paul
οινανθη,οἰνάνθη,οινανθη,4,4,DIOSC_DMM;PAUL_AEG,Dioscorides;Paul
οινανθην,οἰνάνθην,οινανθην,1,1,DIOSC_DMM,Dioscorides
οινανθην αμπελου,οἰνάνθην ἀμπέλου,οινανθην αμπελου,1,1,AET_LM,Aetius
οινοκηκις,οἰνοκηκίς,οινοκηκις,1,1,GAL_SMT,Galen
οινομελι,οἰνόμελι,οινομελι,2,2,DIOSC_DMM,Dioscorides
οινομελι,οἰνόμελι,οινομελι,1,1,PAUL_AEG,Paul
οινος,οἶνος,οινος,504,503,AET_LM;DIOSC_DMM;GAL_ALIM;GAL_SMT;ORIB_CM;PAUL_AEG,Aetius;Dioscorides;Galen;Oribasius;Paul
οινος ακρατος,οἶνος ἄκρατος,οινος ακρατος,3,3,AET_LM,Aetius
οινος αμινναιος,οἶνος Ἀμινναῖος,οινος αμινναιος,1,1,DIOSC_DMM,Dioscorides
οινος αρωματιτης,οἶνος ἀρωματίτης,οινος αρωματιτης,1,1,DIOSC_DMM,Dioscorides
οινος αυστηρος,οἶνος αὐστηρός,οινος αυστηρος,17,17,AET_LM;DIOSC_DMM;GAL_SMT;PAUL_AEG,Aetius;Dioscorides;Galen;Paul
οινος αυστηρος οξυβαφος,οἶνος αὐστηρὸς ὀξυβάφος,οινος αυστηρος οξυβαφος,1,1,AET_LM,Aetius
οινος αυστηρος παλαιος,οἶνος αὐστηρός παλαιός,οινος αυστηρος παλαιος,1,1,DIOSC_DMM,Dioscorides
οινος γλυκυς,οἶνος γλυκύς,οινος γλυκυς,10,10,AET_LM;DIOSC_DMM;GAL_ALIM;GAL_SMT,Aetius;Dioscorides;Galen
οινος ευωδης,οἶνος εὐώδης,οινος ευωδης,7,7,AET_LM;DIOSC_DMM;GAL_SMT,Aetius;Dioscorides;Galen
οινος ευωδης στερεος,οἶνος εὐώδης στερεός,οινος ευωδης στερεος,1,1,AET_LM,Aetius
οινος θερμος ακρατος,οἶνος θερμός ἄκρατος,οινος θερμος ακρατος,1,1,AET_LM,Aetius
οινος καθαρτικος,οἶνος καθαρτικός,οινος καθαρτικος,1,1,DIOSC_DMM,Dioscorides
οινος καλαμινθιτης,οἶνος καλαμινθίτης,οινος καλαμινθιτης,1,1,DIOSC_DMM,Dioscorides
οινος κεκραμενος,οἶνος κεκραμένος,οινος κεκραμενος,2,2,DIOSC_DMM,Dioscorides
οινος κιρρος,οἶνος κιρρός,οινος κιρρος,1,1,AET_LM,Aetius
οινος κονυζιτης,οἶνος κονυζίτης,οινος κονυζιτης,1,1,DIOSC_DMM,Dioscorides
οινος λεπτος,οἶνος λεπτός,οινος λεπτος,5,5,AET_LM;GAL_SMT;PAUL_AEG,Aetius;Galen;Paul
οινος λεσβιος,οἶνος Λέσβιος,οινος λεσβιος,1,1,DIOSC_DMM,Dioscorides
οινος λευκος,οἶνος λευκός,οινος λευκος,15,15,AET_LM;DIOSC_DMM;GAL_SMT;PAUL_AEG,Aetius;Dioscorides;Galen;Paul
οινος λευκος και λεπτος,οἶνος λευκός καὶ λεπτός,οινος λευκος και λεπτος,1,1,AET_LM,Aetius
οινος λευκος και λεπτος,οἶνος λευκὸς καὶ λεπτός,οινος λευκος και λεπτος,1,1,ORIB_CM,Oribasius
οινος λευκος παλαιος,οἶνος λευκός παλαιός,οινος λευκος παλαιος,1,1,AET_LM,Aetius
οινος μελας,οἶνος μέλας,οινος μελας,1,1,DIOSC_DMM,Dioscorides
οινος μελας αυστηρος,οἶνος μέλας αὐστηρός,οινος μελας αυστηρος,6,6,AET_LM;DIOSC_DMM;GAL_SMT,Aetius;Dioscorides;Galen
οινος οριγανιτης,οἶνος ὀριγανίτης,οινος οριγανιτης,1,1,DIOSC_DMM,Dioscorides
οινος παλαιος,οἶνος παλαιός,οινος παλαιος,9,9,AET_LM;DIOSC_DMM;GAL_SMT,Aetius;Dioscorides;Galen
οινος παλαιος γλυκυς,οἶνος παλαιός γλυκύς,οινος παλαιος γλυκυς,1,1,DIOSC_DMM,Dioscorides
οινος παλαιος ευωδης,οἶνος παλαιός εὐώδης,οινος παλαιος ευωδης,1,1,AET_LM,Aetius
οινος παλαιος ευωδης,οἶνος παλαιὸς εὐώδης,οινος παλαιος ευωδης,3,3,DIOSC_DMM,Dioscorides
οινος παλαιος ιταλικος,οἶνος παλαιὸς Ἰταλικός,οινος παλαιος ιταλικος,1,1,DIOSC_DMM,Dioscorides
οινος τεθαλασσωμενος,οἶνος τεθαλασσωμένος,οινος τεθαλασσωμενος,1,1,DIOSC_DMM,Dioscorides
οινος φοινικιτης,οἶνος φοινικίτης,οινος φοινικιτης,1,1,DIOSC_DMM,Dioscorides
οινος χιος,οἶνος Χῖος,οινος χιος,3,3,DIOSC_DMM,Dioscorides
οινος χιος αθαλασσιος,οἶνος Χῖος ἀθαλάσσιος,οινος χιος αθαλασσιος,1,1,DIOSC_DMM,Dioscorides
οινωδης,οἰνώδης,οινωδης,1,1,DIOSC_DMM,Dioscorides
οισυπηρων εριων λιπος,οἰσυπηρῶν ἐρίων λίπος,οισυπηρων εριων λιπος,1,1,DIOSC_DMM,Dioscorides
οισυπον,οἴσυπον,οισυπον,1,1,ORIB_CM,Oribasius
οισυπος,οἴσυπος,οισυπος,5,5,DIOSC_DMM;GAL_SMT;PAUL_AEG,Dioscorides;Galen;Paul
οισυπος,οἶσυπος,οισυπος,1,1,DIOSC_DMM,Dioscorides
ολεσαθρον,ὀλέσαθρον,ολεσαθρον,1,1,DIOSC_DMM,Dioscorides
ολκος,ὁλκός,ολκος,1,1,DIOSC_DMM,Dioscorides
ολοκυρον,ὁλόκυρον,ολοκυρον,1,1,DIOSC_DMM,Dioscorides
ολον θαμνιον,ὅλον θαμνίον,ολον θαμνιον,1,1,PAUL_AEG,Paul
ολον το φυτον,ὅλον τὸ φυτόν,ολον το φυτον,1,1,PAUL_AEG,Paul
ολοστεον,ὁλόστεον,ολοστεον,1,1,DIOSC_DMM,Dioscorides
ολοστιον,ὀλόστιον,ολοστιον,2,2,GAL_SMT;ORIB_CM,Galen;Oribasius
ολοστιον,ὀλόστιον,ολοστιον,1,1,PAUL_AEG,Paul
ολοσχοινος,ὁλοσχοῖνος,ολοσχοινος,2,2,DIOSC_DMM;PAUL_AEG,Dioscorides;Paul
ολοσχοινος,ὁλόσχοινος,ολοσχοινος,3,3,AET_LM;GAL_SMT;ORIB_CM,Aetius;Galen;Oribasius
ολοσχοινος,ὁλόσχοινος,ολοσχοινος,2,2,DIOSC_DMM;PAUL_AEG,Dioscorides;Paul
ολυνθος,ὄλυνθος,ολυνθος,10,10,DIOSC_DMM;GAL_SMT;ORIB_CM;PAUL_AEG,Dioscorides;Galen;Oribasius;Paul
ολυνθος λειος,ὄλυνθος λεῖος,ολυνθος λειος,1,1,DIOSC_DMM,Dioscorides
ολυρα,ὀλύρα,ολυρα,1,1,GAL_SMT,Galen
ολυρα,ὄλυρα,ολυρα,1,1,DIOSC_DMM,Dioscorides
ομβριον υδωρ,ὄμβριον ὕδωρ,ομβριον υδωρ,4,4,AET_LM;DIOSC_DMM,Aetius;Dioscorides
ομβριος,ὄμβριος,ομβριος,1,1,PAUL_AEG,Paul
ομβριος υδωρ,ὄμβριος ὕδωρ,ομβριος υδωρ,1,1,AET_LM,Aetius
ομφακινον,ὀμφάκινον,ομφακινον,3,3,AET_LM;GAL_SMT;ORIB_CM,Aetius;Galen;Oribasius
ομφακινον ελαιον,ὀμφάκινον ἔλαιον,ομφακινον ελαιον,4,4,DIOSC_DMM,Dioscorides
ομφακινον ελαιον,ὀμφακῖνον ἔλαιον,ομφακινον ελαιον,4,4,AET_LM;DIOSC_DMM,Aetius;Dioscorides
ομφακινος,ὀμφακῖνος,ομφακινος,1,1,AET_LM,Aetius
ομφακιον,ὀμφάκιον,ομφακιον,4,4,AET_LM;DIOSC_DMM;GAL_SMT,Aetius;Dioscorides;Galen
ομφακιον,ὀμφακίον,ομφακιον,1,1,DIOSC_DMM,Dioscorides
ομφακιον,ὀμφακίον,ομφακιον,1,1,GAL_SMT,Galen
ομφακιτης,ὀμφακίτης,ομφακιτης,1,1,DIOSC_DMM,Dioscorides
ομφακιτις,ὀμφακῖτις,ομφακιτις,2,2,DIOSC_DMM;PAUL_AEG,Dioscorides;Paul
ομφακοκαρπον,ὀμφακόκαρπον,ομφακοκαρπον,1,1,PAUL_AEG,Paul
ομφακοκαρπος,ὀμφακόκαρπος,ομφακοκαρπος,1,1,GAL_SMT,Galen
ομφαλοκαρπον,ὀμφαλόκαρπον,ομφαλοκαρπον,1,1,DIOSC_DMM,Dioscorides
ομφαξ,ὄμφαξ,ομφαξ,9,9,AET_LM;DIOSC_DMM;GAL_SMT;ORIB_CM;PAUL_AEG,Aetius;Dioscorides;Galen;Oribasius;Paul
ομφαξ μηπω περκαζουσα,ὄμφαξ μήπω περκαζοῦσα,ομφαξ μηπω περκαζουσα,1,1,DIOSC_DMM,Dioscorides
ομφαξ σταφυλη,ὄμφαξ σταφυλή,ομφαξ σταφυλη,1,1,PAUL_AEG,Paul
ομφατιτης λιθος,ὀμφατίτης λίθος,ομφατιτης λιθος,1,1,GAL_SMT,Galen
ομφοκινον,ὀμφοκῖνον,ομφοκινον,1,1,DIOSC_DMM,Dioscorides
οναγρα,ὀνάγρα,οναγρα,1,1,DIOSC_DMM,Dioscorides
οναγρα,ὄναγρα,οναγρα,1,1,PAUL_AEG,Paul
οναγρος,ὄναγρος,οναγρος,2,2,GAL_SMT;ORIB_CM,Galen;Oribasius
ονειον γαλα,ὄνειον γάλα,ονειον γαλα,2,2,AET_LM;GAL_SMT,Aetius;Galen
ονειος,ὄνειος,ονειος,3,3,AET_LM;DIOSC_DMM;PAUL_AEG,Aetius;Dioscorides;Paul
ονισκος,ὀνίσκος,ονισκος,3,3,AET_LM;GAL_SMT,Aetius;Galen
ονισκος θαλαττιος,ὀνίσκος θαλάττιος,ονισκος θαλαττιος,1,1,AET_LM,Aetius
ονιτις,ὀνίτις,ονιτις,1,1,GAL_SMT,Galen
ονιτις,ὀνῖτις,ονιτις,1,1,DIOSC_DMM,Dioscorides
ονοβρυχις,ὀνοβρυχίς,ονοβρυχις,3,3,GAL_SMT;ORIB_CM;PAUL_AEG,Galen;Oribasius;Paul
ονοθηρα,ὀνοθήρα,ονοθηρα,3,3,DIOSC_DMM;ORIB_CM;PAUL_AEG,Dioscorides;Oribasius;Paul
ονοθηρα,ὀνόθηρα,ονοθηρα,1,1,GAL_SMT,Galen
ονοθουρις,ὀνοθουρίς,ονοθουρις,2,2,GAL_SMT;ORIB_CM,Galen;Oribasius
ονοθουρις,ὀνοθοῦρις,ονοθουρις,1,1,PAUL_AEG,Paul
ονοκλεια,ὀνοκλεία,ονοκλεια,2,2,AET_LM;DIOSC_DMM,Aetius;Dioscorides
ονοκλεια,ὀνόκλεια,ονοκλεια,2,2,GAL_SMT;ORIB_CM,Galen;Oribasius
ονοκλεια,ὀνόκλεια,ονοκλεια,1,1,PAUL_AEG,Paul
ονομα,ὄνομα,ονομα,1,1,PAUL_AEG,Paul
ονομις,ὀνομίς,ονομις,1,1,PAUL_AEG,Paul
ονος,ὄνος,ονος,7,7,AET_LM;DIOSC_DMM;PAUL_AEG,Aetius;Dioscorides;Paul
ονος υπο τας υδριας,ὄνος ὑπὸ τὰς ὑδρίας,ονος υπο τας υδριας,1,1,DIOSC_DMM,Dioscorides
ονοσμα,ὄνοσμα,ονοσμα,3,3,DIOSC_DMM;GAL_SMT;ORIB_CM,Dioscorides;Galen;Oribasius
ονουρις,ὀνοῦρις,ονουρις,1,1,DIOSC_DMM,Dioscorides
ονοχειλες,ὀνοχειλές,ονοχειλες,1,1,DIOSC_DMM,Dioscorides
ονοχειλον,ὀνοχεῖλον,ονοχειλον,1,1,AET_LM,Aetius
ονοχειλος,ὀνοχεῖλος,ονοχειλος,1,1,ORIB_CM,Oribasius
ονοχειλος,ὀνόχειλος,ονοχειλος,1,1,GAL_SMT,Galen
ονοχειλος,ὀνόχειλος,ονοχειλος,1,1,PAUL_AEG,Paul
ονυξ,ὄνυξ,ονυξ,5,5,AET_LM;DIOSC_DMM;GAL_SMT;PAUL_AEG,Aetius;Dioscorides;Galen;Paul
ονυξ αρωματικος μεγας,ὄνυξ ἀρωματικός μέγας,ονυξ αρωματικος μεγας,1,1,AET_LM,Aetius
ονυχα,ὄνυχα,ονυχα,1,1,DIOSC_DMM,Dioscorides
ονυχας αιγων,ὄνυχας αἰγῶν,ονυχας αιγων,2,2,AET_LM;GAL_SMT,Aetius;Galen
ονυχας ονων,ὄνυχας ὄνων,ονυχας ονων,1,1,AET_LM,Aetius
ονυχας υων,ὄνυχας ὑῶν,ονυχας υων,1,1,AET_LM,Aetius
ονυχες ονων,ὄνυχες ὄνων,ονυχες ονων,1,1,DIOSC_DMM,Dioscorides
ονυχιτις,ὀνυχῖτις,ονυχιτις,1,1,DIOSC_DMM,Dioscorides
ονυχος,ὄνυχος,ονυχος,1,1,PAUL_AEG,Paul
ονωνις,ὀνωνίς,ονωνις,4,4,DIOSC_DMM;ORIB_CM;PAUL_AEG,Dioscorides;Oribasius;Paul
ονωνις,ὄνωνις,ονωνις,4,4,DIOSC_DMM;GAL_SMT;PAUL_AEG,Dioscorides;Galen;Paul
οξαλις,ὀξαλίς,οξαλις,1,1,DIOSC_DMM,Dioscorides
οξαλμη,ὀξάλμη,οξαλμη,1,1,DIOSC_DMM,Dioscorides
οξελαιον,ὀξελαῖον,οξελαιον,1,1,DIOSC_DMM,Dioscorides
οξος,ὄξος,οξος,320,320,AET_LM;DIOSC_DMM;GAL_ALIM;GAL_SMT;ORIB_CM;PAUL_AEG,Aetius;Dioscorides;Galen;Oribasius;Paul
οξος δριμυ,ὄξος δριμύ,οξος δριμυ,3,3,AET_LM;GAL_SMT,Aetius;Galen
οξος δριμυς,ὄξος δριμύς,οξος δριμυς,2,2,AET_LM;GAL_SMT,Aetius;Galen
οξος δριμυτατον,ὄξος δριμύτατον,οξος δριμυτατον,1,1,DIOSC_DMM,Dioscorides
οξος λευκον,ὄξος λευκόν,οξος λευκον,1,1,DIOSC_DMM,Dioscorides
οξος λευκον δριμυ,ὄξος λευκὸν δριμύ,οξος λευκον δριμυ,1,1,AET_LM,Aetius
οξυακανθα,ὀξυάκανθα,οξυακανθα,3,3,DIOSC_DMM,Dioscorides
οξυακανθος,ὀξυάκανθος,οξυακανθος,3,3,GAL_SMT;ORIB_CM;PAUL_AEG,Galen;Oribasius;Paul
οξυακανθου καρπος,Ὀξυακάνθου καρπὸς,οξυακανθου καρπος,1,1,ORIB_CM,Oribasius
οξυβαφον,ὀξύβαφον,οξυβαφον,2,2,DIOSC_DMM,Dioscorides
οξυγαλακτινος,ὀξυγαλάκτινος,οξυγαλακτινος,2,2,AET_LM;ORIB_CM,Aetius;Oribasius
οξυγαλακτινος,ὀξυγαλάκτινος,οξυγαλακτινος,1,1,GAL_SMT,Galen
οξυγαλακτινος τυρος,ὀξυγαλάκτινος τυρός,οξυγαλακτινος τυρος,1,1,AET_LM,Aetius
οξυγγιον,ὀξυγγίον,οξυγγιον,1,1,DIOSC_DMM,Dioscorides
οξυγγιον,ὀξύγγιον,οξυγγιον,4,4,DIOSC_DMM,Dioscorides
οξυδρατον,ὀξυδράτον,οξυδρατον,1,1,DIOSC_DMM,Dioscorides
οξυκρατον,ὀξυκράτον,οξυκρατον,1,1,DIOSC_DMM,Dioscorides
οξυκρατον,ὀξύκρατον,οξυκρατον,2,2,PAUL_AEG,Paul
οξυλαπαθον,ὀξυλάπαθον,οξυλαπαθον,4,4,DIOSC_DMM;GAL_SMT;ORIB_CM;PAUL_AEG,Dioscorides;Galen;Oribasius;Paul
οξυλαπαθον,ὀξυλάπαθον,οξυλαπαθον,1,1,AET_LM,Aetius
οξυμελι,ὀξυμέλι,οξυμελι,2,2,DIOSC_DMM;PAUL_AEG,Dioscorides;Paul
οξυμελι,ὀξύμελι,οξυμελι,1,1,DIOSC_DMM,Dioscorides
οξυμυρρινη,ὀξυμυρρίνη,οξυμυρρινη,1,1,DIOSC_DMM,Dioscorides
οξυμυρσινη,ὀξυμυρσίνη,οξυμυρσινη,3,3,DIOSC_DMM,Dioscorides
οξυς,ὀξύς,οξυς,2,2,DIOSC_DMM;PAUL_AEG,Dioscorides;Paul
οξυς χυμος,ὀξύς χυμός,οξυς χυμος,1,1,GAL_SMT,Galen
οξυς χυμος,ὀξὺς χυμός,οξυς χυμος,1,1,ORIB_CM,Oribasius
οξυσχοινος,ὀξυσχοῖνος,οξυσχοινος,2,2,AET_LM;PAUL_AEG,Aetius;Paul
οξυσχοινος,ὀξύσχοινος,οξυσχοινος,4,4,AET_LM;DIOSC_DMM;GAL_SMT;ORIB_CM,Aetius;Dioscorides;Galen;Oribasius
οξυφυλλον,ὀξύφυλλον,οξυφυλλον,2,2,DIOSC_DMM;GAL_SMT,Dioscorides;Galen
οπιον,ὄπιον,οπιον,4,4,DIOSC_DMM;PAUL_AEG,Dioscorides;Paul
οποβαλσαμον,ὀποβάλσαμον,οποβαλσαμον,6,6,AET_LM;GAL_SMT,Aetius;Galen
οποβαλσαμον,ὀποβάλσαμον,οποβαλσαμον,1,1,DIOSC_DMM,Dioscorides
οπον,ὀπὸν,οπον,3,3,DIOSC_DMM;GAL_SMT,Dioscorides;Galen
οπον,ὀπόν,οπον,1,1,PAUL_AEG,Paul
οπον σαγαπηνου,ὀπὸν σαγαπηνοῦ,οπον σαγαπηνου,1,1,GAL_SMT,Galen
οποπαναξ,ὀποπάναξ,οποπαναξ,8,8,AET_LM;DIOSC_DMM;GAL_SMT;ORIB_CM;PAUL_AEG,Aetius;Dioscorides;Galen;Oribasius;Paul
οπος,ὀπός,οπος,44,44,AET_LM;DIOSC_DMM;GAL_ALIM;GAL_SMT;ORIB_CM;PAUL_AEG,Aetius;Dioscorides;Galen;Oribasius;Paul
οπος,ὀπὸς,οπος,10,10,AET_LM;DIOSC_DMM;GAL_SMT;ORIB_CM;PAUL_AEG,Aetius;Dioscorides;Galen;Oribasius;Paul
οπος,ὀπός,οπος,6,6,GAL_SMT;PAUL_AEG,Galen;Paul
οπος κυρηναικος,ὀπός Κυρηναικός,οπος κυρηναικος,1,1,AET_LM,Aetius
οπος κυρηναικος,ὀπὸς κυρηναϊκός,οπος κυρηναικος,1,1,PAUL_AEG,Paul
οπος κυρηναιος,ὀπὸς Κυρηναῖος,οπος κυρηναιος,2,2,GAL_SMT;ORIB_CM,Galen;Oribasius
οπος λευκος,ὀπὸς λευκός,οπος λευκος,1,1,DIOSC_DMM,Dioscorides
οπος μηδικος,ὀπός Μηδικός,οπος μηδικος,1,1,AET_LM,Aetius
οπος μηδικος,ὀπὸς Μηδικός,οπος μηδικος,1,1,GAL_SMT,Galen
οπος μηδικος,ὀπὸς μηδικός,οπος μηδικος,1,1,PAUL_AEG,Paul
οπος ναρθηκος,ὀπός νάρθηκος,οπος ναρθηκος,1,1,DIOSC_DMM,Dioscorides
οπος ναρθηκος,ὀπός νάρθηκός,οπος ναρθηκος,1,1,GAL_SMT,Galen
οπος ναρθηκωδους φυτου,ὀπός ναρθηκώδους φυτοῦ,οπος ναρθηκωδους φυτου,1,1,AET_LM,Aetius
οπος σαγαπηνου,ὀπὸς σαγαπηνοῦ,οπος σαγαπηνου,1,1,GAL_SMT,Galen
οπος συριακος,ὀπός Συριακός,οπος συριακος,1,1,AET_LM,Aetius
οπος συριακος,ὀπὸς Συριακός,οπος συριακος,1,1,GAL_SMT,Galen
οπος συριακος,ὀπὸς συριακός,οπος συριακος,1,1,PAUL_AEG,Paul
οπος του βαλσαμου,ὀπὸς τοῦ βαλσάμου,οπος του βαλσαμου,1,1,DIOSC_DMM,Dioscorides
οπου,ὀποῦ,οπου,1,1,DIOSC_DMM,Dioscorides
οπου σιλφιου,ὀποῦ σιλφίου,οπου σιλφιου,1,1,DIOSC_DMM,Dioscorides
οποφυλλον,ὀπόφυλλον,οποφυλλον,1,1,DIOSC_DMM,Dioscorides
οπτον νιτρον,ὀπτὸν νίτρον,οπτον νιτρον,1,1,DIOSC_DMM,Dioscorides
οπω,ὀπῷ,οπω,3,3,AET_LM;GAL_SMT;PAUL_AEG,Aetius;Galen;Paul
οπωρα,ὀπώρα,οπωρα,1,1,GAL_ALIM,Galen
ορβικλατον,ὀρβικλᾶτον,ορβικλατον,1,1,DIOSC_DMM,Dioscorides
ορεινη δαφνη,ὀρεινὴ δάφνη,ορεινη δαφνη,1,1,DIOSC_DMM,Dioscorides
ορειος,ὄρειος,ορειος,1,1,AET_LM,Aetius
ορεοσελινον,ὀρεοσέλινον,ορεοσελινον,3,3,DIOSC_DMM;GAL_SMT;ORIB_CM,Dioscorides;Galen;Oribasius
ορεοσελινον,ὀρεοσέλινον,ορεοσελινον,1,1,PAUL_AEG,Paul
ορεστιον,Ὀρέστιον,ορεστιον,2,2,DIOSC_DMM,Dioscorides
οριγανον,ὀρίγανον,οριγανον,23,23,AET_LM;DIOSC_DMM;GAL_ALIM;GAL_SMT;PAUL_AEG,Aetius;Dioscorides;Galen;Paul
οριγανον αγριον,ὀρίγανον ἄγριον,οριγανον αγριον,2,2,DIOSC_DMM,Dioscorides
οριγανος,ὀρίγανος,οριγανος,6,6,DIOSC_DMM;GAL_ALIM;GAL_SMT;ORIB_CM,Dioscorides;Galen;Oribasius
οριγανος,ὀρίγανος,οριγανος,1,1,PAUL_AEG,Paul
οριγανος ηρακλεωτικη,ὀρίγανος Ἡρακλεωτική,οριγανος ηρακλεωτικη,3,3,DIOSC_DMM;GAL_SMT,Dioscorides;Galen
οριγανος χλωρος,ὀρίγανος χλωρός,οριγανος χλωρος,1,1,GAL_ALIM,Galen
ορμινον,ὁρμῖνον,ορμινον,1,1,DIOSC_DMM,Dioscorides
ορμινον,ὅρμινον,ορμινον,4,4,DIOSC_DMM;PAUL_AEG,Dioscorides;Paul
ορμινον αγριον,ὁρμῖνον ἄγριον,ορμινον αγριον,1,1,DIOSC_DMM,Dioscorides
ορμινον αγριον,ὅρμινον ἄγριον,ορμινον αγριον,1,1,DIOSC_DMM,Dioscorides
ορμινου σπερματι,ὁρμίνου σπέρματι,ορμινου σπερματι,1,1,DIOSC_DMM,Dioscorides
ορνιθειον στεαρ,ὀρνίθειον στέαρ,ορνιθειον στεαρ,2,2,DIOSC_DMM,Dioscorides
ορνιθειος,ὀρνίθειος,ορνιθειος,1,1,DIOSC_DMM,Dioscorides
ορνιθος γαλα,ὄρνιθος γάλα,ορνιθος γαλα,1,1,DIOSC_DMM,Dioscorides
ορνις,ὄρνις,ορνις,2,2,DIOSC_DMM,Dioscorides
οροβακχη,ὀροβάκχη,οροβακχη,3,3,AET_LM;GAL_SMT;PAUL_AEG,Aetius;Galen;Paul
οροβακχη,Ὀροβάκχη,οροβακχη,1,1,ORIB_CM,Oribasius
οροβηθρον,ὀρόβηθρον,οροβηθρον,1,1,DIOSC_DMM,Dioscorides
οροβια,ὀροβία,οροβια,1,1,GAL_SMT,Galen
οροβιας,ὀροβίας,οροβιας,2,2,DIOSC_DMM;PAUL_AEG,Dioscorides;Paul
οροβινον αλευρον,ὀρόβινον ἄλευρον,οροβινον αλευρον,3,3,DIOSC_DMM;PAUL_AEG,Dioscorides;Paul
οροβινος,ὀρόβινος,οροβινος,1,1,GAL_SMT,Galen
οροβιον,ὀρόβιον,οροβιον,1,1,AET_LM,Aetius
οροβος,ὄροβος,οροβος,15,15,AET_LM;DIOSC_DMM;GAL_ALIM;GAL_SMT;ORIB_CM;PAUL_AEG,Aetius;Dioscorides;Galen;Oribasius;Paul
ορος,ὀρός,ορος,3,3,DIOSC_DMM;GAL_ALIM;ORIB_CM,Dioscorides;Galen;Oribasius
ορος αυτου,ὀρὸς αὐτοῦ,ορος αυτου,1,1,PAUL_AEG,Paul
ορρος,ὀρρός,ορρος,11,11,AET_LM;DIOSC_DMM;GAL_SMT,Aetius;Dioscorides;Galen
ορρος,ὀρρός,ορρος,1,1,AET_LM,Aetius
ορρος,ὄρρος,ορρος,1,1,DIOSC_DMM,Dioscorides
ορρος γαλακτος,ὀρρός γάλακτος,ορρος γαλακτος,1,1,AET_LM,Aetius
ορρος γαλακτος,ὄρρος γάλακτος,ορρος γαλακτος,1,1,DIOSC_DMM,Dioscorides
ορρω πισσης,ὄρρῷ πίσσης,ορρω πισσης,1,1,DIOSC_DMM,Dioscorides
ορρωδει μερει,ὀρρώδει μέρει,ορρωδει μερει,1,1,AET_LM,Aetius
ορρωδες αιμα,ὀρρῶδες αἷμα,ορρωδες αιμα,1,1,GAL_SMT,Galen
ορρωδους υγροτητος,ὀρρώδους ὑγρότητος,ορρωδους υγροτητος,1,1,GAL_SMT,Galen
ορυζα,ὄρυζα,ορυζα,9,9,AET_LM;DIOSC_DMM;GAL_SMT;ORIB_CM;PAUL_AEG,Aetius;Dioscorides;Galen;Oribasius;Paul
ορυκτος,ὀρυκτός,ορυκτος,2,2,DIOSC_DMM;GAL_SMT,Dioscorides;Galen
ορυκτος αλς,ὀρυκτὸς ἅλς,ορυκτος αλς,1,1,GAL_SMT,Galen
ορυκτος σκωληξ,ὀρυκτὸς σκώληξ,ορυκτος σκωληξ,1,1,DIOSC_DMM,Dioscorides
ορφος,ὀρφός,ορφος,1,1,AET_LM,Aetius
ορχεις καστορος,ὄρχεις κάστορος,ορχεις καστορος,1,1,GAL_SMT,Galen
ορχις,ὄρχις,ορχις,11,11,AET_LM;DIOSC_DMM;GAL_SMT;ORIB_CM;PAUL_AEG,Aetius;Dioscorides;Galen;Oribasius;Paul
ορχις ιπποποταμου,ὄρχις ἰπποποτάμου,ορχις ιπποποταμου,1,1,DIOSC_DMM,Dioscorides
ορωδης,ὀρώδης,ορωδης,1,1,ORIB_CM,Oribasius
ορωδης υγροτης,ὀρώδης ὑγρότης,ορωδης υγροτης,1,1,ORIB_CM,Oribasius
οσιριαδος ποα,Ὀσιριάδος πόα,οσιριαδος ποα,1,1,AET_LM,Aetius
οσιριας,ὀσιριάς,οσιριας,1,1,AET_LM,Aetius
οσιριδος ποα,ὀσίριδος πόα,οσιριδος ποα,1,1,GAL_SMT,Galen
οσιρις,ὀσίρις,οσιρις,1,1,GAL_SMT,Galen
οσιρις,ὄσιρις,οσιρις,2,2,DIOSC_DMM;PAUL_AEG,Dioscorides;Paul
οσιρις ποα,ὀσίρις πόα,οσιρις ποα,1,1,ORIB_CM,Oribasius
οσμας,ὀσμάς,οσμας,2,2,DIOSC_DMM;GAL_SMT,Dioscorides;Galen
οσπριον,ὄσπριον,οσπριον,4,4,AET_LM;GAL_ALIM;GAL_SMT;PAUL_AEG,Aetius;Galen;Paul
οστεον,ὀστέον,οστεον,4,4,AET_LM;GAL_SMT,Aetius;Galen
οστουν,ὀστοῦν,οστουν,2,2,AET_LM,Aetius
οστρακα,ὄστρακα,οστρακα,2,2,AET_LM;DIOSC_DMM,Aetius;Dioscorides
οστρακιτης,οστρακιτης,οστρακιτης,1,1,PAUL_AEG,Paul
οστρακιτης λιθος,ὀστρακίτης λίθος,οστρακιτης λιθος,1,1,GAL_SMT,Galen
οστρακιτις,ὀστρακῖτις,οστρακιτις,1,1,DIOSC_DMM,Dioscorides
οστρακοδερμον,ὀστρακόδερμον,οστρακοδερμον,2,2,GAL_SMT;PAUL_AEG,Galen;Paul
οστρακοδερμον οστρακον,ὀστρακόδερμον ὄστρακον,οστρακοδερμον οστρακον,1,1,GAL_SMT,Galen
οστρακοδερμος,ὀστρακόδερμος,οστρακοδερμος,1,1,AET_LM,Aetius
οστρακον,ὄστρακον,οστρακον,21,19,AET_LM;DIOSC_DMM;GAL_SMT;ORIB_CM;PAUL_AEG,Aetius;Dioscorides;Galen;Oribasius;Paul
οστρακον εκ κλιβανων,ὄστρακον ἐκ κλιβάνων,οστρακον εκ κλιβανων,1,1,ORIB_CM,Oribasius
οστρακον κλιβανου,ὄστρακον κλιβάνου,οστρακον κλιβανου,1,1,AET_LM,Aetius
οστρακον σηπιας,ὄστρακον σηπίας,οστρακον σηπιας,1,1,GAL_SMT,Galen
οστρακον της σηπιας,ὄστρακον τῆς σηπίας,οστρακον της σηπιας,1,1,AET_LM,Aetius
οστρακον το εκ των κλιβανων,ὄστρακον τὸ ἐκ τῶν κλιβάνων,οστρακον το εκ των κλιβανων,1,1,GAL_SMT,Galen
οστρακων,ὀστράκων,οστρακων,1,1,GAL_SMT,Galen
οστρειον,ὄστρειον,οστρειον,2,2,GAL_SMT,Galen
οστρεον,ὄστρεον,οστρεον,7,7,AET_LM;GAL_SMT;PAUL_AEG,Aetius;Galen;Paul
οστρεον οστρακον,ὄστρεον ὄστρακον,οστρεον οστρακον,1,1,GAL_SMT,Galen
οστρεων οστρακον,ὀστρέων ὄστρακον,οστρεων οστρακον,1,1,AET_LM,Aetius
οστρεων το οστρακον,Ὀστρέων τὸ ὄστρακον,οστρεων το οστρακον,1,1,PAUL_AEG,Paul
οστων,ὀστῶν,οστων,1,1,PAUL_AEG,Paul
ουα,οὖα,ουα,3,3,DIOSC_DMM;GAL_SMT;PAUL_AEG,Dioscorides;Galen;Paul
ουα μηλιζοντα,οὖα μηλίζοντα,ουα μηλιζοντα,1,1,DIOSC_DMM,Dioscorides
ουβα,οὖβα,ουβα,1,1,AET_LM,Aetius
ουλοφονον,οὐλοφόνον,ουλοφονον,1,1,DIOSC_DMM,Dioscorides
ουνεδων,οὐνέδων,ουνεδων,2,2,GAL_SMT;PAUL_AEG,Galen;Paul
ουον,οὖον,ουον,2,2,DIOSC_DMM;GAL_ALIM,Dioscorides;Galen
ουραν,οὐρὰν,ουραν,2,2,AET_LM;DIOSC_DMM,Aetius;Dioscorides
ουρητικον φαρμακον,οὐρητικὸν φάρμακον,ουρητικον φαρμακον,1,1,PAUL_AEG,Paul
ουρον,οὖρον,ουρον,171,171,AET_LM;DIOSC_DMM;GAL_ALIM;GAL_SMT;ORIB_CM;PAUL_AEG,Aetius;Dioscorides;Galen;Oribasius;Paul
ουρον ανθρωπος,οὖρον ἄνθρωπος,ουρον ανθρωπος,1,1,GAL_SMT,Galen
ουρον ανθρωπου,οὖρον ἀνθρώπου,ουρον ανθρωπου,3,3,AET_LM;DIOSC_DMM;ORIB_CM,Aetius;Dioscorides;Oribasius
ουρον ημερων υων ευνουχισθεντων,οὖρον ἡμέρων ὑῶν εὐνουχισθέντων,ουρον ημερων υων ευνουχισθεντων,1,1,AET_LM,Aetius
ουρον ονου,οὖρον ὄνου,ουρον ονου,1,1,DIOSC_DMM,Dioscorides
ουρον παιδιου,οὖρον παιδίου,ουρον παιδιου,1,1,DIOSC_DMM,Dioscorides
ουρον παιδος,οὖρον παιδός,ουρον παιδος,4,4,AET_LM;GAL_SMT,Aetius;Galen
ουρον παιδος αφθορου,οὖρον παιδὸς ἀφθόρου,ουρον παιδος αφθορου,2,2,DIOSC_DMM;PAUL_AEG,Dioscorides;Paul
ουρον παις,οὖρον παῖς,ουρον παις,1,1,PAUL_AEG,Paul
ουρον παλαιον,οὖρον παλαιόν,ουρον παλαιον,2,2,AET_LM;DIOSC_DMM,Aetius;Dioscorides
ους,οὖς,ους,4,4,AET_LM;DIOSC_DMM;GAL_SMT,Aetius;Dioscorides;Galen
ουσια,οὐσία,ουσια,4,4,GAL_SMT;ORIB_CM,Galen;Oribasius
οφιοσκορδον,ὀφιόσκορδον,οφιοσκορδον,2,2,DIOSC_DMM;PAUL_AEG,Dioscorides;Paul
οφιοσκοροδον,ὀφιοσκόροδον,οφιοσκοροδον,1,1,GAL_SMT,Galen
οφιοσκοροδον,ὀφιοσκόροδον,οφιοσκοροδον,1,1,ORIB_CM,Oribasius
οφιοσταφυλον,ὀφιοστάφυλον,οφιοσταφυλον,2,2,DIOSC_DMM,Dioscorides
οφις,ὄφις,οφις,1,1,DIOSC_DMM,Dioscorides
οφιτης,οφιτης,οφιτης,1,1,PAUL_AEG,Paul
οφιτης λιθος,ὀφίτης λίθος,οφιτης λιθος,4,4,AET_LM;GAL_SMT;ORIB_CM,Aetius;Galen;Oribasius
οχευων ιππος,ὀχεύων ἵππος,οχευων ιππος,1,1,GAL_SMT,Galen
οχθωδης επιφυσις,ὀχθώδης ἐπίφυσις,οχθωδης επιφυσις,1,1,PAUL_AEG,Paul
οχρος,ὄχρος,οχρος,2,2,AET_LM;GAL_ALIM,Aetius;Galen
παγκρατιον,παγκράτιον,παγκρατιον,4,4,AET_LM;DIOSC_DMM;GAL_SMT;ORIB_CM,Aetius;Dioscorides;Galen;Oribasius
παγκρατιον,παγκράτιον,παγκρατιον,1,1,PAUL_AEG,Paul
παγκρατιου η ριζα,Παγκρατίου ἡ ῥίζα,παγκρατιου η ριζα,1,1,ORIB_CM,Oribasius
παγουρος,πάγουρος,παγουρος,1,1,AET_LM,Aetius
παιδερως,παιδέρως,παιδερως,1,1,DIOSC_DMM,Dioscorides
παιδερωτα,παιδέρωτα,παιδερωτα,1,1,AET_LM,Aetius
παιδερωτα,παιδέρωτα,παιδερωτα,1,1,GAL_SMT,Galen
παιδερωτας,παιδέρωτας,παιδερωτας,1,1,DIOSC_DMM,Dioscorides
παιδερωτας,παιδέρωτας,παιδερωτας,1,1,PAUL_AEG,Paul
παιδος ουρον,παιδὸς οὖρον,παιδος ουρον,1,1,DIOSC_DMM,Dioscorides
παιωνια,παιωνία,παιωνια,5,5,AET_LM;DIOSC_DMM;GAL_SMT;PAUL_AEG,Aetius;Dioscorides;Galen;Paul
παιωνια,παιωνία,παιωνια,1,1,ORIB_CM,Oribasius
παλαια πιττα,παλαιὰ πίττα,παλαια πιττα,1,1,PAUL_AEG,Paul
παλαιον δερμα,παλαιόν δέρμα,παλαιον δερμα,1,1,DIOSC_DMM,Dioscorides
παλαιον ελαιον,παλαιὸν ἔλαιον,παλαιον ελαιον,3,3,DIOSC_DMM;GAL_SMT,Dioscorides;Galen
παλαιον στεαρ υος,παλαιὸν στέαρ ὑός,παλαιον στεαρ υος,1,1,GAL_SMT,Galen
παλαιος αλεκτρυων,παλαιὸς ἀλεκτρυών,παλαιος αλεκτρυων,3,3,GAL_SMT;ORIB_CM;PAUL_AEG,Galen;Oribasius;Paul
παλαιος οινος,παλαιός οἶνος,παλαιος οινος,1,1,DIOSC_DMM,Dioscorides
παλαιος οινος,παλαιὸς οἶνος,παλαιος οινος,1,1,DIOSC_DMM,Dioscorides
παλη,πάλη,παλη,6,6,DIOSC_DMM,Dioscorides
παλιμπισσα,παλίμπισσα,παλιμπισσα,1,1,DIOSC_DMM,Dioscorides
παλιουρος,παλίουρος,παλιουρος,5,5,AET_LM;DIOSC_DMM;GAL_SMT;PAUL_AEG,Aetius;Dioscorides;Galen;Paul
παλιουρος,παλιούρος,παλιουρος,1,1,ORIB_CM,Oribasius
πανακης,πανάκης,πανακης,2,2,GAL_SMT;ORIB_CM,Galen;Oribasius
πανακης ηρακλειος,πανάκης Ἡράκλειος,πανακης ηρακλειος,1,1,GAL_SMT,Galen
πανακης χειρωνειος,πανάκης χειρώνειος,πανακης χειρωνειος,1,1,ORIB_CM,Oribasius
παναξ,πάναξ,παναξ,14,14,AET_LM;DIOSC_DMM;GAL_SMT;ORIB_CM;PAUL_AEG,Aetius;Dioscorides;Galen;Oribasius;Paul
παναξ ασκληπειος,πάναξ Ἀσκλήπειος,παναξ ασκληπειος,1,1,GAL_SMT,Galen
παναξ ασκληπιειος,πάναξ Ἀσκληπιεῖος,παναξ ασκληπιειος,1,1,ORIB_CM,Oribasius
παναξ ασκληπιον,πάναξ Ἀσκληπίον,παναξ ασκληπιον,1,1,DIOSC_DMM,Dioscorides
παναξ ηρακλειον,πάναξ ἡράκλειον,παναξ ηρακλειον,1,1,PAUL_AEG,Paul
παναξ ηρακλειον,πάναξ Ἡράκλειον,παναξ ηρακλειον,1,1,AET_LM,Aetius
παναξ ηρακλειος,πάναξ Ἡράκλειος,παναξ ηρακλειος,2,2,DIOSC_DMM;ORIB_CM,Dioscorides;Oribasius
παναξ χειρωνειος,πάναξ χειρώνειος,παναξ χειρωνειος,1,1,GAL_SMT,Galen
παναξ χειρωνιον,πάναξ Χειρώνιον,παναξ χειρωνιον,1,1,DIOSC_DMM,Dioscorides
παπποι,πάπποι,παπποι,1,1,DIOSC_DMM,Dioscorides
παπυρος,πάπυρος,παπυρος,3,3,DIOSC_DMM;GAL_SMT;ORIB_CM,Dioscorides;Galen;Oribasius
παπυρος,πάπυρος,παπυρος,1,1,PAUL_AEG,Paul
παπυρος ακαυστος,πάπυρος ἄκαυστος,παπυρος ακαυστος,1,1,PAUL_AEG,Paul
παραλια,παραλία,παραλια,1,1,AET_LM,Aetius
παραλια μηκων,παραλία μήκων,παραλια μηκων,1,1,GAL_SMT,Galen
παραλιον,παράλιον,παραλιον,1,1,DIOSC_DMM,Dioscorides
παραλιος,παράλιος,παραλιος,3,3,DIOSC_DMM;GAL_SMT;ORIB_CM,Dioscorides;Galen;Oribasius
παραλιος,παράλιος,παραλιος,1,1,PAUL_AEG,Paul
παραλιος τιθυμαλλος,παράλιος τιθύμαλλος,παραλιος τιθυμαλλος,1,1,DIOSC_DMM,Dioscorides
παραλυσις,παράλυσις,παραλυσις,1,1,DIOSC_DMM,Dioscorides
παραφυαδας,παραφυάδας,παραφυαδας,6,6,DIOSC_DMM,Dioscorides
παραφυαδας,παραφυάδας,παραφυαδας,1,1,DIOSC_DMM,Dioscorides
παραφυαδες,παραφυάδες,παραφυαδες,1,1,DIOSC_DMM,Dioscorides
παραφυαδων,παραφυάδων,παραφυαδων,1,1,DIOSC_DMM,Dioscorides
παραφυσεις,παραφύσεις,παραφυσεις,1,1,DIOSC_DMM,Dioscorides
παρδαλειος,παρδάλειος,παρδαλειος,1,1,DIOSC_DMM,Dioscorides
παρδαλεος,παρδάλεος,παρδαλεος,1,1,AET_LM,Aetius
παρδαλιαγχες,παρδαλιαγχές,παρδαλιαγχες,5,5,AET_LM;DIOSC_DMM;ORIB_CM;PAUL_AEG,Aetius;Dioscorides;Oribasius;Paul
παρδαλιαγχεσ,παρδαλιαγχές,παρδαλιαγχες,1,1,GAL_SMT,Galen
παρδαλιον,παρδάλιον,παρδαλιον,1,1,DIOSC_DMM,Dioscorides
παρθενιον,παρθένιον,παρθενιον,5,5,AET_LM;DIOSC_DMM;GAL_SMT,Aetius;Dioscorides;Galen
παρθενιον,παρθένιον,παρθενιον,1,1,PAUL_AEG,Paul
παρωνυχια,παρωνυχία,παρωνυχια,3,3,DIOSC_DMM;GAL_SMT;ORIB_CM,Dioscorides;Galen;Oribasius
παρωνυχια,παρωνυχία,παρωνυχια,1,1,PAUL_AEG,Paul
πατος,πάτος,πατος,5,5,AET_LM;GAL_SMT;ORIB_CM;PAUL_AEG,Aetius;Galen;Oribasius;Paul
πατος,πάτος,πατος,1,1,PAUL_AEG,Paul
παχος,πάχος,παχος,2,2,DIOSC_DMM,Dioscorides
παχυ πνευμα,παχὺ πνεῦμα,παχυ πνευμα,1,1,AET_LM,Aetius
παχυμερης,παχυμερής,παχυμερης,1,1,GAL_SMT,Galen
παχυς χυμος,παχύς χυμός,παχυς χυμος,2,2,AET_LM;ORIB_CM,Aetius;Oribasius
παχυς χυμος,παχὺς χυμός,παχυς χυμος,1,1,AET_LM,Aetius
παχυς χυμος,παχύς χυμός,παχυς χυμος,1,1,PAUL_AEG,Paul
παχυτερον γαλα,παχύτερον γάλα,παχυτερον γαλα,1,1,AET_LM,Aetius
πελαγιος ιχθυς,πελάγιος ἰχθύς,πελαγιος ιχθυς,2,2,AET_LM,Aetius
πελεκινος,πελεκῖνος,πελεκινος,6,6,AET_LM;DIOSC_DMM;GAL_ALIM;GAL_SMT;ORIB_CM;PAUL_AEG,Aetius;Dioscorides;Galen;Oribasius;Paul
πενταδακτυλον,πενταδάκτυλον,πενταδακτυλον,1,1,DIOSC_DMM,Dioscorides
πενταπετες,πενταπετές,πενταπετες,1,1,DIOSC_DMM,Dioscorides
πεντατομον,πεντάτομον,πεντατομον,1,1,DIOSC_DMM,Dioscorides
πενταφυλλον,Πεντάφυλλον,πενταφυλλον,1,1,ORIB_CM,Oribasius
πενταφυλλον,πεντάφυλλον,πενταφυλλον,3,3,AET_LM;DIOSC_DMM;GAL_SMT,Aetius;Dioscorides;Galen
πενταφυλλος,πεντάφυλλος,πενταφυλλος,1,1,PAUL_AEG,Paul
πενταφυλλου ριζα,Πενταφύλλου ῥίζα,πενταφυλλου ριζα,1,1,ORIB_CM,Oribasius
πεντεφυλλον,πεντέφυλλον,πεντεφυλλον,1,1,DIOSC_DMM,Dioscorides
πεντοβορον,πεντόβορον,πεντοβορον,1,1,AET_LM,Aetius
πεντοδρυον,πεντόδρυον,πεντοδρυον,1,1,DIOSC_DMM,Dioscorides
πεντοροβον,πεντόροβον,πεντοροβον,3,3,DIOSC_DMM;GAL_SMT;PAUL_AEG,Dioscorides;Galen;Paul
πεπειρον,πεπεῖρον,πεπειρον,1,1,ORIB_CM,Oribasius
πεπειρον μορον,πέπειρον μόρον,πεπειρον μορον,1,1,AET_LM,Aetius
πεπεμμενον ελαιον,πεπεμμένον ἔλαιον,πεπεμμενον ελαιον,1,1,AET_LM,Aetius
πεπερεως η ριζα,Πεπέρεως ἡ ῥίζα,πεπερεως η ριζα,1,1,ORIB_CM,Oribasius
πεπερεως κοκκων,πεπέρεως κόκκων,πεπερεως κοκκων,1,1,GAL_SMT,Galen
πεπερεως ο καρπος,Πεπέρεως ὁ καρπός,πεπερεως ο καρπος,1,1,ORIB_CM,Oribasius
πεπερεως ριζα,πεπέρεως ῥίζα,πεπερεως ριζα,1,1,GAL_SMT,Galen
πεπερι,πέπερι,πεπερι,60,60,AET_LM;DIOSC_DMM;GAL_ALIM;GAL_SMT;ORIB_CM,Aetius;Dioscorides;Galen;Oribasius
πεπερι,πεπέρι,πεπερι,1,1,PAUL_AEG,Paul
πεπερι,πέπερι,πεπερι,6,6,GAL_SMT;ORIB_CM;PAUL_AEG,Galen;Oribasius;Paul
πεπερι κοινον,πέπερι κοινόν,πεπερι κοινον,1,1,AET_LM,Aetius
πεπερι λειον,πέπερι λεῖον,πεπερι λειον,1,1,DIOSC_DMM,Dioscorides
πεπερι λευκον,πέπερι λευκόν,πεπερι λευκον,5,5,AET_LM;DIOSC_DMM;GAL_SMT;ORIB_CM,Aetius;Dioscorides;Galen;Oribasius
πεπερι λευκον,πεπέρι λευκόν,πεπερι λευκον,1,1,PAUL_AEG,Paul
πεπερι μακρον,πέπερι μακρόν,πεπερι μακρον,2,2,AET_LM,Aetius
πεπλιον,πέπλιον,πεπλιον,3,3,AET_LM;DIOSC_DMM;GAL_SMT,Aetius;Dioscorides;Galen
πεπλιον,πέπλιον,πεπλιον,1,1,PAUL_AEG,Paul
πεπλις,πεπλίς,πεπλις,1,1,DIOSC_DMM,Dioscorides
πεπλος,πέπλος,πεπλος,4,4,DIOSC_DMM;GAL_SMT,Dioscorides;Galen
πεπλος,πέπλος,πεπλος,2,2,PAUL_AEG,Paul
πεπλυμενον ελαιον,πεπλυμένον ἔλαιον,πεπλυμενον ελαιον,1,1,ORIB_CM,Oribasius
πεπλυμενος μολυβδος,πεπλυμένος μόλυβδος,πεπλυμενος μολυβδος,1,1,DIOSC_DMM,Dioscorides
πεπτικον φαρμακον,πεπτικὸν φάρμακον,πεπτικον φαρμακον,1,1,ORIB_CM,Oribasius
πεπων,πέπων,πεπων,7,7,AET_LM;DIOSC_DMM;GAL_ALIM,Aetius;Dioscorides;Galen
πεπων,πέπων,πεπων,1,1,PAUL_AEG,Paul
περδικιον,περδίκιον,περδικιον,5,5,AET_LM;DIOSC_DMM;GAL_SMT;ORIB_CM,Aetius;Dioscorides;Galen;Oribasius
περδικιον,περδίκιον,περδικιον,1,1,PAUL_AEG,Paul
περδικος,πέρδικος,περδικος,1,1,DIOSC_DMM,Dioscorides
περδιξ,πέρδιξ,περδιξ,1,1,AET_LM,Aetius
περικαρπιοις,περικαρπίοις,περικαρπιοις,1,1,DIOSC_DMM,Dioscorides
περικαρπιων,περικαρπίων,περικαρπιων,1,1,DIOSC_DMM,Dioscorides
περικλυμενον,περικλύμενον,περικλυμενον,2,2,DIOSC_DMM,Dioscorides
περικλυμενον,περικλύμενον,περικλυμενον,2,2,ORIB_CM;PAUL_AEG,Oribasius;Paul
περικλυμενος,περικλυμένος,περικλυμενος,2,2,DIOSC_DMM;GAL_SMT,Dioscorides;Galen
περικλυμενου καρπος,Περικλυμένου καρπός,περικλυμενου καρπος,1,1,ORIB_CM,Oribasius
περικλυμενου φυλλα,Περικλυμένου φύλλα,περικλυμενου φυλλα,1,1,ORIB_CM,Oribasius
περισσον,περισσόν,περισσον,1,1,DIOSC_DMM,Dioscorides
περιστερα,περιστερά,περιστερα,2,2,AET_LM,Aetius
περιστερας αιμα,περιστερᾶς αἷμα,περιστερας αιμα,1,1,AET_LM,Aetius
περιστερεων,περιστερεών,περιστερεων,4,4,AET_LM;DIOSC_DMM;GAL_SMT;PAUL_AEG,Aetius;Dioscorides;Galen;Paul
περιστερεων ορθος,περιστερεών ὀρθός,περιστερεων ορθος,1,1,AET_LM,Aetius
περιστεριον,Περιστέριον,περιστεριον,1,1,ORIB_CM,Oribasius
περιστεριον,περιστέριον,περιστεριον,1,1,DIOSC_DMM,Dioscorides
περιττωμα,περίττωμα,περιττωμα,8,8,AET_LM;DIOSC_DMM;GAL_ALIM;GAL_SMT;ORIB_CM,Aetius;Dioscorides;Galen;Oribasius
περκη,πέρκη,περκη,3,3,AET_LM;DIOSC_DMM;PAUL_AEG,Aetius;Dioscorides;Paul
περσαια,Περσαία,περσαια,1,1,PAUL_AEG,Paul
περσαια,περσαία,περσαια,1,1,DIOSC_DMM,Dioscorides
περσεα,περσέα,περσεα,2,2,AET_LM;GAL_SMT,Aetius;Galen
περσεας,Περσέας,περσεας,1,1,ORIB_CM,Oribasius
περσεας φυλλα,περσέας φύλλα,περσεας φυλλα,1,1,GAL_SMT,Galen
περσειον,πέρσειον,περσειον,1,1,DIOSC_DMM,Dioscorides
περσικη,Περσική,περσικη,1,1,DIOSC_DMM,Dioscorides
περσικον,περσικόν,περσικον,5,5,AET_LM;GAL_ALIM,Aetius;Galen
περσικον,περσικόν,περσικον,2,2,AET_LM;PAUL_AEG,Aetius;Paul
περσικον αωρον,περσικόν ἄωρον,περσικον αωρον,1,1,AET_LM,Aetius
περσικον μηλον,περσικὸν μῆλον,περσικον μηλον,1,1,DIOSC_DMM,Dioscorides
περσικον σινηπι,περσικὸν σίνηπι,περσικον σινηπι,1,1,DIOSC_DMM,Dioscorides
περσικος,Περσικός,περσικος,1,1,GAL_SMT,Galen
περσικος,περσικός,περσικος,1,1,DIOSC_DMM,Dioscorides
πεταλα,πέταλα,πεταλα,3,3,DIOSC_DMM,Dioscorides
πεταλοις,πετάλοις,πεταλοις,1,1,DIOSC_DMM,Dioscorides
πεταλον,πέταλον,πεταλον,1,1,DIOSC_DMM,Dioscorides
πεταλον,πέταλον,πεταλον,1,1,PAUL_AEG,Paul
πετασιτης,πετασίτης,πετασιτης,1,1,GAL_SMT,Galen
πετασιτις,Πετασῖτις,πετασιτις,2,2,ORIB_CM;PAUL_AEG,Oribasius;Paul
πετασιτις,πετασῖτις,πετασιτις,1,1,DIOSC_DMM,Dioscorides
πετρα,πέτρα,πετρα,7,7,AET_LM;DIOSC_DMM;GAL_SMT;ORIB_CM,Aetius;Dioscorides;Galen;Oribasius
πετρα,πετρα,πετρα,1,1,PAUL_AEG,Paul
πετρα,πέτρα,πετρα,2,2,GAL_SMT;ORIB_CM,Galen;Oribasius
πετρα ασιας,πέτρα Ἀσίας,πετρα ασιας,3,3,GAL_SMT;ORIB_CM,Galen;Oribasius
πετρα ασσια,πέτρα Ἄσσια,πετρα ασσια,1,1,AET_LM,Aetius
πετραια,πετραία,πετραια,1,1,DIOSC_DMM,Dioscorides
πετραιος,πετραῖος,πετραιος,1,1,PAUL_AEG,Paul
πετραιος ιχθυς,πετραῖος ἰχθύς,πετραιος ιχθυς,1,1,AET_LM,Aetius
πετρας ανθος,πέτρας ἄνθος,πετρας ανθος,2,2,GAL_SMT;ORIB_CM,Galen;Oribasius
πετρας ασιας ανθος,πέτρας Ἀσίας ἄνθος,πετρας ασιας ανθος,1,1,GAL_SMT,Galen
πετρας ασσιας ανθος,πέτρας Ἀσσίας ἄνθος,πετρας ασσιας ανθος,1,1,AET_LM,Aetius
πετροσελινον,πετροσέλινον,πετροσελινον,10,10,AET_LM;DIOSC_DMM;GAL_SMT;ORIB_CM;PAUL_AEG,Aetius;Dioscorides;Galen;Oribasius;Paul
πετροσελινον,πετροσέλινον,πετροσελινον,1,1,PAUL_AEG,Paul
πετροσελινου το σπερμα,Πετροσελίνου τὸ σπέρμα,πετροσελινου το σπερμα,1,1,ORIB_CM,Oribasius
πετροσελινου το σπερμα,Πετροσελίνου τὸ σπέρμα,πετροσελινου το σπερμα,1,1,PAUL_AEG,Paul
πετρωνιον,πετρώνιον,πετρωνιον,1,1,DIOSC_DMM,Dioscorides
πευκεδανον,Πευκέδανον,πευκεδανον,1,1,ORIB_CM,Oribasius
πευκεδανον,πευκέδανον,πευκεδανον,2,2,AET_LM;GAL_SMT,Aetius;Galen
πευκεδανον,πευκέδανον,πευκεδανον,1,1,PAUL_AEG,Paul
πευκεδανου ριζη,πευκεδάνου ῥίζῃ,πευκεδανου ριζη,1,1,GAL_SMT,Galen
πευκεκδανον,πευκέκδανον,πευκεκδανον,1,1,DIOSC_DMM,Dioscorides
πευκη,πεύκη,πευκη,8,8,AET_LM;DIOSC_DMM;GAL_SMT;ORIB_CM,Aetius;Dioscorides;Galen;Oribasius
πευκη,πεύκη,πευκη,2,2,PAUL_AEG,Paul
πευκης φλοιος,πεύκης φλοιὸς,πευκης φλοιος,3,3,AET_LM;GAL_SMT;ORIB_CM,Aetius;Galen;Oribasius
πευκινη,πευκίνη,πευκινη,3,3,DIOSC_DMM;GAL_SMT;ORIB_CM,Dioscorides;Galen;Oribasius
πευκινη,πευκίνη,πευκινη,1,1,PAUL_AEG,Paul
πευκινος,πευκῖνος,πευκινος,1,1,ORIB_CM,Oribasius
πευκινος ανθραξ,πεύκινος ἄνθραξ,πευκινος ανθραξ,1,1,DIOSC_DMM,Dioscorides
πευκινος ρητινη,πευκῖνος ῥητίνη,πευκινος ρητινη,1,1,DIOSC_DMM,Dioscorides
πεφρυγμενον μελανθιον,πεφρυγμένον μελάνθιον,πεφρυγμενον μελανθιον,1,1,GAL_SMT,Galen
πηγαιος,πηγαῖος,πηγαιος,1,1,DIOSC_DMM,Dioscorides
πηγανον,πήγανον,πηγανον,52,52,AET_LM;DIOSC_DMM;GAL_SMT;ORIB_CM;PAUL_AEG,Aetius;Dioscorides;Galen;Oribasius;Paul
πηγανον,πηγάνον,πηγανον,1,1,AET_LM,Aetius
πηγανον,πήγανον,πηγανον,3,3,AET_LM;PAUL_AEG,Aetius;Paul
πηγανον,πῆγανον,πηγανον,2,2,AET_LM;GAL_SMT,Aetius;Galen
πηγανον αγριον,πήγανον ἄγριον,πηγανον αγριον,5,5,DIOSC_DMM;GAL_SMT;ORIB_CM;PAUL_AEG,Dioscorides;Galen;Oribasius;Paul
πηγανον αγριον,πήγανον ἄγριον,πηγανον αγριον,2,2,AET_LM;PAUL_AEG,Aetius;Paul
πηγανον ημερον,πήγανον ἥμερον,πηγανον ημερον,4,4,DIOSC_DMM;GAL_SMT;ORIB_CM;PAUL_AEG,Dioscorides;Galen;Oribasius;Paul
πηγανον ημερον,πήγανον ἥμερον,πηγανον ημερον,1,1,AET_LM,Aetius
πηκτη,πηκτή,πηκτη,1,1,DIOSC_DMM,Dioscorides
πηκτος,πηκτός,πηκτος,1,1,DIOSC_DMM,Dioscorides
πηλαμις,πηλαμίς,πηλαμις,1,1,AET_LM,Aetius
πηλος,πηλός,πηλος,17,17,AET_LM;DIOSC_DMM;GAL_ALIM;GAL_SMT;ORIB_CM;PAUL_AEG,Aetius;Dioscorides;Galen;Oribasius;Paul
πηλος,πηλός,πηλος,1,1,GAL_SMT,Galen
πηλος κεραμεικος,πηλὸς κεραμεικός,πηλος κεραμεικος,1,1,DIOSC_DMM,Dioscorides
πηχιον,πήχιον,πηχιον,1,1,DIOSC_DMM,Dioscorides
πιθιον,πίθιον,πιθιον,1,1,DIOSC_DMM,Dioscorides
πιθιτις,πιθῖτις,πιθιτις,1,1,DIOSC_DMM,Dioscorides
πικρις,πικρίς,πικρις,5,5,AET_LM;DIOSC_DMM;GAL_SMT;ORIB_CM;PAUL_AEG,Aetius;Dioscorides;Galen;Oribasius;Paul
πικρον αμυγδαλον,πικρὸν ἀμύγδαλον,πικρον αμυγδαλον,1,1,AET_LM,Aetius
πικρος αμυγδαλος,πικρὸς ἀμύγδαλος,πικρος αμυγδαλος,1,1,DIOSC_DMM,Dioscorides
πικρος θερμος,πικρὸς θέρμος,πικρος θερμος,1,1,PAUL_AEG,Paul
πικροχολον αιμα,πικρόχολον αἷμα,πικροχολον αιμα,1,1,GAL_SMT,Galen
πιμελη,πιμελή,πιμελη,11,11,AET_LM;GAL_SMT;ORIB_CM,Aetius;Galen;Oribasius
πιμελη,πιμελή,πιμελη,1,1,GAL_SMT,Galen
πιμηλις,πιμηλίς,πιμηλις,1,1,DIOSC_DMM,Dioscorides
πινα,πῖνα,πινα,1,1,GAL_SMT,Galen
πισος,πίσος,πισος,1,1,AET_LM,Aetius
πισος,πισός,πισος,1,1,GAL_ALIM,Galen
πισσα,πίσσα,πισσα,35,35,AET_LM;DIOSC_DMM;GAL_SMT;ORIB_CM;PAUL_AEG,Aetius;Dioscorides;Galen;Oribasius;Paul
πισσα,πίσσα,πισσα,6,5,PAUL_AEG,Paul
πισσα ξηρα,πίσσα ξηρά,πισσα ξηρα,3,3,GAL_SMT;ORIB_CM;PAUL_AEG,Galen;Oribasius;Paul
πισσα υγρα,πίσσα ὑγρά,πισσα υγρα,8,8,DIOSC_DMM;GAL_SMT;PAUL_AEG,Dioscorides;Galen;Paul
πισσα υγρα,πίσσα ὑγρά,πισσα υγρα,2,2,PAUL_AEG,Paul
πισσα υγρος,πίσσα ὑγρός,πισσα υγρος,1,1,PAUL_AEG,Paul
πισσελαιον,πισσέλαιον,πισσελαιον,1,1,ORIB_CM,Oribasius
πιστακιον,πιστάκιον,πιστακιον,4,4,AET_LM;DIOSC_DMM;GAL_SMT;ORIB_CM,Aetius;Dioscorides;Galen;Oribasius
πιστακιον,πιστακιον,πιστακιον,1,1,PAUL_AEG,Paul
πιστακιου καρπος,Πιστακίου καρπός,πιστακιου καρπος,1,1,ORIB_CM,Oribasius
πιττα,πίττα,πιττα,13,13,AET_LM;DIOSC_DMM;GAL_ALIM;GAL_SMT;ORIB_CM;PAUL_AEG,Aetius;Dioscorides;Galen;Oribasius;Paul
πιττα,πίττα,πιττα,1,1,GAL_SMT,Galen
πιττα βρυτια,πίττα Βρυτία,πιττα βρυτια,1,1,GAL_SMT,Galen
πιττα υγρα,πίττα ὑγρά,πιττα υγρα,2,2,AET_LM;GAL_SMT,Aetius;Galen
πιττασφαλτος,πιττάσφαλτος,πιττασφαλτος,1,1,DIOSC_DMM,Dioscorides
πιττη,πίττη,πιττη,1,1,GAL_SMT,Galen
πιτυα,πιτύα,πιτυα,7,7,AET_LM;DIOSC_DMM;GAL_SMT,Aetius;Dioscorides;Galen
πιτυα αρην,πιτύα ἀρήν,πιτυα αρην,1,1,DIOSC_DMM,Dioscorides
πιτυα βουβαλος,πιτύα βούβαλος,πιτυα βουβαλος,1,1,DIOSC_DMM,Dioscorides
πιτυα δορκας,πιτύα δορκάς,πιτυα δορκας,1,1,DIOSC_DMM,Dioscorides
πιτυα δορκος,πιτύα δόρκος,πιτυα δορκος,1,1,DIOSC_DMM,Dioscorides
πιτυα ελαφος,πιτύα ἔλαφος,πιτυα ελαφος,1,1,DIOSC_DMM,Dioscorides
πιτυα εριφος,πιτύα ἔριφος,πιτυα εριφος,1,1,DIOSC_DMM,Dioscorides
πιτυα ιππεια,πιτύα ἱππεία,πιτυα ιππεια,1,1,GAL_SMT,Galen
πιτυα ιππος,πιτύα ἵππος,πιτυα ιππος,1,1,DIOSC_DMM,Dioscorides
πιτυα λαγωα,πιτύα λαγωά,πιτυα λαγωα,1,1,GAL_SMT,Galen
πιτυα λαγωος,πιτύα λαγωός,πιτυα λαγωος,1,1,DIOSC_DMM,Dioscorides
πιτυα μοσχος,πιτύα μόσχος,πιτυα μοσχος,1,1,DIOSC_DMM,Dioscorides
πιτυα νεβρος,πιτύα νεβρός,πιτυα νεβρος,1,1,DIOSC_DMM,Dioscorides
πιτυα πλατυκερωτος,πιτύα πλατυκέρωτος,πιτυα πλατυκερωτος,1,1,DIOSC_DMM,Dioscorides
πιτυα φωκη,πιτύα φώκη,πιτυα φωκη,1,1,DIOSC_DMM,Dioscorides
πιτυιδες,Πιτυίδες,πιτυιδες,1,1,PAUL_AEG,Paul
πιτυινη,πιτυΐνη,πιτυινη,2,2,DIOSC_DMM;GAL_SMT,Dioscorides;Galen
πιτυινη,πιτυίνη,πιτυινη,2,2,AET_LM;DIOSC_DMM,Aetius;Dioscorides
πιτυινη,πιτυίνη,πιτυινη,1,1,PAUL_AEG,Paul
πιτυινη ρητινη,πιτυίνη ῥητίνη,πιτυινη ρητινη,1,1,DIOSC_DMM,Dioscorides
πιτυινη ρητινη ξηρα,πιτυίνη ῥητίνη ξηρά,πιτυινη ρητινη ξηρα,1,1,DIOSC_DMM,Dioscorides
πιτυις,πιτυΐς,πιτυις,1,1,GAL_SMT,Galen
πιτυις,πιτυίς,πιτυις,2,2,AET_LM;DIOSC_DMM,Aetius;Dioscorides
πιτυοκαμπη,πιτυοκάμπη,πιτυοκαμπη,3,3,DIOSC_DMM;GAL_SMT,Dioscorides;Galen
πιτυοκαμπη,πιτυοκαμπη,πιτυοκαμπη,1,1,PAUL_AEG,Paul
πιτυοκαμπη,πιτυόκαμπη,πιτυοκαμπη,1,1,GAL_SMT,Galen
πιτυος ο φλοιος,Πίτυος ὁ φλοιὸς,πιτυος ο φλοιος,1,1,PAUL_AEG,Paul
πιτυος φλοιος,Πίτυος φλοιὸς,πιτυος φλοιος,1,1,ORIB_CM,Oribasius
πιτυος φλοιος,πίτυος φλοιὸς,πιτυος φλοιος,2,2,AET_LM;GAL_SMT,Aetius;Galen
πιτυος φλοιου,πίτυος φλοιοῦ,πιτυος φλοιου,1,1,DIOSC_DMM,Dioscorides
πιτυουσα,πιτυοῦσα,πιτυουσα,1,1,GAL_SMT,Galen
πιτυουσα,πιτύουσα,πιτυουσα,1,1,DIOSC_DMM,Dioscorides
πιτυουσα,πιτύουσα,πιτυουσα,1,1,PAUL_AEG,Paul
πιτυρον,πίτυρον,πιτυρον,4,4,DIOSC_DMM,Dioscorides
πιτυρον,πίτυρον,πιτυρον,1,1,PAUL_AEG,Paul
πιτυρωδες,πιτυρῶδες,πιτυρωδες,2,2,AET_LM;GAL_ALIM,Aetius;Galen
πιτυς,πίτυς,πιτυς,13,13,AET_LM;DIOSC_DMM;GAL_SMT;ORIB_CM;PAUL_AEG,Aetius;Dioscorides;Galen;Oribasius;Paul
πιτυς,πίτυς,πιτυς,3,3,PAUL_AEG,Paul
πιτυϊνη,πιτυΐνη,πιτυινη,1,1,ORIB_CM,Oribasius
πιτυϊς,πιτυΐς,πιτυις,1,1,ORIB_CM,Oribasius
πλακιτις,πλακῖτις,πλακιτις,6,6,AET_LM;GAL_SMT;ORIB_CM;PAUL_AEG,Aetius;Galen;Oribasius;Paul
πλακωτη,πλακωτή,πλακωτη,1,1,DIOSC_DMM,Dioscorides
πλατανος,πλάτανος,πλατανος,9,9,AET_LM;DIOSC_DMM;GAL_SMT,Aetius;Dioscorides;Galen
πλατανος,πλάτανος,πλατανος,2,2,ORIB_CM;PAUL_AEG,Oribasius;Paul
πλατυοφθαλμος,πλατυόφθαλμος,πλατυοφθαλμος,1,1,DIOSC_DMM,Dioscorides
πλατυφυλλος,πλατύφυλλος,πλατυφυλλος,1,1,DIOSC_DMM,Dioscorides
πλατυφυλλος δαφνη,πλατύφυλλος δάφνη,πλατυφυλλος δαφνη,1,1,DIOSC_DMM,Dioscorides
πλινθιτις,πλινθῖτις,πλινθιτις,3,3,AET_LM;GAL_SMT;ORIB_CM,Aetius;Galen;Oribasius
πλυθεισα αλοη,πλυθεῖσα ἀλόη,πλυθεισα αλοη,1,1,PAUL_AEG,Paul
πλυτος αρτος,πλυτὸς ἄρτος,πλυτος αρτος,1,1,GAL_ALIM,Galen
πνευμα,πνεῦμα,πνευμα,6,6,AET_LM;GAL_SMT,Aetius;Galen
πνευμα φυσωδες,πνεῦμα φυσῶδες,πνευμα φυσωδες,1,1,GAL_SMT,Galen
πνευμοσιν αρνειοις,πνεύμοσιν ἀρνείοις,πνευμοσιν αρνειοις,1,1,DIOSC_DMM,Dioscorides
πνευμων,πνεύμων,πνευμων,5,5,AET_LM;DIOSC_DMM;GAL_SMT;PAUL_AEG,Aetius;Dioscorides;Galen;Paul
πνευμων αλωπηξ,πνεύμων ἀλώπηξ,πνευμων αλωπηξ,1,1,PAUL_AEG,Paul
πνευμων αρνειος,πνεύμων ἄρνειος,πνευμων αρνειος,2,2,GAL_SMT;PAUL_AEG,Galen;Paul
πνευμων αρνειος,πνεύμων ἄρνειος,πνευμων αρνειος,1,1,AET_LM,Aetius
πνευμων θαλασσιος,πνεύμων θαλάσσιος,πνευμων θαλασσιος,1,1,PAUL_AEG,Paul
πνευμων θαλασσιος προσφατος,πνεύμων θαλάσσιος πρόσφατος,πνευμων θαλασσιος προσφατος,1,1,DIOSC_DMM,Dioscorides
πνευμων χοιρειος,πνεύμων χοίρειος,πνευμων χοιρειος,2,2,GAL_SMT;PAUL_AEG,Galen;Paul
πνευμων χοιρειος,πνεύμων χοίρειος,πνευμων χοιρειος,1,1,AET_LM,Aetius
πνιγιτις,πνιγῖτις,πνιγιτις,1,1,PAUL_AEG,Paul
πνιγιτις γη,πνιγῖτις γῆ,πνιγιτις γη,1,1,DIOSC_DMM,Dioscorides
ποα,πόα,ποα,55,54,AET_LM;DIOSC_DMM;GAL_SMT;ORIB_CM;PAUL_AEG,Aetius;Dioscorides;Galen;Oribasius;Paul
ποα,πόᾳ,ποα,2,2,DIOSC_DMM,Dioscorides
ποα,πόα,ποα,14,14,AET_LM;DIOSC_DMM;GAL_SMT;ORIB_CM;PAUL_AEG,Aetius;Dioscorides;Galen;Oribasius;Paul
ποα αγρωστεως,πόα ἀγρώστεως,ποα αγρωστεως,1,1,AET_LM,Aetius
ποα ελενιον,πόα ἑλένιον,ποα ελενιον,1,1,ORIB_CM,Oribasius
ποα εχινου,πόα ἐχίνου,ποα εχινου,2,2,GAL_SMT;ORIB_CM,Galen;Oribasius
ποαν,πόαν,ποαν,3,3,DIOSC_DMM,Dioscorides
ποαν,πόαν,ποαν,2,2,GAL_SMT,Galen
ποας,πόας,ποας,5,5,DIOSC_DMM;GAL_SMT;ORIB_CM,Dioscorides;Galen;Oribasius
ποας,πόας,ποας,6,6,AET_LM;GAL_SMT;ORIB_CM,Aetius;Galen;Oribasius
ποδας,πόδας,ποδας,1,1,DIOSC_DMM,Dioscorides
ποδας,πόδας,ποδας,1,1,GAL_SMT,Galen
ποδες των υων,πόδες τῶν ὑῶν,ποδες των υων,1,1,AET_LM,Aetius
ποδων,ποδῶν,ποδων,2,2,AET_LM;DIOSC_DMM,Aetius;Dioscorides
πολεμωνιον,Πολεμώνιον,πολεμωνιον,1,1,ORIB_CM,Oribasius
πολεμωνιον,πολεμώνιον,πολεμωνιον,3,3,AET_LM;DIOSC_DMM;GAL_SMT,Aetius;Dioscorides;Galen
πολεμωνιον,πολεμώνιον,πολεμωνιον,1,1,PAUL_AEG,Paul
πολιον,πολίον,πολιον,1,1,AET_LM,Aetius
πολιον,πόλιον,πολιον,7,7,AET_LM;DIOSC_DMM;GAL_SMT;ORIB_CM;PAUL_AEG,Aetius;Dioscorides;Galen;Oribasius;Paul
πολιον μικρον,πόλιον μικρόν,πολιον μικρον,2,2,GAL_SMT;ORIB_CM,Galen;Oribasius
πολιον ορεινον,πόλιον ὀρεινόν,πολιον ορεινον,1,1,DIOSC_DMM,Dioscorides
πολιον πικρον,πόλιον πικρόν,πολιον πικρον,2,2,AET_LM;ORIB_CM,Aetius;Oribasius
πολιον το μικροτερον,πόλιον τὸ μικρότερον,πολιον το μικροτερον,1,1,PAUL_AEG,Paul
πολυγαλον,Πολύγαλον,πολυγαλον,1,1,ORIB_CM,Oribasius
πολυγαλον,πολύγαλον,πολυγαλον,3,3,DIOSC_DMM;GAL_SMT;PAUL_AEG,Dioscorides;Galen;Paul
πολυγονατον,πολυγόνατον,πολυγονατον,6,6,DIOSC_DMM;GAL_SMT;ORIB_CM;PAUL_AEG,Dioscorides;Galen;Oribasius;Paul
πολυγονατον,πολυγόνατον,πολυγονατον,1,1,PAUL_AEG,Paul
πολυγονοειδες,πολυγονοειδές,πολυγονοειδες,1,1,GAL_SMT,Galen
πολυγονοειδης,πολυγονοειδής,πολυγονοειδης,1,1,DIOSC_DMM,Dioscorides
πολυγονοειδης,πολυγονοειδής,πολυγονοειδης,1,1,PAUL_AEG,Paul
πολυγονον,πολυγόνον,πολυγονον,1,1,ORIB_CM,Oribasius
πολυγονον,πολύγονον,πολυγονον,11,11,AET_LM;DIOSC_DMM;GAL_SMT;ORIB_CM;PAUL_AEG,Aetius;Dioscorides;Galen;Oribasius;Paul
πολυγονον αρρεν,πολύγονον ἄρρεν,πολυγονον αρρεν,1,1,DIOSC_DMM,Dioscorides
πολυγονον θηλυ,πολύγονον θῆλυ,πολυγονον θηλυ,1,1,DIOSC_DMM,Dioscorides
πολυκαρπον,πολύκαρπον,πολυκαρπον,1,1,DIOSC_DMM,Dioscorides
πολυκνημον,Πολύκνημον,πολυκνημον,1,1,ORIB_CM,Oribasius
πολυκνημον,Πολύκνημον,πολυκνημον,1,1,PAUL_AEG,Paul
πολυκνημον,πολύκνημον,πολυκνημον,1,1,DIOSC_DMM,Dioscorides
πολυκνημον,πολύκνημον,πολυκνημον,1,1,GAL_SMT,Galen
πολυπλευρον,πολύπλευρον,πολυπλευρον,1,1,DIOSC_DMM,Dioscorides
πολυποδιον,πολυπόδιον,πολυποδιον,4,4,AET_LM;DIOSC_DMM;GAL_SMT;ORIB_CM,Aetius;Dioscorides;Galen;Oribasius
πολυποδιον,πολυπόδιον,πολυποδιον,1,1,PAUL_AEG,Paul
πολυποδιον,πολύποδιον,πολυποδιον,1,1,DIOSC_DMM,Dioscorides
πολυποδον,πολύποδον,πολυποδον,1,1,DIOSC_DMM,Dioscorides
πολυπους,πολύπους,πολυπους,1,1,AET_LM,Aetius
πολυρριζον,πολύρριζον,πολυρριζον,2,2,DIOSC_DMM,Dioscorides
πολυτριχον,πολύτριχον,πολυτριχον,1,1,DIOSC_DMM,Dioscorides
πολυωνυμον,πολυώνυμον,πολυωνυμον,1,1,DIOSC_DMM,Dioscorides
πομαραθον,πομάραθον,πομαραθον,1,1,DIOSC_DMM,Dioscorides
πομφολυξ,πομφόλυξ,πομφολυξ,11,11,AET_LM;DIOSC_DMM;GAL_SMT;ORIB_CM;PAUL_AEG,Aetius;Dioscorides;Galen;Oribasius;Paul
πομφολυξ,πομφόλυξ,πομφολυξ,2,2,GAL_SMT;PAUL_AEG,Galen;Paul
ποντικη ριζα,ποντικὴ ῥίζα,ποντικη ριζα,1,1,DIOSC_DMM,Dioscorides
ποντικον,ποντικόν,ποντικον,1,1,PAUL_AEG,Paul
ποντικον καρπησιον,Ποντικόν καρπήσιον,ποντικον καρπησιον,1,1,GAL_SMT,Galen
ποντικος,Ποντικός,ποντικος,3,3,DIOSC_DMM;GAL_SMT,Dioscorides;Galen
ποντικος,ποντικός,ποντικος,2,2,AET_LM;DIOSC_DMM,Aetius;Dioscorides
ποντικος,ποντικός,ποντικος,1,1,AET_LM,Aetius
πορφυρα,πορφύρα,πορφυρα,14,14,AET_LM;DIOSC_DMM;GAL_SMT;PAUL_AEG,Aetius;Dioscorides;Galen;Paul
πορφυρα θαλασσια,πορφύρα θαλασσία,πορφυρα θαλασσια,2,2,DIOSC_DMM;GAL_SMT,Dioscorides;Galen
πορφυρα καεισα,πορφύρα καεῖσα,πορφυρα καεισα,1,1,PAUL_AEG,Paul
πορφυρα οστρακον,πορφύρα ὄστρακον,πορφυρα οστρακον,1,1,GAL_SMT,Galen
πορφυρανθες,πορφυρανθές,πορφυρανθες,1,1,DIOSC_DMM,Dioscorides
πορφυρας πωματα,πορφύρας πώματα,πορφυρας πωματα,1,1,DIOSC_DMM,Dioscorides
πορφυριζον,πορφυρίζον,πορφυριζον,2,2,DIOSC_DMM,Dioscorides
πορφυρων πωματα,πορφυρῶν πώματα,πορφυρων πωματα,1,1,AET_LM,Aetius
ποταμια ψαμμος,ποταμία ψάμμος,ποταμια ψαμμος,1,1,GAL_SMT,Galen
ποταμιος,ποτάμιος,ποταμιος,1,1,DIOSC_DMM,Dioscorides
ποταμιος ιχθυς,ποτάμιος ἰχθύς,ποταμιος ιχθυς,1,1,DIOSC_DMM,Dioscorides
ποταμογειτων,Ποταμογείτων,ποταμογειτων,1,1,ORIB_CM,Oribasius
ποταμογειτων,ποταμογείτων,ποταμογειτων,4,4,AET_LM;DIOSC_DMM;GAL_SMT;PAUL_AEG,Aetius;Dioscorides;Galen;Paul
ποτηριον,ποτήριον,ποτηριον,2,2,GAL_SMT;PAUL_AEG,Galen;Paul
ποτιμος υδωρ,ποτίμος ὕδωρ,ποτιμος υδωρ,1,1,DIOSC_DMM,Dioscorides
ποτιρριον,ποτίρριον,ποτιρριον,1,1,DIOSC_DMM,Dioscorides
ποτιρριον,ποτίρριον,ποτιρριον,1,1,PAUL_AEG,Paul
ποτον,ποτόν,ποτον,2,2,DIOSC_DMM;GAL_SMT,Dioscorides;Galen
ποᾳ χλωρᾳ,πόᾳ χλωρᾷ,ποα χλωρα,1,1,GAL_SMT,Galen
πραικοκκιον,πραικόκκιον,πραικοκκιον,2,2,GAL_ALIM,Galen
πραιτυτιανος,Πραιτυτιανός,πραιτυτιανος,1,1,DIOSC_DMM,Dioscorides
πραμνειος,Πράμνειος,πραμνειος,1,1,DIOSC_DMM,Dioscorides
πρασιζουσα χολη,πρασιζοῦσα χολή,πρασιζουσα χολη,1,1,GAL_ALIM,Galen
πρασιον,πράσιον,πρασιον,18,18,AET_LM;DIOSC_DMM;GAL_SMT;ORIB_CM;PAUL_AEG,Aetius;Dioscorides;Galen;Oribasius;Paul
πρασιον,πράσιον,πρασιον,2,2,PAUL_AEG,Paul
πρασιον ακμαιον,πράσιον ἀκμαῖον,πρασιον ακμαιον,1,1,DIOSC_DMM,Dioscorides
πρασιου φυλλων,πρασίου φύλλων,πρασιου φυλλων,1,1,DIOSC_DMM,Dioscorides
πρασοειδες,πρασοειδές,πρασοειδες,3,3,AET_LM;GAL_SMT;PAUL_AEG,Aetius;Galen;Paul
πρασοειδης χολη,πρασοειδὴς χολή,πρασοειδης χολη,1,1,GAL_ALIM,Galen
πρασον,πράσον,πρασον,22,22,AET_LM;DIOSC_DMM;GAL_ALIM;GAL_SMT;ORIB_CM;PAUL_AEG,Aetius;Dioscorides;Galen;Oribasius;Paul
πρασον,πράσον,πρασον,1,1,PAUL_AEG,Paul
πρασον,πρᾶσον,πρασον,4,4,AET_LM;GAL_ALIM;GAL_SMT;ORIB_CM,Aetius;Galen;Oribasius
πρασον αγριον,πράσον ἄγριον,πρασον αγριον,1,1,PAUL_AEG,Paul
πρασον κεφαλωτον,πράσον κεφαλωτόν,πρασον κεφαλωτον,1,1,DIOSC_DMM,Dioscorides
πρασον μεγα,πράσον μέγα,πρασον μεγα,1,1,DIOSC_DMM,Dioscorides
πρεκοκκιον,πρεκόκκιον,πρεκοκκιον,2,2,AET_LM;GAL_SMT,Aetius;Galen
πρεμνου,πρέμνου,πρεμνου,1,1,DIOSC_DMM,Dioscorides
πρεμνων,πρέμνων,πρεμνων,1,1,DIOSC_DMM,Dioscorides
πρηστηρ,πρηστήρ,πρηστηρ,1,1,DIOSC_DMM,Dioscorides
πρινος,πρίνος,πρινος,1,1,PAUL_AEG,Paul
πρινος,πρῖνος,πρινος,5,5,AET_LM;DIOSC_DMM;GAL_SMT;PAUL_AEG,Aetius;Dioscorides;Galen;Paul
πρισματων του ξυλου,πρισμάτων τοῦ ξύλου,πρισματων του ξυλου,1,1,DIOSC_DMM,Dioscorides
προβατειον,προβάτειον,προβατειον,1,1,ORIB_CM,Oribasius
προβατειον γαλα,προβατεῖον γάλα,προβατειον γαλα,1,1,GAL_SMT,Galen
προβατειος,προβάτειος,προβατειος,3,3,DIOSC_DMM;PAUL_AEG,Dioscorides;Paul
προβατον,πρόβατον,προβατον,3,3,AET_LM;GAL_SMT,Aetius;Galen
προβατον,πρόβατον,προβατον,1,1,PAUL_AEG,Paul
προβατον ορχις,πρόβατον ὄρχις,προβατον ορχις,1,1,AET_LM,Aetius
προβατου,προβάτου,προβατου,1,1,DIOSC_DMM,Dioscorides
προκοκκιον,προκόκκιον,προκοκκιον,1,1,PAUL_AEG,Paul
προπολις,πρόπολις,προπολις,5,5,AET_LM;DIOSC_DMM;GAL_SMT;ORIB_CM;PAUL_AEG,Aetius;Dioscorides;Galen;Oribasius;Paul
προσεοικως,προσεοικώς,προσεοικως,1,1,PAUL_AEG,Paul
προσοψημα,προσοψῆμα,προσοψημα,1,1,DIOSC_DMM,Dioscorides
προσφατον γαλα,πρόσφατον γάλα,προσφατον γαλα,1,1,DIOSC_DMM,Dioscorides
προσφατον ροδον,πρόσφατον ῥόδον,προσφατον ροδον,1,1,DIOSC_DMM,Dioscorides
προσφατον ωον,πρόσφατον ᾠόν,προσφατον ωον,1,1,AET_LM,Aetius
προσφατος σμυρνη,πρόσφατος σμύρνη,προσφατος σμυρνη,1,1,AET_LM,Aetius
προσφατος τυρος,πρόσφατος τυρός,προσφατος τυρος,1,1,AET_LM,Aetius
προσωπιον,προσώπιον,προσωπιον,1,1,DIOSC_DMM,Dioscorides
προσωπις,προσωπίς,προσωπις,2,2,DIOSC_DMM;GAL_SMT,Dioscorides;Galen
προσωπιτις,προσωπιτίς,προσωπιτις,1,1,ORIB_CM,Oribasius
προυμνον,προῦμνον,προυμνον,2,2,GAL_SMT;PAUL_AEG,Galen;Paul
προυνον,προῦνον,προυνον,1,1,AET_LM,Aetius
πρωτογαλα,πρωτόγαλα,πρωτογαλα,1,1,AET_LM,Aetius
πρωτοστακτον,πρωτόστακτον,πρωτοστακτον,1,1,PAUL_AEG,Paul
πστρικος,Πστρικός,πστρικος,1,1,DIOSC_DMM,Dioscorides
πταρμικη,πταρμική,πταρμικη,4,4,DIOSC_DMM;GAL_SMT;ORIB_CM;PAUL_AEG,Dioscorides;Galen;Oribasius;Paul
πτελεα,πτελέα,πτελεα,9,9,AET_LM;DIOSC_DMM;GAL_SMT;ORIB_CM;PAUL_AEG,Aetius;Dioscorides;Galen;Oribasius;Paul
πτελεα,πτελέα,πτελεα,1,1,PAUL_AEG,Paul
πτερα,πτερὰ,πτερα,2,2,DIOSC_DMM;GAL_SMT,Dioscorides;Galen
πτερα,πτερά,πτερα,1,1,AET_LM,Aetius
πτερεως η ριζα,Πτέρεως ἡ ῥίζα,πτερεως η ριζα,1,1,AET_LM,Aetius
πτερις,πτέρις,πτερις,8,8,DIOSC_DMM;GAL_SMT;ORIB_CM,Dioscorides;Galen;Oribasius
πτερις,πτερίς,πτερις,2,2,DIOSC_DMM;PAUL_AEG,Dioscorides;Paul
πτερις,πτέρις,πτερις,2,2,AET_LM;PAUL_AEG,Aetius;Paul
πτερις ριζαν,πτέρις ῥίζαν,πτερις ριζαν,1,1,GAL_SMT,Galen
πτερυξ,πτέρυξ,πτερυξ,1,1,DIOSC_DMM,Dioscorides
πτερων,πτερῶν,πτερων,1,1,AET_LM,Aetius
πτιλων,πτίλων,πτιλων,1,1,PAUL_AEG,Paul
πτισανη,πτισάνη,πτισανη,4,4,DIOSC_DMM,Dioscorides
πτυαλον,πτύαλον,πτυαλον,2,2,AET_LM,Aetius
πτυελον,πτύελον,πτυελον,4,4,DIOSC_DMM;GAL_SMT;ORIB_CM,Dioscorides;Galen;Oribasius
πτυελον ασιτος,πτύελον ἄσιτος,πτυελον ασιτος,1,1,DIOSC_DMM,Dioscorides
πτυελος,πτύελος,πτυελος,1,1,GAL_SMT,Galen
πτυον,πτύον,πτυον,1,1,GAL_SMT,Galen
πτωμα,πτῶμα,πτωμα,1,1,DIOSC_DMM,Dioscorides
πυθμενα,πυθμένα,πυθμενα,1,1,DIOSC_DMM,Dioscorides
πυκνοκοκκον,πυκνόκοκκον,πυκνοκοκκον,1,1,PAUL_AEG,Paul
πυκνοκομον,πυκνόκομον,πυκνοκομον,1,1,DIOSC_DMM,Dioscorides
πυκνοκομος,πυκνόκομος,πυκνοκομος,2,2,GAL_SMT;ORIB_CM,Galen;Oribasius
πυξακανθα,πυξάκανθα,πυξακανθα,1,1,DIOSC_DMM,Dioscorides
πυξακανθον,πυξάκανθον,πυξακανθον,1,1,GAL_SMT,Galen
πυξακανθος,πυξάκανθος,πυξακανθος,1,1,AET_LM,Aetius
πυξος,πύξος,πυξος,2,2,DIOSC_DMM,Dioscorides
πυξου κομας,πύξου κόμας,πυξου κομας,1,1,DIOSC_DMM,Dioscorides
πυον,πύον,πυον,2,2,AET_LM;GAL_SMT,Aetius;Galen
πυον,πῦον,πυον,5,5,AET_LM;GAL_SMT,Aetius;Galen
πυοποιον φαρμακον,πυοποιὸν φάρμακον,πυοποιον φαρμακον,1,1,ORIB_CM,Oribasius
πυρ,πῦρ,πυρ,4,4,GAL_SMT;ORIB_CM,Galen;Oribasius
πυρακανθη,πυράκανθη,πυρακανθη,1,1,DIOSC_DMM,Dioscorides
πυρακανθη,πυρακάνθη,πυρακανθη,2,2,DIOSC_DMM,Dioscorides
πυργιτης,πυργίτης,πυργιτης,1,1,AET_LM,Aetius
πυρεθρον,πυρέθρον,πυρεθρον,2,2,DIOSC_DMM;ORIB_CM,Dioscorides;Oribasius
πυρεθρον,πύρεθρον,πυρεθρον,5,5,AET_LM;DIOSC_DMM;GAL_ALIM;GAL_SMT;PAUL_AEG,Aetius;Dioscorides;Galen;Paul
πυρεθρον,πύρεθρον,πυρεθρον,1,1,GAL_SMT,Galen
πυρεθρου η ριζα,Πυρέθρου ἡ ῥίζα,πυρεθρου η ριζα,1,1,PAUL_AEG,Paul
πυρεθρου ριζα,Πυρέθρου ῥίζα,πυρεθρου ριζα,1,1,ORIB_CM,Oribasius
πυρεθρου ριζη,Πυρέθρου ῥίζῃ,πυρεθρου ριζη,1,1,AET_LM,Aetius
πυρεθρου ριζη,πυρέθρου ῥίζῃ,πυρεθρου ριζη,1,1,GAL_SMT,Galen
πυρην,πυρὴν,πυρην,2,2,DIOSC_DMM;GAL_SMT,Dioscorides;Galen
πυρηνα,πυρῆνα,πυρηνα,1,1,DIOSC_DMM,Dioscorides
πυρηνας,πυρῆνας,πυρηνας,1,1,DIOSC_DMM,Dioscorides
πυρηνες ελαιων,πυρῆνες ἐλαιῶν,πυρηνες ελαιων,1,1,GAL_SMT,Galen
πυρηνες των φοινικων,πυρῆνες τῶν φοινίκων,πυρηνες των φοινικων,1,1,DIOSC_DMM,Dioscorides
πυρηνι,πυρῆνι,πυρηνι,1,1,DIOSC_DMM,Dioscorides
πυρηνι ελαιας,πυρῆνι ἐλαίας,πυρηνι ελαιας,1,1,DIOSC_DMM,Dioscorides
πυρινον,πυρῖνον,πυρινον,1,1,PAUL_AEG,Paul
πυρινον αλευρον,πυρῖνον ἄλευρον,πυρινον αλευρον,2,2,AET_LM,Aetius
πυρινον αλευρον,πύρινον ἄλευρον,πυρινον αλευρον,3,3,AET_LM;GAL_SMT,Aetius;Galen
πυρινος,πύρινος,πυρινος,1,1,GAL_SMT,Galen
πυριτης,πυρίτης,πυριτης,5,5,AET_LM;DIOSC_DMM;GAL_SMT;ORIB_CM,Aetius;Dioscorides;Galen;Oribasius
πυριτης,πυριτης,πυριτης,1,1,PAUL_AEG,Paul
πυριτης λιθος,πυρίτης λίθος,πυριτης λιθος,2,2,DIOSC_DMM;GAL_SMT,Dioscorides;Galen
πυριτις,πυρῖτις,πυριτις,3,3,DIOSC_DMM;GAL_SMT;PAUL_AEG,Dioscorides;Galen;Paul
πυρον,πῦρον,πυρον,1,1,DIOSC_DMM,Dioscorides
πυρος,πυρός,πυρος,33,33,AET_LM;DIOSC_DMM;GAL_ALIM;GAL_SMT;ORIB_CM;PAUL_AEG,Aetius;Dioscorides;Galen;Oribasius;Paul
πυρος,πυρός,πυρος,2,2,GAL_SMT;PAUL_AEG,Galen;Paul
πυρος,πῦρος,πυρος,4,4,DIOSC_DMM;GAL_ALIM;GAL_SMT,Dioscorides;Galen
πυρος αγριος,πῦρος ἄγριος,πυρος αγριος,1,1,DIOSC_DMM,Dioscorides
πυρος αχνη,πυρὸς ἄχνη,πυρος αχνη,2,2,DIOSC_DMM,Dioscorides
πυρος σητανιος,πῦρος σητάνιος,πυρος σητανιος,1,1,DIOSC_DMM,Dioscorides
πυρρον,πυρρόν,πυρρον,1,1,AET_LM,Aetius
πυτια,πυτία,πυτια,8,8,AET_LM;DIOSC_DMM;GAL_ALIM;ORIB_CM;PAUL_AEG,Aetius;Dioscorides;Galen;Oribasius;Paul
πυτια,πυτία,πυτια,1,1,AET_LM,Aetius
πυτια λαγωων,πυτία λαγωῶν,πυτια λαγωων,1,1,PAUL_AEG,Paul
πυτια φωκης,πυτία φώκης,πυτια φωκης,1,1,PAUL_AEG,Paul
πωμα κογχιλιου,πῶμα κογχιλίου,πωμα κογχιλιου,1,1,DIOSC_DMM,Dioscorides
πωματα,πώματα,πωματα,1,1,PAUL_AEG,Paul
πωματα κογχυλιων ινδικων,πώματά κογχυλίων Ἰνδικῶν,πωματα κογχυλιων ινδικων,1,1,PAUL_AEG,Paul
πωματα πορφυρων,πώματα πορφυρῶν,πωματα πορφυρων,1,1,GAL_SMT,Galen
πωματιας,πωματίας,πωματιας,1,1,DIOSC_DMM,Dioscorides
ρα,ῥᾶ,ρα,4,4,AET_LM;DIOSC_DMM;GAL_SMT;PAUL_AEG,Aetius;Dioscorides;Galen;Paul
ραβδια,ῥαβδία,ραβδια,3,3,DIOSC_DMM,Dioscorides
ραβδια,ῥαβδία,ραβδια,2,2,DIOSC_DMM,Dioscorides
ραβδιω,ῥαβδίῳ,ραβδιω,1,1,DIOSC_DMM,Dioscorides
ραβδοι,ῥάβδοι,ραβδοι,1,1,PAUL_AEG,Paul
ραβδοις,ῥάβδοις,ραβδοις,2,2,DIOSC_DMM,Dioscorides
ραβδοις,ῥάβδοις,ραβδοις,1,1,DIOSC_DMM,Dioscorides
ραβδον,ῥάβδον,ραβδον,1,1,DIOSC_DMM,Dioscorides
ραβδος του μελανος,ῥάβδος τοῦ μέλανος,ραβδος του μελανος,1,1,AET_LM,Aetius
ραβδους,ῥάβδους,ραβδους,7,7,DIOSC_DMM,Dioscorides
ραβδους,ῥάβδους,ραβδους,1,1,DIOSC_DMM,Dioscorides
ραβδων,ῥάβδων,ραβδων,1,1,DIOSC_DMM,Dioscorides
ραβδων,ῥάβδων,ραβδων,3,3,AET_LM;GAL_SMT;ORIB_CM,Aetius;Galen;Oribasius
ραγας,ῥᾶγας,ραγας,2,2,DIOSC_DMM,Dioscorides
ραγες,ῥᾶγες,ραγες,2,2,DIOSC_DMM,Dioscorides
ραγι σταφυλης,ῥαγὶ σταφυλῆς,ραγι σταφυλης,2,2,DIOSC_DMM;PAUL_AEG,Dioscorides;Paul
ρακος,ῥάκος,ρακος,1,1,DIOSC_DMM,Dioscorides
ρακος,ῥάκος,ρακος,1,1,PAUL_AEG,Paul
ρακος λινον,ῥάκος λινόν,ρακος λινον,1,1,DIOSC_DMM,Dioscorides
ραμνος,ῥάμνος,ραμνος,5,5,AET_LM;DIOSC_DMM;GAL_SMT;ORIB_CM,Aetius;Dioscorides;Galen;Oribasius
ραμνος,ῥάμνος,ραμνος,1,1,PAUL_AEG,Paul
ραξ,ῥάξ,ραξ,1,1,GAL_ALIM,Galen
ρασδος,ῥάσδος,ρασδος,1,1,AET_LM,Aetius
ραφανινον,ῥαφάνινον,ραφανινον,4,4,AET_LM;GAL_SMT;PAUL_AEG,Aetius;Galen;Paul
ραφανινον,ῥαφανῖνον,ραφανινον,1,1,GAL_SMT,Galen
ραφανινον,ῥαφάνινον,ραφανινον,1,1,ORIB_CM,Oribasius
ραφανινον ελαιον,ῥαφάνινον ἔλαιον,ραφανινον ελαιον,1,1,GAL_SMT,Galen
ραφανινος,ῥαφανῖνος,ραφανινος,1,1,AET_LM,Aetius
ραφανις,ῥαφανίς,ραφανις,7,7,AET_LM;DIOSC_DMM;GAL_ALIM;GAL_SMT;ORIB_CM,Aetius;Dioscorides;Galen;Oribasius
ραφανις αγρια,ῥαφανίς ἀγρία,ραφανις αγρια,2,2,DIOSC_DMM;ORIB_CM,Dioscorides;Oribasius
ραφανος,ῥάφανος,ραφανος,4,4,DIOSC_DMM,Dioscorides
ραφανος,ῥάφανος,ραφανος,1,1,PAUL_AEG,Paul
ραφανος αγρια,ῥάφανος ἀγρία,ραφανος αγρια,2,2,DIOSC_DMM,Dioscorides
ρευμα,ῥεῦμα,ρευμα,2,2,AET_LM;ORIB_CM,Aetius;Oribasius
ρεφανος,ῥέφανος,ρεφανος,1,1,DIOSC_DMM,Dioscorides
ρεφανου φλοιου,ῥεφάνου φλοιοῦ,ρεφανου φλοιου,1,1,DIOSC_DMM,Dioscorides
ρηον,ῥῆον,ρηον,8,8,AET_LM;DIOSC_DMM;GAL_SMT;ORIB_CM;PAUL_AEG,Aetius;Dioscorides;Galen;Oribasius;Paul
ρηον ποντικον,ῥῆον ποντικόν,ρηον ποντικον,1,1,AET_LM,Aetius
ρητινη,ῥητίνη,ρητινη,58,58,AET_LM;DIOSC_DMM;GAL_ALIM;GAL_SMT;ORIB_CM;PAUL_AEG,Aetius;Dioscorides;Galen;Oribasius;Paul
ρητινη,ῥητίνη,ρητινη,3,3,GAL_SMT;PAUL_AEG,Galen;Paul
ρητινη πιτυινη,ῥητίνη πιτυΐνη,ρητινη πιτυινη,1,1,DIOSC_DMM,Dioscorides
ρητινη πιτυινη,ῥητίνη πιτυίνη,ρητινη πιτυινη,2,2,DIOSC_DMM,Dioscorides
ρητινη στροβιλινη,ῥητίνη στροβιλίνη,ρητινη στροβιλινη,1,1,DIOSC_DMM,Dioscorides
ρητινη τερεβινθινη,ῥητίνη τερεβινθίνη,ρητινη τερεβινθινη,6,6,DIOSC_DMM,Dioscorides
ρητινη τερμινθινη,ῥητίνη τερμινθίνη,ρητινη τερμινθινη,1,1,GAL_SMT,Galen
ρητινης,ῥητίνης,ρητινης,1,1,PAUL_AEG,Paul
ριζα,ῥίζα,ριζα,138,138,AET_LM;DIOSC_DMM;GAL_SMT;ORIB_CM;PAUL_AEG,Aetius;Dioscorides;Galen;Oribasius;Paul
ριζα,ῥίζα,ριζα,146,143,AET_LM;DIOSC_DMM;GAL_ALIM;GAL_SMT;ORIB_CM;PAUL_AEG,Aetius;Dioscorides;Galen;Oribasius;Paul
ριζα αγρωστεως,ῥίζα ἀγρώστεως,ριζα αγρωστεως,1,1,AET_LM,Aetius
ριζα βατου,ῥίζα βάτου,ριζα βατου,1,1,GAL_SMT,Galen
ριζα λυκαψου,ῥίζα λυκαψοῦ,ριζα λυκαψου,1,1,PAUL_AEG,Paul
ριζα της ποας,ῥίζα τῆς πόας,ριζα της ποας,2,2,GAL_SMT;ORIB_CM,Galen;Oribasius
ριζα της ραφανιδος,ῥίζα (τῆς ῥαφανίδος),ριζα (της ραφανιδος),1,1,GAL_ALIM,Galen
ριζα χαμαιλεοντος λευκου,ῥίζα χαμαιλέοντος λευκοῦ,ριζα χαμαιλεοντος λευκου,1,1,PAUL_AEG,Paul
ριζα χαμαιλεοντος μελανος,ῥίζα χαμαιλέοντος μέλανος,ριζα χαμαιλεοντος μελανος,1,1,ORIB_CM,Oribasius
ριζα χαμαιλεοντος μελανος,ῥίζα χαμαιλέοντος μέλανος,ριζα χαμαιλεοντος μελανος,1,1,PAUL_AEG,Paul
ριζαι,ῥίζαι,ριζαι,17,17,DIOSC_DMM;GAL_SMT;ORIB_CM;PAUL_AEG,Dioscorides;Galen;Oribasius;Paul
ριζαι,ῥίζαι,ριζαι,16,16,AET_LM;DIOSC_DMM;GAL_SMT;ORIB_CM;PAUL_AEG,Aetius;Dioscorides;Galen;Oribasius;Paul
ριζαια,ῥίζαια,ριζαια,1,1,DIOSC_DMM,Dioscorides
ριζαις,ῥίζαις,ριζαις,7,7,DIOSC_DMM;ORIB_CM,Dioscorides;Oribasius
ριζαις,ῥίζαις,ριζαις,3,3,GAL_SMT;ORIB_CM,Galen;Oribasius
ριζαις ναρδου,ῥίζαις νάρδου,ριζαις ναρδου,1,1,DIOSC_DMM,Dioscorides
ριζαν,ῥίζαν,ριζαν,34,34,DIOSC_DMM;GAL_SMT;PAUL_AEG,Dioscorides;Galen;Paul
ριζαν,ῥίζαν,ριζαν,39,38,AET_LM;DIOSC_DMM;GAL_SMT;ORIB_CM;PAUL_AEG,Aetius;Dioscorides;Galen;Oribasius;Paul
ριζαν αγχουσης,ῥίζαν ἀγχούσης,ριζαν αγχουσης,1,1,AET_LM,Aetius
ριζαν ελαιας,ῥίζαν ἐλαίας,ριζαν ελαιας,2,2,GAL_SMT;PAUL_AEG,Galen;Paul
ριζαν της ονοκλειας,ῥίζαν τῆς ὀνοκλείας,ριζαν της ονοκλειας,1,1,GAL_SMT,Galen
ριζας,ῥίζας,ριζας,6,6,DIOSC_DMM,Dioscorides
ριζας,ῥίζας,ριζας,4,4,AET_LM;GAL_SMT;ORIB_CM,Aetius;Galen;Oribasius
ριζας αμπελων,ῥίζας ἀμπέλων,ριζας αμπελων,1,1,AET_LM,Aetius
ριζη,ῥίζῃ,ριζη,4,4,AET_LM;DIOSC_DMM;GAL_SMT,Aetius;Dioscorides;Galen
ριζη,ῥίζῃ,ριζη,7,7,AET_LM;DIOSC_DMM;GAL_SMT;ORIB_CM;PAUL_AEG,Aetius;Dioscorides;Galen;Oribasius;Paul
ριζης,ῤίζης,ριζης,1,1,DIOSC_DMM,Dioscorides
ριζης,ῥίζης,ριζης,22,22,AET_LM;DIOSC_DMM;GAL_SMT,Aetius;Dioscorides;Galen
ριζης,ῥίζης,ριζης,18,18,AET_LM;DIOSC_DMM;GAL_SMT;ORIB_CM;PAUL_AEG,Aetius;Dioscorides;Galen;Oribasius;Paul
ριζης βρυωνιας,ῥίζης βρυωνίας,ριζης βρυωνιας,1,1,PAUL_AEG,Paul
ριζης φλοιος,ῥίζης φλοιὸς,ριζης φλοιος,1,1,ORIB_CM,Oribasius
ριζης φλοιος,ῥίζης φλοιὸς,ριζης φλοιος,1,1,GAL_SMT,Galen
ριζης φλοιος,ῥίζης φλοιός,ριζης φλοιος,1,1,ORIB_CM,Oribasius
ριζια,ῥιζία,ριζια,1,1,DIOSC_DMM,Dioscorides
ριζιον,ῥιζίον,ριζιον,2,2,DIOSC_DMM,Dioscorides
ριζων,ῥιζῶν,ριζων,14,14,AET_LM;DIOSC_DMM;GAL_SMT;PAUL_AEG,Aetius;Dioscorides;Galen;Paul
ριζων ασπαραγου,ῥιζῶν ἀσπαράγου,ριζων ασπαραγου,1,1,DIOSC_DMM,Dioscorides
ριζῃ,ῥίζῃ,ριζη,2,2,GAL_SMT,Galen
ριζῃ στρουθιου,ῥίζῃ στρουθίου,ριζη στρουθιου,1,1,GAL_SMT,Galen
ρινημα,ῥίνημα,ρινημα,2,2,DIOSC_DMM,Dioscorides
ρινημα χαλκου,ῥίνημα χαλκοῦ,ρινημα χαλκου,1,1,DIOSC_DMM,Dioscorides
ρινηματα,ῥινήματα,ρινηματα,1,1,GAL_SMT,Galen
ρινηματα μολυβδου,ῥινήματα μολύβδου,ρινηματα μολυβδου,1,1,DIOSC_DMM,Dioscorides
ρινηματων,ῥινημάτων,ρινηματων,1,1,DIOSC_DMM,Dioscorides
ρινισμα,ῥίνισμα,ρινισμα,1,1,DIOSC_DMM,Dioscorides
ρινισμα οδοντος ελεφαντος,ῥίνισμα ὀδόντος ἐλέφαντος,ρινισμα οδοντος ελεφαντος,1,1,DIOSC_DMM,Dioscorides
ρλοφυτον,ῥλόφυτον,ρλοφυτον,1,1,DIOSC_DMM,Dioscorides
ρνοβρυχις,ῥνοβρυχίς,ρνοβρυχις,1,1,DIOSC_DMM,Dioscorides
ροα,ῥοά,ροα,8,8,AET_LM;DIOSC_DMM,Aetius;Dioscorides
ροα,ῥόα,ροα,9,9,DIOSC_DMM;ORIB_CM,Dioscorides;Oribasius
ροα απυρηνος,ῥόα ἄπυρηνος,ροα απυρηνος,1,1,DIOSC_DMM,Dioscorides
ροα οξεια,ῥοὰ ὀξεῖα,ροα οξεια,1,1,DIOSC_DMM,Dioscorides
ροας πτερυγια,ῥόας πτερύγια,ροας πτερυγια,1,1,DIOSC_DMM,Dioscorides
ροβια,ροβία,ροβια,1,1,DIOSC_DMM,Dioscorides
ροδια,ῥοδία,ροδια,1,1,GAL_SMT,Galen
ροδια,ῥοδιά,ροδια,1,1,ORIB_CM,Oribasius
ροδια ριζα,ῥοδία ῥίζα,ροδια ριζα,1,1,DIOSC_DMM,Dioscorides
ροδια ριζα,ῥοδία ῥίζα,ροδια ριζα,1,1,GAL_SMT,Galen
ροδια ριζα,Ῥοδία ῥίζα,ροδια ριζα,2,2,ORIB_CM;PAUL_AEG,Oribasius;Paul
ροδινον,ῥοδῖνον,ροδινον,3,3,AET_LM;DIOSC_DMM,Aetius;Dioscorides
ροδινον,ῥόδινον,ροδινον,44,44,AET_LM;DIOSC_DMM;GAL_SMT,Aetius;Dioscorides;Galen
ροδινον ελαιον,ῥόδινον ἔλαιον,ροδινον ελαιον,5,5,AET_LM;DIOSC_DMM;ORIB_CM,Aetius;Dioscorides;Oribasius
ροδινος,ῥόδινος,ροδινος,7,7,AET_LM;DIOSC_DMM;GAL_SMT;PAUL_AEG,Aetius;Dioscorides;Galen;Paul
ροδιος,Ῥόδιος,ροδιος,1,1,DIOSC_DMM,Dioscorides
ροδοδαφνη,ῥοδοδάφνη,ροδοδαφνη,6,6,AET_LM;DIOSC_DMM;GAL_SMT;PAUL_AEG,Aetius;Dioscorides;Galen;Paul
ροδοδενδρον,ῥοδόδενδρον,ροδοδενδρον,1,1,DIOSC_DMM,Dioscorides
ροδον,ῥόδον,ροδον,18,18,AET_LM;DIOSC_DMM;GAL_SMT;ORIB_CM;PAUL_AEG,Aetius;Dioscorides;Galen;Oribasius;Paul
ροδον,ῥόδον,ροδον,2,2,AET_LM;ORIB_CM,Aetius;Oribasius
ροδον αβροχον,ῥόδον ἄβροχον,ροδον αβροχον,1,1,DIOSC_DMM,Dioscorides
ροδον ερυθρον,ῥόδον ἐρυθρόν,ροδον ερυθρον,1,1,AET_LM,Aetius
ροδον ξηρον,ῥόδον ξηρόν,ροδον ξηρον,2,2,DIOSC_DMM,Dioscorides
ροδον συνθετον,ῥόδον σύνθετον,ροδον συνθετον,1,1,PAUL_AEG,Paul
ροδον χλωρον,ῥόδον χλωρόν,ροδον χλωρον,1,1,DIOSC_DMM,Dioscorides
ροδων κεφαλων,ῥόδων κεφαλῶν,ροδων κεφαλων,1,1,AET_LM,Aetius
ροια,ῥοιά,ροια,8,8,AET_LM;DIOSC_DMM;GAL_ALIM;GAL_SMT;PAUL_AEG,Aetius;Dioscorides;Galen;Paul
ροια,ῥοιά,ροια,1,1,PAUL_AEG,Paul
ροια αγρια,ῥοιά ἄγρια,ροια αγρια,1,1,AET_LM,Aetius
ροια αγρια,ῥοιὰ ἀγρία,ροια αγρια,1,1,GAL_SMT,Galen
ροιας,ῥοιάς,ροιας,3,3,DIOSC_DMM;GAL_SMT,Dioscorides;Galen
ροιας λεμματα,ῥοιᾶς λέμματα,ροιας λεμματα,1,1,GAL_SMT,Galen
ροιας μηκων,ῥοιάς μήκων,ροιας μηκων,1,1,DIOSC_DMM,Dioscorides
ροις,ῥοΐς,ροις,1,1,DIOSC_DMM,Dioscorides
ρου,ῥοῦ,ρου,1,1,AET_LM,Aetius
ρου καρπος,ῥοῦ καρπὸς,ρου καρπος,1,1,GAL_SMT,Galen
ρους,ῥοῦς,ρους,16,16,AET_LM;DIOSC_DMM;GAL_SMT;ORIB_CM;PAUL_AEG,Aetius;Dioscorides;Galen;Oribasius;Paul
ρους βυρσοδεψικος,ῥοῦς βυρσοδεψικός,ρους βυρσοδεψικος,1,1,PAUL_AEG,Paul
ρους γυναικειος,ῥοῦς γυναικεῖος,ρους γυναικειος,1,1,GAL_SMT,Galen
ρους ερυθρος,ῥοῦς ἐρυθρός,ρους ερυθρος,1,1,GAL_SMT,Galen
ρους μαγειρικος,ῥοῦς μαγειρικός,ρους μαγειρικος,1,1,AET_LM,Aetius
ρουσμαρινα,ῥουσμαρῖνα,ρουσμαρινα,1,1,DIOSC_DMM,Dioscorides
ρουσμαρινον,ῥουσμαρῖνον,ρουσμαρινον,2,2,DIOSC_DMM;GAL_SMT,Dioscorides;Galen
ροφημα,ῥόφημα,ροφημα,1,1,DIOSC_DMM,Dioscorides
ροφημα,ῥόφημα,ροφημα,1,1,PAUL_AEG,Paul
ρυας,ῥυάς,ρυας,1,1,PAUL_AEG,Paul
ρυπαρια,ῥυπαρία,ρυπαρια,1,1,AET_LM,Aetius
ρυπος,ῥύπος,ρυπος,15,15,AET_LM;DIOSC_DMM;GAL_ALIM;GAL_SMT;ORIB_CM,Aetius;Dioscorides;Galen;Oribasius
ρυπος,ῥύπος,ρυπος,1,1,PAUL_AEG,Paul
ρυπος,ῥῦπος,ρυπος,1,1,AET_LM,Aetius
ρυπος ανθρωπου,ῥύπος ἀνθρώπου,ρυπος ανθρωπου,1,1,ORIB_CM,Oribasius
ρυπος ανθρωπων,ῥύπος ἀνθρώπων,ρυπος ανθρωπων,1,1,ORIB_CM,Oribasius
ρυπος απο των ανδριαντων,ῥύπος ἀπὸ τῶν ἀνδριάντων,ρυπος απο των ανδριαντων,1,1,ORIB_CM,Oribasius
ρυπος εν τοις ωσι,ῥύπος ἐν τοῖς ὠσὶ,ρυπος εν τοις ωσι,1,1,PAUL_AEG,Paul
ρυπος εριων προβατων,ῥύπος ἐρίων προβάτων,ρυπος εριων προβατων,1,1,GAL_SMT,Galen
ρυπος κατα παλαιστρας,ῥύπος κατὰ παλαίστρας,ρυπος κατα παλαιστρας,1,1,PAUL_AEG,Paul
ρυπος προβατων,ῥύπος προβάτων,ρυπος προβατων,2,2,AET_LM;ORIB_CM,Aetius;Oribasius
ρυπος ωτος,ῥύπος ὠτός,ρυπος ωτος,1,1,GAL_SMT,Galen
ρυσις,ῥῦσις,ρυσις,1,1,DIOSC_DMM,Dioscorides
σαβινον,Σαβῖνον,σαβινον,3,3,GAL_SMT;ORIB_CM,Galen;Oribasius
σαβινον,σαβῖνον,σαβινον,2,2,GAL_SMT;PAUL_AEG,Galen;Paul
σαβινος,σαβῖνος,σαβινος,1,1,AET_LM,Aetius
σαγαπηνον,σαγάπηνον,σαγαπηνον,2,2,DIOSC_DMM;PAUL_AEG,Dioscorides;Paul
σαγαπηνον,σαγαπηνόν,σαγαπηνον,4,4,AET_LM;DIOSC_DMM;GAL_SMT,Aetius;Dioscorides;Galen
σαγαπηνον οπος,σαγαπηνόν ὀπός,σαγαπηνον οπος,1,1,ORIB_CM,Oribasius
σαγαπηνον οπος,σαγαπηνὸν ὀπός,σαγαπηνον οπος,1,1,GAL_SMT,Galen
σακχαρ,σάκχαρ,σακχαρ,3,3,GAL_SMT;ORIB_CM;PAUL_AEG,Galen;Oribasius;Paul
σακχαρον,σάκχαρον,σακχαρον,1,1,DIOSC_DMM,Dioscorides
σαλαμανδρα,σαλαμάνδρα,σαλαμανδρα,3,3,DIOSC_DMM;GAL_SMT;PAUL_AEG,Dioscorides;Galen;Paul
σαλιουγκα,σαλιούγκα,σαλιουγκα,1,1,DIOSC_DMM,Dioscorides
σαμια,Σαμία,σαμια,4,4,AET_LM;DIOSC_DMM;ORIB_CM;PAUL_AEG,Aetius;Dioscorides;Oribasius;Paul
σαμια γη,Σαμία γῆ,σαμια γη,4,4,DIOSC_DMM;GAL_SMT;ORIB_CM,Dioscorides;Galen;Oribasius
σαμιος αστηρ,Σάμιος ἀστήρ,σαμιος αστηρ,3,3,AET_LM;GAL_SMT,Aetius;Galen
σαμψουχον,Σαμψοῦχον,σαμψουχον,1,1,ORIB_CM,Oribasius
σαμψουχον,σάμψουχον,σαμψουχον,1,1,DIOSC_DMM,Dioscorides
σαμψουχον,σαμψοῦχον,σαμψουχον,1,1,DIOSC_DMM,Dioscorides
σαμψουχος,σαμψοῦχος,σαμψουχος,1,1,DIOSC_DMM,Dioscorides
σαμψυχον,σάμψυχον,σαμψυχον,4,4,AET_LM;PAUL_AEG,Aetius;Paul
σαμψυχον,σαμψῦχον,σαμψυχον,1,1,AET_LM,Aetius
σαμψυχον,σάμψυχον,σαμψυχον,1,1,GAL_SMT,Galen
σανδαρακη,σανδαράκη,σανδαρακη,8,8,AET_LM;DIOSC_DMM;GAL_SMT;ORIB_CM,Aetius;Dioscorides;Galen;Oribasius
σανδαραχη,σανδαράχη,σανδαραχη,1,1,AET_LM,Aetius
σανδαραχη,σανδαραχη,σανδαραχη,1,1,PAUL_AEG,Paul
σανδικα,σάνδικα,σανδικα,1,1,GAL_SMT,Galen
σανδιξ,σάνδιξ,σανδιξ,1,1,GAL_SMT,Galen
σανδυξ,Σάνδυξ,σανδυξ,1,1,ORIB_CM,Oribasius
σανδυξ,σάνδυξ,σανδυξ,4,4,AET_LM;DIOSC_DMM;ORIB_CM,Aetius;Dioscorides;Oribasius
σανδυξ,σάνδυξ,σανδυξ,1,1,PAUL_AEG,Paul
σαντονικον,σαντόνικον,σαντονικον,1,1,GAL_SMT,Galen
σαξιφραγαμ,σαξίφραγαμ,σαξιφραγαμ,1,1,DIOSC_DMM,Dioscorides
σαξιφραγγον,σαξίφραγγον,σαξιφραγγον,1,1,DIOSC_DMM,Dioscorides
σαξιφραγον,σαξίφραγον,σαξιφραγον,1,1,DIOSC_DMM,Dioscorides
σαπροτης,σαπρότης,σαπροτης,1,1,AET_LM,Aetius
σαπροτης,σαπρότης,σαπροτης,1,1,PAUL_AEG,Paul
σαπροτης ξυλων,σαπρότης ξύλων,σαπροτης ξυλων,1,1,AET_LM,Aetius
σαπροτης ξυλων,σαπρότης ξύλων,σαπροτης ξυλων,1,1,PAUL_AEG,Paul
σαπροτης πτελεας,σαπρότης πτελέας,σαπροτης πτελεας,1,1,PAUL_AEG,Paul
σαπφειρος,σαπφειρος,σαπφειρος,1,1,PAUL_AEG,Paul
σαπφειρος λιθος,σάπφειρος λίθος,σαπφειρος λιθος,1,1,AET_LM,Aetius
σαπφυρος,σάπφυρος,σαπφυρος,1,1,GAL_SMT,Galen
σαπων,σάπων,σαπων,1,1,PAUL_AEG,Paul
σαραπιας,σαραπιάς,σαραπιας,3,3,AET_LM;PAUL_AEG,Aetius;Paul
σαρδιανη βαλανος,Σαρδιανὴ βάλανος,σαρδιανη βαλανος,1,1,DIOSC_DMM,Dioscorides
σαρκα,σάρκα,σαρκα,4,4,AET_LM,Aetius
σαρκα ναρκα,σάρκα νάρκα,σαρκα ναρκα,1,1,AET_LM,Aetius
σαρκα τρυγων,σάρκα τρυγών,σαρκα τρυγων,1,1,AET_LM,Aetius
σαρκα των κοχλιων,σάρκα τῶν κοχλιῶν,σαρκα των κοχλιων,1,1,AET_LM,Aetius
σαρκες,σάρκες,σαρκες,1,1,DIOSC_DMM,Dioscorides
σαρκες ανθρωπου,σάρκες ἀνθρώπου,σαρκες ανθρωπου,1,1,GAL_SMT,Galen
σαρκες εχιδνων,Σάρκες ἐχιδνῶν,σαρκες εχιδνων,1,1,ORIB_CM,Oribasius
σαρκες των κηρυκων,σάρκες τῶν κηρύκων,σαρκες των κηρυκων,1,1,DIOSC_DMM,Dioscorides
σαρκι του καρπου,σαρκὶ τοῦ καρποῦ,σαρκι του καρπου,1,1,GAL_SMT,Galen
σαρκοκολλα,Σαρκοκόλλα,σαρκοκολλα,1,1,ORIB_CM,Oribasius
σαρκοκολλα,σαρκοκόλλα,σαρκοκολλα,4,4,DIOSC_DMM;GAL_SMT,Dioscorides;Galen
σαρκοκολλα,σαρκοκόλλα,σαρκοκολλα,2,2,AET_LM;PAUL_AEG,Aetius;Paul
σαρκος,σαρκὸς,σαρκος,2,2,AET_LM;DIOSC_DMM,Aetius;Dioscorides
σαρκος αυτης,σαρκὸς αὐτῆς,σαρκος αυτης,1,1,GAL_SMT,Galen
σαρξ,σάρξ,σαρξ,10,10,AET_LM;DIOSC_DMM;GAL_SMT,Aetius;Dioscorides;Galen
σαρξ,σὰρξ,σαρξ,13,13,AET_LM;DIOSC_DMM;GAL_ALIM;ORIB_CM;PAUL_AEG,Aetius;Dioscorides;Galen;Oribasius;Paul
σαρξ,σάρξ,σαρξ,3,3,AET_LM;GAL_SMT,Aetius;Galen
σαρξ θυννου,σάρξ θύννου,σαρξ θυννου,1,1,DIOSC_DMM,Dioscorides
σαρξ ιχθυων,σάρξ ἰχθύων,σαρξ ιχθυων,1,1,AET_LM,Aetius
σαρξ του ταριχηρου σιλουρου,σὰρξ τοῦ ταριχηροῦ σιλούρου,σαρξ του ταριχηρου σιλουρου,1,1,DIOSC_DMM,Dioscorides
σαρξιφαγες,σαρξιφαγές,σαρξιφαγες,1,1,PAUL_AEG,Paul
σαταναριαμ,σατανάριαμ,σαταναριαμ,1,1,DIOSC_DMM,Dioscorides
σατυριον,Σατύριον,σατυριον,1,1,ORIB_CM,Oribasius
σατυριον,σατύριον,σατυριον,4,4,AET_LM;DIOSC_DMM;GAL_SMT;PAUL_AEG,Aetius;Dioscorides;Galen;Paul
σαυρα,σαύρα,σαυρα,6,6,DIOSC_DMM;GAL_SMT;PAUL_AEG,Dioscorides;Galen;Paul
σαυρα,σαύρα,σαυρα,2,2,PAUL_AEG,Paul
σαυρα,σαῦρα,σαυρα,2,2,DIOSC_DMM;GAL_SMT,Dioscorides;Galen
σαυρα χαλκιδικη,σαῦρα Χαλκιδική,σαυρα χαλκιδικη,1,1,GAL_SMT,Galen
σαυρας κεφαλην,σαύρας κεφαλὴν,σαυρας κεφαλην,1,1,GAL_SMT,Galen
σβεστος,σβεστός,σβεστος,1,1,GAL_SMT,Galen
σελινον,σέλινον,σελινον,20,20,AET_LM;DIOSC_DMM;GAL_SMT;ORIB_CM;PAUL_AEG,Aetius;Dioscorides;Galen;Oribasius;Paul
σελινον,σέλινον,σελινον,2,2,PAUL_AEG,Paul
σελινον αγριον,σέλινον ἄγριον,σελινον αγριον,3,3,DIOSC_DMM;PAUL_AEG,Dioscorides;Paul
σελινον ημερον,σέλινον ἥμερον,σελινον ημερον,1,1,DIOSC_DMM,Dioscorides
σελινον κηπαιον,σέλινον κηπαῖον,σελινον κηπαιον,1,1,DIOSC_DMM,Dioscorides
σελινου σπερμα,σελίνου σπέρμα,σελινου σπερμα,1,1,DIOSC_DMM,Dioscorides
σελινου σπερματι,σελίνου σπέρματι,σελινου σπερματι,1,1,DIOSC_DMM,Dioscorides
σελινου σπερματος,σελίνου σπέρματος,σελινου σπερματος,2,2,DIOSC_DMM,Dioscorides
σελινουσια,Σελινουσία,σελινουσια,2,2,ORIB_CM;PAUL_AEG,Oribasius;Paul
σελινουσια γη,Σελινουσία γῆ,σελινουσια γη,3,3,DIOSC_DMM;GAL_SMT;ORIB_CM,Dioscorides;Galen;Oribasius
σελινουσια γη,Σελινουσία γῆ,σελινουσια γη,1,1,AET_LM,Aetius
σεμιδαλις,σεμίδαλις,σεμιδαλις,4,4,AET_LM;DIOSC_DMM;GAL_ALIM,Aetius;Dioscorides;Galen
σεμιδαλις,σεμίδαλις,σεμιδαλις,1,1,PAUL_AEG,Paul
σεμιδαμις,σεμίδαμις,σεμιδαμις,1,1,GAL_SMT,Galen
σεραπιας,σεραπιάς,σεραπιας,3,3,DIOSC_DMM;GAL_SMT;ORIB_CM,Dioscorides;Galen;Oribasius
σερις,σέρις,σερις,15,15,AET_LM;DIOSC_DMM;GAL_SMT;ORIB_CM;PAUL_AEG,Aetius;Dioscorides;Galen;Oribasius;Paul
σερις,σέρις,σερις,1,1,PAUL_AEG,Paul
σερις αγρια,σέρις ἀγρία,σερις αγρια,2,2,DIOSC_DMM,Dioscorides
σερις ημερος,σέρις ἥμερος,σερις ημερος,1,1,DIOSC_DMM,Dioscorides
σεριφον,σέριφον,σεριφον,5,5,DIOSC_DMM;GAL_SMT;ORIB_CM;PAUL_AEG,Dioscorides;Galen;Oribasius;Paul
σεριφον,σέριφον,σεριφον,1,1,GAL_SMT,Galen
σεσελεως σπερμα,σεσέλεως σπέρμα,σεσελεως σπερμα,1,1,DIOSC_DMM,Dioscorides
σεσελι,σέσελι,σεσελι,8,8,AET_LM;DIOSC_DMM;GAL_SMT;ORIB_CM,Aetius;Dioscorides;Galen;Oribasius
σεσελι,σεσέλι,σεσελι,1,1,DIOSC_DMM,Dioscorides
σεσελι κγητικον,σέσελι κγητικόν,σεσελι κγητικον,1,1,DIOSC_DMM,Dioscorides
σεσελι κυπριον,σέσελι Κύπριον,σεσελι κυπριον,1,1,DIOSC_DMM,Dioscorides
σεσελις,σέσελις,σεσελις,2,2,PAUL_AEG,Paul
σεσελιτα,σεσέλιτα,σεσελιτα,1,1,DIOSC_DMM,Dioscorides
σεσιλον,σέσιλον,σεσιλον,1,1,DIOSC_DMM,Dioscorides
σευτλον,σεῦτλον,σευτλον,3,3,DIOSC_DMM,Dioscorides
σευτλον λευκον,σεῦτλον λευκόν,σευτλον λευκον,1,1,DIOSC_DMM,Dioscorides
σευτλον μελαν,σεῦτλον μέλαν,σευτλον μελαν,2,2,DIOSC_DMM,Dioscorides
σηπεδονωδες αιμα,σηπεδονῶδες αἷμα,σηπεδονωδες αιμα,1,1,GAL_SMT,Galen
σηπια,σηπία,σηπια,4,4,AET_LM;DIOSC_DMM;GAL_SMT,Aetius;Dioscorides;Galen
σηπια,σηπία,σηπια,1,1,PAUL_AEG,Paul
σηπιας οστρακον,Σηπίας ὄστρακον,σηπιας οστρακον,1,1,PAUL_AEG,Paul
σηπιας οστρακον,σηπίας ὄστρακον,σηπιας οστρακον,1,1,GAL_SMT,Galen
σηρικον,σηρικόν,σηρικον,1,1,PAUL_AEG,Paul
σησαμη,σησάμη,σησαμη,1,1,DIOSC_DMM,Dioscorides
σησαμινον,σησάμινον,σησαμινον,3,3,AET_LM;GAL_SMT;PAUL_AEG,Aetius;Galen;Paul
σησαμινον,σησάμινον,σησαμινον,1,1,ORIB_CM,Oribasius
σησαμινος,σησάμινος,σησαμινος,1,1,DIOSC_DMM,Dioscorides
σησαμοειδες,σησαμοειδές,σησαμοειδες,7,7,DIOSC_DMM;GAL_SMT;ORIB_CM;PAUL_AEG,Dioscorides;Galen;Oribasius;Paul
σησαμοειδες λευκον,σησαμοειδές λευκόν,σησαμοειδες λευκον,3,3,GAL_SMT;ORIB_CM;PAUL_AEG,Galen;Oribasius;Paul
σησαμοειδες μεγα,σησαμοειδές μέγα,σησαμοειδες μεγα,3,3,DIOSC_DMM;GAL_SMT;ORIB_CM,Dioscorides;Galen;Oribasius
σησαμοειδες μικρον,σησαμοειδές μικρόν,σησαμοειδες μικρον,1,1,DIOSC_DMM,Dioscorides
σησαμοειδους του λευκου το σπερμα,σησαμοειδοῦς τοῦ λευκοῦ τὸ σπέρμα,σησαμοειδους του λευκου το σπερμα,1,1,GAL_SMT,Galen
σησαμον,σήσαμον,σησαμον,8,8,AET_LM;DIOSC_DMM;GAL_SMT;ORIB_CM,Aetius;Dioscorides;Galen;Oribasius
σησαμον,σήσαμον,σησαμον,2,2,AET_LM;PAUL_AEG,Aetius;Paul
σησαμον,σῆσαμον,σησαμον,1,1,DIOSC_DMM,Dioscorides
σησαμον αγριον,σήσαμον ἄγριον,σησαμον αγριον,1,1,DIOSC_DMM,Dioscorides
σησαμου ελαιον,σησάμου ἔλαιον,σησαμου ελαιον,1,1,AET_LM,Aetius
σητανιον,σητάνιον,σητανιον,1,1,DIOSC_DMM,Dioscorides
σητανιος πυρος,σητάνιος πυρός,σητανιος πυρος,1,1,DIOSC_DMM,Dioscorides
σηψ,σήψ,σηψ,1,1,DIOSC_DMM,Dioscorides
σηψ,σήψ,σηψ,1,1,PAUL_AEG,Paul
σιαλον,σίαλον,σιαλον,8,7,AET_LM;GAL_SMT;ORIB_CM;PAUL_AEG,Aetius;Galen;Oribasius;Paul
σιαλον,σίαλον,σιαλον,1,1,PAUL_AEG,Paul
σιαλος,σίαλος,σιαλος,1,1,AET_LM,Aetius
σιγνινος,Σιγνῖνος,σιγνινος,1,1,DIOSC_DMM,Dioscorides
σιδηριτις,Σιδηρῖτις,σιδηριτις,1,1,ORIB_CM,Oribasius
σιδηριτις,σιδηρῖτις,σιδηριτις,13,13,AET_LM;DIOSC_DMM;GAL_SMT;ORIB_CM;PAUL_AEG,Aetius;Dioscorides;Galen;Oribasius;Paul
σιδηριτις γη,σιδηρῖτις γῆ,σιδηριτις γη,1,1,GAL_SMT,Galen
σιδηρος,σίδηρος,σιδηρος,19,19,AET_LM;DIOSC_DMM;GAL_SMT;ORIB_CM;PAUL_AEG,Aetius;Dioscorides;Galen;Oribasius;Paul
σιδηρος,σίδηρος,σιδηρος,1,1,PAUL_AEG,Paul
σιδηρος πεπυρωμενος,σίδηρος πεπυρωμένος,σιδηρος πεπυρωμενος,1,1,DIOSC_DMM,Dioscorides
σιδια,σίδια,σιδια,2,2,DIOSC_DMM;GAL_SMT,Dioscorides;Galen
σιδια,σίδια,σιδια,1,1,ORIB_CM,Oribasius
σιδιον,σίδιον,σιδιον,2,2,DIOSC_DMM,Dioscorides
σιελον,σίελον,σιελον,1,1,GAL_SMT,Galen
σιελος,σίελος,σιελος,1,1,DIOSC_DMM,Dioscorides
σιθιλεσαδε,σιθιλεσαδέ,σιθιλεσαδε,1,1,DIOSC_DMM,Dioscorides
σικελιωτικος,Σικελιωτικός,σικελιωτικος,1,1,DIOSC_DMM,Dioscorides
σικελον ελαιον,Σικελὸν ἔλαιον,σικελον ελαιον,1,1,DIOSC_DMM,Dioscorides
σικυα,σικύα,σικυα,1,1,DIOSC_DMM,Dioscorides
σικυα πικρα,σικύα πικρά,σικυα πικρα,1,1,DIOSC_DMM,Dioscorides
σικυοπεπων,σικυοπέπων,σικυοπεπων,1,1,GAL_ALIM,Galen
σικυος,σίκυος,σικυος,14,14,AET_LM;DIOSC_DMM;GAL_ALIM;GAL_SMT;ORIB_CM;PAUL_AEG,Aetius;Dioscorides;Galen;Oribasius;Paul
σικυος,σίκυος,σικυος,1,1,PAUL_AEG,Paul
σικυος αγριος,σίκυος ἄγριος,σικυος αγριος,6,6,AET_LM;DIOSC_DMM;GAL_SMT;ORIB_CM;PAUL_AEG,Aetius;Dioscorides;Galen;Oribasius;Paul
σικυος εδωδιμος,σίκυος ἐδώδιμος,σικυος εδωδιμος,2,2,GAL_SMT;ORIB_CM,Galen;Oribasius
σικυος εδωδιμος χλωρος,σίκυος ἐδώδιμος χλωρός,σικυος εδωδιμος χλωρος,1,1,PAUL_AEG,Paul
σικυος ημερος,σίκυος ἥμερος,σικυος ημερος,1,1,DIOSC_DMM,Dioscorides
σικυος ξηρος,σίκυος ξηρός,σικυος ξηρος,1,1,PAUL_AEG,Paul
σικυου αγριου ριζης,σικύου ἀγρίου ῥίζης,σικυου αγριου ριζης,1,1,AET_LM,Aetius
σικυου αγριου του καρπου,Σικύου ἀγρίου τοῦ καρποῦ,σικυου αγριου του καρπου,1,1,ORIB_CM,Oribasius
σικυου σπερματος,σικύου σπέρματος,σικυου σπερματος,1,1,DIOSC_DMM,Dioscorides
σικυς,σίκυς,σικυς,2,2,DIOSC_DMM,Dioscorides
σικυς,σικύς,σικυς,2,2,AET_LM,Aetius
σικυς αγριος,σίκυς ἄγριος,σικυς αγριος,1,1,DIOSC_DMM,Dioscorides
σικυς αγριος,σικύς ἄγριος,σικυς αγριος,1,1,AET_LM,Aetius
σικυς ημερος,σίκυς ἥμερος,σικυς ημερος,1,1,DIOSC_DMM,Dioscorides
σικυς ημερος,σικύς ἥμερος,σικυς ημερος,1,1,AET_LM,Aetius
σικυωνιον,Σικυώνιον,σικυωνιον,1,1,GAL_SMT,Galen
σικυωνιον,σικυώνιον,σικυωνιον,2,2,AET_LM;GAL_SMT,Aetius;Galen
σιλλυβον,σίλλυβον,σιλλυβον,2,2,DIOSC_DMM;PAUL_AEG,Dioscorides;Paul
σιλλυβος,σίλλυβος,σιλλυβος,1,1,DIOSC_DMM,Dioscorides
σιλουρος,σίλουρος,σιλουρος,3,3,DIOSC_DMM;GAL_SMT;PAUL_AEG,Dioscorides;Galen;Paul
σιλουρος νεαρος,σίλουρος νεαρός,σιλουρος νεαρος,1,1,DIOSC_DMM,Dioscorides
σιλουρος ταριχηρος,σίλουρος ταριχηρός,σιλουρος ταριχηρος,1,1,PAUL_AEG,Paul
σιλφη,σίλφη,σιλφη,3,3,DIOSC_DMM;GAL_SMT;PAUL_AEG,Dioscorides;Galen;Paul
σιλφη η εν τοις αρτοκοπειοις ευρισκομενη,σίλφη ἡ ἐν τοῖς ἀρτοκοπείοις εὑρισκομένη,σιλφη η εν τοις αρτοκοπειοις ευρισκομενη,1,1,DIOSC_DMM,Dioscorides
σιλφιον,Σίλφιον,σιλφιον,1,1,ORIB_CM,Oribasius
σιλφιον,σίλφιον,σιλφιον,6,6,AET_LM;DIOSC_DMM;GAL_SMT,Aetius;Dioscorides;Galen
σιλφιον,σίλφιον,σιλφιον,1,1,PAUL_AEG,Paul
σιναπι,σίναπι,σιναπι,3,3,DIOSC_DMM,Dioscorides
σιναπινον,σινάπινον,σιναπινον,1,1,GAL_SMT,Galen
σιναπινον,σινάπινον,σιναπινον,1,1,ORIB_CM,Oribasius
σινηπι,σίνηπι,σινηπι,2,2,DIOSC_DMM,Dioscorides
σινων,Σίνων,σινων,1,1,ORIB_CM,Oribasius
σινων,σίνων,σινων,2,2,AET_LM;DIOSC_DMM,Aetius;Dioscorides
σινων,σίνων,σινων,1,1,PAUL_AEG,Paul
σινωνις,σινωνίς,σινωνις,1,1,ORIB_CM,Oribasius
σινωπικη μιλτος,Σινωπικὴ μίλτος,σινωπικη μιλτος,2,2,DIOSC_DMM;PAUL_AEG,Dioscorides;Paul
σινωπικος,Σινωπικός,σινωπικος,1,1,AET_LM,Aetius
σιον,σίον,σιον,4,4,AET_LM;DIOSC_DMM;GAL_SMT;ORIB_CM,Aetius;Dioscorides;Galen;Oribasius
σιον,σίον,σιον,2,2,DIOSC_DMM;PAUL_AEG,Dioscorides;Paul
σιος πυρος,σιὸς πυρός,σιος πυρος,1,1,DIOSC_DMM,Dioscorides
σιραιον,σίραιον,σιραιον,1,1,AET_LM,Aetius
σιραιον,σιραῖον,σιραιον,3,3,AET_LM;GAL_ALIM,Aetius;Galen
σισαρον,σίσαρον,σισαρον,3,3,DIOSC_DMM;GAL_SMT;ORIB_CM,Dioscorides;Galen;Oribasius
σισαρον,σίσαρον,σισαρον,1,1,PAUL_AEG,Paul
σισαρον γνωριμον,σίσαρον γνώριμον,σισαρον γνωριμον,1,1,DIOSC_DMM,Dioscorides
σισαρου η ριζα,Σισάρου ἡ ῥίζα,σισαρου η ριζα,1,1,ORIB_CM,Oribasius
σισαρου η ριζα,Σισάρου ἡ ῥίζα,σισαρου η ριζα,1,1,PAUL_AEG,Paul
σισαρου ριζα,σισάρου ῥίζα,σισαρου ριζα,1,1,GAL_SMT,Galen
σισυμβριον,Σισύμβριον,σισυμβριον,2,2,ORIB_CM,Oribasius
σισυμβριον,σισύμβριον,σισυμβριον,9,9,AET_LM;DIOSC_DMM;GAL_SMT,Aetius;Dioscorides;Galen
σισυμβριον,σισύμβριον,σισυμβριον,2,2,PAUL_AEG,Paul
σισυμβριου ανθους,σισυμβρίου ἄνθους,σισυμβριου ανθους,1,1,DIOSC_DMM,Dioscorides
σισων,σίσων,σισων,1,1,GAL_SMT,Galen
σιτανιον αλευρον,σιτανίον ἄλευρον,σιτανιον αλευρον,1,1,DIOSC_DMM,Dioscorides
σιτηρον,σιτηρόν,σιτηρον,2,2,DIOSC_DMM,Dioscorides
σιτος,σῖτος,σιτος,3,3,DIOSC_DMM;GAL_ALIM;PAUL_AEG,Dioscorides;Galen;Paul
σιφωνιον,σιφώνιον,σιφωνιον,1,1,DIOSC_DMM,Dioscorides
σκαλαυθριτις,σκαλαυθρῖτις,σκαλαυθριτις,1,1,DIOSC_DMM,Dioscorides
σκαμμωνια,σκαμμωνία,σκαμμωνια,8,8,AET_LM;DIOSC_DMM,Aetius;Dioscorides
σκαμμωνια,σκαμμωνία,σκαμμωνια,1,1,PAUL_AEG,Paul
σκαμμωνιας της ριζης,σκαμμωνίας τῆς ῥίζης,σκαμμωνιας της ριζης,1,1,DIOSC_DMM,Dioscorides
σκανδιξ,Σκάνδιξ,σκανδιξ,1,1,ORIB_CM,Oribasius
σκανδιξ,σκάνδιξ,σκανδιξ,4,4,AET_LM;DIOSC_DMM;GAL_SMT;PAUL_AEG,Aetius;Dioscorides;Galen;Paul
σκανδιξ αγριον,σκάνδιξ ἄγριον,σκανδιξ αγριον,1,1,PAUL_AEG,Paul
σκαρος,σκᾶρος,σκαρος,1,1,AET_LM,Aetius
σκελος ταριχηρον υος,σκέλος ταριχηρὸν ὑὸς,σκελος ταριχηρον υος,1,1,GAL_SMT,Galen
σκελος ταριχηρου υος,σκέλος ταριχηροῦ ὑὸς,σκελος ταριχηρου υος,1,1,AET_LM,Aetius
σκευαστος αλς,σκευαστὸς ἅλς,σκευαστος αλς,1,1,GAL_ALIM,Galen
σκιαδια,σκιάδια,σκιαδια,5,5,DIOSC_DMM,Dioscorides
σκιαδιον,σκιάδιον,σκιαδιον,8,8,DIOSC_DMM,Dioscorides
σκιγκος,σκίγκος,σκιγκος,5,5,AET_LM;DIOSC_DMM;GAL_SMT;PAUL_AEG,Aetius;Dioscorides;Galen;Paul
σκιγκου τα περι τους νεφρους,σκίγκου τὰ περὶ τοὺς νεφρούς,σκιγκου τα περι τους νεφρους,1,1,AET_LM,Aetius
σκιλλα,Σκίλλα,σκιλλα,1,1,PAUL_AEG,Paul
σκιλλα,σκίλλα,σκιλλα,14,14,AET_LM;DIOSC_DMM;GAL_SMT;ORIB_CM;PAUL_AEG,Aetius;Dioscorides;Galen;Oribasius;Paul
σκιλλα,σκίλλα,σκιλλα,1,1,PAUL_AEG,Paul
σκληροσαρκος,σκληρόσαρκος,σκληροσαρκος,1,1,AET_LM,Aetius
σκολοπενδρα,σκολοπένδρα,σκολοπενδρα,2,2,DIOSC_DMM;GAL_SMT,Dioscorides;Galen
σκολοπενδρα,σκολοπένδρα,σκολοπενδρα,1,1,PAUL_AEG,Paul
σκολοπενδρα θαλασσια,σκολοπένδρα θαλασσία,σκολοπενδρα θαλασσια,1,1,DIOSC_DMM,Dioscorides
σκολοπενδρα θαλαττια,σκολοπένδρα θαλαττία,σκολοπενδρα θαλαττια,1,1,GAL_SMT,Galen
σκολοπενδρα θαλαττια,σκολοπένδρα θαλαττία,σκολοπενδρα θαλαττια,1,1,PAUL_AEG,Paul
σκολοπενδριον,σκολοπένδριον,σκολοπενδριον,9,9,AET_LM;DIOSC_DMM;GAL_SMT;PAUL_AEG,Aetius;Dioscorides;Galen;Paul
σκολοπενδριον,σκολοπένδριον,σκολοπενδριον,2,2,PAUL_AEG,Paul
σκολουμου ριζα,σκολύμου ῥίζα,σκολυμου ριζα,1,1,GAL_SMT,Galen
σκολοψ,σκόλοψ,σκολοψ,1,1,GAL_SMT,Galen
σκολοψ,σκόλοψ,σκολοψ,1,1,PAUL_AEG,Paul
σκολυμον,σκόλυμον,σκολυμον,1,1,PAUL_AEG,Paul
σκολυμος,σκόλυμος,σκολυμος,8,8,AET_LM;DIOSC_DMM;GAL_ALIM;GAL_SMT;ORIB_CM,Aetius;Dioscorides;Galen;Oribasius
σκολυμος,σκόλυμος,σκολυμος,1,1,DIOSC_DMM,Dioscorides
σκολυμου η ριζα,Σκολύμου ἡ ῥίζα,σκολυμου η ριζα,1,1,ORIB_CM,Oribasius
σκορδιον,σκόρδιον,σκορδιον,5,5,AET_LM;DIOSC_DMM;GAL_SMT;ORIB_CM,Aetius;Dioscorides;Galen;Oribasius
σκορδιον,σκόρδιον,σκορδιον,1,1,PAUL_AEG,Paul
σκορδιον ποικιλον,σκόρδιον ποικίλον,σκορδιον ποικιλον,1,1,PAUL_AEG,Paul
σκορδον,σκόρδον,σκορδον,9,9,AET_LM;DIOSC_DMM;GAL_SMT;PAUL_AEG,Aetius;Dioscorides;Galen;Paul
σκορδοπρασον,σκορδόπρασον,σκορδοπρασον,2,2,DIOSC_DMM;GAL_SMT,Dioscorides;Galen
σκοροδον,σκόροδον,σκοροδον,12,12,AET_LM;DIOSC_DMM;GAL_ALIM;GAL_SMT;ORIB_CM,Aetius;Dioscorides;Galen;Oribasius
σκοροδον,σκόροδον,σκοροδον,3,3,GAL_SMT;ORIB_CM;PAUL_AEG,Galen;Oribasius;Paul
σκοροδον αγριον,σκόροδον ἄγριον,σκοροδον αγριον,1,1,GAL_SMT,Galen
σκοροδον αγριον,σκόροδον ἄγριον,σκοροδον αγριον,1,1,ORIB_CM,Oribasius
σκοροδοπρασον,σκοροδόπρασον,σκοροδοπρασον,1,1,ORIB_CM,Oribasius
σκοροδοπρασον,σκοροδόπρασον,σκοροδοπρασον,1,1,PAUL_AEG,Paul
σκορπιοειδες,σκορπιοειδές,σκορπιοειδες,3,3,DIOSC_DMM;GAL_SMT;PAUL_AEG,Dioscorides;Galen;Paul
σκορπιοειδης,σκορπιοειδής,σκορπιοειδης,1,1,ORIB_CM,Oribasius
σκορπιον,σκορπίον,σκορπιον,1,1,DIOSC_DMM,Dioscorides
σκορπιος,σκορπίος,σκορπιος,8,8,AET_LM;DIOSC_DMM;GAL_SMT;ORIB_CM;PAUL_AEG,Aetius;Dioscorides;Galen;Oribasius;Paul
σκορπιος,σκορπίος,σκορπιος,1,1,PAUL_AEG,Paul
σκορπιος θαλασσιος,σκορπίος θαλάσσιος,σκορπιος θαλασσιος,1,1,DIOSC_DMM,Dioscorides
σκορπιος θαλαττιος,σκορπίος θαλάττιος,σκορπιος θαλαττιος,1,1,PAUL_AEG,Paul
σκορπιος χεραιος,σκορπίος χεραῖος,σκορπιος χεραιος,1,1,DIOSC_DMM,Dioscorides
σκορπιος χερσαιος,σκορπίος χερσαῖος,σκορπιος χερσαιος,1,1,PAUL_AEG,Paul
σκορπιουρον,σκορπίουρον,σκορπιουρον,2,2,DIOSC_DMM;PAUL_AEG,Dioscorides;Paul
σκυβελιτις,Σκυβελίτις,σκυβελιτις,2,2,GAL_ALIM,Galen
σκυθικος,σκυθικός,σκυθικος,1,1,AET_LM,Aetius
σκυθιον,σκύθιον,σκυθιον,1,1,DIOSC_DMM,Dioscorides
σκυταλιον,σκυτάλιον,σκυταλιον,1,1,DIOSC_DMM,Dioscorides
σκωληκιον,σκωλήκιον,σκωληκιον,1,1,DIOSC_DMM,Dioscorides
σκωληκιτης,σκωληκίτης,σκωληκιτης,1,1,DIOSC_DMM,Dioscorides
σκωληξ,σκώληξ,σκωληξ,1,1,DIOSC_DMM,Dioscorides
σκωρια,σκωρία,σκωρια,11,11,AET_LM;DIOSC_DMM;GAL_SMT;ORIB_CM;PAUL_AEG,Aetius;Dioscorides;Galen;Oribasius;Paul
σκωρια,σκωρία,σκωρια,1,1,PAUL_AEG,Paul
σκωρια αργυριου,σκωρία ἀργυρίου,σκωρια αργυριου,1,1,GAL_SMT,Galen
σκωρια αργυρου,σκωρία ἀργύρου,σκωρια αργυρου,4,4,AET_LM;DIOSC_DMM;ORIB_CM,Aetius;Dioscorides;Oribasius
σκωρια μολυβδου,σκωρία μολύβδου,σκωρια μολυβδου,1,1,DIOSC_DMM,Dioscorides
σκωρια μολυβδου,σκωρίᾳ μολύβδου,σκωρια μολυβδου,1,1,DIOSC_DMM,Dioscorides
σκωρια μολυβδου,σκωρία μολύβδου,σκωρια μολυβδου,1,1,DIOSC_DMM,Dioscorides
σκωρια μολυβδου,σκωρία μολύβδου,σκωρια μολυβδου,1,1,PAUL_AEG,Paul
σκωρια σιδηρου,σκωρία σιδήρου,σκωρια σιδηρου,3,3,AET_LM;GAL_SMT;ORIB_CM,Aetius;Galen;Oribasius
σκωρια σιδηρου,σκωρία σιδήρου,σκωρια σιδηρου,1,1,DIOSC_DMM,Dioscorides
σκωρια σιδηρου,σκωρία σιδήρου,σκωρια σιδηρου,1,1,PAUL_AEG,Paul
σμαραγδος λιθος,σμάραγδος λίθος,σμαραγδος λιθος,1,1,AET_LM,Aetius
σμαρις,σμαρίς,σμαρις,2,2,DIOSC_DMM;PAUL_AEG,Dioscorides;Paul
σμαρις ταριχηρα,σμαρίς ταριχηρά,σμαρις ταριχηρα,1,1,DIOSC_DMM,Dioscorides
σμικρον χημιον,σμικρὸν χημίον,σμικρον χημιον,1,1,AET_LM,Aetius
σμικρος,σμικρός,σμικρος,1,1,AET_LM,Aetius
σμιλαξ,σμίλαξ,σμιλαξ,2,2,DIOSC_DMM,Dioscorides
σμιλαξ,σμῖλαξ,σμιλαξ,5,5,DIOSC_DMM;GAL_SMT;ORIB_CM;PAUL_AEG,Dioscorides;Galen;Oribasius;Paul
σμιλαξ κηπαια,σμῖλαξ κηπαία,σμιλαξ κηπαια,1,1,DIOSC_DMM,Dioscorides
σμιλιωτος,σμιλιωτός,σμιλιωτος,1,1,DIOSC_DMM,Dioscorides
σμιλον,σμῖλον,σμιλον,1,1,DIOSC_DMM,Dioscorides
σμιρις,σμιρις,σμιρις,1,1,PAUL_AEG,Paul
σμιρις,σμῖρις,σμιρις,2,2,GAL_SMT,Galen
σμυραινα,σμύραινα,σμυραινα,1,1,AET_LM,Aetius
σμυρις,σμυρίς,σμυρις,1,1,GAL_SMT,Galen
σμυρις,σμύρις,σμυρις,5,5,AET_LM;DIOSC_DMM;ORIB_CM,Aetius;Dioscorides;Oribasius
σμυρις λιθος,σμύρις λίθος,σμυρις λιθος,1,1,DIOSC_DMM,Dioscorides
σμυρνα,Σμύρνα,σμυρνα,1,1,ORIB_CM,Oribasius
σμυρνα,σμύρνα,σμυρνα,50,50,AET_LM;DIOSC_DMM;GAL_SMT;ORIB_CM,Aetius;Dioscorides;Galen;Oribasius
σμυρνα,σμύρνα,σμυρνα,2,2,PAUL_AEG,Paul
σμυρνα βοιωτικη,σμύρνα βοιωτική,σμυρνα βοιωτικη,1,1,ORIB_CM,Oribasius
σμυρνα βοϊκη,σμύρνα βοϊκή,σμυρνα βοικη,1,1,GAL_SMT,Galen
σμυρνα τρωγλιτις,σμύρνα τρωγλίτις,σμυρνα τρωγλιτις,1,1,AET_LM,Aetius
σμυρνα χρηστη,σμύρνα χρηστή,σμυρνα χρηστη,1,1,DIOSC_DMM,Dioscorides
σμυρνη,σμύρνη,σμυρνη,10,10,AET_LM;DIOSC_DMM;GAL_SMT,Aetius;Dioscorides;Galen
σμυρνη,σμύρνη,σμυρνη,1,1,PAUL_AEG,Paul
σμυρνη προσφατος,σμύρνη πρόσφατος,σμυρνη προσφατος,1,1,DIOSC_DMM,Dioscorides
σμυρνη τρωγλιτις,σμύρνη τρωγλίτις,σμυρνη τρωγλιτις,1,1,AET_LM,Aetius
σμυρνης χονδρον,σμύρνης χόνδρον,σμυρνης χονδρον,1,1,DIOSC_DMM,Dioscorides
σμυρνιον,Σμύρνιον,σμυρνιον,1,1,ORIB_CM,Oribasius
σμυρνιον,σμύρνιον,σμυρνιον,7,7,AET_LM;DIOSC_DMM;GAL_SMT;PAUL_AEG,Aetius;Dioscorides;Galen;Paul
σογκος,σόγκος,σογκος,1,1,ORIB_CM,Oribasius
σογχιτης,σογχίτης,σογχιτης,1,1,DIOSC_DMM,Dioscorides
σογχος,σόγχος,σογχος,4,4,DIOSC_DMM;GAL_SMT,Dioscorides;Galen
σογχος,σόγχος,σογχος,1,1,AET_LM,Aetius
σογχος χλωρος,σόγχος χλωρός,σογχος χλωρος,1,1,AET_LM,Aetius
σοδομηνος,Σοδομηνός,σοδομηνος,1,1,GAL_SMT,Galen
σοκχος,Σόκχος,σοκχος,1,1,PAUL_AEG,Paul
σουκινον,σοῦκινον,σουκινον,1,1,AET_LM,Aetius
σουσινον,σουσῖνον,σουσινον,1,1,DIOSC_DMM,Dioscorides
σουσινος,σούσινος,σουσινος,1,1,DIOSC_DMM,Dioscorides
σπαθη,σπάθη,σπαθη,1,1,DIOSC_DMM,Dioscorides
σπανον,Σπανόν,σπανον,2,2,GAL_SMT;ORIB_CM,Galen;Oribasius
σπαργανιον,Σπαργάνιον,σπαργανιον,1,1,ORIB_CM,Oribasius
σπαργανιον,σπαργάνιον,σπαργανιον,2,2,DIOSC_DMM;GAL_SMT,Dioscorides;Galen
σπαργανιον,σπαργάνιον,σπαργανιον,1,1,PAUL_AEG,Paul
σπαρτη,σπάρτη,σπαρτη,1,1,GAL_SMT,Galen
σπαρτιον,σπαρτίον,σπαρτιον,1,1,DIOSC_DMM,Dioscorides
σπαρτον,σπάρτον,σπαρτον,2,2,AET_LM;ORIB_CM,Aetius;Oribasius
σπαρτος,σπάρτος,σπαρτος,2,2,GAL_ALIM;PAUL_AEG,Galen;Paul
σπεκλαριον,σπεκλάριον,σπεκλαριον,3,3,AET_LM,Aetius
σπεκλαριον,σπεκλάριον,σπεκλαριον,1,1,PAUL_AEG,Paul
σπεκλαριον κεκαυμενον,σπεκλάριον κεκαυμένον,σπεκλαριον κεκαυμενον,1,1,AET_LM,Aetius
σπερμα,Σπέρμα,σπερμα,1,1,AET_LM,Aetius
σπερμα,σπέρμα,σπερμα,115,108,AET_LM;DIOSC_DMM;GAL_SMT;ORIB_CM;PAUL_AEG,Aetius;Dioscorides;Galen;Oribasius;Paul
σπερμα,σπέρμα,σπερμα,101,98,AET_LM;DIOSC_DMM;GAL_ALIM;GAL_SMT;ORIB_CM;PAUL_AEG,Aetius;Dioscorides;Galen;Oribasius;Paul
σπερμα αγρωστεως,σπέρμα ἀγρώστεως,σπερμα αγρωστεως,1,1,AET_LM,Aetius
σπερμα αυτης,σπέρμα αὐτῆς,σπερμα αυτης,1,1,DIOSC_DMM,Dioscorides
σπερμα αυτου,σπέρμα αὐτοῦ,σπερμα αυτου,1,1,DIOSC_DMM,Dioscorides
σπερμα κωνειου,σπέρμα κωνείου,σπερμα κωνειου,1,1,GAL_SMT,Galen
σπερμα της μελαινης μηκωνος,σπέρμα τῆς μελαίνης μήκωνος,σπερμα της μελαινης μηκωνος,1,1,DIOSC_DMM,Dioscorides
σπερμα του οξυλαπαθου,σπέρμα τοῦ ὀξυλαπάθου,σπερμα του οξυλαπαθου,1,1,PAUL_AEG,Paul
σπερματα,σπέρματα,σπερματα,3,3,DIOSC_DMM,Dioscorides
σπερματι,σπέρματι,σπερματι,3,3,GAL_SMT;ORIB_CM,Galen;Oribasius
σπερματια,σπερμάτια,σπερματια,9,9,DIOSC_DMM,Dioscorides
σπερματια,σπερμάτια,σπερματια,3,3,AET_LM;DIOSC_DMM,Aetius;Dioscorides
σπερματιον,σπερμάτιον,σπερματιον,3,3,AET_LM;DIOSC_DMM,Aetius;Dioscorides
σπερματιων,σπερματίων,σπερματιων,1,1,DIOSC_DMM,Dioscorides
σπερματος,σπέρματος,σπερματος,7,7,DIOSC_DMM,Dioscorides
σπερματος ελελισφακου,σπέρματος ἐλελισφάκου,σπερματος ελελισφακου,1,1,AET_LM,Aetius
σπερματος καρδαμου,σπέρματος καρδάμου,σπερματος καρδαμου,1,1,PAUL_AEG,Paul
σπερματος της κικεως,σπέρματος τῆς κίκεως,σπερματος της κικεως,1,1,AET_LM,Aetius
σπλαγχνον,σπλάγχνον,σπλαγχνον,4,4,AET_LM;DIOSC_DMM;GAL_SMT;ORIB_CM,Aetius;Dioscorides;Galen;Oribasius
σπλαγχνον,σπλάγχνον,σπλαγχνον,1,1,PAUL_AEG,Paul
σπλην,σπλήν,σπλην,1,1,AET_LM,Aetius
σπληναριον,σπληνάριον,σπληναριον,1,1,DIOSC_DMM,Dioscorides
σπληνιον,σπλήνιον,σπληνιον,3,3,DIOSC_DMM,Dioscorides
σπληνιον,σπληνίον,σπληνιον,1,1,DIOSC_DMM,Dioscorides
σπογγος,σπογγος,σπογγος,1,1,PAUL_AEG,Paul
σπογγος,σπόγγος,σπογγος,3,3,AET_LM;DIOSC_DMM;GAL_SMT,Aetius;Dioscorides;Galen
σπογγος,σπόγγος,σπογγος,1,1,PAUL_AEG,Paul
σπογγος κεκαυμενος,σπόγγος κεκαυμένος,σπογγος κεκαυμενος,1,1,GAL_SMT,Galen
σποδια,σποδιά,σποδια,2,2,DIOSC_DMM;GAL_ALIM,Dioscorides;Galen
σποδιον,σπόδιον,σποδιον,2,2,GAL_SMT;PAUL_AEG,Galen;Paul
σποδος,σποδός,σποδος,1,1,DIOSC_DMM,Dioscorides
σπυραθος,σπυράθος,σπυραθος,2,2,AET_LM,Aetius
σπυραθος,σπύραθος,σπυραθος,3,3,DIOSC_DMM;GAL_SMT;ORIB_CM,Dioscorides;Galen;Oribasius
σταγονιας,σταγονίας,σταγονιας,1,1,DIOSC_DMM,Dioscorides
σταις,σταῖς,σταις,1,1,DIOSC_DMM,Dioscorides
σταιτις,σταῖτις,σταιτις,1,1,GAL_SMT,Galen
στακτη,στακτή,στακτη,1,1,AET_LM,Aetius
στακτη καλη λευκη,στακτή καλή λευκή,στακτη καλη λευκη,1,1,AET_LM,Aetius
σταλακτος,σταλακτός,σταλακτος,1,1,DIOSC_DMM,Dioscorides
σταφις,σταφίς,σταφις,11,11,DIOSC_DMM;GAL_ALIM,Dioscorides;Galen
σταφις,σταφίς,σταφις,1,1,AET_LM,Aetius
σταφις αγρια,σταφίς ἀγρία,σταφις αγρια,2,2,DIOSC_DMM,Dioscorides
σταφις ημερος,σταφὶς ἥμερος,σταφις ημερος,1,1,DIOSC_DMM,Dioscorides
σταφις λιπαρα γλυκεια,σταφίς λιπαρά γλυκεῖα,σταφις λιπαρα γλυκεια,1,1,GAL_ALIM,Galen
σταφις μελαινα,σταφίς μέλαινα,σταφις μελαινα,1,1,GAL_ALIM,Galen
σταφυλη,σταφυλή,σταφυλη,21,21,AET_LM;DIOSC_DMM;GAL_ALIM;GAL_SMT;PAUL_AEG,Aetius;Dioscorides;Galen;Paul
σταφυλη,σταφυλή,σταφυλη,2,2,GAL_SMT;PAUL_AEG,Galen;Paul
σταφυλη αυστηρα,σταφυλή αὐστηρά,σταφυλη αυστηρα,1,1,GAL_ALIM,Galen
σταφυλη αυστηρα,σταφυλὴ αὐστηρά,σταφυλη αυστηρα,1,1,AET_LM,Aetius
σταφυλη οξειa,σταφυλή ὀξεῖα,σταφυλη οξεια,1,1,GAL_ALIM,Galen
σταφυλη προσφατος,σταφυλή πρόσφατος,σταφυλη προσφατος,1,1,DIOSC_DMM,Dioscorides
σταφυλη τεθειλοπεδευμενη,σταφυλὴ τεθειλοπεδευμένη,σταφυλη τεθειλοπεδευμενη,1,1,DIOSC_DMM,Dioscorides
σταφυλη ψιθια,σταφυλή ψιθία,σταφυλη ψιθια,1,1,DIOSC_DMM,Dioscorides
σταφυλην,σταφυλήν,σταφυλην,1,1,DIOSC_DMM,Dioscorides
σταφυλινον,σταφυλῖνον,σταφυλινον,2,2,AET_LM;DIOSC_DMM,Aetius;Dioscorides
σταφυλινος,σταφυλῖνος,σταφυλινος,11,11,AET_LM;DIOSC_DMM;GAL_SMT;ORIB_CM;PAUL_AEG,Aetius;Dioscorides;Galen;Oribasius;Paul
σταφυλινος αγριος,σταφυλῖνος ἄγριος,σταφυλινος αγριος,3,3,DIOSC_DMM;GAL_SMT,Dioscorides;Galen
σταφυλινος ημερος,σταφυλῖνος ἥμερος,σταφυλινος ημερος,1,1,GAL_SMT,Galen
σταφυλινος κηπευτος,σταφυλῖνος κηπευτός,σταφυλινος κηπευτος,1,1,DIOSC_DMM,Dioscorides
σταφυλινου σπερματι,σταφυλίνου σπέρματι,σταφυλινου σπερματι,1,1,DIOSC_DMM,Dioscorides
σταχυν,στάχυν,σταχυν,1,1,DIOSC_DMM,Dioscorides
σταχυν,στάχυν,σταχυν,1,1,GAL_ALIM,Galen
σταχυν ναρδου,στάχυν νάρδου,σταχυν ναρδου,1,1,DIOSC_DMM,Dioscorides
σταχυς,στάχυς,σταχυς,5,5,AET_LM;DIOSC_DMM;GAL_SMT;ORIB_CM,Aetius;Dioscorides;Galen;Oribasius
σταχυς,στάχυς,σταχυς,1,1,PAUL_AEG,Paul
σταχυς συριακος,στάχυς Συριακός,σταχυς συριακος,1,1,DIOSC_DMM,Dioscorides
στεαρ,στέαρ,στεαρ,58,58,AET_LM;DIOSC_DMM;GAL_SMT;ORIB_CM;PAUL_AEG,Aetius;Dioscorides;Galen;Oribasius;Paul
στεαρ,στέαρ,στεαρ,6,6,AET_LM;GAL_SMT;ORIB_CM;PAUL_AEG,Aetius;Galen;Oribasius;Paul
στεαρ αιγων,στέαρ αἰγῶν,στεαρ αιγων,1,1,ORIB_CM,Oribasius
στεαρ αρκειον,στέαρ ἀρκείον,στεαρ αρκειον,1,1,DIOSC_DMM,Dioscorides
στεαρ αρκειον,στέαρ ἀρκειον,στεαρ αρκειον,1,1,DIOSC_DMM,Dioscorides
στεαρ αρκειον,στέαρ ἄρκειον,στεαρ αρκειον,3,3,AET_LM;PAUL_AEG,Aetius;Paul
στεαρ αρκτειον,στέαρ ἀρκτεῖον,στεαρ αρκτειον,1,1,GAL_SMT,Galen
στεαρ αυτης,στέαρ αὐτῆς,στεαρ αυτης,1,1,DIOSC_DMM,Dioscorides
στεαρ εριφων,στέαρ ἐρίφων,στεαρ εριφων,1,1,ORIB_CM,Oribasius
στεαρ λεοντων,στέαρ λεόντων,στεαρ λεοντων,1,1,ORIB_CM,Oribasius
στεαρ νεαρον,στέαρ νεαρόν,στεαρ νεαρον,1,1,DIOSC_DMM,Dioscorides
στεαρ ονειον,στέαρ ὄνειον,στεαρ ονειον,1,1,DIOSC_DMM,Dioscorides
στεαρ παλαιον,στέαρ παλαιόν,στεαρ παλαιον,1,1,GAL_SMT,Galen
στεαρ παλαιον,στέαρ παλαιόν,στεαρ παλαιον,1,1,AET_LM,Aetius
στεαρ παλαιον υειον,στέαρ παλαιὸν ὕειον,στεαρ παλαιον υειον,1,1,DIOSC_DMM,Dioscorides
στεαρ ταυρειον,στέαρ ταυρεῖον,στεαρ ταυρειον,1,1,DIOSC_DMM,Dioscorides
στεαρ ταυρων,στέαρ ταύρων,στεαρ ταυρων,1,1,ORIB_CM,Oribasius
στεαρ τραγειον,στέαρ τραγεῖον,στεαρ τραγειον,1,1,DIOSC_DMM,Dioscorides
στεαρ τραγων,στέαρ τράγων,στεαρ τραγων,1,1,ORIB_CM,Oribasius
στεαρ υειον,στέαρ ὕειον,στεαρ υειον,6,6,AET_LM;DIOSC_DMM;GAL_SMT,Aetius;Dioscorides;Galen
στεαρ χηνειον,στέαρ χήνειον,στεαρ χηνειον,3,3,DIOSC_DMM,Dioscorides
στεαρ χηνειον,στέαρ χήνειον,στεαρ χηνειον,1,1,AET_LM,Aetius
στεαρ χοιρειον,στέαρ χοίρειον,στεαρ χοιρειον,2,2,DIOSC_DMM,Dioscorides
στεαρ χοιρειον νεαρον,στέαρ χοιρεῖον νεαρόν,στεαρ χοιρειον νεαρον,1,1,DIOSC_DMM,Dioscorides
στεαρ χοιρειον παλαιον,στέαρ χοιρεῖον παλαιόν,στεαρ χοιρειον παλαιον,1,1,DIOSC_DMM,Dioscorides
στεαρ χοιρειον ταριχηρον,στέαρ χοῖρειον ταριχηρόν,στεαρ χοιρειον ταριχηρον,1,1,DIOSC_DMM,Dioscorides
στεατι χηνος,στέατι χηνὸς,στεατι χηνος,1,1,GAL_SMT,Galen
στελεχει,στελέχει,στελεχει,2,2,GAL_SMT;ORIB_CM,Galen;Oribasius
στελεχει,στελέχει,στελεχει,1,1,PAUL_AEG,Paul
στελεχους ελαιων,στελέχους ἐλαιῶν,στελεχους ελαιων,1,1,DIOSC_DMM,Dioscorides
στεμφυλον,στέμφυλον,στεμφυλον,7,7,DIOSC_DMM,Dioscorides
στεργηθρον,στέργηθρον,στεργηθρον,1,1,DIOSC_DMM,Dioscorides
στεφανος,στέφανος,στεφανος,1,1,DIOSC_DMM,Dioscorides
στιβι,στίβι,στιβι,2,2,DIOSC_DMM,Dioscorides
στιμι,στίμι,στιμι,1,1,PAUL_AEG,Paul
στιμμι,στίμμι,στιμμι,2,2,AET_LM;ORIB_CM,Aetius;Oribasius
στιμμι,στίμμι,στιμμι,1,1,GAL_SMT,Galen
στοιβη,στοιβή,στοιβη,4,4,DIOSC_DMM;GAL_SMT;ORIB_CM;PAUL_AEG,Dioscorides;Galen;Oribasius;Paul
στοιβης καρπος,στοιβῆς καρπὸς,στοιβης καρπος,1,1,GAL_SMT,Galen
στοιβης φυλλα,στοιβῆς φύλλα,στοιβης φυλλα,1,1,GAL_SMT,Galen
στοιχας,στοιχάς,στοιχας,7,7,AET_LM;DIOSC_DMM;GAL_SMT;ORIB_CM;PAUL_AEG,Aetius;Dioscorides;Galen;Oribasius;Paul
στοιχειωδης γη,στοιχειώδης γῆ,στοιχειωδης γη,1,1,GAL_SMT,Galen
στοιχειωδης γη,στοιχειώδης γῆ,στοιχειωδης γη,1,1,GAL_SMT,Galen
στομωμα,στόμωμα,στομωμα,5,5,DIOSC_DMM;GAL_SMT;ORIB_CM;PAUL_AEG,Dioscorides;Galen;Oribasius;Paul
στρατιωτης,στρατιώτης,στρατιωτης,5,5,DIOSC_DMM;GAL_SMT;ORIB_CM;PAUL_AEG,Dioscorides;Galen;Oribasius;Paul
στρατιωτης ενυδρος,στρατιώτης ἔνυδρος,στρατιωτης ενυδρος,3,3,GAL_SMT;ORIB_CM;PAUL_AEG,Galen;Oribasius;Paul
στρατιωτης χερσαιος,στρατιώτης χερσαῖος,στρατιωτης χερσαιος,3,3,GAL_SMT;ORIB_CM;PAUL_AEG,Galen;Oribasius;Paul
στρατιωτης χιλιοφυλλος,στρατιώτης χιλιόφυλλος,στρατιωτης χιλιοφυλλος,1,1,DIOSC_DMM,Dioscorides
στροβιλινη,στροβιλίνη,στροβιλινη,3,3,DIOSC_DMM;GAL_SMT;ORIB_CM,Dioscorides;Galen;Oribasius
στροβιλινη,στροβιλίνη,στροβιλινη,1,1,PAUL_AEG,Paul
στροβιλινος,στροβιλῖνος,στροβιλινος,1,1,ORIB_CM,Oribasius
στροβιλος,στροβίλος,στροβιλος,1,1,DIOSC_DMM,Dioscorides
στροβιλος,στροβῖλος,στροβιλος,1,1,DIOSC_DMM,Dioscorides
στροβιλος,στρόβιλος,στροβιλος,5,5,AET_LM;DIOSC_DMM;GAL_SMT;PAUL_AEG,Aetius;Dioscorides;Galen;Paul
στρογγυλη,στρογγύλη,στρογγυλη,3,3,DIOSC_DMM;GAL_SMT;ORIB_CM,Dioscorides;Galen;Oribasius
στρογγυλος,στρογγύλος,στρογγυλος,6,6,AET_LM;DIOSC_DMM;GAL_SMT;ORIB_CM,Aetius;Dioscorides;Galen;Oribasius
στρουθιον,στρουθίον,στρουθιον,7,7,DIOSC_DMM;GAL_SMT;ORIB_CM,Dioscorides;Galen;Oribasius
στρουθιον,στρουθίον,στρουθιον,2,2,PAUL_AEG,Paul
στρουθιον,στρούθιον,στρουθιον,2,2,AET_LM;DIOSC_DMM,Aetius;Dioscorides
στρουθιου ριζα,Στρουθίου ῥίζα,στρουθιου ριζα,1,1,ORIB_CM,Oribasius
στρουθος,στρουθός,στρουθος,1,1,AET_LM,Aetius
στρυφνη τεφρα,στρυφνὴ τέφρα,στρυφνη τεφρα,1,1,PAUL_AEG,Paul
στρυφνον ξυλον,στρυφνὸν ξύλον,στρυφνον ξυλον,1,1,AET_LM,Aetius
στρυφνον ξυλον,στρυφνὸν ξύλον,στρυφνον ξυλον,1,1,ORIB_CM,Oribasius
στρυχνον,στρύχνον,στρυχνον,6,6,AET_LM;DIOSC_DMM;PAUL_AEG,Aetius;Dioscorides;Paul
στρυχνον εδωδιμον,στρύχνον ἐδώδιμον,στρυχνον εδωδιμον,1,1,PAUL_AEG,Paul
στρυχνον κηπαιον,στρύχνον κηπαῖον,στρυχνον κηπαιον,1,1,DIOSC_DMM,Dioscorides
στρυχνον κηπευτικον,στρύχνον κηπευτικόν,στρυχνον κηπευτικον,1,1,PAUL_AEG,Paul
στρυχνον μανικον,στρύχνον μανικόν,στρυχνον μανικον,1,1,DIOSC_DMM,Dioscorides
στρυχνον υπνωτικον,στρύχνον ὑπνωτικόν,στρυχνον υπνωτικον,2,2,DIOSC_DMM;PAUL_AEG,Dioscorides;Paul
στρυχνος,στρύχνος,στρυχνος,4,4,DIOSC_DMM;GAL_SMT,Dioscorides;Galen
στρυχνος,στρύχνος,στρυχνος,1,1,PAUL_AEG,Paul
στρυχνος κηπαιος,στρύχνος κηπαῖος,στρυχνος κηπαιος,2,2,DIOSC_DMM,Dioscorides
στρυχνος μανικος,στρύχνος μανικός,στρυχνος μανικος,1,1,DIOSC_DMM,Dioscorides
στυμμα,στύμμα,στυμμα,1,1,DIOSC_DMM,Dioscorides
στυμματων ξυλοβαλσαμου,στυμμάτων ξυλοβαλσάμου,στυμματων ξυλοβαλσαμου,1,1,DIOSC_DMM,Dioscorides
στυπτηρια,στυπτηρία,στυπτηρια,16,16,AET_LM;DIOSC_DMM;GAL_SMT;ORIB_CM;PAUL_AEG,Aetius;Dioscorides;Galen;Oribasius;Paul
στυπτηρια αστραγαλωτη,στυπτηρία ἀστραγαλωτή,στυπτηρια αστραγαλωτη,1,1,PAUL_AEG,Paul
στυπτηρια πλακιτις,στυπτηρία πλακῖτις,στυπτηρια πλακιτις,1,1,PAUL_AEG,Paul
στυπτηρια πλινθιτις,στυπτηρία πλινθῖτις,στυπτηρια πλινθιτις,1,1,PAUL_AEG,Paul
στυπτηρια στρογγυλη,στυπτηρία στρογγύλη,στυπτηρια στρογγυλη,3,3,AET_LM;DIOSC_DMM;PAUL_AEG,Aetius;Dioscorides;Paul
στυπτηρια σχιστη,στυπτηρία σχιστή,στυπτηρια σχιστη,5,5,DIOSC_DMM;PAUL_AEG,Dioscorides;Paul
στυπτηρια υγρα,στυπτηρία ὑγρά,στυπτηρια υγρα,2,2,DIOSC_DMM;PAUL_AEG,Dioscorides;Paul
στυπτικον ελαιον,στυπτικὸν ἔλαιον,στυπτικον ελαιον,1,1,DIOSC_DMM,Dioscorides
στυραξ,στύραξ,στυραξ,17,17,AET_LM;DIOSC_DMM;GAL_SMT;ORIB_CM;PAUL_AEG,Aetius;Dioscorides;Galen;Oribasius;Paul
στυραξ,στύραξ,στυραξ,1,1,PAUL_AEG,Paul
στυραξ καλαμιτης,στύραξ καλαμίτης,στυραξ καλαμιτης,1,1,AET_LM,Aetius
στυραξ λιπαρος,στύραξ λιπαρός,στυραξ λιπαρος,2,2,AET_LM,Aetius
στυραξ πρωτειος,στύραξ πρωτεῖος,στυραξ πρωτειος,2,2,AET_LM,Aetius
στυφων χυμος,στύφων χυμός,στυφων χυμος,1,1,GAL_ALIM,Galen
συαγρειον,συάγρειον,συαγρειον,1,1,DIOSC_DMM,Dioscorides
συαγριος,Συάγριος,συαγριος,1,1,DIOSC_DMM,Dioscorides
συκαλλις,συκαλλίς,συκαλλις,1,1,DIOSC_DMM,Dioscorides
συκαμινον,συκάμινον,συκαμινον,4,4,AET_LM;DIOSC_DMM;GAL_ALIM,Aetius;Dioscorides;Galen
συκαμινον λευκον,συκάμινον λευκόν,συκαμινον λευκον,1,1,DIOSC_DMM,Dioscorides
συκαμινον ξυλον,συκάμινον ξύλον,συκαμινον ξυλον,1,1,DIOSC_DMM,Dioscorides
συκαμινος,συκάμινος,συκαμινος,4,4,AET_LM;DIOSC_DMM;GAL_ALIM,Aetius;Dioscorides;Galen
συκαμινου λεπισματι,συκαμίνου λεπίσματι,συκαμινου λεπισματι,1,1,DIOSC_DMM,Dioscorides
συκαμινου οπου,συκαμίνου ὀποῦ,συκαμινου οπου,1,1,AET_LM,Aetius
συκη,συκή,συκη,4,4,DIOSC_DMM;ORIB_CM,Dioscorides;Oribasius
συκη,συκῆ,συκη,11,11,DIOSC_DMM;GAL_SMT;ORIB_CM;PAUL_AEG,Dioscorides;Galen;Oribasius;Paul
συκη αγρια,συκή ἄγρια,συκη αγρια,1,1,DIOSC_DMM,Dioscorides
συκη αγρια,συκῆ ἀγρία,συκη αγρια,1,1,GAL_SMT,Galen
συκη ημερος,συκή ἥμερος,συκη ημερος,1,1,DIOSC_DMM,Dioscorides
συκη μελαινα,συκή μέλαινα,συκη μελαινα,1,1,DIOSC_DMM,Dioscorides
συκη μελαινα,συκὴ μέλαινα,συκη μελαινα,1,1,DIOSC_DMM,Dioscorides
συκης μελαινης φυλλοις,συκῆς μελαίνης φύλλοις,συκης μελαινης φυλλοις,1,1,DIOSC_DMM,Dioscorides
συκης οπου,συκῆς ὀποῦ,συκης οπου,1,1,GAL_SMT,Galen
συκινος,συκῖνος,συκινος,2,2,ORIB_CM;PAUL_AEG,Oribasius;Paul
συκιον,συκίον,συκιον,1,1,DIOSC_DMM,Dioscorides
συκιτης,συκίτης,συκιτης,1,1,DIOSC_DMM,Dioscorides
συκομορμον,συκόμορμον,συκομορμον,1,1,DIOSC_DMM,Dioscorides
συκομορον,συκόμορον,συκομορον,2,2,AET_LM;DIOSC_DMM,Aetius;Dioscorides
συκομορος,συκόμορος,συκομορος,3,3,AET_LM;GAL_ALIM;PAUL_AEG,Aetius;Galen;Paul
συκον,σύκον,συκον,7,7,AET_LM;DIOSC_DMM;GAL_ALIM,Aetius;Dioscorides;Galen
συκον,σῦκον,συκον,23,23,AET_LM;DIOSC_DMM;GAL_ALIM;GAL_SMT;ORIB_CM;PAUL_AEG,Aetius;Dioscorides;Galen;Oribasius;Paul
συκον ερινεος,σῦκον ἐρινεός,συκον ερινεος,1,1,PAUL_AEG,Paul
συκον ξηρον,σύκον ξηρόν,συκον ξηρον,1,1,AET_LM,Aetius
συκον ξηρον,σῦκον ξηρόν,συκον ξηρον,4,4,DIOSC_DMM;ORIB_CM,Dioscorides;Oribasius
συκον πεπειρον,σῦκον πέπειρον,συκον πεπειρον,1,1,GAL_ALIM,Galen
συκον χλωρον,σῦκον χλωρόν,συκον χλωρον,1,1,DIOSC_DMM,Dioscorides
συκωτον,συκωτόν,συκωτον,1,1,AET_LM,Aetius
συμπασα ποα,σύμπασα πόα,συμπασα ποα,1,1,ORIB_CM,Oribasius
συμφυτον,σύμφυτον,συμφυτον,11,11,AET_LM;DIOSC_DMM;GAL_SMT;ORIB_CM;PAUL_AEG,Aetius;Dioscorides;Galen;Oribasius;Paul
συμφυτον αλλο,σύμφυτον ἄλλο,συμφυτον αλλο,1,1,DIOSC_DMM,Dioscorides
συμφυτον μεγα,σύμφυτον μέγα,συμφυτον μεγα,3,3,GAL_SMT;ORIB_CM;PAUL_AEG,Galen;Oribasius;Paul
συμφυτον πετραιον,σύμφυτον πετραῖον,συμφυτον πετραιον,5,5,AET_LM;DIOSC_DMM;GAL_SMT;ORIB_CM;PAUL_AEG,Aetius;Dioscorides;Galen;Oribasius;Paul
συρεντινος,Συρεντῖνος,συρεντινος,1,1,DIOSC_DMM,Dioscorides
συριακη,Συριακή,συριακη,2,2,DIOSC_DMM;GAL_SMT,Dioscorides;Galen
συριακη ναρδος,Συριακὴ νάρδος,συριακη ναρδος,2,2,DIOSC_DMM;GAL_SMT,Dioscorides;Galen
συριακος λιθος,Συριακός λίθος,συριακος λιθος,1,1,AET_LM,Aetius
συριγγιας,συριγγίας,συριγγιας,1,1,DIOSC_DMM,Dioscorides
συρικον,Συρικόν,συρικον,1,1,DIOSC_DMM,Dioscorides
συρικον,συρικόν,συρικον,1,1,AET_LM,Aetius
σφαγνον,σφάγνον,σφαγνον,2,2,DIOSC_DMM,Dioscorides
σφαιρια,σφαίρια,σφαιρια,1,1,PAUL_AEG,Paul
σφαιρια,σφαιρία,σφαιρια,2,2,AET_LM;DIOSC_DMM,Aetius;Dioscorides
σφαιρια,σφαιρία,σφαιρια,4,4,GAL_SMT;ORIB_CM,Galen;Oribasius
σφεκλαριον,σφεκλάριον,σφεκλαριον,1,1,PAUL_AEG,Paul
σφεκλη,σφέκλη,σφεκλη,1,1,PAUL_AEG,Paul
σφεκλον,σφέκλον,σφεκλον,1,1,PAUL_AEG,Paul
σφονδυλιον,σφονδύλιον,σφονδυλιον,6,6,DIOSC_DMM;ORIB_CM;PAUL_AEG,Dioscorides;Oribasius;Paul
σφονδυλοι,σφόνδυλοι,σφονδυλοι,1,1,DIOSC_DMM,Dioscorides
σφονδυλος,σφόνδυλος,σφονδυλος,1,1,GAL_SMT,Galen
σφραγις,σφραγίς,σφραγις,2,2,AET_LM;GAL_SMT,Aetius;Galen
σφραγις λημνια,σφραγὶς Λημνία,σφραγις λημνια,1,1,AET_LM,Aetius
σχινανθος,σχινάνθος,σχινανθος,1,1,AET_LM,Aetius
σχινινη,σχινίνη,σχινινη,6,6,AET_LM;DIOSC_DMM;GAL_SMT;ORIB_CM,Aetius;Dioscorides;Galen;Oribasius
σχινινον,σχίνινον,σχινινον,3,3,AET_LM;GAL_SMT,Aetius;Galen
σχινινον,σχινῖνον,σχινινον,1,1,AET_LM,Aetius
σχινινον ελαιον,σχίνινον ἔλαιον,σχινινον ελαιον,1,1,PAUL_AEG,Paul
σχινινον ελαιον,σχινῖνον ἔλαιον,σχινινον ελαιον,1,1,DIOSC_DMM,Dioscorides
σχινινον ελαιον,σχίνινον ἔλαιον,σχινινον ελαιον,1,1,GAL_SMT,Galen
σχινινος,σχίνινος,σχινινος,2,2,DIOSC_DMM;ORIB_CM,Dioscorides;Oribasius
σχινος,σχῖνος,σχινος,18,18,AET_LM;DIOSC_DMM;GAL_SMT;ORIB_CM;PAUL_AEG,Aetius;Dioscorides;Galen;Oribasius;Paul
σχινου ανθος,σχίνου ἄνθος,σχινου ανθος,1,1,GAL_SMT,Galen
σχιστη,σχιστή,σχιστη,1,1,DIOSC_DMM,Dioscorides
σχιστη στυπτηρια,σχιστὴ στυπτηρία,σχιστη στυπτηρια,1,1,DIOSC_DMM,Dioscorides
σχιστον γαλα,σχιστὸν γάλα,σχιστον γαλα,1,1,PAUL_AEG,Paul
σχιστος,σχιστος,σχιστος,1,1,PAUL_AEG,Paul
σχιστος,σχιστός,σχιστος,10,10,AET_LM;DIOSC_DMM;GAL_SMT;ORIB_CM,Aetius;Dioscorides;Galen;Oribasius
σχιστος λιθος,σχιστὸς λίθος,σχιστος λιθος,2,2,DIOSC_DMM,Dioscorides
σχοινος,σχοῖνος,σχοινος,31,31,AET_LM;DIOSC_DMM;GAL_SMT;ORIB_CM;PAUL_AEG,Aetius;Dioscorides;Galen;Oribasius;Paul
σχοινος αραβικη,σχοῖνος Ἀραβική,σχοινος αραβικη,1,1,DIOSC_DMM,Dioscorides
σχοινος ελεια,σχοῖνος ἑλεία,σχοινος ελεια,1,1,DIOSC_DMM,Dioscorides
σχοινος ελειος,σχοῖνος ἑλεῖος,σχοινος ελειος,1,1,PAUL_AEG,Paul
σχοινος λειος,σχοῖνος λεῖος,σχοινος λειος,2,2,AET_LM;ORIB_CM,Aetius;Oribasius
σχοινου ανθος,Σχοίνου ἄνθος,σχοινου ανθος,2,2,ORIB_CM;PAUL_AEG,Oribasius;Paul
σχοινου ανθος,σχοίνου ἄνθος,σχοινου ανθος,1,1,AET_LM,Aetius
σχοινου ανθους,σχοίνου ἄνθους,σχοινου ανθους,1,1,DIOSC_DMM,Dioscorides
σχοινου ανθους,σχοίνου ἄνθους,σχοινου ανθους,4,4,AET_LM,Aetius
σωμα,σῶμα,σωμα,3,3,GAL_SMT;ORIB_CM;PAUL_AEG,Galen;Oribasius;Paul
σωρευς,σώρευς,σωρευς,1,1,PAUL_AEG,Paul
σωρι,σῶρι,σωρι,7,7,AET_LM;DIOSC_DMM;ORIB_CM;PAUL_AEG,Aetius;Dioscorides;Oribasius;Paul
σωρι αιγυπτιον,σῶρι Αἰγύπτιον,σωρι αιγυπτιον,1,1,DIOSC_DMM,Dioscorides
σωρις,σῶρις,σωρις,1,1,DIOSC_DMM,Dioscorides
σωρυ,σῶρυ,σωρυ,2,2,GAL_SMT,Galen
σωσανδρον,σώσανδρον,σωσανδρον,1,1,DIOSC_DMM,Dioscorides
τα ανθη,τὰ ἄνθη,τα ανθη,4,4,AET_LM;DIOSC_DMM;GAL_SMT,Aetius;Dioscorides;Galen
τα απαλα φυλλα της μελαινης μυρσινης αγριας,τὰ ἁπαλὰ φύλλα τῆς μελαίνης μυρσίνης ἀγρίας,τα απαλα φυλλα της μελαινης μυρσινης αγριας,1,1,DIOSC_DMM,Dioscorides
τα απαλα φυλλα της μελαινης μυρσινης ημερου,τὰ ἁπαλὰ φύλλα τῆς μελαίνης μυρσίνης ἡμέρου,τα απαλα φυλλα της μελαινης μυρσινης ημερου,1,1,DIOSC_DMM,Dioscorides
τα γιγαρτα,τὰ γίγαρτα,τα γιγαρτα,1,1,PAUL_AEG,Paul
τα δε ανθη αυτου,τὰ δὲ ἄνθη αὐτοῦ,τα δε ανθη αυτου,1,1,GAL_SMT,Galen
τα δε φυλλα,τὰ δὲ φύλλα,τα δε φυλλα,3,3,DIOSC_DMM;PAUL_AEG,Dioscorides;Paul
τα δε φυλλα,τὰ δὲ φύλλα,τα δε φυλλα,1,1,AET_LM,Aetius
τα δε χλωρα των φυλλων,τὰ δὲ χλωρὰ τῶν φύλλων,τα δε χλωρα των φυλλων,1,1,DIOSC_DMM,Dioscorides
τα εντος,τὰ ἐντὸς,τα εντος,1,1,PAUL_AEG,Paul
τα καθυγρα των ελκων,τὰ κάθυγρα τῶν ἑλκῶν,τα καθυγρα των ελκων,1,1,PAUL_AEG,Paul
τα λεμματα,τὰ λέμματα,τα λεμματα,2,2,AET_LM;PAUL_AEG,Aetius;Paul
τα μεν φυλλα,τὰ μὲν φύλλα,τα μεν φυλλα,1,1,PAUL_AEG,Paul
τα μηλα,τὰ μῆλα,τα μηλα,2,2,DIOSC_DMM;PAUL_AEG,Dioscorides;Paul
τα περι τους νεφρους,τὰ περὶ τοὺς νεφροὺς,τα περι τους νεφρους,1,1,PAUL_AEG,Paul
τα περι τους νεφρους των σκιγκων,τὰ περὶ τοὺς νεφροὺς τῶν σκίγκων,τα περι τους νεφρους των σκιγκων,1,1,GAL_SMT,Galen
τα πεταλα,τὰ πέταλα,τα πεταλα,1,1,DIOSC_DMM,Dioscorides
τα σφαιρια,τὰ σφαιρία,τα σφαιρια,1,1,PAUL_AEG,Paul
τα τε φυλλα,τὰ τε φύλλα,τα τε φυλλα,1,1,PAUL_AEG,Paul
τα της μαλαχης,τὰ τῆς μαλάχης,τα της μαλαχης,3,3,AET_LM;GAL_SMT;PAUL_AEG,Aetius;Galen;Paul
τα τρυφερα των φυλλων,τά τρυφερὰ τῶν φύλλων,τα τρυφερα των φυλλων,1,1,DIOSC_DMM,Dioscorides
τα των ανθρωπων,τὰ τῶν ἀνθρώπων,τα των ανθρωπων,1,1,PAUL_AEG,Paul
τα φυλλα,τά φύλλα,τα φυλλα,1,1,DIOSC_DMM,Dioscorides
τα φυλλα,τὰ φύλλα,τα φυλλα,9,9,DIOSC_DMM;GAL_SMT;PAUL_AEG,Dioscorides;Galen;Paul
τα φυλλα,τὰ φύλλα,τα φυλλα,11,11,AET_LM;GAL_SMT;ORIB_CM;PAUL_AEG,Aetius;Galen;Oribasius;Paul
τα φυλλα αυτης,τὰ φύλλα αὐτῆς,τα φυλλα αυτης,2,2,PAUL_AEG,Paul
τα φυλλα αυτου,τὰ φύλλα αὐτοῦ,τα φυλλα αυτου,1,1,PAUL_AEG,Paul
τα φυλλα αυτου τα χλωρα,τὰ φύλλα αὐτοῦ τὰ χλωρά,τα φυλλα αυτου τα χλωρα,1,1,PAUL_AEG,Paul
τα φυλλα δε του δενδρου,τὰ φύλλα δὲ τοῦ δένδρου,τα φυλλα δε του δενδρου,1,1,PAUL_AEG,Paul
τα χλωρα φυλλα,τὰ χλωρὰ φύλλα,τα χλωρα φυλλα,1,1,PAUL_AEG,Paul
ταγγον καρυον,ταγγὸν κάρυον,ταγγον καρυον,1,1,PAUL_AEG,Paul
ταξος,τάξος,ταξος,2,2,DIOSC_DMM;GAL_SMT,Dioscorides;Galen
ταργανον,τάργανον,ταργανον,1,1,DIOSC_DMM,Dioscorides
ταριχηρα τελλινα,ταρίχηρα τελλίνα,ταριχηρα τελλινα,1,1,GAL_SMT,Galen
ταριχηρος σιλουρος,ταριχηρὸς σίλουρος,ταριχηρος σιλουρος,1,1,DIOSC_DMM,Dioscorides
ταριχηρος υειος,ταριχηρὸς ὕειος,ταριχηρος υειος,1,1,DIOSC_DMM,Dioscorides
ταριχος,τάριχος,ταριχος,4,4,AET_LM;DIOSC_DMM;GAL_ALIM,Aetius;Dioscorides;Galen
ταριχος,τάριχος,ταριχος,1,1,PAUL_AEG,Paul
τας ριζας,τὰς ῥίζας,τας ριζας,1,1,DIOSC_DMM,Dioscorides
τατταιος,Τατταῖος,τατταιος,1,1,DIOSC_DMM,Dioscorides
ταυρεια,ταυρεία,ταυρεια,1,1,DIOSC_DMM,Dioscorides
ταυρειον,ταύρειον,ταυρειον,1,1,DIOSC_DMM,Dioscorides
ταυρειον αιμα,ταύρειον αἷμα,ταυρειον αιμα,1,1,DIOSC_DMM,Dioscorides
ταυρειον στεαρ,ταύρειον στέαρ,ταυρειον στεαρ,1,1,GAL_SMT,Galen
ταυρειος,ταύρειος,ταυρειος,1,1,DIOSC_DMM,Dioscorides
ταυροκολλα,ταυροκόλλα,ταυροκολλα,2,2,DIOSC_DMM;PAUL_AEG,Dioscorides;Paul
ταυροκολλα,ταυρόκολλα,ταυροκολλα,3,3,AET_LM;DIOSC_DMM,Aetius;Dioscorides
ταυρος,ταῦρος,ταυρος,1,1,AET_LM,Aetius
ταυρων,ταύρων,ταυρων,1,1,PAUL_AEG,Paul
ταυτης ο καρπος,ταύτης ὁ καρπός,ταυτης ο καρπος,1,1,AET_LM,Aetius
ταως,ταώς,ταως,1,1,AET_LM,Aetius
τελειον πεπερι,τέλειον πέπερι,τελειον πεπερι,1,1,DIOSC_DMM,Dioscorides
τελλινα,τελλίνα,τελλινα,1,1,GAL_SMT,Galen
τελλινα,τελλῖνα,τελλινα,3,3,AET_LM;DIOSC_DMM;PAUL_AEG,Aetius;Dioscorides;Paul
τελλινα νεαρα,τελλῖνα νεαρά,τελλινα νεαρα,1,1,DIOSC_DMM,Dioscorides
τελλινα ταριχηρα,τελλῖνα ταριχηρά,τελλινα ταριχηρα,2,2,AET_LM;PAUL_AEG,Aetius;Paul
τελλινη,τελλίνη,τελλινη,1,1,PAUL_AEG,Paul
τερεβινθη,τερεβίνθη,τερεβινθη,1,1,AET_LM,Aetius
τερεβινθινη,τερεβινθίνη,τερεβινθινη,10,10,AET_LM;DIOSC_DMM;PAUL_AEG,Aetius;Dioscorides;Paul
τερεβινθινος,τερεβίνθινος,τερεβινθινος,1,1,DIOSC_DMM,Dioscorides
τερεβινθος,τερέβινθος,τερεβινθος,2,2,AET_LM;DIOSC_DMM,Aetius;Dioscorides
τερμινθη,τερμίνθη,τερμινθη,1,1,GAL_SMT,Galen
τερμινθινη,τερμινθίνη,τερμινθινη,4,4,DIOSC_DMM;GAL_SMT;ORIB_CM,Dioscorides;Galen;Oribasius
τερμινθινη,τερμινθίνη,τερμινθινη,1,1,ORIB_CM,Oribasius
τερμινθινη ρητινη,τερμινθίνη ῥητίνη,τερμινθινη ρητινη,2,2,DIOSC_DMM;GAL_SMT,Dioscorides;Galen
τερμινθινον,τερμίνθινον,τερμινθινον,1,1,GAL_SMT,Galen
τερμινθινος,τερμίνθινος,τερμινθινος,1,1,ORIB_CM,Oribasius
τερμινθος,τέρμινθος,τερμινθος,7,7,DIOSC_DMM;GAL_ALIM;GAL_SMT;ORIB_CM;PAUL_AEG,Dioscorides;Galen;Oribasius;Paul
τερμινθος,τερμίνθος,τερμινθος,1,1,PAUL_AEG,Paul
τεταρτη,τετάρτη,τεταρτη,1,1,PAUL_AEG,Paul
τεττιξ,τέττιξ,τεττιξ,3,3,AET_LM;DIOSC_DMM;GAL_SMT,Aetius;Dioscorides;Galen
τεττιξ,τέττιξ,τεττιξ,1,1,PAUL_AEG,Paul
τεττιξ απτος,τέττιξ ἁπτός,τεττιξ απτος,1,1,DIOSC_DMM,Dioscorides
τεττιξ ξηρος,τέττιξ ξηρός,τεττιξ ξηρος,2,2,AET_LM;GAL_SMT,Aetius;Galen
τευθαλλις,τευθαλλίς,τευθαλλις,1,1,DIOSC_DMM,Dioscorides
τευθις,τευθίς,τευθις,1,1,DIOSC_DMM,Dioscorides
τευθις,τεῦθις,τευθις,1,1,AET_LM,Aetius
τευθριον,τεύθριον,τευθριον,2,2,DIOSC_DMM,Dioscorides
τευκριον,Τεύκριον,τευκριον,2,2,DIOSC_DMM;ORIB_CM,Dioscorides;Oribasius
τευκριον,τεύκριον,τευκριον,1,1,GAL_SMT,Galen
τευκριον,τεύκριον,τευκριον,1,1,PAUL_AEG,Paul
τευκριος,τεύκριος,τευκριος,1,1,PAUL_AEG,Paul
τευριον,Τεύριον,τευριον,1,1,DIOSC_DMM,Dioscorides
τευτλον,τεύτλον,τευτλον,1,1,DIOSC_DMM,Dioscorides
τευτλον,τεῦτλον,τευτλον,15,15,AET_LM;DIOSC_DMM;GAL_ALIM;GAL_SMT;ORIB_CM;PAUL_AEG,Aetius;Dioscorides;Galen;Oribasius;Paul
τευτλον αγριον,τεύτλον ἄγριον,τευτλον αγριον,1,1,DIOSC_DMM,Dioscorides
τευχιτις,τευχῖτις,τευχιτις,1,1,DIOSC_DMM,Dioscorides
τεφρα,τέφρα,τεφρα,6,6,AET_LM;DIOSC_DMM;ORIB_CM;PAUL_AEG,Aetius;Dioscorides;Oribasius;Paul
τεφρα,τέφρα,τεφρα,2,2,PAUL_AEG,Paul
τεφρα κληματινη,τέφρα κληματίνη,τεφρα κληματινη,1,1,DIOSC_DMM,Dioscorides
τεφρα τιτανου,τέφρα τίτανου,τεφρα τιτανου,1,1,PAUL_AEG,Paul
τη ριζη,τῇ ῥίζῃ,τη ριζη,1,1,PAUL_AEG,Paul
τη του δαυκου (ριζη),τῇ τοῦ δαύκου (ῥίζῃ),τη του δαυκου (ριζη),1,1,PAUL_AEG,Paul
τη του χαλκου λεπιδι,τῇ τοῦ χαλκοῦ λεπίδι,τη του χαλκου λεπιδι,1,1,DIOSC_DMM,Dioscorides
τηκολιθος,τηκολιθος,τηκολιθος,1,1,PAUL_AEG,Paul
τηκολιθος,τηκόλιθος,τηκολιθος,1,1,AET_LM,Aetius
τηλεος,τήλεος,τηλεος,2,2,AET_LM,Aetius
τηλεφιον,Τηλέφιον,τηλεφιον,1,1,DIOSC_DMM,Dioscorides
τηλεφιον,τηλέφιον,τηλεφιον,2,2,GAL_SMT;ORIB_CM,Galen;Oribasius
τηλεφιον,τηλέφιον,τηλεφιον,1,1,PAUL_AEG,Paul
τηλεφωνιον,τηλεφώνιον,τηλεφωνιον,1,1,DIOSC_DMM,Dioscorides
τηλεως,τήλεως,τηλεως,5,5,AET_LM;DIOSC_DMM,Aetius;Dioscorides
τηλεως αλευρον,τήλεως ἄλευρον,τηλεως αλευρον,1,1,DIOSC_DMM,Dioscorides
τηλη,τήλη,τηλη,1,1,DIOSC_DMM,Dioscorides
τηλινον αλευρον,τηλῖνον ἄλευρον,τηλινον αλευρον,3,3,DIOSC_DMM,Dioscorides
τηλις,τήλις,τηλις,6,6,AET_LM;DIOSC_DMM,Aetius;Dioscorides
τηλις,τῆλις,τηλις,10,10,AET_LM;GAL_ALIM;GAL_SMT;ORIB_CM;PAUL_AEG,Aetius;Galen;Oribasius;Paul
τηλις αλευρον,τῆλις ἄλευρον,τηλις αλευρον,1,1,AET_LM,Aetius
την δε της φηνης του ορνεου κοιλιαν,τὴν δὲ τῆς φήνης τοῦ ὀρνέου κοιλίαν,την δε της φηνης του ορνεου κοιλιαν,1,1,PAUL_AEG,Paul
την ριζαν,τὴν ῥίζαν,την ριζαν,1,1,DIOSC_DMM,Dioscorides
την ριζαν,τὴν ῥίζαν,την ριζαν,2,2,PAUL_AEG,Paul
την ριζαν αυτου,τὴν ῥίζαν αὐτοῦ,την ριζαν αυτου,1,1,PAUL_AEG,Paul
την ριζαν αχρηστον,τὴν ῥίζαν ἄχρηστον,την ριζαν αχρηστον,1,1,PAUL_AEG,Paul
την σαρκα,τὴν σάρκα,την σαρκα,1,1,DIOSC_DMM,Dioscorides
της γλωττης η ιδια σαρξ,τῆς γλώττης ἡ ἰδία σάρξ,της γλωττης η ιδια σαρξ,1,1,AET_LM,Aetius
της δε ελασσονος (ριζης),τῆς δὲ ἐλάσσονος (ῥίζης),της δε ελασσονος (ριζης),1,1,PAUL_AEG,Paul
της δε ριζης ο φλοιος,τῆς δὲ ῥίζης ὁ φλοιός,της δε ριζης ο φλοιος,1,1,DIOSC_DMM,Dioscorides
της δε ριζης της πρινου φλοιος,τῆς δὲ ῥίζης τῆς πρίνου φλοιός,της δε ριζης της πρινου φλοιος,1,1,DIOSC_DMM,Dioscorides
της ημερου ελαιας φυλλα,τῆς ἡμέρου ἐλαίας φύλλα,της ημερου ελαιας φυλλα,1,1,DIOSC_DMM,Dioscorides
της κεφαλης,τῆς κεφαλῆς,της κεφαλης,1,1,PAUL_AEG,Paul
της κολοκυνθης,τῆς κολοκύνθης,της κολοκυνθης,1,1,GAL_SMT,Galen
της λεπιδος αυτου,τῆς λεπίδος αὐτοῦ,της λεπιδος αυτου,1,1,PAUL_AEG,Paul
της μεν μειζονος (ριζης),τῆς μὲν μείζονος (ῥίζης),της μεν μειζονος (ριζης),1,1,PAUL_AEG,Paul
της οιον σαρκος αυτων,τῆς οἷον σαρκὸς αὐτῶν,της οιον σαρκος αυτων,1,1,PAUL_AEG,Paul
της ποας,τῆς πόας,της ποας,1,1,AET_LM,Aetius
της ποας αυτης,τῆς πόας αὐτῆς,της ποας αυτης,1,1,DIOSC_DMM,Dioscorides
της ριζης,τῆς ῥίζης,της ριζης,1,1,DIOSC_DMM,Dioscorides
της ριζης,τῆς ῥίζης,της ριζης,3,3,AET_LM;GAL_SMT;PAUL_AEG,Aetius;Galen;Paul
της ριζης φλοιος,τῆς ῥίζης φλοιός,της ριζης φλοιος,2,2,DIOSC_DMM;PAUL_AEG,Dioscorides;Paul
τιθυμαλλις,τιθυμαλλίς,τιθυμαλλις,1,1,DIOSC_DMM,Dioscorides
τιθυμαλλον,τιθύμαλλον,τιθυμαλλον,2,2,DIOSC_DMM;GAL_ALIM,Dioscorides;Galen
τιθυμαλλος,τιθυμάλλος,τιθυμαλλος,1,1,PAUL_AEG,Paul
τιθυμαλλος,τιθύμαλλος,τιθυμαλλος,18,18,AET_LM;DIOSC_DMM;GAL_SMT;ORIB_CM,Aetius;Dioscorides;Galen;Oribasius
τιθυμαλλος,τιθύμαλλος,τιθυμαλλος,6,6,GAL_SMT;PAUL_AEG,Galen;Paul
τιταν,τιτάν,τιταν,1,1,DIOSC_DMM,Dioscorides
τιτανος,τίτανος,τιτανος,8,8,AET_LM;DIOSC_DMM;GAL_SMT;ORIB_CM;PAUL_AEG,Aetius;Dioscorides;Galen;Oribasius;Paul
τιτανος,τίτανος,τιτανος,2,2,AET_LM;PAUL_AEG,Aetius;Paul
τιτανος ασβεστος,τίτανος ἄσβεστος,τιτανος ασβεστος,1,1,ORIB_CM,Oribasius
τιτανος σβεσθεισα,τίτανος σβεσθεῖσα,τιτανος σβεσθεισα,1,1,ORIB_CM,Oribasius
το αιμα των χλωρων βατραχων των μικρων,τὸ αἷμα τῶν χλωρῶν βατράχων τῶν μικρῶν,το αιμα των χλωρων βατραχων των μικρων,1,1,GAL_SMT,Galen
το ανθος,τὸ ἄνθος,το ανθος,3,3,GAL_SMT;PAUL_AEG,Galen;Paul
το δακρυον αυτης,τὸ δάκρυον αὐτῆς,το δακρυον αυτης,1,1,DIOSC_DMM,Dioscorides
το δακρυον αυτου,τὸ δάκρυον αὐτοῦ,το δακρυον αυτου,1,1,GAL_SMT,Galen
το δακρυον της αιθιοπικης ελαιας,τὸ δάκρυον τῆς Αἰθιοπικῆς ἐλαίας,το δακρυον της αιθιοπικης ελαιας,1,1,DIOSC_DMM,Dioscorides
το δε ανθος αυτων,τὸ δὲ ἄνθος αὐτῶν,το δε ανθος αυτων,1,1,PAUL_AEG,Paul
το δε σπερμα,τὸ δὲ σπέρμα,το δε σπερμα,1,1,DIOSC_DMM,Dioscorides
το δε σπερμα,τὸ δὲ σπέρμα,το δε σπερμα,3,3,PAUL_AEG,Paul
το δε της ασσιας πετρας ανθος,τὸ δὲ τῆς Ἀσσίας πέτρας ἄνθος,το δε της ασσιας πετρας ανθος,1,1,PAUL_AEG,Paul
το δε της γλαυκος,τὸ δὲ τῆς γλαυκὸς,το δε της γλαυκος,1,1,PAUL_AEG,Paul
το δε της εχεως,τὸ δὲ τῆς ἔχεως,το δε της εχεως,1,1,PAUL_AEG,Paul
το δε των αιγων,τὸ δὲ τῶν αἰγῶν,το δε των αιγων,1,1,PAUL_AEG,Paul
το δε των αρκτων,τὸ δὲ τῶν ἄρκτων,το δε των αρκτων,1,1,PAUL_AEG,Paul
το δε των αρνων,τὸ δὲ τῶν ἀρνῶν,το δε των αρνων,1,1,PAUL_AEG,Paul
το δε των εριφων,τὸ δὲ τῶν ἐρίφων,το δε των εριφων,1,1,PAUL_AEG,Paul
το δε των κατοικιδιων ορνιθων,τὸ δὲ τῶν κατοικιδίων ὀρνίθων,το δε των κατοικιδιων ορνιθων,1,1,PAUL_AEG,Paul
το δε των νυκτεριδων,τὸ δὲ τῶν νυκτερίδων,το δε των νυκτεριδων,1,1,PAUL_AEG,Paul
το δε των οχευτων ιππων,τὸ δὲ τῶν ὀχευτῶν ἵππων,το δε των οχευτων ιππων,1,1,PAUL_AEG,Paul
το δε των περιστερων,τὸ δὲ τῶν περιστερῶν,το δε των περιστερων,1,1,PAUL_AEG,Paul
το δε υφος αυτης,τὸ δὲ ὕφος αὐτῆς,το δε υφος αυτης,1,1,PAUL_AEG,Paul
το ενδον,τὸ ἔνδον,το ενδον,1,1,PAUL_AEG,Paul
το ενδον αυτης,τὸ ἔνδον αὐτῆς,το ενδον αυτης,1,1,PAUL_AEG,Paul
το εντος χλωρον,τὸ ἐντὸς χλωρὸν,το εντος χλωρον,1,1,PAUL_AEG,Paul
το ινδικον,τὸ Ἰνδικόν,το ινδικον,1,1,PAUL_AEG,Paul
το κομμι πασης κοκκυμηλεας,τὸ κόμμι πάσης κοκκυμηλέας,το κομμι πασης κοκκυμηλεας,1,1,AET_LM,Aetius
το κομμι του δενδρου,τὸ κόμμι τοῦ δένδρου,το κομμι του δενδρου,1,1,GAL_SMT,Galen
το λεπος αυτου,τὸ λέπος αὐτοῦ,το λεπος αυτου,1,1,AET_LM,Aetius
το λευκον,τὸ λευκόν,το λευκον,1,1,PAUL_AEG,Paul
το λιπαρον,τὸ λιπαρόν,το λιπαρον,1,1,AET_LM,Aetius
το μεν μεσον αυτου,τὸ μὲν μέσον αὐτοῦ,το μεν μεσον αυτου,1,1,PAUL_AEG,Paul
το μεν σπερμα,τὸ μὲν σπέρμα,το μεν σπερμα,1,1,PAUL_AEG,Paul
το μεν των υων,τὸ μὲν τῶν ὑῶν,το μεν των υων,1,1,PAUL_AEG,Paul
το μεταξυ του φλοιου και του πρεμνου υμενοειδες,τὸ μεταξὺ τοῦ φλοιοῦ καὶ τοῦ πρέμνου ὑμενοειδές,το μεταξυ του φλοιου και του πρεμνου υμενοειδες,1,1,DIOSC_DMM,Dioscorides
το οιον αμφιεσμα του καρπου,τὸ οἷον ἀμφίεσμα τοῦ καρποῦ,το οιον αμφιεσμα του καρπου,1,1,PAUL_AEG,Paul
το οστρακον,τὸ ὄστρακον,το οστρακον,1,1,PAUL_AEG,Paul
το σπερμα,τὸ σπέρμα,το σπερμα,4,4,AET_LM;DIOSC_DMM;PAUL_AEG,Aetius;Dioscorides;Paul
το σπερμα,τὸ σπέρμα,το σπερμα,14,13,GAL_SMT;ORIB_CM;PAUL_AEG,Galen;Oribasius;Paul
το σπερμα αυτης,τὸ σπέρμα αὐτῆς,το σπερμα αυτης,1,1,DIOSC_DMM,Dioscorides
το σπερμα αυτου,τὸ σπέρμα αὐτοῦ,το σπερμα αυτου,2,2,PAUL_AEG,Paul
το σπερμα ταυτης,τὸ σπέρμα ταύτης,το σπερμα ταυτης,1,1,PAUL_AEG,Paul
το σπερμα του αγνου,τὸ σπέρμα τοῦ ἄγνου,το σπερμα του αγνου,1,1,AET_LM,Aetius
το σπερμα των μηλων,τὸ σπέρμα τῶν μήλων,το σπερμα των μηλων,1,1,DIOSC_DMM,Dioscorides
το της αγριας,τὸ τῆς ἀγρίας,το της αγριας,1,1,GAL_SMT,Galen
το της αιγειρου δακρυον,τὸ τῆς αἰγείρου δάκρυόν,το της αιγειρου δακρυον,1,1,PAUL_AEG,Paul
το της χαλβανης ξυλον,τὸ τῆς χαλβάνης ξύλον,το της χαλβανης ξυλον,1,1,AET_LM,Aetius
το του χαμαιλεοντος,τὸ τοῦ χαμαιλέοντος,το του χαμαιλεοντος,1,1,PAUL_AEG,Paul
το των αλεκτρυονων,τὸ τῶν ἀλεκτρυόνων,το των αλεκτρυονων,1,1,PAUL_AEG,Paul
το των αλωπεκων,τὸ τῶν ἀλωπέκων,το των αλωπεκων,1,1,PAUL_AEG,Paul
το των αρκων,τὸ τῶν ἄρκων,το των αρκων,1,1,PAUL_AEG,Paul
το των βατραχων,τὸ τῶν βατράχων,το των βατραχων,1,1,PAUL_AEG,Paul
το των βοων,τὸ τῶν βοῶν,το των βοων,1,1,PAUL_AEG,Paul
το των εχιδνων,τὸ τῶν ἐχιδνῶν,το των εχιδνων,1,1,PAUL_AEG,Paul
το των κροτωνων των κυνων,τὸ τῶν κροτώνων τῶν κυνῶν,το των κροτωνων των κυνων,1,1,PAUL_AEG,Paul
το των λεοντων,τὸ τῶν λεόντων,το των λεοντων,1,1,PAUL_AEG,Paul
το των υων,τὸ τῶν ὑῶν,το των υων,1,1,PAUL_AEG,Paul
το υμενωδες,τὸ ὑμενῶδες,το υμενωδες,1,1,GAL_SMT,Galen
το φυλλον,τὸ φύλλον,το φυλλον,1,1,PAUL_AEG,Paul
το φυτον ολον,τὸ φυτὸν ὅλον,το φυτον ολον,1,1,AET_LM,Aetius
τοις ανθεσι,τοῖς ἄνθεσι,τοις ανθεσι,1,1,PAUL_AEG,Paul
τοις απαλοις φυλλοις,τοῖς ἁπαλοῖς φύλλοις,τοις απαλοις φυλλοις,1,1,PAUL_AEG,Paul
τοις βλαστοις,τοῖς βλαστοῖς,τοις βλαστοις,1,1,AET_LM,Aetius
τοις φυλλοις,τοῖς φύλλοις,τοις φυλλοις,1,1,DIOSC_DMM,Dioscorides
τοις φυλλοις,τοῖς φύλλοις,τοις φυλλοις,1,1,AET_LM,Aetius
τοις φυλλοις της δρυος,τοῖς φύλλοις τῆς δρυός,τοις φυλλοις της δρυος,1,1,GAL_SMT,Galen
τον καρπον,τὸν καρπὸν,τον καρπον,2,2,PAUL_AEG,Paul
τον καρπον της κεδρου,τὸν καρπὸν τῆς κέδρου,τον καρπον της κεδρου,1,1,GAL_SMT,Galen
τον καρπον του βαλσαμου,τὸν καρπὸν τοῦ βαλσάμου,τον καρπον του βαλσαμου,1,1,PAUL_AEG,Paul
τον ορρον,τὸν ὀρρόν,τον ορρον,1,1,AET_LM,Aetius
τον της πευκης,τὸν τῆς πεύκης,τον της πευκης,1,1,AET_LM,Aetius
τον των αλεκτοριδων ενδον της κοιλιας χιτωνα,τὸν τῶν ἀλεκτορίδων ἔνδον τῆς κοιλίας χιτῶνα,τον των αλεκτοριδων ενδον της κοιλιας χιτωνα,1,1,PAUL_AEG,Paul
τον φλοιον,τὸν φλοιὸν,τον φλοιον,1,1,DIOSC_DMM,Dioscorides
τον φλοιον της λευκης και της αιγειρου,τὸν φλοιὸν τῆς λεύκης καὶ τῆς αἰγείρου,τον φλοιον της λευκης και της αιγειρου,1,1,DIOSC_DMM,Dioscorides
τον χλωρον καρπον των αιγυπτιων κυαμων,Τὸν χλωρὸν καρπὸν τῶν αἰγυπτίων κυάμων,τον χλωρον καρπον των αιγυπτιων κυαμων,1,1,AET_LM,Aetius
τοξικον,τοξικόν,τοξικον,2,2,DIOSC_DMM,Dioscorides
τορδιλον,τόρδιλον,τορδιλον,1,1,DIOSC_DMM,Dioscorides
τορνευματα,τορνεύματα,τορνευματα,1,1,DIOSC_DMM,Dioscorides
τορνευματα,τορνεύματα,τορνευματα,1,1,PAUL_AEG,Paul
τορνευματων,τορνευμάτων,τορνευματων,1,1,DIOSC_DMM,Dioscorides
του αγριου το σπερμα,τοῦ ἀγρίου τὸ σπέρμα,του αγριου το σπερμα,1,1,PAUL_AEG,Paul
του αιγυπτιου το σπερμα,τοῦ Αἰγυπτίου τὸ σπέρμα,του αιγυπτιου το σπερμα,1,1,PAUL_AEG,Paul
του ανθους αυτης,τοῦ ἄνθους αὐτῆς,του ανθους αυτης,1,1,PAUL_AEG,Paul
του δε μικρου η μεν ριζα,τοῦ δὲ μικροῦ ἡ μὲν ῥίζα,του δε μικρου η μεν ριζα,1,1,PAUL_AEG,Paul
του δε σπερματος,τοῦ δὲ σπέρματος,του δε σπερματος,1,1,DIOSC_DMM,Dioscorides
του ιπποποταμου το δερμα,τοῦ ἱπποποτάμου τὸ δέρμα,του ιπποποταμου το δερμα,1,1,PAUL_AEG,Paul
του καρπου της σχινου,τοῦ καρποῦ τῆς σχίνου,του καρπου της σχινου,1,1,AET_LM,Aetius
του καρπου του αγριου σικυου,τοῦ καρποῦ τοῦ ἀγρίου σικύου,του καρπου του αγριου σικυου,1,1,PAUL_AEG,Paul
του καρπου των αρκευθιδων,τοῦ καρποῦ τῶν ἀρκευθίδων,του καρπου των αρκευθιδων,1,1,DIOSC_DMM,Dioscorides
του καρπου των δαφνιδων,τοῦ καρποῦ τῶν δαφνίδων,του καρπου των δαφνιδων,1,1,AET_LM,Aetius
του καρπου των μειζονων κεδρων,τοῦ καρποῦ τῶν μειζόνων κέδρων,του καρπου των μειζονων κεδρων,1,1,DIOSC_DMM,Dioscorides
του καρπου των πικρων αμυγδαλων,τοῦ καρποῦ τῶν πικρῶν ἀμυγδάλων,του καρπου των πικρων αμυγδαλων,1,1,AET_LM,Aetius
του καρυου λεμματι,τοῦ καρύου λέμματι,του καρυου λεμματι,1,1,AET_LM,Aetius
του καστορος ορχεις,τοῦ κάστορος ὄρχεις,του καστορος ορχεις,1,1,AET_LM,Aetius
του καστορος ορχις,τοῦ κάστορος ὄρχις,του καστορος ορχις,1,1,DIOSC_DMM,Dioscorides
του κρινου πεταλων,τοῦ κρίνου πετάλων,του κρινου πεταλων,1,1,AET_LM,Aetius
του λευκου ριζα,τοῦ λευκοῦ ῥίζα,του λευκου ριζα,1,1,ORIB_CM,Oribasius
του λευκου χαμαιλεοντος ριζα,τοῦ λευκοῦ χαμαιλέοντος ῥίζα,του λευκου χαμαιλεοντος ριζα,1,1,AET_LM,Aetius
του λιτρου τον αφρον,τοῦ λίτρου τὸν ἀφρόν,του λιτρου τον αφρον,1,1,GAL_ALIM,Galen
του οπου,τοῦ ὀποῦ,του οπου,1,1,PAUL_AEG,Paul
του σιδηρου,τοῦ σιδήρου,του σιδηρου,1,1,ORIB_CM,Oribasius
του στομωματος,τοῦ στομώματος,του στομωματος,1,1,ORIB_CM,Oribasius
του χαλκου λεπις,τοῦ χαλκοῦ λεπὶς,του χαλκου λεπις,1,1,ORIB_CM,Oribasius
του χερσαιου κροκοδειλου,τοῦ χερσαίου κροκοδείλου,του χερσαιου κροκοδειλου,1,1,PAUL_AEG,Paul
του ωου λευκω,τοῦ ᾠοῦ λευκῷ,του ωου λευκω,1,1,DIOSC_DMM,Dioscorides
τραγακανθα,τραγάκανθα,τραγακανθα,10,10,AET_LM;DIOSC_DMM;GAL_ALIM;GAL_SMT;ORIB_CM,Aetius;Dioscorides;Galen;Oribasius
τραγακανθα,τραγάκανθα,τραγακανθα,2,2,PAUL_AEG,Paul
τραγακανθα οπος,τραγάκανθα ὀπός,τραγακανθα οπος,1,1,AET_LM,Aetius
τραγειον αιμα,τράγειον αἷμα,τραγειον αιμα,1,1,GAL_SMT,Galen
τραγειον αιμα,τράγειον αἷμα,τραγειον αιμα,1,1,AET_LM,Aetius
τραγειον ηπαρ,τράγειον ἧπαρ,τραγειον ηπαρ,2,2,DIOSC_DMM;GAL_SMT,Dioscorides;Galen
τραγειον στεαρ,τραγεῖον στέαρ,τραγειον στεαρ,1,1,DIOSC_DMM,Dioscorides
τραγειον στεαρ,τράγειον στέαρ,τραγειον στεαρ,1,1,GAL_SMT,Galen
τραγειος,τράγειος,τραγειος,1,1,DIOSC_DMM,Dioscorides
τραγιον,τράγιον,τραγιον,6,6,DIOSC_DMM;GAL_SMT;ORIB_CM;PAUL_AEG,Dioscorides;Galen;Oribasius;Paul
τραγιον μικροτερον,τράγιον μικρότερον,τραγιον μικροτερον,1,1,ORIB_CM,Oribasius
τραγοπωγων,τραγοπώγων,τραγοπωγων,1,1,DIOSC_DMM,Dioscorides
τραγοριγανον,τραγορίγανον,τραγοριγανον,1,1,DIOSC_DMM,Dioscorides
τραγοριγανος,τραγορίγανος,τραγοριγανος,4,4,AET_LM;DIOSC_DMM;GAL_SMT;PAUL_AEG,Aetius;Dioscorides;Galen;Paul
τραγοριγανος,τραγόριγανος,τραγοριγανος,2,2,GAL_SMT;ORIB_CM,Galen;Oribasius
τραγος,τράγος,τραγος,8,8,AET_LM;DIOSC_DMM;PAUL_AEG,Aetius;Dioscorides;Paul
τραγος ορχις,τράγος ὄρχις,τραγος ορχις,1,1,AET_LM,Aetius
τραγος σιτωδης,τράγος σιτώδης,τραγος σιτωδης,1,1,PAUL_AEG,Paul
τραγου,τράγου,τραγου,1,1,DIOSC_DMM,Dioscorides
τραγων,τράγων,τραγων,1,1,PAUL_AEG,Paul
τραχυς αλκυονιον,τραχύς ἀλκυόνιον,τραχυς αλκυονιον,1,1,AET_LM,Aetius
τρεγλα,τρέγλα,τρεγλα,1,1,DIOSC_DMM,Dioscorides
τριβολος,τρίβολος,τριβολος,4,4,AET_LM;DIOSC_DMM;GAL_SMT;ORIB_CM,Aetius;Dioscorides;Galen;Oribasius
τριβολος,τρίβολος,τριβολος,1,1,PAUL_AEG,Paul
τριβολος ενυδρος,τρίβολος ἔνυδρος,τριβολος ενυδρος,2,2,AET_LM;DIOSC_DMM,Aetius;Dioscorides
τριβολος ενυδρος,τρίβολος ἔνυδρος,τριβολος ενυδρος,1,1,PAUL_AEG,Paul
τριβολος χερσαιος,τρίβολος χερσαῖος,τριβολος χερσαιος,2,2,AET_LM;DIOSC_DMM,Aetius;Dioscorides
τριβολος χερσαιος,τρίβολος χερσαῖος,τριβολος χερσαιος,1,1,PAUL_AEG,Paul
τριγλη,τρίγλη,τριγλη,3,3,AET_LM;GAL_SMT;PAUL_AEG,Aetius;Galen;Paul
τρικοκκον,τρίκοκκον,τρικοκκον,3,3,DIOSC_DMM;GAL_SMT;PAUL_AEG,Dioscorides;Galen;Paul
τριορχις,τρίορχις,τριορχις,1,1,PAUL_AEG,Paul
τριορχις,τριόρχις,τριορχις,1,1,AET_LM,Aetius
τριπολιον,τριπόλιον,τριπολιον,3,3,DIOSC_DMM;GAL_SMT;ORIB_CM,Dioscorides;Galen;Oribasius
τριπολιον,τριπόλιον,τριπολιον,1,1,PAUL_AEG,Paul
τριπολιου η ριζα,Τριπολίου ἡ ῥίζα,τριπολιου η ριζα,1,1,PAUL_AEG,Paul
τριπολιου ριζα,Τριπολίου ῥίζα,τριπολιου ριζα,1,1,ORIB_CM,Oribasius
τριφυλλον,τρίφυλλον,τριφυλλον,14,14,AET_LM;DIOSC_DMM;GAL_SMT;ORIB_CM;PAUL_AEG,Aetius;Dioscorides;Galen;Oribasius;Paul
τριχας,τρίχας,τριχας,1,1,PAUL_AEG,Paul
τριχιτις,τριχῖτις,τριχιτις,1,1,DIOSC_DMM,Dioscorides
τριχομανες,τριχομανές,τριχομανες,4,4,DIOSC_DMM;GAL_SMT;ORIB_CM,Dioscorides;Galen;Oribasius
τροφη,τροφή,τροφη,1,1,AET_LM,Aetius
τροχιτης,τροχίτης,τροχιτης,1,1,DIOSC_DMM,Dioscorides
τρυγι οξους,τρυγὶ ὄξους,τρυγι οξους,1,1,DIOSC_DMM,Dioscorides
τρυγια,τρυγία,τρυγια,1,1,AET_LM,Aetius
τρυγια οξους,τρυγία ὄξους,τρυγια οξους,1,1,AET_LM,Aetius
τρυγονος,τρυγόνος,τρυγονος,1,1,PAUL_AEG,Paul
τρυγονος αιμα,τρυγόνος αἷμα,τρυγονος αιμα,1,1,AET_LM,Aetius
τρυγονος θαλασαιας κεντρον,τρυγόνος θαλασαίας κέντρον,τρυγονος θαλασαιας κεντρον,1,1,DIOSC_DMM,Dioscorides
τρυγονος θαλασσιας κεντρον,Τρυγόνος θαλασσίας κέντρον,τρυγονος θαλασσιας κεντρον,1,1,PAUL_AEG,Paul
τρυγος,τρυγός,τρυγος,1,1,DIOSC_DMM,Dioscorides
τρυγων,τρυγών,τρυγων,4,4,AET_LM;DIOSC_DMM,Aetius;Dioscorides
τρυγων,τρυγών,τρυγων,2,2,PAUL_AEG,Paul
τρυγων θαλασσαια,τρυγών θαλασσαία,τρυγων θαλασσαια,1,1,DIOSC_DMM,Dioscorides
τρυγων θαλασσιος,τρυγὼν θαλάσσιος,τρυγων θαλασσιος,1,1,PAUL_AEG,Paul
τρυγων θαλασσιος,τρυγών θαλάσσιος,τρυγων θαλασσιος,1,1,PAUL_AEG,Paul
τρυξ,τρύξ,τρυξ,4,4,DIOSC_DMM;PAUL_AEG,Dioscorides;Paul
τρυξ οινου,τρύξ οἴνου,τρυξ οινου,2,2,DIOSC_DMM;PAUL_AEG,Dioscorides;Paul
τρυξ οξους,τρύξ ὄξους,τρυξ οξους,1,1,PAUL_AEG,Paul
τρυχνον,τρύχνον,τρυχνον,2,2,AET_LM;ORIB_CM,Aetius;Oribasius
τρυχνον εδωδιμον,τρύχνον ἐδώδιμον,τρυχνον εδωδιμον,1,1,ORIB_CM,Oribasius
τρυχνος,τρύχνος,τρυχνος,1,1,GAL_SMT,Galen
τρωγλοδυτης στρουθιον,τρωγλοδύτης στρουθίον,τρωγλοδυτης στρουθιον,1,1,PAUL_AEG,Paul
τυρος,τυρός,τυρος,15,15,AET_LM;DIOSC_DMM;GAL_ALIM;GAL_SMT;ORIB_CM;PAUL_AEG,Aetius;Dioscorides;Galen;Oribasius;Paul
τυρος,τυρός,τυρος,1,1,GAL_SMT,Galen
τυρος ασηπτος,τυρός ἄσηπτος,τυρος ασηπτος,1,1,AET_LM,Aetius
τυρος βαθυσικος,τυρὸς Βαθυσικός,τυρος βαθυσικος,1,1,GAL_ALIM,Galen
τυρος βοειος,τυρός βόειος,τυρος βοειος,1,1,GAL_SMT,Galen
τυρος λιπαρος,τυρός λιπαρός,τυρος λιπαρος,1,1,PAUL_AEG,Paul
τυρος μαλακος,τυρός μαλακός,τυρος μαλακος,1,1,PAUL_AEG,Paul
τυρος νεαρος,τυρός νεαρός,τυρος νεαρος,1,1,DIOSC_DMM,Dioscorides
τυρος νεοπαγης,τυρός νεοπαγής,τυρος νεοπαγης,2,2,GAL_SMT;PAUL_AEG,Galen;Paul
τυρος οξυγαλακτινος,τυρός ὀξυγαλάκτινος,τυρος οξυγαλακτινος,1,1,PAUL_AEG,Paul
τυρος οξυγαλακτινος,τυρὸς ὀξυγαλάκτινος,τυρος οξυγαλακτινος,1,1,GAL_ALIM,Galen
τυρος παλαιος,τυρός παλαιός,τυρος παλαιος,1,1,PAUL_AEG,Paul
τυρος παλαιοτατος,τυρός παλαιότατος,τυρος παλαιοτατος,1,1,AET_LM,Aetius
τυρος προσφατος,τυρός πρόσφατος,τυρος προσφατος,1,1,GAL_SMT,Galen
τυρος υγρος ασηπτος,τυρός ὑγρός ἀσήπτος,τυρος υγρος ασηπτος,1,1,GAL_SMT,Galen
τυρρηνικος κηρος,Τυρρηνικὸς κηρός,τυρρηνικος κηρος,1,1,DIOSC_DMM,Dioscorides
τυρωδες,τυρώδες,τυρωδες,1,1,GAL_SMT,Galen
τυρωδες,τυρῶδες,τυρωδες,2,2,GAL_ALIM;GAL_SMT,Galen
τυρωδες του γαλακτος,τυρῶδες τοῦ γάλακτος,τυρωδες του γαλακτος,1,1,ORIB_CM,Oribasius
τυρωδης,τυρώδης,τυρωδης,1,1,AET_LM,Aetius
τυρωδης,τυρώδης,τυρωδης,1,1,ORIB_CM,Oribasius
τυρωδους,τυρώδους,τυρωδους,1,1,PAUL_AEG,Paul
τυφη,τύφη,τυφη,1,1,DIOSC_DMM,Dioscorides
των αγριων αιγων,τῶν ἀγρίων αἰγῶν,των αγριων αιγων,1,1,PAUL_AEG,Paul
των αγριων κοκκυμηλων καρπος,τῶν ἀγρίων κοκκυμήλων καρπὸς,των αγριων κοκκυμηλων καρπος,1,1,AET_LM,Aetius
των αιγων ονυχες,τῶν αἰγῶν ὄνυχες,των αιγων ονυχες,1,1,DIOSC_DMM,Dioscorides
των αλεκτοριδων,τῶν ἀλεκτορίδων,των αλεκτοριδων,1,1,PAUL_AEG,Paul
των ανθων,τῶν ἀνθῶν,των ανθων,1,1,DIOSC_DMM,Dioscorides
των βλαστων,τῶν βλαστῶν,των βλαστων,1,1,PAUL_AEG,Paul
των ερινεων συκα,τῶν ἐρινεῶν σῦκα,των ερινεων συκα,1,1,ORIB_CM,Oribasius
των κρινων φυλλων,τῶν κρίνων φύλλων,των κρινων φυλλων,1,1,AET_LM,Aetius
των λεπων αυτου,τῶν λεπῶν αὐτοῦ,των λεπων αυτου,1,1,PAUL_AEG,Paul
των μεν ξυλων,τῶν μὲν ξύλων,των μεν ξυλων,1,1,DIOSC_DMM,Dioscorides
των ονων ονυχας,τῶν ὄνων ὄνυχας,των ονων ονυχας,1,1,GAL_SMT,Galen
των οστρεων οστρακα,τῶν ὀστρέων ὄστρακα,των οστρεων οστρακα,1,1,AET_LM,Aetius
των πορφυρων οστρακα,τῶν πορφυρῶν ὄστρακα,των πορφυρων οστρακα,1,1,AET_LM,Aetius
των ριζων,τῶν ῥιζῶν,των ριζων,1,1,DIOSC_DMM,Dioscorides
των ριζων ξηρων,τῶν ῥιζῶν ξηρῶν,των ριζων ξηρων,1,1,PAUL_AEG,Paul
των φυλλων,τῶν φύλλων,των φυλλων,3,3,GAL_SMT;PAUL_AEG,Galen;Paul
τῃ φλομῳ προσεοικως,τῇ φλόμῳ προσεοικὼς,τη φλομω προσεοικως,1,1,ORIB_CM,Oribasius
υαινα,ὕαινα,υαινα,3,3,AET_LM;GAL_SMT,Aetius;Galen
υαινη,ὑαίνη,υαινη,1,1,AET_LM,Aetius
υαινης,ὑαίνης,υαινης,1,1,DIOSC_DMM,Dioscorides
υακινθος,ὑάκινθος,υακινθος,7,7,AET_LM;DIOSC_DMM;GAL_SMT;ORIB_CM;PAUL_AEG,Aetius;Dioscorides;Galen;Oribasius;Paul
υαλος,ὕαλος,υαλος,5,5,AET_LM;GAL_SMT;ORIB_CM;PAUL_AEG,Aetius;Galen;Oribasius;Paul
υγιεινη,ὑγιεινή,υγιεινη,1,1,DIOSC_DMM,Dioscorides
υγιεινη αγρια,ὑγιεινή ἀγρία,υγιεινη αγρια,1,1,DIOSC_DMM,Dioscorides
υγρα πισσα,ὑγρὰ πίσσα,υγρα πισσα,9,9,AET_LM;DIOSC_DMM;GAL_SMT;ORIB_CM,Aetius;Dioscorides;Galen;Oribasius
υγρα πισσα,ὑγρὰ πίσσα,υγρα πισσα,2,2,PAUL_AEG,Paul
υγρα πιττα,ὑγρὰ πίττα,υγρα πιττα,3,3,GAL_SMT;ORIB_CM,Galen;Oribasius
υγρα πιττη,ὑγρὰ πίττη,υγρα πιττη,1,1,GAL_SMT,Galen
υγρα στυπτηρια,ὑγρὰ στυπτηρία,υγρα στυπτηρια,1,1,DIOSC_DMM,Dioscorides
υγρασια,ὑγρασία,υγρασια,1,1,DIOSC_DMM,Dioscorides
υγρον,ὑγρόν,υγρον,10,10,AET_LM;DIOSC_DMM;GAL_SMT;ORIB_CM;PAUL_AEG,Aetius;Dioscorides;Galen;Oribasius;Paul
υγρον,ὑγρόν,υγρον,2,2,PAUL_AEG,Paul
υγρος,ὑγρός,υγρος,4,4,AET_LM;DIOSC_DMM;GAL_SMT;ORIB_CM,Aetius;Dioscorides;Galen;Oribasius
υγροτης,ὑγρότης,υγροτης,1,1,ORIB_CM,Oribasius
υδατωδες,ὑδατῶδες,υδατωδες,1,1,DIOSC_DMM,Dioscorides
υδατωδες περιττωμα,ὑδατῶδες περίττωμα,υδατωδες περιττωμα,1,1,ORIB_CM,Oribasius
υδατωδης,ὑδατώδης,υδατωδης,2,2,DIOSC_DMM,Dioscorides
υδατωδης ουσια,ὑδατώδης οὐσία,υδατωδης ουσια,1,1,ORIB_CM,Oribasius
υδνον,ὕδνον,υδνον,5,5,AET_LM;DIOSC_DMM;GAL_SMT;ORIB_CM;PAUL_AEG,Aetius;Dioscorides;Galen;Oribasius;Paul
υδνον ριζα,ὕδνον ῥίζα,υδνον ριζα,1,1,DIOSC_DMM,Dioscorides
υδραργυρος,ὑδράργυρος,υδραργυρος,4,4,AET_LM;DIOSC_DMM;GAL_SMT;PAUL_AEG,Aetius;Dioscorides;Galen;Paul
υδρελαιον,ὑδρέλαιον,υδρελαιον,2,2,AET_LM;DIOSC_DMM,Aetius;Dioscorides
υδρομελι,ὑδρομέλι,υδρομελι,2,2,DIOSC_DMM,Dioscorides
υδρομελι,ὑδρόμελι,υδρομελι,16,16,DIOSC_DMM;PAUL_AEG,Dioscorides;Paul
υδρομελι παλαιον,ὑδρόμελι παλαιόν,υδρομελι παλαιον,1,1,DIOSC_DMM,Dioscorides
υδροπεπερι,ὑδροπέπερι,υδροπεπερι,4,4,AET_LM;DIOSC_DMM;GAL_SMT;ORIB_CM,Aetius;Dioscorides;Galen;Oribasius
υδροπεπερι,ὑδροπέπερι,υδροπεπερι,1,1,PAUL_AEG,Paul
υδωρ,υδωρ,υδωρ,1,1,PAUL_AEG,Paul
υδωρ,ὕδωρ,υδωρ,409,408,AET_LM;DIOSC_DMM;GAL_ALIM;GAL_SMT;ORIB_CM;PAUL_AEG,Aetius;Dioscorides;Galen;Oribasius;Paul
υδωρ αλμυρον,ὕδωρ ἁλμυρόν,υδωρ αλμυρον,2,2,GAL_SMT;PAUL_AEG,Galen;Paul
υδωρ γαλακτωδες,ὕδωρ γαλακτώδες,υδωρ γαλακτωδες,1,1,DIOSC_DMM,Dioscorides
υδωρ γλυκυ,ὕδωρ γλυκύ,υδωρ γλυκυ,5,5,AET_LM;DIOSC_DMM;GAL_ALIM,Aetius;Dioscorides;Galen
υδωρ ζεστον,ὕδωρ ζεστόν,υδωρ ζεστον,1,1,DIOSC_DMM,Dioscorides
υδωρ θαλασσιον,ὕδωρ θαλάσσιον,υδωρ θαλασσιον,2,2,AET_LM;DIOSC_DMM,Aetius;Dioscorides
υδωρ θαλαττιον,ὕδωρ θαλάττιον,υδωρ θαλαττιον,2,2,AET_LM;GAL_SMT,Aetius;Galen
υδωρ θερμον,ὕδωρ θερμόν,υδωρ θερμον,5,5,AET_LM;DIOSC_DMM,Aetius;Dioscorides
υδωρ θερμον,ὕδωρ θερμόν,υδωρ θερμον,1,1,GAL_SMT,Galen
υδωρ θερμον αυτοφυες,ὕδωρ θερμὸν αὐτοφυές,υδωρ θερμον αυτοφυες,1,1,GAL_SMT,Galen
υδωρ καθαρον,ὕδωρ καθαρόν,υδωρ καθαρον,1,1,AET_LM,Aetius
υδωρ κρηναιον,ὕδωρ κρηναῖον,υδωρ κρηναιον,3,3,AET_LM;GAL_SMT;ORIB_CM,Aetius;Galen;Oribasius
υδωρ ομβριον,ὕδωρ ὄμβριον,υδωρ ομβριον,9,9,DIOSC_DMM;GAL_SMT,Dioscorides;Galen
υδωρ ομβριον παλαιον,ὕδωρ ὄμβριον παλαιόν,υδωρ ομβριον παλαιον,1,1,DIOSC_DMM,Dioscorides
υδωρ ομεριον,ὕδωρ ὀμέριον,υδωρ ομεριον,1,1,DIOSC_DMM,Dioscorides
υδωρ ποτιμον,ὕδωρ ποτίμον,υδωρ ποτιμον,1,1,GAL_SMT,Galen
υδωρ τραγασιον,ὕδωρ Τραγάσιον,υδωρ τραγασιον,1,1,GAL_SMT,Galen
υδωρ ψυχρον,ὕδωρ ψυχρόν,υδωρ ψυχρον,2,2,AET_LM;DIOSC_DMM,Aetius;Dioscorides
υεια,ὐεία,υεια,1,1,DIOSC_DMM,Dioscorides
υεια πιμελη,ὑεία πιμελή,υεια πιμελη,1,1,GAL_SMT,Galen
υειον,ὕειον,υειον,1,1,ORIB_CM,Oribasius
υειον αστραγαλον,ὕειον ἀστράγαλον,υειον αστραγαλον,1,1,PAUL_AEG,Paul
υειον στεαρ,ὕειον στέαρ,υειον στεαρ,2,2,GAL_SMT;ORIB_CM,Galen;Oribasius
υειον στεαρ,ὕειον στέαρ,υειον στεαρ,1,1,GAL_SMT,Galen
υειος,ὕειος,υειος,2,2,DIOSC_DMM;GAL_SMT,Dioscorides;Galen
υειος αστραγαλος,ὕειος ἀστράγαλος,υειος αστραγαλος,2,2,AET_LM;GAL_SMT,Aetius;Galen
υειος κρεας,ὕειος κρέας,υειος κρεας,1,1,PAUL_AEG,Paul
υελος,ὕελος,υελος,1,1,DIOSC_DMM,Dioscorides
υλη,ὕλη,υλη,6,6,AET_LM;GAL_SMT;ORIB_CM,Aetius;Galen;Oribasius
υμενα,ὑμένα,υμενα,1,1,DIOSC_DMM,Dioscorides
υμενωδες,ὑμενῶδες,υμενωδες,2,2,AET_LM;PAUL_AEG,Aetius;Paul
υοσκυαμινον,ὑοσκυάμινον,υοσκυαμινον,2,2,GAL_SMT;ORIB_CM,Galen;Oribasius
υοσκυαμος,ὑοσκύαμος,υοσκυαμος,13,13,AET_LM;DIOSC_DMM;GAL_SMT;ORIB_CM,Aetius;Dioscorides;Galen;Oribasius
υοσκυαμος,ὑοσκύαμος,υοσκυαμος,1,1,PAUL_AEG,Paul
υοσκυαμος ο μεν το μελαν εχων σπερμα,ὑοσκύαμος ὁ μὲν τὸ μέλαν ἔχων σπέρμα,υοσκυαμος ο μεν το μελαν εχων σπερμα,1,1,ORIB_CM,Oribasius
υοσκυαμος ο το μελαν εχων σπερμα,ὑοσκύαμος ὁ τὸ μέλαν ἔχων σπέρμα,υοσκυαμος ο το μελαν εχων σπερμα,1,1,PAUL_AEG,Paul
υοσκυαμος ο το ξανθον σπερμα,ὑοσκύαμος ὁ τὸ ξανθὸν σπέρμα,υοσκυαμος ο το ξανθον σπερμα,1,1,PAUL_AEG,Paul
υοσκυαμος ου το σπερμα μετριως ξανθον,ὑοσκύαμος οὗ τὸ σπέρμα μετρίως ξανθόν,υοσκυαμος ου το σπερμα μετριως ξανθον,1,1,ORIB_CM,Oribasius
υοσκυαμου φυλλοις,ὑοσκυάμου φύλλοις,υοσκυαμου φυλλοις,1,1,DIOSC_DMM,Dioscorides
υπαρ,ὖπαρ,υπαρ,1,1,DIOSC_DMM,Dioscorides
υπερικον,ὑπέρικον,υπερικον,4,4,DIOSC_DMM;GAL_SMT;PAUL_AEG,Dioscorides;Galen;Paul
υπερικον,ὑπερικόν,υπερικον,10,10,AET_LM;DIOSC_DMM;GAL_SMT;ORIB_CM;PAUL_AEG,Aetius;Dioscorides;Galen;Oribasius;Paul
υπερικον,ὑπερικόν,υπερικον,1,1,PAUL_AEG,Paul
υπερικον,Ὑπερικόν,υπερικον,1,1,ORIB_CM,Oribasius
υπερικον τηλεον,ὑπερικόν τήλεον,υπερικον τηλεον,1,1,AET_LM,Aetius
υπηκοον,ὑπήκοον,υπηκοον,3,3,DIOSC_DMM;ORIB_CM;PAUL_AEG,Dioscorides;Oribasius;Paul
υπνον,ὕπνον,υπνον,1,1,AET_LM,Aetius
υπνος,ὕπνος,υπνος,2,2,AET_LM,Aetius
υπνωδης δε και ταυτης ο καρπος,ὑπνώδης δὲ καὶ ταύτης ὁ καρπὸς,υπνωδης δε και ταυτης ο καρπος,1,1,GAL_SMT,Galen
υπνωτικος,ὑπνωτικός,υπνωτικος,1,1,AET_LM,Aetius
υπνωτικος στρυχνος,ὑπνωτικός στρύχνος,υπνωτικος στρυχνος,1,1,GAL_SMT,Galen
υπογλωσσον,ὑπόγλωσσον,υπογλωσσον,2,2,DIOSC_DMM;GAL_SMT,Dioscorides;Galen
υπογλωσσον,ὑπόγλωσσον,υπογλωσσον,1,1,PAUL_AEG,Paul
υπογλωσσος,ὑπόγλωσσος,υπογλωσσος,1,1,ORIB_CM,Oribasius
υπογλωττον,ὑπόγλωττον,υπογλωττον,1,1,DIOSC_DMM,Dioscorides
υποκιρρος προσφατος ελαια,ὑπόκιρρος πρόσφατος ἐλαία,υποκιρρος προσφατος ελαια,1,1,DIOSC_DMM,Dioscorides
υποκιστις,ὑποκιστίς,υποκιστις,8,8,AET_LM;DIOSC_DMM;GAL_SMT;ORIB_CM,Aetius;Dioscorides;Galen;Oribasius
υποκιστις,ὑποκίστις,υποκιστις,1,1,PAUL_AEG,Paul
υποκιστις,ὑπόκιστις,υποκιστις,1,1,PAUL_AEG,Paul
υποκυστις,ὑποκυστίς,υποκυστις,3,3,AET_LM;GAL_SMT,Aetius;Galen
υποκυστις,ὑποκυστίς,υποκυστις,1,1,GAL_SMT,Galen
υποκυστις,ὑπόκυστις,υποκυστις,1,1,GAL_SMT,Galen
υπολειμμα,ὑπόλειμμα,υπολειμμα,1,1,GAL_SMT,Galen
υπολευκος,ὑπόλευκος,υπολευκος,1,1,AET_LM,Aetius
υπορριζα,ὑπόρριζα,υπορριζα,1,1,DIOSC_DMM,Dioscorides
υποσταθμη ελαιας,ὑποστάθμη ἐλαίας,υποσταθμη ελαιας,1,1,DIOSC_DMM,Dioscorides
υποσταθμη του ουρου,ὑποστάθμη τοῦ οὔρου,υποσταθμη του ουρου,1,1,DIOSC_DMM,Dioscorides
υποσχιστις,ὑποσχιστίς,υποσχιστις,1,1,ORIB_CM,Oribasius
υποφαιστον,ὑπόφαιστον,υποφαιστον,1,1,PAUL_AEG,Paul
υποχλωρος ιασπις,υποχλωρος ιασπις,υποχλωρος ιασπις,1,1,PAUL_AEG,Paul
υς,ὗς,υς,3,3,AET_LM,Aetius
υς ορχις,ὗς ὄρχις,υς ορχις,1,1,AET_LM,Aetius
υσοβρυον,ὑσόβρυον,υσοβρυον,1,1,DIOSC_DMM,Dioscorides
υσσωπον,ὕσσωπον,υσσωπον,3,3,AET_LM;GAL_SMT;PAUL_AEG,Aetius;Galen;Paul
υσσωπος,ὑσσώπος,υσσωπος,1,1,DIOSC_DMM,Dioscorides
υσσωπος,ὕσσωπος,υσσωπος,19,19,AET_LM;DIOSC_DMM;GAL_ALIM;GAL_SMT;PAUL_AEG,Aetius;Dioscorides;Galen;Paul
υσσωπος κιλικιος,ὕσσωπος Κιλίκιος,υσσωπος κιλικιος,1,1,DIOSC_DMM,Dioscorides
υφαιμον,ὕφαιμον,υφαιμον,1,1,DIOSC_DMM,Dioscorides
υφασμα,ὕφασμα,υφασμα,1,1,GAL_SMT,Galen
υφασμα αραχνης,ὕφασμα ἀράχνης,υφασμα αραχνης,1,1,GAL_SMT,Galen
υφος,ὕφος,υφος,1,1,DIOSC_DMM,Dioscorides
υων πιμελη,ὑῶν πιμελή,υων πιμελη,1,1,AET_LM,Aetius
φαβα,φάβα,φαβα,1,1,AET_LM,Aetius
φαγρος,φάγρος,φαγρος,1,1,AET_LM,Aetius
φακη,φακή,φακη,6,6,AET_LM;DIOSC_DMM;GAL_ALIM,Aetius;Dioscorides;Galen
φακη,φακῆ,φακη,1,1,AET_LM,Aetius
φακοειδης,φακοειδής,φακοειδης,1,1,DIOSC_DMM,Dioscorides
φακος,φάκος,φακος,3,3,DIOSC_DMM;GAL_SMT,Dioscorides;Galen
φακος,φακός,φακος,18,18,AET_LM;DIOSC_DMM;GAL_ALIM;GAL_SMT;ORIB_CM;PAUL_AEG,Aetius;Dioscorides;Galen;Oribasius;Paul
φακος,φακός,φακος,2,2,ORIB_CM;PAUL_AEG,Oribasius;Paul
φακος επι τελματων,φακὸς ἐπὶ τελμάτων,φακος επι τελματων,1,1,GAL_SMT,Galen
φακος επι των τελματων,φακός ἐπὶ τῶν τελμάτων,φακος επι των τελματων,1,1,DIOSC_DMM,Dioscorides
φακος ο επι των τελματων,Φακὸς ὁ ἐπὶ τῶν τελμάτων,φακος ο επι των τελματων,1,1,PAUL_AEG,Paul
φακος ο επι των τελματων,φακὸς ὁ ἐπὶ τῶν τελμάτων,φακος ο επι των τελματων,1,1,ORIB_CM,Oribasius
φαλαγγιον,φαλάγγιον,φαλαγγιον,2,2,DIOSC_DMM,Dioscorides
φαλαγγιτης,φαλαγγίτης,φαλαγγιτης,1,1,GAL_SMT,Galen
φαλαγγιτις,Φαλαγγῖτις,φαλαγγιτις,2,2,ORIB_CM;PAUL_AEG,Oribasius;Paul
φαλαγγιτις,φαλαγγῖτις,φαλαγγιτις,1,1,DIOSC_DMM,Dioscorides
φαλερινος,Φαλερῖνος,φαλερινος,1,1,DIOSC_DMM,Dioscorides
φαληριδος ο χυλος,Φαληρίδος ὁ χυλὸς,φαληριδος ο χυλος,1,1,PAUL_AEG,Paul
φαληριδος της ποας,φαληρίδος τῆς πόας,φαληριδος της ποας,1,1,GAL_SMT,Galen
φαληρις,φαληρίς,φαληρις,4,4,DIOSC_DMM;GAL_SMT;ORIB_CM;PAUL_AEG,Dioscorides;Galen;Oribasius;Paul
φαρικον,φαρικόν,φαρικον,1,1,DIOSC_DMM,Dioscorides
φαρμακιτις,φαρμακῖτις,φαρμακιτις,2,2,AET_LM;DIOSC_DMM,Aetius;Dioscorides
φαρμακιτις γη,φαρμακῖτις γῆ,φαρμακιτις γη,1,1,GAL_SMT,Galen
φαρμακον,φάρμακον,φαρμακον,94,93,AET_LM;DIOSC_DMM;GAL_ALIM;GAL_SMT;ORIB_CM;PAUL_AEG,Aetius;Dioscorides;Galen;Oribasius;Paul
φαρμακον,φάρμακον,φαρμακον,7,7,AET_LM;GAL_SMT;PAUL_AEG,Aetius;Galen;Paul
φαρμακον θανασιμον,φάρμακον θανασίμον,φαρμακον θανασιμον,1,1,DIOSC_DMM,Dioscorides
φαρμακωδης γη,φαρμακώδης γῆ,φαρμακωδης γη,1,1,GAL_SMT,Galen
φασγανιον,φασγάνιον,φασγανιον,3,3,AET_LM;DIOSC_DMM;GAL_SMT,Aetius;Dioscorides;Galen
φασγανιον,φασγάνιον,φασγανιον,1,1,PAUL_AEG,Paul
φασγανον,φάσγανον,φασγανον,1,1,DIOSC_DMM,Dioscorides
φασηλιον,φασήλιον,φασηλιον,2,2,DIOSC_DMM;ORIB_CM,Dioscorides;Oribasius
φασηλιον σπερμα,φασήλιον σπέρμα,φασηλιον σπερμα,1,1,ORIB_CM,Oribasius
φασηλος,φάσηλος,φασηλος,5,5,AET_LM;GAL_ALIM,Aetius;Galen
φασιανικος,φασιανικός,φασιανικος,1,1,AET_LM,Aetius
φασιλιον,φασίλιον,φασιλιον,1,1,PAUL_AEG,Paul
φασιλιον σπερμα,φασίλιον σπέρμα,φασιλιον σπερμα,1,1,PAUL_AEG,Paul
φασιολον,φασίολον,φασιολον,1,1,GAL_SMT,Galen
φασιολον σπερμα,φασίoλον σπέρμα,φασιoλον σπερμα,1,1,GAL_SMT,Galen
φασιολος,φασίολος,φασιολος,1,1,AET_LM,Aetius
φαττα,φάττα,φαττα,1,1,AET_LM,Aetius
φαττης,φάττης,φαττης,1,1,PAUL_AEG,Paul
φαττης αιμα,φάττης αἷμα,φαττης αιμα,1,1,AET_LM,Aetius
φελλος,φελλός,φελλος,1,1,PAUL_AEG,Paul
φερομβρον,φέρομβρον,φερομβρον,1,1,DIOSC_DMM,Dioscorides
φηγος,φηγός,φηγος,4,4,AET_LM;DIOSC_DMM;GAL_SMT,Aetius;Dioscorides;Galen
φηνη,φηνή,φηνη,1,1,DIOSC_DMM,Dioscorides
φθοριος εμβρυων οινος,φθόριος ἐμβρύων οἶνος,φθοριος εμβρυων οινος,1,1,DIOSC_DMM,Dioscorides
φιλανθρωπον,φιλάνθρωπον,φιλανθρωπον,3,3,AET_LM;DIOSC_DMM;PAUL_AEG,Aetius;Dioscorides;Paul
φιλανθρωπος,φιλάνθρωπος,φιλανθρωπος,2,2,AET_LM;GAL_SMT,Aetius;Galen
φιλεταιριον,Φιλεταίριον,φιλεταιριον,2,2,DIOSC_DMM;ORIB_CM,Dioscorides;Oribasius
φιλεταιριον,φιλεταίριον,φιλεταιριον,4,4,AET_LM;DIOSC_DMM;GAL_SMT,Aetius;Dioscorides;Galen
φιλεταιριον,φιλεταίριον,φιλεταιριον,1,1,PAUL_AEG,Paul
φιλεταιρον,φιλέταιρον,φιλεταιρον,1,1,PAUL_AEG,Paul
φιλοφαρες,φιλοφαρές,φιλοφαρες,1,1,DIOSC_DMM,Dioscorides
φιλυρα,φιλύρα,φιλυρα,2,2,DIOSC_DMM;PAUL_AEG,Dioscorides;Paul
φιλυρας του δενδρου τα φυλλα,Φιλύρας τοῦ δένδρου τὰ φύλλα,φιλυρας του δενδρου τα φυλλα,1,1,PAUL_AEG,Paul
φλεγμα,φλέγμα,φλεγμα,54,54,AET_LM;DIOSC_DMM;GAL_ALIM;GAL_SMT;PAUL_AEG,Aetius;Dioscorides;Galen;Paul
φλεγμα,φλέγμα,φλεγμα,4,4,AET_LM;PAUL_AEG,Aetius;Paul
φλεγμα γλισχρον,φλέγμα γλίσχρον,φλεγμα γλισχρον,1,1,AET_LM,Aetius
φλεγματωδες αιμα,φλεγματῶδες αἷμα,φλεγματωδες αιμα,1,1,GAL_SMT,Galen
φλεγματωδης,φλεγματώδης,φλεγματωδης,1,1,DIOSC_DMM,Dioscorides
φλεγματωδης χυμος,φλεγματώδης χυμός,φλεγματωδης χυμος,1,1,AET_LM,Aetius
φλοιον,φλοιόν,φλοιον,1,1,DIOSC_DMM,Dioscorides
φλοιον,φλοιὸν,φλοιον,12,12,AET_LM;DIOSC_DMM;GAL_ALIM;GAL_SMT,Aetius;Dioscorides;Galen
φλοιος,φλοιός,φλοιος,3,3,DIOSC_DMM;ORIB_CM,Dioscorides;Oribasius
φλοιος,φλοιὸς,φλοιος,44,44,AET_LM;DIOSC_DMM;GAL_SMT;ORIB_CM;PAUL_AEG,Aetius;Dioscorides;Galen;Oribasius;Paul
φλοιος,φλοιός,φλοιος,5,5,AET_LM;GAL_SMT;PAUL_AEG,Aetius;Galen;Paul
φλοιος αυτου,φλοιὸς αὐτοῦ,φλοιος αυτου,1,1,GAL_SMT,Galen
φλοιος δε λιβανου,φλοιὸς δὲ λιβάνου,φλοιος δε λιβανου,1,1,DIOSC_DMM,Dioscorides
φλοιος ριζης,φλοιὸς ῥίζης,φλοιος ριζης,2,2,AET_LM,Aetius
φλοιος στροβιλου,φλοιὸς στροβίλου,φλοιος στροβιλου,1,1,DIOSC_DMM,Dioscorides
φλοιος της ριζης,φλοιὸς τῆς ῥίζης,φλοιος της ριζης,2,2,DIOSC_DMM,Dioscorides
φλοιος της ριζης,φλοιὸς τῆς ῥίζης,φλοιος της ριζης,3,3,AET_LM;GAL_SMT,Aetius;Galen
φλοιου,φλοιοῦ,φλοιου,2,2,AET_LM;DIOSC_DMM,Aetius;Dioscorides
φλοιῳ,φλοιῷ,φλοιω,2,2,GAL_SMT;ORIB_CM,Galen;Oribasius
φλομις,φλομίς,φλομις,2,2,DIOSC_DMM;GAL_SMT,Dioscorides;Galen
φλομιτις,φλομῖτις,φλομιτις,1,1,PAUL_AEG,Paul
φλομος,φλόμος,φλομος,19,19,AET_LM;DIOSC_DMM;GAL_SMT;ORIB_CM;PAUL_AEG,Aetius;Dioscorides;Galen;Oribasius;Paul
φλομος,φλόμος,φλομος,2,2,PAUL_AEG,Paul
φλομος αγριος,φλόμος ἄγριος,φλομος αγριος,1,1,GAL_SMT,Galen
φλομος ιδαιος,φλόμος Ἰδαῖος,φλομος ιδαιος,1,1,DIOSC_DMM,Dioscorides
φλομος λευκη,φλόμος λευκή,φλομος λευκη,1,1,ORIB_CM,Oribasius
φλομος μελαινη,φλόμος μελαίνη,φλομος μελαινη,1,1,ORIB_CM,Oribasius
φλομος στενοφυλλος,φλόμος στενόφυλλος,φλομος στενοφυλλος,1,1,DIOSC_DMM,Dioscorides
φλομος στεφανωματικος,φλόμος στεφανωματικός,φλομος στεφανωματικος,1,1,DIOSC_DMM,Dioscorides
φλονιτις,φλονῖτις,φλονιτις,2,2,DIOSC_DMM;GAL_SMT,Dioscorides;Galen
φοινικιτης,φοινικίτης,φοινικιτης,1,1,DIOSC_DMM,Dioscorides
φοινικοβαλανος,φοινικοβάλανος,φοινικοβαλανος,1,1,DIOSC_DMM,Dioscorides
φοινικουν,φοινικοῦν,φοινικουν,1,1,DIOSC_DMM,Dioscorides
φοινιξ,φοῖνιξ,φοινιξ,12,12,AET_LM;DIOSC_DMM;GAL_ALIM;GAL_SMT;ORIB_CM;PAUL_AEG,Aetius;Dioscorides;Galen;Oribasius;Paul
φοινιξ θηβαικος,φοῖνιξ Θηβαϊκός,φοινιξ θηβαικος,1,1,DIOSC_DMM,Dioscorides
φοινιξ χυδαιος,φοῖνιξ χυδαῖος,φοινιξ χυδαιος,1,1,DIOSC_DMM,Dioscorides
φορβιον,φόρβιον,φορβιον,1,1,GAL_SMT,Galen
φορβιου σπερματι,φορβίου σπέρματι,φορβιου σπερματι,1,1,GAL_SMT,Galen
φορμιον,Φόρμιον,φορμιον,1,1,ORIB_CM,Oribasius
φορμιον,φορμίον,φορμιον,1,1,PAUL_AEG,Paul
φορυτον,φόρυτον,φορυτον,1,1,PAUL_AEG,Paul
φορυτος,φόρυτος,φορυτος,1,1,GAL_SMT,Galen
φου,φοῦ,φου,9,9,AET_LM;DIOSC_DMM;GAL_SMT;ORIB_CM;PAUL_AEG,Aetius;Dioscorides;Galen;Oribasius;Paul
φου η ριζα,Φοῦ ἡ ῥίζα,φου η ριζα,1,1,ORIB_CM,Oribasius
φραγμιτης,φραγμίτης,φραγμιτης,1,1,DIOSC_DMM,Dioscorides
φραγμιτης,φραγμίτης,φραγμιτης,1,1,PAUL_AEG,Paul
φρυγανον,φρύγανον,φρυγανον,1,1,DIOSC_DMM,Dioscorides
φρυγεισα κριθη,φρυγεῖσα κριθή,φρυγεισα κριθη,1,1,AET_LM,Aetius
φρυγιος,Φρύγιος,φρυγιος,3,3,DIOSC_DMM;GAL_SMT;ORIB_CM,Dioscorides;Galen;Oribasius
φρυγιος,φρυγιος,φρυγιος,1,1,PAUL_AEG,Paul
φρυγιος,φρύγιος,φρυγιος,1,1,GAL_SMT,Galen
φρυγιος λιθος,Φρύγιος λίθος,φρυγιος λιθος,1,1,DIOSC_DMM,Dioscorides
φρυκτη ρητινη,φρυκτὴ ῥητίνη,φρυκτη ρητινη,1,1,AET_LM,Aetius
φρυνινον,φρύνινον,φρυνινον,1,1,PAUL_AEG,Paul
φρυνιον,φρύνιον,φρυνιον,1,1,DIOSC_DMM,Dioscorides
φρυνος,φρῦνος,φρυνος,1,1,DIOSC_DMM,Dioscorides
φυ,φῦ,φυ,1,1,ORIB_CM,Oribasius
φυγελιτης,Φυγελίτης,φυγελιτης,1,1,DIOSC_DMM,Dioscorides
φυκη,φύκη,φυκη,1,1,PAUL_AEG,Paul
φυκις,φυκίς,φυκις,1,1,AET_LM,Aetius
φυκος,φῦκος,φυκος,12,12,AET_LM;DIOSC_DMM;GAL_SMT;ORIB_CM;PAUL_AEG,Aetius;Dioscorides;Galen;Oribasius;Paul
φυκος θαλασσιον,φῦκος θαλάσσιον,φυκος θαλασσιον,1,1,DIOSC_DMM,Dioscorides
φυλλα,φύλλα,φυλλα,254,250,AET_LM;DIOSC_DMM;GAL_SMT;ORIB_CM;PAUL_AEG,Aetius;Dioscorides;Galen;Oribasius;Paul
φυλλα,φύλλα,φυλλα,106,106,AET_LM;DIOSC_DMM;GAL_SMT;ORIB_CM;PAUL_AEG,Aetius;Dioscorides;Galen;Oribasius;Paul
φυλλα βατου,φύλλα βάτου,φυλλα βατου,1,1,GAL_SMT,Galen
φυλλα λαπαθου,φύλλα λαπάθου,φυλλα λαπαθου,1,1,GAL_SMT,Galen
φυλλα στροβιλου,φύλλα στροβίλου,φυλλα στροβιλου,1,1,DIOSC_DMM,Dioscorides
φυλλα της βοτανης,φύλλα τῆς βοτάνης,φυλλα της βοτανης,2,2,ORIB_CM,Oribasius
φυλλα της κυπρου,φύλλα τῆς κύπρου,φυλλα της κυπρου,1,1,AET_LM,Aetius
φυλλα της ραφανιδος,φύλλα τῆς ῥαφανίδος,φυλλα της ραφανιδος,1,1,GAL_ALIM,Galen
φυλλαρια,φυλλάρια,φυλλαρια,10,10,DIOSC_DMM,Dioscorides
φυλλαριοις,φυλλαρίοις,φυλλαριοις,3,3,DIOSC_DMM,Dioscorides
φυλλιτις,Φυλλῖτις,φυλλιτις,2,2,ORIB_CM;PAUL_AEG,Oribasius;Paul
φυλλιτις,φυλλῖτις,φυλλιτις,2,2,DIOSC_DMM;GAL_SMT,Dioscorides;Galen
φυλλοις,φύλλοις,φυλλοις,16,16,DIOSC_DMM;GAL_SMT;ORIB_CM,Dioscorides;Galen;Oribasius
φυλλοις,φύλλοις,φυλλοις,17,17,AET_LM;GAL_SMT;ORIB_CM;PAUL_AEG,Aetius;Galen;Oribasius;Paul
φυλλοις αμφοτερων των δενδρων,φύλλοις ἀμφοτέρων τῶν δένδρων,φυλλοις αμφοτερων των δενδρων,2,1,AET_LM,Aetius
φυλλοις κικεας,φύλλοις κικέας,φυλλοις κικεας,1,1,AET_LM,Aetius
φυλλον,φύλλον,φυλλον,22,22,AET_LM;DIOSC_DMM,Aetius;Dioscorides
φυλλον,φύλλον,φυλλον,2,2,DIOSC_DMM;ORIB_CM,Dioscorides;Oribasius
φυλλον ινδικον,φύλλον ἰνδικόν,φυλλον ινδικον,1,1,AET_LM,Aetius
φυλλον μαλαβαθρου,Φύλλον μαλαβάθρου,φυλλον μαλαβαθρου,1,1,ORIB_CM,Oribasius
φυλλον μαλαβαθρου,φύλλον μαλαβάθρου,φυλλον μαλαβαθρου,1,1,GAL_SMT,Galen
φυλλου,φύλλου,φυλλου,1,1,DIOSC_DMM,Dioscorides
φυλλου ναρδοσταχυος,φύλλου ναρδοστάχυος,φυλλου ναρδοσταχυος,1,1,AET_LM,Aetius
φυλλων,φύλλων,φυλλων,16,16,DIOSC_DMM;PAUL_AEG,Dioscorides;Paul
φυλλων,φύλλων,φυλλων,14,14,AET_LM;GAL_SMT;ORIB_CM;PAUL_AEG,Aetius;Galen;Oribasius;Paul
φυλλων αμπελου,φύλλων ἀμπέλου,φυλλων αμπελου,1,1,DIOSC_DMM,Dioscorides
φυλλων αμπελου,φύλλων ἀμπέλου,φυλλων αμπελου,1,1,AET_LM,Aetius
φυλλων δαφνης,φύλλων δάφνης,φυλλων δαφνης,1,1,GAL_SMT,Galen
φυλλων ηριγεροντος,φύλλων ἠριγέροντος,φυλλων ηριγεροντος,1,1,DIOSC_DMM,Dioscorides
φυλλων θριδακινης,φύλλων θριδακίνης,φυλλων θριδακινης,1,1,AET_LM,Aetius
φυλλων καππαρεως,φύλλων καππάρεως,φυλλων καππαρεως,1,1,AET_LM,Aetius
φυλλων τευτλου,φύλλων τεύτλου,φυλλων τευτλου,1,1,AET_LM,Aetius
φυλλων της κυπρου,φύλλων τῆς κύπρου,φυλλων της κυπρου,1,1,AET_LM,Aetius
φυλλων της μυρσινης,φύλλων τῆς μυρσίνης,φυλλων της μυρσινης,1,1,AET_LM,Aetius
φυσωδες πνευμα,φυσῶδες πνεῦμα,φυσωδες πνευμα,2,2,AET_LM;GAL_SMT,Aetius;Galen
φυτευμα,φύτευμα,φυτευμα,1,1,DIOSC_DMM,Dioscorides
φυτον,φυτόν,φυτον,2,2,AET_LM;DIOSC_DMM,Aetius;Dioscorides
φωκη,φώκη,φωκη,1,1,GAL_SMT,Galen
χαλαστραιον,χαλαστραῖον,χαλαστραιον,1,1,PAUL_AEG,Paul
χαλβανη,Χαλβάνη,χαλβανη,1,1,ORIB_CM,Oribasius
χαλβανη,χαλβάνη,χαλβανη,6,6,AET_LM;DIOSC_DMM;GAL_SMT,Aetius;Dioscorides;Galen
χαλβανη,χαλβάνη,χαλβανη,1,1,PAUL_AEG,Paul
χαλκανθεμον,χαλκάνθεμον,χαλκανθεμον,1,1,DIOSC_DMM,Dioscorides
χαλκανθες,χαλκανθές,χαλκανθες,1,1,DIOSC_DMM,Dioscorides
χαλκανθον,χάλκανθον,χαλκανθον,1,1,DIOSC_DMM,Dioscorides
χαλκανθον,χαλκάνθον,χαλκανθον,5,5,AET_LM;DIOSC_DMM,Aetius;Dioscorides
χαλκανθος,χάλκανθος,χαλκανθος,3,3,AET_LM;GAL_SMT;ORIB_CM,Aetius;Galen;Oribasius
χαλκανθος,χαλκάνθος,χαλκανθος,4,4,DIOSC_DMM,Dioscorides
χαλκανθος,χάλκανθος,χαλκανθος,3,3,AET_LM;GAL_SMT;PAUL_AEG,Aetius;Galen;Paul
χαλκας,χάλκας,χαλκας,1,1,DIOSC_DMM,Dioscorides
χαλκιδικη σαυρα,Χαλκιδικὴ σαύρα,χαλκιδικη σαυρα,1,1,DIOSC_DMM,Dioscorides
χαλκιδικη σαυρα,χαλκιδικὴ σαύρα,χαλκιδικη σαυρα,1,1,PAUL_AEG,Paul
χαλκιτης,χαλκίτης,χαλκιτης,4,4,DIOSC_DMM;GAL_SMT;ORIB_CM,Dioscorides;Galen;Oribasius
χαλκιτις,Χαλκῖτις,χαλκιτις,1,1,ORIB_CM,Oribasius
χαλκιτις,χαλκῖτις,χαλκιτις,20,20,AET_LM;DIOSC_DMM;GAL_SMT;ORIB_CM;PAUL_AEG,Aetius;Dioscorides;Galen;Oribasius;Paul
χαλκιτις κεκαυμενη,χαλκῖτις κεκαυμένη,χαλκιτις κεκαυμενη,1,1,GAL_SMT,Galen
χαλκος,χαλκός,χαλκος,38,38,AET_LM;DIOSC_DMM;GAL_SMT;ORIB_CM;PAUL_AEG,Aetius;Dioscorides;Galen;Oribasius;Paul
χαλκος,χαλκός,χαλκος,4,4,GAL_SMT;PAUL_AEG,Galen;Paul
χαλκος ερυθρος,χαλκὸς ἐρυθρός,χαλκος ερυθρος,1,1,AET_LM,Aetius
χαλκος κεκαυμενος,χαλκός κεκαυμένος,χαλκος κεκαυμενος,4,4,AET_LM;DIOSC_DMM;GAL_SMT;ORIB_CM,Aetius;Dioscorides;Galen;Oribasius
χαλκος κεκαυμενος,χαλκὸς κεκαυμένος,χαλκος κεκαυμενος,2,2,DIOSC_DMM;ORIB_CM,Dioscorides;Oribasius
χαλκος κεκαυμενος,χαλκὸς κεκαυμένος,χαλκος κεκαυμενος,1,1,PAUL_AEG,Paul
χαλκος κυπριος,χαλκός κύπριος,χαλκος κυπριος,1,1,DIOSC_DMM,Dioscorides
χαλκου ανθος,χαλκοῦ ἄνθος,χαλκου ανθος,3,3,AET_LM;GAL_SMT;PAUL_AEG,Aetius;Galen;Paul
χαλκου ανθους,χαλκοῦ ἄνθους,χαλκου ανθους,1,1,DIOSC_DMM,Dioscorides
χαλκου λεπις,χαλκοῦ λεπίς,χαλκου λεπις,1,1,AET_LM,Aetius
χαλκους λιθος,χαλκοῦς λίθος,χαλκους λιθος,1,1,DIOSC_DMM,Dioscorides
χαμαιακτη,χαμαιάκτη,χαμαιακτη,5,5,AET_LM;DIOSC_DMM;GAL_SMT;ORIB_CM;PAUL_AEG,Aetius;Dioscorides;Galen;Oribasius;Paul
χαμαιβαλανον,χαμαιβάλανον,χαμαιβαλανον,1,1,DIOSC_DMM,Dioscorides
χαμαιδαφνη,χαμαιδάφνη,χαμαιδαφνη,4,4,DIOSC_DMM;GAL_SMT;ORIB_CM,Dioscorides;Galen;Oribasius
χαμαιδαφνη,χαμαιδάφνη,χαμαιδαφνη,1,1,PAUL_AEG,Paul
χαμαιδρυς,Χαμαίδρυς,χαμαιδρυς,1,1,ORIB_CM,Oribasius
χαμαιδρυς,χαμαίδρυς,χαμαιδρυς,5,5,AET_LM;DIOSC_DMM;GAL_SMT,Aetius;Dioscorides;Galen
χαμαιδρυς,χαμαίδρυς,χαμαιδρυς,3,2,PAUL_AEG,Paul
χαμαιζηλος φοινιξ,χαμαίζηλος φοῖνιξ,χαμαιζηλος φοινιξ,1,1,DIOSC_DMM,Dioscorides
χαμαικισσος,χαμαίκισσος,χαμαικισσος,2,2,DIOSC_DMM;PAUL_AEG,Dioscorides;Paul
χαμαικισσος,χαμαικίσσος,χαμαικισσος,1,1,ORIB_CM,Oribasius
χαμαικισσος,χαμαικισσός,χαμαικισσος,1,1,GAL_SMT,Galen
χαμαικισσου ανθος,Χαμαικίσσου ἄνθος,χαμαικισσου ανθος,1,1,ORIB_CM,Oribasius
χαμαικισσου ανθος,χαμαικισσοῦ ἄνθος,χαμαικισσου ανθος,1,1,GAL_SMT,Galen
χαμαικισσου το ανθος,Χαμαικίσσου τὸ ἄνθος,χαμαικισσου το ανθος,1,1,PAUL_AEG,Paul
χαμαιλεα,χαμαιλέα,χαμαιλεα,1,1,ORIB_CM,Oribasius
χαμαιλεοντος η ριζα του μεν μελανος,Χαμαιλέοντος ἡ ῥίζα τοῦ μὲν μέλανος,χαμαιλεοντος η ριζα του μεν μελανος,1,1,AET_LM,Aetius
χαμαιλεοντος η ριζα του μεν μελανος,χαμαιλέοντος ἡ ῥίζα τοῦ μὲν μέλανος,χαμαιλεοντος η ριζα του μεν μελανος,1,1,GAL_SMT,Galen
χαμαιλευκη,Χαμαιλεύκη,χαμαιλευκη,1,1,ORIB_CM,Oribasius
χαμαιλευκη,χαμαιλεύκη,χαμαιλευκη,2,2,AET_LM;GAL_SMT,Aetius;Galen
χαμαιλευκη,χαμαιλεύκη,χαμαιλευκη,1,1,PAUL_AEG,Paul
χαμαιλεων,χαμαιλέων,χαμαιλεων,14,14,AET_LM;DIOSC_DMM;GAL_SMT;ORIB_CM;PAUL_AEG,Aetius;Dioscorides;Galen;Oribasius;Paul
χαμαιλεων λευκος,χαμαιλέων λευκός,χαμαιλεων λευκος,6,6,DIOSC_DMM;GAL_SMT;ORIB_CM;PAUL_AEG,Dioscorides;Galen;Oribasius;Paul
χαμαιλεων μελας,χαμαιλέων μέλας,χαμαιλεων μελας,5,5,DIOSC_DMM;GAL_SMT;ORIB_CM;PAUL_AEG,Dioscorides;Galen;Oribasius;Paul
χαμαιλιβανος,χαμαιλίβανος,χαμαιλιβανος,1,1,AET_LM,Aetius
χαμαιμηλον,χαμαίμηλον,χαμαιμηλον,6,6,AET_LM;DIOSC_DMM;GAL_SMT;ORIB_CM,Aetius;Dioscorides;Galen;Oribasius
χαμαιμηλον,χαμαιμήλον,χαμαιμηλον,1,1,PAUL_AEG,Paul
χαμαιμηλον,χαμαίμηλον,χαμαιμηλον,1,1,PAUL_AEG,Paul
χαμαιμηλος,χαμαίμηλος,χαμαιμηλος,1,1,AET_LM,Aetius
χαμαιμυρσινη,χαμαιμυρσίνη,χαμαιμυρσινη,1,1,DIOSC_DMM,Dioscorides
χαμαιπευκη,χαμαιπεύκη,χαμαιπευκη,1,1,DIOSC_DMM,Dioscorides
χαμαιπιτυς,Χαμαιπίτυς,χαμαιπιτυς,1,1,ORIB_CM,Oribasius
χαμαιπιτυς,χαμαίπιτυς,χαμαιπιτυς,3,3,AET_LM;DIOSC_DMM,Aetius;Dioscorides
χαμαιπιτυς,χαμαιπίτυς,χαμαιπιτυς,5,5,DIOSC_DMM;GAL_SMT;ORIB_CM;PAUL_AEG,Dioscorides;Galen;Oribasius;Paul
χαμαιπιτυς,χαμαίπιτυς,χαμαιπιτυς,1,1,PAUL_AEG,Paul
χαμαιρωψ,χαμαίρωψ,χαμαιρωψ,1,1,DIOSC_DMM,Dioscorides
χαμαιρωψ,χαμαίρωψ,χαμαιρωψ,1,1,PAUL_AEG,Paul
χαμαισυκη,Χαμαισύκη,χαμαισυκη,1,1,PAUL_AEG,Paul
χαμαισυκη,χαμαισύκη,χαμαισυκη,3,3,DIOSC_DMM;GAL_SMT;ORIB_CM,Dioscorides;Galen;Oribasius
χαμελαια,χαμελαία,χαμελαια,6,6,AET_LM;DIOSC_DMM;GAL_SMT;PAUL_AEG,Aetius;Dioscorides;Galen;Paul
χαρακιας,χαρακίας,χαρακιας,3,3,DIOSC_DMM;GAL_SMT;ORIB_CM,Dioscorides;Galen;Oribasius
χαρακιας,χαρακίας,χαρακιας,1,1,PAUL_AEG,Paul
χαρακιτης,χαρακίτης,χαρακιτης,1,1,AET_LM,Aetius
χαρτης,χάρτης,χαρτης,2,2,GAL_SMT;ORIB_CM,Galen;Oribasius
χαρτης,χάρτης,χαρτης,1,1,PAUL_AEG,Paul
χασκανον,χάσκανον,χασκανον,1,1,DIOSC_DMM,Dioscorides
χειρωνειος παναξ,χειρωνειος πάναξ,χειρωνειος παναξ,1,1,PAUL_AEG,Paul
χελιδονιον,χελιδόνιον,χελιδονιον,8,8,AET_LM;DIOSC_DMM;GAL_SMT;ORIB_CM;PAUL_AEG,Aetius;Dioscorides;Galen;Oribasius;Paul
χελιδονιον μεγα,χελιδόνιον μέγα,χελιδονιον μεγα,2,2,DIOSC_DMM;PAUL_AEG,Dioscorides;Paul
χελιδονιον μικρον,χελιδόνιον μικρόν,χελιδονιον μικρον,2,2,DIOSC_DMM;PAUL_AEG,Dioscorides;Paul
χελιδων,χελιδών,χελιδων,4,4,AET_LM;DIOSC_DMM;GAL_SMT;PAUL_AEG,Aetius;Dioscorides;Galen;Paul
χελιδων νεοσσος,χελιδών νεοσσός,χελιδων νεοσσος,1,1,DIOSC_DMM,Dioscorides
χελωνης,χελώνης,χελωνης,1,1,DIOSC_DMM,Dioscorides
χελωνης θαλασσιας,χελώνης θαλασσίας,χελωνης θαλασσιας,1,1,DIOSC_DMM,Dioscorides
χερσαια,χερσαία,χερσαια,1,1,DIOSC_DMM,Dioscorides
χερσαιος,χερσαῖος,χερσαιος,1,1,PAUL_AEG,Paul
χερσαιος κροκοδειλος,χερσαῖος κροκόδειλος,χερσαιος κροκοδειλος,1,1,GAL_SMT,Galen
χημη,χήμη,χημη,3,3,AET_LM;GAL_SMT;PAUL_AEG,Aetius;Galen;Paul
χημιον,χημίον,χημιον,1,1,AET_LM,Aetius
χημος,χημός,χημος,1,1,DIOSC_DMM,Dioscorides
χηνειον,χήνειον,χηνειον,1,1,PAUL_AEG,Paul
χηνειον στεαρ,χήνειον στέαρ,χηνειον στεαρ,4,4,AET_LM;DIOSC_DMM;ORIB_CM,Aetius;Dioscorides;Oribasius
χηνειον στεαρ,χηνείον στέαρ,χηνειον στεαρ,1,1,DIOSC_DMM,Dioscorides
χηνειον στεαρ,χήνειον στέαρ,χηνειον στεαρ,1,1,GAL_SMT,Galen
χηνειος,χήνειος,χηνειος,3,1,DIOSC_DMM,Dioscorides
χηνος,χηνὸς,χηνος,1,1,PAUL_AEG,Paul
χια,Χία,χια,4,4,DIOSC_DMM;ORIB_CM;PAUL_AEG,Dioscorides;Oribasius;Paul
χια,Χία,χια,1,1,AET_LM,Aetius
χια γη,Χία γῆ,χια γη,1,1,GAL_SMT,Galen
χια μαστιχη,Χία μαστίχη,χια μαστιχη,1,1,AET_LM,Aetius
χιλιοδυναμις,χιλιοδύναμις,χιλιοδυναμις,1,1,GAL_SMT,Galen
χιλιοδυναμον,χιλιοδύναμον,χιλιοδυναμον,2,2,AET_LM;DIOSC_DMM,Aetius;Dioscorides
χιων,χιών,χιων,2,2,AET_LM;GAL_ALIM,Aetius;Galen
χλοη,χλόη,χλοη,1,1,DIOSC_DMM,Dioscorides
χλοη,χλόῃ,χλοη,1,1,DIOSC_DMM,Dioscorides
χλωρα ποα,χλωρὰ πόα,χλωρα ποα,1,1,AET_LM,Aetius
χλωρα σφαιρια,χλωρά σφαιρία,χλωρα σφαιρια,1,1,DIOSC_DMM,Dioscorides
χλωρα φυλλα,χλωρὰ φύλλα,χλωρα φυλλα,1,1,AET_LM,Aetius
χλωρον συκον,χλωρὸν σῦκον,χλωρον συκον,3,3,AET_LM;GAL_SMT;PAUL_AEG,Aetius;Galen;Paul
χλωρος,χλωρός,χλωρος,2,2,DIOSC_DMM;GAL_SMT,Dioscorides;Galen
χλωρος ιασπις,χλωρος ιασπις,χλωρος ιασπις,1,1,PAUL_AEG,Paul
χλωρος ιασπις,χλωρός ἴασπις,χλωρος ιασπις,2,2,AET_LM;GAL_SMT,Aetius;Galen
χλωρος ιασπις,χλωρὸς ἴασπις,χλωρος ιασπις,1,1,ORIB_CM,Oribasius
χλωρος κισσος,χλωρὸς κισσός,χλωρος κισσος,1,1,PAUL_AEG,Paul
χλωρος φοινιξ,χλωρὸς φοῖνιξ,χλωρος φοινιξ,2,2,AET_LM;GAL_ALIM,Aetius;Galen
χνουν,χνοῦν,χνουν,3,3,DIOSC_DMM;GAL_SMT,Dioscorides;Galen
χνουν ναρδου,χνοῦν νάρδου,χνουν ναρδου,1,1,DIOSC_DMM,Dioscorides
χνους,χνοῦς,χνους,3,3,DIOSC_DMM;ORIB_CM,Dioscorides;Oribasius
χνοωδει του πυρινου αλευρου,χνοώδει τοῦ πυρίνου ἀλεύρου,χνοωδει του πυρινου αλευρου,1,1,AET_LM,Aetius
χοιραδολεθρον,χοιραδόλεθρον,χοιραδολεθρον,2,2,AET_LM;DIOSC_DMM,Aetius;Dioscorides
χοιρειος πνευμων,χοίρειος πνεύμων,χοιρειος πνευμων,1,1,DIOSC_DMM,Dioscorides
χολη,χολή,χολη,69,69,AET_LM;DIOSC_DMM;GAL_ALIM;GAL_SMT;ORIB_CM;PAUL_AEG,Aetius;Dioscorides;Galen;Oribasius;Paul
χολη,χολὴ,χολη,1,1,DIOSC_DMM,Dioscorides
χολη,χολή,χολη,3,3,AET_LM;PAUL_AEG,Aetius;Paul
χολη αγριας αιγος,χολὴ ἀγρίας αἰγός,χολη αγριας αιγος,1,1,GAL_SMT,Galen
χολη αγριας αιγος,χολὴ ἀγρίας αἰγός,χολη αγριας αιγος,1,1,PAUL_AEG,Paul
χολη αετων,χολὴ ἀετῶν,χολη αετων,2,2,GAL_SMT;PAUL_AEG,Galen;Paul
χολη αιγων,χολὴ αἰγῶν,χολη αιγων,2,2,GAL_SMT;PAUL_AEG,Galen;Paul
χολη αλεκτοριδος,χολὴ ἀλεκτορίδος,χολη αλεκτοριδος,1,1,GAL_SMT,Galen
χολη αλεκτοριδων,χολὴ ἀλεκτορίδων,χολη αλεκτοριδων,1,1,DIOSC_DMM,Dioscorides
χολη αλεκτρυονος,χολὴ ἀλεκτρυόνος,χολη αλεκτρυονος,1,1,GAL_SMT,Galen
χολη αλεκτρυονων,χολὴ ἀλεκτρυόνων,χολη αλεκτρυονων,1,1,PAUL_AEG,Paul
χολη αρκτων,χολὴ ἄρκτων,χολη αρκτων,2,2,GAL_SMT;PAUL_AEG,Galen;Paul
χολη βοων,χολὴ βοῶν,χολη βοων,2,2,GAL_SMT;PAUL_AEG,Galen;Paul
χολη ημερων υων,χολὴ ἡμέρων ὑῶν,χολη ημερων υων,1,1,AET_LM,Aetius
χολη θαλαττιας χελωνης,χολὴ θαλαττίας χελώνης,χολη θαλαττιας χελωνης,1,1,PAUL_AEG,Paul
χολη θαλαττιας χελωνης,χολὴ χελώνης θαλαττίας,χολη χελωνης θαλαττιας,1,1,GAL_SMT,Galen
χολη θαλαττιου σκορπιου,χολὴ σκορπίου θαλαττίου,χολη σκορπιου θαλαττιου,1,1,GAL_SMT,Galen
χολη ιερακων,χολὴ ἱεράκων,χολη ιερακων,1,1,GAL_SMT,Galen
χολη ιερακων,χολὴ ἱεράκων,χολη ιερακων,1,1,PAUL_AEG,Paul
χολη ιχθυος,χολὴ ἰχθύος,χολη ιχθυος,1,1,GAL_SMT,Galen
χολη ιχθυων καλλιωνυμου,χολὴ ἰχθύων καλλιωνύμου,χολη ιχθυων καλλιωνυμου,1,1,PAUL_AEG,Paul
χολη ιχθυων σκορπιου,χολὴ ἰχθύων σκορπίου,χολη ιχθυων σκορπιου,1,1,PAUL_AEG,Paul
χολη καλλιωνυμου,χολὴ καλλιωνύμου,χολη καλλιωνυμου,1,1,GAL_SMT,Galen
χολη κυανη,χολή κυανή,χολη κυανη,1,1,ORIB_CM,Oribasius
χολη μελαινα,χολή μέλαινα,χολη μελαινα,2,2,DIOSC_DMM,Dioscorides
χολη μελαινα,χολὴ μέλαινα,χολη μελαινα,2,2,DIOSC_DMM;GAL_SMT,Dioscorides;Galen
χολη ξανθη,χολὴ ξανθή,χολη ξανθη,2,2,GAL_SMT,Galen
χολη ξανθη,χολὴ ξανθή,χολη ξανθη,1,1,PAUL_AEG,Paul
χολη περδικος,χολὴ πέρδικος,χολη περδικος,1,1,GAL_SMT,Galen
χολη περδικων,χολὴ περδίκων,χολη περδικων,1,1,PAUL_AEG,Paul
χολη προβατων,χολὴ προβάτων,χολη προβατων,1,1,GAL_SMT,Galen
χολη προβατων,χολὴ προβάτων,χολη προβατων,1,1,PAUL_AEG,Paul
χολη πτηνου ζῳου,χολὴ πτηνοῦ ζῴου,χολη πτηνου ζωου,1,1,ORIB_CM,Oribasius
χολη πτηνων ζωων,χολὴ πτηνῶν ζῴων,χολη πτηνων ζωων,1,1,PAUL_AEG,Paul
χολη ταυρεια,χολὴ ταυρεία,χολη ταυρεια,1,1,AET_LM,Aetius
χολη ταυρου,χολή ταύρου,χολη ταυρου,1,1,DIOSC_DMM,Dioscorides
χολη ταυρου,χολὴ ταύρου,χολη ταυρου,1,1,GAL_SMT,Galen
χολη ταυρων,χολὴ ταύρων,χολη ταυρων,1,1,PAUL_AEG,Paul
χολη υαινης,χολὴ ὑαίνης,χολη υαινης,1,1,GAL_SMT,Galen
χολη υαινων,χολὴ ὑαινῶν,χολη υαινων,1,1,PAUL_AEG,Paul
χολη υγρα,χολὴ ὑγρά,χολη υγρα,1,1,DIOSC_DMM,Dioscorides
χολη υων,χολὴ ὑῶν,χολη υων,2,2,GAL_SMT;PAUL_AEG,Galen;Paul
χολη ωχρα,χολὴ ὠχρά,χολη ωχρα,1,1,GAL_SMT,Galen
χολην,χολὴν,χολην,1,1,PAUL_AEG,Paul
χολωδη υγρα,χολώδη ὑγρά,χολωδη υγρα,1,1,AET_LM,Aetius
χολωδης,χολώδης,χολωδης,1,1,GAL_SMT,Galen
χολωδης,χολώδης,χολωδης,1,1,PAUL_AEG,Paul
χολωδης ουσια,χολώδης οὐσία,χολωδης ουσια,1,1,GAL_SMT,Galen
χολωδης χυμος,χολώδης χυμός,χολωδης χυμος,7,7,AET_LM;GAL_ALIM;GAL_SMT;ORIB_CM;PAUL_AEG,Aetius;Galen;Oribasius;Paul
χονδριλη,χονδρίλη,χονδριλη,7,7,DIOSC_DMM;GAL_ALIM;GAL_SMT;ORIB_CM,Dioscorides;Galen;Oribasius
χονδριλη,χονδρίλη,χονδριλη,1,1,PAUL_AEG,Paul
χονδριλλη,χονδρίλλη,χονδριλλη,2,2,AET_LM,Aetius
χονδρον του λιβανου,χόνδρον τοῦ λιβάνου,χονδρον του λιβανου,1,1,DIOSC_DMM,Dioscorides
χονδρος,χόνδρος,χονδρος,7,7,AET_LM;DIOSC_DMM;GAL_ALIM;GAL_SMT;ORIB_CM,Aetius;Dioscorides;Galen;Oribasius
χονδρος,χόνδρος,χονδρος,1,1,PAUL_AEG,Paul
χοριον,χόριον,χοριον,10,10,AET_LM;DIOSC_DMM;GAL_SMT;PAUL_AEG,Aetius;Dioscorides;Galen;Paul
χοριον,χόριον,χοριον,1,1,PAUL_AEG,Paul
χορτασμα,χόρτασμα,χορτασμα,1,1,AET_LM,Aetius
χουρζητα,χουρζητά,χουρζητα,1,1,DIOSC_DMM,Dioscorides
χρυσανθεμις,χρυσανθεμίς,χρυσανθεμις,1,1,DIOSC_DMM,Dioscorides
χρυσανθεμον,χρυσάνθεμον,χρυσανθεμον,2,2,DIOSC_DMM,Dioscorides
χρυσανθεμον,χρυσάνθεμον,χρυσανθεμον,1,1,DIOSC_DMM,Dioscorides
χρυσανθον,χρύσανθον,χρυσανθον,1,1,PAUL_AEG,Paul
χρυσηλεκτρος,χρυσήλεκτρος,χρυσηλεκτρος,1,1,AET_LM,Aetius
χρυσιζων,χρυσιζών,χρυσιζων,1,1,PAUL_AEG,Paul
χρυσιον,χρυσίον,χρυσιον,1,1,DIOSC_DMM,Dioscorides
χρυσιτης,χρυσίτης,χρυσιτης,1,1,GAL_SMT,Galen
χρυσιτιδος ριζα,χρυσίτιδος ῥίζα,χρυσιτιδος ριζα,1,1,ORIB_CM,Oribasius
χρυσιτις,χρυσίτις,χρυσιτις,1,1,ORIB_CM,Oribasius
χρυσιτις,χρυσῖτις,χρυσιτις,3,3,DIOSC_DMM;PAUL_AEG,Dioscorides;Paul
χρυσιτις γη,χρυσῖτις γῆ,χρυσιτις γη,1,1,GAL_SMT,Galen
χρυσογονον,χρυσόγονον,χρυσογονον,1,1,DIOSC_DMM,Dioscorides
χρυσοκαλλια,χρυσοκαλλία,χρυσοκαλλια,1,1,DIOSC_DMM,Dioscorides
χρυσοκολλα,Χρυσοκόλλα,χρυσοκολλα,1,1,ORIB_CM,Oribasius
χρυσοκολλα,χρυσοκόλλα,χρυσοκολλα,4,4,DIOSC_DMM;GAL_SMT;PAUL_AEG,Dioscorides;Galen;Paul
χρυσοκολλα,χρυσόκολλα,χρυσοκολλα,1,1,AET_LM,Aetius
χρυσοκολλα αρμενιακη,χρυσοκόλλα Ἀρμενιακή,χρυσοκολλα αρμενιακη,1,1,DIOSC_DMM,Dioscorides
χρυσοκολλα κυπρια,χρυσοκόλλα Κυπρία,χρυσοκολλα κυπρια,1,1,DIOSC_DMM,Dioscorides
χρυσοκολλα μακεδονιακη,χρυσοκόλλα Μακεδονιακή,χρυσοκολλα μακεδονιακη,1,1,DIOSC_DMM,Dioscorides
χρυσοκολλη,χρυσοκόλλη,χρυσοκολλη,1,1,DIOSC_DMM,Dioscorides
χρυσοκομη,χρυσοκόμη,χρυσοκομη,3,3,DIOSC_DMM;GAL_SMT;ORIB_CM,Dioscorides;Galen;Oribasius
χρυσοκομη,χρυσοκόμη,χρυσοκομη,1,1,PAUL_AEG,Paul
χρυσοκομης ριζα,Χρυσοκόμης ῥίζα,χρυσοκομης ριζα,1,1,ORIB_CM,Oribasius
χρυσος,χρυσός,χρυσος,4,4,DIOSC_DMM;GAL_SMT,Dioscorides;Galen
χρυσοφορον,χρυσοφόρον,χρυσοφορον,1,1,DIOSC_DMM,Dioscorides
χυδαιος μαρμαρος,χυδαῖος μάρμαρος,χυδαιος μαρμαρος,1,1,DIOSC_DMM,Dioscorides
χυλον των φυλλων,χυλὸν τῶν φύλλων,χυλον των φυλλων,1,1,PAUL_AEG,Paul
χυλος,χυλός,χυλος,18,18,AET_LM;DIOSC_DMM;GAL_ALIM;GAL_SMT;ORIB_CM;PAUL_AEG,Aetius;Dioscorides;Galen;Oribasius;Paul
χυλος,χυλὸς,χυλος,10,10,DIOSC_DMM;GAL_SMT;ORIB_CM;PAUL_AEG,Dioscorides;Galen;Oribasius;Paul
χυλος,χυλός,χυλος,2,2,GAL_SMT;ORIB_CM,Galen;Oribasius
χυλω,χυλῷ,χυλω,2,2,AET_LM;PAUL_AEG,Aetius;Paul
χυμος,χυμός,χυμος,130,130,AET_LM;GAL_ALIM;GAL_SMT;ORIB_CM;PAUL_AEG,Aetius;Galen;Oribasius;Paul
χυμος,χυμός,χυμος,5,5,AET_LM;PAUL_AEG,Aetius;Paul
χυμος οδυνης ποιητικος,χυμός ὀδύνης ποιητικός,χυμος οδυνης ποιητικος,1,1,GAL_SMT,Galen
χυμος φλεγματωδης,χυμὸς φλεγματώδης,χυμος φλεγματωδης,1,1,AET_LM,Aetius
χυμος φλεγματωδης και γλισχρος,χυμὸς φλεγματώδης καὶ γλίσχρος,χυμος φλεγματωδης και γλισχρος,1,1,GAL_SMT,Galen
ψαμμος,ψάμμος,ψαμμος,3,3,DIOSC_DMM;GAL_SMT,Dioscorides;Galen
ψαμμωδες ουρον,ψαμμῶδες οὖρον,ψαμμωδες ουρον,1,1,AET_LM,Aetius
ψαρος,ψᾶρος,ψαρος,1,1,ORIB_CM,Oribasius
ψευδοβουνιον,Ψευδοβούνιον,ψευδοβουνιον,1,1,PAUL_AEG,Paul
ψευδοβουνιον,ψευδοβούνιον,ψευδοβουνιον,3,3,AET_LM;DIOSC_DMM;PAUL_AEG,Aetius;Dioscorides;Paul
ψευδοβουνιον,ψευδοβούνιον,ψευδοβουνιον,1,1,GAL_SMT,Galen
ψευδοδικταμνον,Ψευδοδίκταμνον,ψευδοδικταμνον,1,1,ORIB_CM,Oribasius
ψευδοδικταμνον,ψευδοδίκταμνον,ψευδοδικταμνον,5,5,AET_LM;DIOSC_DMM;GAL_SMT;ORIB_CM,Aetius;Dioscorides;Galen;Oribasius
ψευδοδικταμνον,ψευδοδίκταμνον,ψευδοδικταμνον,2,2,PAUL_AEG,Paul
ψευδοκασσια,ψευδοκασσία,ψευδοκασσια,1,1,DIOSC_DMM,Dioscorides
ψευδοκιναμωμον,ψευδοκινάμωμον,ψευδοκιναμωμον,1,1,DIOSC_DMM,Dioscorides
ψευδοκιναμωμον,ψευδοκινάμωμον,ψευδοκιναμωμον,1,1,PAUL_AEG,Paul
ψευδοκινναμωμον,ψευδοκιννάμωμον,ψευδοκινναμωμον,2,2,GAL_SMT;ORIB_CM,Galen;Oribasius
ψευδοκυπερον,ψευδοκύπερον,ψευδοκυπερον,1,1,DIOSC_DMM,Dioscorides
ψευδοκυπερον συν τω ανθει,ψευδοκύπερον σὺν τῷ ἄνθει,ψευδοκυπερον συν τω ανθει,1,1,DIOSC_DMM,Dioscorides
ψευδοσελινον,ψευδοσέλινον,ψευδοσελινον,1,1,DIOSC_DMM,Dioscorides
ψηγμα,ψῆγμα,ψηγμα,1,1,DIOSC_DMM,Dioscorides
ψηγμα ηλου,ψῆγμα ἥλου,ψηγμα ηλου,1,1,DIOSC_DMM,Dioscorides
ψηττα,ψῆττα,ψηττα,1,1,AET_LM,Aetius
ψιλωθρον,ψίλωθρον,ψιλωθρον,3,3,AET_LM;DIOSC_DMM;GAL_SMT,Aetius;Dioscorides;Galen
ψιλωθρον,ψίλωθρον,ψιλωθρον,1,1,PAUL_AEG,Paul
ψιμμυθιον,ψιμμύθιον,ψιμμυθιον,22,22,AET_LM;DIOSC_DMM;GAL_SMT;ORIB_CM,Aetius;Dioscorides;Galen;Oribasius
ψιμυθιον,ψιμύθιον,ψιμυθιον,5,5,AET_LM;DIOSC_DMM;PAUL_AEG,Aetius;Dioscorides;Paul
ψυλλιον,ψύλλιον,ψυλλιον,4,4,AET_LM;DIOSC_DMM;GAL_SMT,Aetius;Dioscorides;Galen
ψυλλιον,ψύλλιον,ψυλλιον,3,3,AET_LM;ORIB_CM;PAUL_AEG,Aetius;Oribasius;Paul
ψυλλιου το σπερμα,Ψυλλίου τὸ σπέρμα,ψυλλιου το σπερμα,2,2,ORIB_CM;PAUL_AEG,Oribasius;Paul
ψυλλιου το σπερμα,ψυλλίου τὸ σπέρμα,ψυλλιου το σπερμα,1,1,GAL_SMT,Galen
ψυχοτροφον,ψυχότροφον,ψυχοτροφον,2,2,GAL_SMT;ORIB_CM,Galen;Oribasius
ψυχοτροφος,ψυχότροφος,ψυχοτροφος,1,1,PAUL_AEG,Paul
ψυχροτροφον,ψυχρότροφον,ψυχροτροφον,1,1,DIOSC_DMM,Dioscorides
ψωρικον,ψωρικόν,ψωρικον,1,1,GAL_SMT,Galen
ωκιμοειδες,ὠκιμοειδές,ωκιμοειδες,3,3,DIOSC_DMM;ORIB_CM,Dioscorides;Oribasius
ωκιμοειδης,ὠκιμοειδής,ωκιμοειδης,3,3,DIOSC_DMM;GAL_SMT;PAUL_AEG,Dioscorides;Galen;Paul
ωκιμοειδους το σπερμα,Ὠκιμοειδοῦς τὸ σπέρμα,ωκιμοειδους το σπερμα,1,1,ORIB_CM,Oribasius
ωκιμον,ὠκίμον,ωκιμον,5,5,DIOSC_DMM;PAUL_AEG,Dioscorides;Paul
ωκιμον,ὤκιμον,ωκιμον,10,10,AET_LM;DIOSC_DMM;GAL_SMT;ORIB_CM;PAUL_AEG,Aetius;Dioscorides;Galen;Oribasius;Paul
ωκιμον προσφατον,ὤκιμον πρόσφατον,ωκιμον προσφατον,1,1,DIOSC_DMM,Dioscorides
ωμη λυσις,ὠμὴ λύσις,ωμη λυσις,3,3,DIOSC_DMM,Dioscorides
ωμος χυμος,ὠμός χυμός,ωμος χυμος,1,1,GAL_ALIM,Galen
ωμος χυμος,ὠμὸς χυμός,ωμος χυμος,3,3,AET_LM;GAL_ALIM,Aetius;Galen
ωμοτριβες,ὠμοτριβές,ωμοτριβες,2,2,AET_LM;GAL_SMT,Aetius;Galen
ωμοτριβες ελαιον,ὠμοτριβὲς ἔλαιον,ωμοτριβες ελαιον,1,1,DIOSC_DMM,Dioscorides
ωμοτριβες ομφακινον,ὠμοτριβὲς ὀμφάκινον,ωμοτριβες ομφακινον,1,1,ORIB_CM,Oribasius
ωμοτριβης,ὠμοτριβής,ωμοτριβης,1,1,PAUL_AEG,Paul
ωμοτριβος ελαιον,ὠμότριβος ἔλαιον,ωμοτριβος ελαιον,1,1,PAUL_AEG,Paul
ων φυλων,ὧν φύλων,ων φυλων,1,1,DIOSC_DMM,Dioscorides
ωον,ωον,ωον,1,1,PAUL_AEG,Paul
ωον,ὠόν,ωον,8,8,AET_LM;DIOSC_DMM;GAL_SMT;ORIB_CM,Aetius;Dioscorides;Galen;Oribasius
ωον,ὠόν,ωον,1,1,GAL_SMT,Galen
ωον,ᾠόν,ωον,17,17,AET_LM;DIOSC_DMM;PAUL_AEG,Aetius;Dioscorides;Paul
ωον απαλον,ᾠόν ἁπαλόν,ωον απαλον,1,1,DIOSC_DMM,Dioscorides
ωον ξηρον,ᾠόν ξηρόν,ωον ξηρον,1,1,DIOSC_DMM,Dioscorides
ωον ωμον,ὠόν ὠμόν,ωον ωμον,1,1,AET_LM,Aetius
ωου λεκιθου,ᾠοῦ λεκίθου,ωου λεκιθου,1,1,DIOSC_DMM,Dioscorides
ωου λεκιθω,ᾠοῦ λεκίθῳ,ωου λεκιθω,1,1,DIOSC_DMM,Dioscorides
ωου λευκον,ὠοῦ λευκὸν,ωου λευκον,1,1,AET_LM,Aetius
ωου λευκω,ᾠοῦ λευκῷ,ωου λευκω,1,1,PAUL_AEG,Paul
ωου το λευκον,ὠοῦ τὸ λευκὸν,ωου το λευκον,1,1,GAL_SMT,Galen
ωου τῳ λεπτῳ και λευκῳ,ὠοῦ τῷ λεπτῷ καὶ λευκῷ,ωου τω λεπτω και λευκω,1,1,GAL_SMT,Galen
ωτα,ὦτα,ωτα,1,1,DIOSC_DMM,Dioscorides
ωτις,ὠτίς,ωτις,2,2,DIOSC_DMM;GAL_SMT,Dioscorides;Galen
ωχρα,ὤχρα,ωχρα,2,2,DIOSC_DMM;PAUL_AEG,Dioscorides;Paul
ωχρα,ὦχρα,ωχρα,2,2,DIOSC_DMM,Dioscorides
ωχρα αττικη,ὦχρα Ἀττική,ωχρα αττικη,1,1,DIOSC_DMM,Dioscorides
ωχρα κουφοτατος,ὦχρα κουφότατος,ωχρα κουφοτατος,1,1,DIOSC_DMM,Dioscorides
ωχρα μηλινος,ὦχρα μήλινος,ωχρα μηλινος,1,1,DIOSC_DMM,Dioscorides
ωχρα χολη,ὠχρὰ χολή,ωχρα χολη,3,3,AET_LM;GAL_ALIM;PAUL_AEG,Aetius;Galen;Paul
ωχρος,ὤχρος,ωχρος,1,1,GAL_ALIM,Galen
ωχρος,ὦχρος,ωχρος,2,2,AET_LM;GAL_ALIM,Aetius;Galen
ἠριγερων,ἠριγέρων,ηριγερων,1,1,ORIB_CM,Oribasius
ἱππομαραθον,ἱππομάραθον,ιππομαραθον,1,1,ORIB_CM,Oribasius
ἱππομαραθρον,ἱππομάραθρον,ιππομαραθρον,1,1,GAL_SMT,Galen
ὑδωρ,ὕδωρ,υδωρ,1,1,ORIB_CM,Oribasius
ὑσσωπος,ὕσσωπος,υσσωπος,1,1,ORIB_CM,Oribasius
ῥοδοδαφνη,ῥοδοδάφνη,ροδοδαφνη,1,1,ORIB_CM,Oribasius
ῳον,ᾠόν,ωον,2,2,GAL_SMT,Galen
