term_key,preferred_display,lemma_normalized,labels,is_multiword,head_lemma_normalized,variant_place_lemma_normalized,source_count,entry_count,occurrence_count,text_sources,author_groups,result_runs,confidence_avg,status
αβηναμ,ἀβήναμ,αβηναμ,SUBSTANCE:1,false,,,1,1,1,DIOSC_DMM,Dioscorides,diosc_full_v3,0.550,draft
αβροτονιτης,ἀβροτονίτης,αβροτονιτης,SUBSTANCE:1,false,,,1,1,1,DIOSC_DMM,Dioscorides,diosc_full_v3,0.780,draft
αβροτονον,ἀβρότονον,αβροτονον,SUBSTANCE:11,false,,,5,11,11,AET_LM;DIOSC_DMM;GAL_SMT;ORIB_CM;PAUL_AEG,Aetius;Dioscorides;Galen;Oribasius;Paul,diosc_full_v3;entries_full_v3;paul_full_v3,0.915,draft
αβροτονον κεκαυμενον,ἀβρότονον κεκαυμένον,αβροτονον κεκαυμενον,SUBSTANCE:1,true,αβροτονον,,1,1,1,AET_LM,Aetius,entries_full_v3,0.900,draft
αβροτονου φυλλων,ἁβροτόνου φύλλων,αβροτονου φυλλων,SUBSTANCE_PART:1,true,,,1,1,1,DIOSC_DMM,Dioscorides,diosc_full_v3,0.880,draft
αγαλοχον ξυλον,ἀγάλοχον ξύλον,αγαλοχον ξυλον,SUBSTANCE:2,true,ξυλον,ινδικος,2,2,2,DIOSC_DMM;PAUL_AEG,Dioscorides;Paul,diosc_full_v3;paul_full_v3,0.930,draft
αγαρικον,ἀγαρικόν,αγαρικον,SUBSTANCE:6,false,,,5,6,6,AET_LM;DIOSC_DMM;GAL_SMT;ORIB_CM;PAUL_AEG,Aetius;Dioscorides;Galen;Oribasius;Paul,diosc_full_v3;entries_full_v3;paul_full_v3,0.918,draft
αγαρικον ριζα,Ἀγαρικὸν ῥίζα,αγαρικον ριζα,SUBSTANCE_PART:1,true,,,1,1,1,PAUL_AEG,Paul,paul_full_v3,0.820,draft
αγαρικου ριζα,ἀγαρικοῦ ῥίζα,αγαρικου ριζα,SUBSTANCE_PART:2,true,,,2,2,2,GAL_SMT;ORIB_CM,Galen;Oribasius,entries_full_v3,0.900,draft
αγασυλλις,ἀγασυλλίς,αγασυλλις,SUBSTANCE:1,false,,,1,1,1,DIOSC_DMM,Dioscorides,diosc_full_v3,0.750,draft
αγηρατον,ἀγήρατον,αγηρατον,SUBSTANCE:6,false,,,5,6,6,AET_LM;DIOSC_DMM;GAL_SMT;ORIB_CM;PAUL_AEG,Aetius;Dioscorides;Galen;Oribasius;Paul,diosc_full_v3;entries_full_v3;paul_full_v3,0.917,draft
αγηρατος,αγηρατος,αγηρατος,SUBSTANCE:1,false,,,1,1,1,PAUL_AEG,Paul,paul_full_v3,0.850,draft
αγηρατος λιθος,ἀγήρατος λίθος,αγηρατος λιθος,SUBSTANCE:1,true,λιθος,,1,1,1,ORIB_CM,Oribasius,entries_full_v3,0.850,draft
αγκων,ἀγκών,αγκων,SUBSTANCE:1,false,,,1,1,1,DIOSC_DMM,Dioscorides,diosc_full_v3,0.350,draft
αγλαοφωτις,ἀγλαοφῶτις,αγλαοφωτις,SUBSTANCE:1,false,,,1,1,1,DIOSC_DMM,Dioscorides,diosc_full_v3,0.850,draft
αγλιθας,ἄγλιθας,αγλιθας,SUBSTANCE_PART:1,false,,,1,1,1,DIOSC_DMM,Dioscorides,diosc_full_v3,0.660,draft
αγνος,ἄγνος,αγνος,SUBSTANCE:9,false,,,5,9,9,AET_LM;DIOSC_DMM;GAL_SMT;ORIB_CM;PAUL_AEG,Aetius;Dioscorides;Galen;Oribasius;Paul,diosc_full_v3;entries_full_v3;paul_full_v3,0.880,draft
αγνου χλωρων φυλλων,ἄγνου χλωρῶν φύλλων,αγνου χλωρων φυλλων,SUBSTANCE_PART:1,true,,,1,1,1,AET_LM,Aetius,entries_full_v3,0.800,draft
αγρια ακανθος,ἀγρία ἄκανθος,αγρια ακανθος,SUBSTANCE:1,true,ακανθος,,1,1,1,DIOSC_DMM,Dioscorides,diosc_full_v3,0.900,draft
αγρια αμπελος,ἀγρία ἄμπελος,αγρια αμπελος,SUBSTANCE:2,true,αμπελος,,2,2,2,DIOSC_DMM;PAUL_AEG,Dioscorides;Paul,diosc_full_v3;paul_full_v3,0.875,draft
αγρια ανεμωνη,ἀγρία ἀνεμώνη,αγρια ανεμωνη,SUBSTANCE:1,true,ανεμωνη,,1,1,1,DIOSC_DMM,Dioscorides,diosc_full_v3,0.780,draft
αγρια απιος,ἀγρία ἄπιος,αγρια απιος,SUBSTANCE:1,true,απιος,,1,1,1,DIOSC_DMM,Dioscorides,diosc_full_v3,0.780,draft
αγρια γογγυλη,ἀγρία γογγύλη,αγρια γογγυλη,SUBSTANCE:1,true,γογγυλη,,1,1,1,DIOSC_DMM,Dioscorides,diosc_full_v3,0.900,draft
αγρια ελαια,ἀγρία ἐλαία,αγρια ελαια,SUBSTANCE:4,true,ελαια,,2,4,4,DIOSC_DMM;PAUL_AEG,Dioscorides;Paul,diosc_full_v3;paul_full_v3,0.787,draft
αγρια θριδαξ,ἀγρία θρίδαξ,αγρια θριδαξ,SUBSTANCE:1,true,θριδαξ,,1,1,1,PAUL_AEG,Paul,paul_full_v3,0.880,draft
αγρια ιρις,ἀγρία ἴρις,αγρια ιρις,SUBSTANCE:1,true,ιρις,,1,1,1,AET_LM,Aetius,entries_full_v3,0.720,draft
αγρια κνηκος,ἀγρία κνῆκος,αγρια κνηκος,SUBSTANCE:1,true,κνηκος,,1,1,1,PAUL_AEG,Paul,paul_full_v3,0.780,draft
αγρια μαλαχη,ἀγρία μαλάχη,αγρια μαλαχη,SUBSTANCE:4,true,μαλαχη,,2,4,4,GAL_ALIM;PAUL_AEG,Galen;Paul,entries_full_v3;paul_full_v3,0.828,draft
αγρια μηκων,ἀγρία μήκων,αγρια μηκων,SUBSTANCE:3,true,μηκων,,1,3,3,DIOSC_DMM,Dioscorides,diosc_full_v3,0.800,draft
αγρια μηλεα,ἀγρία μηλέα,αγρια μηλεα,SUBSTANCE:3,true,μηλεα,,3,3,3,GAL_SMT;ORIB_CM;PAUL_AEG,Galen;Oribasius;Paul,entries_full_v3;paul_full_v3,0.743,draft
αγρια ραφανος,ἀγρία ῥάφανος,αγρια ραφανος,SUBSTANCE:1,true,ραφανος,,1,1,1,PAUL_AEG,Paul,paul_full_v3,0.820,draft
αγρια ροα,ἀγρία ῥόα,αγρια ροα,SUBSTANCE:1,true,ροα,,1,1,1,DIOSC_DMM,Dioscorides,diosc_full_v3,0.800,draft
αγρια ροια,ἀγρία ῥοιά,αγρια ροια,SUBSTANCE:1,true,ροια,,1,1,1,PAUL_AEG,Paul,paul_full_v3,0.800,draft
αγρια σερις,ἀγρία σέρις,αγρια σερις,SUBSTANCE:1,true,σερις,,1,1,1,PAUL_AEG,Paul,paul_full_v3,0.780,draft
αγρια σταφυλη,ἀγρία σταφυλή,αγρια σταφυλη,SUBSTANCE:1,true,σταφυλη,,1,1,1,DIOSC_DMM,Dioscorides,diosc_full_v3,0.850,draft
αγρια συκη,ἀγρία συκῆ,αγρια συκη,SUBSTANCE:1,true,συκη,,1,1,1,ORIB_CM,Oribasius,entries_full_v3,0.900,draft
αγριας αμπελου καρπος,ἀγρίας ἀμπέλου καρπός,αγριας αμπελου καρπος,SUBSTANCE_PART:1,true,,,1,1,1,DIOSC_DMM,Dioscorides,diosc_full_v3,0.850,draft
αγριας ναρδου της ριζης,ἀγρίας νάρδου τῆς ῥίζης,αγριας ναρδου της ριζης,SUBSTANCE_PART:1,true,,,1,1,1,DIOSC_DMM,Dioscorides,diosc_full_v3,0.850,draft
αγριας ροιας ανθος,ἀγρίας ῥοιᾶς ἄνθος,αγριας ροιας ανθος,SUBSTANCE_PART:1,true,,,1,1,1,AET_LM,Aetius,entries_full_v3,0.880,draft
αγριας συκης κλαδων,ἀγρίας συκῆς κλάδων,αγριας συκης κλαδων,SUBSTANCE_PART:1,false,,,1,1,1,DIOSC_DMM,Dioscorides,diosc_full_v3,0.750,draft
αγριελαια,ἄγριελαία,αγριελαια,SUBSTANCE:2,false,,,1,2,2,DIOSC_DMM,Dioscorides,diosc_full_v3,0.860,draft
αγριολον,ἀγρίολον,αγριολον,SUBSTANCE:1,false,,,1,1,1,DIOSC_DMM,Dioscorides,diosc_full_v3,0.850,draft
αγριον ηδυοσμον,ἄγριον ἡδύοσμον,αγριον ηδυοσμον,SUBSTANCE:1,true,ηδυοσμον,,1,1,1,DIOSC_DMM,Dioscorides,diosc_full_v3,0.880,draft
αγριον λαπαθον,ἄγριον λάπαθον,αγριον λαπαθον,SUBSTANCE:4,true,λαπαθον,,3,4,4,AET_LM;GAL_SMT;PAUL_AEG,Aetius;Galen;Paul,entries_full_v3;paul_full_v3,0.747,draft
αγριον πηγανον,ἄγριον πήγανον,αγριον πηγανον,SUBSTANCE:1,true,πηγανον,,1,1,1,AET_LM,Aetius,entries_full_v3,0.860,draft
αγριον πρασον,ἄγριον πρᾶσον,αγριον πρασον,SUBSTANCE:1,true,πρασον,,1,1,1,GAL_SMT,Galen,entries_full_v3,0.600,draft
αγριοριγανος,ἀγριορίγανος,αγριοριγανος,SUBSTANCE:1,false,,,1,1,1,DIOSC_DMM,Dioscorides,diosc_full_v3,0.900,draft
αγριος,ἄγριος,αγριος,SUBSTANCE:4,false,,,3,4,4,DIOSC_DMM;GAL_SMT;PAUL_AEG,Dioscorides;Galen;Paul,diosc_full_v3;entries_full_v3;paul_full_v3,0.643,draft
αγριος ευζωμον,ἄγριος εὔζωμον,αγριος ευζωμον,SUBSTANCE:1,true,ευζωμον,,1,1,1,DIOSC_DMM,Dioscorides,diosc_full_v3,0.900,draft
αγριος ηδυοσμος,ἄγριος ἡδύοσμος,αγριος ηδυοσμος,SUBSTANCE:1,true,ηδυοσμος,,1,1,1,PAUL_AEG,Paul,paul_full_v3,0.820,draft
αγριος θερμος,ἄγριος θέρμος,αγριος θερμος,SUBSTANCE:1,true,θερμος,,1,1,1,PAUL_AEG,Paul,paul_full_v3,0.850,draft
αγριος κοκκυμηλον,ἄγριος κοκκύμηλον,αγριος κοκκυμηλον,SUBSTANCE:1,true,κοκκυμηλον,,1,1,1,PAUL_AEG,Paul,paul_full_v3,0.800,draft
αγριος ναρδος,ἄγριος νάρδος,αγριος ναρδος,SUBSTANCE:1,true,ναρδος,,1,1,1,DIOSC_DMM,Dioscorides,diosc_full_v3,0.850,draft
αγριος ονος,ἄγριος ὄνος,αγριος ονος,SUBSTANCE:1,true,ονος,,1,1,1,AET_LM,Aetius,entries_full_v3,0.850,draft
αγριος συκη,ἄγριος συκῆ,αγριος συκη,SUBSTANCE:1,true,συκη,,1,1,1,PAUL_AEG,Paul,paul_full_v3,0.860,draft
αγριοσελινον,ἀγριοσέλινον,αγριοσελινον,SUBSTANCE:1,false,,,1,1,1,DIOSC_DMM,Dioscorides,diosc_full_v3,0.850,draft
αγριοσκορδον,ἀγριόσκορδον,αγριοσκορδον,SUBSTANCE:1,false,,,1,1,1,PAUL_AEG,Paul,paul_full_v3,0.880,draft
αγριοσταφυλιτης,ἀγριοσταφυλίτης,αγριοσταφυλιτης,SUBSTANCE:1,false,,,1,1,1,DIOSC_DMM,Dioscorides,diosc_full_v3,0.850,draft
αγρωστεως ποα,Ἀγρώστεως πόα,αγρωστεως ποα,SUBSTANCE_PART:1,true,,,1,1,1,ORIB_CM,Oribasius,entries_full_v3,0.900,draft
αγρωστεως ριζα,Ἀγρώστεως ῥίζα,αγρωστεως ριζα,SUBSTANCE_PART:1,true,,,1,1,1,ORIB_CM,Oribasius,entries_full_v3,0.900,draft
αγρωστις,ἄγρωστις,αγρωστις,SUBSTANCE:16,false,,παρνασσος,5,16,16,AET_LM;DIOSC_DMM;GAL_SMT;ORIB_CM;PAUL_AEG,Aetius;Dioscorides;Galen;Oribasius;Paul,diosc_full_v3;entries_full_v3;paul_full_v3,0.792,draft
αγρωστις παρνασος,ἄγρωστις παρνασός,αγρωστις παρνασος,SUBSTANCE:1,true,αγρωστις,παρνασος,1,1,1,PAUL_AEG,Paul,paul_full_v3,0.700,draft
αγχουσα,ἄγχουσα,αγχουσα,SUBSTANCE:13,false,,,5,13,13,AET_LM;DIOSC_DMM;GAL_SMT;ORIB_CM;PAUL_AEG,Aetius;Dioscorides;Galen;Oribasius;Paul,diosc_full_v3;entries_full_v3;paul_full_v3,0.828,draft
αγχουσα ετερα,ἄγχουσα ἑτέρα,αγχουσα ετερα,SUBSTANCE:1,true,αγχουσα,,1,1,1,DIOSC_DMM,Dioscorides,diosc_full_v3,0.850,draft
αγχουση,ἀγχούση,αγχουση,SUBSTANCE:1,false,,,1,1,1,AET_LM,Aetius,entries_full_v3,0.850,draft
αγχυνωψ,ἀγχύνωψ,αγχυνωψ,SUBSTANCE:1,false,,,1,1,1,DIOSC_DMM,Dioscorides,diosc_full_v3,0.700,draft
αδαμας,ἀδάμας,αδαμας,SUBSTANCE:2,false,,,2,2,2,DIOSC_DMM;GAL_SMT,Dioscorides;Galen,diosc_full_v3;entries_full_v3,0.740,draft
αδαρκη,ἀδάρκη,αδαρκη,SUBSTANCE:2,false,,,2,2,2,GAL_SMT;PAUL_AEG,Galen;Paul,entries_full_v3;paul_full_v3,0.825,draft
αδαρκης,ἀδάρκης,αδαρκης,SUBSTANCE:2,false,,γαλατια,2,2,2,AET_LM;DIOSC_DMM,Aetius;Dioscorides,diosc_full_v3;entries_full_v3,0.830,draft
αδαρκιον,ἀδάρκιον,αδαρκιον,SUBSTANCE:3,false,,,3,3,3,AET_LM;GAL_SMT;ORIB_CM,Aetius;Galen;Oribasius,entries_full_v3,0.903,draft
αδαρκον,ἄδαρκον,αδαρκον,SUBSTANCE:1,false,,,1,1,1,GAL_SMT,Galen,entries_full_v3,0.720,draft
αδιαντον,ἀδίαντον,αδιαντον,SUBSTANCE:9,false,,,5,9,9,AET_LM;DIOSC_DMM;GAL_SMT;ORIB_CM;PAUL_AEG,Aetius;Dioscorides;Galen;Oribasius;Paul,diosc_full_v3;entries_full_v3;paul_full_v3,0.927,draft
αδιψον,ἄδιψον,αδιψον,SUBSTANCE:1,false,,,1,1,1,DIOSC_DMM,Dioscorides,diosc_full_v3,0.600,draft
αδριανος,Ἀδριανός,αδριανος,SUBSTANCE:1,false,,σικελια,1,1,1,DIOSC_DMM,Dioscorides,diosc_full_v3,0.800,draft
αδυναμος,ἀδύναμος,αδυναμος,SUBSTANCE:1,false,,,1,1,1,DIOSC_DMM,Dioscorides,diosc_full_v3,0.800,draft
αειζωον,ἀείζῳον,αειζωον,SUBSTANCE:13,false,,,5,13,13,AET_LM;DIOSC_DMM;GAL_SMT;ORIB_CM;PAUL_AEG,Aetius;Dioscorides;Galen;Oribasius;Paul,diosc_full_v3;entries_full_v3;paul_full_v3,0.839,draft
αειζωον αγριον,ἀείζῳον ἄγριον,αειζωον αγριον,SUBSTANCE:1,true,αειζωον,,1,1,1,DIOSC_DMM,Dioscorides,diosc_full_v3,0.650,draft
αειζωον διττον,ἀείζῳον διττόν,αειζωον διττον,SUBSTANCE:1,true,αειζωον,,1,1,1,PAUL_AEG,Paul,paul_full_v3,0.950,draft
αειζωον μεγα,ἀείζωον μέγα,αειζωον μεγα,SUBSTANCE:2,true,αειζωον,,2,2,2,DIOSC_DMM;GAL_SMT,Dioscorides;Galen,diosc_full_v3;entries_full_v3,0.850,draft
αειζωον μικρον,ἀείζωον μικρόν,αειζωον μικρον,SUBSTANCE:2,true,αειζωιον;αειζωον,,2,2,2,DIOSC_DMM;GAL_SMT,Dioscorides;Galen,diosc_full_v3;entries_full_v3,0.825,draft
αειζωον το μικρον,ἀείζωον τὸ μικρόν,αειζωον το μικρον,SUBSTANCE:1,true,αειζωον,,1,1,1,DIOSC_DMM,Dioscorides,diosc_full_v3,0.640,draft
αειχλωρον,ἀείχλωρον,αειχλωρον,SUBSTANCE:1,false,,,1,1,1,DIOSC_DMM,Dioscorides,diosc_full_v3,0.700,draft
αερομελι,ἀερόμελι,αερομελι,SUBSTANCE:1,false,,λιβανος,1,1,1,GAL_ALIM,Galen,entries_full_v3,0.900,draft
αερωδης ουσια,ἀερώδης οὐσία,αερωδης ουσια,SUBSTANCE:1,true,ουσια,,1,1,1,ORIB_CM,Oribasius,entries_full_v3,0.700,draft
αετου,ἀετοῦ,αετου,SUBSTANCE_PART:1,false,,,1,1,1,DIOSC_DMM,Dioscorides,diosc_full_v3,0.800,draft
αετωνυξ,ἀετώνυξ,αετωνυξ,SUBSTANCE:1,false,,,1,1,1,PAUL_AEG,Paul,paul_full_v3,0.700,draft
αετωνυχον,ἀετώνυχον,αετωνυχον,SUBSTANCE:2,false,,,2,2,2,DIOSC_DMM;PAUL_AEG,Dioscorides;Paul,diosc_full_v3;paul_full_v3,0.790,draft
αηρ,ἀήρ,αηρ,SUBSTANCE:6,false,,,4,6,6,DIOSC_DMM;GAL_ALIM;GAL_SMT;ORIB_CM,Dioscorides;Galen;Oribasius,diosc_full_v3;entries_full_v3,0.697,draft
αι δε ριζαι,αἱ δὲ ῥίζαι,αι δε ριζαι,SUBSTANCE_PART:2,false,,,2,2,2,GAL_SMT;PAUL_AEG,Galen;Paul,entries_full_v3;paul_full_v3,0.835,draft
αι δε των εχιδνων κεφαλαι,αἱ δὲ τῶν ἐχιδνῶν κεφαλαὶ,αι δε των εχιδνων κεφαλαι,SUBSTANCE_PART:1,true,,,1,1,1,AET_LM,Aetius,entries_full_v3,0.850,draft
αι ριζαι,αἱ ῥίζαι,αι ριζαι,SUBSTANCE_PART:2,true,,,2,2,2,ORIB_CM;PAUL_AEG,Oribasius;Paul,entries_full_v3;paul_full_v3,0.790,draft
αιγειον,αἴγειον,αιγειον,SUBSTANCE_PART:1,false,,,1,1,1,PAUL_AEG,Paul,paul_full_v3,0.840,draft
αιγειον αιμα,αἴγειον αἷμα,αιγειον αιμα,SUBSTANCE:1,true,αιμα,,1,1,1,GAL_SMT,Galen,entries_full_v3,0.650,draft
αιγειον γαλα,αἴγειον γάλα,αιγειον γαλα,SUBSTANCE:2,true,γαλα,,2,2,2,DIOSC_DMM;GAL_SMT,Dioscorides;Galen,diosc_full_v3;entries_full_v3,0.825,draft
αιγειον στεαρ,αἴγειον στέαρ,αιγειον στεαρ,SUBSTANCE:3,true,στεαρ,,3,3,3,AET_LM;GAL_SMT;ORIB_CM,Aetius;Galen;Oribasius,entries_full_v3,0.767,draft
αιγειος,αἴγειος,αιγειος,SUBSTANCE:4,true,γαλα,,3,4,4,AET_LM;DIOSC_DMM;PAUL_AEG,Aetius;Dioscorides;Paul,diosc_full_v3;entries_full_v3;paul_full_v3,0.718,draft
αιγειρος,αἴγειρος,αιγειρος,SUBSTANCE:8,false,,,5,8,8,AET_LM;DIOSC_DMM;GAL_SMT;ORIB_CM;PAUL_AEG,Aetius;Dioscorides;Galen;Oribasius;Paul,diosc_full_v3;entries_full_v3;paul_full_v3,0.835,draft
αιγειρου ανθη,αἰγείρου ἄνθη,αιγειρου ανθη,SUBSTANCE_PART:2,true,,,2,2,2,AET_LM;ORIB_CM,Aetius;Oribasius,entries_full_v3,0.875,draft
αιγιαλειος ιχθυς,αἰγιάλειος ἰχθύς,αιγιαλειος ιχθυς,SUBSTANCE:1,true,ιχθυς,,1,1,1,AET_LM,Aetius,entries_full_v3,0.800,draft
αιγιαλιτις αμμος,αἰγιαλίτις ἄμμος,αιγιαλιτις αμμος,SUBSTANCE:1,true,αμμος,,1,1,1,DIOSC_DMM,Dioscorides,diosc_full_v3,0.750,draft
αιγιλωχαμαιμηλον,αἰγιλώχαμαίμηλον,αιγιλωχαμαιμηλον,SUBSTANCE:1,false,,,1,1,1,DIOSC_DMM,Dioscorides,diosc_full_v3,0.560,draft
αιγιλωψ,αἰγίλωψ,αιγιλωψ,SUBSTANCE:6,false,,,5,6,6,AET_LM;DIOSC_DMM;GAL_SMT;ORIB_CM;PAUL_AEG,Aetius;Dioscorides;Galen;Oribasius;Paul,diosc_full_v3;entries_full_v3;paul_full_v3,0.817,draft
αιγοκερας,αἰγόκερας,αιγοκερας,SUBSTANCE:1,false,,,1,1,1,DIOSC_DMM,Dioscorides,diosc_full_v3,0.650,draft
αιγος αγριας,αἰγὸς ἀγρίας,αιγος αγριας,SUBSTANCE_PART:1,true,,,1,1,1,DIOSC_DMM,Dioscorides,diosc_full_v3,0.780,draft
αιγος ηπαρ,αἰγὸς ἧπαρ,αιγος ηπαρ,SUBSTANCE:1,true,ηπαρ,,1,1,1,GAL_SMT,Galen,entries_full_v3,0.900,draft
αιγος κερας,αἰγὸς κέρας,αιγος κερας,SUBSTANCE_PART:1,true,,,1,1,1,AET_LM,Aetius,entries_full_v3,0.900,draft
αιγυπτια γη,Αἰγυπτία γῆ,αιγυπτια γη,SUBSTANCE:1,true,γη,αιγυπτος,1,1,1,GAL_SMT,Galen,entries_full_v3,0.750,draft
αιγυπτια μαστιχη,Αἰγυπτία μαστίχη,αιγυπτια μαστιχη,SUBSTANCE:1,true,μαστιχη,αιγυπτος,1,1,1,AET_LM,Aetius,entries_full_v3,0.720,draft
αιγυπτιακη ακανθα,αἰγυπτιακὴ ἄκανθα,αιγυπτιακη ακανθα,SUBSTANCE:1,true,ακανθα,,1,1,1,DIOSC_DMM,Dioscorides,diosc_full_v3,0.680,draft
αιγυπτιος,Αἰγύπτιος,αιγυπτιος,SUBSTANCE:3,false,,αιγυπτος,3,3,3,AET_LM;DIOSC_DMM;ORIB_CM,Aetius;Dioscorides;Oribasius,diosc_full_v3;entries_full_v3,0.643,draft
αιγυπτιος κυαμος,αἰγύπτιος κύαμος,αιγυπτιος κυαμος,SUBSTANCE:2,true,κυαμος,αιγυπτος,2,2,2,AET_LM;DIOSC_DMM,Aetius;Dioscorides,diosc_full_v3;entries_full_v3,0.785,draft
αιγων κοπρος,αἰγῶν κόπρος,αιγων κοπρος,SUBSTANCE:1,true,κοπρος,,1,1,1,AET_LM,Aetius,entries_full_v3,0.850,draft
αιδοιον αρρενος ελαφου,αἰδοῖον ἄρρενος ἐλάφου,αιδοιον αρρενος ελαφου,SUBSTANCE_PART:2,true,,,2,2,2,DIOSC_DMM;PAUL_AEG,Dioscorides;Paul,diosc_full_v3;paul_full_v3,0.855,draft
αιθαλη,αἰθάλη,αιθαλη,SUBSTANCE:6,false,,,4,6,6,AET_LM;DIOSC_DMM;GAL_SMT;PAUL_AEG,Aetius;Dioscorides;Galen;Paul,diosc_full_v3;entries_full_v3;paul_full_v3,0.842,draft
αιθαλος,αἰθαλός,αιθαλος,SUBSTANCE:2,false,,,2,2,2,GAL_SMT;ORIB_CM,Galen;Oribasius,entries_full_v3,0.860,draft
αιθιοπικη ελαια,Αἰθιοπικὴ ἐλαία,αιθιοπικη ελαια,SUBSTANCE:1,true,ελαια,αιθιοπια,1,1,1,DIOSC_DMM,Dioscorides,diosc_full_v3,0.860,draft
αιθιοπικον κυμινον,αἰθιοπικὸν κύμινον,αιθιοπικον κυμινον,SUBSTANCE:1,true,κυμινον,,1,1,1,DIOSC_DMM,Dioscorides,diosc_full_v3,0.860,draft
αιθιοπικος σεσελι,Αἰθιοπικός σέσελι,αιθιοπικος σεσελι,SUBSTANCE:1,true,σεσελι,,1,1,1,DIOSC_DMM,Dioscorides,diosc_full_v3,0.840,draft
αιθιοπις,αἰθιοπίς,αιθιοπις,SUBSTANCE:2,false,,,2,2,2,DIOSC_DMM;PAUL_AEG,Dioscorides;Paul,diosc_full_v3;paul_full_v3,0.925,draft
αιθυια,αἰθυία,αιθυια,SUBSTANCE:4,false,,,4,4,4,AET_LM;DIOSC_DMM;GAL_SMT;PAUL_AEG,Aetius;Dioscorides;Galen;Paul,diosc_full_v3;entries_full_v3;paul_full_v3,0.725,draft
αιθυιας ηπαρ,αίθυίας ἦπαρ,αιθυιας ηπαρ,SUBSTANCE_PART:1,true,,,1,1,1,DIOSC_DMM,Dioscorides,diosc_full_v3,0.850,draft
αιθυιης κοιλιαν,αἰθυίης κοιλίαν,αιθυιης κοιλιαν,SUBSTANCE_PART:1,true,,,1,1,1,AET_LM,Aetius,entries_full_v3,0.900,draft
αιμα,αἷμα,αιμα,SUBSTANCE:112;SUBSTANCE_PART:3,false,,,5,115,115,AET_LM;DIOSC_DMM;GAL_ALIM;GAL_SMT;PAUL_AEG,Aetius;Dioscorides;Galen;Paul,diosc_full_v3;entries_full_v3;paul_full_v3,0.806,draft
αιμα αιγειον,αἷμα αἴγειον,αιμα αιγειον,SUBSTANCE:1,true,αιμα,,1,1,1,DIOSC_DMM,Dioscorides,diosc_full_v3,0.850,draft
αιμα αιγος,αἷμα αἰγός,αιμα αιγος,SUBSTANCE:2,true,αιμα,,2,2,2,AET_LM;GAL_SMT,Aetius;Galen,entries_full_v3,0.875,draft
αιμα αλεκτοριδος,αἷμα ἀλεκτορίδος,αιμα αλεκτοριδος,SUBSTANCE:1,true,αιμα,,1,1,1,GAL_SMT,Galen,entries_full_v3,0.820,draft
αιμα αλεκτρυονος,αἷμα ἀλεκτρύονος,αιμα αλεκτρυονος,SUBSTANCE:1,true,αιμα,,1,1,1,GAL_SMT,Galen,entries_full_v3,0.820,draft
αιμα αρνων,αἷμα ἀρνῶν,αιμα αρνων,SUBSTANCE:1,true,αιμα,,1,1,1,GAL_SMT,Galen,entries_full_v3,0.840,draft
αιμα γλαυκος,αἷμα γλαυκός,αιμα γλαυκος,SUBSTANCE:1,true,αιμα,,1,1,1,GAL_SMT,Galen,entries_full_v3,0.500,draft
αιμα γλαυξ,αἷμα γλαύξ,αιμα γλαυξ,SUBSTANCE:1,true,αιμα,,1,1,1,GAL_SMT,Galen,entries_full_v3,0.780,draft
αιμα εριφου,αἷμα ἐρίφου,αιμα εριφου,SUBSTANCE:1,true,αιμα,,1,1,1,DIOSC_DMM,Dioscorides,diosc_full_v3,0.860,draft
αιμα εριφων,αἷμα ἐρίφων,αιμα εριφων,SUBSTANCE:1,true,αιμα,,1,1,1,GAL_SMT,Galen,entries_full_v3,0.860,draft
αιμα λαγωου,αἷμα λαγωοῦ,αιμα λαγωου,SUBSTANCE:1,true,αιμα,,1,1,1,GAL_SMT,Galen,entries_full_v3,0.780,draft
αιμα νησσης,αἷμα νήσσης,αιμα νησσης,SUBSTANCE:1,true,αιμα,,1,1,1,DIOSC_DMM,Dioscorides,diosc_full_v3,0.840,draft
αιμα νυκτεριδος,αἷμα νυκτερίδος,αιμα νυκτεριδος,SUBSTANCE:1,true,αιμα,,1,1,1,GAL_SMT,Galen,entries_full_v3,0.900,draft
αιμα περιστερας,αἷμα περιστερᾶς,αιμα περιστερας,SUBSTANCE:2,true,αιμα,,1,2,2,GAL_SMT,Galen,entries_full_v3,0.825,draft
αιμα ταυρου,αἷμα ταύρου,αιμα ταυρου,SUBSTANCE:1,true,αιμα,,1,1,1,DIOSC_DMM,Dioscorides,diosc_full_v3,0.900,draft
αιμα υων,αἷμα ὑῶν,αιμα υων,SUBSTANCE:1,true,αιμα,,1,1,1,GAL_SMT,Galen,entries_full_v3,0.720,draft
αιμα φαττης,αἷμα φάττης,αιμα φαττης,SUBSTANCE:1,true,αιμα,,1,1,1,GAL_SMT,Galen,entries_full_v3,0.780,draft
αιμα χηνος,αἷμα χήνος,αιμα χηνος,SUBSTANCE:1,true,αιμα,,1,1,1,DIOSC_DMM,Dioscorides,diosc_full_v3,0.860,draft
αιματιτης,αἱματίτης,αιματιτης,SUBSTANCE:13,false,,,5,13,13,AET_LM;DIOSC_DMM;GAL_SMT;ORIB_CM;PAUL_AEG,Aetius;Dioscorides;Galen;Oribasius;Paul,diosc_full_v3;entries_full_v3;paul_full_v3,0.905,draft
αιματιτης λιθος,αἱματίτης λίθος,αιματιτης λιθος,SUBSTANCE:5,true,λιθος,,4,5,5,AET_LM;DIOSC_DMM;GAL_SMT;ORIB_CM,Aetius;Dioscorides;Galen;Oribasius,diosc_full_v3;entries_full_v3,0.904,draft
αιματος θρομβους,αἵματος θρόμβους,αιματος θρομβους,SUBSTANCE_PART:1,true,,,1,1,1,DIOSC_DMM,Dioscorides,diosc_full_v3,0.750,draft
αιματωδης,αἱματώδης,αιματωδης,SUBSTANCE:1,false,,,1,1,1,PAUL_AEG,Paul,paul_full_v3,0.400,draft
αιξ,αἴξ,αιξ,SUBSTANCE:6,false,,,4,6,6,AET_LM;DIOSC_DMM;GAL_SMT;PAUL_AEG,Aetius;Dioscorides;Galen;Paul,diosc_full_v3;entries_full_v3;paul_full_v3,0.783,draft
αιπα,αἶπα,αιπα,SUBSTANCE:1,false,,,1,1,1,DIOSC_DMM,Dioscorides,diosc_full_v3,0.900,draft
αιρα,αἴρα,αιρα,SUBSTANCE:7,false,,,6,7,7,AET_LM;DIOSC_DMM;GAL_ALIM;GAL_SMT;ORIB_CM;PAUL_AEG,Aetius;Dioscorides;Galen;Oribasius;Paul,diosc_full_v3;entries_full_v3;paul_full_v3,0.801,draft
αιρεινος αλευρον,αἴρεινος ἄλευρον,αιρεινος αλευρον,SUBSTANCE:1,true,αλευρον,,1,1,1,DIOSC_DMM,Dioscorides,diosc_full_v3,0.600,draft
αιρινον αλευρον,αἴρινον ἄλευρον,αιρινον αλευρον,SUBSTANCE:6,true,αλευρον,,2,6,6,DIOSC_DMM;GAL_SMT,Dioscorides;Galen,diosc_full_v3;entries_full_v3,0.738,draft
ακαιρος,ἄκαιρος,ακαιρος,SUBSTANCE:1,false,,,1,1,1,DIOSC_DMM,Dioscorides,diosc_full_v3,0.660,draft
ακακαλλις,ἀκακαλλίς,ακακαλλις,SUBSTANCE:1,false,,,1,1,1,DIOSC_DMM,Dioscorides,diosc_full_v3,0.850,draft
ακακια,ἀκακία,ακακια,SUBSTANCE:13,false,,αιγυπτος,5,13,13,AET_LM;DIOSC_DMM;GAL_SMT;ORIB_CM;PAUL_AEG,Aetius;Dioscorides;Galen;Oribasius;Paul,diosc_full_v3;entries_full_v3;paul_full_v3,0.891,draft
ακαληφη,ἀκαλήφη,ακαληφη,SUBSTANCE:7,false,,,5,7,7,AET_LM;DIOSC_DMM;GAL_SMT;ORIB_CM;PAUL_AEG,Aetius;Dioscorides;Galen;Oribasius;Paul,diosc_full_v3;entries_full_v3;paul_full_v3,0.844,draft
ακαληφη θαλασσια,ἀκαλήφη θαλάσσια,ακαληφη θαλασσια,SUBSTANCE:1,true,ακαληφη,,1,1,1,DIOSC_DMM,Dioscorides,diosc_full_v3,0.780,draft
ακαληφη θαλαττια,ἀκαλήφη θαλάττια,ακαληφη θαλαττια,SUBSTANCE:1,true,ακαληφη,,1,1,1,GAL_SMT,Galen,entries_full_v3,0.800,draft
ακαληφης καρπος,Ἀκαλήφης καρπός,ακαληφης καρπος,SUBSTANCE_PART:1,true,,,1,1,1,AET_LM,Aetius,entries_full_v3,0.850,draft
ακαληφης φυλλα,Ἀκαλήφης φύλλα,ακαληφης φυλλα,SUBSTANCE_PART:1,true,,,1,1,1,AET_LM,Aetius,entries_full_v3,0.850,draft
ακαλλις,ἀκαλλίς,ακαλλις,SUBSTANCE:1,false,,,1,1,1,PAUL_AEG,Paul,paul_full_v3,0.850,draft
ακαλυφη,ἀκαλύφη,ακαλυφη,SUBSTANCE:1,false,,,1,1,1,GAL_SMT,Galen,entries_full_v3,0.920,draft
ακανθα,ἄκανθα,ακανθα,SUBSTANCE:19,false,,,5,19,19,AET_LM;DIOSC_DMM;GAL_SMT;ORIB_CM;PAUL_AEG,Aetius;Dioscorides;Galen;Oribasius;Paul,diosc_full_v3;entries_full_v3;paul_full_v3,0.774,draft
ακανθα αιγυπτια,ἄκανθα αἰγυπτία,ακανθα αιγυπτια,SUBSTANCE:3,true,ακανθα,αιγυπτος,3,3,3,AET_LM;ORIB_CM;PAUL_AEG,Aetius;Oribasius;Paul,entries_full_v3;paul_full_v3,0.883,draft
ακανθα αραβικη,ἄκανθα Ἀραβική,ακανθα αραβικη,SUBSTANCE:2,true,ακανθα,αραβια,2,2,2,DIOSC_DMM;PAUL_AEG,Dioscorides;Paul,diosc_full_v3;paul_full_v3,0.815,draft
ακανθα λευκη,ἄκανθα λευκή,ακανθα λευκη,SUBSTANCE:6,true,ακανθα,,4,6,6,AET_LM;DIOSC_DMM;ORIB_CM;PAUL_AEG,Aetius;Dioscorides;Oribasius;Paul,diosc_full_v3;entries_full_v3;paul_full_v3,0.865,draft
ακανθαι,ἄκανθαι,ακανθαι,SUBSTANCE_PART:1,false,,,1,1,1,DIOSC_DMM,Dioscorides,diosc_full_v3,0.850,draft
ακανθαις,ἀκάνθαις,ακανθαις,SUBSTANCE_PART:1,false,,,1,1,1,DIOSC_DMM,Dioscorides,diosc_full_v3,0.740,draft
ακανθαν,ἄκανθαν,ακανθαν,SUBSTANCE_PART:2,false,,,1,2,2,DIOSC_DMM,Dioscorides,diosc_full_v3,0.785,draft
ακανθας,ἀκάνθας,ακανθας,SUBSTANCE_PART:3,false,,ιδη,1,3,3,DIOSC_DMM,Dioscorides,diosc_full_v3,0.710,draft
ακανθη,ἀκάνθη,ακανθη,SUBSTANCE:1,false,,,1,1,1,PAUL_AEG,Paul,paul_full_v3,0.620,draft
ακανθης,ἀκάνθης,ακανθης,SUBSTANCE_PART:1,false,,,1,1,1,DIOSC_DMM,Dioscorides,diosc_full_v3,0.680,draft
ακανθια,ἀκάνθια,ακανθια,SUBSTANCE_PART:2,false,,,1,2,2,DIOSC_DMM,Dioscorides,diosc_full_v3,0.760,draft
ακανθινον ξυλον,ἀκάνθινον ξύλον,ακανθινον ξυλον,SUBSTANCE:1,true,ξυλον,,1,1,1,DIOSC_DMM,Dioscorides,diosc_full_v3,0.600,draft
ακανθιον,ἀκάνθιον,ακανθιον,SUBSTANCE:4,false,,,4,4,4,DIOSC_DMM;GAL_SMT;ORIB_CM;PAUL_AEG,Dioscorides;Galen;Oribasius;Paul,diosc_full_v3;entries_full_v3;paul_full_v3,0.893,draft
ακανθιου η ριζα,Ἀκανθίου ἡ ῥίζα,ακανθιου η ριζα,SUBSTANCE_PART:1,true,,,1,1,1,ORIB_CM,Oribasius,entries_full_v3,0.900,draft
ακανθιου φυλλα,Ἀκανθίου φύλλα,ακανθιου φυλλα,SUBSTANCE_PART:1,true,,,1,1,1,ORIB_CM,Oribasius,entries_full_v3,0.900,draft
ακανθος,ἄκανθος,ακανθος,SUBSTANCE:7,false,,,5,7,7,AET_LM;DIOSC_DMM;GAL_SMT;ORIB_CM;PAUL_AEG,Aetius;Dioscorides;Galen;Oribasius;Paul,diosc_full_v3;entries_full_v3;paul_full_v3,0.916,draft
ακανθος αιγυπτια,ἄκανθος Αἰγυπτία,ακανθος αιγυπτια,SUBSTANCE:1,true,ακανθος,αιγυπτος,1,1,1,GAL_SMT,Galen,entries_full_v3,0.950,draft
ακανθος λευκη,ἄκανθος λευκή,ακανθος λευκη,SUBSTANCE:2,true,ακανθος,,1,2,2,GAL_SMT,Galen,entries_full_v3,0.850,draft
ακαυστος,ἄκαυστος,ακαυστος,SUBSTANCE:1,false,,,1,1,1,AET_LM,Aetius,entries_full_v3,0.550,draft
ακεραιος θαλασσα,ἀκέραιος θάλασσα,ακεραιος θαλασσα,SUBSTANCE:1,true,θαλασσα,,1,1,1,DIOSC_DMM,Dioscorides,diosc_full_v3,0.700,draft
ακεραιος μολυβδος,ἀκέραιος μόλυβδος,ακεραιος μολυβδος,SUBSTANCE:1,true,μολυβδος,,1,1,1,DIOSC_DMM,Dioscorides,diosc_full_v3,0.850,draft
ακιδωτον,ἀκιδωτόν,ακιδωτον,SUBSTANCE:1,false,,,1,1,1,DIOSC_DMM,Dioscorides,diosc_full_v3,0.800,draft
ακινος,ἄκινος,ακινος,SUBSTANCE:2,false,,,2,2,2,DIOSC_DMM;PAUL_AEG,Dioscorides;Paul,diosc_full_v3;paul_full_v3,0.925,draft
ακις,ἀκίς,ακις,SUBSTANCE:2,false,,,2,2,2,GAL_SMT;PAUL_AEG,Galen;Paul,entries_full_v3;paul_full_v3,0.620,draft
ακνηστον,ἄκνηστον,ακνηστον,SUBSTANCE:1,false,,,1,1,1,DIOSC_DMM,Dioscorides,diosc_full_v3,0.650,draft
ακονη,ἀκόνη,ακονη,SUBSTANCE:4,false,,ναξος,4,4,4,AET_LM;DIOSC_DMM;GAL_SMT;ORIB_CM,Aetius;Dioscorides;Galen;Oribasius,diosc_full_v3;entries_full_v3,0.810,draft
ακονη ναξια,ἀκόνη Ναξία,ακονη ναξια,SUBSTANCE:1,true,ακονη,ναξος,1,1,1,DIOSC_DMM,Dioscorides,diosc_full_v3,0.850,draft
ακονιτον,ἀκόνιτον,ακονιτον,SUBSTANCE:19,false,,,5,19,19,AET_LM;DIOSC_DMM;GAL_SMT;ORIB_CM;PAUL_AEG,Aetius;Dioscorides;Galen;Oribasius;Paul,diosc_full_v3;entries_full_v3;paul_full_v3,0.902,draft
ακονιτον ετερον,ἀκόνιτον ἕτερον,ακονιτον ετερον,SUBSTANCE:1,true,ακονιτον,,1,1,1,DIOSC_DMM,Dioscorides,diosc_full_v3,0.780,draft
ακονος,ἄκονος,ακονος,SUBSTANCE:1,false,,,1,1,1,DIOSC_DMM,Dioscorides,diosc_full_v3,0.900,draft
ακοπον,ἄκοπον,ακοπον,SUBSTANCE:1,false,,,1,1,1,DIOSC_DMM,Dioscorides,diosc_full_v3,0.750,draft
ακορον,ἄκορον,ακορον,SUBSTANCE:8,false,,,5,8,8,AET_LM;DIOSC_DMM;GAL_SMT;ORIB_CM;PAUL_AEG,Aetius;Dioscorides;Galen;Oribasius;Paul,diosc_full_v3;entries_full_v3;paul_full_v3,0.925,draft
ακορος,ἄκορος,ακορος,SUBSTANCE:6,false,,,5,6,6,AET_LM;DIOSC_DMM;GAL_SMT;ORIB_CM;PAUL_AEG,Aetius;Dioscorides;Galen;Oribasius;Paul,diosc_full_v3;entries_full_v3;paul_full_v3,0.880,draft
ακορου ριζα,ἀκόρου ῥίζα,ακορου ριζα,SUBSTANCE_PART:1,true,,,1,1,1,AET_LM,Aetius,entries_full_v3,0.880,draft
ακρατος,ἄκρατος,ακρατος,SUBSTANCE:3,false,,,2,3,3,AET_LM;DIOSC_DMM,Aetius;Dioscorides,diosc_full_v3;entries_full_v3,0.767,draft
ακρατος θερμος,ἄκρατος θερμός,ακρατος θερμος,SUBSTANCE:1,true,ακρατος,,1,1,1,AET_LM,Aetius,entries_full_v3,0.700,draft
ακρεμονας,ἀκρέμονας,ακρεμονας,SUBSTANCE_PART:3,false,,,2,2,3,DIOSC_DMM;GAL_ALIM,Dioscorides;Galen,diosc_full_v3;entries_full_v3,0.747,draft
ακρεμονες,ἀκρέμονες,ακρεμονες,SUBSTANCE_PART:8,false,,,5,8,8,AET_LM;DIOSC_DMM;GAL_SMT;ORIB_CM;PAUL_AEG,Aetius;Dioscorides;Galen;Oribasius;Paul,diosc_full_v3;entries_full_v3;paul_full_v3,0.831,draft
ακρεμονων,ἀκρεμόνων,ακρεμονων,SUBSTANCE_PART:3,false,,,3,3,3,AET_LM;DIOSC_DMM;GAL_SMT,Aetius;Dioscorides;Galen,diosc_full_v3;entries_full_v3,0.843,draft
ακρεμοσι,ἀκρεμόσι,ακρεμοσι,SUBSTANCE_PART:1,false,,,1,1,1,DIOSC_DMM,Dioscorides,diosc_full_v3,0.750,draft
ακρεμοσιν,ἀκρέμοσιν,ακρεμοσιν,SUBSTANCE_PART:2,false,,,2,2,2,GAL_SMT;ORIB_CM,Galen;Oribasius,entries_full_v3,0.650,draft
ακρις,ἀκρίς,ακρις,SUBSTANCE:2,false,,,2,2,2,DIOSC_DMM;PAUL_AEG,Dioscorides;Paul,diosc_full_v3;paul_full_v3,0.910,draft
ακρις τρωξαλλις,ἀκρίς τρωξαλλίς,ακρις τρωξαλλις,SUBSTANCE:1,true,ακρις,,1,1,1,DIOSC_DMM,Dioscorides,diosc_full_v3,0.800,draft
ακροσπελλος,ἀκρόσπελλος,ακροσπελλος,SUBSTANCE:1,false,,,1,1,1,DIOSC_DMM,Dioscorides,diosc_full_v3,0.620,draft
ακτη,ἀκτή,ακτη,SUBSTANCE:8,false,,,5,8,8,AET_LM;DIOSC_DMM;GAL_SMT;ORIB_CM;PAUL_AEG,Aetius;Dioscorides;Galen;Oribasius;Paul,diosc_full_v3;entries_full_v3;paul_full_v3,0.866,draft
ακτη βοτανωδεστερα,ἄκτη βοτανωδεστέρα,ακτη βοτανωδεστερα,SUBSTANCE:1,true,ακτη,,1,1,1,GAL_SMT,Galen,entries_full_v3,0.750,draft
ακτη δενδρωδης,ἄκτη δενδρώδης,ακτη δενδρωδης,SUBSTANCE:2,true,ακτη,,2,2,2,GAL_SMT;ORIB_CM,Galen;Oribasius,entries_full_v3,0.850,draft
ακτη μεγαλη,ἄκτη μεγάλη,ακτη μεγαλη,SUBSTANCE:2,true,ακτη,,2,2,2,GAL_SMT;PAUL_AEG,Galen;Paul,entries_full_v3;paul_full_v3,0.800,draft
ακτιον,ἄκτιον,ακτιον,SUBSTANCE:1,false,,,1,1,1,DIOSC_DMM,Dioscorides,diosc_full_v3,0.900,draft
αλαβανδικος λιθος,ἀλαβανδικὸς λίθος,αλαβανδικος λιθος,SUBSTANCE:1,true,λιθος,,1,1,1,AET_LM,Aetius,entries_full_v3,0.920,draft
αλαβαστριτης,ἀλαβαστρίτης,αλαβαστριτης,SUBSTANCE:2,false,,,2,2,2,GAL_SMT;PAUL_AEG,Galen;Paul,entries_full_v3;paul_full_v3,0.850,draft
αλαβαστριτης λιθος,ἀλαβαστρίτης λίθος,αλαβαστριτης λιθος,SUBSTANCE:1,true,λιθος,,1,1,1,ORIB_CM,Oribasius,entries_full_v3,0.860,draft
αλανη,Ἀλανὴ,αλανη,SUBSTANCE:1,false,,αλανια,1,1,1,PAUL_AEG,Paul,paul_full_v3,0.800,draft
αλας,ἅλας,αλας,SUBSTANCE:3,false,,,2,3,3,DIOSC_DMM;PAUL_AEG,Dioscorides;Paul,diosc_full_v3;paul_full_v3,0.850,draft
αλας λεπτος,ἅλας λεπτός,αλας λεπτος,SUBSTANCE:1,true,αλας,,1,1,1,DIOSC_DMM,Dioscorides,diosc_full_v3,0.850,draft
αλβανος,Ἀλβανός,αλβανος,SUBSTANCE:1,false,,,1,1,1,DIOSC_DMM,Dioscorides,diosc_full_v3,0.800,draft
αλεκτοριδος λευκης,ἀλεκτορίδος λευκῆς,αλεκτοριδος λευκης,SUBSTANCE_PART:1,true,,,1,1,1,DIOSC_DMM,Dioscorides,diosc_full_v3,0.720,draft
αλεκτορις,ἀλεκτορίς,αλεκτορις,SUBSTANCE:9,false,,,5,9,9,AET_LM;DIOSC_DMM;GAL_SMT;ORIB_CM;PAUL_AEG,Aetius;Dioscorides;Galen;Oribasius;Paul,diosc_full_v3;entries_full_v3;paul_full_v3,0.734,draft
αλεκτρυονων στεαρ,ἀλεκτρυόνων στέαρ,αλεκτρυονων στεαρ,SUBSTANCE:1,true,στεαρ,,1,1,1,GAL_SMT,Galen,entries_full_v3,0.620,draft
αλεκτρυων,ἀλεκτρυών,αλεκτρυων,SUBSTANCE:5,false,,,4,5,5,AET_LM;GAL_SMT;ORIB_CM;PAUL_AEG,Aetius;Galen;Oribasius;Paul,entries_full_v3;paul_full_v3,0.742,draft
αλεκτρυων ορχις,ἀλεκτρυών ὄρχις,αλεκτρυων ορχις,SUBSTANCE:1,true,ορχις,,1,1,1,AET_LM,Aetius,entries_full_v3,0.700,draft
αλεξανδρεια,Ἀλεξάνδρεια,αλεξανδρεια,SUBSTANCE:1,false,,,1,1,1,DIOSC_DMM,Dioscorides,diosc_full_v3,0.650,draft
αλεξανδρεια δαφνη,Ἀλεξανδρεία δάφνη,αλεξανδρεια δαφνη,SUBSTANCE:1,true,δαφνη,αλεξανδρεια,1,1,1,GAL_SMT,Galen,entries_full_v3,0.750,draft
αλες,ἅλες,αλες,SUBSTANCE:1,false,,,1,1,1,PAUL_AEG,Paul,paul_full_v3,0.850,draft
αλες διπλοι,ἅλες διπλοί,αλες διπλοι,SUBSTANCE:1,true,αλς,,1,1,1,DIOSC_DMM,Dioscorides,diosc_full_v3,0.750,draft
αλευρον,ἄλευρον,αλευρον,SUBSTANCE:62,false,,,6,62,62,AET_LM;DIOSC_DMM;GAL_ALIM;GAL_SMT;ORIB_CM;PAUL_AEG,Aetius;Dioscorides;Galen;Oribasius;Paul,diosc_full_v3;entries_full_v3;paul_full_v3,0.830,draft
αλευρον αιρινον,ἄλευρον αἰρῖνον,αλευρον αιρινον,SUBSTANCE:3,true,αλευρον,,1,3,3,DIOSC_DMM,Dioscorides,diosc_full_v3,0.657,draft
αλευρον ερεγμινον,ἄλευρον ἐρεγμῖνον,αλευρον ερεγμινον,SUBSTANCE:2,true,αλευρον,,1,2,2,DIOSC_DMM,Dioscorides,diosc_full_v3,0.650,draft
αλευρον ζειας,ἄλευρον ζείας,αλευρον ζειας,SUBSTANCE:2,true,αλευρον,,2,2,2,AET_LM;GAL_SMT,Aetius;Galen,entries_full_v3,0.675,draft
αλευρον ζειων,ἄλευρον ζειῶν,αλευρον ζειων,SUBSTANCE:1,true,αλευρον,,1,1,1,PAUL_AEG,Paul,paul_full_v3,0.750,draft
αλευρον κεγχρινον,ἄλευρον κεγχρῖνον,αλευρον κεγχρινον,SUBSTANCE:1,true,αλευρον,,1,1,1,DIOSC_DMM,Dioscorides,diosc_full_v3,0.780,draft
αλευρον κριθινον,ἄλευρον κριθῖνον,αλευρον κριθινον,SUBSTANCE:7,true,αλευρον,,4,7,7,AET_LM;DIOSC_DMM;GAL_SMT;PAUL_AEG,Aetius;Dioscorides;Galen;Paul,diosc_full_v3;entries_full_v3;paul_full_v3,0.794,draft
αλευρον κυαμινον,ἄλευρον κυάμινον,αλευρον κυαμινον,SUBSTANCE:2,true,αλευρον,,2,2,2,AET_LM;DIOSC_DMM,Aetius;Dioscorides,diosc_full_v3;entries_full_v3,0.760,draft
αλευρον κυαμου,ἄλευρον κυάμου,αλευρον κυαμου,SUBSTANCE:1,true,αλευρον,,1,1,1,AET_LM,Aetius,entries_full_v3,0.700,draft
αλευρον ξηραντικον,ἄλευρον ξηραντικόν,αλευρον ξηραντικον,SUBSTANCE:1,true,αλευρον,,1,1,1,AET_LM,Aetius,entries_full_v3,0.620,draft
αλευρον πυρινον,ἄλευρον πυρῖνον,αλευρον πυρινον,SUBSTANCE:3,true,αλευρον,,3,3,3,DIOSC_DMM;GAL_SMT;ORIB_CM,Dioscorides;Galen;Oribasius,diosc_full_v3;entries_full_v3,0.833,draft
αλθαια,ἀλθαία,αλθαια,SUBSTANCE:8,false,,,5,8,8,AET_LM;DIOSC_DMM;GAL_SMT;ORIB_CM;PAUL_AEG,Aetius;Dioscorides;Galen;Oribasius;Paul,diosc_full_v3;entries_full_v3;paul_full_v3,0.889,draft
αλικακαβον,ἁλικάκαβον,αλικακαβον,SUBSTANCE:1,false,,,1,1,1,PAUL_AEG,Paul,paul_full_v3,0.900,draft
αλικακαβος,ἁλικακάβος,αλικακαβος,SUBSTANCE:1,false,,,1,1,1,AET_LM,Aetius,entries_full_v3,0.550,draft
αλικακκαβον,ἁλικάκκαβον,αλικακκαβον,SUBSTANCE:7,false,,,5,7,7,AET_LM;DIOSC_DMM;GAL_SMT;ORIB_CM;PAUL_AEG,Aetius;Dioscorides;Galen;Oribasius;Paul,diosc_full_v3;entries_full_v3;paul_full_v3,0.896,draft
αλικακκαβον πυρρον,ἁλικάκκαβον πυρρόν,αλικακκαβον πυρρον,SUBSTANCE:1,true,αλικακκαβον,,1,1,1,ORIB_CM,Oribasius,entries_full_v3,0.760,draft
αλιμον,ἅλιμον,αλιμον,SUBSTANCE:5,false,,,5,5,5,AET_LM;DIOSC_DMM;GAL_SMT;ORIB_CM;PAUL_AEG,Aetius;Dioscorides;Galen;Oribasius;Paul,diosc_full_v3;entries_full_v3;paul_full_v3,0.906,draft
αλιμον αλυκον,ἄλιμον ἁλυκόν,αλιμον αλυκον,SUBSTANCE:1,true,αλιμον,,1,1,1,ORIB_CM,Oribasius,entries_full_v3,0.750,draft
αλιξ,ἄλιξ,αλιξ,SUBSTANCE:1,false,,,1,1,1,DIOSC_DMM,Dioscorides,diosc_full_v3,0.750,draft
αλισμα,ἄλισμα,αλισμα,SUBSTANCE:3,false,,,3,3,3,AET_LM;DIOSC_DMM;GAL_SMT,Aetius;Dioscorides;Galen,diosc_full_v3;entries_full_v3,0.870,draft
αλκαιας,ἀλκαίας,αλκαιας,SUBSTANCE:1,false,,,1,1,1,DIOSC_DMM,Dioscorides,diosc_full_v3,0.800,draft
αλκεα,Ἀλκέα,αλκεα,SUBSTANCE:1,false,,,1,1,1,PAUL_AEG,Paul,paul_full_v3,0.900,draft
αλκη,ἅλκη,αλκη,SUBSTANCE:1,false,,,1,1,1,DIOSC_DMM,Dioscorides,diosc_full_v3,0.650,draft
αλκι,ἄλκι,αλκι,SUBSTANCE:1,false,,,1,1,1,DIOSC_DMM,Dioscorides,diosc_full_v3,0.450,draft
αλκιβιαδειον,Ἀλκιβιάδειον,αλκιβιαδειον,SUBSTANCE:4,false,,,3,4,4,DIOSC_DMM;ORIB_CM;PAUL_AEG,Dioscorides;Oribasius;Paul,diosc_full_v3;entries_full_v3;paul_full_v3,0.807,draft
αλκιβιαδειος,Ἀλκιβιάδειος,αλκιβιαδειος,SUBSTANCE:3,false,,,3,3,3,GAL_SMT;ORIB_CM;PAUL_AEG,Galen;Oribasius;Paul,entries_full_v3;paul_full_v3,0.750,draft
αλκιβιαδιον,ἀλκιβιάδιον,αλκιβιαδιον,SUBSTANCE:1,false,,,1,1,1,AET_LM,Aetius,entries_full_v3,0.780,draft
αλκυονιον,ἀλκυόνιον,αλκυονιον,SUBSTANCE:13,false,,,5,13,13,AET_LM;DIOSC_DMM;GAL_SMT;ORIB_CM;PAUL_AEG,Aetius;Dioscorides;Galen;Oribasius;Paul,diosc_full_v3;entries_full_v3;paul_full_v3,0.825,draft
αλμαια,ἁλμαία,αλμαια,SUBSTANCE:2,false,,,1,2,2,DIOSC_DMM,Dioscorides,diosc_full_v3,0.800,draft
αλμας,ἁλμάς,αλμας,SUBSTANCE:2,false,,,2,2,2,AET_LM;GAL_ALIM,Aetius;Galen,entries_full_v3,0.650,draft
αλμη,ἅλμη,αλμη,SUBSTANCE:23,false,,,5,23,23,AET_LM;DIOSC_DMM;GAL_ALIM;GAL_SMT;PAUL_AEG,Aetius;Dioscorides;Galen;Paul,diosc_full_v3;entries_full_v3;paul_full_v3,0.849,draft
αλμη αμιγης,ἅλμη ἀμιγής,αλμη αμιγης,SUBSTANCE:1,true,αλμη,,1,1,1,PAUL_AEG,Paul,paul_full_v3,0.850,draft
αλμη κολυμβαδων ελαιων,ἅλμη κολυμβάδων ἐλαίων,αλμη κολυμβαδων ελαιων,SUBSTANCE:1,true,αλμη,,1,1,1,AET_LM,Aetius,entries_full_v3,0.750,draft
αλμη μαινιδων,ἅλμη μαινίδων,αλμη μαινιδων,SUBSTANCE:1,true,αλμη,,1,1,1,AET_LM,Aetius,entries_full_v3,0.720,draft
αλμη μαινις,ἅλμη μαῖνις,αλμη μαινις,SUBSTANCE:1,true,αλμη,,1,1,1,GAL_SMT,Galen,entries_full_v3,0.800,draft
αλμη ταριχηρος ιχθυς,ἅλμη ταριχηρὸς ἰχθύς,αλμη ταριχηρος ιχθυς,SUBSTANCE:1,true,αλμη,,1,1,1,GAL_SMT,Galen,entries_full_v3,0.820,draft
αλμη ταριχηρος σιλουρος,ἅλμη ταριχηρὸς σίλουρος,αλμη ταριχηρος σιλουρος,SUBSTANCE:1,true,αλμη,,1,1,1,GAL_SMT,Galen,entries_full_v3,0.780,draft
αλμη ταριχηρων ιχθυων,ἅλμη ταριχηρῶν ἰχθύων,αλμη ταριχηρων ιχθυων,SUBSTANCE:1,true,αλμη,,1,1,1,AET_LM,Aetius,entries_full_v3,0.850,draft
αλμη ταριχηρων σιλουρων,ἅλμη ταριχηρῶν σιλούρων,αλμη ταριχηρων σιλουρων,SUBSTANCE:1,true,αλμη,,1,1,1,AET_LM,Aetius,entries_full_v3,0.620,draft
αλμη των κολυμβαδων ελαων,ἅλμη τῶν κολυμβάδων ἐλαῶν,αλμη των κολυμβαδων ελαων,SUBSTANCE:1,true,αλμη,,1,1,1,PAUL_AEG,Paul,paul_full_v3,0.750,draft
αλμη των ταριχηρων ιχθυων,ἅλμη τῶν ταριχηρῶν ἰχθύων,αλμη των ταριχηρων ιχθυων,SUBSTANCE:1,true,αλμη,,1,1,1,PAUL_AEG,Paul,paul_full_v3,0.750,draft
αλμυρις,ἁλμυρίς,αλμυρις,SUBSTANCE:4,false,,,3,4,4,AET_LM;DIOSC_DMM;GAL_SMT,Aetius;Dioscorides;Galen,diosc_full_v3;entries_full_v3,0.758,draft
αλμυρωδης χυμος,ἁλμυρώδης χυμός,αλμυρωδης χυμος,SUBSTANCE:1,true,χυμος,,1,1,1,GAL_SMT,Galen,entries_full_v3,0.750,draft
αλξ,ἄλξ,αλξ,SUBSTANCE:1,false,,,1,1,1,DIOSC_DMM,Dioscorides,diosc_full_v3,0.700,draft
αλοη,ἀλόη,αλοη,SUBSTANCE:11,false,,,5,11,11,AET_LM;DIOSC_DMM;GAL_SMT;ORIB_CM;PAUL_AEG,Aetius;Dioscorides;Galen;Oribasius;Paul,diosc_full_v3;entries_full_v3;paul_full_v3,0.910,draft
αλοη ινδικη,ἀλόη Ἰνδική,αλοη ινδικη,SUBSTANCE:1,true,αλοη,,1,1,1,GAL_SMT,Galen,entries_full_v3,0.800,draft
αλοη κατα ινδιαν,ἀλόη κατὰ Ἰνδίαν,αλοη κατα ινδιαν,SUBSTANCE:1,true,αλοη,ινδια,1,1,1,GAL_SMT,Galen,entries_full_v3,0.600,draft
αλοη κατα συριαν την μεγαλην,ἀλόη κατὰ Συρίαν τὴν μεγάλην,αλοη κατα συριαν την μεγαλην,SUBSTANCE:1,true,αλοη,συρια μεγαλη,1,1,1,GAL_SMT,Galen,entries_full_v3,0.600,draft
αλος ανθος,ἁλὸς ἄνθος,αλος ανθος,SUBSTANCE:1;SUBSTANCE_PART:2,true,αλας,,3,3,3,AET_LM;GAL_SMT;PAUL_AEG,Aetius;Galen;Paul,entries_full_v3;paul_full_v3,0.883,draft
αλος ανθους,ἁλὸς ἄνθους,αλος ανθους,SUBSTANCE_PART:1,true,,,1,1,1,DIOSC_DMM,Dioscorides,diosc_full_v3,0.780,draft
αλος αχνη,ἁλὸς ἄχνη,αλος αχνη,SUBSTANCE:2,true,αχνη,,2,2,2,AET_LM;PAUL_AEG,Aetius;Paul,entries_full_v3;paul_full_v3,0.920,draft
αλοσανθον,ἁλόσανθον,αλοσανθον,SUBSTANCE:1,false,,,1,1,1,GAL_SMT,Galen,entries_full_v3,0.900,draft
αλς,ἅλς,αλς,SUBSTANCE:131,false,,,6,131,131,AET_LM;DIOSC_DMM;GAL_ALIM;GAL_SMT;ORIB_CM;PAUL_AEG,Aetius;Dioscorides;Galen;Oribasius;Paul,diosc_full_v3;entries_full_v3;paul_full_v3,0.852,draft
αλς ακαυστος,ἅλς ἄκαυστος,αλς ακαυστος,SUBSTANCE:1,true,αλς,,1,1,1,GAL_SMT,Galen,entries_full_v3,0.780,draft
αλς αμμωνιακος,ἅλς ἀμμωνιακός,αλς αμμωνιακος,SUBSTANCE:1,true,αλς,,1,1,1,AET_LM,Aetius,entries_full_v3,0.800,draft
αλς ανθος,ἅλς ἄνθος,αλς ανθος,SUBSTANCE:1,true,ανθος,,1,1,1,GAL_SMT,Galen,entries_full_v3,0.900,draft
αλς αφρωδης,ἅλς ἀφρώδης,αλς αφρωδης,SUBSTANCE:1,true,αλς,,1,1,1,DIOSC_DMM,Dioscorides,diosc_full_v3,0.750,draft
αλς αχνη,ἅλς ἄχνη,αλς αχνη,SUBSTANCE:4,true,αχνη,,2,4,4,DIOSC_DMM;GAL_SMT,Dioscorides;Galen,diosc_full_v3;entries_full_v3,0.818,draft
αλς εκ γης,ἅλς ἐκ γῆς,αλς εκ γης,SUBSTANCE:1,true,αλς,,1,1,1,GAL_SMT,Galen,entries_full_v3,0.850,draft
αλς εκ θαλασσης,ἅλς ἐκ θαλάσσης,αλς εκ θαλασσης,SUBSTANCE:1,true,αλς,,1,1,1,ORIB_CM,Oribasius,entries_full_v3,0.700,draft
αλς θαλασσιος,ἅλς θαλάσσιος,αλς θαλασσιος,SUBSTANCE:2,true,αλς,,1,2,2,DIOSC_DMM,Dioscorides,diosc_full_v3,0.830,draft
αλς θαλαττιος,ἅλς θαλάττιος,αλς θαλαττιος,SUBSTANCE:1,true,αλς,,1,1,1,GAL_SMT,Galen,entries_full_v3,0.900,draft
αλς καθαρτικος,ἅλς καθαρτικός,αλς καθαρτικος,SUBSTANCE:1,true,αλς,,1,1,1,DIOSC_DMM,Dioscorides,diosc_full_v3,0.800,draft
αλς κακαυμενος,ἅλς κακαυμένος,αλς κακαυμενος,SUBSTANCE:1,true,αλς,,1,1,1,AET_LM,Aetius,entries_full_v3,0.780,draft
αλς κεκαυμενος,ἅλς κεκαυμένος,αλς κεκαυμενος,SUBSTANCE:2,true,αλς,,2,2,2,AET_LM;GAL_SMT,Aetius;Galen,entries_full_v3,0.850,draft
αλς οπτος,ἅλς ὀπτός,αλς οπτος,SUBSTANCE:1,true,αλς,,1,1,1,DIOSC_DMM,Dioscorides,diosc_full_v3,0.680,draft
αλς ορυκτος,ἅλς ὀρυκτός,αλς ορυκτος,SUBSTANCE:6,true,αλς,,5,6,6,AET_LM;DIOSC_DMM;GAL_SMT;ORIB_CM;PAUL_AEG,Aetius;Dioscorides;Galen;Oribasius;Paul,diosc_full_v3;entries_full_v3;paul_full_v3,0.865,draft
αλς σκευαστος,ἅλς σκευαστός,αλς σκευαστος,SUBSTANCE:1,true,αλς,,1,1,1,GAL_ALIM,Galen,entries_full_v3,0.750,draft
αλς φρυκτος λειος,ἅλς φρυκτός λεῖος,αλς φρυκτος λειος,SUBSTANCE:1,true,αλς,,1,1,1,DIOSC_DMM,Dioscorides,diosc_full_v3,0.650,draft
αλσινη,ἀλσίνη,αλσινη,SUBSTANCE:6,false,,,5,6,6,AET_LM;DIOSC_DMM;GAL_SMT;ORIB_CM;PAUL_AEG,Aetius;Dioscorides;Galen;Oribasius;Paul,diosc_full_v3;entries_full_v3;paul_full_v3,0.923,draft
αλυκος χυμος,ἁλυκὸς χυμός,αλυκος χυμος,SUBSTANCE:2,true,χυμος,,1,2,2,AET_LM,Aetius,entries_full_v3,0.750,draft
αλυπον,ἄλυπον,αλυπον,SUBSTANCE:2,false,,,2,2,2,DIOSC_DMM;PAUL_AEG,Dioscorides;Paul,diosc_full_v3;paul_full_v3,0.945,draft
αλυπος,ἄλυπος,αλυπος,SUBSTANCE:1,false,,,1,1,1,GAL_SMT,Galen,entries_full_v3,0.720,draft
αλυσσον,ἄλυσσον,αλυσσον,SUBSTANCE:5,false,,,5,5,5,AET_LM;DIOSC_DMM;GAL_SMT;ORIB_CM;PAUL_AEG,Aetius;Dioscorides;Galen;Oribasius;Paul,diosc_full_v3;entries_full_v3;paul_full_v3,0.944,draft
αλφιτον,ἄλφιτον,αλφιτον,SUBSTANCE:73,false,,,6,73,73,AET_LM;DIOSC_DMM;GAL_ALIM;GAL_SMT;ORIB_CM;PAUL_AEG,Aetius;Dioscorides;Galen;Oribasius;Paul,diosc_full_v3;entries_full_v3;paul_full_v3,0.837,draft
αλφιτου παλη,ἀλφίτου πάλῃ,αλφιτου παλη,SUBSTANCE_PART:1,true,,,1,1,1,DIOSC_DMM,Dioscorides,diosc_full_v3,0.750,draft
αλωπεκος πνευμων,ἀλώπεκος πνεύμων,αλωπεκος πνευμων,SUBSTANCE_PART:2,true,,,2,2,2,AET_LM;DIOSC_DMM,Aetius;Dioscorides,diosc_full_v3;entries_full_v3,0.900,draft
αλωπεκων στεαρ,ἀλωπέκων στέαρ,αλωπεκων στεαρ,SUBSTANCE:1,true,στεαρ,,1,1,1,GAL_SMT,Galen,entries_full_v3,0.780,draft
αλωπηξ,ἀλώπηξ,αλωπηξ,SUBSTANCE:6,false,,,4,6,6,AET_LM;DIOSC_DMM;GAL_SMT;PAUL_AEG,Aetius;Dioscorides;Galen;Paul,diosc_full_v3;entries_full_v3;paul_full_v3,0.767,draft
αμανιτης,ἀμανίτης,αμανιτης,SUBSTANCE:1,false,,,1,1,1,GAL_ALIM,Galen,entries_full_v3,0.850,draft
αμαρακινον μυρον,ἀμαρακῖνον μύρον,αμαρακινον μυρον,SUBSTANCE:2,true,μυρον,,2,2,2,DIOSC_DMM;GAL_SMT,Dioscorides;Galen,diosc_full_v3;entries_full_v3,0.770,draft
αμαρακινου δε ανθους,ἀμαρακίνου δὲ ἄνθους,αμαρακινου δε ανθους,SUBSTANCE_PART:1,true,,,1,1,1,DIOSC_DMM,Dioscorides,diosc_full_v3,0.580,draft
αμαρακον,ἀμάρακον,αμαρακον,SUBSTANCE:7,false,,,5,7,7,AET_LM;DIOSC_DMM;GAL_SMT;ORIB_CM;PAUL_AEG,Aetius;Dioscorides;Galen;Oribasius;Paul,diosc_full_v3;entries_full_v3;paul_full_v3,0.871,draft
αμαρακος,ἀμάρακος,αμαρακος,SUBSTANCE:3,false,,,2,3,3,AET_LM;DIOSC_DMM,Aetius;Dioscorides,diosc_full_v3;entries_full_v3,0.833,draft
αμαρακου σπερματος,ἀμαράκου σπέρματος,αμαρακου σπερματος,SUBSTANCE_PART:1,true,,,1,1,1,AET_LM,Aetius,entries_full_v3,0.900,draft
αμαραντον,ἀμάραντον,αμαραντον,SUBSTANCE:6,false,,,5,6,6,AET_LM;DIOSC_DMM;GAL_SMT;ORIB_CM;PAUL_AEG,Aetius;Dioscorides;Galen;Oribasius;Paul,diosc_full_v3;entries_full_v3;paul_full_v3,0.903,draft
αμβροσια,ἀμβροσία,αμβροσια,SUBSTANCE:8,false,,,5,8,8,AET_LM;DIOSC_DMM;GAL_SMT;ORIB_CM;PAUL_AEG,Aetius;Dioscorides;Galen;Oribasius;Paul,diosc_full_v3;entries_full_v3;paul_full_v3,0.873,draft
αμερσινη,ἀμερσίνη,αμερσινη,SUBSTANCE:1,false,,,1,1,1,DIOSC_DMM,Dioscorides,diosc_full_v3,0.850,draft
αμεως,ἄμεως,αμεως,SUBSTANCE:1,false,,,1,1,1,AET_LM,Aetius,entries_full_v3,0.850,draft
αμεως το σπερμα,Ἄμεως τὸ σπέρμα,αμεως το σπερμα,SUBSTANCE_PART:1,true,,,1,1,1,AET_LM,Aetius,entries_full_v3,0.900,draft
αμι,ἄμι,αμι,SUBSTANCE:5,false,,,5,5,5,AET_LM;DIOSC_DMM;GAL_SMT;ORIB_CM;PAUL_AEG,Aetius;Dioscorides;Galen;Oribasius;Paul,diosc_full_v3;entries_full_v3;paul_full_v3,0.786,draft
αμια,ἀμία,αμια,SUBSTANCE:1,false,,,1,1,1,AET_LM,Aetius,entries_full_v3,0.550,draft
αμιαντον,ἀμίαντον,αμιαντον,SUBSTANCE:1,false,,κυπρος,1,1,1,PAUL_AEG,Paul,paul_full_v3,0.900,draft
αμικτος γη,ἄμικτος γῆ,αμικτος γη,SUBSTANCE:1,true,γη,,1,1,1,ORIB_CM,Oribasius,entries_full_v3,0.820,draft
αμινναια,Ἀμινναία,αμινναια,SUBSTANCE:1,false,,,1,1,1,DIOSC_DMM,Dioscorides,diosc_full_v3,0.550,draft
αμινναιος,Ἀμινναῖος,αμινναιος,SUBSTANCE:1,false,,,1,1,1,DIOSC_DMM,Dioscorides,diosc_full_v3,0.750,draft
αμμι,ἄμμι,αμμι,SUBSTANCE:1,false,,,1,1,1,DIOSC_DMM,Dioscorides,diosc_full_v3,0.600,draft
αμμος,ἄμμος,αμμος,SUBSTANCE:4,false,,,2,4,4,DIOSC_DMM;PAUL_AEG,Dioscorides;Paul,diosc_full_v3;paul_full_v3,0.863,draft
αμμωνιακον,ἀμμωνιακόν,αμμωνιακον,SUBSTANCE:9,false,,,5,9,9,AET_LM;DIOSC_DMM;GAL_SMT;ORIB_CM;PAUL_AEG,Aetius;Dioscorides;Galen;Oribasius;Paul,diosc_full_v3;entries_full_v3;paul_full_v3,0.847,draft
αμμωνιακον θυμιαμα,ἀμμωνιακὸν θυμίαμα,αμμωνιακον θυμιαμα,SUBSTANCE:1,true,θυμιαμα,,1,1,1,PAUL_AEG,Paul,paul_full_v3,0.900,draft
αμμωνιακον λεπτον,ἀμμωνιακόν λεπτόν,αμμωνιακον λεπτον,SUBSTANCE:1,true,αμμωνιακον,,1,1,1,PAUL_AEG,Paul,paul_full_v3,0.780,draft
αμμωνιακος,ἀμμωνιακός,αμμωνιακος,SUBSTANCE:1,false,,,1,1,1,DIOSC_DMM,Dioscorides,diosc_full_v3,0.860,draft
αμμωνιακος αλς,ἀμμωνιακὸς ἅλς,αμμωνιακος αλς,SUBSTANCE:2,true,αλς,,2,2,2,AET_LM;DIOSC_DMM,Aetius;Dioscorides,diosc_full_v3;entries_full_v3,0.850,draft
αμοργη,ἀμόργη,αμοργη,SUBSTANCE:8,false,,,5,8,8,AET_LM;DIOSC_DMM;GAL_SMT;ORIB_CM;PAUL_AEG,Aetius;Dioscorides;Galen;Oribasius;Paul,diosc_full_v3;entries_full_v3;paul_full_v3,0.860,draft
αμπαρ,ἄμπαρ,αμπαρ,SUBSTANCE:1,false,,,1,1,1,AET_LM,Aetius,entries_full_v3,0.620,draft
αμπελιτις,ἀμπελίτις,αμπελιτις,SUBSTANCE:2,false,,,2,2,2,ORIB_CM;PAUL_AEG,Oribasius;Paul,entries_full_v3;paul_full_v3,0.840,draft
αμπελιτις γη,ἀμπελῖτις γῆ,αμπελιτις γη,SUBSTANCE:4,true,γη,σελευκεια,4,4,4,AET_LM;DIOSC_DMM;GAL_SMT;ORIB_CM,Aetius;Dioscorides;Galen;Oribasius,diosc_full_v3;entries_full_v3,0.905,draft
αμπελοκαρπον,ἀμπελόκαρπον,αμπελοκαρπον,SUBSTANCE:1,false,,,1,1,1,DIOSC_DMM,Dioscorides,diosc_full_v3,0.850,draft
αμπελοπρασον,ἀμπελόπρασον,αμπελοπρασον,SUBSTANCE:6,false,,,6,6,6,AET_LM;DIOSC_DMM;GAL_ALIM;GAL_SMT;ORIB_CM;PAUL_AEG,Aetius;Dioscorides;Galen;Oribasius;Paul,diosc_full_v3;entries_full_v3;paul_full_v3,0.918,draft
αμπελος,ἄμπελος,αμπελος,SUBSTANCE:37,false,,,6,37,37,AET_LM;DIOSC_DMM;GAL_ALIM;GAL_SMT;ORIB_CM;PAUL_AEG,Aetius;Dioscorides;Galen;Oribasius;Paul,diosc_full_v3;entries_full_v3;paul_full_v3,0.818,draft
αμπελος αγρια,ἄμπελος ἀγρία,αμπελος αγρια,SUBSTANCE:8,true,αμπελος,,4,8,8,DIOSC_DMM;GAL_SMT;ORIB_CM;PAUL_AEG,Dioscorides;Galen;Oribasius;Paul,diosc_full_v3;entries_full_v3;paul_full_v3,0.835,draft
αμπελος ημερος,ἄμπελος ἥμερος,αμπελος ημερος,SUBSTANCE:3,true,αμπελος,,3,3,3,DIOSC_DMM;GAL_SMT;PAUL_AEG,Dioscorides;Galen;Paul,diosc_full_v3;entries_full_v3;paul_full_v3,0.797,draft
αμπελος λευκη,ἄμπελος λευκή,αμπελος λευκη,SUBSTANCE:7,true,αμπελος,,5,7,7,AET_LM;DIOSC_DMM;GAL_SMT;ORIB_CM;PAUL_AEG,Aetius;Dioscorides;Galen;Oribasius;Paul,diosc_full_v3;entries_full_v3;paul_full_v3,0.893,draft
αμπελος μελαινα,ἄμπελος μέλαινα,αμπελος μελαινα,SUBSTANCE:4,true,αμπελος,,4,4,4,DIOSC_DMM;GAL_SMT;ORIB_CM;PAUL_AEG,Dioscorides;Galen;Oribasius;Paul,diosc_full_v3;entries_full_v3;paul_full_v3,0.912,draft
αμπελος οινοφορος,ἄμπελος οἰνοφόρος,αμπελος οινοφορος,SUBSTANCE:2,true,αμπελος,,1,2,2,DIOSC_DMM,Dioscorides,diosc_full_v3,0.700,draft
αμπελος χειρωνιος,ἄμπελος χειρώνιος,αμπελος χειρωνιος,SUBSTANCE:1,true,αμπελος,,1,1,1,DIOSC_DMM,Dioscorides,diosc_full_v3,0.700,draft
αμπελου οινοφορου αι ελικες,ἀμπέλου οἰνοφόρου αἱ ἕλικες,αμπελου οινοφορου αι ελικες,SUBSTANCE_PART:1,true,,,1,1,1,DIOSC_DMM,Dioscorides,diosc_full_v3,0.860,draft
αμπελου οινοφορου τα φυλλα,ἀμπέλου οἰνοφόρου τὰ φύλλα,αμπελου οινοφορου τα φυλλα,SUBSTANCE_PART:1,true,,,1,1,1,DIOSC_DMM,Dioscorides,diosc_full_v3,0.880,draft
αμπελου φυλλοις,ἀμπέλου φύλλοις,αμπελου φυλλοις,SUBSTANCE_PART:1,true,,,1,1,1,DIOSC_DMM,Dioscorides,diosc_full_v3,0.820,draft
αμυγδαλη,ἀμυγδάλη,αμυγδαλη,SUBSTANCE:11,false,,,3,11,11,AET_LM;DIOSC_DMM;GAL_SMT,Aetius;Dioscorides;Galen,diosc_full_v3;entries_full_v3,0.729,draft
αμυγδαλη πικρα,ἀμυγδάλη πικρά,αμυγδαλη πικρα,SUBSTANCE:7,true,αμυγδαλη,,3,7,7,AET_LM;DIOSC_DMM;GAL_SMT,Aetius;Dioscorides;Galen,diosc_full_v3;entries_full_v3,0.833,draft
αμυγδαλης πικρας ριζα,ἀμυγδάλης πικρᾶς ῥίζα,αμυγδαλης πικρας ριζα,SUBSTANCE_PART:1,true,,,1,1,1,DIOSC_DMM,Dioscorides,diosc_full_v3,0.850,draft
αμυγδαλινον,ἀμυγδαλινόν,αμυγδαλινον,SUBSTANCE:2,false,,,2,2,2,DIOSC_DMM;GAL_SMT,Dioscorides;Galen,diosc_full_v3;entries_full_v3,0.740,draft
αμυγδαλινον ελαιον,ἀμυγδάλινον ἔλαιον,αμυγδαλινον ελαιον,SUBSTANCE:1,true,ελαιον,,1,1,1,DIOSC_DMM,Dioscorides,diosc_full_v3,0.950,draft
αμυγδαλινος,ἀμυγδάλινος,αμυγδαλινος,SUBSTANCE:1,false,,,1,1,1,ORIB_CM,Oribasius,entries_full_v3,0.840,draft
αμυγδαλιτης,ἀμυγδαλίτης,αμυγδαλιτης,SUBSTANCE:1,false,,,1,1,1,DIOSC_DMM,Dioscorides,diosc_full_v3,0.780,draft
αμυγδαλον,ἀμύγδαλον,αμυγδαλον,SUBSTANCE:12,false,,,5,12,12,AET_LM;DIOSC_DMM;GAL_SMT;ORIB_CM;PAUL_AEG,Aetius;Dioscorides;Galen;Oribasius;Paul,diosc_full_v3;entries_full_v3;paul_full_v3,0.883,draft
αμυγδαλον γλυκυ,ἀμύγδαλον γλυκύ,αμυγδαλον γλυκυ,SUBSTANCE:2,true,αμυγδαλον,,2,2,2,GAL_SMT;PAUL_AEG,Galen;Paul,entries_full_v3;paul_full_v3,0.835,draft
αμυγδαλον πικρον,ἀμύγδαλον πικρόν,αμυγδαλον πικρον,SUBSTANCE:8,true,αμυγδαλον,,5,8,8,AET_LM;DIOSC_DMM;GAL_SMT;ORIB_CM;PAUL_AEG,Aetius;Dioscorides;Galen;Oribasius;Paul,diosc_full_v3;entries_full_v3;paul_full_v3,0.835,draft
αμυγδαλος,ἀμύγδαλος,αμυγδαλος,SUBSTANCE:2,false,,,1,2,2,DIOSC_DMM,Dioscorides,diosc_full_v3,0.875,draft
αμυλον,ἄμυλον,αμυλον,SUBSTANCE:9,false,,,5,9,9,AET_LM;DIOSC_DMM;GAL_ALIM;ORIB_CM;PAUL_AEG,Aetius;Dioscorides;Galen;Oribasius;Paul,diosc_full_v3;entries_full_v3;paul_full_v3,0.844,draft
αμφιεσμα,ἀμφίεσμα,αμφιεσμα,SUBSTANCE_PART:3,false,,,3,3,3,AET_LM;GAL_SMT;ORIB_CM,Aetius;Galen;Oribasius,entries_full_v3,0.780,draft
αμωμις,ἀμωμίς,αμωμις,SUBSTANCE:1,false,,,1,1,1,DIOSC_DMM,Dioscorides,diosc_full_v3,0.900,draft
αμωμιτης,ἀμωμίτης,αμωμιτης,SUBSTANCE:1,false,,,1,1,1,DIOSC_DMM,Dioscorides,diosc_full_v3,0.700,draft
αμωμον,ἄμωμον,αμωμον,SUBSTANCE:12,false,,,5,12,12,AET_LM;DIOSC_DMM;GAL_SMT;ORIB_CM;PAUL_AEG,Aetius;Dioscorides;Galen;Oribasius;Paul,diosc_full_v3;entries_full_v3;paul_full_v3,0.921,draft
αμωμου φυλλον,ἀμώμου φύλλον,αμωμου φυλλον,SUBSTANCE_PART:1,true,,,1,1,1,AET_LM,Aetius,entries_full_v3,0.780,draft
αναβασιον,ἀναβάσιον,αναβασιον,SUBSTANCE:1,false,,,1,1,1,DIOSC_DMM,Dioscorides,diosc_full_v3,0.900,draft
αναβραστον υδωρ,ἀναβραστὸν ὕδωρ,αναβραστον υδωρ,SUBSTANCE:1,true,υδωρ,,1,1,1,DIOSC_DMM,Dioscorides,diosc_full_v3,0.750,draft
αναγαλλις,ἀναγαλλίς,αναγαλλις,SUBSTANCE:8,false,,,5,8,8,AET_LM;DIOSC_DMM;GAL_SMT;ORIB_CM;PAUL_AEG,Aetius;Dioscorides;Galen;Oribasius;Paul,diosc_full_v3;entries_full_v3;paul_full_v3,0.853,draft
αναγαλλις κυανεα,ἀναγαλλίς κυανέα,αναγαλλις κυανεα,SUBSTANCE:1,true,αναγαλλις,,1,1,1,DIOSC_DMM,Dioscorides,diosc_full_v3,0.750,draft
αναγυρις,ἀνάγυρις,αναγυρις,SUBSTANCE:1,false,,,1,1,1,ORIB_CM,Oribasius,entries_full_v3,0.950,draft
αναγυρος,ἀνάγυρος,αναγυρος,SUBSTANCE:3,false,,,3,3,3,DIOSC_DMM;GAL_SMT;PAUL_AEG,Dioscorides;Galen;Paul,diosc_full_v3;entries_full_v3;paul_full_v3,0.950,draft
αναδενδρομαλαχη,ἀναδενδρομαλάχη,αναδενδρομαλαχη,SUBSTANCE:2,false,,,2,2,2,AET_LM;ORIB_CM,Aetius;Oribasius,entries_full_v3,0.875,draft
αναξυρις,ἀναξυρίς,αναξυρις,SUBSTANCE:1,false,,,1,1,1,DIOSC_DMM,Dioscorides,diosc_full_v3,0.750,draft
αναρρινον,ἀνάρρινον,αναρρινον,SUBSTANCE:3,false,,,3,3,3,DIOSC_DMM;GAL_SMT;PAUL_AEG,Dioscorides;Galen;Paul,diosc_full_v3;entries_full_v3;paul_full_v3,0.873,draft
ανδραφαξυος,ἀνδραφάξυος,ανδραφαξυος,SUBSTANCE:1,false,,,1,1,1,DIOSC_DMM,Dioscorides,diosc_full_v3,0.600,draft
ανδραφαξυς,ἀνδράφαξυς,ανδραφαξυς,SUBSTANCE:1,false,,,1,1,1,DIOSC_DMM,Dioscorides,diosc_full_v3,0.950,draft
ανδραχνη,ἀνδράχνη,ανδραχνη,SUBSTANCE:16,false,,,5,16,16,AET_LM;DIOSC_DMM;GAL_SMT;ORIB_CM;PAUL_AEG,Aetius;Dioscorides;Galen;Oribasius;Paul,diosc_full_v3;entries_full_v3;paul_full_v3,0.851,draft
ανδραχνη αγρια,ἀνδράχνη ἀγρία,ανδραχνη αγρια,SUBSTANCE:3,true,ανδραχνη,,1,3,3,DIOSC_DMM,Dioscorides,diosc_full_v3,0.797,draft
ανδροσαιμον,ἀνδρόσαιμον,ανδροσαιμον,SUBSTANCE:10,false,,,5,10,10,AET_LM;DIOSC_DMM;GAL_SMT;ORIB_CM;PAUL_AEG,Aetius;Dioscorides;Galen;Oribasius;Paul,diosc_full_v3;entries_full_v3;paul_full_v3,0.847,draft
ανδροσακες,ἀνδρόσακες,ανδροσακες,SUBSTANCE:4,false,,συρια,4,4,4,DIOSC_DMM;GAL_SMT;ORIB_CM;PAUL_AEG,Dioscorides;Galen;Oribasius;Paul,diosc_full_v3;entries_full_v3;paul_full_v3,0.855,draft
ανεμωνη,ἀνεμώνη,ανεμωνη,SUBSTANCE:11,false,,,5,11,11,AET_LM;DIOSC_DMM;GAL_SMT;ORIB_CM;PAUL_AEG,Aetius;Dioscorides;Galen;Oribasius;Paul,diosc_full_v3;entries_full_v3;paul_full_v3,0.852,draft
ανεμωνη αγρια,ἀνεμώνη ἀγρία,ανεμωνη αγρια,SUBSTANCE:1,true,ανεμωνη,,1,1,1,DIOSC_DMM,Dioscorides,diosc_full_v3,0.850,draft
ανεμωνη ημερος,ἀνεμώνη ἥμερος,ανεμωνη ημερος,SUBSTANCE:1,true,ανεμωνη,,1,1,1,DIOSC_DMM,Dioscorides,diosc_full_v3,0.850,draft
ανηθινον ελαιον,ἀνήθινον ἔλαιον,ανηθινον ελαιον,SUBSTANCE:1,true,ελαιον,,1,1,1,AET_LM,Aetius,entries_full_v3,0.720,draft
ανηθον,ἄνηθον,ανηθον,SUBSTANCE:32,false,,,6,32,32,AET_LM;DIOSC_DMM;GAL_ALIM;GAL_SMT;ORIB_CM;PAUL_AEG,Aetius;Dioscorides;Galen;Oribasius;Paul,diosc_full_v3;entries_full_v3;paul_full_v3,0.855,draft
ανηθον ξηρον,ἄνηθον ξηρόν,ανηθον ξηρον,SUBSTANCE:1,true,ανηθον,,1,1,1,DIOSC_DMM,Dioscorides,diosc_full_v3,0.750,draft
ανηθος,ἄνηθος,ανηθος,SUBSTANCE:1,false,,,1,1,1,AET_LM,Aetius,entries_full_v3,0.900,draft
ανηθου ανθος,ἀνήθου ἄνθος,ανηθου ανθος,SUBSTANCE_PART:1,true,,,1,1,1,DIOSC_DMM,Dioscorides,diosc_full_v3,0.920,draft
ανηθου ριζης,ἀνήθου ῥίζης,ανηθου ριζης,SUBSTANCE_PART:2,true,,,2,2,2,AET_LM;GAL_SMT,Aetius;Galen,entries_full_v3,0.800,draft
ανηθου σπερματος,ἀνήθου σπέρματος,ανηθου σπερματος,SUBSTANCE_PART:1,true,,,1,1,1,DIOSC_DMM,Dioscorides,diosc_full_v3,0.850,draft
ανησον,ἄνησον,ανησον,SUBSTANCE:4,false,,,1,4,4,DIOSC_DMM,Dioscorides,diosc_full_v3,0.680,draft
ανησσον,ἄνησσον,ανησσον,SUBSTANCE:2,false,,,1,2,2,DIOSC_DMM,Dioscorides,diosc_full_v3,0.675,draft
ανθει,ἄνθει,ανθει,SUBSTANCE_PART:6,false,,,5,6,6,AET_LM;DIOSC_DMM;GAL_SMT;ORIB_CM;PAUL_AEG,Aetius;Dioscorides;Galen;Oribasius;Paul,diosc_full_v3;entries_full_v3;paul_full_v3,0.872,draft
ανθει οριγανω,ἄνθει ὀριγάνῳ,ανθει οριγανω,SUBSTANCE_PART:1,true,,,1,1,1,DIOSC_DMM,Dioscorides,diosc_full_v3,0.650,draft
ανθεμις,ἀνθεμίς,ανθεμις,SUBSTANCE:10,false,,,5,10,10,AET_LM;DIOSC_DMM;GAL_SMT;ORIB_CM;PAUL_AEG,Aetius;Dioscorides;Galen;Oribasius;Paul,diosc_full_v3;entries_full_v3;paul_full_v3,0.821,draft
ανθερικον,ἀνθερικόν,ανθερικον,SUBSTANCE:1,false,,,1,1,1,DIOSC_DMM,Dioscorides,diosc_full_v3,0.700,draft
ανθερικος,ἀνθερικός,ανθερικος,SUBSTANCE:1,false,,,1,1,1,DIOSC_DMM,Dioscorides,diosc_full_v3,0.820,draft
ανθεσι,ἄνθεσι,ανθεσι,SUBSTANCE_PART:2,false,,,2,2,2,DIOSC_DMM;GAL_SMT,Dioscorides;Galen,diosc_full_v3;entries_full_v3,0.825,draft
ανθεσιν,ἄνθεσιν,ανθεσιν,SUBSTANCE_PART:4,false,,,3,4,4,AET_LM;DIOSC_DMM;GAL_SMT,Aetius;Dioscorides;Galen,diosc_full_v3;entries_full_v3,0.807,draft
ανθεων,ἀνθέων,ανθεων,SUBSTANCE_PART:1,false,,,1,1,1,DIOSC_DMM,Dioscorides,diosc_full_v3,0.750,draft
ανθη,ἄνθη,ανθη,SUBSTANCE_PART:87,false,,,5,86,87,AET_LM;DIOSC_DMM;GAL_SMT;ORIB_CM;PAUL_AEG,Aetius;Dioscorides;Galen;Oribasius;Paul,diosc_full_v3;entries_full_v3;paul_full_v3,0.834,draft
ανθη πταρμικης,ἄνθη πταρμικῆς,ανθη πταρμικης,SUBSTANCE_PART:2,true,,,2,2,2,GAL_SMT;ORIB_CM,Galen;Oribasius,entries_full_v3,0.875,draft
ανθηλη,ἀνθήλη,ανθηλη,SUBSTANCE_PART:1,false,,,1,1,1,DIOSC_DMM,Dioscorides,diosc_full_v3,0.850,draft
ανθηλην,ἀνθήλην,ανθηλην,SUBSTANCE_PART:2,false,,,2,2,2,DIOSC_DMM;GAL_SMT,Dioscorides;Galen,diosc_full_v3;entries_full_v3,0.675,draft
ανθος,ἄνθος,ανθος,SUBSTANCE:9;SUBSTANCE_PART:97,false,,ιδη;παρνασσος,5,106,106,AET_LM;DIOSC_DMM;GAL_SMT;ORIB_CM;PAUL_AEG,Aetius;Dioscorides;Galen;Oribasius;Paul,diosc_full_v3;entries_full_v3;paul_full_v3,0.810,draft
ανθος αγριας ροας,ἄνθος ἀγρίας ῥόας,ανθος αγριας ροας,SUBSTANCE_PART:1,true,,,1,1,1,DIOSC_DMM,Dioscorides,diosc_full_v3,0.850,draft
ανθος αγριας ροιας,ἄνθος ἀγρίας ῥοιᾶς,ανθος αγριας ροιας,SUBSTANCE_PART:2,true,,,2,2,2,GAL_SMT;PAUL_AEG,Galen;Paul,entries_full_v3;paul_full_v3,0.865,draft
ανθος αλος,ἄνθος ἁλός,ανθος αλος,SUBSTANCE:1,true,ανθος,,1,1,1,DIOSC_DMM,Dioscorides,diosc_full_v3,0.850,draft
ανθος ασκιου λιθου,ἄνθος Ἀσκίου λίθου,ανθος ασκιου λιθου,SUBSTANCE:1,true,ανθος,,1,1,1,DIOSC_DMM,Dioscorides,diosc_full_v3,0.500,draft
ανθος βατου,ἄνθος βάτου,ανθος βατου,SUBSTANCE_PART:1,true,,,1,1,1,GAL_SMT,Galen,entries_full_v3,0.900,draft
ανθος εμπορφυρον,ἄνθος ἐμπόρφυρον,ανθος εμπορφυρον,SUBSTANCE_PART:1,true,,,1,1,1,AET_LM,Aetius,entries_full_v3,0.760,draft
ανθος θυμου του σκληροτερου,ἄνθος θύμου τοῦ σκληροτέρου,ανθος θυμου του σκληροτερου,SUBSTANCE_PART:1,true,,,1,1,1,DIOSC_DMM,Dioscorides,diosc_full_v3,0.880,draft
ανθος της λεπιδος,ἄνθος τῆς λεπίδος,ανθος της λεπιδος,SUBSTANCE_PART:1,true,,,1,1,1,DIOSC_DMM,Dioscorides,diosc_full_v3,0.800,draft
ανθος των ροδων,ἄνθος τῶν ῥόδων,ανθος των ροδων,SUBSTANCE_PART:1,true,,,1,1,1,ORIB_CM,Oribasius,entries_full_v3,0.850,draft
ανθος χαλκου,ἄνθος χαλκοῦ,ανθος χαλκου,SUBSTANCE:3,true,ανθος,,2,3,3,DIOSC_DMM;ORIB_CM,Dioscorides;Oribasius,diosc_full_v3;entries_full_v3,0.873,draft
ανθους,ἄνθους,ανθους,SUBSTANCE_PART:7,false,,,3,7,7,AET_LM;DIOSC_DMM;GAL_SMT,Aetius;Dioscorides;Galen,diosc_full_v3;entries_full_v3,0.756,draft
ανθους κυπρου,ἄνθους κύπρου,ανθους κυπρου,SUBSTANCE_PART:1,true,,,1,1,1,DIOSC_DMM,Dioscorides,diosc_full_v3,0.900,draft
ανθρακια,ἀνθρακιά,ανθρακια,SUBSTANCE:1,false,,,1,1,1,DIOSC_DMM,Dioscorides,diosc_full_v3,0.850,draft
ανθραξ,ἄνθραξ,ανθραξ,SUBSTANCE:27,false,,,3,27,27,AET_LM;DIOSC_DMM;GAL_SMT,Aetius;Dioscorides;Galen,diosc_full_v3;entries_full_v3,0.752,draft
ανθρωπεια κοπρος,ἀνθρωπεία κόπρος,ανθρωπεια κοπρος,SUBSTANCE:3,true,κοπρος,,2,3,3,AET_LM;GAL_SMT,Aetius;Galen,entries_full_v3,0.900,draft
ανθρωπειον αιμα,ἀνθρώπειον αἷμα,ανθρωπειον αιμα,SUBSTANCE:1,true,αιμα,,1,1,1,GAL_SMT,Galen,entries_full_v3,0.860,draft
ανθρωπειον ουρον,ἀνθρώπειον οὖρον,ανθρωπειον ουρον,SUBSTANCE:1,true,ουρον,,1,1,1,GAL_SMT,Galen,entries_full_v3,0.900,draft
ανθρωπειος κοπρος,ἀνθρώπειος κόπρος,ανθρωπειος κοπρος,SUBSTANCE:1,true,κοπρος,,1,1,1,AET_LM,Aetius,entries_full_v3,0.780,draft
ανθρωπειος ρυπος,ἀνθρώπειος ῥύπος,ανθρωπειος ρυπος,SUBSTANCE:1,true,ρυπος,,1,1,1,GAL_SMT,Galen,entries_full_v3,0.800,draft
ανθρωπος,ἄνθρωπος,ανθρωπος,SUBSTANCE:1,false,,,1,1,1,GAL_SMT,Galen,entries_full_v3,0.780,draft
ανθυλλια,ἀνθύλλια,ανθυλλια,SUBSTANCE_PART:1,false,,,1,1,1,DIOSC_DMM,Dioscorides,diosc_full_v3,0.720,draft
ανθυλλιον,ἀνθύλλιον,ανθυλλιον,SUBSTANCE_PART:1,false,,,1,1,1,DIOSC_DMM,Dioscorides,diosc_full_v3,0.840,draft
ανθυλλιος,ἀνθύλλιος,ανθυλλιος,SUBSTANCE:2,false,,,2,2,2,ORIB_CM;PAUL_AEG,Oribasius;Paul,entries_full_v3;paul_full_v3,0.885,draft
ανθυλλις,ἀνθυλλίς,ανθυλλις,SUBSTANCE:2,false,,,2,2,2,DIOSC_DMM;GAL_SMT,Dioscorides;Galen,diosc_full_v3;entries_full_v3,0.935,draft
ανθων,ἀνθῶν,ανθων,SUBSTANCE_PART:4,false,,,3,4,4,DIOSC_DMM;GAL_SMT;PAUL_AEG,Dioscorides;Galen;Paul,diosc_full_v3;entries_full_v3;paul_full_v3,0.762,draft
ανθων της ναρκισσου,ἀνθῶν τῆς ναρκίσσου,ανθων της ναρκισσου,SUBSTANCE_PART:1,true,,,1,1,1,AET_LM,Aetius,entries_full_v3,0.850,draft
ανθων της χαμαιμηλου,ἀνθῶν τῆς χαμαιμήλου,ανθων της χαμαιμηλου,SUBSTANCE_PART:1,true,,,1,1,1,AET_LM,Aetius,entries_full_v3,0.900,draft
ανθων του ιου,ἀνθῶν τοῦ ἴου,ανθων του ιου,SUBSTANCE_PART:2,true,,,1,2,2,AET_LM,Aetius,entries_full_v3,0.825,draft
ανισον,ἄνισον,ανισον,SUBSTANCE:8,false,,,3,8,8,AET_LM;GAL_SMT;PAUL_AEG,Aetius;Galen;Paul,entries_full_v3;paul_full_v3,0.894,draft
ανισον σπερματα,ἄνισον σπέρματα,ανισον σπερματα,SUBSTANCE_PART:1,true,,,1,1,1,AET_LM,Aetius,entries_full_v3,0.700,draft
ανισου το σπερμα,ἀνίσου τὸ σπέρμα,ανισου το σπερμα,SUBSTANCE_PART:3,true,,,3,3,3,AET_LM;GAL_SMT;PAUL_AEG,Aetius;Galen;Paul,entries_full_v3;paul_full_v3,0.917,draft
αννησον,ἄννησον,αννησον,SUBSTANCE:1,false,,,1,1,1,ORIB_CM,Oribasius,entries_full_v3,0.920,draft
αννησου σπερμα,Ἀννήσου σπέρμα,αννησου σπερμα,SUBSTANCE_PART:1,true,,,1,1,1,ORIB_CM,Oribasius,entries_full_v3,0.900,draft
ανσσον,ἄνσσον,ανσσον,SUBSTANCE:1,false,,,1,1,1,DIOSC_DMM,Dioscorides,diosc_full_v3,0.860,draft
αντιθεσιον,ἀντιθέσιον,αντιθεσιον,SUBSTANCE:1,false,,,1,1,1,DIOSC_DMM,Dioscorides,diosc_full_v3,0.800,draft
αντικυραικος ελλεβορος,ἀντικυραϊκός ἑλλέβορος,αντικυραικος ελλεβορος,SUBSTANCE:1,true,ελλεβορος,αντικυρα,1,1,1,ORIB_CM,Oribasius,entries_full_v3,0.800,draft
αντικυρικος,Ἀντικυρικός,αντικυρικος,SUBSTANCE:1,false,,,1,1,1,DIOSC_DMM,Dioscorides,diosc_full_v3,0.600,draft
αντικυρικος ελλεβορος,Ἀντικυρικός ἐλλέβορος,αντικυρικος ελλεβορος,SUBSTANCE:1,true,ελλεβορος,,1,1,1,GAL_SMT,Galen,entries_full_v3,0.850,draft
αντιμιμον,ἀντίμιμον,αντιμιμον,SUBSTANCE:1,false,,,1,1,1,DIOSC_DMM,Dioscorides,diosc_full_v3,0.850,draft
αντιπαθες κουραλιον,ἀντιπαθὲς κουράλιον,αντιπαθες κουραλιον,SUBSTANCE:1,true,κουραλιον,,1,1,1,DIOSC_DMM,Dioscorides,diosc_full_v3,0.900,draft
αντιρρινον,ἀντίρρινον,αντιρρινον,SUBSTANCE:2,false,,,2,2,2,DIOSC_DMM;PAUL_AEG,Dioscorides;Paul,diosc_full_v3;paul_full_v3,0.940,draft
αντιρριον,ἀντίρριον,αντιρριον,SUBSTANCE:1,false,,,1,1,1,GAL_SMT,Galen,entries_full_v3,0.920,draft
ανυδρον,ἄνυδρον,ανυδρον,SUBSTANCE:1,false,,,1,1,1,DIOSC_DMM,Dioscorides,diosc_full_v3,0.780,draft
ανωθεν ριζα,ἄνωθεν ῥίζα,ανωθεν ριζα,SUBSTANCE_PART:1,true,,,1,1,1,DIOSC_DMM,Dioscorides,diosc_full_v3,0.860,draft
ανωνις,ἀνωνίς,ανωνις,SUBSTANCE:2,false,,,2,2,2,DIOSC_DMM;PAUL_AEG,Dioscorides;Paul,diosc_full_v3;paul_full_v3,0.875,draft
αξαλις,ἀξαλίς,αξαλις,SUBSTANCE:1,false,,,1,1,1,DIOSC_DMM,Dioscorides,diosc_full_v3,0.750,draft
αξουγγιον,ἀξούγγιον,αξουγγιον,SUBSTANCE:1,false,,,1,1,1,GAL_SMT,Galen,entries_full_v3,0.860,draft
αξυκρατον,ἀξυκράτον,αξυκρατον,SUBSTANCE:1,false,,,1,1,1,DIOSC_DMM,Dioscorides,diosc_full_v3,0.700,draft
αξυλαπαθον,ἀξυλάπαθον,αξυλαπαθον,SUBSTANCE:1,false,,,1,1,1,DIOSC_DMM,Dioscorides,diosc_full_v3,0.850,draft
απαλοι κλωνες,ἁπαλοὶ κλῶνες,απαλοι κλωνες,SUBSTANCE_PART:1,true,,,1,1,1,GAL_SMT,Galen,entries_full_v3,0.800,draft
απαλοις φυλλοις,ἁπαλοῖς φύλλοις,απαλοις φυλλοις,SUBSTANCE_PART:1,true,,,1,1,1,GAL_SMT,Galen,entries_full_v3,0.860,draft
απαλος πετραιος,ἁπαλὸς πετραῖος,απαλος πετραιος,SUBSTANCE:1,true,πετραιος,,1,1,1,PAUL_AEG,Paul,paul_full_v3,0.600,draft
απαρινη,ἀπαρίνη,απαρινη,SUBSTANCE:9,false,,,5,9,9,AET_LM;DIOSC_DMM;GAL_SMT;ORIB_CM;PAUL_AEG,Aetius;Dioscorides;Galen;Oribasius;Paul,diosc_full_v3;entries_full_v3;paul_full_v3,0.882,draft
απιον,ἄπιον,απιον,SUBSTANCE:4,false,,,3,4,4,AET_LM;DIOSC_DMM;ORIB_CM,Aetius;Dioscorides;Oribasius,diosc_full_v3;entries_full_v3,0.820,draft
απιος,ἄπιος,απιος,SUBSTANCE:13,false,,,6,13,13,AET_LM;DIOSC_DMM;GAL_ALIM;GAL_SMT;ORIB_CM;PAUL_AEG,Aetius;Dioscorides;Galen;Oribasius;Paul,diosc_full_v3;entries_full_v3;paul_full_v3,0.798,draft
απιου ακρεμονες,Ἀπίου ἀκρέμονες,απιου ακρεμονες,SUBSTANCE_PART:1,true,,,1,1,1,ORIB_CM,Oribasius,entries_full_v3,0.780,draft
απιου ακρεμουες,ἀπίου ἀκρέμουες,απιου ακρεμουες,SUBSTANCE_PART:1,true,,,1,1,1,GAL_SMT,Galen,entries_full_v3,0.700,draft
απιου καρπος,Ἀπίου καρπός,απιου καρπος,SUBSTANCE_PART:1,true,,,1,1,1,ORIB_CM,Oribasius,entries_full_v3,0.860,draft
απιου φυλλα,ἀπίου φύλλα,απιου φυλλα,SUBSTANCE_PART:2,true,,,2,2,2,GAL_SMT;ORIB_CM,Galen;Oribasius,entries_full_v3,0.800,draft
απλον φαρμακον,ἁπλὸν φάρμακον,απλον φαρμακον,SUBSTANCE:2,true,φαρμακον,,1,2,2,GAL_SMT,Galen,entries_full_v3,0.875,draft
απλους καδμεια,ἁπλοῦς καδμεία,απλους καδμεια,SUBSTANCE:1,true,καδμεια,,1,1,1,DIOSC_DMM,Dioscorides,diosc_full_v3,0.700,draft
αποκυνον,ἀπόκυνον,αποκυνον,SUBSTANCE:4,false,,,4,4,4,DIOSC_DMM;GAL_SMT;ORIB_CM;PAUL_AEG,Dioscorides;Galen;Oribasius;Paul,diosc_full_v3;entries_full_v3;paul_full_v3,0.920,draft
απολινον,ἀπόλινον,απολινον,SUBSTANCE:1,false,,,1,1,1,DIOSC_DMM,Dioscorides,diosc_full_v3,0.800,draft
αποπατημα,ἀποπάτημα,αποπατημα,SUBSTANCE:3,false,,,2,3,3,AET_LM;GAL_SMT,Aetius;Galen,entries_full_v3,0.817,draft
αποπατημα ανθρωπος,ἀπόπατημα ἄνθρωπος,αποπατημα ανθρωπος,SUBSTANCE:1,true,αποπατημα,,1,1,1,AET_LM,Aetius,entries_full_v3,0.700,draft
αποπατημα μυων,ἀποπάτημα μυῶν,αποπατημα μυων,SUBSTANCE:1,true,αποπατημα,,1,1,1,GAL_SMT,Galen,entries_full_v3,0.750,draft
αποπατος,ἀπόπατος,αποπατος,SUBSTANCE:2,false,,,2,2,2,DIOSC_DMM;GAL_SMT,Dioscorides;Galen,diosc_full_v3;entries_full_v3,0.765,draft
αποπατος αγριων περιστερων,ἀπόπατος ἀγρίων περιστερῶν,αποπατος αγριων περιστερων,SUBSTANCE:1,true,αποπατος,,1,1,1,GAL_SMT,Galen,entries_full_v3,0.700,draft
αποπατος βοος νομαδος,ἀπόπατος βοός νομάδος,αποπατος βοος νομαδος,SUBSTANCE:1,true,αποπατος,,1,1,1,DIOSC_DMM,Dioscorides,diosc_full_v3,0.720,draft
αποφυσεις,ἀποφύσεις,αποφυσεις,SUBSTANCE_PART:1,false,,,1,1,1,DIOSC_DMM,Dioscorides,diosc_full_v3,0.750,draft
αποχυμα,ἀπόχυμα,αποχυμα,SUBSTANCE:1,false,,,1,1,1,PAUL_AEG,Paul,paul_full_v3,0.930,draft
απτερος ακρις,ἄπτερος ἀκρίς,απτερος ακρις,SUBSTANCE:1,true,ακρις,,1,1,1,PAUL_AEG,Paul,paul_full_v3,0.860,draft
αραβικη μυροβαλανος,Ἀραβικὴ μυροβάλανος,αραβικη μυροβαλανος,SUBSTANCE:1,true,μυροβαλανος,αραβια,1,1,1,DIOSC_DMM,Dioscorides,diosc_full_v3,0.780,draft
αραβικον ξυλον,ἀραβικὸν ξύλον,αραβικον ξυλον,SUBSTANCE:1,true,ξυλον,,1,1,1,DIOSC_DMM,Dioscorides,diosc_full_v3,0.750,draft
αραβικος,Ἀραβικός,αραβικος,SUBSTANCE:3,false,,αραβια,3,3,3,AET_LM;DIOSC_DMM;GAL_SMT,Aetius;Dioscorides;Galen,diosc_full_v3;entries_full_v3,0.650,draft
αραβικος λιθος,ἀραβικὸς λίθος,αραβικος λιθος,SUBSTANCE:1,true,λιθος,,1,1,1,DIOSC_DMM,Dioscorides,diosc_full_v3,0.820,draft
αραβικου ξυλου δακρυον,Ἀραβικοῦ ξύλου δάκρυόν,αραβικου ξυλου δακρυον,SUBSTANCE_PART:1,true,,,1,1,1,DIOSC_DMM,Dioscorides,diosc_full_v3,0.750,draft
αραβιος,Ἀράβιος,αραβιος,SUBSTANCE:2,false,,αραβια,2,2,2,GAL_SMT;PAUL_AEG,Galen;Paul,entries_full_v3;paul_full_v3,0.775,draft
αραβιος λιθος,Ἀράβιος λίθος,αραβιος λιθος,SUBSTANCE:2,true,λιθος,,2,2,2,GAL_SMT;ORIB_CM,Galen;Oribasius,entries_full_v3,0.875,draft
αρακος,ἄρακος,αρακος,SUBSTANCE:2,false,,,2,2,2,AET_LM;GAL_ALIM,Aetius;Galen,entries_full_v3,0.880,draft
αρας,ἄρας,αρας,SUBSTANCE:1,false,,,1,1,1,DIOSC_DMM,Dioscorides,diosc_full_v3,0.750,draft
αραχνη,ἀράχνη,αραχνη,SUBSTANCE:2,false,,,2,2,2,DIOSC_DMM;PAUL_AEG,Dioscorides;Paul,diosc_full_v3;paul_full_v3,0.910,draft
αραχος,ἄραχος,αραχος,SUBSTANCE:1,false,,,1,1,1,GAL_ALIM,Galen,entries_full_v3,0.740,draft
αργεμονη,ἀργεμόνη,αργεμονη,SUBSTANCE:1,false,,,1,1,1,GAL_SMT,Galen,entries_full_v3,0.950,draft
αργεμωνη,ἀργεμώνη,αργεμωνη,SUBSTANCE:5,false,,,3,5,5,DIOSC_DMM;ORIB_CM;PAUL_AEG,Dioscorides;Oribasius;Paul,diosc_full_v3;entries_full_v3;paul_full_v3,0.934,draft
αργεμωνη αρσην,ἀργεμώνη ἄρσην,αργεμωνη αρσην,SUBSTANCE:1,true,αργεμωνη,,1,1,1,DIOSC_DMM,Dioscorides,diosc_full_v3,0.750,draft
αργεμωνη ετερα,ἀργεμώνη ἑτέρα,αργεμωνη ετερα,SUBSTANCE:1,true,αργεμωνη,,1,1,1,DIOSC_DMM,Dioscorides,diosc_full_v3,0.820,draft
αργεμωνιαμ,ἀργεμώνιαμ,αργεμωνιαμ,SUBSTANCE:1,false,,,1,1,1,DIOSC_DMM,Dioscorides,diosc_full_v3,0.620,draft
αργεμωνιον,ἀργεμώνιον,αργεμωνιον,SUBSTANCE:2,false,,,1,2,2,DIOSC_DMM,Dioscorides,diosc_full_v3,0.850,draft
αργιλος,ἄργιλος,αργιλος,SUBSTANCE:1,false,,,1,1,1,GAL_SMT,Galen,entries_full_v3,0.800,draft
αργυριον,ἀργύριον,αργυριον,SUBSTANCE:2,false,,,1,2,2,GAL_SMT,Galen,entries_full_v3,0.815,draft
αργυριτις,ἀργυρῖτις,αργυριτις,SUBSTANCE:2,false,,,1,2,2,DIOSC_DMM,Dioscorides,diosc_full_v3,0.825,draft
αργυριτις γη,ἀργυρῖτις γῆ,αργυριτις γη,SUBSTANCE:1,true,γη,,1,1,1,GAL_SMT,Galen,entries_full_v3,0.850,draft
αργυριτις ψαμμος,ἀργυρίτις ψάμμος,αργυριτις ψαμμος,SUBSTANCE:1,true,ψαμμος,,1,1,1,DIOSC_DMM,Dioscorides,diosc_full_v3,0.750,draft
αργυρος,ἄργυρος,αργυρος,SUBSTANCE:9,false,,,4,9,9,AET_LM;DIOSC_DMM;GAL_SMT;PAUL_AEG,Aetius;Dioscorides;Galen;Paul,diosc_full_v3;entries_full_v3;paul_full_v3,0.843,draft
αρην,ἀρήν,αρην,SUBSTANCE:1,false,,,1,1,1,AET_LM,Aetius,entries_full_v3,0.750,draft
αρθογυιον,ἀρθόγυιον,αρθογυιον,SUBSTANCE:1,false,,,1,1,1,DIOSC_DMM,Dioscorides,diosc_full_v3,0.760,draft
αριγανον,ἀρίγανον,αριγανον,SUBSTANCE:1,false,,,1,1,1,DIOSC_DMM,Dioscorides,diosc_full_v3,0.850,draft
αριουσιος,Ἀριούσιος,αριουσιος,SUBSTANCE:1,false,,,1,1,1,DIOSC_DMM,Dioscorides,diosc_full_v3,0.750,draft
αρισαρον,ἀρίσαρον,αρισαρον,SUBSTANCE:4,false,,,4,4,4,DIOSC_DMM;GAL_SMT;ORIB_CM;PAUL_AEG,Dioscorides;Galen;Oribasius;Paul,diosc_full_v3;entries_full_v3;paul_full_v3,0.950,draft
αριστη κασια,ἀρίστη κασία,αριστη κασια,SUBSTANCE:1,true,κασια,,1,1,1,GAL_SMT,Galen,entries_full_v3,0.840,draft
αριστολοχεια,ἀριστολοχεία,αριστολοχεια,SUBSTANCE:5,false,,,2,5,5,DIOSC_DMM;ORIB_CM,Dioscorides;Oribasius,diosc_full_v3;entries_full_v3,0.810,draft
αριστολοχειας ριζα,Ἀριστολοχείας ῥίζα,αριστολοχειας ριζα,SUBSTANCE_PART:1,true,,,1,1,1,ORIB_CM,Oribasius,entries_full_v3,0.850,draft
αριστολοχια,ἀριστολοχία,αριστολοχια,SUBSTANCE:6,false,,,4,6,6,AET_LM;DIOSC_DMM;GAL_SMT;PAUL_AEG,Aetius;Dioscorides;Galen;Paul,diosc_full_v3;entries_full_v3;paul_full_v3,0.850,draft
αριστολοχια επιμηκης,ἀριστολοχία ἐπιμήκης,αριστολοχια επιμηκης,SUBSTANCE:1,true,αριστολοχια,,1,1,1,DIOSC_DMM,Dioscorides,diosc_full_v3,0.650,draft
αριστολοχια κληματιτις,ἀριστολοχία κληματῖτις,αριστολοχια κληματιτις,SUBSTANCE:1,true,αριστολοχια,,1,1,1,PAUL_AEG,Paul,paul_full_v3,0.880,draft
αριστολοχια μακρα,ἀριστολοχία μακρά,αριστολοχια μακρα,SUBSTANCE:3,true,αριστολοχια,,2,3,3,AET_LM;PAUL_AEG,Aetius;Paul,entries_full_v3;paul_full_v3,0.850,draft
αριστολοχια στρογγυλη,ἀριστολοχία στρογγύλη,αριστολοχια στρογγυλη,SUBSTANCE:1,true,αριστολοχια,,1,1,1,PAUL_AEG,Paul,paul_full_v3,0.900,draft
αριστολοχιας ριζα,ἀριστολοχίας ῥίζα,αριστολοχιας ριζα,SUBSTANCE_PART:2,true,,,2,2,2,AET_LM;GAL_SMT,Aetius;Galen,entries_full_v3,0.890,draft
αρκειος,ἄρκειος,αρκειος,SUBSTANCE:1,false,,,1,1,1,DIOSC_DMM,Dioscorides,diosc_full_v3,0.760,draft
αρκειος πνευμων,ἄρκειος πνεύμων,αρκειος πνευμων,SUBSTANCE:1,true,πνευμων,,1,1,1,DIOSC_DMM,Dioscorides,diosc_full_v3,0.650,draft
αρκευθις,ἀρκευθίς,αρκευθις,SUBSTANCE:4,false,,,1,4,4,DIOSC_DMM,Dioscorides,diosc_full_v3,0.767,draft
αρκευθος,ἄρκευθος,αρκευθος,SUBSTANCE:9,false,,,5,9,9,AET_LM;DIOSC_DMM;GAL_SMT;ORIB_CM;PAUL_AEG,Aetius;Dioscorides;Galen;Oribasius;Paul,diosc_full_v3;entries_full_v3;paul_full_v3,0.862,draft
αρκιον,ἄρκιον,αρκιον,SUBSTANCE:2,false,,,2,2,2,DIOSC_DMM;PAUL_AEG,Dioscorides;Paul,diosc_full_v3;paul_full_v3,0.925,draft
αρκιον προσωπιτις,ἄρκιον προσωπῖτις,αρκιον προσωπιτις,SUBSTANCE:1,true,αρκιον,προσωπιτις,1,1,1,PAUL_AEG,Paul,paul_full_v3,0.920,draft
αρκου,ἄρκου,αρκου,SUBSTANCE_PART:1,false,,,1,1,1,DIOSC_DMM,Dioscorides,diosc_full_v3,0.800,draft
αρκτικος,ἀρκτικός,αρκτικος,SUBSTANCE:1,false,,,1,1,1,GAL_SMT,Galen,entries_full_v3,0.760,draft
αρκτιον,ἄρκτιον,αρκτιον,SUBSTANCE:8,false,,,5,8,8,AET_LM;DIOSC_DMM;GAL_SMT;ORIB_CM;PAUL_AEG,Aetius;Dioscorides;Galen;Oribasius;Paul,diosc_full_v3;entries_full_v3;paul_full_v3,0.892,draft
αρκτος,ἄρκτος,αρκτος,SUBSTANCE:2,false,,,2,2,2,AET_LM;GAL_SMT,Aetius;Galen,entries_full_v3,0.535,draft
αρκτουρον,ἀρκτοῦρον,αρκτουρον,SUBSTANCE:1,false,,,1,1,1,DIOSC_DMM,Dioscorides,diosc_full_v3,0.850,draft
αρκτων στεαρ,ἄρκτων στέαρ,αρκτων στεαρ,SUBSTANCE:2,true,στεαρ,,2,2,2,AET_LM;GAL_SMT,Aetius;Galen,entries_full_v3,0.810,draft
αρμαλα,ἁρμαλά,αρμαλα,SUBSTANCE:2,false,,,2,2,2,AET_LM;DIOSC_DMM,Aetius;Dioscorides,diosc_full_v3;entries_full_v3,0.720,draft
αρμαλαν,ἁρμαλάν,αρμαλαν,SUBSTANCE:1,false,,,1,1,1,PAUL_AEG,Paul,paul_full_v3,0.800,draft
αρμας,ἁρμάς,αρμας,SUBSTANCE:1,false,,,1,1,1,DIOSC_DMM,Dioscorides,diosc_full_v3,0.700,draft
αρμενια,Ἀρμενία,αρμενια,SUBSTANCE:1,false,,αρμενια,1,1,1,PAUL_AEG,Paul,paul_full_v3,0.900,draft
αρμενια γη,Ἀρμενία γῆ,αρμενια γη,SUBSTANCE:1,true,γη,αρμενια,1,1,1,ORIB_CM,Oribasius,entries_full_v3,0.750,draft
αρμενιακη βωλος,Ἀρμενιακὴ βῶλος,αρμενιακη βωλος,SUBSTANCE:2,true,βωλος,αρμενια,1,2,2,AET_LM,Aetius,entries_full_v3,0.920,draft
αρμενιακον,Ἀρμενιακόν,αρμενιακον,SUBSTANCE:6,false,,,5,6,6,AET_LM;GAL_ALIM;GAL_SMT;ORIB_CM;PAUL_AEG,Aetius;Galen;Oribasius;Paul,entries_full_v3;paul_full_v3,0.828,draft
αρμενιακος,αρμενιακος,αρμενιακος,SUBSTANCE:1,false,,αρμενια,1,1,1,PAUL_AEG,Paul,paul_full_v3,0.850,draft
αρμενικη βωλος,Ἀρμενικὴ βῶλος,αρμενικη βωλος,SUBSTANCE:1,true,βωλος,αρμενια,1,1,1,GAL_SMT,Galen,entries_full_v3,0.900,draft
αρμενιον,Ἀρμένιον,αρμενιον,SUBSTANCE:2,false,,,2,2,2,DIOSC_DMM;GAL_ALIM,Dioscorides;Galen,diosc_full_v3;entries_full_v3,0.750,draft
αρμενιος,Ἀρμένιος,αρμενιος,SUBSTANCE:1,false,,αρμενια,1,1,1,DIOSC_DMM,Dioscorides,diosc_full_v3,0.750,draft
αρμολαν,ἅρμολαν,αρμολαν,SUBSTANCE:1,false,,,1,1,1,GAL_SMT,Galen,entries_full_v3,0.600,draft
αρμορακιον,ἀρμοράκιον,αρμορακιον,SUBSTANCE:1,false,,,1,1,1,DIOSC_DMM,Dioscorides,diosc_full_v3,0.850,draft
αρμουθεως λιθος,ἁρμούθεως λίθος,αρμουθεως λιθος,SUBSTANCE:1,true,λιθος,,1,1,1,AET_LM,Aetius,entries_full_v3,0.600,draft
αρναβω,ἀρνάβω,αρναβω,SUBSTANCE:3,false,,,2,3,3,AET_LM;PAUL_AEG,Aetius;Paul,entries_full_v3;paul_full_v3,0.700,draft
αρνειος πνευμων,ἄρνειος πνεύμων,αρνειος πνευμων,SUBSTANCE:1,true,πνευμων,,1,1,1,DIOSC_DMM,Dioscorides,diosc_full_v3,0.760,draft
αρνογλωσσον,ἀρνόγλωσσον,αρνογλωσσον,SUBSTANCE:9,false,,,5,9,9,AET_LM;DIOSC_DMM;GAL_SMT;ORIB_CM;PAUL_AEG,Aetius;Dioscorides;Galen;Oribasius;Paul,diosc_full_v3;entries_full_v3;paul_full_v3,0.841,draft
αρνογλωσσον πλατυφυλλον,ἀρνογλώσσον πλατύφυλλον,αρνογλωσσον πλατυφυλλον,SUBSTANCE:1,true,αρνογλωσσον,,1,1,1,DIOSC_DMM,Dioscorides,diosc_full_v3,0.650,draft
αρνογλωσσος,ἀρνογλῶσσος,αρνογλωσσος,SUBSTANCE:7,false,,,3,7,7,AET_LM;DIOSC_DMM;GAL_SMT,Aetius;Dioscorides;Galen,diosc_full_v3;entries_full_v3,0.730,draft
αρνυφιον,ἀρνύφιον,αρνυφιον,SUBSTANCE:1,false,,,1,1,1,DIOSC_DMM,Dioscorides,diosc_full_v3,0.750,draft
αροβαγχη,ἀροβάγχη,αροβαγχη,SUBSTANCE:1,false,,,1,1,1,DIOSC_DMM,Dioscorides,diosc_full_v3,0.950,draft
αροβινον αλευρον,ἀρόβινον ἄλευρον,αροβινον αλευρον,SUBSTANCE:1,true,αλευρον,,1,1,1,DIOSC_DMM,Dioscorides,diosc_full_v3,0.780,draft
αροβος,ἄροβος,αροβος,SUBSTANCE:1,false,,,1,1,1,DIOSC_DMM,Dioscorides,diosc_full_v3,0.700,draft
αρον,ἄρον,αρον,SUBSTANCE:16,false,,,5,16,16,AET_LM;DIOSC_DMM;GAL_SMT;ORIB_CM;PAUL_AEG,Aetius;Dioscorides;Galen;Oribasius;Paul,diosc_full_v3;entries_full_v3;paul_full_v3,0.842,draft
αρος,ἄρος,αρος,SUBSTANCE:1,false,,,1,1,1,PAUL_AEG,Paul,paul_full_v3,0.950,draft
αρου η ριζα,ἄρου ἡ ῥίζα,αρου η ριζα,SUBSTANCE_PART:1,true,,,1,1,1,AET_LM,Aetius,entries_full_v3,0.900,draft
αρρενικον,ἀρρενικόν,αρρενικον,SUBSTANCE:2,false,,,1,2,2,GAL_SMT,Galen,entries_full_v3,0.900,draft
αρρενογονον,ἀρρενογόνον,αρρενογονον,SUBSTANCE:1,false,,,1,1,1,DIOSC_DMM,Dioscorides,diosc_full_v3,0.780,draft
αρρην ελαφος,ἄρρην ἔλαφος,αρρην ελαφος,SUBSTANCE:1,true,ελαφος,,1,1,1,DIOSC_DMM,Dioscorides,diosc_full_v3,0.700,draft
αρσενικον,ἀρσενικόν,αρσενικον,SUBSTANCE:9,false,,,4,9,9,AET_LM;DIOSC_DMM;ORIB_CM;PAUL_AEG,Aetius;Dioscorides;Oribasius;Paul,diosc_full_v3;entries_full_v3;paul_full_v3,0.896,draft
αρσην,ἄρσην,αρσην,SUBSTANCE:1,true,αρσην,,1,1,1,PAUL_AEG,Paul,paul_full_v3,0.820,draft
αρτεμισια,ἀρτεμισία,αρτεμισια,SUBSTANCE:8,false,,,5,8,8,AET_LM;DIOSC_DMM;GAL_SMT;ORIB_CM;PAUL_AEG,Aetius;Dioscorides;Galen;Oribasius;Paul,diosc_full_v3;entries_full_v3;paul_full_v3,0.876,draft
αρτεμισια ποα,ἀρτεμισία πόα,αρτεμισια ποα,SUBSTANCE:1,true,ποα,,1,1,1,GAL_SMT,Galen,entries_full_v3,0.750,draft
αρτος,ἄρτος,αρτος,SUBSTANCE:24,false,,,6,24,24,AET_LM;DIOSC_DMM;GAL_ALIM;GAL_SMT;ORIB_CM;PAUL_AEG,Aetius;Dioscorides;Galen;Oribasius;Paul,diosc_full_v3;entries_full_v3;paul_full_v3,0.747,draft
αρτος θερμος,ἄρτος θερμός,αρτος θερμος,SUBSTANCE:2,true,αρτος,,1,2,2,DIOSC_DMM,Dioscorides,diosc_full_v3,0.575,draft
αρχεζωστις,ἀρχέζωστις,αρχεζωστις,SUBSTANCE:1,false,,,1,1,1,DIOSC_DMM,Dioscorides,diosc_full_v3,0.560,draft
αρωμα,ἄρωμα,αρωμα,SUBSTANCE:9,false,,,3,9,9,DIOSC_DMM;GAL_SMT;ORIB_CM,Dioscorides;Galen;Oribasius,diosc_full_v3;entries_full_v3,0.718,draft
αρωνια,ἀρωνία,αρωνια,SUBSTANCE:1,false,,,1,1,1,DIOSC_DMM,Dioscorides,diosc_full_v3,0.850,draft
ασαρον,ἄσαρον,ασαρον,SUBSTANCE:11,false,,,5,11,11,AET_LM;DIOSC_DMM;GAL_SMT;ORIB_CM;PAUL_AEG,Aetius;Dioscorides;Galen;Oribasius;Paul,diosc_full_v3;entries_full_v3;paul_full_v3,0.893,draft
ασαρον χαλδαικον,ἄσαρον χαλδαϊκόν,ασαρον χαλδαικον,SUBSTANCE:1,true,ασαρον,χαλδαικος,1,1,1,AET_LM,Aetius,entries_full_v3,0.720,draft
ασαρου ριζαι,Ἀσάρου ῥίζαι,ασαρου ριζαι,SUBSTANCE_PART:1,true,,,1,1,1,ORIB_CM,Oribasius,entries_full_v3,0.880,draft
ασβεστος,ἄσβεστος,ασβεστος,SUBSTANCE:9,false,,,4,9,9,AET_LM;DIOSC_DMM;GAL_SMT;PAUL_AEG,Aetius;Dioscorides;Galen;Paul,diosc_full_v3;entries_full_v3;paul_full_v3,0.859,draft
ασβολη,ἀσβόλη,ασβολη,SUBSTANCE:3,false,,,2,3,3,DIOSC_DMM;GAL_SMT,Dioscorides;Galen,diosc_full_v3;entries_full_v3,0.860,draft
ασβολος,ἄσβολος,ασβολος,SUBSTANCE:2,false,,,2,2,2,GAL_SMT;PAUL_AEG,Galen;Paul,entries_full_v3;paul_full_v3,0.870,draft
ασειρακος,ἀσείρακος,ασειρακος,SUBSTANCE:1,false,,,1,1,1,GAL_SMT,Galen,entries_full_v3,0.750,draft
ασθενες δικταμνον,ἀσθενὲς δίκταμνον,ασθενες δικταμνον,SUBSTANCE:2,true,δικταμνον,,2,2,2,GAL_SMT;PAUL_AEG,Galen;Paul,entries_full_v3;paul_full_v3,0.765,draft
ασιας πετρας ανθος,Ἀσίας πέτρας ἄνθος,ασιας πετρας ανθος,SUBSTANCE_PART:1,true,,ασια,1,1,1,GAL_SMT,Galen,entries_full_v3,0.750,draft
ασιτος πτυαλον,ἄσιτος πτύαλον,ασιτος πτυαλον,SUBSTANCE:1,true,πτυαλον,,1,1,1,AET_LM,Aetius,entries_full_v3,0.800,draft
ασιτος πτυελος,ἄσιτος πτύελος,ασιτος πτυελος,SUBSTANCE:1,true,πτυελος,,1,1,1,GAL_SMT,Galen,entries_full_v3,0.800,draft
ασκαλαβωτης,ἀσκαλαβώτης,ασκαλαβωτης,SUBSTANCE:2,false,,,2,2,2,GAL_SMT;PAUL_AEG,Galen;Paul,entries_full_v3;paul_full_v3,0.860,draft
ασκληπειος παναξ,ἀσκληπειος πάναξ,ασκληπειος παναξ,SUBSTANCE:1,true,παναξ,,1,1,1,PAUL_AEG,Paul,paul_full_v3,0.750,draft
ασκληπιας,ἀσκληπιάς,ασκληπιας,SUBSTANCE:3,false,,,3,3,3,DIOSC_DMM;GAL_SMT;PAUL_AEG,Dioscorides;Galen;Paul,diosc_full_v3;entries_full_v3;paul_full_v3,0.923,draft
ασκυροειδες,ἀσκυροειδές,ασκυροειδες,SUBSTANCE:3,false,,,3,3,3,DIOSC_DMM;GAL_SMT;PAUL_AEG,Dioscorides;Galen;Paul,diosc_full_v3;entries_full_v3;paul_full_v3,0.757,draft
ασκυρον,ἄσκυρον,ασκυρον,SUBSTANCE:7,false,,,4,7,7,DIOSC_DMM;GAL_SMT;ORIB_CM;PAUL_AEG,Dioscorides;Galen;Oribasius;Paul,diosc_full_v3;entries_full_v3;paul_full_v3,0.817,draft
ασουμεσλαβον,ἀσουμέσλαβον,ασουμεσλαβον,SUBSTANCE:1,false,,,1,1,1,DIOSC_DMM,Dioscorides,diosc_full_v3,0.700,draft
ασπαλαθος,ἀσπάλαθος,ασπαλαθος,SUBSTANCE:19,false,,,5,19,19,AET_LM;DIOSC_DMM;GAL_SMT;ORIB_CM;PAUL_AEG,Aetius;Dioscorides;Galen;Oribasius;Paul,diosc_full_v3;entries_full_v3;paul_full_v3,0.867,draft
ασπαραγοι,ἀσπάραγοι,ασπαραγοι,SUBSTANCE_PART:1,false,,,1,1,1,DIOSC_DMM,Dioscorides,diosc_full_v3,0.860,draft
ασπαραγος,ἀσπάραγος,ασπαραγος,SUBSTANCE:9;SUBSTANCE_PART:1,false,,,5,10,10,AET_LM;DIOSC_DMM;GAL_SMT;ORIB_CM;PAUL_AEG,Aetius;Dioscorides;Galen;Oribasius;Paul,diosc_full_v3;entries_full_v3;paul_full_v3,0.875,draft
ασπαραγος μυακανθινος,ἀσπάραγος μυακάνθινος,ασπαραγος μυακανθινος,SUBSTANCE:4,true,ασπαραγος,,3,4,4,AET_LM;ORIB_CM;PAUL_AEG,Aetius;Oribasius;Paul,entries_full_v3;paul_full_v3,0.828,draft
ασπαραγος πετραιος,ἀσπάραγος πετραῖος,ασπαραγος πετραιος,SUBSTANCE:4,true,ασπαραγος,,4,4,4,AET_LM;DIOSC_DMM;GAL_SMT;PAUL_AEG,Aetius;Dioscorides;Galen;Paul,diosc_full_v3;entries_full_v3;paul_full_v3,0.873,draft
ασπις,ἀσπίς,ασπις,SUBSTANCE:1,false,,,1,1,1,PAUL_AEG,Paul,paul_full_v3,0.840,draft
ασπληνον,ἄσπληνον,ασπληνον,SUBSTANCE:4,false,,γαλατια,3,4,4,DIOSC_DMM;GAL_SMT;PAUL_AEG,Dioscorides;Galen;Paul,diosc_full_v3;entries_full_v3;paul_full_v3,0.830,draft
ασπληνος,ἄσπληνος,ασπληνος,SUBSTANCE:2,false,,,2,2,2,DIOSC_DMM;ORIB_CM,Dioscorides;Oribasius,diosc_full_v3;entries_full_v3,0.900,draft
ασσια πετρα,ασσια πετρα,ασσια πετρα,SUBSTANCE:1,true,πετρα,ασια,1,1,1,PAUL_AEG,Paul,paul_full_v3,0.850,draft
ασσιας πετρας ανθος,Ἀσσίας πέτρας ἄνθος,ασσιας πετρας ανθος,SUBSTANCE_PART:1,true,,ασια,1,1,1,ORIB_CM,Oribasius,entries_full_v3,0.720,draft
ασσιον,ἄσσιον,ασσιον,SUBSTANCE:1,false,,,1,1,1,DIOSC_DMM,Dioscorides,diosc_full_v3,0.500,draft
ασσιος,Ἄσσιος,ασσιος,SUBSTANCE:1,false,,ασσος,1,1,1,GAL_SMT,Galen,entries_full_v3,0.800,draft
ασσιφραγον,ἀσσίφραγον,ασσιφραγον,SUBSTANCE:1,false,,,1,1,1,DIOSC_DMM,Dioscorides,diosc_full_v3,0.750,draft
αστακος,ἀστακός,αστακος,SUBSTANCE:1,false,,,1,1,1,AET_LM,Aetius,entries_full_v3,0.850,draft
ασταφις,ἀσταφίς,ασταφις,SUBSTANCE:6,false,,,5,6,6,AET_LM;DIOSC_DMM;GAL_SMT;ORIB_CM;PAUL_AEG,Aetius;Dioscorides;Galen;Oribasius;Paul,diosc_full_v3;entries_full_v3;paul_full_v3,0.908,draft
ασταφις αγρια,ἀσταφίς ἀγρία,ασταφις αγρια,SUBSTANCE:4,true,ασταφις,,4,4,4,AET_LM;GAL_SMT;ORIB_CM;PAUL_AEG,Aetius;Galen;Oribasius;Paul,entries_full_v3;paul_full_v3,0.845,draft
ασταφις ημερος,ἀσταφίς ἥμερος,ασταφις ημερος,SUBSTANCE:4,true,ασταφις,,4,4,4,AET_LM;GAL_SMT;ORIB_CM;PAUL_AEG,Aetius;Galen;Oribasius;Paul,entries_full_v3;paul_full_v3,0.828,draft
ασταφις λευκη,ἀσταφίς λευκή,ασταφις λευκη,SUBSTANCE:1,true,ασταφις,,1,1,1,DIOSC_DMM,Dioscorides,diosc_full_v3,0.650,draft
αστηρ,ἀστήρ,αστηρ,SUBSTANCE:12,false,,,5,12,12,AET_LM;DIOSC_DMM;GAL_SMT;ORIB_CM;PAUL_AEG,Aetius;Dioscorides;Galen;Oribasius;Paul,diosc_full_v3;entries_full_v3;paul_full_v3,0.752,draft
αστηρ αττικος,ἀστήρ Ἀττικός,αστηρ αττικος,SUBSTANCE:7,true,αστηρ,αττικος,5,7,7,AET_LM;DIOSC_DMM;GAL_SMT;ORIB_CM;PAUL_AEG,Aetius;Dioscorides;Galen;Oribasius;Paul,diosc_full_v3;entries_full_v3;paul_full_v3,0.841,draft
αστραγαλος,ἀστράγαλος,αστραγαλος,SUBSTANCE:6,false,,,5,6,6,AET_LM;DIOSC_DMM;GAL_SMT;ORIB_CM;PAUL_AEG,Aetius;Dioscorides;Galen;Oribasius;Paul,diosc_full_v3;entries_full_v3;paul_full_v3,0.862,draft
αστραγαλος θαμνισκος,ἀστράγαλος θαμνίσκος,αστραγαλος θαμνισκος,SUBSTANCE:2,true,αστραγαλος,,2,2,2,GAL_SMT;PAUL_AEG,Galen;Paul,entries_full_v3;paul_full_v3,0.840,draft
αστραγαλος υος,ἀστράγαλος ὑὸς,αστραγαλος υος,SUBSTANCE_PART:1,true,,,1,1,1,DIOSC_DMM,Dioscorides,diosc_full_v3,0.860,draft
αστραγαλωτος,ἀστραγαλωτός,αστραγαλωτος,SUBSTANCE:2,false,,,2,2,2,GAL_SMT;ORIB_CM,Galen;Oribasius,entries_full_v3,0.750,draft
ασυφη,ἀσύφη,ασυφη,SUBSTANCE:1,false,,,1,1,1,DIOSC_DMM,Dioscorides,diosc_full_v3,0.700,draft
ασφαλτιον,ἀσφάλτιον,ασφαλτιον,SUBSTANCE:4,false,,,4,4,4,AET_LM;DIOSC_DMM;GAL_SMT;ORIB_CM,Aetius;Dioscorides;Galen;Oribasius,diosc_full_v3;entries_full_v3,0.855,draft
ασφαλτιτιδος λιμνης υδωρ,ἀσφαλτίτιδος λίμνης ὕδωρ,ασφαλτιτιδος λιμνης υδωρ,SUBSTANCE_PART:1,true,,ασφαλτιτις λιμνη,1,1,1,AET_LM,Aetius,entries_full_v3,0.650,draft
ασφαλτος,ἄσφαλτος,ασφαλτος,SUBSTANCE:17,false,,θαλασσα νεκρα,4,17,17,AET_LM;DIOSC_DMM;GAL_SMT;PAUL_AEG,Aetius;Dioscorides;Galen;Paul,diosc_full_v3;entries_full_v3;paul_full_v3,0.903,draft
ασφαλτος βαβυλωνιος,ἄσφαλτος Βαβυλώνιος,ασφαλτος βαβυλωνιος,SUBSTANCE:1,true,ασφαλτος,βαβυλων,1,1,1,DIOSC_DMM,Dioscorides,diosc_full_v3,0.700,draft
ασφαλτος ιουδαικη,ἄσφαλτος Ἰουδαική,ασφαλτος ιουδαικη,SUBSTANCE:1,true,ασφαλτος,,1,1,1,DIOSC_DMM,Dioscorides,diosc_full_v3,0.700,draft
ασφαλτος υγρα,ἄσφαλτος ὑγρά,ασφαλτος υγρα,SUBSTANCE:1,true,ασφαλτος,,1,1,1,DIOSC_DMM,Dioscorides,diosc_full_v3,0.760,draft
ασφαλτωδης,ἀσφαλτώδης,ασφαλτωδης,SUBSTANCE:1,false,,,1,1,1,PAUL_AEG,Paul,paul_full_v3,0.730,draft
ασφαραγος,ἀσφάραγος,ασφαραγος,SUBSTANCE:1,false,,,1,1,1,GAL_SMT,Galen,entries_full_v3,0.700,draft
ασφοδελος,ἀσφόδελος,ασφοδελος,SUBSTANCE:8,false,,,5,8,8,AET_LM;DIOSC_DMM;GAL_SMT;ORIB_CM;PAUL_AEG,Aetius;Dioscorides;Galen;Oribasius;Paul,diosc_full_v3;entries_full_v3;paul_full_v3,0.864,draft
ασφοδελου η ριζα,Ἀσφοδέλου ἡ ῥίζα,ασφοδελου η ριζα,SUBSTANCE_PART:1,true,,,1,1,1,AET_LM,Aetius,entries_full_v3,0.900,draft
ασφοδελου ριζα,Ἀσφοδέλου ῥίζα,ασφοδελου ριζα,SUBSTANCE_PART:2,true,,,2,2,2,ORIB_CM;PAUL_AEG,Oribasius;Paul,entries_full_v3;paul_full_v3,0.890,draft
ατις,ἀτίς,ατις,SUBSTANCE:1,false,,,1,1,1,DIOSC_DMM,Dioscorides,diosc_full_v3,0.750,draft
ατμος,ἀτμός,ατμος,SUBSTANCE:6,false,,,5,6,6,AET_LM;DIOSC_DMM;GAL_ALIM;GAL_SMT;PAUL_AEG,Aetius;Dioscorides;Galen;Paul,diosc_full_v3;entries_full_v3;paul_full_v3,0.687,draft
ατρακις,ἀτρακίς,ατρακις,SUBSTANCE:1,false,,,1,1,1,GAL_ALIM,Galen,entries_full_v3,0.850,draft
ατρακτυλις,ἀτρακτυλίς,ατρακτυλις,SUBSTANCE:6,false,,,6,6,6,AET_LM;DIOSC_DMM;GAL_ALIM;GAL_SMT;ORIB_CM;PAUL_AEG,Aetius;Dioscorides;Galen;Oribasius;Paul,diosc_full_v3;entries_full_v3;paul_full_v3,0.880,draft
ατραφαξις,ἀτράφαξις,ατραφαξις,SUBSTANCE:2,false,,,2,2,2,AET_LM;GAL_SMT,Aetius;Galen,entries_full_v3,0.950,draft
ατραφαξις κηπευομενη,ἀτράφαξις κηπευομένη,ατραφαξις κηπευομενη,SUBSTANCE:1,true,ατραφαξις,,1,1,1,GAL_SMT,Galen,entries_full_v3,0.850,draft
ατραφαξυς,Ἀτράφαξυς,ατραφαξυς,SUBSTANCE:2,false,,,2,2,2,ORIB_CM;PAUL_AEG,Oribasius;Paul,entries_full_v3;paul_full_v3,0.965,draft
ατταγης,ἀτταγής,ατταγης,SUBSTANCE:1,false,,,1,1,1,AET_LM,Aetius,entries_full_v3,0.780,draft
αυστηρος,αὐστηρός,αυστηρος,SUBSTANCE:1,false,,,1,1,1,PAUL_AEG,Paul,paul_full_v3,0.740,draft
αυστηρος οινος,αὐστηρὸς οἶνος,αυστηρος οινος,SUBSTANCE:4,true,οινος,,3,4,4,AET_LM;GAL_ALIM;GAL_SMT,Aetius;Galen,entries_full_v3,0.738,draft
αυτοφυες υδωρ,αὐτοφυὲς ὕδωρ,αυτοφυες υδωρ,SUBSTANCE:1,true,υδωρ,,1,1,1,GAL_SMT,Galen,entries_full_v3,0.750,draft
αυχμωδης χυμος,αὐχμώδης χυμός,αυχμωδης χυμος,SUBSTANCE:1,true,χυμος,,1,1,1,AET_LM,Aetius,entries_full_v3,0.800,draft
αφαιρια,αφαιρία,αφαιρια,SUBSTANCE_PART:1,false,,,1,1,1,DIOSC_DMM,Dioscorides,diosc_full_v3,0.550,draft
αφακη,ἀφάκη,αφακη,SUBSTANCE:4,false,,,4,4,4,DIOSC_DMM;GAL_SMT;ORIB_CM;PAUL_AEG,Dioscorides;Galen;Oribasius;Paul,diosc_full_v3;entries_full_v3;paul_full_v3,0.938,draft
αφιας,ἀφιάς,αφιας,SUBSTANCE:1,false,,,1,1,1,DIOSC_DMM,Dioscorides,diosc_full_v3,0.300,draft
αφιοσκορδον,ἀφιόσκορδον,αφιοσκορδον,SUBSTANCE:1,false,,,1,1,1,DIOSC_DMM,Dioscorides,diosc_full_v3,0.820,draft
αφοδος,ἄφοδος,αφοδος,SUBSTANCE:1,false,,,1,1,1,DIOSC_DMM,Dioscorides,diosc_full_v3,0.760,draft
αφοδος ιππων,ἄφοδος ἵππων,αφοδος ιππων,SUBSTANCE:1,true,αφοδος,,1,1,1,DIOSC_DMM,Dioscorides,diosc_full_v3,0.700,draft
αφοδος ονου ποηφαγου,ἄφοδος ὄνου ποηφάγου,αφοδος ονου ποηφαγου,SUBSTANCE:1,true,αφοδος,,1,1,1,DIOSC_DMM,Dioscorides,diosc_full_v3,0.600,draft
αφονιτρον,ἀφόνιτρον,αφονιτρον,SUBSTANCE:2,false,,,1,2,2,PAUL_AEG,Paul,paul_full_v3,0.810,draft
αφρολιτρον,ἀφρόλιτρον,αφρολιτρον,SUBSTANCE:3,false,,,2,3,3,GAL_SMT;ORIB_CM,Galen;Oribasius,entries_full_v3,0.927,draft
αφρονιτρον,ἀφρόνιτρον,αφρονιτρον,SUBSTANCE:12,false,,,4,12,12,AET_LM;DIOSC_DMM;GAL_SMT;ORIB_CM,Aetius;Dioscorides;Galen;Oribasius,diosc_full_v3;entries_full_v3,0.855,draft
αφρος,ἀφρός,αφρος,SUBSTANCE:6,false,,,4,6,6,AET_LM;GAL_ALIM;GAL_SMT;PAUL_AEG,Aetius;Galen;Paul,entries_full_v3;paul_full_v3,0.725,draft
αφρος νιτρου,ἀφρὸς νίτρου,αφρος νιτρου,SUBSTANCE:1;SUBSTANCE_PART:1,true,αφρος,φιλαδελφεια,2,2,2,DIOSC_DMM;PAUL_AEG,Dioscorides;Paul,diosc_full_v3;paul_full_v3,0.890,draft
αφρος του λιτρου,ἀφρὸς τοῦ λίτρου,αφρος του λιτρου,SUBSTANCE_PART:1,true,,,1,1,1,ORIB_CM,Oribasius,entries_full_v3,0.850,draft
αφροσεληνον,ἀφροσέληνον,αφροσεληνον,SUBSTANCE:1,false,,αραβια,1,1,1,DIOSC_DMM,Dioscorides,diosc_full_v3,0.810,draft
αφροσελινον,αφροσελινον,αφροσελινον,SUBSTANCE:1,false,,,1,1,1,PAUL_AEG,Paul,paul_full_v3,0.750,draft
αφροσελινος,ἀφροσέλινος,αφροσελινος,SUBSTANCE:1,false,,,1,1,1,GAL_SMT,Galen,entries_full_v3,0.900,draft
αφρω,ἀφρῷ,αφρω,SUBSTANCE_PART:1,false,,,1,1,1,GAL_SMT,Galen,entries_full_v3,0.700,draft
αφρωδης,ἀφρώδης,αφρωδης,SUBSTANCE:1,false,,,1,1,1,GAL_SMT,Galen,entries_full_v3,0.760,draft
αφρωδης μηκων,ἀφρώδης μήκων,αφρωδης μηκων,SUBSTANCE:1,true,μηκων,,1,1,1,PAUL_AEG,Paul,paul_full_v3,0.780,draft
αχατης,ἀχάτης,αχατης,SUBSTANCE:1,false,,,1,1,1,AET_LM,Aetius,entries_full_v3,0.920,draft
αχιλλειον σιδηριτις,Ἀχίλλειον σιδηρῖτις,αχιλλειον σιδηριτις,SUBSTANCE:1,true,σιδηριτις,,1,1,1,GAL_SMT,Galen,entries_full_v3,0.800,draft
αχιλλειος σιδηριτις,Ἀχίλλειος σιδηρῖτις,αχιλλειος σιδηριτις,SUBSTANCE:3,true,σιδηριτις,,3,3,3,DIOSC_DMM;ORIB_CM;PAUL_AEG,Dioscorides;Oribasius;Paul,diosc_full_v3;entries_full_v3;paul_full_v3,0.853,draft
αχνη,ἄχνη,αχνη,SUBSTANCE:10,false,,,4,10,10,AET_LM;DIOSC_DMM;GAL_SMT;PAUL_AEG,Aetius;Dioscorides;Galen;Paul,diosc_full_v3;entries_full_v3;paul_full_v3,0.680,draft
αχνη αλευρον,ἄχνη ἄλευρον,αχνη αλευρον,SUBSTANCE:1,true,αχνη,,1,1,1,GAL_SMT,Galen,entries_full_v3,0.750,draft
αχνη αλευρου,ἄχνη ἀλεύρου,αχνη αλευρου,SUBSTANCE:1,true,αχνη,,1,1,1,AET_LM,Aetius,entries_full_v3,0.720,draft
αχοδος,ἀχοδός,αχοδος,SUBSTANCE:1,false,,,1,1,1,DIOSC_DMM,Dioscorides,diosc_full_v3,0.660,draft
αχοδος προβατων,ἀχοδός προβάτων,αχοδος προβατων,SUBSTANCE:1,true,αχοδος,,1,1,1,DIOSC_DMM,Dioscorides,diosc_full_v3,0.600,draft
αχρα,ἄχρα,αχρα,SUBSTANCE:1,false,,,1,1,1,DIOSC_DMM,Dioscorides,diosc_full_v3,0.550,draft
αχρας,ἀχράς,αχρας,SUBSTANCE:8,false,,,5,8,8,AET_LM;DIOSC_DMM;GAL_SMT;ORIB_CM;PAUL_AEG,Aetius;Dioscorides;Galen;Oribasius;Paul,diosc_full_v3;entries_full_v3;paul_full_v3,0.807,draft
αχυ,ἄχυ,αχυ,SUBSTANCE:1,false,,,1,1,1,DIOSC_DMM,Dioscorides,diosc_full_v3,0.720,draft
αχυρον,ἄχυρον,αχυρον,SUBSTANCE:1,false,,,1,1,1,GAL_SMT,Galen,entries_full_v3,0.400,draft
αχυρωδες,ἀχυρῶδες,αχυρωδες,SUBSTANCE_PART:1,false,,,1,1,1,GAL_ALIM,Galen,entries_full_v3,0.720,draft
αψινθιον,ἀψίνθιον,αψινθιον,SUBSTANCE:27,false,,,5,27,27,AET_LM;DIOSC_DMM;GAL_SMT;ORIB_CM;PAUL_AEG,Aetius;Dioscorides;Galen;Oribasius;Paul,diosc_full_v3;entries_full_v3;paul_full_v3,0.858,draft
αψινθιον θαλασσιον,ἀψίνθιον θαλάσσιον,αψινθιον θαλασσιον,SUBSTANCE:1,true,αψινθιον,,1,1,1,DIOSC_DMM,Dioscorides,diosc_full_v3,0.850,draft
αψινθιον ποντικον,ἀψίνθιον Ποντικόν,αψινθιον ποντικον,SUBSTANCE:1,true,αψινθιον,,1,1,1,DIOSC_DMM,Dioscorides,diosc_full_v3,0.850,draft
αωρα μορα,ἄωρα μόρα,αωρα μορα,SUBSTANCE_PART:1,true,,,1,1,1,DIOSC_DMM,Dioscorides,diosc_full_v3,0.880,draft
αωρος μορος,ἄωρος μόρος,αωρος μορος,SUBSTANCE:1,true,μορος,,1,1,1,ORIB_CM,Oribasius,entries_full_v3,0.700,draft
βαβυλωνιον,Βαβυλώνιον,βαβυλωνιον,SUBSTANCE:1,false,,,1,1,1,DIOSC_DMM,Dioscorides,diosc_full_v3,0.550,draft
βαιτιον,βαίτιον,βαιτιον,SUBSTANCE:1,false,,,1,1,1,DIOSC_DMM,Dioscorides,diosc_full_v3,0.700,draft
βακχαρις,βάκχαρις,βακχαρις,SUBSTANCE:2,false,,,2,2,2,DIOSC_DMM;PAUL_AEG,Dioscorides;Paul,diosc_full_v3;paul_full_v3,0.965,draft
βαλανινον,βαλάνινoν,βαλανινον,SUBSTANCE:3,false,,,3,3,3,DIOSC_DMM;GAL_SMT;ORIB_CM,Dioscorides;Galen;Oribasius,diosc_full_v3;entries_full_v3,0.740,draft
βαλανινον ελαιον,βαλανῖνον ἔλαιον,βαλανινον ελαιον,SUBSTANCE:1,true,ελαιον,,1,1,1,DIOSC_DMM,Dioscorides,diosc_full_v3,0.900,draft
βαλανινος,βαλάνινος,βαλανινος,SUBSTANCE:2,false,,,1,2,2,DIOSC_DMM,Dioscorides,diosc_full_v3,0.740,draft
βαλανος,βάλανος,βαλανος,SUBSTANCE:11,false,,,6,11,11,AET_LM;DIOSC_DMM;GAL_ALIM;GAL_SMT;ORIB_CM;PAUL_AEG,Aetius;Dioscorides;Galen;Oribasius;Paul,diosc_full_v3;entries_full_v3;paul_full_v3,0.849,draft
βαλανος δρυινη,βάλανος δρυΐνη,βαλανος δρυινη,SUBSTANCE:1,true,βαλανος,,1,1,1,AET_LM,Aetius,entries_full_v3,0.900,draft
βαλανος δρυος,βάλανος δρυός,βαλανος δρυος,SUBSTANCE:1,true,βαλανος,,1,1,1,AET_LM,Aetius,entries_full_v3,0.780,draft
βαλανος μυρεψικη,βάλανος μυρεψική,βαλανος μυρεψικη,SUBSTANCE:5,true,βαλανος,,5,5,5,AET_LM;DIOSC_DMM;GAL_SMT;ORIB_CM;PAUL_AEG,Aetius;Dioscorides;Galen;Oribasius;Paul,diosc_full_v3;entries_full_v3;paul_full_v3,0.876,draft
βαλανος φοινικος,βάλανος φοίνικος,βαλανος φοινικος,SUBSTANCE:1,true,βαλανος,,1,1,1,GAL_ALIM,Galen,entries_full_v3,0.800,draft
βαλαυστιον,βαλαύστιον,βαλαυστιον,SUBSTANCE:11,false,,,5,11,11,AET_LM;DIOSC_DMM;GAL_SMT;ORIB_CM;PAUL_AEG,Aetius;Dioscorides;Galen;Oribasius;Paul,diosc_full_v3;entries_full_v3;paul_full_v3,0.844,draft
βαλλντη,βαλλντή,βαλλντη,SUBSTANCE:1,false,,,1,1,1,DIOSC_DMM,Dioscorides,diosc_full_v3,0.850,draft
βαλλωτη,βαλλωτή,βαλλωτη,SUBSTANCE:1,false,,,1,1,1,DIOSC_DMM,Dioscorides,diosc_full_v3,0.750,draft
βαλσαμον,βάλσαμον,βαλσαμον,SUBSTANCE:12,false,,ιουδαια,5,12,12,AET_LM;DIOSC_DMM;GAL_SMT;ORIB_CM;PAUL_AEG,Aetius;Dioscorides;Galen;Oribasius;Paul,diosc_full_v3;entries_full_v3;paul_full_v3,0.886,draft
βαλσαμου καρπου,βαλσάμου καρποῦ,βαλσαμου καρπου,SUBSTANCE_PART:2,true,,,1,2,2,DIOSC_DMM,Dioscorides,diosc_full_v3,0.845,draft
βαλσαμου οπου,βαλσάμου ὀποῦ,βαλσαμου οπου,SUBSTANCE_PART:1,true,,,1,1,1,AET_LM,Aetius,entries_full_v3,0.750,draft
βαλωτη,βαλωτή,βαλωτη,SUBSTANCE:1,false,,,1,1,1,PAUL_AEG,Paul,paul_full_v3,0.930,draft
βαρβαρος,βάρβαρος,βαρβαρος,SUBSTANCE:1,false,,,1,1,1,AET_LM,Aetius,entries_full_v3,0.750,draft
βασιλικον,βασιλικόν,βασιλικον,SUBSTANCE:1,false,,,1,1,1,DIOSC_DMM,Dioscorides,diosc_full_v3,0.550,draft
βασιλικον καρυον,βασιλικὸν κάρυον,βασιλικον καρυον,SUBSTANCE:3,true,καρυον,,3,3,3,AET_LM;DIOSC_DMM;GAL_SMT,Aetius;Dioscorides;Galen,diosc_full_v3;entries_full_v3,0.743,draft
βασιλικον κυμινον,βασιλικὸν κύμινον,βασιλικον κυμινον,SUBSTANCE:1,true,κυμινον,,1,1,1,DIOSC_DMM,Dioscorides,diosc_full_v3,0.840,draft
βασιλικος,βασιλικός,βασιλικος,SUBSTANCE:1,false,,,1,1,1,ORIB_CM,Oribasius,entries_full_v3,0.620,draft
βασιλισκος,βασιλίσκος,βασιλισκος,SUBSTANCE:1,false,,,1,1,1,PAUL_AEG,Paul,paul_full_v3,0.620,draft
βατος,βάτος,βατος,SUBSTANCE:14,false,,,5,14,14,AET_LM;DIOSC_DMM;GAL_SMT;ORIB_CM;PAUL_AEG,Aetius;Dioscorides;Galen;Oribasius;Paul,diosc_full_v3;entries_full_v3;paul_full_v3,0.828,draft
βατος ιδαια,βάτος Ἰδαία,βατος ιδαια,SUBSTANCE:2,true,βατος,ιδη,1,2,2,DIOSC_DMM,Dioscorides,diosc_full_v3,0.825,draft
βατος μοσυλιτις,βάτος Μοσυλῖτις,βατος μοσυλιτις,SUBSTANCE:1,true,βατος,,1,1,1,DIOSC_DMM,Dioscorides,diosc_full_v3,0.760,draft
βατου τα απαλα φυλλα,βάτου τὰ ἁπαλὰ φύλλα,βατου τα απαλα φυλλα,SUBSTANCE_PART:1,true,,,1,1,1,DIOSC_DMM,Dioscorides,diosc_full_v3,0.820,draft
βατραχια τα τεσσαρα,βατράχια τὰ τέσσαρα,βατραχια τα τεσσαρα,SUBSTANCE:1,true,βατραχιον,,1,1,1,ORIB_CM,Oribasius,entries_full_v3,0.900,draft
βατραχιον,βατράχιον,βατραχιον,SUBSTANCE:6,false,,,5,6,6,AET_LM;DIOSC_DMM;GAL_SMT;ORIB_CM;PAUL_AEG,Aetius;Dioscorides;Galen;Oribasius;Paul,diosc_full_v3;entries_full_v3;paul_full_v3,0.848,draft
βατραχος,βάτραχος,βατραχος,SUBSTANCE:5,false,,,4,5,5,AET_LM;DIOSC_DMM;GAL_SMT;PAUL_AEG,Aetius;Dioscorides;Galen;Paul,diosc_full_v3;entries_full_v3;paul_full_v3,0.840,draft
βατραχος κεκαυμενος,βάτραχος κεκαυμένος,βατραχος κεκαυμενος,SUBSTANCE:1,true,βατραχος,,1,1,1,GAL_SMT,Galen,entries_full_v3,0.650,draft
βατραχος λιμναιος,βάτραχος λιμναῖος,βατραχος λιμναιος,SUBSTANCE:1,true,βατραχος,,1,1,1,AET_LM,Aetius,entries_full_v3,0.850,draft
βατραχος χλωρος,βάτραχος χλωρός,βατραχος χλωρος,SUBSTANCE:1,true,βατραχος,,1,1,1,DIOSC_DMM,Dioscorides,diosc_full_v3,0.750,draft
βατραχος χλωρος μικρος,βάτραχος χλωρός μικρός,βατραχος χλωρος μικρος,SUBSTANCE:1,true,βατραχος,,1,1,1,GAL_SMT,Galen,entries_full_v3,0.750,draft
βατραχων αιμα,βατράχων αἷμα,βατραχων αιμα,SUBSTANCE:1,true,αιμα,,1,1,1,AET_LM,Aetius,entries_full_v3,0.800,draft
βδελλα,βδέλλα,βδελλα,SUBSTANCE:5,false,,,2,5,5,DIOSC_DMM;GAL_SMT,Dioscorides;Galen,diosc_full_v3;entries_full_v3,0.714,draft
βδελλιον,βδέλλιον,βδελλιον,SUBSTANCE:7,false,,,5,7,7,AET_LM;DIOSC_DMM;GAL_SMT;ORIB_CM;PAUL_AEG,Aetius;Dioscorides;Galen;Oribasius;Paul,diosc_full_v3;entries_full_v3;paul_full_v3,0.916,draft
βδελλιον αραβικον,βδέλλιον Ἀραβικόν,βδελλιον αραβικον,SUBSTANCE:3,true,βδελλιον,αραβικος,3,3,3,GAL_SMT;ORIB_CM;PAUL_AEG,Galen;Oribasius;Paul,entries_full_v3;paul_full_v3,0.893,draft
βδελλιον καθαρον,βδέλλιον καθαρόν,βδελλιον καθαρον,SUBSTANCE:1,true,βδελλιον,,1,1,1,AET_LM,Aetius,entries_full_v3,0.800,draft
βδελλιον σκυθικον,βδέλλιον Σκυθικόν,βδελλιον σκυθικον,SUBSTANCE:3,true,βδελλιον,σκυθικος,3,3,3,GAL_SMT;ORIB_CM;PAUL_AEG,Galen;Oribasius;Paul,entries_full_v3;paul_full_v3,0.893,draft
βετονικη,βετονίκη,βετονικη,SUBSTANCE:2,false,,,2,2,2,AET_LM;GAL_SMT,Aetius;Galen,entries_full_v3,0.835,draft
βετονικης ποας,βετονίκης πόας,βετονικης ποας,SUBSTANCE_PART:1,true,,,1,1,1,AET_LM,Aetius,entries_full_v3,0.800,draft
βετονικης φυλλα,βετονίκης φύλλα,βετονικης φυλλα,SUBSTANCE_PART:1,true,,,1,1,1,AET_LM,Aetius,entries_full_v3,0.850,draft
βεττονικη,βεττονίκη,βεττονικη,SUBSTANCE:4,false,,,4,4,4,AET_LM;DIOSC_DMM;ORIB_CM;PAUL_AEG,Aetius;Dioscorides;Oribasius;Paul,diosc_full_v3;entries_full_v3;paul_full_v3,0.857,draft
βησασα,βήσασα,βησασα,SUBSTANCE:2,false,,,2,2,2,AET_LM;PAUL_AEG,Aetius;Paul,entries_full_v3;paul_full_v3,0.840,draft
βησασαν,βησασάν,βησασαν,SUBSTANCE:2,false,,,1,2,2,GAL_SMT,Galen,entries_full_v3,0.650,draft
βησσασα,βήσσασα,βησσασα,SUBSTANCE:1,false,,,1,1,1,DIOSC_DMM,Dioscorides,diosc_full_v3,0.700,draft
βηχικος,βηχικός,βηχικος,SUBSTANCE:1,false,,,1,1,1,PAUL_AEG,Paul,paul_full_v3,0.800,draft
βηχιον,βήχιον,βηχιον,SUBSTANCE:4,false,,,4,4,4,DIOSC_DMM;GAL_SMT;ORIB_CM;PAUL_AEG,Dioscorides;Galen;Oribasius;Paul,diosc_full_v3;entries_full_v3;paul_full_v3,0.912,draft
βηχιου της ποας,Βηχίου τῆς πόας,βηχιου της ποας,SUBSTANCE_PART:1,true,,,1,1,1,ORIB_CM,Oribasius,entries_full_v3,0.800,draft
βικος,βίκος,βικος,SUBSTANCE:1,false,,,1,1,1,DIOSC_DMM,Dioscorides,diosc_full_v3,0.800,draft
βλαστοι,βλαστοὶ,βλαστοι,SUBSTANCE_PART:20,false,,,5,20,20,AET_LM;DIOSC_DMM;GAL_SMT;ORIB_CM;PAUL_AEG,Aetius;Dioscorides;Galen;Oribasius;Paul,diosc_full_v3;entries_full_v3;paul_full_v3,0.855,draft
βλαστοι βατου,βλαστοὶ βάτου,βλαστοι βατου,SUBSTANCE_PART:1,true,,,1,1,1,GAL_SMT,Galen,entries_full_v3,0.900,draft
βλαστοις,βλαστοῖς,βλαστοις,SUBSTANCE_PART:6,false,,,2,6,6,GAL_SMT;ORIB_CM,Galen;Oribasius,entries_full_v3,0.800,draft
βλαστον,βλαστὸν,βλαστον,SUBSTANCE_PART:1,false,,,1,1,1,DIOSC_DMM,Dioscorides,diosc_full_v3,0.800,draft
βλαστους,βλαστοὺς,βλαστους,SUBSTANCE_PART:2,false,,,2,2,2,AET_LM;GAL_SMT,Aetius;Galen,entries_full_v3,0.805,draft
βληχρον,βλῆχρον,βληχρον,SUBSTANCE:1,false,,,1,1,1,DIOSC_DMM,Dioscorides,diosc_full_v3,0.850,draft
βληχων,βλήχων,βληχων,SUBSTANCE:1,false,,,1,1,1,DIOSC_DMM,Dioscorides,diosc_full_v3,0.850,draft
βλιτον,βλίτον,βλιτον,SUBSTANCE:5,false,,,5,5,5,AET_LM;DIOSC_DMM;GAL_SMT;ORIB_CM;PAUL_AEG,Aetius;Dioscorides;Galen;Oribasius;Paul,diosc_full_v3;entries_full_v3;paul_full_v3,0.940,draft
βλιτον εδωδιμον,βλίτον ἐδώδιμον,βλιτον εδωδιμον,SUBSTANCE:1,true,βλιτον,,1,1,1,AET_LM,Aetius,entries_full_v3,0.880,draft
βλοχον,βλόχον,βλοχον,SUBSTANCE:1,false,,,1,1,1,DIOSC_DMM,Dioscorides,diosc_full_v3,0.780,draft
βοεια χολη,βοεία χολή,βοεια χολη,SUBSTANCE:1,true,χολη,,1,1,1,DIOSC_DMM,Dioscorides,diosc_full_v3,0.760,draft
βοειον,βόειον,βοειον,SUBSTANCE:1,false,,,1,1,1,ORIB_CM,Oribasius,entries_full_v3,0.600,draft
βοειον αστραγαλον,βόειον ἀστράγαλον,βοειον αστραγαλον,SUBSTANCE_PART:1,true,,,1,1,1,PAUL_AEG,Paul,paul_full_v3,0.900,draft
βοειον γαλα,βόειον γάλα,βοειον γαλα,SUBSTANCE:1,true,γαλα,,1,1,1,GAL_SMT,Galen,entries_full_v3,0.850,draft
βοειον στεαρ,βόειον στέαρ,βοειον στεαρ,SUBSTANCE:1,true,στεαρ,,1,1,1,DIOSC_DMM,Dioscorides,diosc_full_v3,0.840,draft
βοειος,βόειος,βοειος,SUBSTANCE:2,true,γαλα,,2,2,2,DIOSC_DMM;PAUL_AEG,Dioscorides;Paul,diosc_full_v3;paul_full_v3,0.680,draft
βοειος κρεας,βόειος κρέας,βοειος κρεας,SUBSTANCE:1,true,κρεας,,1,1,1,AET_LM,Aetius,entries_full_v3,0.800,draft
βοειων βυρσων,βοείων βυρσῶν,βοειων βυρσων,SUBSTANCE_PART:2,true,,,2,2,2,DIOSC_DMM;PAUL_AEG,Dioscorides;Paul,diosc_full_v3;paul_full_v3,0.790,draft
βοιςτιακη σμυρνα,Βοιςτιακή σμύρνα,βοιςτιακη σμυρνα,SUBSTANCE:1,true,σμυρνα,βοιωτια,1,1,1,DIOSC_DMM,Dioscorides,diosc_full_v3,0.850,draft
βοιωτικη σμυρνα,βοιωτικὴ σμύρνα,βοιωτικη σμυρνα,SUBSTANCE:1,true,σμυρνα,βοιωτια,1,1,1,PAUL_AEG,Paul,paul_full_v3,0.900,draft
βολβιτον,βόλβιτον,βολβιτον,SUBSTANCE:4,false,,,3,4,4,AET_LM;DIOSC_DMM;PAUL_AEG,Aetius;Dioscorides;Paul,diosc_full_v3;entries_full_v3;paul_full_v3,0.728,draft
βολβιτον βοος αρρενος,βόλβιτον βοός ἄρρενος,βολβιτον βοος αρρενος,SUBSTANCE:1,true,βολβιτον,,1,1,1,DIOSC_DMM,Dioscorides,diosc_full_v3,0.620,draft
βολβιτος,βολβίτος,βολβιτος,SUBSTANCE:2,false,,,2,2,2,AET_LM;GAL_SMT,Aetius;Galen,entries_full_v3,0.800,draft
βολβοις,βολβοῖς,βολβοις,SUBSTANCE_PART:1,false,,,1,1,1,GAL_SMT,Galen,entries_full_v3,0.720,draft
βολβος,βολβός,βολβος,SUBSTANCE:13;SUBSTANCE_PART:1,false,,,5,13,14,AET_LM;DIOSC_DMM;GAL_SMT;ORIB_CM;PAUL_AEG,Aetius;Dioscorides;Galen;Oribasius;Paul,diosc_full_v3;entries_full_v3;paul_full_v3,0.876,draft
βολβος αγριος,βολβὸς ἄγριος,βολβος αγριος,SUBSTANCE:1,true,βολβος,,1,1,1,DIOSC_DMM,Dioscorides,diosc_full_v3,0.820,draft
βολβος εδωδιμος,βολβὸς ἐδώδιμος,βολβος εδωδιμος,SUBSTANCE:2,true,βολβος,,2,2,2,DIOSC_DMM;PAUL_AEG,Dioscorides;Paul,diosc_full_v3;paul_full_v3,0.880,draft
βολβος εμετικος,βολβός ἐμετικός,βολβος εμετικος,SUBSTANCE:5,true,βολβος,,5,5,5,AET_LM;DIOSC_DMM;GAL_SMT;ORIB_CM;PAUL_AEG,Aetius;Dioscorides;Galen;Oribasius;Paul,diosc_full_v3;entries_full_v3;paul_full_v3,0.868,draft
βολβος πικρος,βολβὸς πικρός,βολβος πικρος,SUBSTANCE:1,true,βολβος,,1,1,1,DIOSC_DMM,Dioscorides,diosc_full_v3,0.720,draft
βολβος πυρρος,βολβὸς πυρρός,βολβος πυρρος,SUBSTANCE:1,true,βολβος,λιβυη,1,1,1,DIOSC_DMM,Dioscorides,diosc_full_v3,0.680,draft
βολβος σκιλλωδης,βολβὸς σκιλλώδης,βολβος σκιλλωδης,SUBSTANCE:1,true,βολβος,,1,1,1,DIOSC_DMM,Dioscorides,diosc_full_v3,0.650,draft
βομβοχυλον,βομβόχυλον,βομβοχυλον,SUBSTANCE:1,false,,,1,1,1,DIOSC_DMM,Dioscorides,diosc_full_v3,0.850,draft
βοος κοπρος,βοὸς κόπρος,βοος κοπρος,SUBSTANCE:1,true,κοπρος,,1,1,1,ORIB_CM,Oribasius,entries_full_v3,0.860,draft
βορασσος,βόρασσος,βορασσος,SUBSTANCE:1,false,,,1,1,1,DIOSC_DMM,Dioscorides,diosc_full_v3,0.700,draft
βορατον,βόρατον,βορατον,SUBSTANCE:1,false,,,1,1,1,DIOSC_DMM,Dioscorides,diosc_full_v3,0.900,draft
βοσκας,βοσκᾶς,βοσκας,SUBSTANCE:1,false,,,1,1,1,DIOSC_DMM,Dioscorides,diosc_full_v3,0.580,draft
βοτανη,βοτάνη,βοτανη,SUBSTANCE:10,false,,,4,10,10,AET_LM;DIOSC_DMM;GAL_SMT;ORIB_CM,Aetius;Dioscorides;Galen;Oribasius,diosc_full_v3;entries_full_v3,0.537,draft
βοτανη ιερα,βοτάνη ἱερά,βοτανη ιερα,SUBSTANCE:1,true,βοτανη,,1,1,1,DIOSC_DMM,Dioscorides,diosc_full_v3,0.750,draft
βοτανη τρωγλοδυτικη,βοτάνη Τρωγλοδυτική,βοτανη τρωγλοδυτικη,SUBSTANCE:1,true,βοτανη,τρωγλοδυτικη,1,1,1,DIOSC_DMM,Dioscorides,diosc_full_v3,0.650,draft
βοτανιον,βοτάνιον,βοτανιον,SUBSTANCE:1,false,,,1,1,1,DIOSC_DMM,Dioscorides,diosc_full_v3,0.600,draft
βοτρυας,βότρυας,βοτρυας,SUBSTANCE_PART:1,false,,,1,1,1,DIOSC_DMM,Dioscorides,diosc_full_v3,0.780,draft
βοτρυδιοις,βοτρυδίοις,βοτρυδιοις,SUBSTANCE_PART:1,false,,,1,1,1,DIOSC_DMM,Dioscorides,diosc_full_v3,0.750,draft
βοτρυες,βότρυες,βοτρυες,SUBSTANCE_PART:5,false,,,4,5,5,DIOSC_DMM;GAL_SMT;ORIB_CM;PAUL_AEG,Dioscorides;Galen;Oribasius;Paul,diosc_full_v3;entries_full_v3;paul_full_v3,0.854,draft
βοτρυιτις,βοτρυῖτις,βοτρυιτις,SUBSTANCE:4,false,,,4,4,4,AET_LM;DIOSC_DMM;GAL_SMT;PAUL_AEG,Aetius;Dioscorides;Galen;Paul,diosc_full_v3;entries_full_v3;paul_full_v3,0.770,draft
βοτρυς,βότρυς,βοτρυς,SUBSTANCE:3,false,,,2,3,3,DIOSC_DMM;PAUL_AEG,Dioscorides;Paul,diosc_full_v3;paul_full_v3,0.917,draft
βοτρυϊτις,βοτρυΐτις,βοτρυϊτις,SUBSTANCE:1,false,,,1,1,1,ORIB_CM,Oribasius,entries_full_v3,0.850,draft
βουβωνιον,βουβώνιον,βουβωνιον,SUBSTANCE:8,false,,,4,8,8,DIOSC_DMM;GAL_SMT;ORIB_CM;PAUL_AEG,Dioscorides;Galen;Oribasius;Paul,diosc_full_v3;entries_full_v3;paul_full_v3,0.859,draft
βουγλωσσον,βούγλωσσον,βουγλωσσον,SUBSTANCE:6,false,,,5,6,6,AET_LM;DIOSC_DMM;GAL_SMT;ORIB_CM;PAUL_AEG,Aetius;Dioscorides;Galen;Oribasius;Paul,diosc_full_v3;entries_full_v3;paul_full_v3,0.905,draft
βουγλωσσος,βούγλωσσος,βουγλωσσος,SUBSTANCE:1,false,,,1,1,1,DIOSC_DMM,Dioscorides,diosc_full_v3,0.700,draft
βουγλωττα,βούγλωττα,βουγλωττα,SUBSTANCE:1,false,,,1,1,1,AET_LM,Aetius,entries_full_v3,0.820,draft
βουκερων,βούκερων,βουκερων,SUBSTANCE:1,false,,,1,1,1,DIOSC_DMM,Dioscorides,diosc_full_v3,0.600,draft
βουκινους,βουκίνους,βουκινους,SUBSTANCE:1,false,,,1,1,1,DIOSC_DMM,Dioscorides,diosc_full_v3,0.700,draft
βουκινους μινορ,βουκίνους μίνορ,βουκινους μινορ,SUBSTANCE:1,true,βουκινους,,1,1,1,DIOSC_DMM,Dioscorides,diosc_full_v3,0.700,draft
βουνιας,βουνιάς,βουνιας,SUBSTANCE:2,false,,,2,2,2,DIOSC_DMM;GAL_ALIM,Dioscorides;Galen,diosc_full_v3;entries_full_v3,0.795,draft
βουνιον,βούνιον,βουνιον,SUBSTANCE:7,false,,,4,7,7,AET_LM;DIOSC_DMM;GAL_SMT;PAUL_AEG,Aetius;Dioscorides;Galen;Paul,diosc_full_v3;entries_full_v3;paul_full_v3,0.889,draft
βουπρηστις,βουπρήστις,βουπρηστις,SUBSTANCE:8,false,,,4,8,8,AET_LM;DIOSC_DMM;GAL_SMT;PAUL_AEG,Aetius;Dioscorides;Galen;Paul,diosc_full_v3;entries_full_v3;paul_full_v3,0.777,draft
βους,βοῦς,βους,SUBSTANCE:1,false,,,1,1,1,AET_LM,Aetius,entries_full_v3,0.700,draft
βους κοπρος,βοῦς κόπρος,βους κοπρος,SUBSTANCE:1,true,κοπρος,,1,1,1,AET_LM,Aetius,entries_full_v3,0.850,draft
βουτυρον,βούτυρον,βουτυρον,SUBSTANCE:17,false,,,5,17,17,AET_LM;DIOSC_DMM;GAL_SMT;ORIB_CM;PAUL_AEG,Aetius;Dioscorides;Galen;Oribasius;Paul,diosc_full_v3;entries_full_v3;paul_full_v3,0.911,draft
βουφθαλμον,βούφθαλμον,βουφθαλμον,SUBSTANCE:6,false,,,4,6,6,AET_LM;DIOSC_DMM;GAL_SMT;PAUL_AEG,Aetius;Dioscorides;Galen;Paul,diosc_full_v3;entries_full_v3;paul_full_v3,0.907,draft
βουφθαλμος,βούφθαλμος,βουφθαλμος,SUBSTANCE:1,false,,,1,1,1,ORIB_CM,Oribasius,entries_full_v3,0.900,draft
βοων κοπρος,βοῶν κόπρος,βοων κοπρος,SUBSTANCE:1,true,κοπρος,,1,1,1,GAL_SMT,Galen,entries_full_v3,0.850,draft
βραθυ,βράθυ,βραθυ,SUBSTANCE:5,false,,,5,5,5,AET_LM;DIOSC_DMM;GAL_SMT;ORIB_CM;PAUL_AEG,Aetius;Dioscorides;Galen;Oribasius;Paul,diosc_full_v3;entries_full_v3;paul_full_v3,0.924,draft
βραθυς,βράθυς,βραθυς,SUBSTANCE:2,false,,,1,2,2,AET_LM,Aetius,entries_full_v3,0.760,draft
βρεγμα,βρέγμα,βρεγμα,SUBSTANCE:1,false,,,1,1,1,DIOSC_DMM,Dioscorides,diosc_full_v3,0.700,draft
βρεκοκκιον,βρεκόκκιον,βρεκοκκιον,SUBSTANCE:1,false,,,1,1,1,DIOSC_DMM,Dioscorides,diosc_full_v3,0.450,draft
βρεξαντας,βρέξαντας,βρεξαντας,SUBSTANCE:1,false,,,1,1,1,GAL_SMT,Galen,entries_full_v3,0.450,draft
βρετανικη ποα,βρετανική πόα,βρετανικη ποα,SUBSTANCE:1,true,ποα,,1,1,1,GAL_SMT,Galen,entries_full_v3,0.800,draft
βρεττανικη,βρεττανική,βρεττανικη,SUBSTANCE:3,false,,,3,3,3,DIOSC_DMM;ORIB_CM;PAUL_AEG,Dioscorides;Oribasius;Paul,diosc_full_v3;entries_full_v3;paul_full_v3,0.897,draft
βρεττανικης τα φυλλα,Βρεττανικῆς τὰ φύλλα,βρεττανικης τα φυλλα,SUBSTANCE_PART:1,true,,,1,1,1,ORIB_CM,Oribasius,entries_full_v3,0.850,draft
βρομος,βρόμος,βρομος,SUBSTANCE:6,false,,,5,6,6,AET_LM;DIOSC_DMM;GAL_SMT;ORIB_CM;PAUL_AEG,Aetius;Dioscorides;Galen;Oribasius;Paul,diosc_full_v3;entries_full_v3;paul_full_v3,0.892,draft
βρουλλοκυπερον,βρουλλοκύπερον,βρουλλοκυπερον,SUBSTANCE:1,false,,,1,1,1,AET_LM,Aetius,entries_full_v3,0.600,draft
βρουχος,βροῦχος,βρουχος,SUBSTANCE:1,false,,,1,1,1,DIOSC_DMM,Dioscorides,diosc_full_v3,0.750,draft
βρυον,βρύον,βρυον,SUBSTANCE:18,true,βρυον,,5,17,18,AET_LM;DIOSC_DMM;GAL_SMT;ORIB_CM;PAUL_AEG,Aetius;Dioscorides;Galen;Oribasius;Paul,diosc_full_v3;entries_full_v3;paul_full_v3,0.814,draft
βρυον θαλασσιον,βρύον θαλάσσιον,βρυον θαλασσιον,SUBSTANCE:3,true,βρυον,,3,3,3,DIOSC_DMM;ORIB_CM;PAUL_AEG,Dioscorides;Oribasius;Paul,diosc_full_v3;entries_full_v3;paul_full_v3,0.943,draft
βρυον θαλαττιον,βρύον θαλάττιον,βρυον θαλαττιον,SUBSTANCE:2,true,βρυον,,2,2,2,AET_LM;GAL_SMT,Aetius;Galen,entries_full_v3,0.880,draft
βρυττια πισσα,Βρυττία πίσσα,βρυττια πισσα,SUBSTANCE:1,true,πισσα,βρυττια,1,1,1,AET_LM,Aetius,entries_full_v3,0.850,draft
βρυωνια,βρυωνία,βρυωνια,SUBSTANCE:12,false,,,4,12,12,AET_LM;DIOSC_DMM;GAL_SMT;PAUL_AEG,Aetius;Dioscorides;Galen;Paul,diosc_full_v3;entries_full_v3;paul_full_v3,0.821,draft
βρωμα,βρῶμα,βρωμα,SUBSTANCE:1,false,,,1,1,1,PAUL_AEG,Paul,paul_full_v3,0.800,draft
βυρσοδεψικη,βυρσοδεψική,βυρσοδεψικη,SUBSTANCE:1,false,,,1,1,1,GAL_SMT,Galen,entries_full_v3,0.820,draft
βυρσοδεψικη ρους,βυρσοδεψικὴ ῥοῦς,βυρσοδεψικη ρους,SUBSTANCE:1,true,ρους,,1,1,1,DIOSC_DMM,Dioscorides,diosc_full_v3,0.850,draft
βωλιτης,βωλίτης,βωλιτης,SUBSTANCE:1,false,,,1,1,1,GAL_ALIM,Galen,entries_full_v3,0.880,draft
βωλος,βῶλος,βωλος,SUBSTANCE:4,false,,,3,4,4,AET_LM;GAL_SMT;PAUL_AEG,Aetius;Galen;Paul,entries_full_v3;paul_full_v3,0.853,draft
γαγατης,γαγάτης,γαγατης,SUBSTANCE:7,false,,λυκια,4,7,7,AET_LM;DIOSC_DMM;GAL_SMT;PAUL_AEG,Aetius;Dioscorides;Galen;Paul,diosc_full_v3;entries_full_v3;paul_full_v3,0.869,draft
γαγατης λιθος,γαγάτης λίθος,γαγατης λιθος,SUBSTANCE:2,true,λιθος,,2,2,2,AET_LM;DIOSC_DMM,Aetius;Dioscorides,diosc_full_v3;entries_full_v3,0.810,draft
γαλα,γάλα,γαλα,SUBSTANCE:128,false,,,6,128,128,AET_LM;DIOSC_DMM;GAL_ALIM;GAL_SMT;ORIB_CM;PAUL_AEG,Aetius;Dioscorides;Galen;Oribasius;Paul,diosc_full_v3;entries_full_v3;paul_full_v3,0.854,draft
γαλα αιγειον,γάλα αἴγειον,γαλα αιγειον,SUBSTANCE:1,true,γαλα,,1,1,1,DIOSC_DMM,Dioscorides,diosc_full_v3,0.880,draft
γαλα αρρενοτοκου γυναικος,γάλα ἀρρενοτόκου γυναικός,γαλα αρρενοτοκου γυναικος,SUBSTANCE:1,true,γαλα,,1,1,1,DIOSC_DMM,Dioscorides,diosc_full_v3,0.750,draft
γαλα ατυρωτον,γάλα ἀτύρωτον,γαλα ατυρωτον,SUBSTANCE:1,true,γαλα,,1,1,1,DIOSC_DMM,Dioscorides,diosc_full_v3,0.840,draft
γαλα βοειον,γάλα βόειον,γαλα βοειον,SUBSTANCE:3,true,γαλα,,2,3,3,AET_LM;DIOSC_DMM,Aetius;Dioscorides,diosc_full_v3;entries_full_v3,0.853,draft
γαλα γυναικειον,γάλα γυναικεῖον,γαλα γυναικειον,SUBSTANCE:8,true,γαλα,,2,8,8,AET_LM;DIOSC_DMM,Aetius;Dioscorides,diosc_full_v3;entries_full_v3,0.815,draft
γαλα γυναικος,γάλα γυναικός,γαλα γυναικος,SUBSTANCE:2,true,γαλα,,2,2,2,DIOSC_DMM;PAUL_AEG,Dioscorides;Paul,diosc_full_v3;paul_full_v3,0.815,draft
γαλα θρομβωθεν,γάλα θρομβωθέν,γαλα θρομβωθεν,SUBSTANCE:1,true,γαλα,,1,1,1,DIOSC_DMM,Dioscorides,diosc_full_v3,0.850,draft
γαλα κυνος,γάλα κυνός,γαλα κυνος,SUBSTANCE:1,true,γαλα,,1,1,1,GAL_SMT,Galen,entries_full_v3,0.880,draft
γαλα ονειον,γάλα ὄνειον,γαλα ονειον,SUBSTANCE:1,true,γαλα,,1,1,1,DIOSC_DMM,Dioscorides,diosc_full_v3,0.850,draft
γαλα πεπηγος,γάλα πεπηγός,γαλα πεπηγος,SUBSTANCE:1,true,γαλα,,1,1,1,ORIB_CM,Oribasius,entries_full_v3,0.750,draft
γαλα πρωτοτοκου κυνος,γάλα πρωτοτόκου κυνός,γαλα πρωτοτοκου κυνος,SUBSTANCE:1,true,γαλα,,1,1,1,DIOSC_DMM,Dioscorides,diosc_full_v3,0.750,draft
γαλα σχιστον,γάλα σχιστόν,γαλα σχιστον,SUBSTANCE:1,true,γαλα,,1,1,1,GAL_SMT,Galen,entries_full_v3,0.840,draft
γαλαγγα,γαλαγγά,γαλαγγα,SUBSTANCE:1,false,,,1,1,1,AET_LM,Aetius,entries_full_v3,0.620,draft
γαλαιριον,γαλαίριον,γαλαιριον,SUBSTANCE:1,false,,,1,1,1,DIOSC_DMM,Dioscorides,diosc_full_v3,0.720,draft
γαλακτιτης,γαλακτίτης,γαλακτιτης,SUBSTANCE:10,false,,,5,10,10,AET_LM;DIOSC_DMM;GAL_SMT;ORIB_CM;PAUL_AEG,Aetius;Dioscorides;Galen;Oribasius;Paul,diosc_full_v3;entries_full_v3;paul_full_v3,0.897,draft
γαλακτος λιπος,γάλακτος λίπος,γαλακτος λιπος,SUBSTANCE_PART:1,true,,,1,1,1,DIOSC_DMM,Dioscorides,diosc_full_v3,0.760,draft
γαλακτος τυρωδες,γάλακτος τυρῶδες,γαλακτος τυρωδες,SUBSTANCE_PART:1,true,,,1,1,1,AET_LM,Aetius,entries_full_v3,0.600,draft
γαλαξια,γαλαξία,γαλαξια,SUBSTANCE:1,false,,αιγυπτος,1,1,1,DIOSC_DMM,Dioscorides,diosc_full_v3,0.750,draft
γαλατικος,Γαλατικός,γαλατικος,SUBSTANCE:1,false,,,1,1,1,DIOSC_DMM,Dioscorides,diosc_full_v3,0.600,draft
γαλατιον,γαλάτιον,γαλατιον,SUBSTANCE:1,false,,,1,1,1,DIOSC_DMM,Dioscorides,diosc_full_v3,0.720,draft
γαλεοβδολον,γαλεόβδολον,γαλεοβδολον,SUBSTANCE:1,false,,,1,1,1,DIOSC_DMM,Dioscorides,diosc_full_v3,0.900,draft
γαλη,γαλῆ,γαλη,SUBSTANCE:4,false,,,4,4,4,AET_LM;DIOSC_DMM;GAL_SMT;PAUL_AEG,Aetius;Dioscorides;Galen;Paul,diosc_full_v3;entries_full_v3;paul_full_v3,0.720,draft
γαλη κατοικιδιος,γαλῆ κατοικίδιος,γαλη κατοικιδιος,SUBSTANCE:1,true,γαλη,,1,1,1,DIOSC_DMM,Dioscorides,diosc_full_v3,0.600,draft
γαληοψις,γαλήοψις,γαληοψις,SUBSTANCE:1,false,,,1,1,1,DIOSC_DMM,Dioscorides,diosc_full_v3,0.950,draft
γαληψις,γάληψις,γαληψις,SUBSTANCE:1,false,,,1,1,1,DIOSC_DMM,Dioscorides,diosc_full_v3,0.900,draft
γαλιβδολον,γαλίβδολον,γαλιβδολον,SUBSTANCE:1,false,,,1,1,1,PAUL_AEG,Paul,paul_full_v3,0.850,draft
γαλιον,γάλιον,γαλιον,SUBSTANCE:2,false,,,2,2,2,DIOSC_DMM;PAUL_AEG,Dioscorides;Paul,diosc_full_v3;paul_full_v3,0.935,draft
γαλιψις,γάλιψις,γαλιψις,SUBSTANCE:1,false,,,1,1,1,PAUL_AEG,Paul,paul_full_v3,0.950,draft
γαλλικος,Γαλλικός,γαλλικος,SUBSTANCE:1,false,,,1,1,1,DIOSC_DMM,Dioscorides,diosc_full_v3,0.550,draft
γαλλιον,γάλλιον,γαλλιον,SUBSTANCE:2,false,,,2,2,2,GAL_SMT;ORIB_CM,Galen;Oribasius,entries_full_v3,0.925,draft
γαρος,γάρος,γαρος,SUBSTANCE:22,false,,,5,22,22,AET_LM;DIOSC_DMM;GAL_ALIM;GAL_SMT;PAUL_AEG,Aetius;Dioscorides;Galen;Paul,diosc_full_v3;entries_full_v3;paul_full_v3,0.866,draft
γαρουλεου,γαρουλέου,γαρουλεου,SUBSTANCE:1,false,,,1,1,1,DIOSC_DMM,Dioscorides,diosc_full_v3,0.550,draft
γεντιανη,γεντιανή,γεντιανη,SUBSTANCE:11,false,,,5,11,11,AET_LM;DIOSC_DMM;GAL_SMT;ORIB_CM;PAUL_AEG,Aetius;Dioscorides;Galen;Oribasius;Paul,diosc_full_v3;entries_full_v3;paul_full_v3,0.853,draft
γεντιανης ριζα,Γεντιανῆς ῥίζα,γεντιανης ριζα,SUBSTANCE_PART:2,true,,,2,2,2,ORIB_CM;PAUL_AEG,Oribasius;Paul,entries_full_v3;paul_full_v3,0.935,draft
γεντιανης ριζης,γεντιανῆς ῥίζης,γεντιανης ριζης,SUBSTANCE_PART:1,true,,,1,1,1,DIOSC_DMM,Dioscorides,diosc_full_v3,0.900,draft
γερανιον,γεράνιον,γερανιον,SUBSTANCE:2,false,,,2,2,2,DIOSC_DMM;PAUL_AEG,Dioscorides;Paul,diosc_full_v3;paul_full_v3,0.910,draft
γερανος,γέρανος,γερανος,SUBSTANCE:1,false,,,1,1,1,AET_LM,Aetius,entries_full_v3,0.820,draft
γερανων σαρξ,γεράνων σὰρξ,γερανων σαρξ,SUBSTANCE_PART:1,true,,,1,1,1,AET_LM,Aetius,entries_full_v3,0.860,draft
γεωδης,γεώδης,γεωδης,SUBSTANCE:3,false,,,3,3,3,GAL_SMT;ORIB_CM;PAUL_AEG,Galen;Oribasius;Paul,entries_full_v3;paul_full_v3,0.667,draft
γεωργουμενη γη,γεωργουμένη γῆ,γεωργουμενη γη,SUBSTANCE:1,true,γη,,1,1,1,GAL_SMT,Galen,entries_full_v3,0.660,draft
γη,γῆ,γη,SUBSTANCE:49,false,,,5,49,49,AET_LM;DIOSC_DMM;GAL_SMT;ORIB_CM;PAUL_AEG,Aetius;Dioscorides;Galen;Oribasius;Paul,diosc_full_v3;entries_full_v3;paul_full_v3,0.843,draft
γη αιγυπτιακη,γῆ Αἰγυπτιακή,γη αιγυπτιακη,SUBSTANCE:1,true,γη,αιγυπτος,1,1,1,AET_LM,Aetius,entries_full_v3,0.880,draft
γη ακαυστος,γῆ ἄκαυστος,γη ακαυστος,SUBSTANCE:1,true,γη,,1,1,1,AET_LM,Aetius,entries_full_v3,0.850,draft
γη ακαυτος,γῆ ἄκαυτος,γη ακαυτος,SUBSTANCE:1,true,γη,,1,1,1,AET_LM,Aetius,entries_full_v3,0.760,draft
γη γεωργουμενη,γῆ γεωργουμένη,γη γεωργουμενη,SUBSTANCE:1,true,γη,,1,1,1,AET_LM,Aetius,entries_full_v3,0.720,draft
γη ιπνιτις,γῆ ἰπνῖτις,γη ιπνιτις,SUBSTANCE:1,true,γη,,1,1,1,ORIB_CM,Oribasius,entries_full_v3,0.900,draft
γη κιμωλια,γῆ κιμωλία,γη κιμωλια,SUBSTANCE:2,true,γη,,1,2,2,DIOSC_DMM,Dioscorides,diosc_full_v3,0.815,draft
γη κρητικη,γῆ Κρητική,γη κρητικη,SUBSTANCE:1,true,γη,,1,1,1,AET_LM,Aetius,entries_full_v3,0.900,draft
γη λευκη,γῆ λευκή,γη λευκη,SUBSTANCE:1,true,γη,,1,1,1,AET_LM,Aetius,entries_full_v3,0.840,draft
γη λιπαρα,γῆ λιπαρά,γη λιπαρα,SUBSTANCE:1,true,γη,,1,1,1,AET_LM,Aetius,entries_full_v3,0.760,draft
γη μελαινα,γῆ μέλαινα,γη μελαινα,SUBSTANCE:1,true,γη,,1,1,1,AET_LM,Aetius,entries_full_v3,0.880,draft
γη σαμια,γῆ Σαμία,γη σαμια,SUBSTANCE:1,true,γη,,1,1,1,AET_LM,Aetius,entries_full_v3,0.900,draft
γη σποδοειδης,γῆ σποδοειδής,γη σποδοειδης,SUBSTANCE:1,true,γη,,1,1,1,DIOSC_DMM,Dioscorides,diosc_full_v3,0.760,draft
γη χια,γῆ Χία,γη χια,SUBSTANCE:1,true,γη,χιος,1,1,1,DIOSC_DMM,Dioscorides,diosc_full_v3,0.900,draft
γηρας,γῆρας,γηρας,SUBSTANCE:2,false,,,2,2,2,GAL_SMT;PAUL_AEG,Galen;Paul,entries_full_v3;paul_full_v3,0.650,draft
γηρας οφεως,γῆρας ὄφεως,γηρας οφεως,SUBSTANCE:2;SUBSTANCE_PART:1,true,γηρας,,3,3,3,DIOSC_DMM;GAL_SMT;PAUL_AEG,Dioscorides;Galen;Paul,diosc_full_v3;entries_full_v3;paul_full_v3,0.760,draft
γης εντερα,γῆς ἔντερα,γης εντερα,SUBSTANCE:1,true,εντερον,,1,1,1,DIOSC_DMM,Dioscorides,diosc_full_v3,0.750,draft
γης εντερον,γῆς ἔντερον,γης εντερον,SUBSTANCE:1,true,εντερον,,1,1,1,GAL_SMT,Galen,entries_full_v3,0.720,draft
γιγαρτα,γίγαρτα,γιγαρτα,SUBSTANCE_PART:4,false,,,3,4,4,AET_LM;GAL_ALIM;GAL_SMT,Aetius;Galen,entries_full_v3,0.782,draft
γιγαρτα σταφυλης,γίγαρτὰ σταφυλῆς,γιγαρτα σταφυλης,SUBSTANCE_PART:1,true,,,1,1,1,AET_LM,Aetius,entries_full_v3,0.800,draft
γιγαρτα σταφυλων,γίγαρτα σταφυλῶν,γιγαρτα σταφυλων,SUBSTANCE_PART:2,true,,,1,2,2,GAL_SMT,Galen,entries_full_v3,0.800,draft
γιγαρτα της ροας,γίγαρτα τῆς ῥόας,γιγαρτα της ροας,SUBSTANCE_PART:1,true,,,1,1,1,AET_LM,Aetius,entries_full_v3,0.900,draft
γιγαρτον,γίγαρτον,γιγαρτον,SUBSTANCE:5,false,,,4,5,5,AET_LM;GAL_SMT;ORIB_CM;PAUL_AEG,Aetius;Galen;Oribasius;Paul,entries_full_v3;paul_full_v3,0.872,draft
γιγαρτων,γιγάρτων,γιγαρτων,SUBSTANCE_PART:1,false,,,1,1,1,GAL_ALIM,Galen,entries_full_v3,0.750,draft
γιγγιβερι,γιγγίβερι,γιγγιβερι,SUBSTANCE:1,false,,,1,1,1,GAL_SMT,Galen,entries_full_v3,0.900,draft
γιγγιδιον,γιγγίδιον,γιγγιδιον,SUBSTANCE:9,false,,,5,9,9,AET_LM;DIOSC_DMM;GAL_SMT;ORIB_CM;PAUL_AEG,Aetius;Dioscorides;Galen;Oribasius;Paul,diosc_full_v3;entries_full_v3;paul_full_v3,0.813,draft
γιζιρ,γίζιρ,γιζιρ,SUBSTANCE:1,false,,,1,1,1,DIOSC_DMM,Dioscorides,diosc_full_v3,0.720,draft
γλαδιολον,γλαδίολον,γλαδιολον,SUBSTANCE:1,false,,,1,1,1,DIOSC_DMM,Dioscorides,diosc_full_v3,0.800,draft
γλαυκιον,γλαύκιον,γλαυκιον,SUBSTANCE:9,false,,,5,9,9,AET_LM;DIOSC_DMM;GAL_SMT;ORIB_CM;PAUL_AEG,Aetius;Dioscorides;Galen;Oribasius;Paul,diosc_full_v3;entries_full_v3;paul_full_v3,0.878,draft
γλαυκος,γλαῦκος,γλαυκος,SUBSTANCE:1,false,,,1,1,1,AET_LM,Aetius,entries_full_v3,0.600,draft
γλαυξ,γλαύξ,γλαυξ,SUBSTANCE:4,false,,,4,4,4,DIOSC_DMM;GAL_SMT;ORIB_CM;PAUL_AEG,Dioscorides;Galen;Oribasius;Paul,diosc_full_v3;entries_full_v3;paul_full_v3,0.887,draft
γλευκινης,γλευκίνης,γλευκινης,SUBSTANCE:1,false,,,1,1,1,ORIB_CM,Oribasius,entries_full_v3,0.700,draft
γλευκινιτης,γλευκινίτης,γλευκινιτης,SUBSTANCE:1,false,,,1,1,1,PAUL_AEG,Paul,paul_full_v3,0.900,draft
γλευκινον ελαιον,γλευκίνον ἔλαιον,γλευκινον ελαιον,SUBSTANCE:1,true,ελαιον,,1,1,1,AET_LM,Aetius,entries_full_v3,0.840,draft
γλευκος,γλεῦκος,γλευκος,SUBSTANCE:38,false,,,4,38,38,DIOSC_DMM;GAL_ALIM;GAL_SMT;PAUL_AEG,Dioscorides;Galen;Paul,diosc_full_v3;entries_full_v3;paul_full_v3,0.864,draft
γλευκος τεθαλασσωμενον,γλεῦκος τεθαλασσωμένον,γλευκος τεθαλασσωμενον,SUBSTANCE:1,true,γλευκος,,1,1,1,DIOSC_DMM,Dioscorides,diosc_full_v3,0.700,draft
γληχων,γλήχων,γληχων,SUBSTANCE:25,false,,,6,25,25,AET_LM;DIOSC_DMM;GAL_ALIM;GAL_SMT;ORIB_CM;PAUL_AEG,Aetius;Dioscorides;Galen;Oribasius;Paul,diosc_full_v3;entries_full_v3;paul_full_v3,0.874,draft
γληχων αγρια,γλήχων ἀγρία,γληχων αγρια,SUBSTANCE:2,true,γληχων,,1,2,2,DIOSC_DMM,Dioscorides,diosc_full_v3,0.825,draft
γληχων ημερος,γλήχων ἥμερος,γληχων ημερος,SUBSTANCE:1,true,γληχων,,1,1,1,DIOSC_DMM,Dioscorides,diosc_full_v3,0.850,draft
γληχωνιτης,γληχωνίτης,γληχωνιτης,SUBSTANCE:1,false,,,1,1,1,DIOSC_DMM,Dioscorides,diosc_full_v3,0.780,draft
γλισχρος χυμος,γλίσχρος χυμός,γλισχρος χυμος,SUBSTANCE:3,true,χυμος,,3,3,3,AET_LM;GAL_SMT;PAUL_AEG,Aetius;Galen;Paul,entries_full_v3;paul_full_v3,0.690,draft
γλοιος,γλοιός,γλοιος,SUBSTANCE:5,true,γλοιος,βαλανειον,4,4,5,AET_LM;GAL_SMT;ORIB_CM;PAUL_AEG,Aetius;Galen;Oribasius;Paul,entries_full_v3;paul_full_v3,0.824,draft
γλοιος απο βαλανειου,γλοιός ἀπὸ βαλανείου,γλοιος απο βαλανειου,SUBSTANCE:1,true,γλοιος,βαλανειον,1,1,1,AET_LM,Aetius,entries_full_v3,0.720,draft
γλυκειος,γλυκεῖος,γλυκειος,SUBSTANCE:1,false,,,1,1,1,DIOSC_DMM,Dioscorides,diosc_full_v3,0.720,draft
γλυκυ,γλυκύ,γλυκυ,SUBSTANCE:17,false,,,3,17,17,AET_LM;DIOSC_DMM;GAL_SMT,Aetius;Dioscorides;Galen,diosc_full_v3;entries_full_v3,0.621,draft
γλυκυ αμυγδαλον,γλυκὺ ἀμύγδαλον,γλυκυ αμυγδαλον,SUBSTANCE:1,true,αμυγδαλον,,1,1,1,AET_LM,Aetius,entries_full_v3,0.700,draft
γλυκυ ελαιον,γλυκὺ ἔλαιον,γλυκυ ελαιον,SUBSTANCE:4,true,ελαιον,,1,4,4,AET_LM,Aetius,entries_full_v3,0.752,draft
γλυκυριζα,γλυκύριζα,γλυκυριζα,SUBSTANCE:4,false,,,3,4,4,AET_LM;GAL_SMT;PAUL_AEG,Aetius;Galen;Paul,entries_full_v3;paul_full_v3,0.840,draft
γλυκυριζον,γλυκύριζον,γλυκυριζον,SUBSTANCE:1,false,,,1,1,1,PAUL_AEG,Paul,paul_full_v3,0.960,draft
γλυκυρριζα,γλυκύρριζα,γλυκυρριζα,SUBSTANCE:4,false,,,3,4,4,AET_LM;DIOSC_DMM;ORIB_CM,Aetius;Dioscorides;Oribasius,diosc_full_v3;entries_full_v3,0.912,draft
γλυκυς,γλυκύς,γλυκυς,SUBSTANCE:14,false,,,3,14,14,DIOSC_DMM;ORIB_CM;PAUL_AEG,Dioscorides;Oribasius;Paul,diosc_full_v3;entries_full_v3;paul_full_v3,0.604,draft
γλυκυς αγκων,γλυκὺς ἀγκών,γλυκυς αγκων,SUBSTANCE:1,true,αγκων,,1,1,1,DIOSC_DMM,Dioscorides,diosc_full_v3,0.560,draft
γλυκυς αμυγδαλον,γλυκύς ἀμύγδαλον,γλυκυς αμυγδαλον,SUBSTANCE:1,true,αμυγδαλον,,1,1,1,ORIB_CM,Oribasius,entries_full_v3,0.740,draft
γλυκυς οινος,γλυκύς οἶνος,γλυκυς οινος,SUBSTANCE:3,true,οινος,,3,3,3,AET_LM;DIOSC_DMM;GAL_ALIM,Aetius;Dioscorides;Galen,diosc_full_v3;entries_full_v3,0.817,draft
γλυκυσιδη,γλυκυσίδη,γλυκυσιδη,SUBSTANCE:3,false,,,3,3,3,DIOSC_DMM;ORIB_CM;PAUL_AEG,Dioscorides;Oribasius;Paul,diosc_full_v3;entries_full_v3;paul_full_v3,0.903,draft
γλυκυσιδης,γλυκυσίδης,γλυκυσιδης,SUBSTANCE:3,false,,,2,3,3,AET_LM;GAL_SMT,Aetius;Galen,entries_full_v3,0.767,draft
γλυκυτατον ελαιον,γλυκύτατον ἔλαιον,γλυκυτατον ελαιον,SUBSTANCE:3,true,ελαιον,,1,3,3,AET_LM,Aetius,entries_full_v3,0.760,draft
γναφαλιον,γναφάλιον,γναφαλιον,SUBSTANCE:3,false,,,3,3,3,AET_LM;GAL_SMT;PAUL_AEG,Aetius;Galen;Paul,entries_full_v3;paul_full_v3,0.933,draft
γναφαλλιον,γναφάλλιον,γναφαλλιον,SUBSTANCE:2,false,,,2,2,2,DIOSC_DMM;ORIB_CM,Dioscorides;Oribasius,diosc_full_v3;entries_full_v3,0.950,draft
γναφαλλον,γνάφαλλον,γναφαλλον,SUBSTANCE:1,false,,,1,1,1,DIOSC_DMM,Dioscorides,diosc_full_v3,0.800,draft
γναφικη ακανθα,γναφικὴ ἄκανθα,γναφικη ακανθα,SUBSTANCE:2,true,ακανθα,,2,2,2,DIOSC_DMM;PAUL_AEG,Dioscorides;Paul,diosc_full_v3;paul_full_v3,0.820,draft
γογγρικος,Γογγρικός,γογγρικος,SUBSTANCE:1,false,,,1,1,1,ORIB_CM,Oribasius,entries_full_v3,0.600,draft
γογγρος,γόγγρος,γογγρος,SUBSTANCE:1,false,,,1,1,1,AET_LM,Aetius,entries_full_v3,0.700,draft
γογγυλη,γογγύλη,γογγυλη,SUBSTANCE:1,false,,,1,1,1,DIOSC_DMM,Dioscorides,diosc_full_v3,0.900,draft
γογγυλιδος η ριζα,Γογγυλίδος ἡ ῥίζα,γογγυλιδος η ριζα,SUBSTANCE_PART:1,true,,,1,1,1,ORIB_CM,Oribasius,entries_full_v3,0.850,draft
γογγυλιδος ριζα,Γογγυλίδος ῥίζα,γογγυλιδος ριζα,SUBSTANCE_PART:1,true,,,1,1,1,PAUL_AEG,Paul,paul_full_v3,0.950,draft
γογγυλιδος σπερμα,γογγυλίδος σπέρμα,γογγυλιδος σπερμα,SUBSTANCE_PART:2,true,,,2,2,2,GAL_SMT;PAUL_AEG,Galen;Paul,entries_full_v3;paul_full_v3,0.925,draft
γογγυλιδος το σπερμα,Γογγυλίδος τὸ σπέρμα,γογγυλιδος το σπερμα,SUBSTANCE_PART:1,true,,,1,1,1,ORIB_CM,Oribasius,entries_full_v3,0.850,draft
γογγυλις,γογγυλίς,γογγυλις,SUBSTANCE:9,false,,,6,9,9,AET_LM;DIOSC_DMM;GAL_ALIM;GAL_SMT;ORIB_CM;PAUL_AEG,Aetius;Dioscorides;Galen;Oribasius;Paul,diosc_full_v3;entries_full_v3;paul_full_v3,0.770,draft
γογυρικος,γογυρικός,γογυρικος,SUBSTANCE:1,false,,,1,1,1,AET_LM,Aetius,entries_full_v3,0.600,draft
γομφιτης,γομφίτης,γομφιτης,SUBSTANCE:1,false,,,1,1,1,AET_LM,Aetius,entries_full_v3,0.580,draft
γονασι,γόνασι,γονασι,SUBSTANCE_PART:1,false,,,1,1,1,DIOSC_DMM,Dioscorides,diosc_full_v3,0.720,draft
γονη,γονή,γονη,SUBSTANCE:6,false,,,4,6,6,AET_LM;DIOSC_DMM;GAL_SMT;PAUL_AEG,Aetius;Dioscorides;Galen;Paul,diosc_full_v3;entries_full_v3;paul_full_v3,0.768,draft
γονος,γόνος,γονος,SUBSTANCE:1,false,,,1,1,1,GAL_SMT,Galen,entries_full_v3,0.820,draft
γονυ,γόνυ,γονυ,SUBSTANCE_PART:2,false,,,1,2,2,DIOSC_DMM,Dioscorides,diosc_full_v3,0.745,draft
γοργιλον,γόργιλον,γοργιλον,SUBSTANCE:1,false,,,1,1,1,PAUL_AEG,Paul,paul_full_v3,0.950,draft
γοργυνθια,γοργυνθία,γοργυνθια,SUBSTANCE:1,false,,,1,1,1,DIOSC_DMM,Dioscorides,diosc_full_v3,0.700,draft
γουβωνιον,γουβώνιον,γουβωνιον,SUBSTANCE:1,false,,,1,1,1,AET_LM,Aetius,entries_full_v3,0.700,draft
γραφικον μελαν,γραφικὸν μέλαν,γραφικον μελαν,SUBSTANCE:1,true,μελαν,,1,1,1,GAL_ALIM,Galen,entries_full_v3,0.600,draft
γραφις,γραφίς,γραφις,SUBSTANCE:1,false,,αιγυπτος,1,1,1,GAL_SMT,Galen,entries_full_v3,0.650,draft
γυμμαθ,γυμμάθ,γυμμαθ,SUBSTANCE:1,false,,,1,1,1,DIOSC_DMM,Dioscorides,diosc_full_v3,0.520,draft
γυναικειον γαλα,γυναικεῖον γάλα,γυναικειον γαλα,SUBSTANCE:2,true,γαλα,,2,2,2,DIOSC_DMM;GAL_SMT,Dioscorides;Galen,diosc_full_v3;entries_full_v3,0.810,draft
γυρη,γύρη,γυρη,SUBSTANCE:2,false,,,2,2,2,DIOSC_DMM;PAUL_AEG,Dioscorides;Paul,diosc_full_v3;paul_full_v3,0.710,draft
γυρις,γῦρις,γυρις,SUBSTANCE:5,false,,,4,5,5,AET_LM;DIOSC_DMM;GAL_SMT;PAUL_AEG,Aetius;Dioscorides;Galen;Paul,diosc_full_v3;entries_full_v3;paul_full_v3,0.684,draft
γυψος,γύψος,γυψος,SUBSTANCE:12,false,,,5,12,12,AET_LM;DIOSC_DMM;GAL_SMT;ORIB_CM;PAUL_AEG,Aetius;Dioscorides;Galen;Oribasius;Paul,diosc_full_v3;entries_full_v3;paul_full_v3,0.872,draft
δαδινον,δάδινον,δαδινον,SUBSTANCE:1,false,,,1,1,1,GAL_SMT,Galen,entries_full_v3,0.840,draft
δαδινος,δᾴδινος,δαδινος,SUBSTANCE:1,false,,,1,1,1,ORIB_CM,Oribasius,entries_full_v3,0.720,draft
δαδιον,δᾳδίον,δαδιον,SUBSTANCE:4,false,,,1,4,4,DIOSC_DMM,Dioscorides,diosc_full_v3,0.723,draft
δαδις,δᾶδις,δαδις,SUBSTANCE:1,false,,,1,1,1,DIOSC_DMM,Dioscorides,diosc_full_v3,0.650,draft
δαια,δαία,δαια,SUBSTANCE:1,false,,,1,1,1,DIOSC_DMM,Dioscorides,diosc_full_v3,0.550,draft
δαιοι δακτυλοι,δαίοι δάκτυλοι,δαιοι δακτυλοι,SUBSTANCE:1,true,,,1,1,1,DIOSC_DMM,Dioscorides,diosc_full_v3,0.800,draft
δακρυον,δάκρυον,δακρυον,SUBSTANCE:12;SUBSTANCE_PART:7,false,,ηριδανος;περσις,5,19,19,AET_LM;DIOSC_DMM;GAL_SMT;ORIB_CM;PAUL_AEG,Aetius;Dioscorides;Galen;Oribasius;Paul,diosc_full_v3;entries_full_v3;paul_full_v3,0.758,draft
δακρυον δενδρου,δάκρυον δένδρου,δακρυον δενδρου,SUBSTANCE:1,true,δακρυον,περσις,1,1,1,DIOSC_DMM,Dioscorides,diosc_full_v3,0.660,draft
δακτυλιτις,δακτυλῖτις,δακτυλιτις,SUBSTANCE:1,false,,,1,1,1,DIOSC_DMM,Dioscorides,diosc_full_v3,0.860,draft
δακτυλων οστα,δακτύλων ὀστᾶ,δακτυλων οστα,SUBSTANCE_PART:1,false,,,1,1,1,GAL_SMT,Galen,entries_full_v3,0.560,draft
δαλον πιτυινης,δαλὸν πιτυίνης,δαλον πιτυινης,SUBSTANCE_PART:1,true,,,1,1,1,DIOSC_DMM,Dioscorides,diosc_full_v3,0.700,draft
δαμαλις,δάμαλις,δαμαλις,SUBSTANCE:1,false,,,1,1,1,DIOSC_DMM,Dioscorides,diosc_full_v3,0.550,draft
δαμασκηνον,δαμασκηνόν,δαμασκηνον,SUBSTANCE:2,false,,,1,2,2,PAUL_AEG,Paul,paul_full_v3,0.800,draft
δαμασκηνον κοκκυμηλον,δαμασκηνὸν κοκκύμηλον,δαμασκηνον κοκκυμηλον,SUBSTANCE:2,true,κοκκυμηλον,δαμασκος,2,2,2,AET_LM;GAL_SMT,Aetius;Galen,entries_full_v3,0.855,draft
δαμασωνιον,δαμασώνιον,δαμασωνιον,SUBSTANCE:5,false,,,5,5,5,AET_LM;DIOSC_DMM;GAL_SMT;ORIB_CM;PAUL_AEG,Aetius;Dioscorides;Galen;Oribasius;Paul,diosc_full_v3;entries_full_v3;paul_full_v3,0.866,draft
δαναη,Δανάη,δαναη,SUBSTANCE:1,false,,,1,1,1,DIOSC_DMM,Dioscorides,diosc_full_v3,0.600,draft
δαρκα,δάρκα,δαρκα,SUBSTANCE:1,false,,,1,1,1,DIOSC_DMM,Dioscorides,diosc_full_v3,0.700,draft
δας,δᾶς,δας,SUBSTANCE:2,false,,,2,2,2,AET_LM;PAUL_AEG,Aetius;Paul,entries_full_v3;paul_full_v3,0.715,draft
δαυκον,δαῦκον,δαυκον,SUBSTANCE:4,false,,,3,4,4,AET_LM;DIOSC_DMM;GAL_SMT,Aetius;Dioscorides;Galen,diosc_full_v3;entries_full_v3,0.818,draft
δαυκον αγριον,δαῦκον ἄγριον,δαυκον αγριον,SUBSTANCE:3,true,δαυκον,,3,3,3,AET_LM;DIOSC_DMM;GAL_SMT,Aetius;Dioscorides;Galen,diosc_full_v3;entries_full_v3,0.847,draft
δαυκος,δαῦκος,δαυκος,SUBSTANCE:15,false,,,5,15,15,AET_LM;DIOSC_DMM;GAL_SMT;ORIB_CM;PAUL_AEG,Aetius;Dioscorides;Galen;Oribasius;Paul,diosc_full_v3;entries_full_v3;paul_full_v3,0.855,draft
δαυκος αγριος,δαῦκος ἄγριος,δαυκος αγριος,SUBSTANCE:2,true,δαυκος,,2,2,2,DIOSC_DMM;PAUL_AEG,Dioscorides;Paul,diosc_full_v3;paul_full_v3,0.800,draft
δαυκος κρητικος,δαῦκος Κρητικός,δαυκος κρητικος,SUBSTANCE:1,true,δαυκος,κρητικος,1,1,1,DIOSC_DMM,Dioscorides,diosc_full_v3,0.850,draft
δαυκος σπερματα,δαῦκος σπέρματα,δαυκος σπερματα,SUBSTANCE_PART:1,true,,,1,1,1,AET_LM,Aetius,entries_full_v3,0.700,draft
δαυκου της ριζης,δαύκου τῆς ῥίζης,δαυκου της ριζης,SUBSTANCE_PART:1,true,,,1,1,1,DIOSC_DMM,Dioscorides,diosc_full_v3,0.860,draft
δαφνη,δάφνη,δαφνη,SUBSTANCE:22,false,,,5,22,22,AET_LM;DIOSC_DMM;GAL_SMT;ORIB_CM;PAUL_AEG,Aetius;Dioscorides;Galen;Oribasius;Paul,diosc_full_v3;entries_full_v3;paul_full_v3,0.883,draft
δαφνη αλεξανδρεια,δάφνη Ἀλεξάνδρεια,δαφνη αλεξανδρεια,SUBSTANCE:1,true,δαφνη,αλεξανδρεια,1,1,1,DIOSC_DMM,Dioscorides,diosc_full_v3,0.920,draft
δαφνη λεπτοφυλλος,δάφνη λεπτόφυλλος,δαφνη λεπτοφυλλος,SUBSTANCE:1,true,δαφνη,,1,1,1,DIOSC_DMM,Dioscorides,diosc_full_v3,0.700,draft
δαφνη πλατυτερα,δάφνη πλατυτέρα,δαφνη πλατυτερα,SUBSTANCE:1,true,δαφνη,,1,1,1,DIOSC_DMM,Dioscorides,diosc_full_v3,0.650,draft
δαφνη ποα,δάφνη πόα,δαφνη ποα,SUBSTANCE:1,true,δαφνη,,1,1,1,PAUL_AEG,Paul,paul_full_v3,0.840,draft
δαφνης ριζης,δάφνης ῥίζης,δαφνης ριζης,SUBSTANCE_PART:1,true,,,1,1,1,DIOSC_DMM,Dioscorides,diosc_full_v3,0.850,draft
δαφνης ριζης φλοιου,δάφνης ῥίζης φλοιοῦ,δαφνης ριζης φλοιου,SUBSTANCE_PART:1,true,,,1,1,1,DIOSC_DMM,Dioscorides,diosc_full_v3,0.850,draft
δαφνης φυλλα,δάφνης φύλλα,δαφνης φυλλα,SUBSTANCE_PART:1,true,,,1,1,1,DIOSC_DMM,Dioscorides,diosc_full_v3,0.900,draft
δαφνης φυλλοις,δάφνης φύλλοις,δαφνης φυλλοις,SUBSTANCE_PART:1,true,,,1,1,1,DIOSC_DMM,Dioscorides,diosc_full_v3,0.850,draft
δαφνης φυλλων χλωρων,δάφνης φύλλων χλωρῶν,δαφνης φυλλων χλωρων,SUBSTANCE_PART:1,true,,,1,1,1,AET_LM,Aetius,entries_full_v3,0.800,draft
δαφνινον,δάφνινον,δαφνινον,SUBSTANCE:1,false,,,1,1,1,GAL_SMT,Galen,entries_full_v3,0.900,draft
δαφνινος,δάφνινος,δαφνινος,SUBSTANCE:1,false,,,1,1,1,ORIB_CM,Oribasius,entries_full_v3,0.780,draft
δαφνις,δαφνίς,δαφνις,SUBSTANCE:3,false,,,2,3,3,AET_LM;DIOSC_DMM,Aetius;Dioscorides,diosc_full_v3;entries_full_v3,0.733,draft
δαφνιτις,δαφνῖτις,δαφνιτις,SUBSTANCE:1,false,,,1,1,1,DIOSC_DMM,Dioscorides,diosc_full_v3,0.740,draft
δαφνοειδες,δαφνοειδές,δαφνοειδες,SUBSTANCE:5,false,,,4,5,5,DIOSC_DMM;GAL_SMT;ORIB_CM;PAUL_AEG,Dioscorides;Galen;Oribasius;Paul,diosc_full_v3;entries_full_v3;paul_full_v3,0.816,draft
δαφνοειδης,δαφνοειδής,δαφνοειδης,SUBSTANCE:2,false,,,2,2,2,DIOSC_DMM;PAUL_AEG,Dioscorides;Paul,diosc_full_v3;paul_full_v3,0.775,draft
δελφινιας,δελφινιάς,δελφινιας,SUBSTANCE:1,false,,,1,1,1,DIOSC_DMM,Dioscorides,diosc_full_v3,0.800,draft
δελφινιον,δελφίνιον,δελφινιον,SUBSTANCE:1,false,,,1,1,1,DIOSC_DMM,Dioscorides,diosc_full_v3,0.950,draft
δελφινιον ετερον,δελφίνιον ἕτερον,δελφινιον ετερον,SUBSTANCE:1,true,δελφινιον,,1,1,1,DIOSC_DMM,Dioscorides,diosc_full_v3,0.850,draft
δενδροειδης,δενδροειδής,δενδροειδης,SUBSTANCE:3,false,,,3,3,3,GAL_SMT;ORIB_CM;PAUL_AEG,Galen;Oribasius;Paul,entries_full_v3;paul_full_v3,0.713,draft
δενδρολιβανον,δενδρολίβανον,δενδρολιβανον,SUBSTANCE:1,false,,,1,1,1,AET_LM,Aetius,entries_full_v3,0.780,draft
δενδρολιβανου φυλλων,δενδρολιβάνου φύλλων,δενδρολιβανου φυλλων,SUBSTANCE_PART:1,true,,,1,1,1,AET_LM,Aetius,entries_full_v3,0.720,draft
δενδρομαλαχη,δενδρομαλάχη,δενδρομαλαχη,SUBSTANCE:1,false,,,1,1,1,GAL_SMT,Galen,entries_full_v3,0.920,draft
δενδρον,δένδρον,δενδρον,SUBSTANCE:9;SUBSTANCE_PART:1,false,,,4,10,10,AET_LM;GAL_SMT;ORIB_CM;PAUL_AEG,Aetius;Galen;Oribasius;Paul,entries_full_v3;paul_full_v3,0.594,draft
δενδρον περσικον,δένδρον περσικόν,δενδρον περσικον,SUBSTANCE:2,true,δενδρον,,2,2,2,AET_LM;GAL_SMT,Aetius;Galen,entries_full_v3,0.675,draft
δενδρωδης,δενδρώδης,δενδρωδης,SUBSTANCE:1,false,,,1,1,1,DIOSC_DMM,Dioscorides,diosc_full_v3,0.780,draft
δερμα,δέρμα,δερμα,SUBSTANCE:6;SUBSTANCE_PART:7,false,,,5,13,13,AET_LM;DIOSC_DMM;GAL_ALIM;GAL_SMT;PAUL_AEG,Aetius;Dioscorides;Galen;Paul,diosc_full_v3;entries_full_v3;paul_full_v3,0.814,draft
δερμα ελαφειον,δέρμα ἐλάφειον,δερμα ελαφειον,SUBSTANCE:1,true,δερμα,,1,1,1,GAL_SMT,Galen,entries_full_v3,0.750,draft
δερμα κασσυμα παλαιος,δέρμα κάσσυμα παλαιός,δερμα κασσυμα παλαιος,SUBSTANCE:1,true,δερμα,,1,1,1,PAUL_AEG,Paul,paul_full_v3,0.720,draft
δερμα παλαιον,δέρμα παλαιόν,δερμα παλαιον,SUBSTANCE:1,true,δερμα,,1,1,1,GAL_SMT,Galen,entries_full_v3,0.750,draft
δερμα προβατου,δέρμα προβάτου,δερμα προβατου,SUBSTANCE_PART:2,true,,,2,2,2,AET_LM;GAL_SMT,Aetius;Galen,entries_full_v3,0.855,draft
δερμα προβατου νεοδαρτον,Δέρμα προβάτου νεόδαρτον,δερμα προβατου νεοδαρτον,SUBSTANCE_PART:1,true,,,1,1,1,PAUL_AEG,Paul,paul_full_v3,0.920,draft
δερμα υαινης,δέρμα ὑαίνης,δερμα υαινης,SUBSTANCE_PART:1,true,,,1,1,1,AET_LM,Aetius,entries_full_v3,0.850,draft
δευτερα,δεύτερα,δευτερα,SUBSTANCE:14,false,,,3,14,14,AET_LM;DIOSC_DMM;PAUL_AEG,Aetius;Dioscorides;Paul,diosc_full_v3;entries_full_v3;paul_full_v3,0.686,draft
δευτερια,δευτερία,δευτερια,SUBSTANCE:1,false,,,1,1,1,DIOSC_DMM,Dioscorides,diosc_full_v3,0.700,draft
δευτεριας,δευτερίας,δευτεριας,SUBSTANCE:1,false,,,1,1,1,DIOSC_DMM,Dioscorides,diosc_full_v3,0.800,draft
δηλητηριον,δηλητήριον,δηλητηριον,SUBSTANCE:4,false,,,3,4,4,DIOSC_DMM;GAL_SMT;ORIB_CM,Dioscorides;Galen;Oribasius,diosc_full_v3;entries_full_v3,0.782,draft
δηλητηριον φαρμακον,δηλητήριον φάρμακον,δηλητηριον φαρμακον,SUBSTANCE:2,true,φαρμακον,,2,2,2,AET_LM;DIOSC_DMM,Aetius;Dioscorides,diosc_full_v3;entries_full_v3,0.765,draft
δημητριον,δημήτριον,δημητριον,SUBSTANCE:1,false,,,1,1,1,GAL_SMT,Galen,entries_full_v3,0.600,draft
δια θαλαττης οινος,διὰ θαλάττης οἶνος,δια θαλαττης οινος,SUBSTANCE:1,true,οινος,,1,1,1,DIOSC_DMM,Dioscorides,diosc_full_v3,0.850,draft
διαξυλον,διάξυλον,διαξυλον,SUBSTANCE:1,false,,,1,1,1,DIOSC_DMM,Dioscorides,diosc_full_v3,0.880,draft
διαυγες υδωρ,διαυγὲς ὕδωρ,διαυγες υδωρ,SUBSTANCE:1,true,υδωρ,,1,1,1,DIOSC_DMM,Dioscorides,diosc_full_v3,0.800,draft
διαφανες,διαφανές,διαφανες,SUBSTANCE:1,false,,,1,1,1,AET_LM,Aetius,entries_full_v3,0.650,draft
διαφυσεις,διαφύσεις,διαφυσεις,SUBSTANCE_PART:1,false,,,1,1,1,DIOSC_DMM,Dioscorides,diosc_full_v3,0.620,draft
διαφυσιν,διάφυσιν,διαφυσιν,SUBSTANCE_PART:1,false,,,1,1,1,DIOSC_DMM,Dioscorides,diosc_full_v3,0.840,draft
διαχυσις,διάχυσις,διαχυσις,SUBSTANCE:1,false,,,1,1,1,DIOSC_DMM,Dioscorides,diosc_full_v3,0.800,draft
διαχυτος,διάχυτος,διαχυτος,SUBSTANCE:1,false,,,1,1,1,DIOSC_DMM,Dioscorides,diosc_full_v3,0.780,draft
διαχωρημα,διαχώρημα,διαχωρημα,SUBSTANCE:1,false,,,1,1,1,AET_LM,Aetius,entries_full_v3,0.550,draft
διδακτυλον,διδάκτυλον,διδακτυλον,SUBSTANCE:1,false,,,1,1,1,DIOSC_DMM,Dioscorides,diosc_full_v3,0.600,draft
διζα,δίζα,διζα,SUBSTANCE:1;SUBSTANCE_PART:1,false,,,1,2,2,DIOSC_DMM,Dioscorides,diosc_full_v3,0.775,draft
δικοκκος ζεα,δικόκκος ζέα,δικοκκος ζεα,SUBSTANCE:1,true,ζεα,,1,1,1,DIOSC_DMM,Dioscorides,diosc_full_v3,0.850,draft
δικταμνον,δίκταμνον,δικταμνον,SUBSTANCE:10,false,,κρητη,5,10,10,AET_LM;DIOSC_DMM;GAL_SMT;ORIB_CM;PAUL_AEG,Aetius;Dioscorides;Galen;Oribasius;Paul,diosc_full_v3;entries_full_v3;paul_full_v3,0.916,draft
διονυσιας,Διονυσιάς,διονυσιας,SUBSTANCE:5,false,,,4,5,5,DIOSC_DMM;GAL_SMT;ORIB_CM;PAUL_AEG,Dioscorides;Galen;Oribasius;Paul,diosc_full_v3;entries_full_v3;paul_full_v3,0.712,draft
διονυσιον,Διονύσιον,διονυσιον,SUBSTANCE:1,false,,,1,1,1,DIOSC_DMM,Dioscorides,diosc_full_v3,0.600,draft
διος βαλανος,Διὸς βάλανος,διος βαλανος,SUBSTANCE:1,true,βαλανος,,1,1,1,DIOSC_DMM,Dioscorides,diosc_full_v3,0.620,draft
διρκαια,διρκαία,διρκαια,SUBSTANCE:2,false,,,1,2,2,DIOSC_DMM,Dioscorides,diosc_full_v3,0.775,draft
διφρυγες,διφρυγές,διφρυγες,SUBSTANCE:6,false,,,4,6,6,AET_LM;DIOSC_DMM;GAL_SMT;PAUL_AEG,Aetius;Dioscorides;Galen;Paul,diosc_full_v3;entries_full_v3;paul_full_v3,0.820,draft
διψακος,δίψακος,διψακος,SUBSTANCE:6,false,,,6,6,6,AET_LM;DIOSC_DMM;GAL_ALIM;GAL_SMT;ORIB_CM;PAUL_AEG,Aetius;Dioscorides;Galen;Oribasius;Paul,diosc_full_v3;entries_full_v3;paul_full_v3,0.842,draft
διψακος ακανθα,διψάκος ἄκανθα,διψακος ακανθα,SUBSTANCE:1,true,διψακος,,1,1,1,GAL_SMT,Galen,entries_full_v3,0.640,draft
διψακου ριζα,Διψάκου ῥίζα,διψακου ριζα,SUBSTANCE_PART:1,true,,,1,1,1,ORIB_CM,Oribasius,entries_full_v3,0.880,draft
δοιδυξ,δοίδυξ,δοιδυξ,SUBSTANCE:1,false,,,1,1,1,AET_LM,Aetius,entries_full_v3,0.600,draft
δολιχος,δόλιχος,δολιχος,SUBSTANCE:3,false,,,2,3,3,AET_LM;GAL_ALIM,Aetius;Galen,entries_full_v3,0.890,draft
δοναξ,δόναξ,δοναξ,SUBSTANCE:1,false,,,1,1,1,DIOSC_DMM,Dioscorides,diosc_full_v3,0.800,draft
δορυκνιδιον,δορυκνίδιον,δορυκνιδιον,SUBSTANCE:1,false,,,1,1,1,GAL_SMT,Galen,entries_full_v3,0.850,draft
δορυκνιον,δορύκνιον,δορυκνιον,SUBSTANCE:6,false,,,4,6,6,AET_LM;DIOSC_DMM;ORIB_CM;PAUL_AEG,Aetius;Dioscorides;Oribasius;Paul,diosc_full_v3;entries_full_v3;paul_full_v3,0.875,draft
δραβη,δράβη,δραβη,SUBSTANCE:1,false,,,1,1,1,DIOSC_DMM,Dioscorides,diosc_full_v3,0.900,draft
δραβη ποα,δράβη πόα,δραβη ποα,SUBSTANCE:1,true,ποα,,1,1,1,DIOSC_DMM,Dioscorides,diosc_full_v3,0.760,draft
δρακαινη,δρακαίνη,δρακαινη,SUBSTANCE:1,false,,,1,1,1,PAUL_AEG,Paul,paul_full_v3,0.760,draft
δρακοντιον,δρακόντιον,δρακοντιον,SUBSTANCE:13,false,,,5,13,13,AET_LM;DIOSC_DMM;GAL_SMT;ORIB_CM;PAUL_AEG,Aetius;Dioscorides;Galen;Oribasius;Paul,diosc_full_v3;entries_full_v3;paul_full_v3,0.912,draft
δρακοντος θαλαττιου φολιδας,δράκοντος θαλαττίου φολίδας,δρακοντος θαλαττιου φολιδας,SUBSTANCE_PART:1,true,,,1,1,1,AET_LM,Aetius,entries_full_v3,0.850,draft
δρακων,δράκων,δρακων,SUBSTANCE:6,false,,,4,6,6,AET_LM;DIOSC_DMM;GAL_SMT;PAUL_AEG,Aetius;Dioscorides;Galen;Paul,diosc_full_v3;entries_full_v3;paul_full_v3,0.702,draft
δρακων θαλασσιος,δράκων θαλάσσιος,δρακων θαλασσιος,SUBSTANCE:1,true,δρακων,,1,1,1,DIOSC_DMM,Dioscorides,diosc_full_v3,0.800,draft
δρακων θαλαττιος,δράκων θαλάττιος,δρακων θαλαττιος,SUBSTANCE:2,true,δρακων,,2,2,2,AET_LM;GAL_SMT,Aetius;Galen,entries_full_v3,0.775,draft
δριμεια ιρις,δριμεῖα ἶρις,δριμεια ιρις,SUBSTANCE:1,true,ιρις,,1,1,1,AET_LM,Aetius,entries_full_v3,0.640,draft
δριμεια τεφρα,δριμεῖα τέφρα,δριμεια τεφρα,SUBSTANCE:1,true,τεφρα,,1,1,1,PAUL_AEG,Paul,paul_full_v3,0.780,draft
δροσομελι,δροσόμελι,δροσομελι,SUBSTANCE:1,false,,λιβανος,1,1,1,GAL_ALIM,Galen,entries_full_v3,0.900,draft
δροσος,δρόσος,δροσος,SUBSTANCE:5,false,,,5,5,5,AET_LM;DIOSC_DMM;GAL_ALIM;GAL_SMT;ORIB_CM,Aetius;Dioscorides;Galen;Oribasius,diosc_full_v3;entries_full_v3,0.720,draft
δρυινος ανθραξ,δρυῖνος ἄνθραξ,δρυινος ανθραξ,SUBSTANCE:1,true,ανθραξ,,1,1,1,DIOSC_DMM,Dioscorides,diosc_full_v3,0.800,draft
δρυοπτερις,δρυοπτερίς,δρυοπτερις,SUBSTANCE:4,false,,,4,4,4,DIOSC_DMM;GAL_SMT;ORIB_CM;PAUL_AEG,Dioscorides;Galen;Oribasius;Paul,diosc_full_v3;entries_full_v3;paul_full_v3,0.922,draft
δρυπεπειρος ελαια,δρυπέπειρος ἐλαία,δρυπεπειρος ελαια,SUBSTANCE:1,true,ελαια,,1,1,1,AET_LM,Aetius,entries_full_v3,0.650,draft
δρυπεπης,δρυπεπής,δρυπεπης,SUBSTANCE:1,false,,,1,1,1,GAL_ALIM,Galen,entries_full_v3,0.780,draft
δρυπετος,δρυπετός,δρυπετος,SUBSTANCE:1,false,,,1,1,1,GAL_SMT,Galen,entries_full_v3,0.700,draft
δρυς,δρῦς,δρυς,SUBSTANCE:17,false,,,4,17,17,AET_LM;DIOSC_DMM;GAL_SMT;PAUL_AEG,Aetius;Dioscorides;Galen;Paul,diosc_full_v3;entries_full_v3;paul_full_v3,0.785,draft
δυσαρον,δύσαρον,δυσαρον,SUBSTANCE:1,false,,,1,1,1,DIOSC_DMM,Dioscorides,diosc_full_v3,0.900,draft
δωριας,δωριάς,δωριας,SUBSTANCE:1,false,,,1,1,1,PAUL_AEG,Paul,paul_full_v3,0.880,draft
δωρις,Δωρίς,δωρις,SUBSTANCE:1,false,,,1,1,1,DIOSC_DMM,Dioscorides,diosc_full_v3,0.800,draft
εαρινος,ἐαρινός,εαρινος,SUBSTANCE:1,false,,,1,1,1,DIOSC_DMM,Dioscorides,diosc_full_v3,0.550,draft
εβενος,ἔβενος,εβενος,SUBSTANCE:4,false,,,4,4,4,AET_LM;DIOSC_DMM;GAL_SMT;PAUL_AEG,Aetius;Dioscorides;Galen;Paul,diosc_full_v3;entries_full_v3;paul_full_v3,0.900,draft
εβενος αιθιοπικη,ἔβενος Αἰθιοπική,εβενος αιθιοπικη,SUBSTANCE:1,true,εβενος,αιθιοπια,1,1,1,DIOSC_DMM,Dioscorides,diosc_full_v3,0.750,draft
εβενος ινδικη,ἔβενος Ἰνδική,εβενος ινδικη,SUBSTANCE:1,true,εβενος,ινδια,1,1,1,DIOSC_DMM,Dioscorides,diosc_full_v3,0.650,draft
εβενος ξυλον,ἔβενος ξύλον,εβενος ξυλον,SUBSTANCE:1,true,ξυλον,,1,1,1,AET_LM,Aetius,entries_full_v3,0.850,draft
εβενος το ξυλον,Ἔβενος τὸ ξύλον,εβενος το ξυλον,SUBSTANCE_PART:1,true,,,1,1,1,PAUL_AEG,Paul,paul_full_v3,0.920,draft
εβισκος,ἐβίσκος,εβισκος,SUBSTANCE:4,false,,,4,4,4,AET_LM;DIOSC_DMM;GAL_SMT;PAUL_AEG,Aetius;Dioscorides;Galen;Paul,diosc_full_v3;entries_full_v3;paul_full_v3,0.838,draft
εγκεφαλον,ἐγκέφαλον,εγκεφαλον,SUBSTANCE_PART:1,false,,,1,1,1,AET_LM,Aetius,entries_full_v3,0.820,draft
εγκεφαλον αλεκτρυονος,ἐγκέφαλον ἀλεκτρυόνος,εγκεφαλον αλεκτρυονος,SUBSTANCE_PART:1,true,,,1,1,1,PAUL_AEG,Paul,paul_full_v3,0.700,draft
εγκεφαλον λαγωου,Ἐγκέφαλον λαγωοῦ,εγκεφαλον λαγωου,SUBSTANCE_PART:1,true,,,1,1,1,PAUL_AEG,Paul,paul_full_v3,0.900,draft
εγκεφαλον της γαλης,ἐγκέφαλον τῆς γαλῆς,εγκεφαλον της γαλης,SUBSTANCE_PART:1,true,,,1,1,1,PAUL_AEG,Paul,paul_full_v3,0.800,draft
εγκεφαλον της καμηλου,ἐγκέφαλον τῆς καμήλου,εγκεφαλον της καμηλου,SUBSTANCE_PART:1,true,,,1,1,1,PAUL_AEG,Paul,paul_full_v3,0.850,draft
εγκεφαλον της χελιδονος,ἐγκέφαλον τῆς χελιδόνος,εγκεφαλον της χελιδονος,SUBSTANCE_PART:1,true,,,1,1,1,PAUL_AEG,Paul,paul_full_v3,0.800,draft
εγκεφαλον των προβατων,ἐγκέφαλον τῶν προβάτων,εγκεφαλον των προβατων,SUBSTANCE_PART:1,true,,,1,1,1,PAUL_AEG,Paul,paul_full_v3,0.800,draft
εγκεφαλος,ἐγκέφαλος,εγκεφαλος,SUBSTANCE:3;SUBSTANCE_PART:4,false,,,4,7,7,AET_LM;DIOSC_DMM;GAL_SMT;PAUL_AEG,Aetius;Dioscorides;Galen;Paul,diosc_full_v3;entries_full_v3;paul_full_v3,0.809,draft
εγκεφαλος ανθρωπου,ἐγκέφαλος ἀνθρώπου,εγκεφαλος ανθρωπου,SUBSTANCE_PART:1,false,,,1,1,1,GAL_SMT,Galen,entries_full_v3,0.760,draft
εγκεφαλος λαγωος,ἐγκέφαλος λαγωός,εγκεφαλος λαγωος,SUBSTANCE:1,true,εγκεφαλος,,1,1,1,GAL_SMT,Galen,entries_full_v3,0.830,draft
εγκεφαλω,ἐγκεφάλῳ,εγκεφαλω,SUBSTANCE_PART:1,false,,,1,1,1,ORIB_CM,Oribasius,entries_full_v3,0.600,draft
εγχελυς,ἔγχελυς,εγχελυς,SUBSTANCE:1,false,,,1,1,1,AET_LM,Aetius,entries_full_v3,0.780,draft
εδεσμα,ἔδεσμα,εδεσμα,SUBSTANCE:1,false,,,1,1,1,GAL_SMT,Galen,entries_full_v3,0.600,draft
εδωδιμον,ἐδώδιμον,εδωδιμον,SUBSTANCE:1;SUBSTANCE_PART:2,false,,,2,3,3,GAL_SMT;PAUL_AEG,Galen;Paul,entries_full_v3;paul_full_v3,0.630,draft
εδωδιμον περσικον,ἐδώδιμον περσικόν,εδωδιμον περσικον,SUBSTANCE:2,true,εδωδιμον;περσικον,περσικον,2,2,2,GAL_SMT;PAUL_AEG,Galen;Paul,entries_full_v3;paul_full_v3,0.695,draft
εδωδιμος θερμος,ἐδώδιμος θέρμος,εδωδιμος θερμος,SUBSTANCE:1,true,θερμος,,1,1,1,PAUL_AEG,Paul,paul_full_v3,0.800,draft
ειλικρινης γη,εἰλικρινής γῆ,ειλικρινης γη,SUBSTANCE:1,true,γη,,1,1,1,ORIB_CM,Oribasius,entries_full_v3,0.700,draft
εκ του καρπου,ἐκ τοῦ καρποῦ,εκ του καρπου,SUBSTANCE_PART:1,false,,,1,1,1,DIOSC_DMM,Dioscorides,diosc_full_v3,0.840,draft
εκ του καρπου της δαφνης,ἐκ τοῦ καρποῦ τῆς δάφνης,εκ του καρπου της δαφνης,SUBSTANCE_PART:1,true,,,1,1,1,AET_LM,Aetius,entries_full_v3,0.900,draft
εκβλαστημα,ἐκβλάστημα,εκβλαστημα,SUBSTANCE_PART:2,false,,,2,2,2,AET_LM;GAL_SMT,Aetius;Galen,entries_full_v3,0.790,draft
εκλευκος,ἔκλευκος,εκλευκος,SUBSTANCE:1,false,,,1,1,1,AET_LM,Aetius,entries_full_v3,0.550,draft
εκτομον,ἔκτομον,εκτομον,SUBSTANCE:1,false,,,1,1,1,DIOSC_DMM,Dioscorides,diosc_full_v3,0.800,draft
εκφυσεις,ἐκφύσεις,εκφυσεις,SUBSTANCE_PART:1,false,,,1,1,1,DIOSC_DMM,Dioscorides,diosc_full_v3,0.450,draft
ελαια,ἐλαία,ελαια,SUBSTANCE:45,true,ελαια,μεμφις,6,43,45,AET_LM;DIOSC_DMM;GAL_ALIM;GAL_SMT;ORIB_CM;PAUL_AEG,Aetius;Dioscorides;Galen;Oribasius;Paul,diosc_full_v3;entries_full_v3;paul_full_v3,0.743,draft
ελαια αγρια,ἐλαία ἀγρία,ελαια αγρια,SUBSTANCE:3,true,ελαια,,3,3,3,DIOSC_DMM;GAL_SMT;ORIB_CM,Dioscorides;Galen;Oribasius,diosc_full_v3;entries_full_v3,0.787,draft
ελαια αιθιοπικη,ἐλαία αἰθιοπική,ελαια αιθιοπικη,SUBSTANCE:1,true,ελαια,αιθιοπια,1,1,1,PAUL_AEG,Paul,paul_full_v3,0.880,draft
ελαιας αιθιοπικης το δακρυον,Ἐλαίας Αἰθιοπικῆς τὸ δάκρυον,ελαιας αιθιοπικης το δακρυον,SUBSTANCE_PART:1,true,,αιθιοπια,1,1,1,PAUL_AEG,Paul,paul_full_v3,0.900,draft
ελαιας θαλλοι,Ἐλαίας θαλλοὶ,ελαιας θαλλοι,SUBSTANCE_PART:1,true,,,1,1,1,ORIB_CM,Oribasius,entries_full_v3,0.860,draft
ελαιας καρπος,ἐλαίας καρπός,ελαιας καρπος,SUBSTANCE_PART:2,true,,,2,2,2,AET_LM;ORIB_CM,Aetius;Oribasius,entries_full_v3,0.815,draft
ελαιομελι,ἐλαιόμελι,ελαιομελι,SUBSTANCE:1,false,,παλμυρα,1,1,1,DIOSC_DMM,Dioscorides,diosc_full_v3,0.900,draft
ελαιον,ἔλαιον,ελαιον,SUBSTANCE:270,false,,συρια,6,270,270,AET_LM;DIOSC_DMM;GAL_ALIM;GAL_SMT;ORIB_CM;PAUL_AEG,Aetius;Dioscorides;Galen;Oribasius;Paul,diosc_full_v3;entries_full_v3;paul_full_v3,0.886,draft
ελαιον αγριας ελαιας,ἔλαιον ἀγρίας ἐλαίας,ελαιον αγριας ελαιας,SUBSTANCE:3,true,ελαιον,,2,3,3,DIOSC_DMM;GAL_SMT,Dioscorides;Galen,diosc_full_v3;entries_full_v3,0.850,draft
ελαιον βαλανινον,ἔλαιον βαλανῖνον,ελαιον βαλανινον,SUBSTANCE:3,true,ελαιον,,1,3,3,DIOSC_DMM,Dioscorides,diosc_full_v3,0.853,draft
ελαιον γλυκυ,ἔλαιον γλυκύ,ελαιον γλυκυ,SUBSTANCE:5,true,ελαιον,,2,5,5,AET_LM;GAL_SMT,Aetius;Galen,entries_full_v3,0.824,draft
ελαιον γλυκυ ιταλικον,ἔλαιον γλυκὺ ἰταλικόν,ελαιον γλυκυ ιταλικον,SUBSTANCE:1,true,ελαιον,,1,1,1,AET_LM,Aetius,entries_full_v3,0.850,draft
ελαιον εκ ελαιας,ἔλαιον ἐκ ἐλαίας,ελαιον εκ ελαιας,SUBSTANCE:1,true,ελαιον,,1,1,1,ORIB_CM,Oribasius,entries_full_v3,0.900,draft
ελαιον εκ καρπου,ἔλαιον ἐκ καρποῦ,ελαιον εκ καρπου,SUBSTANCE:1,true,ελαιον,,1,1,1,AET_LM,Aetius,entries_full_v3,0.850,draft
ελαιον εκ σησαμου,ἔλαιον ἐκ σήσαμου,ελαιον εκ σησαμου,SUBSTANCE:1,true,ελαιον,,1,1,1,ORIB_CM,Oribasius,entries_full_v3,0.600,draft
ελαιον εκ του καρπου,ἔλαιον ἐκ τοῦ καρποῦ,ελαιον εκ του καρπου,SUBSTANCE:1,true,ελαιον,,1,1,1,GAL_SMT,Galen,entries_full_v3,0.850,draft
ελαιον ελαιας αγριας,ἔλαιον ἐλαίας ἀγρίας,ελαιον ελαιας αγριας,SUBSTANCE:1,true,ελαιον,,1,1,1,ORIB_CM,Oribasius,entries_full_v3,0.800,draft
ελαιον ιρινον,ἔλαιον ἴρινον,ελαιον ιρινον,SUBSTANCE:1,true,ελαιον,,1,1,1,DIOSC_DMM,Dioscorides,diosc_full_v3,0.800,draft
ελαιον κικινον,ἔλαιον κίκινον,ελαιον κικινον,SUBSTANCE:3,true,ελαιον,,1,3,3,AET_LM,Aetius,entries_full_v3,0.873,draft
ελαιον κρινινον,ἔλαιον κρίνινον,ελαιον κρινινον,SUBSTANCE:1,true,ελαιον,,1,1,1,DIOSC_DMM,Dioscorides,diosc_full_v3,0.860,draft
ελαιον λεπτομερες,ἔλαιον λεπτομερές,ελαιον λεπτομερες,SUBSTANCE:1,true,ελαιον,,1,1,1,GAL_SMT,Galen,entries_full_v3,0.700,draft
ελαιον λιπαρον,ἔλαιον λιπαρόν,ελαιον λιπαρον,SUBSTANCE:1,true,ελαιον,,1,1,1,ORIB_CM,Oribasius,entries_full_v3,0.850,draft
ελαιον μυρσινον,ἔλαιον μύρσινον,ελαιον μυρσινον,SUBSTANCE:1,true,ελαιον,,1,1,1,AET_LM,Aetius,entries_full_v3,0.820,draft
ελαιον ομφακιζον,ἔλαιον ὀμφακίζον,ελαιον ομφακιζον,SUBSTANCE:3,true,ελαιον,,1,3,3,AET_LM,Aetius,entries_full_v3,0.843,draft
ελαιον ομφακινον,ἔλαιον ὀμφακῖνον,ελαιον ομφακινον,SUBSTANCE:10,true,ελαιον,,3,10,10,AET_LM;DIOSC_DMM;GAL_SMT,Aetius;Dioscorides;Galen,diosc_full_v3;entries_full_v3,0.845,draft
ελαιον παλαιον,ἔλαιον παλαιόν,ελαιον παλαιον,SUBSTANCE:7,true,ελαιον,,3,7,7,AET_LM;DIOSC_DMM;GAL_SMT,Aetius;Dioscorides;Galen,diosc_full_v3;entries_full_v3,0.783,draft
ελαιον παλαιος,ἔλαιον παλαιός,ελαιον παλαιος,SUBSTANCE:1,true,ελαιον,,1,1,1,AET_LM,Aetius,entries_full_v3,0.850,draft
ελαιον πεπλυμενον,ἔλαιον πεπλυμένον,ελαιον πεπλυμενον,SUBSTANCE:1,true,ελαιον,,1,1,1,DIOSC_DMM,Dioscorides,diosc_full_v3,0.900,draft
ελαιον πρωτειον,ἔλαιον πρωτεῖον,ελαιον πρωτειον,SUBSTANCE:1,true,ελαιον,,1,1,1,AET_LM,Aetius,entries_full_v3,0.780,draft
ελαιον ροδινον,ἔλαιον ῥοδῖνον,ελαιον ροδινον,SUBSTANCE:2,true,ελαιον,,2,2,2,AET_LM;DIOSC_DMM,Aetius;Dioscorides,diosc_full_v3;entries_full_v3,0.850,draft
ελαιον σησαμινον,ἔλαιον σησαμῖνον,ελαιον σησαμινον,SUBSTANCE:1,true,ελαιον,,1,1,1,AET_LM,Aetius,entries_full_v3,0.900,draft
ελαιον σκιλλητικον,ἔλαιον σκιλλητικόν,ελαιον σκιλλητικον,SUBSTANCE:1,true,ελαιον,,1,1,1,DIOSC_DMM,Dioscorides,diosc_full_v3,0.800,draft
ελαιωδης κεδρεα,ἐλαιώδης κεδρέα,ελαιωδης κεδρεα,SUBSTANCE:1,true,κεδρεα,,1,1,1,GAL_SMT,Galen,entries_full_v3,0.850,draft
ελασμα μολυβδινος,ἔλασμα μολύβδινος,ελασμα μολυβδινος,SUBSTANCE:1,true,ελασμα,,1,1,1,PAUL_AEG,Paul,paul_full_v3,0.750,draft
ελατη,ἐλάτη,ελατη,SUBSTANCE:6,false,,,3,6,6,DIOSC_DMM;ORIB_CM;PAUL_AEG,Dioscorides;Oribasius;Paul,diosc_full_v3;entries_full_v3;paul_full_v3,0.798,draft
ελατη φοινικινη,ἐλάτη φοινικίνη,ελατη φοινικινη,SUBSTANCE:1,true,ελατη,,1,1,1,DIOSC_DMM,Dioscorides,diosc_full_v3,0.700,draft
ελατην,ἐλάτην,ελατην,SUBSTANCE_PART:1,false,,,1,1,1,GAL_SMT,Galen,entries_full_v3,0.700,draft
ελατινη,ἐλατίνη,ελατινη,SUBSTANCE:8,false,,,4,8,8,DIOSC_DMM;GAL_SMT;ORIB_CM;PAUL_AEG,Dioscorides;Galen;Oribasius;Paul,diosc_full_v3;entries_full_v3;paul_full_v3,0.876,draft
ελαφειον στεαρ,ἐλάφειον στέαρ,ελαφειον στεαρ,SUBSTANCE:1,true,στεαρ,,1,1,1,DIOSC_DMM,Dioscorides,diosc_full_v3,0.740,draft
ελαφειος,ἐλάφειος,ελαφειος,SUBSTANCE:1,false,,,1,1,1,DIOSC_DMM,Dioscorides,diosc_full_v3,0.700,draft
ελαφειος μυελος,ἐλάφειος μυελός,ελαφειος μυελος,SUBSTANCE:1,true,μυελος,,1,1,1,GAL_SMT,Galen,entries_full_v3,0.740,draft
ελαφοβοσκον,ἐλαφοβόσκον,ελαφοβοσκον,SUBSTANCE:3,false,,,2,3,3,AET_LM;DIOSC_DMM,Aetius;Dioscorides,diosc_full_v3;entries_full_v3,0.800,draft
ελαφοβοσκος,ἐλαφόβοσκος,ελαφοβοσκος,SUBSTANCE:4,false,,,4,4,4,DIOSC_DMM;GAL_SMT;ORIB_CM;PAUL_AEG,Dioscorides;Galen;Oribasius;Paul,diosc_full_v3;entries_full_v3;paul_full_v3,0.883,draft
ελαφος,ἔλαφος,ελαφος,SUBSTANCE:5,false,,,3,5,5,AET_LM;DIOSC_DMM;GAL_SMT,Aetius;Dioscorides;Galen,diosc_full_v3;entries_full_v3,0.760,draft
ελαφου κερας,ἐλάφου κέρας,ελαφου κερας,SUBSTANCE_PART:2,true,,,2,2,2,AET_LM;DIOSC_DMM,Aetius;Dioscorides,diosc_full_v3;entries_full_v3,0.910,draft
ελειος ακτη,ἕλειος ἀκτή,ελειος ακτη,SUBSTANCE:1,true,ακτη,,1,1,1,DIOSC_DMM,Dioscorides,diosc_full_v3,0.870,draft
ελελισφακον,ἐλελίσφακον,ελελισφακον,SUBSTANCE:1,false,,,1,1,1,DIOSC_DMM,Dioscorides,diosc_full_v3,0.960,draft
ελελισφακος,ἐλελίσφακος,ελελισφακος,SUBSTANCE:8,false,,,5,8,8,AET_LM;DIOSC_DMM;GAL_SMT;ORIB_CM;PAUL_AEG,Aetius;Dioscorides;Galen;Oribasius;Paul,diosc_full_v3;entries_full_v3;paul_full_v3,0.858,draft
ελενιον,ἑλένιον,ελενιον,SUBSTANCE:14,false,,αιγυπτος;κομμαγηνη,5,14,14,AET_LM;DIOSC_DMM;GAL_SMT;ORIB_CM;PAUL_AEG,Aetius;Dioscorides;Galen;Oribasius;Paul,diosc_full_v3;entries_full_v3;paul_full_v3,0.854,draft
ελενιου ριζα,ἑλενίου ῥίζα,ελενιου ριζα,SUBSTANCE_PART:2,true,,,2,2,2,AET_LM;GAL_SMT,Aetius;Galen,entries_full_v3,0.875,draft
ελενιου ριζας,Ἑλενίου ῥίζας,ελενιου ριζας,SUBSTANCE_PART:1,true,,κομμαγηνη,1,1,1,DIOSC_DMM,Dioscorides,diosc_full_v3,0.840,draft
ελενιου ριζη,ἑλενίου ῥίζῃ,ελενιου ριζη,SUBSTANCE_PART:1,true,,,1,1,1,DIOSC_DMM,Dioscorides,diosc_full_v3,0.850,draft
ελενιου ριζης,Ἑλενίου ῥίζης,ελενιου ριζης,SUBSTANCE_PART:1,true,,,1,1,1,DIOSC_DMM,Dioscorides,diosc_full_v3,0.860,draft
ελεοσελινον,ἐλεοσέλινον,ελεοσελινον,SUBSTANCE:2,false,,,2,2,2,DIOSC_DMM;PAUL_AEG,Dioscorides;Paul,diosc_full_v3;paul_full_v3,0.930,draft
ελεφαντειος,ἐλεφάντειος,ελεφαντειος,SUBSTANCE:1,false,,,1,1,1,DIOSC_DMM,Dioscorides,diosc_full_v3,0.600,draft
ελεφαντος οδοντος,ἐλέφαντος ὀδόντος,ελεφαντος οδοντος,SUBSTANCE_PART:1,true,,,1,1,1,DIOSC_DMM,Dioscorides,diosc_full_v3,0.800,draft
ελεφας,ἐλέφας,ελεφας,SUBSTANCE:4,false,,,3,4,4,DIOSC_DMM;ORIB_CM;PAUL_AEG,Dioscorides;Oribasius;Paul,diosc_full_v3;entries_full_v3;paul_full_v3,0.718,draft
ελικας,ἕλικας,ελικας,SUBSTANCE_PART:1,false,,,1,1,1,DIOSC_DMM,Dioscorides,diosc_full_v3,0.850,draft
ελικες,ἕλικες,ελικες,SUBSTANCE_PART:3,false,,ιδη,1,3,3,DIOSC_DMM,Dioscorides,diosc_full_v3,0.753,draft
ελιξ,ἕλιξ,ελιξ,SUBSTANCE:1,false,,,1,1,1,DIOSC_DMM,Dioscorides,diosc_full_v3,0.750,draft
ελιχρυσον,ἑλίχρυσον,ελιχρυσον,SUBSTANCE:2,false,,,2,2,2,DIOSC_DMM;PAUL_AEG,Dioscorides;Paul,diosc_full_v3;paul_full_v3,0.935,draft
ελιχρυσος,ἑλίχρυσος,ελιχρυσος,SUBSTANCE:1,false,,,1,1,1,DIOSC_DMM,Dioscorides,diosc_full_v3,0.750,draft
ελκυσμα,ἕλκυσμα,ελκυσμα,SUBSTANCE:5,false,,,5,5,5,AET_LM;DIOSC_DMM;GAL_SMT;ORIB_CM;PAUL_AEG,Aetius;Dioscorides;Galen;Oribasius;Paul,diosc_full_v3;entries_full_v3;paul_full_v3,0.880,draft
ελκυσμα αργυρου,ἕλκυσμα ἀργύρου,ελκυσμα αργυρου,SUBSTANCE:1,true,ελκυσμα,,1,1,1,PAUL_AEG,Paul,paul_full_v3,0.950,draft
ελλεβορινη,ἐλλεβορίνη,ελλεβορινη,SUBSTANCE:2,false,,,2,2,2,DIOSC_DMM;PAUL_AEG,Dioscorides;Paul,diosc_full_v3;paul_full_v3,0.840,draft
ελλεβορος,ἐλλέβορος,ελλεβορος,SUBSTANCE:30,false,,,6,30,30,AET_LM;DIOSC_DMM;GAL_ALIM;GAL_SMT;ORIB_CM;PAUL_AEG,Aetius;Dioscorides;Galen;Oribasius;Paul,diosc_full_v3;entries_full_v3;paul_full_v3,0.869,draft
ελλεβορος λευκος,ἐλλέβορος λευκός,ελλεβορος λευκος,SUBSTANCE:7,true,ελλεβορος,,3,7,7,DIOSC_DMM;GAL_SMT;PAUL_AEG,Dioscorides;Galen;Paul,diosc_full_v3;entries_full_v3;paul_full_v3,0.896,draft
ελλεβορος μελας,ἑλλέβορος μέλας,ελλεβορος μελας,SUBSTANCE:7,true,ελλεβορος,,2,7,7,DIOSC_DMM;GAL_SMT,Dioscorides;Galen,diosc_full_v3;entries_full_v3,0.824,draft
ελμις,ἕλμις,ελμις,SUBSTANCE:1,false,,,1,1,1,PAUL_AEG,Paul,paul_full_v3,0.600,draft
ελξινη,ἑλξίνη,ελξινη,SUBSTANCE:19,false,,,5,19,19,AET_LM;DIOSC_DMM;GAL_SMT;ORIB_CM;PAUL_AEG,Aetius;Dioscorides;Galen;Oribasius;Paul,diosc_full_v3;entries_full_v3;paul_full_v3,0.826,draft
ελυμος,ἔλυμος,ελυμος,SUBSTANCE:5,false,,,5,5,5,AET_LM;DIOSC_DMM;GAL_SMT;ORIB_CM;PAUL_AEG,Aetius;Dioscorides;Galen;Oribasius;Paul,diosc_full_v3;entries_full_v3;paul_full_v3,0.922,draft
ελυτροις,ἐλύτροις,ελυτροις,SUBSTANCE_PART:1,false,,,1,1,1,DIOSC_DMM,Dioscorides,diosc_full_v3,0.650,draft
εμβρυον,ἔμβρυον,εμβρυον,SUBSTANCE:36,false,,,4,36,36,AET_LM;DIOSC_DMM;GAL_SMT;PAUL_AEG,Aetius;Dioscorides;Galen;Paul,diosc_full_v3;entries_full_v3;paul_full_v3,0.730,draft
εμβρυον νεκρον,ἔμβρυον νεκρόν,εμβρυον νεκρον,SUBSTANCE:1,true,εμβρυον,,1,1,1,GAL_SMT,Galen,entries_full_v3,0.550,draft
εμμηνα,ἔμμηνα,εμμηνα,SUBSTANCE:72,false,,,4,72,72,AET_LM;DIOSC_DMM;GAL_SMT;PAUL_AEG,Aetius;Dioscorides;Galen;Paul,diosc_full_v3;entries_full_v3;paul_full_v3,0.743,draft
εμμηνια,ἐμμήνια,εμμηνια,SUBSTANCE:2,false,,,1,2,2,AET_LM,Aetius,entries_full_v3,0.785,draft
εμμηνον,ἔμμηνον,εμμηνον,SUBSTANCE:21,false,,,3,21,21,AET_LM;DIOSC_DMM;GAL_SMT,Aetius;Dioscorides;Galen,diosc_full_v3;entries_full_v3,0.731,draft
εμμηνος,ἔμμηνος,εμμηνος,SUBSTANCE:2,false,,,1,2,2,DIOSC_DMM,Dioscorides,diosc_full_v3,0.750,draft
εμμηνων,ἐμμήνων,εμμηνων,SUBSTANCE_PART:1,false,,,1,1,1,PAUL_AEG,Paul,paul_full_v3,0.350,draft
εμπετρον,ἔμπετρον,εμπετρον,SUBSTANCE:5,false,,,4,5,5,AET_LM;DIOSC_DMM;GAL_SMT;PAUL_AEG,Aetius;Dioscorides;Galen;Paul,diosc_full_v3;entries_full_v3;paul_full_v3,0.880,draft
εν τω φλοιω του πρεμνου,ἐν τῷ φλοιῷ τοῦ πρέμνου,εν τω φλοιω του πρεμνου,SUBSTANCE_PART:1,false,,,1,1,1,GAL_SMT,Galen,entries_full_v3,0.750,draft
ενδον χιτωνος,ἔνδον χιτῶνος,ενδον χιτωνος,SUBSTANCE_PART:1,true,,,1,1,1,GAL_SMT,Galen,entries_full_v3,0.760,draft
ενορυ,ἔνορυ,ενορυ,SUBSTANCE:1,false,,,1,1,1,DIOSC_DMM,Dioscorides,diosc_full_v3,0.750,draft
εντερα γης,ἔντερα γῆς,εντερα γης,SUBSTANCE:1,true,εντερον,,1,1,1,PAUL_AEG,Paul,paul_full_v3,0.760,draft
εντερα γης λεια,ἔντερα γῆς λεῖα,εντερα γης λεια,SUBSTANCE:1,true,εντερον,,1,1,1,PAUL_AEG,Paul,paul_full_v3,0.780,draft
εντερα της γης,ἔντερα τῆς γῆς,εντερα της γης,SUBSTANCE:1,true,εντερον,,1,1,1,GAL_SMT,Galen,entries_full_v3,0.600,draft
εντεριωνη,ἐντεριώνη,εντεριωνη,SUBSTANCE_PART:5,false,,,4,5,5,AET_LM;DIOSC_DMM;GAL_SMT;ORIB_CM,Aetius;Dioscorides;Galen;Oribasius,diosc_full_v3;entries_full_v3,0.810,draft
εντεριωνην,ἐντεριώνην,εντεριωνην,SUBSTANCE_PART:3,false,,,2,3,3,AET_LM;DIOSC_DMM,Aetius;Dioscorides,diosc_full_v3;entries_full_v3,0.653,draft
εντερον,ἔντερον,εντερον,SUBSTANCE:5,false,,,4,5,5,AET_LM;DIOSC_DMM;GAL_SMT;PAUL_AEG,Aetius;Dioscorides;Galen;Paul,diosc_full_v3;entries_full_v3;paul_full_v3,0.506,draft
εντερον γης,ἔντερον γῆς,εντερον γης,SUBSTANCE:1,true,εντερον,,1,1,1,AET_LM,Aetius,entries_full_v3,0.820,draft
εντος,ἐντὸς,εντος,SUBSTANCE_PART:1,false,,,1,1,1,DIOSC_DMM,Dioscorides,diosc_full_v3,0.550,draft
εντοσθιδια,ἐντοσθίδια,εντοσθιδια,SUBSTANCE_PART:2,false,,,1,2,2,AET_LM,Aetius,entries_full_v3,0.840,draft
εντοσθιδιων,ἐντοσθιδίων,εντοσθιδιων,SUBSTANCE_PART:1,true,,,1,1,1,DIOSC_DMM,Dioscorides,diosc_full_v3,0.720,draft
εντυβον,ἔντυβον,εντυβον,SUBSTANCE:1,false,,,1,1,1,DIOSC_DMM,Dioscorides,diosc_full_v3,0.750,draft
εντυβον αγριον,ἔντυβον ἄγριον,εντυβον αγριον,SUBSTANCE:1,true,εντυβον,,1,1,1,DIOSC_DMM,Dioscorides,diosc_full_v3,0.750,draft
ενυδρος,ἔνυδρος,ενυδρος,SUBSTANCE:1,false,,,1,1,1,PAUL_AEG,Paul,paul_full_v3,0.900,draft
εξανθησις,ἐξάνθησις,εξανθησις,SUBSTANCE:1,false,,,1,1,1,ORIB_CM,Oribasius,entries_full_v3,0.660,draft
εξοχας,ἐξοχάς,εξοχας,SUBSTANCE_PART:1,false,,,1,1,1,DIOSC_DMM,Dioscorides,diosc_full_v3,0.750,draft
εξωνυχον,ἐξώνυχον,εξωνυχον,SUBSTANCE:1,false,,,1,1,1,DIOSC_DMM,Dioscorides,diosc_full_v3,0.750,draft
επανθημα,ἐπάνθημα,επανθημα,SUBSTANCE:1,false,,,1,1,1,PAUL_AEG,Paul,paul_full_v3,0.700,draft
επανθισμα,ἐπάνθισμα,επανθισμα,SUBSTANCE:1,false,,,1,1,1,AET_LM,Aetius,entries_full_v3,0.750,draft
επιθυμον,ἐπίθυμον,επιθυμον,SUBSTANCE:9,false,,,5,9,9,AET_LM;DIOSC_DMM;GAL_SMT;ORIB_CM;PAUL_AEG,Aetius;Dioscorides;Galen;Oribasius;Paul,diosc_full_v3;entries_full_v3;paul_full_v3,0.870,draft
επιμηδιον,ἐπιμήδιον,επιμηδιον,SUBSTANCE:4,false,,,4,4,4,DIOSC_DMM;GAL_SMT;ORIB_CM;PAUL_AEG,Dioscorides;Galen;Oribasius;Paul,diosc_full_v3;entries_full_v3;paul_full_v3,0.863,draft
επιμηλιον,ἐπιμήλιον,επιμηλιον,SUBSTANCE:1,false,,,1,1,1,ORIB_CM,Oribasius,entries_full_v3,0.900,draft
επιμηλις,ἐπιμηλίς,επιμηλις,SUBSTANCE:2,false,,,2,2,2,GAL_SMT;PAUL_AEG,Galen;Paul,entries_full_v3;paul_full_v3,0.950,draft
επιμηνια,ἐπιμήνια,επιμηνια,SUBSTANCE:1,false,,,1,1,1,GAL_SMT,Galen,entries_full_v3,0.800,draft
επιμηνιον,ἐπιμήνιον,επιμηνιον,SUBSTANCE:1,false,,,1,1,1,DIOSC_DMM,Dioscorides,diosc_full_v3,0.880,draft
επιπακτις,ἐπιπακτίς,επιπακτις,SUBSTANCE:1,false,,,1,1,1,DIOSC_DMM,Dioscorides,diosc_full_v3,0.900,draft
επιπετρον,ἐπίπετρον,επιπετρον,SUBSTANCE:1,false,,,1,1,1,AET_LM,Aetius,entries_full_v3,0.840,draft
επιρροη,ἐπιρροή,επιρροη,SUBSTANCE:1,false,,,1,1,1,AET_LM,Aetius,entries_full_v3,0.550,draft
επιτακτις,ἐπιτακτίς,επιτακτις,SUBSTANCE:1,false,,,1,1,1,PAUL_AEG,Paul,paul_full_v3,0.930,draft
επιφυσις,ἐπίφυσις,επιφυσις,SUBSTANCE_PART:2,false,,,2,2,2,GAL_SMT;ORIB_CM,Galen;Oribasius,entries_full_v3,0.710,draft
επταπλευρον,ἑπτάπλευρον,επταπλευρον,SUBSTANCE:1,false,,,1,1,1,DIOSC_DMM,Dioscorides,diosc_full_v3,0.850,draft
ερεβινθος,ἐρέβινθος,ερεβινθος,SUBSTANCE:15,false,,,6,15,15,AET_LM;DIOSC_DMM;GAL_ALIM;GAL_SMT;ORIB_CM;PAUL_AEG,Aetius;Dioscorides;Galen;Oribasius;Paul,diosc_full_v3;entries_full_v3;paul_full_v3,0.795,draft
ερεβινθος αγριος,ἐρέβινθος ἄγριος,ερεβινθος αγριος,SUBSTANCE:3,true,ερεβινθος,,3,3,3,DIOSC_DMM;GAL_SMT;ORIB_CM,Dioscorides;Galen;Oribasius,diosc_full_v3;entries_full_v3,0.893,draft
ερεβινθος ημερος,ἐρέβινθος ἥμερος,ερεβινθος ημερος,SUBSTANCE:1,true,ερεβινθος,,1,1,1,DIOSC_DMM,Dioscorides,diosc_full_v3,0.920,draft
ερεγμος,ἐρεγμός,ερεγμος,SUBSTANCE:1,false,,,1,1,1,DIOSC_DMM,Dioscorides,diosc_full_v3,0.750,draft
ερεικη,ἐρείκη,ερεικη,SUBSTANCE:5,false,,,3,5,5,DIOSC_DMM;GAL_SMT;ORIB_CM,Dioscorides;Galen;Oribasius,diosc_full_v3;entries_full_v3,0.856,draft
ερετριας,Ἐρετριάς,ερετριας,SUBSTANCE:5,false,,ερετρια,5,5,5,AET_LM;DIOSC_DMM;GAL_SMT;ORIB_CM;PAUL_AEG,Aetius;Dioscorides;Galen;Oribasius;Paul,diosc_full_v3;entries_full_v3;paul_full_v3,0.802,draft
ερετριας γη,Ἑρετριάς γῆ,ερετριας γη,SUBSTANCE:2,true,γη,ερετρια,1,2,2,DIOSC_DMM,Dioscorides,diosc_full_v3,0.905,draft
ερευθεδανον,ἐρευθέδανον,ερευθεδανον,SUBSTANCE:1,false,,,1,1,1,DIOSC_DMM,Dioscorides,diosc_full_v3,0.900,draft
ερικη,ἐρίκη,ερικη,SUBSTANCE:1,false,,,1,1,1,PAUL_AEG,Paul,paul_full_v3,0.980,draft
ερινεος,ἐρινεός,ερινεος,SUBSTANCE:6,false,,,4,6,6,DIOSC_DMM;GAL_SMT;ORIB_CM;PAUL_AEG,Dioscorides;Galen;Oribasius;Paul,diosc_full_v3;entries_full_v3;paul_full_v3,0.708,draft
ερινεων συκα,ἐρινεῶν σῦκα,ερινεων συκα,SUBSTANCE_PART:1,true,,,1,1,1,GAL_SMT,Galen,entries_full_v3,0.850,draft
ερινος,ἔρινος,ερινος,SUBSTANCE:1,false,,,1,1,1,PAUL_AEG,Paul,paul_full_v3,0.930,draft
εριον,ἔριον,εριον,SUBSTANCE:17,false,,,5,17,17,AET_LM;DIOSC_DMM;GAL_SMT;ORIB_CM;PAUL_AEG,Aetius;Dioscorides;Galen;Oribasius;Paul,diosc_full_v3;entries_full_v3;paul_full_v3,0.822,draft
εριον κεκαυμενον,ἔριον κεκαυμένον,εριον κεκαυμενον,SUBSTANCE:2,true,εριον,,2,2,2,DIOSC_DMM;GAL_SMT,Dioscorides;Galen,diosc_full_v3;entries_full_v3,0.820,draft
εριον οισυπηρον,ἔριον οἰσυπηρόν,εριον οισυπηρον,SUBSTANCE:3,true,εριον,,1,3,3,DIOSC_DMM,Dioscorides,diosc_full_v3,0.753,draft
εριφος,ἔριφος,εριφος,SUBSTANCE:1,false,,,1,1,1,AET_LM,Aetius,entries_full_v3,0.750,draft
εριφου αιμα,ἐρίφου αἷμα,εριφου αιμα,SUBSTANCE:1,true,αιμα,,1,1,1,AET_LM,Aetius,entries_full_v3,0.850,draft
εριωδες,ἐριῶδες,εριωδες,SUBSTANCE_PART:2,false,,,2,2,2,GAL_SMT;PAUL_AEG,Galen;Paul,entries_full_v3;paul_full_v3,0.800,draft
ερμοδακτυλος,Ἑρμοδάκτυλος,ερμοδακτυλος,SUBSTANCE:1,false,,,1,1,1,PAUL_AEG,Paul,paul_full_v3,0.840,draft
ερμου βοτανιον,Ἑρμοῦ βοτάνιον,ερμου βοτανιον,SUBSTANCE:1,true,βοτανιον,,1,1,1,DIOSC_DMM,Dioscorides,diosc_full_v3,0.850,draft
ερπετον,ἑρπετόν,ερπετον,SUBSTANCE:1,false,,,1,1,1,PAUL_AEG,Paul,paul_full_v3,0.500,draft
ερπυλλον,ἕρπυλλον,ερπυλλον,SUBSTANCE:4,false,,,2,4,4,DIOSC_DMM;ORIB_CM,Dioscorides;Oribasius,diosc_full_v3;entries_full_v3,0.767,draft
ερπυλλον αγριον μεγα,ἕρπυλλον ἄγριον μέγα,ερπυλλον αγριον μεγα,SUBSTANCE:1,true,ερπυλλον,,1,1,1,DIOSC_DMM,Dioscorides,diosc_full_v3,0.750,draft
ερπυλλος,ἕρπυλλος,ερπυλλος,SUBSTANCE:8,false,,,5,8,8,AET_LM;DIOSC_DMM;GAL_ALIM;GAL_SMT;PAUL_AEG,Aetius;Dioscorides;Galen;Paul,diosc_full_v3;entries_full_v3;paul_full_v3,0.846,draft
ερπυλλος αγριος,ἕρπυλλος ἄγριος,ερπυλλος αγριος,SUBSTANCE:1,true,ερπυλλος,,1,1,1,DIOSC_DMM,Dioscorides,diosc_full_v3,0.780,draft
ερυθρα ριζα,ἐρυθρὰ ῥίζα,ερυθρα ριζα,SUBSTANCE:1,true,ριζα,,1,1,1,PAUL_AEG,Paul,paul_full_v3,0.780,draft
ερυθραικον σατυριον,ἐρυθραϊκὸν σατύριον,ερυθραικον σατυριον,SUBSTANCE:1,true,σατυριον,,1,1,1,DIOSC_DMM,Dioscorides,diosc_full_v3,0.900,draft
ερυθροδανον,ἐρυθρόδανον,ερυθροδανον,SUBSTANCE:6,false,,,5,6,6,AET_LM;DIOSC_DMM;GAL_SMT;ORIB_CM;PAUL_AEG,Aetius;Dioscorides;Galen;Oribasius;Paul,diosc_full_v3;entries_full_v3;paul_full_v3,0.848,draft
ερυθροδανος,ἐρυθρόδανος,ερυθροδανος,SUBSTANCE:1,false,,,1,1,1,DIOSC_DMM,Dioscorides,diosc_full_v3,0.750,draft
ερυθρος χαλκος,ἐρυθρὸς χαλκός,ερυθρος χαλκος,SUBSTANCE:3,true,χαλκος,,3,3,3,DIOSC_DMM;GAL_SMT;PAUL_AEG,Dioscorides;Galen;Paul,diosc_full_v3;entries_full_v3;paul_full_v3,0.857,draft
ερυσιμον,ἐρύσιμον,ερυσιμον,SUBSTANCE:7,false,,,5,7,7,AET_LM;DIOSC_DMM;GAL_SMT;ORIB_CM;PAUL_AEG,Aetius;Dioscorides;Galen;Oribasius;Paul,diosc_full_v3;entries_full_v3;paul_full_v3,0.823,draft
ερυσιμου σπερμα,ἐρυσίμου σπέρμα,ερυσιμου σπερμα,SUBSTANCE_PART:2,true,,,2,2,2,AET_LM;ORIB_CM,Aetius;Oribasius,entries_full_v3,0.890,draft
ερυσιμου το σπερμα,ἐρυσίμου τὸ σπέρμα,ερυσιμου το σπερμα,SUBSTANCE_PART:2,true,,,2,2,2,GAL_SMT;PAUL_AEG,Galen;Paul,entries_full_v3;paul_full_v3,0.900,draft
ερυσισκηπτρον,ἐρυσίσκηπτρον,ερυσισκηπτρον,SUBSTANCE:3,false,,,1,3,3,DIOSC_DMM,Dioscorides,diosc_full_v3,0.690,draft
εστυμμενον ελαιον,ἐστυμμένον ἔλαιον,εστυμμενον ελαιον,SUBSTANCE:2,true,ελαιον,,1,2,2,DIOSC_DMM,Dioscorides,diosc_full_v3,0.765,draft
ετερον τραγιον,ἕτερον τράγιον,ετερον τραγιον,SUBSTANCE:1,true,τραγιον,,1,1,1,GAL_SMT,Galen,entries_full_v3,0.580,draft
ευζωμον,εὔζωμον,ευζωμον,SUBSTANCE:13,false,,,5,13,13,AET_LM;DIOSC_DMM;GAL_ALIM;GAL_SMT;PAUL_AEG,Aetius;Dioscorides;Galen;Paul,diosc_full_v3;entries_full_v3;paul_full_v3,0.748,draft
ευζωμον αγριον,εὔζωμον ἄγριον,ευζωμον αγριον,SUBSTANCE:1,true,ευζωμον,,1,1,1,DIOSC_DMM,Dioscorides,diosc_full_v3,0.750,draft
ευζωμος,εὔζωμος,ευζωμος,SUBSTANCE:1,false,,,1,1,1,DIOSC_DMM,Dioscorides,diosc_full_v3,0.600,draft
ευπατοριον,εὐπατόριον,ευπατοριον,SUBSTANCE:5,false,,,3,5,5,AET_LM;GAL_SMT;PAUL_AEG,Aetius;Galen;Paul,entries_full_v3;paul_full_v3,0.902,draft
ευπατοριον αργεμωνη,Εὐπατόριον ἀργεμώνη,ευπατοριον αργεμωνη,SUBSTANCE:1,true,αργεμωνη,,1,1,1,DIOSC_DMM,Dioscorides,diosc_full_v3,0.700,draft
ευπατοριος,Εὐπατόριος,ευπατοριος,SUBSTANCE:1,false,,,1,1,1,DIOSC_DMM,Dioscorides,diosc_full_v3,0.950,draft
ευπατοριος ποα,εὐπατόριος πόα,ευπατοριος ποα,SUBSTANCE:1,true,ποα,,1,1,1,ORIB_CM,Oribasius,entries_full_v3,0.900,draft
ευπεπλον,εὔπεπλον,ευπεπλον,SUBSTANCE:1,false,,,1,1,1,DIOSC_DMM,Dioscorides,diosc_full_v3,0.900,draft
ευπεταλον,εὐπέταλον,ευπεταλον,SUBSTANCE:1,false,,,1,1,1,DIOSC_DMM,Dioscorides,diosc_full_v3,0.900,draft
ευριπικη σχοινος,Εὐριπικὴ σχοῖνος,ευριπικη σχοινος,SUBSTANCE:1,true,σχοινος,,1,1,1,DIOSC_DMM,Dioscorides,diosc_full_v3,0.800,draft
ευρως,εὐρώς,ευρως,SUBSTANCE:1,false,,,1,1,1,ORIB_CM,Oribasius,entries_full_v3,0.600,draft
ευφορβιον,εὐφόρβιον,ευφορβιον,SUBSTANCE:7,false,,λιβυη,5,7,7,AET_LM;DIOSC_DMM;GAL_SMT;ORIB_CM;PAUL_AEG,Aetius;Dioscorides;Galen;Oribasius;Paul,diosc_full_v3;entries_full_v3;paul_full_v3,0.914,draft
ευωδης μινθη,εὐώδης μίνθη,ευωδης μινθη,SUBSTANCE:2,true,μινθη,,2,2,2,GAL_SMT;ORIB_CM,Galen;Oribasius,entries_full_v3,0.890,draft
εφεδρον,ἕφεδρον,εφεδρον,SUBSTANCE:1,false,,,1,1,1,DIOSC_DMM,Dioscorides,diosc_full_v3,0.900,draft
εφημερον,ἐφήμερον,εφημερον,SUBSTANCE:7,false,,,4,7,7,DIOSC_DMM;GAL_SMT;ORIB_CM;PAUL_AEG,Dioscorides;Galen;Oribasius;Paul,diosc_full_v3;entries_full_v3;paul_full_v3,0.796,draft
εφημερος,ἐφήμερος,εφημερος,SUBSTANCE:1,false,,,1,1,1,DIOSC_DMM,Dioscorides,diosc_full_v3,0.700,draft
εφθος,ἑφθός,εφθος,SUBSTANCE:1,false,,σπανια,1,1,1,DIOSC_DMM,Dioscorides,diosc_full_v3,0.750,draft
εφθος τυρος,ἑφθὸς τυρός,εφθος τυρος,SUBSTANCE:1,true,τυρος,,1,1,1,AET_LM,Aetius,entries_full_v3,0.860,draft
εφιαλτια,ἐφιαλτία,εφιαλτια,SUBSTANCE:1,false,,,1,1,1,AET_LM,Aetius,entries_full_v3,0.750,draft
εχιδνα,ἔχιδνα,εχιδνα,SUBSTANCE:10,false,,,5,10,10,AET_LM;DIOSC_DMM;GAL_SMT;ORIB_CM;PAUL_AEG,Aetius;Dioscorides;Galen;Oribasius;Paul,diosc_full_v3;entries_full_v3;paul_full_v3,0.792,draft
εχιδνη,ἐχίδνη,εχιδνη,SUBSTANCE:2,false,,,2,2,2,DIOSC_DMM;PAUL_AEG,Dioscorides;Paul,diosc_full_v3;paul_full_v3,0.825,draft
εχιδνης αι σαρκες,Ἐχίδνης αἱ σάρκες,εχιδνης αι σαρκες,SUBSTANCE_PART:1,true,,,1,1,1,PAUL_AEG,Paul,paul_full_v3,0.950,draft
εχιδνης σαρκων,ἐχίδνης σαρκῶν,εχιδνης σαρκων,SUBSTANCE_PART:1,true,,,1,1,1,GAL_SMT,Galen,entries_full_v3,0.850,draft
εχιδνης σαρξ,ἐχίδνης σὰρξ,εχιδνης σαρξ,SUBSTANCE_PART:2,true,,,2,2,2,AET_LM;DIOSC_DMM,Aetius;Dioscorides,diosc_full_v3;entries_full_v3,0.880,draft
εχιδνων στεαρ,ἐχιδνῶν στέαρ,εχιδνων στεαρ,SUBSTANCE:2,true,στεαρ,,2,2,2,AET_LM;GAL_SMT,Aetius;Galen,entries_full_v3,0.860,draft
εχινος,ἐχῖνος,εχινος,SUBSTANCE:10,false,,,5,10,10,AET_LM;DIOSC_DMM;GAL_SMT;ORIB_CM;PAUL_AEG,Aetius;Dioscorides;Galen;Oribasius;Paul,diosc_full_v3;entries_full_v3;paul_full_v3,0.847,draft
εχινος θαλασσιος,ἐχῖνος θαλάσσιος,εχινος θαλασσιος,SUBSTANCE:3,true,εχινος,,2,3,3,DIOSC_DMM;ORIB_CM,Dioscorides;Oribasius,diosc_full_v3;entries_full_v3,0.767,draft
εχινος θαλαττιος,ἐχῖνος θαλάττιος,εχινος θαλαττιος,SUBSTANCE:4,true,εχινος,,3,4,4,AET_LM;GAL_SMT;PAUL_AEG,Aetius;Galen;Paul,entries_full_v3;paul_full_v3,0.772,draft
εχινος χερσαιος,ἐχῖνος χερσαῖος,εχινος χερσαιος,SUBSTANCE:5,true,εχινος,,5,5,5,AET_LM;DIOSC_DMM;GAL_SMT;ORIB_CM;PAUL_AEG,Aetius;Dioscorides;Galen;Oribasius;Paul,diosc_full_v3;entries_full_v3;paul_full_v3,0.780,draft
εχιον,ἔχιον,εχιον,SUBSTANCE:3,false,,,2,3,3,DIOSC_DMM;PAUL_AEG,Dioscorides;Paul,diosc_full_v3;paul_full_v3,0.893,draft
εχις,ἔχις,εχις,SUBSTANCE:2,false,,,2,2,2,DIOSC_DMM;PAUL_AEG,Dioscorides;Paul,diosc_full_v3;paul_full_v3,0.890,draft
ζαλεια,ζαλεία,ζαλεια,SUBSTANCE:1,false,,,1,1,1,DIOSC_DMM,Dioscorides,diosc_full_v3,0.550,draft
ζαρινα,ζάρινα,ζαρινα,SUBSTANCE:1,false,,,1,1,1,ORIB_CM,Oribasius,entries_full_v3,0.650,draft
ζαριναχα,ζαριναχά,ζαριναχα,SUBSTANCE:1,false,,,1,1,1,AET_LM,Aetius,entries_full_v3,0.740,draft
ζαρνακε,ζαρνακέ,ζαρνακε,SUBSTANCE:1,false,,,1,1,1,AET_LM,Aetius,entries_full_v3,0.760,draft
ζαρναχα,ζάρναχα,ζαρναχα,SUBSTANCE:1,false,,,1,1,1,ORIB_CM,Oribasius,entries_full_v3,0.650,draft
ζεα,ζέα,ζεα,SUBSTANCE:9,false,,,1,9,9,DIOSC_DMM,Dioscorides,diosc_full_v3,0.843,draft
ζεα απλη,ζέα ἁπλή,ζεα απλη,SUBSTANCE:1,true,ζεα,,1,1,1,DIOSC_DMM,Dioscorides,diosc_full_v3,0.700,draft
ζεα δικοκκος,ζέα δίκοκκος,ζεα δικοκκος,SUBSTANCE:1,true,ζεα,,1,1,1,DIOSC_DMM,Dioscorides,diosc_full_v3,0.750,draft
ζεα δισση,ζέα δισσή,ζεα δισση,SUBSTANCE:1,true,ζεα,,1,1,1,DIOSC_DMM,Dioscorides,diosc_full_v3,0.600,draft
ζεια,ζειά,ζεια,SUBSTANCE:9,false,,,4,9,9,AET_LM;GAL_ALIM;GAL_SMT;PAUL_AEG,Aetius;Galen;Paul,entries_full_v3;paul_full_v3,0.828,draft
ζεον υδωρ,ζέον ὕδωρ,ζεον υδωρ,SUBSTANCE:1,true,υδωρ,,1,1,1,AET_LM,Aetius,entries_full_v3,0.850,draft
ζεστον υδωρ,ζεστὸν ὕδωρ,ζεστον υδωρ,SUBSTANCE:1,true,υδωρ,,1,1,1,DIOSC_DMM,Dioscorides,diosc_full_v3,0.800,draft
ζιγγιβερ,ζιγγίβερ,ζιγγιβερ,SUBSTANCE:1,false,,,1,1,1,AET_LM,Aetius,entries_full_v3,0.820,draft
ζιγγιβερεως η ριζα,Ζιγγιβέρεως ἡ ῥίζα,ζιγγιβερεως η ριζα,SUBSTANCE_PART:3,true,,,3,3,3,AET_LM;ORIB_CM;PAUL_AEG,Aetius;Oribasius;Paul,entries_full_v3;paul_full_v3,0.900,draft
ζιγγιβερεως ριζα,ζιγγιβέρεως ῥίζα,ζιγγιβερεως ριζα,SUBSTANCE_PART:1,true,,,1,1,1,GAL_SMT,Galen,entries_full_v3,0.950,draft
ζιγγιβερι,ζιγγίβερι,ζιγγιβερι,SUBSTANCE:5,false,,,3,5,5,AET_LM;DIOSC_DMM;GAL_SMT,Aetius;Dioscorides;Galen,diosc_full_v3;entries_full_v3,0.896,draft
ζιγγιβερις,ζιγγίβερις,ζιγγιβερις,SUBSTANCE:8,false,,,5,8,8,AET_LM;DIOSC_DMM;GAL_ALIM;ORIB_CM;PAUL_AEG,Aetius;Dioscorides;Galen;Oribasius;Paul,diosc_full_v3;entries_full_v3;paul_full_v3,0.876,draft
ζυγις,ζυγίς,ζυγις,SUBSTANCE:2,false,,,2,2,2,AET_LM;DIOSC_DMM,Aetius;Dioscorides,diosc_full_v3;entries_full_v3,0.825,draft
ζυθος,ζῦθος,ζυθος,SUBSTANCE:7,false,,,5,7,7,AET_LM;DIOSC_DMM;GAL_SMT;ORIB_CM;PAUL_AEG,Aetius;Dioscorides;Galen;Oribasius;Paul,diosc_full_v3;entries_full_v3;paul_full_v3,0.916,draft
ζυμη,ζύμη,ζυμη,SUBSTANCE:12,false,,,4,12,12,AET_LM;GAL_SMT;ORIB_CM;PAUL_AEG,Aetius;Galen;Oribasius;Paul,entries_full_v3;paul_full_v3,0.869,draft
ζωγραφικη ασβολη,ζωγραφικὴ ἀσβόλη,ζωγραφικη ασβολη,SUBSTANCE:1,true,ασβολη,,1,1,1,DIOSC_DMM,Dioscorides,diosc_full_v3,0.820,draft
ζωμος,ζωμός,ζωμος,SUBSTANCE:4,false,,,2,4,4,DIOSC_DMM;PAUL_AEG,Dioscorides;Paul,diosc_full_v3;paul_full_v3,0.800,draft
ζωνιτις,ζωνῖτις,ζωνιτις,SUBSTANCE:1,false,,,1,1,1,DIOSC_DMM,Dioscorides,diosc_full_v3,0.700,draft
ζωον,ζῷον,ζωον,SUBSTANCE:1,false,,,1,1,1,AET_LM,Aetius,entries_full_v3,0.550,draft
ζωοφθαλμον,ζῳόφθαλμον,ζωοφθαλμον,SUBSTANCE:1,false,,,1,1,1,DIOSC_DMM,Dioscorides,diosc_full_v3,0.850,draft
ζωπισσα,ζώπισσα,ζωπισσα,SUBSTANCE:1,false,,,1,1,1,DIOSC_DMM,Dioscorides,diosc_full_v3,0.780,draft
ζωπυριον,Ζωπύριον,ζωπυριον,SUBSTANCE:1,false,,,1,1,1,DIOSC_DMM,Dioscorides,diosc_full_v3,0.680,draft
ζωυφιον,ζωύφιον,ζωυφιον,SUBSTANCE:1,false,,,1,1,1,PAUL_AEG,Paul,paul_full_v3,0.720,draft
η δε ολη ριζα,ἡ δὲ ὅλη ῥίζα,η δε ολη ριζα,SUBSTANCE_PART:1,true,,,1,1,1,PAUL_AEG,Paul,paul_full_v3,0.860,draft
η δε ριζα,ἡ δὲ ῥίζα,η δε ριζα,SUBSTANCE_PART:4,false,,,1,4,4,PAUL_AEG,Paul,paul_full_v3,0.875,draft
η δε σαρξ αυτου,ἡ δὲ σὰρξ αὐτοῦ,η δε σαρξ αυτου,SUBSTANCE_PART:1,true,,,1,1,1,PAUL_AEG,Paul,paul_full_v3,0.880,draft
η δε σαρξ αυτων,ἡ δὲ σὰρξ αὐτῶν,η δε σαρξ αυτων,SUBSTANCE_PART:1,true,,,1,1,1,PAUL_AEG,Paul,paul_full_v3,0.700,draft
η δε της γαλης κοιλια,ἡ δὲ τῆς γαλῆς κοιλία,η δε της γαλης κοιλια,SUBSTANCE_PART:1,true,,,1,1,1,PAUL_AEG,Paul,paul_full_v3,0.860,draft
η δε του λευκου χαμαιλεοντος ριζα,ἡ δὲ τοῦ λευκοῦ χαμαιλέοντος ῥίζα,η δε του λευκου χαμαιλεοντος ριζα,SUBSTANCE_PART:1,false,,,1,1,1,GAL_SMT,Galen,entries_full_v3,0.900,draft
η εκ των κυπριων ηλων (λεπις),ἡ ἐκ τῶν Κυπρίων ἥλων (λεπίς),η εκ των κυπριων ηλων (λεπις),SUBSTANCE_PART:1,true,,κυπρος,1,1,1,PAUL_AEG,Paul,paul_full_v3,0.780,draft
η μεν ριζα αυτης,ἡ μὲν ῥίζα αὐτῆς,η μεν ριζα αυτης,SUBSTANCE_PART:1,true,,,1,1,1,PAUL_AEG,Paul,paul_full_v3,0.860,draft
η ποα,ἡ πόα,η ποα,SUBSTANCE_PART:1,false,,,1,1,1,DIOSC_DMM,Dioscorides,diosc_full_v3,0.780,draft
η ριζα,ἡ ῥίζα,η ριζα,SUBSTANCE_PART:16,true,,,4,16,16,AET_LM;DIOSC_DMM;GAL_SMT;PAUL_AEG,Aetius;Dioscorides;Galen;Paul,diosc_full_v3;entries_full_v3;paul_full_v3,0.878,draft
η ριζα παραπλησια τη του κρινου,ἡ ῥίζα παραπλησία τῇ τοῦ κρίνου,η ριζα παραπλησια τη του κρινου,SUBSTANCE_PART:1,true,,,1,1,1,ORIB_CM,Oribasius,entries_full_v3,0.550,draft
η ριζα της βοτανης,ἡ ῥίζα τῆς βοτάνης,η ριζα της βοτανης,SUBSTANCE_PART:1,true,,,1,1,1,GAL_SMT,Galen,entries_full_v3,0.680,draft
η σαρξ,ἡ σὰρξ,η σαρξ,SUBSTANCE_PART:1,true,,,1,1,1,PAUL_AEG,Paul,paul_full_v3,0.840,draft
η σαρξ αυτου,ἡ σὰρξ αὐτοῦ,η σαρξ αυτου,SUBSTANCE_PART:2,true,,,1,2,2,PAUL_AEG,Paul,paul_full_v3,0.890,draft
η τε ριζα,ἥ τε ῥίζα,η τε ριζα,SUBSTANCE_PART:1,true,,,1,1,1,PAUL_AEG,Paul,paul_full_v3,0.860,draft
η του σιδηρου (λεπις),ἡ τοῦ σιδήρου (λεπίς),η του σιδηρου (λεπις),SUBSTANCE_PART:1,true,,,1,1,1,PAUL_AEG,Paul,paul_full_v3,0.860,draft
η του στομωματος (λεπις),ἡ τοῦ στομώματος (λεπίς),η του στομωματος (λεπις),SUBSTANCE_PART:1,true,,,1,1,1,PAUL_AEG,Paul,paul_full_v3,0.780,draft
η του χαλκου (λεπις),ἡ τοῦ χαλκοῦ (λεπίς),η του χαλκου (λεπις),SUBSTANCE_PART:1,true,,,1,1,1,PAUL_AEG,Paul,paul_full_v3,0.880,draft
ηδυοσμον,ἡδύοσμον,ηδυοσμον,SUBSTANCE:8,false,,,3,8,8,DIOSC_DMM;GAL_SMT;PAUL_AEG,Dioscorides;Galen;Paul,diosc_full_v3;entries_full_v3;paul_full_v3,0.853,draft
ηδυοσμον αγριον,ἡδύοσμον ἄγριον,ηδυοσμον αγριον,SUBSTANCE:1,true,ηδυοσμον,,1,1,1,DIOSC_DMM,Dioscorides,diosc_full_v3,0.800,draft
ηδυοσμος,ἡδύοσμος,ηδυοσμος,SUBSTANCE:7,false,,,5,7,7,AET_LM;DIOSC_DMM;GAL_ALIM;ORIB_CM;PAUL_AEG,Aetius;Dioscorides;Galen;Oribasius;Paul,diosc_full_v3;entries_full_v3;paul_full_v3,0.809,draft
ηδυσαρον,ἡδύσαρον,ηδυσαρον,SUBSTANCE:4,false,,,4,4,4,AET_LM;GAL_SMT;ORIB_CM;PAUL_AEG,Aetius;Galen;Oribasius;Paul,entries_full_v3;paul_full_v3,0.902,draft
ηδυσμα,ἥδυσμα,ηδυσμα,SUBSTANCE:1,false,,,1,1,1,DIOSC_DMM,Dioscorides,diosc_full_v3,0.640,draft
ηλεκτρον,ἤλεκτρον,ηλεκτρον,SUBSTANCE:4,false,,ηριδανος,3,4,4,AET_LM;DIOSC_DMM;PAUL_AEG,Aetius;Dioscorides;Paul,diosc_full_v3;entries_full_v3;paul_full_v3,0.890,draft
ηλεκτρον πτερυγοφορον,ἤλεκτρον πτερυγοφόρον,ηλεκτρον πτερυγοφορον,SUBSTANCE:1,true,ηλεκτρον,,1,1,1,DIOSC_DMM,Dioscorides,diosc_full_v3,0.820,draft
ηλιοσκοπιος,ἡλιοσκόπιος,ηλιοσκοπιος,SUBSTANCE:3,false,,,3,3,3,DIOSC_DMM;ORIB_CM;PAUL_AEG,Dioscorides;Oribasius;Paul,diosc_full_v3;entries_full_v3;paul_full_v3,0.740,draft
ηλιοσκοπος,ἡλιοσκόπος,ηλιοσκοπος,SUBSTANCE:1,false,,,1,1,1,GAL_SMT,Galen,entries_full_v3,0.700,draft
ηλιοτροπιον,ἡλιοτρόπιον,ηλιοτροπιον,SUBSTANCE:3,false,,,2,3,3,DIOSC_DMM;PAUL_AEG,Dioscorides;Paul,diosc_full_v3;paul_full_v3,0.933,draft
ηλιοτροπιον μεγα,ἡλιοτρόπιον μέγα,ηλιοτροπιον μεγα,SUBSTANCE:2,true,ηλιοτροπιον,,2,2,2,DIOSC_DMM;PAUL_AEG,Dioscorides;Paul,diosc_full_v3;paul_full_v3,0.905,draft
ηλιοτροπιον μικρον,ἡλιοτρόπιον μικρόν,ηλιοτροπιον μικρον,SUBSTANCE:2,true,ηλιοτροπιον,,2,2,2,DIOSC_DMM;PAUL_AEG,Dioscorides;Paul,diosc_full_v3;paul_full_v3,0.840,draft
ηλιτις,ἡλῖτις,ηλιτις,SUBSTANCE:5,false,,κυπρος,5,5,5,AET_LM;DIOSC_DMM;GAL_SMT;ORIB_CM;PAUL_AEG,Aetius;Dioscorides;Galen;Oribasius;Paul,diosc_full_v3;entries_full_v3;paul_full_v3,0.770,draft
ηλιτις λεπις,ἡλῖτις λεπίς,ηλιτις λεπις,SUBSTANCE:2,true,λεπις,,2,2,2,GAL_SMT;ORIB_CM,Galen;Oribasius,entries_full_v3,0.670,draft
ηλος,ἧλος,ηλος,SUBSTANCE:2,false,,,1,2,2,DIOSC_DMM,Dioscorides,diosc_full_v3,0.670,draft
ημεροκαλλες,ἡμεροκαλλές,ημεροκαλλες,SUBSTANCE:2,false,,,2,2,2,AET_LM;DIOSC_DMM,Aetius;Dioscorides,diosc_full_v3;entries_full_v3,0.855,draft
ημεροκαλλος,ἡμερόκαλλος,ημεροκαλλος,SUBSTANCE:3,false,,,3,3,3,GAL_SMT;ORIB_CM;PAUL_AEG,Galen;Oribasius;Paul,entries_full_v3;paul_full_v3,0.757,draft
ημεροκαλλους η ριζα,ἡμεροκάλλους ἡ ῥίζα,ημεροκαλλους η ριζα,SUBSTANCE_PART:2,true,,,2,2,2,GAL_SMT;ORIB_CM,Galen;Oribasius,entries_full_v3,0.900,draft
ημεροκαλλους ριζα,Ἡμεροκαλλοῦς ῥίζα,ημεροκαλλους ριζα,SUBSTANCE_PART:1,true,,,1,1,1,PAUL_AEG,Paul,paul_full_v3,0.860,draft
ημεροκαταλλακτον,ἡμεροκατάλλακτον,ημεροκαταλλακτον,SUBSTANCE:1,false,,,1,1,1,DIOSC_DMM,Dioscorides,diosc_full_v3,0.800,draft
ημερος,ἥμερος,ημερος,SUBSTANCE:6,false,,,5,6,6,AET_LM;DIOSC_DMM;GAL_SMT;ORIB_CM;PAUL_AEG,Aetius;Dioscorides;Galen;Oribasius;Paul,diosc_full_v3;entries_full_v3;paul_full_v3,0.558,draft
ημερος ελαια,ἥμερος ἐλαία,ημερος ελαια,SUBSTANCE:1,true,ελαια,,1,1,1,DIOSC_DMM,Dioscorides,diosc_full_v3,0.780,draft
ημερος θερμος,ἥμερος θέρμος,ημερος θερμος,SUBSTANCE:1,true,θερμος,,1,1,1,PAUL_AEG,Paul,paul_full_v3,0.750,draft
ημερος κοκκυμηλον,ἥμερος κοκκύμηλον,ημερος κοκκυμηλον,SUBSTANCE:1,true,κοκκυμηλον,,1,1,1,PAUL_AEG,Paul,paul_full_v3,0.750,draft
ημερος μαλαχη,ἥμερος μαλάχη,ημερος μαλαχη,SUBSTANCE:1,true,μαλαχη,,1,1,1,GAL_ALIM,Galen,entries_full_v3,0.720,draft
ημερος ολυνθος,ἥμερος ὄλυνθος,ημερος ολυνθος,SUBSTANCE:1,true,ολυνθος,,1,1,1,PAUL_AEG,Paul,paul_full_v3,0.730,draft
ημερος ονος,ἥμερος ὄνος,ημερος ονος,SUBSTANCE:1,true,ονος,αλεξανδρεια,1,1,1,AET_LM,Aetius,entries_full_v3,0.750,draft
ημιονιον,ἡμιόνιον,ημιονιον,SUBSTANCE:1,false,,,1,1,1,DIOSC_DMM,Dioscorides,diosc_full_v3,0.850,draft
ημιονιτις,ἡμιονῖτις,ημιονιτις,SUBSTANCE:4,false,,,4,4,4,DIOSC_DMM;GAL_SMT;ORIB_CM;PAUL_AEG,Dioscorides;Galen;Oribasius;Paul,diosc_full_v3;entries_full_v3;paul_full_v3,0.893,draft
ημιονος,ἡμίονος,ημιονος,SUBSTANCE:1,false,,,1,1,1,DIOSC_DMM,Dioscorides,diosc_full_v3,0.600,draft
ημιονου νεφρου,ἡμιόνου νεφροῦ,ημιονου νεφρου,SUBSTANCE_PART:1,true,,,1,1,1,DIOSC_DMM,Dioscorides,diosc_full_v3,0.750,draft
ημιονου οπλης,ἡμιόνου ὁπλῆς,ημιονου οπλης,SUBSTANCE_PART:1,true,,,1,1,1,DIOSC_DMM,Dioscorides,diosc_full_v3,0.800,draft
ηπαρ,ἧπαρ,ηπαρ,SUBSTANCE:3;SUBSTANCE_PART:4,false,,,4,7,7,AET_LM;DIOSC_DMM;GAL_SMT;PAUL_AEG,Aetius;Dioscorides;Galen;Paul,diosc_full_v3;entries_full_v3;paul_full_v3,0.866,draft
ηπαρ αιγος,ἧπαρ αἰγός,ηπαρ αιγος,SUBSTANCE_PART:1,true,,,1,1,1,PAUL_AEG,Paul,paul_full_v3,0.900,draft
ηπαρ αιθυιας,ἧπαρ αἰθυίας,ηπαρ αιθυιας,SUBSTANCE_PART:1,true,,,1,1,1,PAUL_AEG,Paul,paul_full_v3,0.800,draft
ηπαρ ανθρωπου,ἧπαρ ἀνθρώπου,ηπαρ ανθρωπου,SUBSTANCE_PART:1,false,,,1,1,1,GAL_SMT,Galen,entries_full_v3,0.740,draft
ηπαρ καπρου νεαρον,ἧπαρ κάπρου νεαρόν,ηπαρ καπρου νεαρον,SUBSTANCE_PART:1,true,,,1,1,1,PAUL_AEG,Paul,paul_full_v3,0.800,draft
ηπαρ λυκου,ἧπαρ λύκου,ηπαρ λυκου,SUBSTANCE_PART:2,true,,,2,2,2,GAL_SMT;PAUL_AEG,Galen;Paul,entries_full_v3;paul_full_v3,0.860,draft
ηπαρ λυττωντος κυνος,ἧπαρ λυττῶντος κυνός,ηπαρ λυττωντος κυνος,SUBSTANCE_PART:2,true,,,2,2,2,GAL_SMT;PAUL_AEG,Galen;Paul,entries_full_v3;paul_full_v3,0.850,draft
ηπαρ ονειον,ἧπαρ ὄνειον,ηπαρ ονειον,SUBSTANCE_PART:2,true,,,2,2,2,DIOSC_DMM;PAUL_AEG,Dioscorides;Paul,diosc_full_v3;paul_full_v3,0.825,draft
ηπαρ σαυρας,ἧπαρ σαύρας,ηπαρ σαυρας,SUBSTANCE_PART:2,true,,,2,2,2,GAL_SMT;PAUL_AEG,Galen;Paul,entries_full_v3;paul_full_v3,0.875,draft
ηπαρ τραγειον,ἧπαρ τράγειον,ηπαρ τραγειον,SUBSTANCE_PART:1,true,,,1,1,1,PAUL_AEG,Paul,paul_full_v3,0.750,draft
ηπατος αιγος,ἥπατος αίγὸς,ηπατος αιγος,SUBSTANCE_PART:1,true,,,1,1,1,DIOSC_DMM,Dioscorides,diosc_full_v3,0.850,draft
ηρακλεια,Ἡράκλεια,ηρακλεια,SUBSTANCE:13,false,,,5,13,13,AET_LM;DIOSC_DMM;GAL_SMT;ORIB_CM;PAUL_AEG,Aetius;Dioscorides;Galen;Oribasius;Paul,diosc_full_v3;entries_full_v3;paul_full_v3,0.716,draft
ηρακλεια μηκων,Ἡράκλεια μήκων,ηρακλεια μηκων,SUBSTANCE:1,true,μηκων,,1,1,1,PAUL_AEG,Paul,paul_full_v3,0.780,draft
ηρακλειον,Ἡράκλειον,ηρακλειον,SUBSTANCE:3,false,,,3,3,3,DIOSC_DMM;GAL_SMT;PAUL_AEG,Dioscorides;Galen;Paul,diosc_full_v3;entries_full_v3;paul_full_v3,0.713,draft
ηρακλεωτικη,Ἡρακλεωτική,ηρακλεωτικη,SUBSTANCE:1,false,,,1,1,1,DIOSC_DMM,Dioscorides,diosc_full_v3,0.400,draft
ηρακλεωτικος παναξ,Ἡρακλεωτικὸς πάναξ,ηρακλεωτικος παναξ,SUBSTANCE:1,true,παναξ,,1,1,1,DIOSC_DMM,Dioscorides,diosc_full_v3,0.750,draft
ηρανθεμον,ἠράνθεμον,ηρανθεμον,SUBSTANCE:1,false,,,1,1,1,DIOSC_DMM,Dioscorides,diosc_full_v3,0.900,draft
ηρεμιον,ἠρέμιον,ηρεμιον,SUBSTANCE:1,false,,,1,1,1,DIOSC_DMM,Dioscorides,diosc_full_v3,0.800,draft
ηριγερον,ἠρίγερον,ηριγερον,SUBSTANCE:1,false,,,1,1,1,DIOSC_DMM,Dioscorides,diosc_full_v3,0.700,draft
ηριγερων,ἠριγέρων,ηριγερων,SUBSTANCE:5,false,,,4,5,5,AET_LM;DIOSC_DMM;GAL_SMT;PAUL_AEG,Aetius;Dioscorides;Galen;Paul,diosc_full_v3;entries_full_v3;paul_full_v3,0.888,draft
ηρυγγη,ἡρύγγη,ηρυγγη,SUBSTANCE:1,false,,,1,1,1,DIOSC_DMM,Dioscorides,diosc_full_v3,0.900,draft
ηρυγγιον,ἠρύγγιον,ηρυγγιον,SUBSTANCE:6,false,,,5,6,6,AET_LM;DIOSC_DMM;GAL_SMT;ORIB_CM;PAUL_AEG,Aetius;Dioscorides;Galen;Oribasius;Paul,diosc_full_v3;entries_full_v3;paul_full_v3,0.903,draft
θαλασσα,θάλασσα,θαλασσα,SUBSTANCE:21,false,,,5,21,21,AET_LM;DIOSC_DMM;GAL_SMT;ORIB_CM;PAUL_AEG,Aetius;Dioscorides;Galen;Oribasius;Paul,diosc_full_v3;entries_full_v3;paul_full_v3,0.773,draft
θαλασσα πελαγια,θάλασσα πελαγία,θαλασσα πελαγια,SUBSTANCE:1,true,θαλασσα,,1,1,1,DIOSC_DMM,Dioscorides,diosc_full_v3,0.660,draft
θαλασσιον υδωρ,Θαλάσσιον ὕδωρ,θαλασσιον υδωρ,SUBSTANCE:1,true,υδωρ,,1,1,1,PAUL_AEG,Paul,paul_full_v3,0.950,draft
θαλασσιος,θαλάσσιος,θαλασσιος,SUBSTANCE:2,false,,,1,2,2,DIOSC_DMM,Dioscorides,diosc_full_v3,0.770,draft
θαλασσιου σκορπιου,θαλασσίου σκορπίου,θαλασσιου σκορπιου,SUBSTANCE_PART:1,true,,,1,1,1,DIOSC_DMM,Dioscorides,diosc_full_v3,0.700,draft
θαλαττα,θάλαττα,θαλαττα,SUBSTANCE:16,false,,,4,16,16,AET_LM;DIOSC_DMM;GAL_SMT;ORIB_CM,Aetius;Dioscorides;Galen;Oribasius,diosc_full_v3;entries_full_v3,0.818,draft
θαλαττα πελαγια,θάλαττα πελαγία,θαλαττα πελαγια,SUBSTANCE:2,true,θαλαττα,,1,2,2,DIOSC_DMM,Dioscorides,diosc_full_v3,0.795,draft
θαλαττια ψαμμος,θαλαττία ψάμμος,θαλαττια ψαμμος,SUBSTANCE:1,true,ψαμμος,,1,1,1,GAL_SMT,Galen,entries_full_v3,0.740,draft
θαλαττιον φαρμακον,θαλάττιον φάρμακον,θαλαττιον φαρμακον,SUBSTANCE:1,true,φαρμακον,,1,1,1,GAL_SMT,Galen,entries_full_v3,0.520,draft
θαλαττιος δρακων,θαλάττιος δράκων,θαλαττιος δρακων,SUBSTANCE:1,true,δρακων,,1,1,1,PAUL_AEG,Paul,paul_full_v3,0.740,draft
θαλαττιος κηρυξ,θαλάττιος κήρυξ,θαλαττιος κηρυξ,SUBSTANCE:1,true,κηρυξ,,1,1,1,DIOSC_DMM,Dioscorides,diosc_full_v3,0.780,draft
θαλαττιος λαγωος,θαλάττιος λαγωός,θαλαττιος λαγωος,SUBSTANCE:1,true,λαγωος,,1,1,1,GAL_SMT,Galen,entries_full_v3,0.840,draft
θαλαττιος υδωρ,θαλάττιος ὕδωρ,θαλαττιος υδωρ,SUBSTANCE:1,true,υδωρ,,1,1,1,DIOSC_DMM,Dioscorides,diosc_full_v3,0.950,draft
θαλαττιων κηρυκων τα οστρακα,θαλαττίων κηρύκων τὰ ὄστρακα,θαλαττιων κηρυκων τα οστρακα,SUBSTANCE_PART:1,true,,,1,1,1,DIOSC_DMM,Dioscorides,diosc_full_v3,0.820,draft
θαλιηκτρον,θαλίηκτρον,θαλιηκτρον,SUBSTANCE:1,false,,,1,1,1,GAL_SMT,Galen,entries_full_v3,0.800,draft
θαλιητρον,Θαλίητρον,θαλιητρον,SUBSTANCE:3,false,,,3,3,3,DIOSC_DMM;ORIB_CM;PAUL_AEG,Dioscorides;Oribasius;Paul,diosc_full_v3;entries_full_v3;paul_full_v3,0.870,draft
θαλλια,θαλλία,θαλλια,SUBSTANCE:1,false,,,1,1,1,DIOSC_DMM,Dioscorides,diosc_full_v3,0.600,draft
θαλλοι,θαλλοὶ,θαλλοι,SUBSTANCE_PART:3,false,,,3,3,3,AET_LM;GAL_SMT;PAUL_AEG,Aetius;Galen;Paul,entries_full_v3;paul_full_v3,0.857,draft
θαλλος,θαλλὸς,θαλλος,SUBSTANCE:1;SUBSTANCE_PART:1,false,,,2,2,2,DIOSC_DMM;GAL_SMT,Dioscorides;Galen,diosc_full_v3;entries_full_v3,0.725,draft
θαμνιον,θαμνίον,θαμνιον,SUBSTANCE:1,false,,,1,1,1,ORIB_CM,Oribasius,entries_full_v3,0.450,draft
θαμνος,θάμνος,θαμνος,SUBSTANCE:3,false,,,2,3,3,GAL_SMT;ORIB_CM,Galen;Oribasius,entries_full_v3,0.507,draft
θαμνωδες,θαμνῶδες,θαμνωδες,SUBSTANCE_PART:1,false,,,1,1,1,PAUL_AEG,Paul,paul_full_v3,0.900,draft
θανασιμον,θανάσιμον,θανασιμον,SUBSTANCE:2,false,,,1,2,2,DIOSC_DMM,Dioscorides,diosc_full_v3,0.625,draft
θανασιμον φαρμακον,θανάσιμον φάρμακον,θανασιμον φαρμακον,SUBSTANCE:3,true,φαρμακον,,1,3,3,DIOSC_DMM,Dioscorides,diosc_full_v3,0.717,draft
θαψια,θαψία,θαψια,SUBSTANCE:14,false,,,5,14,14,AET_LM;DIOSC_DMM;GAL_SMT;ORIB_CM;PAUL_AEG,Aetius;Dioscorides;Galen;Oribasius;Paul,diosc_full_v3;entries_full_v3;paul_full_v3,0.865,draft
θειον,θεῖον,θειον,SUBSTANCE:14,false,,,5,14,14,AET_LM;DIOSC_DMM;GAL_SMT;ORIB_CM;PAUL_AEG,Aetius;Dioscorides;Galen;Oribasius;Paul,diosc_full_v3;entries_full_v3;paul_full_v3,0.925,draft
θειον απυρον,θεῖον ἄπυρον,θειον απυρον,SUBSTANCE:3,true,θειον,,1,3,3,DIOSC_DMM,Dioscorides,diosc_full_v3,0.850,draft
θερινος,θερινός,θερινος,SUBSTANCE:1,false,,,1,1,1,DIOSC_DMM,Dioscorides,diosc_full_v3,0.550,draft
θερμος,θέρμος,θερμος,SUBSTANCE:19,false,,,6,19,19,AET_LM;DIOSC_DMM;GAL_ALIM;GAL_SMT;ORIB_CM;PAUL_AEG,Aetius;Dioscorides;Galen;Oribasius;Paul,diosc_full_v3;entries_full_v3;paul_full_v3,0.819,draft
θερμος αγριος,θέρμος ἄγριος,θερμος αγριος,SUBSTANCE:4,true,θερμος,,4,4,4,AET_LM;DIOSC_DMM;GAL_SMT;ORIB_CM,Aetius;Dioscorides;Galen;Oribasius,diosc_full_v3;entries_full_v3,0.883,draft
θερμος εδωδιμος,θέρμος ἐδώδιμος,θερμος εδωδιμος,SUBSTANCE:1,true,θερμος,,1,1,1,ORIB_CM,Oribasius,entries_full_v3,0.830,draft
θερμος ημερος,θέρμος ἥμερος,θερμος ημερος,SUBSTANCE:2,true,θερμος,,2,2,2,AET_LM;DIOSC_DMM,Aetius;Dioscorides,diosc_full_v3;entries_full_v3,0.875,draft
θερμος πικρος,θέρμος πικρός,θερμος πικρος,SUBSTANCE:2,true,θερμος,,1,2,2,AET_LM,Aetius,entries_full_v3,0.750,draft
θερμοσποδια,θερμοσποδιά,θερμοσποδια,SUBSTANCE:2,false,,,1,2,2,DIOSC_DMM,Dioscorides,diosc_full_v3,0.750,draft
θηλυ,θήλυ,θηλυ,SUBSTANCE:1,true,θηλυ,,1,1,1,PAUL_AEG,Paul,paul_full_v3,0.800,draft
θηλυγονον,θηλυγόνον,θηλυγονον,SUBSTANCE:1,false,,,1,1,1,DIOSC_DMM,Dioscorides,diosc_full_v3,0.760,draft
θηλυπτερις,θηλύπτερις,θηλυπτερις,SUBSTANCE:3,false,,,3,3,3,DIOSC_DMM;GAL_SMT;ORIB_CM,Dioscorides;Galen;Oribasius,diosc_full_v3;entries_full_v3,0.887,draft
θηλυπτερον,θηλύπτερον,θηλυπτερον,SUBSTANCE:1,false,,,1,1,1,PAUL_AEG,Paul,paul_full_v3,0.940,draft
θηλυς,θῆλυς,θηλυς,SUBSTANCE:1,false,,,1,1,1,DIOSC_DMM,Dioscorides,diosc_full_v3,0.600,draft
θηλυφονον,θηλυφόνον,θηλυφονον,SUBSTANCE:1,false,,,1,1,1,DIOSC_DMM,Dioscorides,diosc_full_v3,0.850,draft
θλασπι,θλάσπι,θλασπι,SUBSTANCE:3,false,,,3,3,3,AET_LM;DIOSC_DMM;GAL_SMT,Aetius;Dioscorides;Galen,diosc_full_v3;entries_full_v3,0.900,draft
θλασπι σπερμα,θλάσπι σπέρμα,θλασπι σπερμα,SUBSTANCE_PART:2,true,,,2,2,2,GAL_SMT;PAUL_AEG,Galen;Paul,entries_full_v3;paul_full_v3,0.900,draft
θλασπις,θλάσπις,θλασπις,SUBSTANCE:2,false,,,2,2,2,ORIB_CM;PAUL_AEG,Oribasius;Paul,entries_full_v3;paul_full_v3,0.850,draft
θμυρνη,θμύρνη,θμυρνη,SUBSTANCE:1,false,,,1,1,1,DIOSC_DMM,Dioscorides,diosc_full_v3,0.600,draft
θορυβηθρον,θορύβηθρον,θορυβηθρον,SUBSTANCE:1,false,,,1,1,1,DIOSC_DMM,Dioscorides,diosc_full_v3,0.850,draft
θπερμα,θπέρμα,θπερμα,SUBSTANCE_PART:1,false,,,1,1,1,DIOSC_DMM,Dioscorides,diosc_full_v3,0.580,draft
θρακιας,Θρᾳκίας,θρακιας,SUBSTANCE:1,false,,σιντια,1,1,1,DIOSC_DMM,Dioscorides,diosc_full_v3,0.850,draft
θριδακιας,θριδακίας,θριδακιας,SUBSTANCE:1,false,,,1,1,1,DIOSC_DMM,Dioscorides,diosc_full_v3,0.750,draft
θριδακινη,θριδακίνη,θριδακινη,SUBSTANCE:8,false,,,3,8,8,AET_LM;GAL_ALIM;GAL_SMT,Aetius;Galen,entries_full_v3,0.821,draft
θριδακινη κηπευομενη,θριδακίνη κηπευομένη,θριδακινη κηπευομενη,SUBSTANCE:1,true,θριδακινη,,1,1,1,GAL_ALIM,Galen,entries_full_v3,0.850,draft
θριδακινης φυλλων,θριδακίνης φύλλων,θριδακινης φυλλων,SUBSTANCE_PART:1,true,,,1,1,1,AET_LM,Aetius,entries_full_v3,0.780,draft
θριδακος σπερμα,θρίδακος σπέρμα,θριδακος σπερμα,SUBSTANCE_PART:3,true,,,3,3,3,AET_LM;GAL_SMT;PAUL_AEG,Aetius;Galen;Paul,entries_full_v3;paul_full_v3,0.870,draft
θριδακος σπερματι,θρίδακος σπέρματι,θριδακος σπερματι,SUBSTANCE_PART:1,true,,,1,1,1,DIOSC_DMM,Dioscorides,diosc_full_v3,0.800,draft
θριδαξ,θρίδαξ,θριδαξ,SUBSTANCE:20,false,,,6,20,20,AET_LM;DIOSC_DMM;GAL_ALIM;GAL_SMT;ORIB_CM;PAUL_AEG,Aetius;Dioscorides;Galen;Oribasius;Paul,diosc_full_v3;entries_full_v3;paul_full_v3,0.794,draft
θριδαξ αγρια,θρίδαξ ἀγρία,θριδαξ αγρια,SUBSTANCE:4,true,θριδαξ,,2,4,4,AET_LM;DIOSC_DMM,Aetius;Dioscorides,diosc_full_v3;entries_full_v3,0.812,draft
θριδαξ ημερος,θρίδαξ ἥμερος,θριδαξ ημερος,SUBSTANCE:1,true,θριδαξ,,1,1,1,DIOSC_DMM,Dioscorides,diosc_full_v3,0.900,draft
θριδαξ κηπευομενη,θρῖδαξ κηπευομένη,θριδαξ κηπευομενη,SUBSTANCE:1,true,θριδαξ,,1,1,1,GAL_ALIM,Galen,entries_full_v3,0.750,draft
θριδαξ οξυφυλλος,θρίδαξ ὀξυφύλλος,θριδαξ οξυφυλλος,SUBSTANCE:1,true,θριδαξ,,1,1,1,DIOSC_DMM,Dioscorides,diosc_full_v3,0.800,draft
θριξ,θρίξ,θριξ,SUBSTANCE:4,false,,,2,4,4,GAL_SMT;PAUL_AEG,Galen;Paul,entries_full_v3;paul_full_v3,0.767,draft
θριξ κεκαυμενη,θρίξ κεκαυμένη,θριξ κεκαυμενη,SUBSTANCE:1,true,θριξ,,1,1,1,GAL_SMT,Galen,entries_full_v3,0.860,draft
θριξι λαγωαις,θριξὶ λαγῴαις,θριξι λαγωαις,SUBSTANCE_PART:1,true,,,1,1,1,AET_LM,Aetius,entries_full_v3,0.650,draft
θρομβος,θρόμβος,θρομβος,SUBSTANCE:2,false,,,1,2,2,DIOSC_DMM,Dioscorides,diosc_full_v3,0.750,draft
θρομβος αιματος,θρόμβος αἵματος,θρομβος αιματος,SUBSTANCE:1,true,θρομβος,,1,1,1,DIOSC_DMM,Dioscorides,diosc_full_v3,0.850,draft
θρυαλλις,θρυαλλίς,θρυαλλις,SUBSTANCE:3,false,,,3,3,3,DIOSC_DMM;GAL_SMT;PAUL_AEG,Dioscorides;Galen;Paul,diosc_full_v3;entries_full_v3;paul_full_v3,0.723,draft
θρυον,θρύον,θρυον,SUBSTANCE:1,false,,,1,1,1,DIOSC_DMM,Dioscorides,diosc_full_v3,0.750,draft
θυα,θύα,θυα,SUBSTANCE:1,false,,,1,1,1,PAUL_AEG,Paul,paul_full_v3,0.860,draft
θυια,θύια,θυια,SUBSTANCE:2,false,,,1,2,2,DIOSC_DMM,Dioscorides,diosc_full_v3,0.725,draft
θυιτης,θυίτης,θυιτης,SUBSTANCE:1,false,,αιθιοπια,1,1,1,DIOSC_DMM,Dioscorides,diosc_full_v3,0.900,draft
θυλακια,θυλάκια,θυλακια,SUBSTANCE_PART:3,false,,,1,3,3,DIOSC_DMM,Dioscorides,diosc_full_v3,0.790,draft
θυλακιοις,θυλακίοις,θυλακιοις,SUBSTANCE_PART:4,false,,,1,4,4,DIOSC_DMM,Dioscorides,diosc_full_v3,0.725,draft
θυλακιον,θυλάκιον,θυλακιον,SUBSTANCE_PART:1,false,,,1,1,1,DIOSC_DMM,Dioscorides,diosc_full_v3,0.800,draft
θυλακισκον,θυλακίσκον,θυλακισκον,SUBSTANCE_PART:1,false,,,1,1,1,DIOSC_DMM,Dioscorides,diosc_full_v3,0.600,draft
θυλακιτις,θυλακῖτις,θυλακιτις,SUBSTANCE:7,false,,,4,7,7,AET_LM;DIOSC_DMM;GAL_SMT;PAUL_AEG,Aetius;Dioscorides;Galen;Paul,diosc_full_v3;entries_full_v3;paul_full_v3,0.749,draft
θυμα,θύμα,θυμα,SUBSTANCE:1,false,,,1,1,1,GAL_ALIM,Galen,entries_full_v3,0.800,draft
θυμβρα,θύμβρα,θυμβρα,SUBSTANCE:11,false,,,4,11,11,AET_LM;DIOSC_DMM;GAL_ALIM;PAUL_AEG,Aetius;Dioscorides;Galen;Paul,diosc_full_v3;entries_full_v3;paul_full_v3,0.851,draft
θυμβρα αγρια,θύμβρα ἀγρία,θυμβρα αγρια,SUBSTANCE:1,true,θυμβρα,,1,1,1,PAUL_AEG,Paul,paul_full_v3,0.780,draft
θυμβρα κηπευομενη,θύμβρα κηπευομένη,θυμβρα κηπευομενη,SUBSTANCE:1,true,θυμβρα,,1,1,1,AET_LM,Aetius,entries_full_v3,0.670,draft
θυμβρα κηπευτη,θύμβρα κηπευτή,θυμβρα κηπευτη,SUBSTANCE:1,true,θυμβρα,,1,1,1,PAUL_AEG,Paul,paul_full_v3,0.780,draft
θυμβρα σπαρτη,θύμβρα σπαρτή,θυμβρα σπαρτη,SUBSTANCE:1,true,θυμβρα,,1,1,1,DIOSC_DMM,Dioscorides,diosc_full_v3,0.800,draft
θυμελαια,θυμελαία,θυμελαια,SUBSTANCE:3,false,,,2,3,3,DIOSC_DMM;PAUL_AEG,Dioscorides;Paul,diosc_full_v3;paul_full_v3,0.923,draft
θυμιαμα,θυμίαμα,θυμιαμα,SUBSTANCE:2,false,,,2,2,2,AET_LM;PAUL_AEG,Aetius;Paul,entries_full_v3;paul_full_v3,0.775,draft
θυμιαμα βασιλικον,θυμίαμα βασιλικόν,θυμιαμα βασιλικον,SUBSTANCE:1,true,θυμιαμα,,1,1,1,AET_LM,Aetius,entries_full_v3,0.750,draft
θυμιτης,θυμίτης,θυμιτης,SUBSTANCE:1,false,,,1,1,1,DIOSC_DMM,Dioscorides,diosc_full_v3,0.750,draft
θυμον,θύμον,θυμον,SUBSTANCE:5,false,,,4,5,5,AET_LM;DIOSC_DMM;GAL_ALIM;ORIB_CM,Aetius;Dioscorides;Galen;Oribasius,diosc_full_v3;entries_full_v3,0.836,draft
θυμος,θύμος,θυμος,SUBSTANCE:22,false,,,6,22,22,AET_LM;DIOSC_DMM;GAL_ALIM;GAL_SMT;ORIB_CM;PAUL_AEG,Aetius;Dioscorides;Galen;Oribasius;Paul,diosc_full_v3;entries_full_v3;paul_full_v3,0.864,draft
θυμος ξηρος,θύμος ξηρός,θυμος ξηρος,SUBSTANCE:1,true,θυμος,,1,1,1,AET_LM,Aetius,entries_full_v3,0.760,draft
θυμος σκληροτερος,θύμος σκληρότερος,θυμος σκληροτερος,SUBSTANCE:1,true,θυμος,,1,1,1,DIOSC_DMM,Dioscorides,diosc_full_v3,0.780,draft
θυννος,θύννος,θυννος,SUBSTANCE:2,false,,,2,2,2,AET_LM;DIOSC_DMM,Aetius;Dioscorides,diosc_full_v3;entries_full_v3,0.830,draft
θυρσιτις,θυρσῖτις,θυρσιτις,SUBSTANCE:1,false,,,1,1,1,DIOSC_DMM,Dioscorides,diosc_full_v3,0.750,draft
ιασπαχατης,ἰασπαχάτης,ιασπαχατης,SUBSTANCE:1,false,,,1,1,1,AET_LM,Aetius,entries_full_v3,0.900,draft
ιασπις,ἴασπις,ιασπις,SUBSTANCE:10,false,,αιθιοπια,5,10,10,AET_LM;DIOSC_DMM;GAL_SMT;ORIB_CM;PAUL_AEG,Aetius;Dioscorides;Galen;Oribasius;Paul,diosc_full_v3;entries_full_v3;paul_full_v3,0.879,draft
ιασπις καπνιας,ἴασπις καπνίας,ιασπις καπνιας,SUBSTANCE:1,true,ιασπις,,1,1,1,AET_LM,Aetius,entries_full_v3,0.820,draft
ιασπις λιθος,ἴασπις λίθος,ιασπις λιθος,SUBSTANCE:1,true,λιθος,αιθιοπια,1,1,1,AET_LM,Aetius,entries_full_v3,0.930,draft
ιασπις σμαραγδιζουσα,ἴασπις σμαραγδιζοῦσα,ιασπις σμαραγδιζουσα,SUBSTANCE:1,true,ιασπις,,1,1,1,AET_LM,Aetius,entries_full_v3,0.680,draft
ιασπις υποχλωρος,ἴασπις ὑπόχλωρος,ιασπις υποχλωρος,SUBSTANCE:1,true,ιασπις,,1,1,1,AET_LM,Aetius,entries_full_v3,0.840,draft
ιασπις χλωρος,ἴασπις χλωρός,ιασπις χλωρος,SUBSTANCE:1,true,ιασπις,,1,1,1,AET_LM,Aetius,entries_full_v3,0.760,draft
ιβηριας,ιβηριας,ιβηριας,SUBSTANCE:1,false,,,1,1,1,PAUL_AEG,Paul,paul_full_v3,0.850,draft
ιδαια ριζα,ἰδαία ῥίζα,ιδαια ριζα,SUBSTANCE:4,true,ριζα,ιδη,4,4,4,DIOSC_DMM;GAL_SMT;ORIB_CM;PAUL_AEG,Dioscorides;Galen;Oribasius;Paul,diosc_full_v3;entries_full_v3;paul_full_v3,0.883,draft
ιδαιος φλομος,Ἰδαῖος φλόμος,ιδαιος φλομος,SUBSTANCE:1,true,φλομος,,1,1,1,DIOSC_DMM,Dioscorides,diosc_full_v3,0.700,draft
ιδρως,ἱδρώς,ιδρως,SUBSTANCE:18,false,,,5,18,18,AET_LM;DIOSC_DMM;GAL_SMT;ORIB_CM;PAUL_AEG,Aetius;Dioscorides;Galen;Oribasius;Paul,diosc_full_v3;entries_full_v3;paul_full_v3,0.772,draft
ιερα βοτανη,ἱερὰ βοτάνη,ιερα βοτανη,SUBSTANCE:2,true,βοτανη,,2,2,2,AET_LM;DIOSC_DMM,Aetius;Dioscorides,diosc_full_v3;entries_full_v3,0.705,draft
ιερα γη,ἱερὰ γῆ,ιερα γη,SUBSTANCE:1,true,γη,,1,1,1,GAL_SMT,Galen,entries_full_v3,0.700,draft
ιερακιον,ἱεράκιον,ιερακιον,SUBSTANCE:1,false,,,1,1,1,DIOSC_DMM,Dioscorides,diosc_full_v3,0.900,draft
ιερακιον μεγα,ἱεράκιον μέγα,ιερακιον μεγα,SUBSTANCE:1,true,ιερακιον,,1,1,1,DIOSC_DMM,Dioscorides,diosc_full_v3,0.900,draft
ιερακιον μικρον,ἱεράκιον μικρόν,ιερακιον μικρον,SUBSTANCE:1,true,ιερακιον,,1,1,1,DIOSC_DMM,Dioscorides,diosc_full_v3,0.850,draft
ιερακιτης,ἱερακίτης,ιερακιτης,SUBSTANCE:3,false,,,2,3,3,AET_LM;GAL_SMT,Aetius;Galen,entries_full_v3,0.790,draft
ιερακιτης λιθος,ἱερακίτης λίθος,ιερακιτης λιθος,SUBSTANCE:1,true,λιθος,,1,1,1,AET_LM,Aetius,entries_full_v3,0.900,draft
ικτινος,ἰκτῖνος,ικτινος,SUBSTANCE:1,false,,,1,1,1,PAUL_AEG,Paul,paul_full_v3,0.780,draft
ιλλεκεβρα,ἰλλεκέβρα,ιλλεκεβρα,SUBSTANCE:1,false,,,1,1,1,DIOSC_DMM,Dioscorides,diosc_full_v3,0.750,draft
ινανθη,ἰνάνθη,ινανθη,SUBSTANCE:1,false,,,1,1,1,DIOSC_DMM,Dioscorides,diosc_full_v3,0.950,draft
ινας,ἶνας,ινας,SUBSTANCE_PART:1,false,,,1,1,1,DIOSC_DMM,Dioscorides,diosc_full_v3,0.750,draft
ινδικη,Ἰνδική,ινδικη,SUBSTANCE:1,false,,ινδια,1,1,1,GAL_SMT,Galen,entries_full_v3,0.650,draft
ινδικη ναρδος,Ἰνδικὴ νάρδος,ινδικη ναρδος,SUBSTANCE:2,true,ναρδος,ινδικη,2,2,2,DIOSC_DMM;GAL_SMT,Dioscorides;Galen,diosc_full_v3;entries_full_v3,0.775,draft
ινδικης ναρδου φυλλον,Ἰνδικῆς νάρδου φύλλον,ινδικης ναρδου φυλλον,SUBSTANCE_PART:1,true,,ινδικη,1,1,1,DIOSC_DMM,Dioscorides,diosc_full_v3,0.850,draft
ινδικον,Ἰνδικόν,ινδικον,SUBSTANCE:3,false,,ινδια,3,3,3,AET_LM;DIOSC_DMM;GAL_SMT,Aetius;Dioscorides;Galen,diosc_full_v3;entries_full_v3,0.700,draft
ινδικον λυκιον,Ἰνδικόν λύκιον,ινδικον λυκιον,SUBSTANCE:1,true,λυκιον,,1,1,1,DIOSC_DMM,Dioscorides,diosc_full_v3,0.800,draft
ινδικος,Ἰνδικός,ινδικος,SUBSTANCE:2,false,,,2,2,2,AET_LM;GAL_SMT,Aetius;Galen,entries_full_v3,0.565,draft
ινδικος καλαμος,Ἰνδικὸς κάλαμος,ινδικος καλαμος,SUBSTANCE:1,true,καλαμος,,1,1,1,DIOSC_DMM,Dioscorides,diosc_full_v3,0.720,draft
ινδικος λιθος,ινδικος λιθος,ινδικος λιθος,SUBSTANCE:1,true,λιθος,ινδια,1,1,1,PAUL_AEG,Paul,paul_full_v3,0.850,draft
ιντουβουμ,ἴντουβουμ,ιντουβουμ,SUBSTANCE:1,false,,,1,1,1,DIOSC_DMM,Dioscorides,diosc_full_v3,0.600,draft
ιντουβουμ αγρεστεμ,ἴντουβουμ ἀγρέστεμ,ιντουβουμ αγρεστεμ,SUBSTANCE:1,true,ιντουβουμ,,1,1,1,DIOSC_DMM,Dioscorides,diosc_full_v3,0.600,draft
ιντυβος,ἴντυβος,ιντυβος,SUBSTANCE:1,false,,,1,1,1,AET_LM,Aetius,entries_full_v3,0.900,draft
ιξ,ἴξ,ιξ,SUBSTANCE:1,false,,,1,1,1,DIOSC_DMM,Dioscorides,diosc_full_v3,0.800,draft
ιξια,ἰξία,ιξια,SUBSTANCE:8,false,,,1,8,8,DIOSC_DMM,Dioscorides,diosc_full_v3,0.754,draft
ιξος,ἰξός,ιξος,SUBSTANCE:10,false,,,5,10,10,AET_LM;DIOSC_DMM;GAL_SMT;ORIB_CM;PAUL_AEG,Aetius;Dioscorides;Galen;Oribasius;Paul,diosc_full_v3;entries_full_v3;paul_full_v3,0.865,draft
ιον,ἴον,ιον,SUBSTANCE:9;SUBSTANCE_PART:1,false,,,5,10,10,AET_LM;DIOSC_DMM;GAL_SMT;ORIB_CM;PAUL_AEG,Aetius;Dioscorides;Galen;Oribasius;Paul,diosc_full_v3;entries_full_v3;paul_full_v3,0.777,draft
ιος,ἰός,ιος,SUBSTANCE:24,false,,,5,24,24,AET_LM;DIOSC_DMM;GAL_SMT;ORIB_CM;PAUL_AEG,Aetius;Dioscorides;Galen;Oribasius;Paul,diosc_full_v3;entries_full_v3;paul_full_v3,0.787,draft
ιος απο των ανδριαντων,ἰὸς ἀπὸ τῶν ἀνδριάντων,ιος απο των ανδριαντων,SUBSTANCE:1,true,ιος,,1,1,1,ORIB_CM,Oribasius,entries_full_v3,0.750,draft
ιος ξυστος,ἰός ξυστός,ιος ξυστος,SUBSTANCE:2,true,ιος,,2,2,2,AET_LM;DIOSC_DMM,Aetius;Dioscorides,diosc_full_v3;entries_full_v3,0.900,draft
ιος σιδηρου,ἰὸς σιδήρου,ιος σιδηρου,SUBSTANCE:1,true,ιος,,1,1,1,DIOSC_DMM,Dioscorides,diosc_full_v3,0.880,draft
ιος σκευαστος,ἰὸς σκευαστός,ιος σκευαστος,SUBSTANCE:1,true,ιος,,1,1,1,DIOSC_DMM,Dioscorides,diosc_full_v3,0.820,draft
ιος σκωληκος,ἰὸς σκώληκος,ιος σκωληκος,SUBSTANCE:2,true,ιος,,2,2,2,AET_LM;DIOSC_DMM,Aetius;Dioscorides,diosc_full_v3;entries_full_v3,0.790,draft
ιος χαλκου,ἰὸς χαλκοῦ,ιος χαλκου,SUBSTANCE:1,true,ιος,,1,1,1,DIOSC_DMM,Dioscorides,diosc_full_v3,0.850,draft
ιου τα φυλλα,ἴου τὰ φύλλα,ιου τα φυλλα,SUBSTANCE_PART:4,true,,,4,4,4,AET_LM;GAL_SMT;ORIB_CM;PAUL_AEG,Aetius;Galen;Oribasius;Paul,entries_full_v3;paul_full_v3,0.873,draft
ιουδαικος,Ἰουδαϊκός,ιουδαικος,SUBSTANCE:2,false,,ιουδαια,2,2,2,AET_LM;PAUL_AEG,Aetius;Paul,entries_full_v3;paul_full_v3,0.725,draft
ιουδαϊκος,Ἰουδαϊκός,ιουδαϊκος,SUBSTANCE:1,false,,παλαιστινη συρια,1,1,1,GAL_SMT,Galen,entries_full_v3,0.840,draft
ιουλις,ἰουλίς,ιουλις,SUBSTANCE:2,false,,,2,2,2,AET_LM;DIOSC_DMM,Aetius;Dioscorides,diosc_full_v3;entries_full_v3,0.700,draft
ιουλος,ἴουλος,ιουλος,SUBSTANCE:1,false,,,1,1,1,PAUL_AEG,Paul,paul_full_v3,0.700,draft
ιππακη,ἱππάκη,ιππακη,SUBSTANCE:2,false,,,1,2,2,DIOSC_DMM,Dioscorides,diosc_full_v3,0.825,draft
ιππεια πιτυα,ἵππεια πιτύα,ιππεια πιτυα,SUBSTANCE:1,true,πιτυα,,1,1,1,DIOSC_DMM,Dioscorides,diosc_full_v3,0.800,draft
ιππεια πυτια,ἱππεία πυτία,ιππεια πυτια,SUBSTANCE:1,true,πυτια,,1,1,1,PAUL_AEG,Paul,paul_full_v3,0.720,draft
ιππειος,ἵππειος,ιππειος,SUBSTANCE:2,false,,,2,2,2,AET_LM;DIOSC_DMM,Aetius;Dioscorides,diosc_full_v3;entries_full_v3,0.705,draft
ιπποκαμπος,ἱππόκαμπος,ιπποκαμπος,SUBSTANCE:4,false,,,4,4,4,AET_LM;DIOSC_DMM;GAL_SMT;PAUL_AEG,Aetius;Dioscorides;Galen;Paul,diosc_full_v3;entries_full_v3;paul_full_v3,0.860,draft
ιπποκαμπος θαλασσιος,ἱππόκαμπος θαλάσσιος,ιπποκαμπος θαλασσιος,SUBSTANCE:2,true,ιπποκαμπος,,2,2,2,DIOSC_DMM;PAUL_AEG,Dioscorides;Paul,diosc_full_v3;paul_full_v3,0.820,draft
ιπποκαμπος θαλαττιος,ἱππόκαμπος θαλάττιος,ιπποκαμπος θαλαττιος,SUBSTANCE:1,true,ιπποκαμπος,,1,1,1,AET_LM,Aetius,entries_full_v3,0.720,draft
ιππολαπαθον,ἱππολάπαθον,ιππολαπαθον,SUBSTANCE:5,false,,,5,5,5,AET_LM;DIOSC_DMM;GAL_SMT;ORIB_CM;PAUL_AEG,Aetius;Dioscorides;Galen;Oribasius;Paul,diosc_full_v3;entries_full_v3;paul_full_v3,0.920,draft
ιππομανες,ἱππομανές,ιππομανες,SUBSTANCE:1,false,,,1,1,1,DIOSC_DMM,Dioscorides,diosc_full_v3,0.700,draft
ιππομαραθον,ἱππομάραθον,ιππομαραθον,SUBSTANCE:1,false,,,1,1,1,DIOSC_DMM,Dioscorides,diosc_full_v3,0.900,draft
ιππομαραθρον,ἱππομάραθρον,ιππομαραθρον,SUBSTANCE:2,false,,,2,2,2,GAL_SMT;PAUL_AEG,Galen;Paul,entries_full_v3;paul_full_v3,0.945,draft
ιπποποταμος,ἱπποπόταμος,ιπποποταμος,SUBSTANCE:3,false,,,2,3,3,DIOSC_DMM;PAUL_AEG,Dioscorides;Paul,diosc_full_v3;paul_full_v3,0.837,draft
ιπποποταμου ορχις,Ἱπποποτάμου ὄρχις,ιπποποταμου ορχις,SUBSTANCE_PART:1,true,,,1,1,1,PAUL_AEG,Paul,paul_full_v3,0.920,draft
ιππος,ἵππος,ιππος,SUBSTANCE:3,false,,,2,3,3,AET_LM;GAL_SMT,Aetius;Galen,entries_full_v3,0.717,draft
ιππος νειλωος,ἵππος Νειλώος,ιππος νειλωος,SUBSTANCE:1,true,ιππος,νειλος,1,1,1,GAL_SMT,Galen,entries_full_v3,0.640,draft
ιπποσελινον,ἱπποσέλινον,ιπποσελινον,SUBSTANCE:8,false,,,5,8,8,AET_LM;DIOSC_DMM;GAL_SMT;ORIB_CM;PAUL_AEG,Aetius;Dioscorides;Galen;Oribasius;Paul,diosc_full_v3;entries_full_v3;paul_full_v3,0.894,draft
ιπποσελινον αγριον,ἱπποσέλινον ἄγριον,ιπποσελινον αγριον,SUBSTANCE:1,true,ιπποσελινον,,1,1,1,GAL_SMT,Galen,entries_full_v3,0.850,draft
ιππουρις,ἵππουρις,ιππουρις,SUBSTANCE:6,false,,,5,6,6,AET_LM;DIOSC_DMM;GAL_SMT;ORIB_CM;PAUL_AEG,Aetius;Dioscorides;Galen;Oribasius;Paul,diosc_full_v3;entries_full_v3;paul_full_v3,0.947,draft
ιπποφαες,ἱπποφαές,ιπποφαες,SUBSTANCE:4,false,,,2,4,4,DIOSC_DMM;PAUL_AEG,Dioscorides;Paul,diosc_full_v3;paul_full_v3,0.885,draft
ιπποφαιος,ἱππόφαιος,ιπποφαιος,SUBSTANCE:1,false,,,1,1,1,PAUL_AEG,Paul,paul_full_v3,0.780,draft
ιπποφαιστον,ἱππόφαιστον,ιπποφαιστον,SUBSTANCE:1,false,,,1,1,1,DIOSC_DMM,Dioscorides,diosc_full_v3,0.950,draft
ιπποφαος,ἱππόφαος,ιπποφαος,SUBSTANCE:1,false,,,1,1,1,DIOSC_DMM,Dioscorides,diosc_full_v3,0.900,draft
ιριδος υποσταθμη,ἴριδος ὑποστάθμῃ,ιριδος υποσταθμη,SUBSTANCE_PART:1,true,,,1,1,1,DIOSC_DMM,Dioscorides,diosc_full_v3,0.780,draft
ιρινον,ἴρινον,ιρινον,SUBSTANCE:2,false,,,1,2,2,DIOSC_DMM,Dioscorides,diosc_full_v3,0.625,draft
ιρινον ελαιον,ἴρινον ἔλαιον,ιρινον ελαιον,SUBSTANCE:1,true,ελαιον,,1,1,1,DIOSC_DMM,Dioscorides,diosc_full_v3,0.740,draft
ιρινον μυρον,ἰρῖνον μύρον,ιρινον μυρον,SUBSTANCE:1,true,μυρον,,1,1,1,DIOSC_DMM,Dioscorides,diosc_full_v3,0.720,draft
ιρις,ἶρις,ιρις,SUBSTANCE:32,false,,,5,32,32,AET_LM;DIOSC_DMM;GAL_SMT;ORIB_CM;PAUL_AEG,Aetius;Dioscorides;Galen;Oribasius;Paul,diosc_full_v3;entries_full_v3;paul_full_v3,0.810,draft
ιρις αγρια,ἶρις ἀγρία,ιρις αγρια,SUBSTANCE:5,true,ιρις,,4,5,5,DIOSC_DMM;GAL_SMT;ORIB_CM;PAUL_AEG,Dioscorides;Galen;Oribasius;Paul,diosc_full_v3;entries_full_v3;paul_full_v3,0.868,draft
ιρις ιλλυρικη,ἶρις ἰλλυρική,ιρις ιλλυρικη,SUBSTANCE:3,true,ιρις,ιλλυρια;ιλλυρικος,2,3,3,AET_LM;DIOSC_DMM,Aetius;Dioscorides,diosc_full_v3;entries_full_v3,0.823,draft
ιρις ξηρα,ἴρις ξηρά,ιρις ξηρα,SUBSTANCE:2,true,ιρις,,1,2,2,DIOSC_DMM,Dioscorides,diosc_full_v3,0.825,draft
ισατις,ἰσάτις,ισατις,SUBSTANCE:11,false,,,5,11,11,AET_LM;DIOSC_DMM;GAL_SMT;ORIB_CM;PAUL_AEG,Aetius;Dioscorides;Galen;Oribasius;Paul,diosc_full_v3;entries_full_v3;paul_full_v3,0.826,draft
ισατις αγρια,ἰσάτις ἀγρία,ισατις αγρια,SUBSTANCE:4,true,ισατις,,4,4,4,AET_LM;GAL_SMT;ORIB_CM;PAUL_AEG,Aetius;Galen;Oribasius;Paul,entries_full_v3;paul_full_v3,0.857,draft
ισατις αγριος,ἰσάτις ἄγριος,ισατις αγριος,SUBSTANCE:1,true,ισατις,,1,1,1,DIOSC_DMM,Dioscorides,diosc_full_v3,0.880,draft
ισατις ημερος,ἰσάτις ἥμερος,ισατις ημερος,SUBSTANCE:3,true,ισατις,,3,3,3,GAL_SMT;ORIB_CM;PAUL_AEG,Galen;Oribasius;Paul,entries_full_v3;paul_full_v3,0.810,draft
ισοπυρον,ἰσόπυρον,ισοπυρον,SUBSTANCE:4,false,,,4,4,4,DIOSC_DMM;GAL_SMT;ORIB_CM;PAUL_AEG,Dioscorides;Galen;Oribasius;Paul,diosc_full_v3;entries_full_v3;paul_full_v3,0.897,draft
ισοπυρον σπερμα,ἰσόπυρον σπέρμα,ισοπυρον σπερμα,SUBSTANCE_PART:3,true,,,3,3,3,GAL_SMT;ORIB_CM;PAUL_AEG,Galen;Oribasius;Paul,entries_full_v3;paul_full_v3,0.820,draft
ιστρικον,Ἰστρικόν,ιστρικον,SUBSTANCE:2,false,,,2,2,2,GAL_SMT;ORIB_CM,Galen;Oribasius,entries_full_v3,0.765,draft
ισχαιμον,ἴσχαιμον,ισχαιμον,SUBSTANCE:1,false,,,1,1,1,DIOSC_DMM,Dioscorides,diosc_full_v3,0.550,draft
ισχας,ἰσχάς,ισχας,SUBSTANCE:15,false,,,5,15,15,AET_LM;DIOSC_DMM;GAL_ALIM;GAL_SMT;ORIB_CM,Aetius;Dioscorides;Galen;Oribasius,diosc_full_v3;entries_full_v3,0.836,draft
ισχας φοινικιος,ἰσχάς φοινίκιος,ισχας φοινικιος,SUBSTANCE:1,true,ισχας,,1,1,1,DIOSC_DMM,Dioscorides,diosc_full_v3,0.700,draft
ισχας χελιδονιος,ἰσχάς χελιδόνιος,ισχας χελιδονιος,SUBSTANCE:1,true,ισχας,,1,1,1,DIOSC_DMM,Dioscorides,diosc_full_v3,0.720,draft
ισχιας,ἰσχιάς,ισχιας,SUBSTANCE:3,false,,,3,3,3,DIOSC_DMM;GAL_SMT;PAUL_AEG,Dioscorides;Galen;Paul,diosc_full_v3;entries_full_v3;paul_full_v3,0.733,draft
ιτεα,ἰτέα,ιτεα,SUBSTANCE:7,false,,,5,7,7,AET_LM;DIOSC_DMM;GAL_SMT;ORIB_CM;PAUL_AEG,Aetius;Dioscorides;Galen;Oribasius;Paul,diosc_full_v3;entries_full_v3;paul_full_v3,0.786,draft
ιτεας ανθος,Ἰτέας ἄνθος,ιτεας ανθος,SUBSTANCE_PART:1,true,,,1,1,1,PAUL_AEG,Paul,paul_full_v3,0.900,draft
ιτεας των φυλλων,Ἰτέας τῶν φύλλων,ιτεας των φυλλων,SUBSTANCE_PART:1,true,,,1,1,1,ORIB_CM,Oribasius,entries_full_v3,0.900,draft
ιτεας φλοιος,Ἰτέας φλοιός,ιτεας φλοιος,SUBSTANCE_PART:1,true,,,1,1,1,PAUL_AEG,Paul,paul_full_v3,0.840,draft
ιτεας φυλλα,Ἰτέας φύλλα,ιτεας φυλλα,SUBSTANCE_PART:1,true,,,1,1,1,PAUL_AEG,Paul,paul_full_v3,0.900,draft
ιτεας φυλλων,ἰτέας φύλλων,ιτεας φυλλων,SUBSTANCE_PART:1,true,,,1,1,1,AET_LM,Aetius,entries_full_v3,0.720,draft
ιχθυοκολλα,ἰχθυόκολλα,ιχθυοκολλα,SUBSTANCE:2,false,,ποντος,2,2,2,DIOSC_DMM;PAUL_AEG,Dioscorides;Paul,diosc_full_v3;paul_full_v3,0.940,draft
ιχθυος καλλιωνυμου,ἰχθύος καλλιωνύμου,ιχθυος καλλιωνυμου,SUBSTANCE_PART:1,true,,,1,1,1,DIOSC_DMM,Dioscorides,diosc_full_v3,0.700,draft
ιχθυς,ἰχθύς,ιχθυς,SUBSTANCE:12,false,,,4,12,12,AET_LM;DIOSC_DMM;GAL_SMT;PAUL_AEG,Aetius;Dioscorides;Galen;Paul,diosc_full_v3;entries_full_v3;paul_full_v3,0.667,draft
ιχθυς κητωος,ἰχθύς κητῷος,ιχθυς κητωος,SUBSTANCE:1,true,ιχθυς,,1,1,1,DIOSC_DMM,Dioscorides,diosc_full_v3,0.500,draft
ιχθυων κοιλιας,ἰχθύων κοιλίας,ιχθυων κοιλιας,SUBSTANCE_PART:1,true,,,1,1,1,PAUL_AEG,Paul,paul_full_v3,0.900,draft
ιχθυων στεαρ,ἰχθύων στέαρ,ιχθυων στεαρ,SUBSTANCE:2,true,στεαρ,,2,2,2,AET_LM;GAL_SMT,Aetius;Galen,entries_full_v3,0.760,draft
ιχωρ,ἰχώρ,ιχωρ,SUBSTANCE:15,false,,,5,15,15,AET_LM;DIOSC_DMM;GAL_SMT;ORIB_CM;PAUL_AEG,Aetius;Dioscorides;Galen;Oribasius;Paul,diosc_full_v3;entries_full_v3;paul_full_v3,0.795,draft
ιωδης χολη,ἰώδης χολή,ιωδης χολη,SUBSTANCE:1,true,χολη,,1,1,1,PAUL_AEG,Paul,paul_full_v3,0.820,draft
ιωνια,ἰωνία,ιωνια,SUBSTANCE:1,false,,αθηναι,1,1,1,DIOSC_DMM,Dioscorides,diosc_full_v3,0.700,draft
ιωνιτης,ἰωνίτης,ιωνιτης,SUBSTANCE:1,false,,,1,1,1,DIOSC_DMM,Dioscorides,diosc_full_v3,0.650,draft
καβαλλατιον,καβαλλάτιον,καβαλλατιον,SUBSTANCE:1,false,,,1,1,1,DIOSC_DMM,Dioscorides,diosc_full_v3,0.550,draft
καγκαμον,κάγκαμον,καγκαμον,SUBSTANCE:1,false,,,1,1,1,DIOSC_DMM,Dioscorides,diosc_full_v3,0.900,draft
καγκανον,καγκάνον,καγκανον,SUBSTANCE:1,false,,,1,1,1,GAL_SMT,Galen,entries_full_v3,0.700,draft
καγκανος,κάγκανος,καγκανος,SUBSTANCE:3,false,,,3,3,3,AET_LM;ORIB_CM;PAUL_AEG,Aetius;Oribasius;Paul,entries_full_v3;paul_full_v3,0.780,draft
καγκανου η ριζα,καγκάνου ἡ ῥίζα,καγκανου η ριζα,SUBSTANCE_PART:2,true,,,2,2,2,AET_LM;PAUL_AEG,Aetius;Paul,entries_full_v3;paul_full_v3,0.890,draft
καγκανου ριζα,καγκάνου ῥίζα,καγκανου ριζα,SUBSTANCE_PART:2,true,,,2,2,2,GAL_SMT;ORIB_CM,Galen;Oribasius,entries_full_v3,0.870,draft
καγχαμον,κάγχαμον,καγχαμον,SUBSTANCE:1,false,,,1,1,1,PAUL_AEG,Paul,paul_full_v3,0.830,draft
καγχαμον δακρυον,κάγχαμον δάκρυον,καγχαμον δακρυον,SUBSTANCE:1,true,δακρυον,,1,1,1,PAUL_AEG,Paul,paul_full_v3,0.860,draft
καδμεια,καδμεία,καδμεια,SUBSTANCE:22,false,,κυπρος,3,22,22,DIOSC_DMM;GAL_SMT;ORIB_CM,Dioscorides;Galen;Oribasius,diosc_full_v3;entries_full_v3,0.867,draft
καδμια,καδμία,καδμια,SUBSTANCE:4,false,,,3,4,4,AET_LM;DIOSC_DMM;PAUL_AEG,Aetius;Dioscorides;Paul,diosc_full_v3;entries_full_v3;paul_full_v3,0.887,draft
καθαρος μολυβδος,καθαρός μόλυβδος,καθαρος μολυβδος,SUBSTANCE:1,true,μολυβδος,,1,1,1,DIOSC_DMM,Dioscorides,diosc_full_v3,0.850,draft
καικουβος,Καίκουβος,καικουβος,SUBSTANCE:1,false,,,1,1,1,DIOSC_DMM,Dioscorides,diosc_full_v3,0.800,draft
καινος σπογγος,καινὸς σπόγγος,καινος σπογγος,SUBSTANCE:2,true,σπογγος,,2,2,2,AET_LM;GAL_SMT,Aetius;Galen,entries_full_v3,0.790,draft
κακκαλια,κακκαλία,κακκαλια,SUBSTANCE:3,false,,,2,3,3,DIOSC_DMM;PAUL_AEG,Dioscorides;Paul,diosc_full_v3;paul_full_v3,0.870,draft
κακτος,κάκτος,κακτος,SUBSTANCE:1,false,,,1,1,1,PAUL_AEG,Paul,paul_full_v3,0.860,draft
καλαμαγρωστις,καλαμάγρωστις,καλαμαγρωστις,SUBSTANCE:2,false,,,2,2,2,DIOSC_DMM;PAUL_AEG,Dioscorides;Paul,diosc_full_v3;paul_full_v3,0.950,draft
καλαμανδρα,καλαμάνδρα,καλαμανδρα,SUBSTANCE:1,false,,,1,1,1,DIOSC_DMM,Dioscorides,diosc_full_v3,0.820,draft
καλαμινθη,καλαμίνθη,καλαμινθη,SUBSTANCE:16,false,,,6,16,16,AET_LM;DIOSC_DMM;GAL_ALIM;GAL_SMT;ORIB_CM;PAUL_AEG,Aetius;Dioscorides;Galen;Oribasius;Paul,diosc_full_v3;entries_full_v3;paul_full_v3,0.882,draft
καλαμοι,κάλαμοι,καλαμοι,SUBSTANCE_PART:1,false,,,1,1,1,DIOSC_DMM,Dioscorides,diosc_full_v3,0.650,draft
καλαμοκρινον,καλαμοκρῖνον,καλαμοκρινον,SUBSTANCE:1,false,,,1,1,1,AET_LM,Aetius,entries_full_v3,0.620,draft
καλαμος,κάλαμος,καλαμος,SUBSTANCE:36,false,,ινδια,5,36,36,AET_LM;DIOSC_DMM;GAL_SMT;ORIB_CM;PAUL_AEG,Aetius;Dioscorides;Galen;Oribasius;Paul,diosc_full_v3;entries_full_v3;paul_full_v3,0.849,draft
καλαμος αρωματικος,κάλαμος ἀρωματικός,καλαμος αρωματικος,SUBSTANCE:6,true,καλαμος,ινδια,5,6,6,AET_LM;DIOSC_DMM;GAL_SMT;ORIB_CM;PAUL_AEG,Aetius;Dioscorides;Galen;Oribasius;Paul,diosc_full_v3;entries_full_v3;paul_full_v3,0.865,draft
καλαμος αρωματιτης,κάλαμος ἀρωματίτης,καλαμος αρωματιτης,SUBSTANCE:1,true,καλαμος,,1,1,1,DIOSC_DMM,Dioscorides,diosc_full_v3,0.850,draft
καλαμος φραγμιτης,κάλαμος φραγμίτης,καλαμος φραγμιτης,SUBSTANCE:3,true,καλαμος,,3,3,3,AET_LM;GAL_SMT;ORIB_CM,Aetius;Galen;Oribasius,entries_full_v3,0.893,draft
καλαμων,καλάμων,καλαμων,SUBSTANCE_PART:1,false,,,1,1,1,DIOSC_DMM,Dioscorides,diosc_full_v3,0.800,draft
καλθα,κάλθα,καλθα,SUBSTANCE:1,false,,,1,1,1,DIOSC_DMM,Dioscorides,diosc_full_v3,0.600,draft
καλλαινος,καλλαῖνος,καλλαινος,SUBSTANCE:1,false,,,1,1,1,DIOSC_DMM,Dioscorides,diosc_full_v3,0.500,draft
καλλεα,καλλέα,καλλεα,SUBSTANCE:1,false,,,1,1,1,DIOSC_DMM,Dioscorides,diosc_full_v3,0.800,draft
καλλια,καλλία,καλλια,SUBSTANCE:1,false,,,1,1,1,DIOSC_DMM,Dioscorides,diosc_full_v3,0.780,draft
καλλιπεταλον,καλλιπέταλον,καλλιπεταλον,SUBSTANCE:1,false,,,1,1,1,DIOSC_DMM,Dioscorides,diosc_full_v3,0.800,draft
καλουλυχνις,καλούλυχνίς,καλουλυχνις,SUBSTANCE:1,false,,,1,1,1,DIOSC_DMM,Dioscorides,diosc_full_v3,0.600,draft
καλταμος,κάλταμος,καλταμος,SUBSTANCE:1,false,,,1,1,1,DIOSC_DMM,Dioscorides,diosc_full_v3,0.650,draft
καλυκα,κάλυκα,καλυκα,SUBSTANCE_PART:1,false,,,1,1,1,DIOSC_DMM,Dioscorides,diosc_full_v3,0.750,draft
καλυκι,κάλυκι,καλυκι,SUBSTANCE_PART:1,false,,,1,1,1,DIOSC_DMM,Dioscorides,diosc_full_v3,0.700,draft
καλυξ,κάλυξ,καλυξ,SUBSTANCE:1,false,,,1,1,1,DIOSC_DMM,Dioscorides,diosc_full_v3,0.850,draft
καλυξι,κάλυξι,καλυξι,SUBSTANCE_PART:1,false,,,1,1,1,DIOSC_DMM,Dioscorides,diosc_full_v3,0.740,draft
καμηλος,κάμηλος,καμηλος,SUBSTANCE:1,false,,,1,1,1,AET_LM,Aetius,entries_full_v3,0.750,draft
καμμαρον,κάμμαρον,καμμαρον,SUBSTANCE:1,false,,,1,1,1,DIOSC_DMM,Dioscorides,diosc_full_v3,0.850,draft
καμμαρος,κάμμαρος,καμμαρος,SUBSTANCE:1,false,,,1,1,1,DIOSC_DMM,Dioscorides,diosc_full_v3,0.780,draft
καμπη,κάμπη,καμπη,SUBSTANCE:4,false,,,3,4,4,DIOSC_DMM;GAL_SMT;PAUL_AEG,Dioscorides;Galen;Paul,diosc_full_v3;entries_full_v3;paul_full_v3,0.802,draft
καμπη πιτυινος,κάμπη πιτύϊνος,καμπη πιτυινος,SUBSTANCE:1,true,καμπη,,1,1,1,DIOSC_DMM,Dioscorides,diosc_full_v3,0.850,draft
καμψανεμα,καμψάνεμα,καμψανεμα,SUBSTANCE:1,false,,,1,1,1,DIOSC_DMM,Dioscorides,diosc_full_v3,0.660,draft
κανθαρις,κανθαρίς,κανθαρις,SUBSTANCE:16,false,,,4,16,16,AET_LM;DIOSC_DMM;GAL_SMT;PAUL_AEG,Aetius;Dioscorides;Galen;Paul,diosc_full_v3;entries_full_v3;paul_full_v3,0.848,draft
κανναβεως καρπος,καννάβεως καρπὸς,κανναβεως καρπος,SUBSTANCE_PART:2,true,,,2,2,2,AET_LM;GAL_SMT,Aetius;Galen,entries_full_v3,0.910,draft
κανναβεως ο καρπος,Καννάβεως ὁ καρπός,κανναβεως ο καρπος,SUBSTANCE_PART:1,true,,,1,1,1,PAUL_AEG,Paul,paul_full_v3,0.850,draft
κανναβις,κάνναβις,κανναβις,SUBSTANCE:8,false,,,5,8,8,AET_LM;DIOSC_DMM;GAL_SMT;ORIB_CM;PAUL_AEG,Aetius;Dioscorides;Galen;Oribasius;Paul,diosc_full_v3;entries_full_v3;paul_full_v3,0.873,draft
κανναβις αγρια,κάνναβις ἀγρία,κανναβις αγρια,SUBSTANCE:1,true,κανναβις,,1,1,1,DIOSC_DMM,Dioscorides,diosc_full_v3,0.930,draft
κανωπικος,Κανωπικός,κανωπικος,SUBSTANCE:1,false,,,1,1,1,DIOSC_DMM,Dioscorides,diosc_full_v3,0.800,draft
κανωπον,Κάνωπον,κανωπον,SUBSTANCE_PART:1,false,,,1,1,1,PAUL_AEG,Paul,paul_full_v3,0.920,draft
καπνιος,κάπνιος,καπνιος,SUBSTANCE:4,false,,,4,4,4,AET_LM;GAL_SMT;ORIB_CM;PAUL_AEG,Aetius;Galen;Oribasius;Paul,entries_full_v3;paul_full_v3,0.870,draft
καπνος,καπνός,καπνος,SUBSTANCE:11,false,,,4,11,11,AET_LM;DIOSC_DMM;GAL_SMT;PAUL_AEG,Aetius;Dioscorides;Galen;Paul,diosc_full_v3;entries_full_v3;paul_full_v3,0.731,draft
καπνος ο εν ταις κριθαις φυομενος,καπνὸς ὁ ἐν ταῖς κριθαῖς φυόμενος,καπνος ο εν ταις κριθαις φυομενος,SUBSTANCE:1,true,καπνος,,1,1,1,DIOSC_DMM,Dioscorides,diosc_full_v3,0.700,draft
καππαδοκικος,Καππαδοκικός,καππαδοκικος,SUBSTANCE:2,false,,,2,2,2,AET_LM;DIOSC_DMM,Aetius;Dioscorides,diosc_full_v3;entries_full_v3,0.575,draft
καππαρεως η ριζα,Καππάρεως ἡ ῥίζα,καππαρεως η ριζα,SUBSTANCE_PART:1,true,,,1,1,1,PAUL_AEG,Paul,paul_full_v3,0.900,draft
καππαρεως ριζη,καππάρεως ῥίζῃ,καππαρεως ριζη,SUBSTANCE_PART:1,true,,,1,1,1,DIOSC_DMM,Dioscorides,diosc_full_v3,0.850,draft
καππαρις,κάππαρις,καππαρις,SUBSTANCE:10,false,,αραβια,6,10,10,AET_LM;DIOSC_DMM;GAL_ALIM;GAL_SMT;ORIB_CM;PAUL_AEG,Aetius;Dioscorides;Galen;Oribasius;Paul,diosc_full_v3;entries_full_v3;paul_full_v3,0.846,draft
καπρια,καπρία,καπρια,SUBSTANCE:1,false,,,1,1,1,DIOSC_DMM,Dioscorides,diosc_full_v3,0.700,draft
καπρος,κάπρος,καπρος,SUBSTANCE:2,false,,,2,2,2,DIOSC_DMM;PAUL_AEG,Dioscorides;Paul,diosc_full_v3;paul_full_v3,0.815,draft
καπρου ηπαρ,κάπρου ἤπαρ,καπρου ηπαρ,SUBSTANCE_PART:1,true,,,1,1,1,DIOSC_DMM,Dioscorides,diosc_full_v3,0.880,draft
καραβος,κάραβος,καραβος,SUBSTANCE:2,false,,,1,2,2,AET_LM,Aetius,entries_full_v3,0.775,draft
καραβου οστρακον,καράβου ὄστρακον,καραβου οστρακον,SUBSTANCE_PART:1,true,,,1,1,1,AET_LM,Aetius,entries_full_v3,0.900,draft
καρβων,κάρβων,καρβων,SUBSTANCE:1,false,,,1,1,1,AET_LM,Aetius,entries_full_v3,0.750,draft
καρδαμινη,καρδαμίνη,καρδαμινη,SUBSTANCE:4,false,,,4,4,4,DIOSC_DMM;GAL_SMT;ORIB_CM;PAUL_AEG,Dioscorides;Galen;Oribasius;Paul,diosc_full_v3;entries_full_v3;paul_full_v3,0.887,draft
καρδαμον,κάρδαμον,καρδαμον,SUBSTANCE:34,false,,βαβυλων,6,34,34,AET_LM;DIOSC_DMM;GAL_ALIM;GAL_SMT;ORIB_CM;PAUL_AEG,Aetius;Dioscorides;Galen;Oribasius;Paul,diosc_full_v3;entries_full_v3;paul_full_v3,0.849,draft
καρδαμος,καρδάμος,καρδαμος,SUBSTANCE:1,false,,,1,1,1,PAUL_AEG,Paul,paul_full_v3,0.850,draft
καρδαμου σπερμα,Καρδάμου σπέρμα,καρδαμου σπερμα,SUBSTANCE_PART:1,false,,,1,1,1,ORIB_CM,Oribasius,entries_full_v3,0.900,draft
καρδαμου σπερματος,καρδάμου σπέρματος,καρδαμου σπερματος,SUBSTANCE_PART:1,true,,,1,1,1,GAL_SMT,Galen,entries_full_v3,0.880,draft
καρδαμου το σπερμα,καρδάμου τὸ σπέρμα,καρδαμου το σπερμα,SUBSTANCE_PART:3,true,,,3,3,3,AET_LM;GAL_SMT;PAUL_AEG,Aetius;Galen;Paul,entries_full_v3;paul_full_v3,0.917,draft
καρδαμωμον,καρδάμωμον,καρδαμωμον,SUBSTANCE:16,false,,,5,16,16,AET_LM;DIOSC_DMM;GAL_SMT;ORIB_CM;PAUL_AEG,Aetius;Dioscorides;Galen;Oribasius;Paul,diosc_full_v3;entries_full_v3;paul_full_v3,0.890,draft
καρδαμωμου σπερμα,καρδαμώμου σπέρμα,καρδαμωμου σπερμα,SUBSTANCE_PART:1,true,,,1,1,1,AET_LM,Aetius,entries_full_v3,0.850,draft
καρδαμωμου σπερματος,καρδαμώμου σπέρματος,καρδαμωμου σπερματος,SUBSTANCE_PART:1,true,,,1,1,1,AET_LM,Aetius,entries_full_v3,0.860,draft
καρδια,καρδία,καρδια,SUBSTANCE:1,false,,,1,1,1,AET_LM,Aetius,entries_full_v3,0.800,draft
καρις,καρίς,καρις,SUBSTANCE:2,false,,,2,2,2,AET_LM;PAUL_AEG,Aetius;Paul,entries_full_v3;paul_full_v3,0.800,draft
καρκινας,καρκινάς,καρκινας,SUBSTANCE:1,false,,,1,1,1,AET_LM,Aetius,entries_full_v3,0.900,draft
καρκινος,καρκίνος,καρκινος,SUBSTANCE:6,false,,,5,6,6,AET_LM;DIOSC_DMM;GAL_SMT;ORIB_CM;PAUL_AEG,Aetius;Dioscorides;Galen;Oribasius;Paul,diosc_full_v3;entries_full_v3;paul_full_v3,0.885,draft
καρκινος θαλασσιος,καρκίνος θαλάσσιος,καρκινος θαλασσιος,SUBSTANCE:1,true,καρκινος,,1,1,1,DIOSC_DMM,Dioscorides,diosc_full_v3,0.650,draft
καρκινος ποταμιος,καρκίνος ποτάμιος,καρκινος ποταμιος,SUBSTANCE:4,true,καρκινος,,4,4,4,AET_LM;DIOSC_DMM;GAL_SMT;ORIB_CM,Aetius;Dioscorides;Galen;Oribasius,diosc_full_v3;entries_full_v3,0.850,draft
καρκινωθρον,καρκίνωθρον,καρκινωθρον,SUBSTANCE:1,false,,,1,1,1,DIOSC_DMM,Dioscorides,diosc_full_v3,0.820,draft
καρον,κᾶρον,καρον,SUBSTANCE:4,false,,,3,4,4,GAL_SMT;ORIB_CM;PAUL_AEG,Galen;Oribasius;Paul,entries_full_v3;paul_full_v3,0.780,draft
καρου σπερμα,κάρου σπέρμα,καρου σπερμα,SUBSTANCE_PART:1,true,,,1,1,1,GAL_SMT,Galen,entries_full_v3,0.860,draft
καρου το σπερμα,Κάρου τὸ σπέρμα,καρου το σπερμα,SUBSTANCE_PART:1,true,,,1,1,1,PAUL_AEG,Paul,paul_full_v3,0.900,draft
καρπασος,κάρπασος,καρπασος,SUBSTANCE:1,false,,,1,1,1,AET_LM,Aetius,entries_full_v3,0.600,draft
καρπησιον,καρπήσιον,καρπησιον,SUBSTANCE:5,false,,,4,5,5,AET_LM;GAL_SMT;ORIB_CM;PAUL_AEG,Aetius;Galen;Oribasius;Paul,entries_full_v3;paul_full_v3,0.900,draft
καρποβαλσαμον,καρποβάλσαμον,καρποβαλσαμον,SUBSTANCE:5,false,,,1,5,5,AET_LM,Aetius,entries_full_v3,0.812,draft
καρποι,καρποὶ,καρποι,SUBSTANCE_PART:2,false,,,2,2,2,DIOSC_DMM;ORIB_CM,Dioscorides;Oribasius,diosc_full_v3;entries_full_v3,0.725,draft
καρποι της αχραδος,καρποὶ τῆς ἀχράδος,καρποι της αχραδος,SUBSTANCE_PART:1,true,,,1,1,1,GAL_SMT,Galen,entries_full_v3,0.850,draft
καρποι της οξυακανθης,καρποὶ τῆς ὀξυακάνθης,καρποι της οξυακανθης,SUBSTANCE_PART:1,true,,,1,1,1,GAL_SMT,Galen,entries_full_v3,0.850,draft
καρποις,καρποῖς,καρποις,SUBSTANCE_PART:1,false,,,1,1,1,ORIB_CM,Oribasius,entries_full_v3,0.800,draft
καρπον,καρπὸν,καρπον,SUBSTANCE_PART:66,true,,ιταλια;παρνασσος,5,65,66,AET_LM;DIOSC_DMM;GAL_SMT;ORIB_CM;PAUL_AEG,Aetius;Dioscorides;Galen;Oribasius;Paul,diosc_full_v3;entries_full_v3;paul_full_v3,0.825,draft
καρπον της κεδρου,καρπὸν τῆς κέδρου,καρπον της κεδρου,SUBSTANCE_PART:1,true,,,1,1,1,AET_LM,Aetius,entries_full_v3,0.850,draft
καρπος,καρπὸς,καρπος,SUBSTANCE:2;SUBSTANCE_PART:218,false,,αιγυπτος,6,219,220,AET_LM;DIOSC_DMM;GAL_ALIM;GAL_SMT;ORIB_CM;PAUL_AEG,Aetius;Dioscorides;Galen;Oribasius;Paul,diosc_full_v3;entries_full_v3;paul_full_v3,0.852,draft
καρπος αυτης,καρπὸς αὐτῆς,καρπος αυτης,SUBSTANCE_PART:1,true,,,1,1,1,DIOSC_DMM,Dioscorides,diosc_full_v3,0.900,draft
καρπος βατου,καρπὸς βάτου,καρπος βατου,SUBSTANCE_PART:1,true,,,1,1,1,GAL_SMT,Galen,entries_full_v3,0.900,draft
καρπος δρυος,καρπὸς δρυός,καρπος δρυος,SUBSTANCE_PART:1,true,,,1,1,1,DIOSC_DMM,Dioscorides,diosc_full_v3,0.850,draft
καρπος κοκκυμηλεας,καρπὸς κοκκυμηλέας,καρπος κοκκυμηλεας,SUBSTANCE_PART:1,true,,,1,1,1,GAL_SMT,Galen,entries_full_v3,0.860,draft
καρπος ο ξηρος,καρπὸς ὁ ξηρός,καρπος ο ξηρος,SUBSTANCE_PART:1,true,,,1,1,1,PAUL_AEG,Paul,paul_full_v3,0.900,draft
καρπος πευκης,καρπὸς πεύκης,καρπος πευκης,SUBSTANCE_PART:1,true,,,1,1,1,DIOSC_DMM,Dioscorides,diosc_full_v3,0.800,draft
καρπος πιτυων,καρπὸς πιτύων,καρπος πιτυων,SUBSTANCE_PART:1,true,,,1,1,1,DIOSC_DMM,Dioscorides,diosc_full_v3,0.800,draft
καρπος της μορεας,καρπὸς τῆς μορέας,καρπος της μορεας,SUBSTANCE_PART:1,true,,,1,1,1,AET_LM,Aetius,entries_full_v3,0.850,draft
καρπος της πευκης,καρπὸς τῆς πεύκης,καρπος της πευκης,SUBSTANCE_PART:1,true,,,1,1,1,GAL_SMT,Galen,entries_full_v3,0.720,draft
καρπος τουτου,καρπὸς τούτου,καρπος τουτου,SUBSTANCE_PART:1,true,,,1,1,1,DIOSC_DMM,Dioscorides,diosc_full_v3,0.750,draft
καρπος των πιτυων,καρπὸς τῶν πιτύων,καρπος των πιτυων,SUBSTANCE_PART:1,true,,,1,1,1,GAL_SMT,Galen,entries_full_v3,0.760,draft
καρπου,καρποῦ,καρπου,SUBSTANCE_PART:10,false,,,5,10,10,AET_LM;DIOSC_DMM;GAL_SMT;ORIB_CM;PAUL_AEG,Aetius;Dioscorides;Galen;Oribasius;Paul,diosc_full_v3;entries_full_v3;paul_full_v3,0.816,draft
καρπου ελαιας,καρποῦ ἐλαίας,καρπου ελαιας,SUBSTANCE_PART:1,true,,,1,1,1,AET_LM,Aetius,entries_full_v3,0.850,draft
καρπου σχινου,καρποῦ σχίνου,καρπου σχινου,SUBSTANCE_PART:1,true,,,1,1,1,DIOSC_DMM,Dioscorides,diosc_full_v3,0.850,draft
καρπου του κικεως,καρποῦ τοῦ κίκεως,καρπου του κικεως,SUBSTANCE_PART:1,true,,,1,1,1,GAL_SMT,Galen,entries_full_v3,0.820,draft
καρπω,καρπῷ,καρπω,SUBSTANCE_PART:6,false,,,4,6,6,DIOSC_DMM;GAL_ALIM;GAL_SMT;PAUL_AEG,Dioscorides;Galen;Paul,diosc_full_v3;entries_full_v3;paul_full_v3,0.767,draft
καρπω βαλσαμου,καρπῷ βαλσάμου,καρπω βαλσαμου,SUBSTANCE_PART:1,true,,,1,1,1,DIOSC_DMM,Dioscorides,diosc_full_v3,0.880,draft
καρπῳ,καρπῷ,καρπῳ,SUBSTANCE_PART:6,false,,,3,6,6,GAL_ALIM;GAL_SMT;ORIB_CM,Galen;Oribasius,entries_full_v3,0.807,draft
καρυα,καρύα,καρυα,SUBSTANCE:7,false,,,4,7,7,AET_LM;DIOSC_DMM;ORIB_CM;PAUL_AEG,Aetius;Dioscorides;Oribasius;Paul,diosc_full_v3;entries_full_v3;paul_full_v3,0.804,draft
καρυα βασιλικη,καρύα βασιλική,καρυα βασιλικη,SUBSTANCE:2,true,καρυα,,1,2,2,DIOSC_DMM,Dioscorides,diosc_full_v3,0.700,draft
καρυα ποντικη,καρύα ποντική,καρυα ποντικη,SUBSTANCE:1,true,καρυα,ποντος,1,1,1,DIOSC_DMM,Dioscorides,diosc_full_v3,0.780,draft
καρυας φυλλα,καρύας φύλλα,καρυας φυλλα,SUBSTANCE_PART:1,true,,,1,1,1,DIOSC_DMM,Dioscorides,diosc_full_v3,0.860,draft
καρυινος,καρύϊνος,καρυινος,SUBSTANCE:2,false,,,2,2,2,DIOSC_DMM;ORIB_CM,Dioscorides;Oribasius,diosc_full_v3;entries_full_v3,0.810,draft
καρυιτης,καρυίτης,καρυιτης,SUBSTANCE:1,false,,,1,1,1,DIOSC_DMM,Dioscorides,diosc_full_v3,0.700,draft
καρυον,κάρυον,καρυον,SUBSTANCE:16,false,,,6,16,16,AET_LM;DIOSC_DMM;GAL_ALIM;GAL_SMT;ORIB_CM;PAUL_AEG,Aetius;Dioscorides;Galen;Oribasius;Paul,diosc_full_v3;entries_full_v3;paul_full_v3,0.786,draft
καρυον βασιλικον,κάρυον βασιλικόν,καρυον βασιλικον,SUBSTANCE:2,true,καρυον,,1,2,2,DIOSC_DMM,Dioscorides,diosc_full_v3,0.750,draft
καρυον ινδικον,κάρυον ἰνδικόν,καρυον ινδικον,SUBSTANCE:1,true,καρυον,,1,1,1,AET_LM,Aetius,entries_full_v3,0.750,draft
καρυον μυριστικον,κάρυον μυριστικόν,καρυον μυριστικον,SUBSTANCE:1,true,καρυον,,1,1,1,AET_LM,Aetius,entries_full_v3,0.720,draft
καρυον ποντικον,κάρυον Ποντικόν,καρυον ποντικον,SUBSTANCE:1,true,καρυον,ποντος,1,1,1,DIOSC_DMM,Dioscorides,diosc_full_v3,0.600,draft
καρυου λεμματι,καρύου λέμματι,καρυου λεμματι,SUBSTANCE_PART:1,true,,,1,1,1,ORIB_CM,Oribasius,entries_full_v3,0.830,draft
καρυοφυλλον,καρυόφυλλον,καρυοφυλλον,SUBSTANCE:5,false,,,2,5,5,AET_LM;PAUL_AEG,Aetius;Paul,entries_full_v3;paul_full_v3,0.882,draft
καρυων λεμματα,καρύων λέμματα,καρυων λεμματα,SUBSTANCE_PART:1,true,,,1,1,1,GAL_SMT,Galen,entries_full_v3,0.780,draft
καρυωτις,καρυωτίς,καρυωτις,SUBSTANCE:1,false,,,1,1,1,DIOSC_DMM,Dioscorides,diosc_full_v3,0.760,draft
καρυωτος,καρυωτός,καρυωτος,SUBSTANCE:1,false,,,1,1,1,GAL_ALIM,Galen,entries_full_v3,0.820,draft
καρυϊνον,καρύϊνον,καρυϊνον,SUBSTANCE:1,false,,,1,1,1,GAL_SMT,Galen,entries_full_v3,0.800,draft
καρφη,κάρφη,καρφη,SUBSTANCE_PART:1,false,,,1,1,1,DIOSC_DMM,Dioscorides,diosc_full_v3,0.700,draft
καρφος,κάρφος,καρφος,SUBSTANCE:1;SUBSTANCE_PART:2,false,,,3,3,3,AET_LM;DIOSC_DMM;GAL_SMT,Aetius;Dioscorides;Galen,diosc_full_v3;entries_full_v3,0.650,draft
καρω,καρώ,καρω,SUBSTANCE:1,false,,,1,1,1,DIOSC_DMM,Dioscorides,diosc_full_v3,0.900,draft
καρωον,καρώον,καρωον,SUBSTANCE:1,false,,,1,1,1,AET_LM,Aetius,entries_full_v3,0.850,draft
καρωου το σπερμα,καρώου τὸ σπέρμα,καρωου το σπερμα,SUBSTANCE_PART:1,true,,,1,1,1,AET_LM,Aetius,entries_full_v3,0.900,draft
κασαμον,κάσαμον,κασαμον,SUBSTANCE:2,false,,,2,2,2,AET_LM;PAUL_AEG,Aetius;Paul,entries_full_v3;paul_full_v3,0.760,draft
κασια,κασία,κασια,SUBSTANCE:11,false,,,3,11,11,AET_LM;GAL_SMT;ORIB_CM,Aetius;Galen;Oribasius,entries_full_v3,0.903,draft
κασσια,κασσία,κασσια,SUBSTANCE:10,false,,,2,10,10,DIOSC_DMM;PAUL_AEG,Dioscorides;Paul,diosc_full_v3;paul_full_v3,0.866,draft
κασσια μοσυλιτις,κασσία Μοσυλῖτις,κασσια μοσυλιτις,SUBSTANCE:1,true,κασσια,μοσυλον,1,1,1,DIOSC_DMM,Dioscorides,diosc_full_v3,0.760,draft
κασσια πυρρα,κασσία πυρρά,κασσια πυρρα,SUBSTANCE:1,true,κασσια,,1,1,1,DIOSC_DMM,Dioscorides,diosc_full_v3,0.700,draft
κασσιτερος,κασσίτερος,κασσιτερος,SUBSTANCE:3,false,,,2,3,3,DIOSC_DMM;GAL_SMT,Dioscorides;Galen,diosc_full_v3;entries_full_v3,0.827,draft
κασσκια,κασσκία,κασσκια,SUBSTANCE:1,false,,,1,1,1,DIOSC_DMM,Dioscorides,diosc_full_v3,0.960,draft
κασσυμα,κασσύμα,κασσυμα,SUBSTANCE:2,false,,,2,2,2,DIOSC_DMM;PAUL_AEG,Dioscorides;Paul,diosc_full_v3;paul_full_v3,0.675,draft
καστανεα,καστανέα,καστανεα,SUBSTANCE:1,false,,,1,1,1,AET_LM,Aetius,entries_full_v3,0.650,draft
καστανια,καστανία,καστανια,SUBSTANCE:1,false,,,1,1,1,DIOSC_DMM,Dioscorides,diosc_full_v3,0.600,draft
καστανον,κάστανον,καστανον,SUBSTANCE:1,false,,,1,1,1,AET_LM,Aetius,entries_full_v3,0.900,draft
καστορειον,καστόρειον,καστορειον,SUBSTANCE:1,false,,,1,1,1,ORIB_CM,Oribasius,entries_full_v3,0.950,draft
καστοριον,καστόριον,καστοριον,SUBSTANCE:9,false,,,4,9,9,AET_LM;DIOSC_DMM;GAL_SMT;PAUL_AEG,Aetius;Dioscorides;Galen;Paul,diosc_full_v3;entries_full_v3;paul_full_v3,0.888,draft
καστορος ορχεις,κάστορος ὄρχεις,καστορος ορχεις,SUBSTANCE_PART:1,true,,,1,1,1,AET_LM,Aetius,entries_full_v3,0.850,draft
καστωρ,κάστωρ,καστωρ,SUBSTANCE:3,false,,,3,3,3,AET_LM;DIOSC_DMM;GAL_SMT,Aetius;Dioscorides;Galen,diosc_full_v3;entries_full_v3,0.773,draft
καταμηνια,καταμήνια,καταμηνια,SUBSTANCE:115,false,,,4,115,115,AET_LM;DIOSC_DMM;GAL_SMT;PAUL_AEG,Aetius;Dioscorides;Galen;Paul,diosc_full_v3;entries_full_v3;paul_full_v3,0.818,draft
καταμηνιον,καταμήνιον,καταμηνιον,SUBSTANCE:3,false,,,2,3,3,GAL_SMT;PAUL_AEG,Galen;Paul,entries_full_v3;paul_full_v3,0.820,draft
καταναγκη,κατανάγκη,καταναγκη,SUBSTANCE:1,false,,,1,1,1,DIOSC_DMM,Dioscorides,diosc_full_v3,0.950,draft
καταπιμελον,κατάπιμελον,καταπιμελον,SUBSTANCE:2,false,,,2,2,2,DIOSC_DMM;PAUL_AEG,Dioscorides;Paul,diosc_full_v3;paul_full_v3,0.605,draft
κατοικιδιος μυς,κατοικίδιος μῦς,κατοικιδιος μυς,SUBSTANCE:1,true,μυς,,1,1,1,GAL_SMT,Galen,entries_full_v3,0.720,draft
κατοπτος γη πυρρα,κάτοπτος γῆ πυρρά,κατοπτος γη πυρρα,SUBSTANCE:1,true,γη,,1,1,1,DIOSC_DMM,Dioscorides,diosc_full_v3,0.800,draft
καττυμα,καττύμα,καττυμα,SUBSTANCE:1,false,,,1,1,1,GAL_SMT,Galen,entries_full_v3,0.400,draft
κατωτεραν ριζαν,κατωτέραν ῥίζαν,κατωτεραν ριζαν,SUBSTANCE_PART:1,true,,,1,1,1,DIOSC_DMM,Dioscorides,diosc_full_v3,0.840,draft
καυθεισα κισηρις,καυθεῖσα κίσηρις,καυθεισα κισηρις,SUBSTANCE:1,true,κισηρις,,1,1,1,ORIB_CM,Oribasius,entries_full_v3,0.800,draft
καυκαλις,καυκαλίς,καυκαλις,SUBSTANCE:5,false,,,5,5,5,AET_LM;DIOSC_DMM;GAL_SMT;ORIB_CM;PAUL_AEG,Aetius;Dioscorides;Galen;Oribasius;Paul,diosc_full_v3;entries_full_v3;paul_full_v3,0.910,draft
καυλια,καυλία,καυλια,SUBSTANCE_PART:10,false,,,1,10,10,DIOSC_DMM,Dioscorides,diosc_full_v3,0.716,draft
καυλιοις,καυλίοις,καυλιοις,SUBSTANCE_PART:1,false,,,1,1,1,DIOSC_DMM,Dioscorides,diosc_full_v3,0.800,draft
καυλιον,καυλίον,καυλιον,SUBSTANCE_PART:10,false,,,1,10,10,DIOSC_DMM,Dioscorides,diosc_full_v3,0.853,draft
καυλισκος,καυλίσκος,καυλισκος,SUBSTANCE_PART:1,false,,,1,1,1,DIOSC_DMM,Dioscorides,diosc_full_v3,0.800,draft
καυλιω,καυλίῳ,καυλιω,SUBSTANCE_PART:1,false,,,1,1,1,DIOSC_DMM,Dioscorides,diosc_full_v3,0.780,draft
καυλιων,καυλίων,καυλιων,SUBSTANCE_PART:1,false,,,1,1,1,DIOSC_DMM,Dioscorides,diosc_full_v3,0.850,draft
καυλοι,καυλοὶ,καυλοι,SUBSTANCE_PART:15,false,,,3,15,15,AET_LM;DIOSC_DMM;GAL_SMT,Aetius;Dioscorides;Galen,diosc_full_v3;entries_full_v3,0.831,draft
καυλοι αυτου,καυλοὶ αὐτοῦ,καυλοι αυτου,SUBSTANCE_PART:1,true,,,1,1,1,DIOSC_DMM,Dioscorides,diosc_full_v3,0.680,draft
καυλοι της κραμβης,καυλοὶ τῆς κράμβης,καυλοι της κραμβης,SUBSTANCE_PART:1,true,,,1,1,1,ORIB_CM,Oribasius,entries_full_v3,0.900,draft
καυλον,καυλὸν,καυλον,SUBSTANCE_PART:67,false,,,2,67,67,DIOSC_DMM;GAL_SMT,Dioscorides;Galen,diosc_full_v3;entries_full_v3,0.820,draft
καυλον ναρδου,καυλὸν νάρδου,καυλον ναρδου,SUBSTANCE_PART:1,true,,,1,1,1,DIOSC_DMM,Dioscorides,diosc_full_v3,0.680,draft
καυλος,καυλὸς,καυλος,SUBSTANCE_PART:26,false,,,4,26,26,AET_LM;DIOSC_DMM;GAL_SMT;ORIB_CM,Aetius;Dioscorides;Galen;Oribasius,diosc_full_v3;entries_full_v3,0.843,draft
καυλος της ραφανιδος,καυλὸς τῆς ῥαφανίδος,καυλος της ραφανιδος,SUBSTANCE_PART:1,true,,,1,1,1,GAL_ALIM,Galen,entries_full_v3,0.900,draft
καυλου,καυλοῦ,καυλου,SUBSTANCE_PART:9,false,,,3,9,9,AET_LM;DIOSC_DMM;GAL_SMT,Aetius;Dioscorides;Galen,diosc_full_v3;entries_full_v3,0.786,draft
καυλους,καυλοὺς,καυλους,SUBSTANCE_PART:13,false,,,1,13,13,DIOSC_DMM,Dioscorides,diosc_full_v3,0.809,draft
καυλουυς,καυλούὺς,καυλουυς,SUBSTANCE_PART:1,false,,,1,1,1,DIOSC_DMM,Dioscorides,diosc_full_v3,0.800,draft
καυλω,καυλῷ,καυλω,SUBSTANCE_PART:3,false,,,1,3,3,DIOSC_DMM,Dioscorides,diosc_full_v3,0.717,draft
καυλων,καυλῶν,καυλων,SUBSTANCE_PART:10,false,,,4,10,10,AET_LM;DIOSC_DMM;GAL_SMT;PAUL_AEG,Aetius;Dioscorides;Galen;Paul,diosc_full_v3;entries_full_v3;paul_full_v3,0.786,draft
καχλα,κάχλα,καχλα,SUBSTANCE:1,false,,,1,1,1,DIOSC_DMM,Dioscorides,diosc_full_v3,0.850,draft
καχληξ,κάχληξ,καχληξ,SUBSTANCE:1,false,,,1,1,1,PAUL_AEG,Paul,paul_full_v3,0.550,draft
καχρυ,κάχρυ,καχρυ,SUBSTANCE:2,false,,,1,2,2,DIOSC_DMM,Dioscorides,diosc_full_v3,0.760,draft
καχρυς,κάχρυς,καχρυς,SUBSTANCE:4,false,,,4,4,4,AET_LM;DIOSC_DMM;GAL_SMT;PAUL_AEG,Aetius;Dioscorides;Galen;Paul,diosc_full_v3;entries_full_v3;paul_full_v3,0.738,draft
κεγχραμιδες,κεγχραμίδες,κεγχραμιδες,SUBSTANCE_PART:1,false,,,1,1,1,GAL_SMT,Galen,entries_full_v3,0.600,draft
κεγχραμισιν,κεγχραμίσιν,κεγχραμισιν,SUBSTANCE_PART:1,false,,,1,1,1,GAL_ALIM,Galen,entries_full_v3,0.700,draft
κεγχρον,κέγχρον,κεγχρον,SUBSTANCE:1,false,,,1,1,1,PAUL_AEG,Paul,paul_full_v3,0.800,draft
κεγχρος,κέγχρος,κεγχρος,SUBSTANCE:17,false,,,6,17,17,AET_LM;DIOSC_DMM;GAL_ALIM;GAL_SMT;ORIB_CM;PAUL_AEG,Aetius;Dioscorides;Galen;Oribasius;Paul,diosc_full_v3;entries_full_v3;paul_full_v3,0.832,draft
κεδρεα,κεδρέα,κεδρεα,SUBSTANCE:3,false,,,2,3,3,GAL_SMT;ORIB_CM,Galen;Oribasius,entries_full_v3,0.850,draft
κεδρελαιον,κεδρέλαιον,κεδρελαιον,SUBSTANCE:1,false,,,1,1,1,AET_LM,Aetius,entries_full_v3,0.950,draft
κεδρια,κεδρία,κεδρια,SUBSTANCE:8,false,,,4,8,8,AET_LM;DIOSC_DMM;GAL_SMT;PAUL_AEG,Aetius;Dioscorides;Galen;Paul,diosc_full_v3;entries_full_v3;paul_full_v3,0.790,draft
κεδρινον,κέδρινον,κεδρινον,SUBSTANCE:1,false,,,1,1,1,GAL_SMT,Galen,entries_full_v3,0.840,draft
κεδρινον ελαιον,κεδρῖνον ἔλαιον,κεδρινον ελαιον,SUBSTANCE:2,true,ελαιον,,1,2,2,DIOSC_DMM,Dioscorides,diosc_full_v3,0.875,draft
κεδρινον ξυλον,κεδρῖνον ξύλον,κεδρινον ξυλον,SUBSTANCE:2,true,ξυλον,,2,2,2,AET_LM;ORIB_CM,Aetius;Oribasius,entries_full_v3,0.785,draft
κεδρινος,κέδρινος,κεδρινος,SUBSTANCE:2,false,,,2,2,2,DIOSC_DMM;ORIB_CM,Dioscorides;Oribasius,diosc_full_v3;entries_full_v3,0.730,draft
κεδρινος ξυλον,κεδρῖνος ξύλον,κεδρινος ξυλον,SUBSTANCE:1,true,ξυλον,,1,1,1,GAL_SMT,Galen,entries_full_v3,0.750,draft
κεδρις,κεδρίς,κεδρις,SUBSTANCE:5,false,,,4,5,5,AET_LM;DIOSC_DMM;GAL_SMT;ORIB_CM,Aetius;Dioscorides;Galen;Oribasius,diosc_full_v3;entries_full_v3,0.800,draft
κεδρομηλον,κεδρόμηλον,κεδρομηλον,SUBSTANCE:1,false,,,1,1,1,DIOSC_DMM,Dioscorides,diosc_full_v3,0.750,draft
κεδρος,κέδρος,κεδρος,SUBSTANCE:10,false,,,5,10,10,AET_LM;DIOSC_DMM;GAL_SMT;ORIB_CM;PAUL_AEG,Aetius;Dioscorides;Galen;Oribasius;Paul,diosc_full_v3;entries_full_v3;paul_full_v3,0.895,draft
κεδρος θαμνωδης,κέδρος θαμνώδης,κεδρος θαμνωδης,SUBSTANCE:1,true,κεδρος,,1,1,1,PAUL_AEG,Paul,paul_full_v3,0.850,draft
κεδρος μικρα,κέδρος μικρά,κεδρος μικρα,SUBSTANCE:1,true,κεδρος,,1,1,1,DIOSC_DMM,Dioscorides,diosc_full_v3,0.760,draft
κεδρωστις,κέδρωστις,κεδρωστις,SUBSTANCE:1,false,,,1,1,1,DIOSC_DMM,Dioscorides,diosc_full_v3,0.580,draft
κεκαυμενη παπυρος,κεκαυμένη πάπυρος,κεκαυμενη παπυρος,SUBSTANCE:1,true,παπυρος,,1,1,1,DIOSC_DMM,Dioscorides,diosc_full_v3,0.850,draft
κεκαυμενη χαλκιτις,κεκαυμένη χαλκῖτις,κεκαυμενη χαλκιτις,SUBSTANCE:1,true,χαλκιτις,,1,1,1,ORIB_CM,Oribasius,entries_full_v3,0.850,draft
κεκαυμενη ωχρα,κεκαυμένη ὦχρα,κεκαυμενη ωχρα,SUBSTANCE:1,true,ωχρα,,1,1,1,DIOSC_DMM,Dioscorides,diosc_full_v3,0.850,draft
κεκαυμενον αβροτονον,κεκαυμένον ἀβρότονον,κεκαυμενον αβροτονον,SUBSTANCE:1,true,αβροτονον,,1,1,1,ORIB_CM,Oribasius,entries_full_v3,0.850,draft
κεκαυμενον διαφανες,κεκαυμένον διαφανές,κεκαυμενον διαφανες,SUBSTANCE:1,true,διαφανες,,1,1,1,AET_LM,Aetius,entries_full_v3,0.650,draft
κεκαυμενον εριον,κεκαυμένον ἔριον,κεκαυμενον εριον,SUBSTANCE:1,true,εριον,,1,1,1,AET_LM,Aetius,entries_full_v3,0.700,draft
κεκαυμενον κερας,κεκαυμένον κέρας,κεκαυμενον κερας,SUBSTANCE:1,true,κερας,,1,1,1,GAL_SMT,Galen,entries_full_v3,0.860,draft
κεκαυμενον οστρακον,κεκαυμένον ὄστρακον,κεκαυμενον οστρακον,SUBSTANCE:1,true,οστρακον,,1,1,1,PAUL_AEG,Paul,paul_full_v3,0.700,draft
κεκαυμενος αλς,κεκαυμένος ἅλς,κεκαυμενος αλς,SUBSTANCE:1,true,αλς,,1,1,1,ORIB_CM,Oribasius,entries_full_v3,0.760,draft
κεκαυμενος μολυβδος,κεκαυμένος μόλυβδος,κεκαυμενος μολυβδος,SUBSTANCE:2,true,μολυβδος,,2,2,2,DIOSC_DMM;ORIB_CM,Dioscorides;Oribasius,diosc_full_v3;entries_full_v3,0.875,draft
κεκαυμενος χαλκος,κεκαυμένος χαλκός,κεκαυμενος χαλκος,SUBSTANCE:2,true,χαλκος,,2,2,2,DIOSC_DMM;PAUL_AEG,Dioscorides;Paul,diosc_full_v3;paul_full_v3,0.870,draft
κεκαυμενος χαρτης,κεκαυμένος χάρτης,κεκαυμενος χαρτης,SUBSTANCE:2,true,χαρτης,,2,2,2,ORIB_CM;PAUL_AEG,Oribasius;Paul,entries_full_v3;paul_full_v3,0.685,draft
κελτικη ναρδος,Κελτικὴ νάρδος,κελτικη ναρδος,SUBSTANCE:2,true,ναρδος,,1,2,2,DIOSC_DMM,Dioscorides,diosc_full_v3,0.905,draft
κελυφει,κελύφει,κελυφει,SUBSTANCE_PART:2,false,,,2,2,2,AET_LM;PAUL_AEG,Aetius;Paul,entries_full_v3;paul_full_v3,0.725,draft
κελυφει ροας,κελύφει ῥόας,κελυφει ροας,SUBSTANCE_PART:2,true,,,1,2,2,DIOSC_DMM,Dioscorides,diosc_full_v3,0.780,draft
κελυφει ροιας,κελύφει ῥοιᾶς,κελυφει ροιας,SUBSTANCE_PART:1,true,,,1,1,1,PAUL_AEG,Paul,paul_full_v3,0.800,draft
κελυφει της βαλανου,κελύφει τῆς βαλάνου,κελυφει της βαλανου,SUBSTANCE_PART:1,false,,,1,1,1,GAL_SMT,Galen,entries_full_v3,0.850,draft
κελυφεσι,κελύφεσι,κελυφεσι,SUBSTANCE_PART:1,false,,,1,1,1,DIOSC_DMM,Dioscorides,diosc_full_v3,0.820,draft
κενταυρειον,κενταύρειον,κενταυρειον,SUBSTANCE:7,false,,,2,7,7,DIOSC_DMM;ORIB_CM,Dioscorides;Oribasius,diosc_full_v3;entries_full_v3,0.869,draft
κενταυρειον λεπτον,κενταύρειον λεπτὸν,κενταυρειον λεπτον,SUBSTANCE:1,true,κενταυρειον,,1,1,1,DIOSC_DMM,Dioscorides,diosc_full_v3,0.850,draft
κενταυρειον μεγα,κενταύρειον μέγα,κενταυρειον μεγα,SUBSTANCE:3,true,κενταυρειον,,2,3,3,DIOSC_DMM;ORIB_CM,Dioscorides;Oribasius,diosc_full_v3;entries_full_v3,0.820,draft
κενταυρειον μικρον,κενταύρειον μικρόν,κενταυρειον μικρον,SUBSTANCE:1,true,κενταυρειον,,1,1,1,ORIB_CM,Oribasius,entries_full_v3,0.900,draft
κενταυρειου ριζης,κενταυρείου ῥίζης,κενταυρειου ριζης,SUBSTANCE_PART:1,true,,,1,1,1,DIOSC_DMM,Dioscorides,diosc_full_v3,0.860,draft
κενταυριον,κενταύριον,κενταυριον,SUBSTANCE:7,false,,,3,7,7,AET_LM;GAL_SMT;PAUL_AEG,Aetius;Galen;Paul,entries_full_v3;paul_full_v3,0.883,draft
κενταυριον λεπτον,κενταύριον λεπτόν,κενταυριον λεπτον,SUBSTANCE:1,true,κενταυριον,,1,1,1,GAL_SMT,Galen,entries_full_v3,0.750,draft
κενταυριον μεγα,κενταύριον μέγα,κενταυριον μεγα,SUBSTANCE:3,true,κενταυριον,,3,3,3,AET_LM;GAL_SMT;PAUL_AEG,Aetius;Galen;Paul,entries_full_v3;paul_full_v3,0.887,draft
κενταυριον μικρον,κενταύριον μικρόν,κενταυριον μικρον,SUBSTANCE:3,true,κενταυριον,,3,3,3,AET_LM;GAL_SMT;PAUL_AEG,Aetius;Galen;Paul,entries_full_v3;paul_full_v3,0.843,draft
κενταυριου του μεγαλου η ριζα,Κενταυρίου τοῦ μεγάλου ἡ ῥίζα,κενταυριου του μεγαλου η ριζα,SUBSTANCE_PART:1,true,,,1,1,1,PAUL_AEG,Paul,paul_full_v3,0.900,draft
κεραμις,κεραμίς,κεραμις,SUBSTANCE:2,false,,,2,2,2,GAL_SMT;ORIB_CM,Galen;Oribasius,entries_full_v3,0.575,draft
κεραμιτις γη,κεραμίτις γῆ,κεραμιτις γη,SUBSTANCE:1,true,γη,,1,1,1,GAL_SMT,Galen,entries_full_v3,0.550,draft
κερας,κέρας,κερας,SUBSTANCE:5,false,,,3,5,5,DIOSC_DMM;GAL_SMT;PAUL_AEG,Dioscorides;Galen;Paul,diosc_full_v3;entries_full_v3;paul_full_v3,0.786,draft
κερας αιγειον,κέρας αἴγειον,κερας αιγειον,SUBSTANCE:1,true,κερας,,1,1,1,DIOSC_DMM,Dioscorides,diosc_full_v3,0.600,draft
κερας αιγος,κέρας αἰγός,κερας αιγος,SUBSTANCE_PART:1,true,,,1,1,1,ORIB_CM,Oribasius,entries_full_v3,0.760,draft
κερας αιξ,κέρας αἴξ,κερας αιξ,SUBSTANCE:1,true,κερας,,1,1,1,PAUL_AEG,Paul,paul_full_v3,0.780,draft
κερας ελαφειον,κέρας ἐλάφειον,κερας ελαφειον,SUBSTANCE:1,true,κερας,,1,1,1,DIOSC_DMM,Dioscorides,diosc_full_v3,0.850,draft
κερας ελαφος,κέρας ἔλαφος,κερας ελαφος,SUBSTANCE:1,true,κερας,,1,1,1,PAUL_AEG,Paul,paul_full_v3,0.820,draft
κερας ελαφου,Κέρας ἐλάφου,κερας ελαφου,SUBSTANCE_PART:1,true,,,1,1,1,ORIB_CM,Oribasius,entries_full_v3,0.900,draft
κερας ταυρος,κέρας ταῦρος,κερας ταυρος,SUBSTANCE:1,true,κερας,,1,1,1,PAUL_AEG,Paul,paul_full_v3,0.820,draft
κερασιν αιγος,κέρασιν αἰγὸς,κερασιν αιγος,SUBSTANCE_PART:1,true,,,1,1,1,GAL_SMT,Galen,entries_full_v3,0.900,draft
κερασιν ελαφου,κέρασιν ἐλάφου,κερασιν ελαφου,SUBSTANCE_PART:1,true,,,1,1,1,GAL_SMT,Galen,entries_full_v3,0.950,draft
κερασιον,κεράσιον,κερασιον,SUBSTANCE:5,false,,,4,5,5,AET_LM;DIOSC_DMM;GAL_SMT;PAUL_AEG,Aetius;Dioscorides;Galen;Paul,diosc_full_v3;entries_full_v3;paul_full_v3,0.808,draft
κερασιον αυστηρον,κεράσιον αὐστηρόν,κερασιον αυστηρον,SUBSTANCE:1,true,κερασιον,,1,1,1,PAUL_AEG,Paul,paul_full_v3,0.900,draft
κερασιον γλυκυ,κεράσιον γλυκύ,κερασιον γλυκυ,SUBSTANCE:1,true,κερασιον,,1,1,1,PAUL_AEG,Paul,paul_full_v3,0.900,draft
κερασιον οξυ,κεράσιον ὀξύ,κερασιον οξυ,SUBSTANCE:1,true,κερασιον,,1,1,1,PAUL_AEG,Paul,paul_full_v3,0.900,draft
κερασος,κέρασος,κερασος,SUBSTANCE:3,false,,,3,3,3,AET_LM;GAL_SMT;ORIB_CM,Aetius;Galen;Oribasius,entries_full_v3,0.893,draft
κερασου του δενδρου ο καρπος,Κεράσου τοῦ δένδρου ὁ καρπὸς,κερασου του δενδρου ο καρπος,SUBSTANCE_PART:1,true,,,1,1,1,ORIB_CM,Oribasius,entries_full_v3,0.900,draft
κεραστης,κεράστης,κεραστης,SUBSTANCE:1,false,,,1,1,1,DIOSC_DMM,Dioscorides,diosc_full_v3,0.700,draft
κερατα,κέρατα,κερατα,SUBSTANCE_PART:1,false,,,1,1,1,DIOSC_DMM,Dioscorides,diosc_full_v3,0.650,draft
κερατια,κεράτια,κερατια,SUBSTANCE_PART:3,false,,,3,3,3,DIOSC_DMM;GAL_SMT;ORIB_CM,Dioscorides;Galen;Oribasius,diosc_full_v3;entries_full_v3,0.810,draft
κερατιον,κεράτιον,κερατιον,SUBSTANCE:6,false,,,3,6,6,AET_LM;DIOSC_DMM;PAUL_AEG,Aetius;Dioscorides;Paul,diosc_full_v3;entries_full_v3;paul_full_v3,0.793,draft
κερατιον χλωρον,κεράτιον χλωρόν,κερατιον χλωρον,SUBSTANCE:1,true,κερατιον,,1,1,1,DIOSC_DMM,Dioscorides,diosc_full_v3,0.880,draft
κερατιτις μηκων,κερατίτις μήκων,κερατιτις μηκων,SUBSTANCE:3,true,μηκων,,2,3,3,DIOSC_DMM;PAUL_AEG,Dioscorides;Paul,diosc_full_v3;paul_full_v3,0.833,draft
κερατωνια,κερατωνία,κερατωνια,SUBSTANCE:4,false,,,4,4,4,AET_LM;GAL_SMT;ORIB_CM;PAUL_AEG,Aetius;Galen;Oribasius;Paul,entries_full_v3;paul_full_v3,0.935,draft
κεστρον,κέστρον,κεστρον,SUBSTANCE:5,false,,,5,5,5,AET_LM;DIOSC_DMM;GAL_SMT;ORIB_CM;PAUL_AEG,Aetius;Dioscorides;Galen;Oribasius;Paul,diosc_full_v3;entries_full_v3;paul_full_v3,0.884,draft
κεστρον ψυχροτροφον,κέστρον ψυχρότροφον,κεστρον ψυχροτροφον,SUBSTANCE:1,true,κεστρον,,1,1,1,AET_LM,Aetius,entries_full_v3,0.840,draft
κεστρος,κέστρος,κεστρος,SUBSTANCE:1,false,,,1,1,1,DIOSC_DMM,Dioscorides,diosc_full_v3,0.900,draft
κεστρος ψυχροτροφος,κέστρος ψυχροτρόφος,κεστρος ψυχροτροφος,SUBSTANCE:1,true,κεστρος,,1,1,1,DIOSC_DMM,Dioscorides,diosc_full_v3,0.850,draft
κεφαλαι,κεφαλαί,κεφαλαι,SUBSTANCE_PART:2,false,,,1,2,2,DIOSC_DMM,Dioscorides,diosc_full_v3,0.720,draft
κεφαλαι ταριχηρων μαινιδων,Κεφαλαὶ ταριχηρῶν μαινίδων,κεφαλαι ταριχηρων μαινιδων,SUBSTANCE_PART:1,true,,,1,1,1,PAUL_AEG,Paul,paul_full_v3,0.780,draft
κεφαλας,κεφαλάς,κεφαλας,SUBSTANCE_PART:2,false,,,1,2,2,DIOSC_DMM,Dioscorides,diosc_full_v3,0.850,draft
κεφαλας μαινιδων,κεφαλὰς μαινίδων,κεφαλας μαινιδων,SUBSTANCE_PART:1,true,,,1,1,1,AET_LM,Aetius,entries_full_v3,0.800,draft
κεφαλη,κεφαλὴ,κεφαλη,SUBSTANCE_PART:10,false,,,3,10,10,AET_LM;DIOSC_DMM;PAUL_AEG,Aetius;Dioscorides;Paul,diosc_full_v3;entries_full_v3;paul_full_v3,0.843,draft
κεφαλη μαινιδος ταριχηρας,κεφαλὴ μαινίδος ταριχηρᾶς,κεφαλη μαινιδος ταριχηρας,SUBSTANCE_PART:1,false,,,1,1,1,AET_LM,Aetius,entries_full_v3,0.800,draft
κεφαλην,κεφαλὴν,κεφαλην,SUBSTANCE_PART:4,true,,,2,4,4,AET_LM;DIOSC_DMM,Aetius;Dioscorides,diosc_full_v3;entries_full_v3,0.738,draft
κεφαλην λαγωου,κεφαλὴν λαγωοῦ,κεφαλην λαγωου,SUBSTANCE_PART:1,true,,,1,1,1,GAL_SMT,Galen,entries_full_v3,0.850,draft
κεφαλην ολην λαγωου,κεφαλὴν ὅλην λαγωοῦ,κεφαλην ολην λαγωου,SUBSTANCE_PART:1,true,,,1,1,1,AET_LM,Aetius,entries_full_v3,0.850,draft
κεφαλης,κεφαλῆς,κεφαλης,SUBSTANCE_PART:2,false,,,1,2,2,DIOSC_DMM,Dioscorides,diosc_full_v3,0.680,draft
κεφαλια,κεφάλια,κεφαλια,SUBSTANCE_PART:8,false,,,1,8,8,DIOSC_DMM,Dioscorides,diosc_full_v3,0.781,draft
κεφαλιοις,κεφαλίοις,κεφαλιοις,SUBSTANCE_PART:1,false,,,1,1,1,DIOSC_DMM,Dioscorides,diosc_full_v3,0.800,draft
κεφαλιον,κεφάλιον,κεφαλιον,SUBSTANCE_PART:4,false,,,1,4,4,DIOSC_DMM,Dioscorides,diosc_full_v3,0.785,draft
κεφαλιου,κεφαλίου,κεφαλιου,SUBSTANCE_PART:1,false,,,1,1,1,DIOSC_DMM,Dioscorides,diosc_full_v3,0.850,draft
κεφαλιου κρομυωδους,κεφαλίου κρομυώδους,κεφαλιου κρομυωδους,SUBSTANCE_PART:1,true,,,1,1,1,DIOSC_DMM,Dioscorides,diosc_full_v3,0.700,draft
κεφαλος,κέφαλος,κεφαλος,SUBSTANCE:2,false,,,1,2,2,AET_LM,Aetius,entries_full_v3,0.775,draft
κεφαλων μαινιδων,κεφαλῶν μαινίδων,κεφαλων μαινιδων,SUBSTANCE_PART:1,true,,,1,1,1,GAL_SMT,Galen,entries_full_v3,0.900,draft
κηκις,κηκίς,κηκις,SUBSTANCE:23,false,,,5,23,23,AET_LM;DIOSC_DMM;GAL_SMT;ORIB_CM;PAUL_AEG,Aetius;Dioscorides;Galen;Oribasius;Paul,diosc_full_v3;entries_full_v3;paul_full_v3,0.880,draft
κηκις ξανθη,κηκίς ξανθή,κηκις ξανθη,SUBSTANCE:4,true,κηκις,,4,4,4,AET_LM;GAL_SMT;ORIB_CM;PAUL_AEG,Aetius;Galen;Oribasius;Paul,entries_full_v3;paul_full_v3,0.812,draft
κηκις ολοκληρος,κηκίς ὁλόκληρος,κηκις ολοκληρος,SUBSTANCE:1,true,κηκις,,1,1,1,DIOSC_DMM,Dioscorides,diosc_full_v3,0.800,draft
κηκις ομφακιτις,κηκίς ὀμφακῖτις,κηκις ομφακιτις,SUBSTANCE:7,true,κηκις,,4,7,7,AET_LM;GAL_SMT;ORIB_CM;PAUL_AEG,Aetius;Galen;Oribasius;Paul,entries_full_v3;paul_full_v3,0.861,draft
κημος,κῆμος,κημος,SUBSTANCE:1,false,,,1,1,1,DIOSC_DMM,Dioscorides,diosc_full_v3,0.950,draft
κηπαια,κηπαία,κηπαια,SUBSTANCE:2,false,,,2,2,2,DIOSC_DMM;PAUL_AEG,Dioscorides;Paul,diosc_full_v3;paul_full_v3,0.860,draft
κηπαια ανδραχνη,κηπαία ἀνδράχνη,κηπαια ανδραχνη,SUBSTANCE:1,true,ανδραχνη,,1,1,1,DIOSC_DMM,Dioscorides,diosc_full_v3,0.750,draft
κηπαιος,κηπαῖος,κηπαιος,SUBSTANCE:1,false,,,1,1,1,AET_LM,Aetius,entries_full_v3,0.650,draft
κηπευομενη,κηπευομένη,κηπευομενη,SUBSTANCE:1,false,,,1,1,1,GAL_SMT,Galen,entries_full_v3,0.740,draft
κηπευομενη μαλαχη,κηπευομένη μαλάχη,κηπευομενη μαλαχη,SUBSTANCE:1,true,μαλαχη,,1,1,1,GAL_ALIM,Galen,entries_full_v3,0.780,draft
κηπευομενος,κηπευόμενος,κηπευομενος,SUBSTANCE:1,false,,,1,1,1,ORIB_CM,Oribasius,entries_full_v3,0.400,draft
κηπευομενος τρυχνος,κηπευόμενος τρύχνος,κηπευομενος τρυχνος,SUBSTANCE:1,true,τρυχνος,,1,1,1,GAL_SMT,Galen,entries_full_v3,0.860,draft
κηπευτη,κηπευτή,κηπευτη,SUBSTANCE:1,false,,,1,1,1,DIOSC_DMM,Dioscorides,diosc_full_v3,0.550,draft
κηπευτη μηκων,κηπευτὴ μήκων,κηπευτη μηκων,SUBSTANCE:1,true,μηκων,,1,1,1,PAUL_AEG,Paul,paul_full_v3,0.780,draft
κηπευτον σελινον,κηπευτόν σέλινον,κηπευτον σελινον,SUBSTANCE:1,true,σελινον,,1,1,1,DIOSC_DMM,Dioscorides,diosc_full_v3,0.800,draft
κηπευτον στρυχνον,κηπευτὸν στρύχνον,κηπευτον στρυχνον,SUBSTANCE:1,true,στρυχνον,,1,1,1,DIOSC_DMM,Dioscorides,diosc_full_v3,0.780,draft
κηπευτος,κηπευτός,κηπευτος,SUBSTANCE:1,false,,,1,1,1,DIOSC_DMM,Dioscorides,diosc_full_v3,0.450,draft
κηπευτος σελινον,κηπευτὸς σέλινον,κηπευτος σελινον,SUBSTANCE:1,true,σελινον,,1,1,1,PAUL_AEG,Paul,paul_full_v3,0.880,draft
κηρανθεμον,κηράνθεμον,κηρανθεμον,SUBSTANCE:1,false,,,1,1,1,DIOSC_DMM,Dioscorides,diosc_full_v3,0.620,draft
κηριον,κηρίον,κηριον,SUBSTANCE:1,false,,,1,1,1,DIOSC_DMM,Dioscorides,diosc_full_v3,0.720,draft
κηρος,κηρός,κηρος,SUBSTANCE:36,false,,,5,36,36,AET_LM;DIOSC_DMM;GAL_SMT;ORIB_CM;PAUL_AEG,Aetius;Dioscorides;Galen;Oribasius;Paul,diosc_full_v3;entries_full_v3;paul_full_v3,0.874,draft
κηρος κρητικος,κηρός κρητικός,κηρος κρητικος,SUBSTANCE:1,true,κηρος,κρητικος,1,1,1,DIOSC_DMM,Dioscorides,diosc_full_v3,0.740,draft
κηρος ποντικος,κηρός ποντικός,κηρος ποντικος,SUBSTANCE:1,true,κηρος,ποντικος,1,1,1,DIOSC_DMM,Dioscorides,diosc_full_v3,0.740,draft
κηρος τυρρηνικος,κηρός τυρρηνικός,κηρος τυρρηνικος,SUBSTANCE:2,true,κηρος,τυρρηνια,1,2,2,DIOSC_DMM,Dioscorides,diosc_full_v3,0.720,draft
κηρυκων οστρακον,κηρύκων ὄστρακον,κηρυκων οστρακον,SUBSTANCE_PART:1,false,,,1,1,1,AET_LM,Aetius,entries_full_v3,0.800,draft
κηρυξ,κήρυξ,κηρυξ,SUBSTANCE:13,false,,,4,13,13,AET_LM;DIOSC_DMM;GAL_SMT;PAUL_AEG,Aetius;Dioscorides;Galen;Paul,diosc_full_v3;entries_full_v3;paul_full_v3,0.719,draft
κηρυξ οστρακον,κήρυξ ὄστρακον,κηρυξ οστρακον,SUBSTANCE:1,true,οστρακον,,1,1,1,GAL_SMT,Galen,entries_full_v3,0.740,draft
κηρωτη,κηρωτή,κηρωτη,SUBSTANCE:1,false,,,1,1,1,PAUL_AEG,Paul,paul_full_v3,0.680,draft
κιβωριον,κιβώριον,κιβωριον,SUBSTANCE:3,false,,,2,3,3,AET_LM;DIOSC_DMM,Aetius;Dioscorides,diosc_full_v3;entries_full_v3,0.673,draft
κιβωτιον,κιβώτιον,κιβωτιον,SUBSTANCE:1,false,,,1,1,1,DIOSC_DMM,Dioscorides,diosc_full_v3,0.550,draft
κικεα,κικέα,κικεα,SUBSTANCE:1,false,,,1,1,1,AET_LM,Aetius,entries_full_v3,0.600,draft
κικεως,κίκεως,κικεως,SUBSTANCE:3,false,,,3,3,3,AET_LM;GAL_SMT;ORIB_CM,Aetius;Galen;Oribasius,entries_full_v3,0.700,draft
κικεως καρπος,κίκεως καρπός,κικεως καρπος,SUBSTANCE_PART:1,true,,,1,1,1,GAL_SMT,Galen,entries_full_v3,0.900,draft
κικεως ο καρπος,Κίκεως ὁ καρπός,κικεως ο καρπος,SUBSTANCE_PART:1,true,,,1,1,1,PAUL_AEG,Paul,paul_full_v3,0.880,draft
κικεως φυλλον,κίκεως φύλλον,κικεως φυλλον,SUBSTANCE_PART:1,true,,,1,1,1,GAL_SMT,Galen,entries_full_v3,0.900,draft
κικι,κίκι,κικι,SUBSTANCE:4,false,,,4,4,4,AET_LM;DIOSC_DMM;GAL_SMT;PAUL_AEG,Aetius;Dioscorides;Galen;Paul,diosc_full_v3;entries_full_v3;paul_full_v3,0.815,draft
κικινον,κίκινον,κικινον,SUBSTANCE:4,false,,,4,4,4,AET_LM;GAL_SMT;ORIB_CM;PAUL_AEG,Aetius;Galen;Oribasius;Paul,entries_full_v3;paul_full_v3,0.677,draft
κικινον ελαιον,κίκινον ἔλαιον,κικινον ελαιον,SUBSTANCE:4,true,ελαιον,αιγυπτος,2,4,4,DIOSC_DMM;GAL_SMT,Dioscorides;Galen,diosc_full_v3;entries_full_v3,0.835,draft
κικινος,κίκινος,κικινος,SUBSTANCE:1,false,,,1,1,1,AET_LM,Aetius,entries_full_v3,0.750,draft
κικις,κικίς,κικις,SUBSTANCE:3,false,,,1,3,3,AET_LM,Aetius,entries_full_v3,0.803,draft
κιλικιον,Κιλίκιον,κιλικιον,SUBSTANCE:2,false,,,2,2,2,GAL_SMT;ORIB_CM,Galen;Oribasius,entries_full_v3,0.765,draft
κιμωλια,Κιμωλία,κιμωλια,SUBSTANCE:11,false,,κιμωλος,5,11,11,AET_LM;DIOSC_DMM;GAL_SMT;ORIB_CM;PAUL_AEG,Aetius;Dioscorides;Galen;Oribasius;Paul,diosc_full_v3;entries_full_v3;paul_full_v3,0.864,draft
κιμωλια γη,κιμωλία γῆ,κιμωλια γη,SUBSTANCE:2,true,γη,κιμωλια,2,2,2,AET_LM;DIOSC_DMM,Aetius;Dioscorides,diosc_full_v3;entries_full_v3,0.860,draft
κιναμωμις,κιναμωμίς,κιναμωμις,SUBSTANCE:1,false,,,1,1,1,PAUL_AEG,Paul,paul_full_v3,0.900,draft
κιναμωμον,κινάμωμον,κιναμωμον,SUBSTANCE:14,false,,,3,14,14,AET_LM;DIOSC_DMM;PAUL_AEG,Aetius;Dioscorides;Paul,diosc_full_v3;entries_full_v3;paul_full_v3,0.876,draft
κιναρα,κινάρα,κιναρα,SUBSTANCE:3,false,,,3,3,3,AET_LM;DIOSC_DMM;GAL_ALIM,Aetius;Dioscorides;Galen,diosc_full_v3;entries_full_v3,0.823,draft
κινη,κίνη,κινη,SUBSTANCE:1,false,,,1,1,1,DIOSC_DMM,Dioscorides,diosc_full_v3,0.550,draft
κιννα,κίννα,κιννα,SUBSTANCE:1,false,,κιλικια,1,1,1,DIOSC_DMM,Dioscorides,diosc_full_v3,0.700,draft
κινναβαρι,κιννάβαρι,κινναβαρι,SUBSTANCE:8,false,,,4,8,8,DIOSC_DMM;GAL_SMT;ORIB_CM;PAUL_AEG,Dioscorides;Galen;Oribasius;Paul,diosc_full_v3;entries_full_v3;paul_full_v3,0.902,draft
κινναβαρις,κιννάβαρις,κινναβαρις,SUBSTANCE:1,false,,,1,1,1,PAUL_AEG,Paul,paul_full_v3,0.950,draft
κινναμωμις,κινναμωμίς,κινναμωμις,SUBSTANCE:2,false,,,2,2,2,GAL_SMT;ORIB_CM,Galen;Oribasius,entries_full_v3,0.805,draft
κινναμωμον,κιννάμωμον,κινναμωμον,SUBSTANCE:10,false,,,4,10,10,AET_LM;DIOSC_DMM;GAL_SMT;ORIB_CM,Aetius;Dioscorides;Galen;Oribasius,diosc_full_v3;entries_full_v3,0.880,draft
κιρκαια,Κίρκαια,κιρκαια,SUBSTANCE:3,false,,,2,3,3,DIOSC_DMM;ORIB_CM,Dioscorides;Oribasius,diosc_full_v3;entries_full_v3,0.817,draft
κιρκεα,κιρκέα,κιρκεα,SUBSTANCE:1,false,,,1,1,1,PAUL_AEG,Paul,paul_full_v3,0.780,draft
κιρκεα ποα,κιρκέα πόα,κιρκεα ποα,SUBSTANCE:1,true,ποα,,1,1,1,GAL_SMT,Galen,entries_full_v3,0.750,draft
κιρκεας ριζα,Κιρκέας ῥίζα,κιρκεας ριζα,SUBSTANCE_PART:1,true,,,1,1,1,ORIB_CM,Oribasius,entries_full_v3,0.850,draft
κισηρης,κισήρης,κισηρης,SUBSTANCE:1,false,,,1,1,1,DIOSC_DMM,Dioscorides,diosc_full_v3,0.600,draft
κισηρις,κίσηρις,κισηρις,SUBSTANCE:8,false,,,3,8,8,DIOSC_DMM;ORIB_CM;PAUL_AEG,Dioscorides;Oribasius;Paul,diosc_full_v3;entries_full_v3;paul_full_v3,0.839,draft
κισθαρον,κίσθαρον,κισθαρον,SUBSTANCE:1,false,,,1,1,1,DIOSC_DMM,Dioscorides,diosc_full_v3,0.550,draft
κισθαρος,κίσθαρος,κισθαρος,SUBSTANCE:5,false,,,4,5,5,AET_LM;GAL_SMT;ORIB_CM;PAUL_AEG,Aetius;Galen;Oribasius;Paul,entries_full_v3;paul_full_v3,0.790,draft
κισθος,κίσθος,κισθος,SUBSTANCE:9,false,,,5,9,9,AET_LM;DIOSC_DMM;GAL_SMT;ORIB_CM;PAUL_AEG,Aetius;Dioscorides;Galen;Oribasius;Paul,diosc_full_v3;entries_full_v3;paul_full_v3,0.901,draft
κισθος λαδανος,κίσθος λάδανος,κισθος λαδανος,SUBSTANCE:1,true,κισθος,,1,1,1,PAUL_AEG,Paul,paul_full_v3,0.720,draft
κισσαμπελος,κισσάμπελος,κισσαμπελος,SUBSTANCE:3,false,,,3,3,3,DIOSC_DMM;GAL_SMT;PAUL_AEG,Dioscorides;Galen;Paul,diosc_full_v3;entries_full_v3;paul_full_v3,0.873,draft
κισσανθεμον,κισσάνθεμον,κισσανθεμον,SUBSTANCE:4,false,,,4,4,4,DIOSC_DMM;GAL_SMT;ORIB_CM;PAUL_AEG,Dioscorides;Galen;Oribasius;Paul,diosc_full_v3;entries_full_v3;paul_full_v3,0.775,draft
κισσαρον,κίσσαρον,κισσαρον,SUBSTANCE:1,false,,,1,1,1,DIOSC_DMM,Dioscorides,diosc_full_v3,0.550,draft
κισσηρις,κίσσηρις,κισσηρις,SUBSTANCE:4,false,,,2,4,4,AET_LM;GAL_SMT,Aetius;Galen,entries_full_v3,0.900,draft
κισσος,κισσός,κισσος,SUBSTANCE:22,false,,,5,22,22,AET_LM;DIOSC_DMM;GAL_SMT;ORIB_CM;PAUL_AEG,Aetius;Dioscorides;Galen;Oribasius;Paul,diosc_full_v3;entries_full_v3;paul_full_v3,0.767,draft
κιστος,κίστος,κιστος,SUBSTANCE:1,false,,,1,1,1,GAL_SMT,Galen,entries_full_v3,0.950,draft
κιτρεα,κιτρέα,κιτρεα,SUBSTANCE:1,false,,,1,1,1,AET_LM,Aetius,entries_full_v3,0.780,draft
κιτριον,κιτρίον,κιτριον,SUBSTANCE:5,false,,,5,5,5,AET_LM;DIOSC_DMM;GAL_SMT;ORIB_CM;PAUL_AEG,Aetius;Dioscorides;Galen;Oribasius;Paul,diosc_full_v3;entries_full_v3;paul_full_v3,0.876,draft
κιτροφυλλον,κιτρόφυλλον,κιτροφυλλον,SUBSTANCE:1,false,,,1,1,1,AET_LM,Aetius,entries_full_v3,0.600,draft
κιττος,κιττός,κιττος,SUBSTANCE:2,false,,,1,2,2,DIOSC_DMM,Dioscorides,diosc_full_v3,0.675,draft
κιττω,κιττώ,κιττω,SUBSTANCE:1,false,,,1,1,1,DIOSC_DMM,Dioscorides,diosc_full_v3,0.700,draft
κιχλη,κίχλη,κιχλη,SUBSTANCE:2,false,,,1,2,2,AET_LM,Aetius,entries_full_v3,0.750,draft
κιχοριον,κιχόριον,κιχοριον,SUBSTANCE:10,false,,,4,10,10,AET_LM;DIOSC_DMM;ORIB_CM;PAUL_AEG,Aetius;Dioscorides;Oribasius;Paul,diosc_full_v3;entries_full_v3;paul_full_v3,0.815,draft
κιχωριον,κιχώριον,κιχωριον,SUBSTANCE:1,false,,,1,1,1,GAL_SMT,Galen,entries_full_v3,0.850,draft
κλαδισκοις,κλαδίσκοις,κλαδισκοις,SUBSTANCE_PART:1,false,,,1,1,1,GAL_SMT,Galen,entries_full_v3,0.750,draft
κλαδοις,κλάδοις,κλαδοις,SUBSTANCE_PART:4,false,,,3,4,4,GAL_SMT;ORIB_CM;PAUL_AEG,Galen;Oribasius;Paul,entries_full_v3;paul_full_v3,0.833,draft
κλαδους,κλάδους,κλαδους,SUBSTANCE_PART:2,false,,,1,2,2,DIOSC_DMM,Dioscorides,diosc_full_v3,0.675,draft
κλαδους συκης,κλάδους συκῆς,κλαδους συκης,SUBSTANCE_PART:1,true,,,1,1,1,DIOSC_DMM,Dioscorides,diosc_full_v3,0.900,draft
κλαδω,κλάδῳ,κλαδω,SUBSTANCE_PART:1,false,,,1,1,1,DIOSC_DMM,Dioscorides,diosc_full_v3,0.750,draft
κλαδων,κλάδων,κλαδων,SUBSTANCE_PART:6,false,,,3,6,6,AET_LM;DIOSC_DMM;GAL_SMT,Aetius;Dioscorides;Galen,diosc_full_v3;entries_full_v3,0.773,draft
κλεονικον,κλεόνικον,κλεονικον,SUBSTANCE:1,false,,,1,1,1,DIOSC_DMM,Dioscorides,diosc_full_v3,0.680,draft
κλεωνιον,κλεώνιον,κλεωνιον,SUBSTANCE:1,false,,,1,1,1,DIOSC_DMM,Dioscorides,diosc_full_v3,0.850,draft
κλημα,κλῆμα,κλημα,SUBSTANCE:2;SUBSTANCE_PART:1,false,,,1,3,3,DIOSC_DMM,Dioscorides,diosc_full_v3,0.783,draft
κληματα,κλήματα,κληματα,SUBSTANCE_PART:8,false,,,2,8,8,DIOSC_DMM;PAUL_AEG,Dioscorides;Paul,diosc_full_v3;paul_full_v3,0.800,draft
κληματια,κλημάτια,κληματια,SUBSTANCE_PART:2,false,,,1,2,2,DIOSC_DMM,Dioscorides,diosc_full_v3,0.755,draft
κληματιδος φυλλα,κληματίδος φύλλα,κληματιδος φυλλα,SUBSTANCE_PART:1,true,,,1,1,1,GAL_SMT,Galen,entries_full_v3,0.900,draft
κληματις,κληματίς,κληματις,SUBSTANCE:4,false,,,2,4,4,DIOSC_DMM;GAL_SMT,Dioscorides;Galen,diosc_full_v3;entries_full_v3,0.907,draft
κληματιτις,κληματῖτις,κληματιτις,SUBSTANCE:6,false,,,5,6,6,AET_LM;DIOSC_DMM;GAL_SMT;ORIB_CM;PAUL_AEG,Aetius;Dioscorides;Galen;Oribasius;Paul,diosc_full_v3;entries_full_v3;paul_full_v3,0.847,draft
κληματοειδης,κληματοειδής,κληματοειδης,SUBSTANCE:1,false,,,1,1,1,GAL_SMT,Galen,entries_full_v3,0.750,draft
κλιβανος οστρακον,κλίβανος ὄστρακον,κλιβανος οστρακον,SUBSTANCE:1,true,οστρακον,,1,1,1,GAL_SMT,Galen,entries_full_v3,0.720,draft
κλινοποδιον,κλινοπόδιον,κλινοποδιον,SUBSTANCE:4,false,,,4,4,4,DIOSC_DMM;GAL_SMT;ORIB_CM;PAUL_AEG,Dioscorides;Galen;Oribasius;Paul,diosc_full_v3;entries_full_v3;paul_full_v3,0.958,draft
κλυβατις,κλύβατις,κλυβατις,SUBSTANCE:1,false,,,1,1,1,DIOSC_DMM,Dioscorides,diosc_full_v3,0.750,draft
κλυμενον,κλύμενον,κλυμενον,SUBSTANCE:2,false,,,1,2,2,DIOSC_DMM,Dioscorides,diosc_full_v3,0.800,draft
κλωναρια,κλωνάρια,κλωναρια,SUBSTANCE_PART:1,false,,,1,1,1,DIOSC_DMM,Dioscorides,diosc_full_v3,0.800,draft
κλωναριω,κλωναρίῳ,κλωναριω,SUBSTANCE_PART:1,false,,,1,1,1,DIOSC_DMM,Dioscorides,diosc_full_v3,0.820,draft
κλωναριων,κλωναρίων,κλωναριων,SUBSTANCE_PART:1,false,,,1,1,1,DIOSC_DMM,Dioscorides,diosc_full_v3,0.820,draft
κλωνας,κλῶνας,κλωνας,SUBSTANCE_PART:8,false,,,1,8,8,DIOSC_DMM,Dioscorides,diosc_full_v3,0.786,draft
κλωνες,κλῶνες,κλωνες,SUBSTANCE_PART:11,false,,,5,11,11,AET_LM;DIOSC_DMM;GAL_SMT;ORIB_CM;PAUL_AEG,Aetius;Dioscorides;Galen;Oribasius;Paul,diosc_full_v3;entries_full_v3;paul_full_v3,0.807,draft
κλωνια,κλωνία,κλωνια,SUBSTANCE_PART:14,false,,,2,14,14,AET_LM;DIOSC_DMM,Aetius;Dioscorides,diosc_full_v3;entries_full_v3,0.775,draft
κλωνιοις,κλωνίοις,κλωνιοις,SUBSTANCE_PART:4,false,,,2,4,4,AET_LM;DIOSC_DMM,Aetius;Dioscorides,diosc_full_v3;entries_full_v3,0.713,draft
κλωνιον,κλωνίον,κλωνιον,SUBSTANCE_PART:1,false,,,1,1,1,DIOSC_DMM,Dioscorides,diosc_full_v3,0.850,draft
κλωνιων,κλωνίων,κλωνιων,SUBSTANCE_PART:1,false,,,1,1,1,DIOSC_DMM,Dioscorides,diosc_full_v3,0.750,draft
κνεωρον,κνέωρον,κνεωρον,SUBSTANCE:1,false,,,1,1,1,DIOSC_DMM,Dioscorides,diosc_full_v3,0.850,draft
κνηκινον,κνήκινον,κνηκινον,SUBSTANCE:2,false,,,2,2,2,DIOSC_DMM;ORIB_CM,Dioscorides;Oribasius,diosc_full_v3;entries_full_v3,0.725,draft
κνηκιον,κνήκιον,κνηκιον,SUBSTANCE:1,false,,,1,1,1,DIOSC_DMM,Dioscorides,diosc_full_v3,0.880,draft
κνηκος,κνῆκος,κνηκος,SUBSTANCE:14,false,,,4,14,14,AET_LM;DIOSC_DMM;GAL_ALIM;PAUL_AEG,Aetius;Dioscorides;Galen;Paul,diosc_full_v3;entries_full_v3;paul_full_v3,0.821,draft
κνηκος αγριος,κνῆκος ἄγριος,κνηκος αγριος,SUBSTANCE:3,true,κνηκος,,3,3,3,AET_LM;DIOSC_DMM;PAUL_AEG,Aetius;Dioscorides;Paul,diosc_full_v3;entries_full_v3;paul_full_v3,0.843,draft
κνηκος λευκος,κνῆκος λευκός,κνηκος λευκος,SUBSTANCE:1,true,κνηκος,,1,1,1,DIOSC_DMM,Dioscorides,diosc_full_v3,0.850,draft
κνηκου σπερματι,Κνήκου σπέρματι,κνηκου σπερματι,SUBSTANCE_PART:2,true,,,2,2,2,AET_LM;PAUL_AEG,Aetius;Paul,entries_full_v3;paul_full_v3,0.900,draft
κνηστρον,κνῆστρον,κνηστρον,SUBSTANCE:1,false,,,1,1,1,DIOSC_DMM,Dioscorides,diosc_full_v3,0.750,draft
κνιδη,κνίδη,κνιδη,SUBSTANCE:4,false,,,2,4,4,AET_LM;DIOSC_DMM,Aetius;Dioscorides,diosc_full_v3;entries_full_v3,0.890,draft
κνιδης σπερμα,κνίδης σπέρμα,κνιδης σπερμα,SUBSTANCE_PART:1,true,,,1,1,1,DIOSC_DMM,Dioscorides,diosc_full_v3,0.860,draft
κνιδιος κοκκος,Κνίδιος κόκκος,κνιδιος κοκκος,SUBSTANCE:5,true,κοκκος,κνιδος,4,5,5,DIOSC_DMM;GAL_SMT;ORIB_CM;PAUL_AEG,Dioscorides;Galen;Oribasius;Paul,diosc_full_v3;entries_full_v3;paul_full_v3,0.850,draft
κνικιον,κνίκιον,κνικιον,SUBSTANCE:1,false,,,1,1,1,GAL_SMT,Galen,entries_full_v3,0.820,draft
κνικος,κνῖκος,κνικος,SUBSTANCE:3,false,,,2,3,3,AET_LM;GAL_SMT,Aetius;Galen,entries_full_v3,0.840,draft
κνικος αγριος,κνῖκος ἄγριος,κνικος αγριος,SUBSTANCE:1,true,κνικος,,1,1,1,GAL_SMT,Galen,entries_full_v3,0.850,draft
κνικου το σπερμα,κνίκου τὸ σπέρμα,κνικου το σπερμα,SUBSTANCE_PART:1,true,,,1,1,1,AET_LM,Aetius,entries_full_v3,0.900,draft
κνικου τῳ σπερματι,κνίκου τῷ σπέρματι,κνικου τῳ σπερματι,SUBSTANCE_PART:1,true,,,1,1,1,GAL_SMT,Galen,entries_full_v3,0.900,draft
κογχαριον,κογχάριον,κογχαριον,SUBSTANCE:3,false,,,2,3,3,DIOSC_DMM;PAUL_AEG,Dioscorides;Paul,diosc_full_v3;paul_full_v3,0.667,draft
κογχυλιον,κογχύλιον,κογχυλιον,SUBSTANCE:3,false,,,2,3,3,DIOSC_DMM;PAUL_AEG,Dioscorides;Paul,diosc_full_v3;paul_full_v3,0.843,draft
κογχυλιον ινδικον,κογχύλιον Ἰνδικόν,κογχυλιον ινδικον,SUBSTANCE:1,true,κογχυλιον,ινδια,1,1,1,PAUL_AEG,Paul,paul_full_v3,0.800,draft
κοιλια,κοιλία,κοιλια,SUBSTANCE_PART:2,false,,,1,2,2,DIOSC_DMM,Dioscorides,diosc_full_v3,0.800,draft
κοιλια ιχθυος κητωου,κοιλία ἰχθύος κητῴου,κοιλια ιχθυος κητωου,SUBSTANCE_PART:1,true,,,1,1,1,DIOSC_DMM,Dioscorides,diosc_full_v3,0.800,draft
κοιλιαν,κοιλίαν,κοιλιαν,SUBSTANCE_PART:1,false,,,1,1,1,GAL_SMT,Galen,entries_full_v3,0.800,draft
κοιλιαν αιθυιας,κοιλίαν αἰθυίας,κοιλιαν αιθυιας,SUBSTANCE_PART:2,true,,,2,2,2,GAL_SMT;PAUL_AEG,Galen;Paul,entries_full_v3;paul_full_v3,0.860,draft
κοινον ελαιον,κοινὸν ἔλαιον,κοινον ελαιον,SUBSTANCE:3,true,ελαιον,,2,3,3,AET_LM;GAL_SMT,Aetius;Galen,entries_full_v3,0.740,draft
κοκαλον,κόκαλον,κοκαλον,SUBSTANCE:1,false,,,1,1,1,GAL_SMT,Galen,entries_full_v3,0.700,draft
κοκκαλον,κόκκαλον,κοκκαλον,SUBSTANCE:1,false,,,1,1,1,AET_LM,Aetius,entries_full_v3,0.820,draft
κοκκοι,κόκκοι,κοκκοι,SUBSTANCE_PART:2,false,,,1,2,2,DIOSC_DMM,Dioscorides,diosc_full_v3,0.825,draft
κοκκοις,κόκκοις,κοκκοις,SUBSTANCE_PART:1,false,,,1,1,1,AET_LM,Aetius,entries_full_v3,0.760,draft
κοκκος,κόκκος,κοκκος,SUBSTANCE:13,false,,,5,13,13,AET_LM;DIOSC_DMM;GAL_SMT;ORIB_CM;PAUL_AEG,Aetius;Dioscorides;Galen;Oribasius;Paul,diosc_full_v3;entries_full_v3;paul_full_v3,0.783,draft
κοκκος βαφικη,κόκκος βαφική,κοκκος βαφικη,SUBSTANCE:1,true,κοκκος,,1,1,1,DIOSC_DMM,Dioscorides,diosc_full_v3,0.900,draft
κοκκος βαφικος,κόκκος βαφικός,κοκκος βαφικος,SUBSTANCE:3,true,κοκκος,,3,3,3,AET_LM;GAL_SMT;PAUL_AEG,Aetius;Galen;Paul,entries_full_v3;paul_full_v3,0.890,draft
κοκκος κνιδιος,κόκκος Κνίδιος,κοκκος κνιδιος,SUBSTANCE:4,true,κοκκος,κνιδος,4,4,4,AET_LM;DIOSC_DMM;GAL_SMT;PAUL_AEG,Aetius;Dioscorides;Galen;Paul,diosc_full_v3;entries_full_v3;paul_full_v3,0.853,draft
κοκκους,κόκκους,κοκκους,SUBSTANCE_PART:3,false,,,1,3,3,DIOSC_DMM,Dioscorides,diosc_full_v3,0.800,draft
κοκκυμηλεα,κοκκυμηλέα,κοκκυμηλεα,SUBSTANCE:5,false,,,4,5,5,AET_LM;DIOSC_DMM;GAL_SMT;PAUL_AEG,Aetius;Dioscorides;Galen;Paul,diosc_full_v3;entries_full_v3;paul_full_v3,0.826,draft
κοκκυμηλεα αγρια,κοκκυμηλέα ἄγρια,κοκκυμηλεα αγρια,SUBSTANCE:1,true,κοκκυμηλεα,,1,1,1,DIOSC_DMM,Dioscorides,diosc_full_v3,0.800,draft
κοκκυμηλεας ο καρπος,Κοκκυμηλέας ὁ καρπὸς,κοκκυμηλεας ο καρπος,SUBSTANCE_PART:1,true,,,1,1,1,PAUL_AEG,Paul,paul_full_v3,0.850,draft
κοκκυμηλον,κοκκύμηλον,κοκκυμηλον,SUBSTANCE:8,false,,,4,8,8,AET_LM;DIOSC_DMM;GAL_SMT;PAUL_AEG,Aetius;Dioscorides;Galen;Paul,diosc_full_v3;entries_full_v3;paul_full_v3,0.740,draft
κοκκυμηλον αγριον,κοκκύμηλον ἄγριον,κοκκυμηλον αγριον,SUBSTANCE:1,true,κοκκυμηλον,,1,1,1,AET_LM,Aetius,entries_full_v3,0.760,draft
κοκκυμηλον εκ ιβηριας,κοκκύμηλον ἐκ Ἰβηρίας,κοκκυμηλον εκ ιβηριας,SUBSTANCE:1,true,κοκκυμηλον,ιβηρια,1,1,1,AET_LM,Aetius,entries_full_v3,0.750,draft
κοκκυξ,κόκκυξ,κοκκυξ,SUBSTANCE:1,false,,,1,1,1,AET_LM,Aetius,entries_full_v3,0.500,draft
κοκκων,κόκκων,κοκκων,SUBSTANCE_PART:4,false,,,3,4,4,AET_LM;DIOSC_DMM;PAUL_AEG,Aetius;Dioscorides;Paul,diosc_full_v3;entries_full_v3;paul_full_v3,0.693,draft
κολλα,κόλλα,κολλα,SUBSTANCE:4,false,,,3,4,4,AET_LM;DIOSC_DMM;GAL_SMT,Aetius;Dioscorides;Galen,diosc_full_v3;entries_full_v3,0.868,draft
κολλα ταυρεια,κόλλα ταυρεία,κολλα ταυρεια,SUBSTANCE:1,true,κολλα,,1,1,1,DIOSC_DMM,Dioscorides,diosc_full_v3,0.700,draft
κολοκασιον,κολοκάσιον,κολοκασιον,SUBSTANCE:2,false,,,2,2,2,AET_LM;DIOSC_DMM,Aetius;Dioscorides,diosc_full_v3;entries_full_v3,0.800,draft
κολοκυνθα,κολόκυνθα,κολοκυνθα,SUBSTANCE:2,false,,,1,2,2,DIOSC_DMM,Dioscorides,diosc_full_v3,0.940,draft
κολοκυνθα αγρια,κολόκυνθα ἀγρία,κολοκυνθα αγρια,SUBSTANCE:1,true,κολοκυνθα,,1,1,1,DIOSC_DMM,Dioscorides,diosc_full_v3,0.930,draft
κολοκυνθα εδωδιμος,κολόκυνθα ἐδώδιμος,κολοκυνθα εδωδιμος,SUBSTANCE:1,true,κολοκυνθα,,1,1,1,DIOSC_DMM,Dioscorides,diosc_full_v3,0.900,draft
κολοκυνθη,κολοκύνθη,κολοκυνθη,SUBSTANCE:12,false,,,6,12,12,AET_LM;DIOSC_DMM;GAL_ALIM;GAL_SMT;ORIB_CM;PAUL_AEG,Aetius;Dioscorides;Galen;Oribasius;Paul,diosc_full_v3;entries_full_v3;paul_full_v3,0.858,draft
κολοκυνθη ξηρα κεκαυμενη,κολοκύνθη ξηρὰ κεκαυμένη,κολοκυνθη ξηρα κεκαυμενη,SUBSTANCE:1,true,κολοκυνθη,,1,1,1,AET_LM,Aetius,entries_full_v3,0.850,draft
κολοκυνθης,κολοκύνθης,κολοκυνθης,SUBSTANCE_PART:1,false,,,1,1,1,DIOSC_DMM,Dioscorides,diosc_full_v3,0.740,draft
κολοκυνθις,κολοκυνθίς,κολοκυνθις,SUBSTANCE:4,false,,,3,4,4,DIOSC_DMM;GAL_SMT;PAUL_AEG,Dioscorides;Galen;Paul,diosc_full_v3;entries_full_v3;paul_full_v3,0.848,draft
κολοκυνθις πικρα,κολοκυνθίς πικρά,κολοκυνθις πικρα,SUBSTANCE:1,true,κολοκυνθις,,1,1,1,GAL_SMT,Galen,entries_full_v3,0.870,draft
κολοφωνια,Κολοφωνία,κολοφωνια,SUBSTANCE:1,false,,,1,1,1,DIOSC_DMM,Dioscorides,diosc_full_v3,0.820,draft
κολυμβας,κολυμβάς,κολυμβας,SUBSTANCE:2,false,,,2,2,2,AET_LM;GAL_ALIM,Aetius;Galen,entries_full_v3,0.675,draft
κολυμβας ελαια,κολυμβάς ἐλαία,κολυμβας ελαια,SUBSTANCE:1,true,ελαια,,1,1,1,DIOSC_DMM,Dioscorides,diosc_full_v3,0.680,draft
κολχικον,Κολχικόν,κολχικον,SUBSTANCE:3,false,,,3,3,3,DIOSC_DMM;GAL_SMT;ORIB_CM,Dioscorides;Galen;Oribasius,diosc_full_v3;entries_full_v3,0.840,draft
κομαρος,κόμαρος,κομαρος,SUBSTANCE:6,false,,,5,6,6,AET_LM;DIOSC_DMM;GAL_SMT;ORIB_CM;PAUL_AEG,Aetius;Dioscorides;Galen;Oribasius;Paul,diosc_full_v3;entries_full_v3;paul_full_v3,0.913,draft
κομη,κόμη,κομη,SUBSTANCE:1;SUBSTANCE_PART:14,false,,,3,15,15,AET_LM;DIOSC_DMM;GAL_SMT,Aetius;Dioscorides;Galen,diosc_full_v3;entries_full_v3,0.792,draft
κομην,κόμην,κομην,SUBSTANCE_PART:3,false,,,2,3,3,DIOSC_DMM;GAL_SMT,Dioscorides;Galen,diosc_full_v3;entries_full_v3,0.797,draft
κομης,κόμης,κομης,SUBSTANCE_PART:4,false,,,2,4,4,AET_LM;DIOSC_DMM,Aetius;Dioscorides,diosc_full_v3;entries_full_v3,0.747,draft
κομης του ανηθου,κόμης τοῦ ἀνήθου,κομης του ανηθου,SUBSTANCE_PART:1,true,,,1,1,1,AET_LM,Aetius,entries_full_v3,0.850,draft
κομητης,κομήτης,κομητης,SUBSTANCE:1,false,,,1,1,1,DIOSC_DMM,Dioscorides,diosc_full_v3,0.760,draft
κομμι,κόμμι,κομμι,SUBSTANCE:33;SUBSTANCE_PART:3,false,,,5,35,36,AET_LM;DIOSC_DMM;GAL_SMT;ORIB_CM;PAUL_AEG,Aetius;Dioscorides;Galen;Oribasius;Paul,diosc_full_v3;entries_full_v3;paul_full_v3,0.858,draft
κομμι δενδρου,κόμμι δένδρου,κομμι δενδρου,SUBSTANCE_PART:1,true,,,1,1,1,GAL_SMT,Galen,entries_full_v3,0.800,draft
κομμι των κερασων,κόμμι τῶν κεράσων,κομμι των κερασων,SUBSTANCE_PART:1,true,,,1,1,1,DIOSC_DMM,Dioscorides,diosc_full_v3,0.850,draft
κονδυλους,κονδύλους,κονδυλους,SUBSTANCE_PART:1,false,,,1,1,1,DIOSC_DMM,Dioscorides,diosc_full_v3,0.700,draft
κονια,κονία,κονια,SUBSTANCE:9,false,,,3,9,9,DIOSC_DMM;ORIB_CM;PAUL_AEG,Dioscorides;Oribasius;Paul,diosc_full_v3;entries_full_v3;paul_full_v3,0.763,draft
κονια πρωτοστακτον,κονία πρωτόστακτον,κονια πρωτοστακτον,SUBSTANCE:1,true,κονια,,1,1,1,PAUL_AEG,Paul,paul_full_v3,0.750,draft
κονιλη,κονίλη,κονιλη,SUBSTANCE:3,false,,,1,3,3,DIOSC_DMM,Dioscorides,diosc_full_v3,0.767,draft
κονις,κόνις,κονις,SUBSTANCE:4,false,,,4,4,4,AET_LM;DIOSC_DMM;GAL_SMT;ORIB_CM,Aetius;Dioscorides;Galen;Oribasius,diosc_full_v3;entries_full_v3,0.795,draft
κονυζα,κόνυζα,κονυζα,SUBSTANCE:6,false,,,5,6,6,AET_LM;DIOSC_DMM;GAL_SMT;ORIB_CM;PAUL_AEG,Aetius;Dioscorides;Galen;Oribasius;Paul,diosc_full_v3;entries_full_v3;paul_full_v3,0.923,draft
κονυζα μειζων,κόνυζα μείζων,κονυζα μειζων,SUBSTANCE:2,true,κονυζα,,2,2,2,AET_LM;ORIB_CM,Aetius;Oribasius,entries_full_v3,0.730,draft
κονυζα μικροτερα,κόνυζα μικροτέρα,κονυζα μικροτερα,SUBSTANCE:2,true,κονυζα,,2,2,2,AET_LM;ORIB_CM,Aetius;Oribasius,entries_full_v3,0.730,draft
κονυλη,κονύλη,κονυλη,SUBSTANCE:1,false,,,1,1,1,GAL_SMT,Galen,entries_full_v3,0.600,draft
κοπισκος,κοπίσκος,κοπισκος,SUBSTANCE:1,false,,,1,1,1,DIOSC_DMM,Dioscorides,diosc_full_v3,0.650,draft
κοπρια,κοπρία,κοπρια,SUBSTANCE:3,false,,,3,3,3,AET_LM;DIOSC_DMM;GAL_SMT,Aetius;Dioscorides;Galen,diosc_full_v3;entries_full_v3,0.753,draft
κοπριον,κόπριον,κοπριον,SUBSTANCE:1,false,,,1,1,1,DIOSC_DMM,Dioscorides,diosc_full_v3,0.600,draft
κοπρος,κόπρος,κοπρος,SUBSTANCE:37,false,,,5,37,37,AET_LM;DIOSC_DMM;GAL_SMT;ORIB_CM;PAUL_AEG,Aetius;Dioscorides;Galen;Oribasius;Paul,diosc_full_v3;entries_full_v3;paul_full_v3,0.884,draft
κοπρος αετος,κόπρος ἀετός,κοπρος αετος,SUBSTANCE:1,true,κοπρος,,1,1,1,GAL_SMT,Galen,entries_full_v3,0.320,draft
κοπρος αιγεια,κόπρος αἴγεια,κοπρος αιγεια,SUBSTANCE:2,true,κοπρος,,2,2,2,GAL_SMT;ORIB_CM,Galen;Oribasius,entries_full_v3,0.845,draft
κοπρος αιγων,κόπρος αἰγῶν,κοπρος αιγων,SUBSTANCE:1,true,κοπρος,,1,1,1,PAUL_AEG,Paul,paul_full_v3,0.950,draft
κοπρος αλεκτοριδος,κόπρος ἀλεκτορίδος,κοπρος αλεκτοριδος,SUBSTANCE:1,true,κοπρος,,1,1,1,GAL_SMT,Galen,entries_full_v3,0.800,draft
κοπρος αλεκτορις,κόπρος ἀλεκτορίς,κοπρος αλεκτορις,SUBSTANCE:1,true,κοπρος,,1,1,1,AET_LM,Aetius,entries_full_v3,0.600,draft
κοπρος ανθρωπεια,κόπρος ἀνθρωπεία,κοπρος ανθρωπεια,SUBSTANCE:1,true,κοπρος,,1,1,1,GAL_SMT,Galen,entries_full_v3,0.820,draft
κοπρος αρνιθεια,κόπρος ἀρνιθεία,κοπρος αρνιθεια,SUBSTANCE:1,true,κοπρος,,1,1,1,DIOSC_DMM,Dioscorides,diosc_full_v3,0.750,draft
κοπρος βοων,κόπρος βοῶν,κοπρος βοων,SUBSTANCE:1,true,κοπρος,,1,1,1,PAUL_AEG,Paul,paul_full_v3,0.700,draft
κοπρος ιεραξ,κόπρος ἱέραξ,κοπρος ιεραξ,SUBSTANCE:1,true,κοπρος,,1,1,1,GAL_SMT,Galen,entries_full_v3,0.320,draft
κοπρος κροκοδειλου,κόπρος κροκοδείλου,κοπρος κροκοδειλου,SUBSTANCE:1,true,κοπρος,,1,1,1,ORIB_CM,Oribasius,entries_full_v3,0.900,draft
κοπρος κροκοδειλων,κόπρος κροκοδείλων,κοπρος κροκοδειλων,SUBSTANCE:1,true,κοπρος,,1,1,1,GAL_SMT,Galen,entries_full_v3,0.880,draft
κοπρος κροκοδειλων νειλωων,κόπρος κροκοδείλων Νειλῴων,κοπρος κροκοδειλων νειλωων,SUBSTANCE:1,true,κοπρος,νειλος,1,1,1,PAUL_AEG,Paul,paul_full_v3,0.700,draft
κοπρος κροκοδειλων χερσαιων,κόπρος κροκοδείλων χερσαίων,κοπρος κροκοδειλων χερσαιων,SUBSTANCE:1,true,κοπρος,,1,1,1,PAUL_AEG,Paul,paul_full_v3,0.700,draft
κοπρος κυνεια,κόπρος κυνεία,κοπρος κυνεια,SUBSTANCE:1,true,κοπρος,,1,1,1,GAL_SMT,Galen,entries_full_v3,0.800,draft
κοπρος κυνων,κόπρος κυνῶν,κοπρος κυνων,SUBSTANCE:1,true,κοπρος,,1,1,1,PAUL_AEG,Paul,paul_full_v3,0.750,draft
κοπρος λυκεια,κόπρος λυκεία,κοπρος λυκεια,SUBSTANCE:1,true,κοπρος,,1,1,1,GAL_SMT,Galen,entries_full_v3,0.800,draft
κοπρος λυκου,κόπρος λύκου,κοπρος λυκου,SUBSTANCE:1,true,κοπρος,,1,1,1,AET_LM,Aetius,entries_full_v3,0.950,draft
κοπρος λυκων,κόπρος λύκων,κοπρος λυκων,SUBSTANCE:1,true,κοπρος,,1,1,1,PAUL_AEG,Paul,paul_full_v3,0.750,draft
κοπρος μυων,κόπρος μυῶν,κοπρος μυων,SUBSTANCE:2,true,κοπρος,,2,2,2,GAL_SMT;PAUL_AEG,Galen;Paul,entries_full_v3;paul_full_v3,0.800,draft
κοπρος νομαδων περιστερων,κόπρος νομάδων περιστερῶν,κοπρος νομαδων περιστερων,SUBSTANCE:2,true,κοπρος,,2,2,2,AET_LM;GAL_SMT,Aetius;Galen,entries_full_v3,0.860,draft
κοπρος ορνιθων κατοικιδιων,κόπρος ὀρνίθων κατοικιδίων,κοπρος ορνιθων κατοικιδιων,SUBSTANCE:1,true,κοπρος,,1,1,1,PAUL_AEG,Paul,paul_full_v3,0.700,draft
κοπρος παιδιου,κόπρος παιδίου,κοπρος παιδιου,SUBSTANCE:1,true,κοπρος,,1,1,1,GAL_SMT,Galen,entries_full_v3,0.900,draft
κοπρος παιδιων,κόπρος παιδίων,κοπρος παιδιων,SUBSTANCE:1,true,κοπρος,,1,1,1,PAUL_AEG,Paul,paul_full_v3,0.900,draft
κοπρος πελαργος,κόπρος πελαργός,κοπρος πελαργος,SUBSTANCE:1,true,κοπρος,,1,1,1,GAL_SMT,Galen,entries_full_v3,0.860,draft
κοπρος πελαργων,κόπρος πελαργῶν,κοπρος πελαργων,SUBSTANCE:1,true,κοπρος,,1,1,1,PAUL_AEG,Paul,paul_full_v3,0.700,draft
κοπρος περιστερα,κόπρος περιστερά,κοπρος περιστερα,SUBSTANCE:1,true,κοπρος,,1,1,1,AET_LM,Aetius,entries_full_v3,0.520,draft
κοπρος περιστερας,κόπρος περιστερᾶς,κοπρος περιστερας,SUBSTANCE:4,true,κοπρος,,3,4,4,AET_LM;DIOSC_DMM;GAL_SMT,Aetius;Dioscorides;Galen,diosc_full_v3;entries_full_v3,0.743,draft
κοπρος περιστερων αγριων,κόπρος περιστερῶν ἀγρίων,κοπρος περιστερων αγριων,SUBSTANCE:1,true,κοπρος,,1,1,1,PAUL_AEG,Paul,paul_full_v3,0.700,draft
κοπρος προβατων,κόπρος προβάτων,κοπρος προβατων,SUBSTANCE:3,true,κοπρος,,3,3,3,AET_LM;GAL_SMT;PAUL_AEG,Aetius;Galen;Paul,entries_full_v3;paul_full_v3,0.810,draft
κοπρος χην,κόπρος χήν,κοπρος χην,SUBSTANCE:1,true,κοπρος,,1,1,1,GAL_SMT,Galen,entries_full_v3,0.900,draft
κοπρος ψαρου,κόπρος ψάρου,κοπρος ψαρου,SUBSTANCE:1,true,κοπρος,,1,1,1,ORIB_CM,Oribasius,entries_full_v3,0.720,draft
κοπρος ψαρων,κόπρος ψάρων,κοπρος ψαρων,SUBSTANCE:2,true,κοπρος,,2,2,2,GAL_SMT;PAUL_AEG,Galen;Paul,entries_full_v3;paul_full_v3,0.685,draft
κοπρωδες,κοπρῶδες,κοπρωδες,SUBSTANCE:1,false,,,1,1,1,GAL_ALIM,Galen,entries_full_v3,0.750,draft
κορακος μηλον,κόρακος μῆλον,κορακος μηλον,SUBSTANCE:1,true,μηλον,,1,1,1,DIOSC_DMM,Dioscorides,diosc_full_v3,0.780,draft
κοραλλιον,κοράλλιον,κοραλλιον,SUBSTANCE:1,false,,,1,1,1,PAUL_AEG,Paul,paul_full_v3,0.990,draft
κοριανδρον,κορίανδρον,κοριανδρον,SUBSTANCE:3,false,,,1,3,3,DIOSC_DMM,Dioscorides,diosc_full_v3,0.800,draft
κοριαννον,κορίαννον,κοριαννον,SUBSTANCE:8,false,,,5,8,8,AET_LM;GAL_ALIM;GAL_SMT;ORIB_CM;PAUL_AEG,Aetius;Galen;Oribasius;Paul,entries_full_v3;paul_full_v3,0.886,draft
κοριον,κόριον,κοριον,SUBSTANCE:15,false,,,5,15,15,AET_LM;DIOSC_DMM;GAL_SMT;ORIB_CM;PAUL_AEG,Aetius;Dioscorides;Galen;Oribasius;Paul,diosc_full_v3;entries_full_v3;paul_full_v3,0.809,draft
κοριος,κοριός,κοριος,SUBSTANCE:1,false,,,1,1,1,DIOSC_DMM,Dioscorides,diosc_full_v3,0.800,draft
κορις,κόρις,κορις,SUBSTANCE:5,false,,,3,5,5,DIOSC_DMM;GAL_SMT;PAUL_AEG,Dioscorides;Galen;Paul,diosc_full_v3;entries_full_v3;paul_full_v3,0.906,draft
κορυδαλις,κορυδαλίς,κορυδαλις,SUBSTANCE:1,false,,,1,1,1,GAL_SMT,Galen,entries_full_v3,0.750,draft
κορυδαλλος,κορυδαλλός,κορυδαλλος,SUBSTANCE:2,false,,,2,2,2,DIOSC_DMM;PAUL_AEG,Dioscorides;Paul,diosc_full_v3;paul_full_v3,0.875,draft
κορυδος,κόρυδος,κορυδος,SUBSTANCE:2,false,,,2,2,2,GAL_SMT;PAUL_AEG,Galen;Paul,entries_full_v3;paul_full_v3,0.910,draft
κορυμβια,κορύμβια,κορυμβια,SUBSTANCE_PART:1,false,,,1,1,1,DIOSC_DMM,Dioscorides,diosc_full_v3,0.800,draft
κορυμβοι,κόρυμβοι,κορυμβοι,SUBSTANCE_PART:2,false,,,1,1,2,DIOSC_DMM,Dioscorides,diosc_full_v3,0.825,draft
κορυμβους,κορύμβους,κορυμβους,SUBSTANCE_PART:2,false,,,2,2,2,AET_LM;DIOSC_DMM,Aetius;Dioscorides,diosc_full_v3;entries_full_v3,0.675,draft
κορυφη,κορυφῇ,κορυφη,SUBSTANCE_PART:1,false,,,1,1,1,DIOSC_DMM,Dioscorides,diosc_full_v3,0.720,draft
κορωνοποδιον,κορωνοπόδιον,κορωνοποδιον,SUBSTANCE:1,false,,,1,1,1,AET_LM,Aetius,entries_full_v3,0.950,draft
κορωνοποδος,Κορωνόποδος,κορωνοποδος,SUBSTANCE:1,false,,,1,1,1,PAUL_AEG,Paul,paul_full_v3,0.860,draft
κορωνοποδος η ριζα,Κορωνόποδος ἡ ῥίζα,κορωνοποδος η ριζα,SUBSTANCE_PART:1,true,,,1,1,1,PAUL_AEG,Paul,paul_full_v3,0.840,draft
κορωνοπους,κορωνόπους,κορωνοπους,SUBSTANCE:6,false,,,2,6,6,DIOSC_DMM;GAL_SMT,Dioscorides;Galen,diosc_full_v3;entries_full_v3,0.745,draft
κορωνοπους προμηκες,κορωνόπους πρόμηκες,κορωνοπους προμηκες,SUBSTANCE:1,true,κορωνοπους,,1,1,1,DIOSC_DMM,Dioscorides,diosc_full_v3,0.690,draft
κοσσυφος,κόσσυφος,κοσσυφος,SUBSTANCE:2,false,,,1,2,2,AET_LM,Aetius,entries_full_v3,0.750,draft
κοστος,κόστος,κοστος,SUBSTANCE:22,false,,,5,22,22,AET_LM;DIOSC_DMM;GAL_SMT;ORIB_CM;PAUL_AEG,Aetius;Dioscorides;Galen;Oribasius;Paul,diosc_full_v3;entries_full_v3;paul_full_v3,0.863,draft
κοτινος,κότινος,κοτινος,SUBSTANCE:1,false,,,1,1,1,DIOSC_DMM,Dioscorides,diosc_full_v3,0.860,draft
κοτυληδων,κοτυληδών,κοτυληδων,SUBSTANCE:8,false,,,5,8,8,AET_LM;DIOSC_DMM;GAL_SMT;ORIB_CM;PAUL_AEG,Aetius;Dioscorides;Galen;Oribasius;Paul,diosc_full_v3;entries_full_v3;paul_full_v3,0.896,draft
κουραλιον,κουράλιον,κουραλιον,SUBSTANCE:2,false,,,1,2,2,DIOSC_DMM,Dioscorides,diosc_full_v3,0.950,draft
κουφολιθος,κουφόλιθος,κουφολιθος,SUBSTANCE:1,false,,καισαρεια,1,1,1,AET_LM,Aetius,entries_full_v3,0.900,draft
κοχλαξ,κόχλαξ,κοχλαξ,SUBSTANCE:2,false,,,2,2,2,AET_LM;DIOSC_DMM,Aetius;Dioscorides,diosc_full_v3;entries_full_v3,0.755,draft
κοχλιαι μετα των οστρακων,κοχλίαι μετὰ τῶν ὀστράκων,κοχλιαι μετα των οστρακων,SUBSTANCE_PART:1,true,,,1,1,1,AET_LM,Aetius,entries_full_v3,0.780,draft
κοχλιας,κοχλίας,κοχλιας,SUBSTANCE:11,false,,,5,11,11,AET_LM;DIOSC_DMM;GAL_SMT;ORIB_CM;PAUL_AEG,Aetius;Dioscorides;Galen;Oribasius;Paul,diosc_full_v3;entries_full_v3;paul_full_v3,0.836,draft
κοχλιας καυθεις,κοχλίας καυθείς,κοχλιας καυθεις,SUBSTANCE:1,true,κοχλιας,,1,1,1,PAUL_AEG,Paul,paul_full_v3,0.880,draft
κοχλιας χερσαιος,κοχλίας χερσαῖος,κοχλιας χερσαιος,SUBSTANCE:1,true,κοχλιας,,1,1,1,DIOSC_DMM,Dioscorides,diosc_full_v3,0.860,draft
κοχλιου σαρκι,κοχλίου σαρκὶ,κοχλιου σαρκι,SUBSTANCE_PART:1,true,,,1,1,1,DIOSC_DMM,Dioscorides,diosc_full_v3,0.860,draft
κοχλιων δε σαρξ,κοχλιῶν δὲ σάρξ,κοχλιων δε σαρξ,SUBSTANCE_PART:1,true,,,1,1,1,GAL_SMT,Galen,entries_full_v3,0.600,draft
κοχλιων σαρξ,Κοχλιῶν σὰρξ,κοχλιων σαρξ,SUBSTANCE_PART:1,true,,,1,1,1,ORIB_CM,Oribasius,entries_full_v3,0.880,draft
κραδαι,κράδαι,κραδαι,SUBSTANCE_PART:1,false,,,1,1,1,ORIB_CM,Oribasius,entries_full_v3,0.750,draft
κραδη,κράδη,κραδη,SUBSTANCE:1,false,,,1,1,1,DIOSC_DMM,Dioscorides,diosc_full_v3,0.450,draft
κραμβη,κράμβη,κραμβη,SUBSTANCE:18,false,,,5,18,18,AET_LM;DIOSC_DMM;GAL_SMT;ORIB_CM;PAUL_AEG,Aetius;Dioscorides;Galen;Oribasius;Paul,diosc_full_v3;entries_full_v3;paul_full_v3,0.875,draft
κραμβη αγρια,κράμβη ἀγρία,κραμβη αγρια,SUBSTANCE:5,true,κραμβη,,5,5,5,AET_LM;DIOSC_DMM;GAL_SMT;ORIB_CM;PAUL_AEG,Aetius;Dioscorides;Galen;Oribasius;Paul,diosc_full_v3;entries_full_v3;paul_full_v3,0.912,draft
κραμβη αιγυπτια,κρᾶμβη Αἰγυπτία,κραμβη αιγυπτια,SUBSTANCE:1,true,κραμβη,αιγυπτια,1,1,1,GAL_SMT,Galen,entries_full_v3,0.850,draft
κραμβη εδωδιμος,κράμβη ἐδώδιμος,κραμβη εδωδιμος,SUBSTANCE:3,true,κραμβη,,3,3,3,AET_LM;GAL_SMT;PAUL_AEG,Aetius;Galen;Paul,entries_full_v3;paul_full_v3,0.870,draft
κραμβη ημερος,κράμβη ἥμερος,κραμβη ημερος,SUBSTANCE:2,true,κραμβη,,2,2,2,DIOSC_DMM;PAUL_AEG,Dioscorides;Paul,diosc_full_v3;paul_full_v3,0.805,draft
κραμβη θαλασσια,κράμβη θαλασσία,κραμβη θαλασσια,SUBSTANCE:2,true,κραμβη,,2,2,2,DIOSC_DMM;ORIB_CM,Dioscorides;Oribasius,diosc_full_v3;entries_full_v3,0.905,draft
κραμβη θαλαττια,κράμβη θαλαττία,κραμβη θαλαττια,SUBSTANCE:3,true,κραμβη,,3,3,3,AET_LM;GAL_SMT;PAUL_AEG,Aetius;Galen;Paul,entries_full_v3;paul_full_v3,0.860,draft
κραμβιον,κραμβίον,κραμβιον,SUBSTANCE:1,false,,,1,1,1,DIOSC_DMM,Dioscorides,diosc_full_v3,0.900,draft
κρανεια,κράνεια,κρανεια,SUBSTANCE:1,false,,,1,1,1,GAL_SMT,Galen,entries_full_v3,0.500,draft
κρανια,κρανία,κρανια,SUBSTANCE:5,false,,,4,5,5,DIOSC_DMM;GAL_SMT;ORIB_CM;PAUL_AEG,Dioscorides;Galen;Oribasius;Paul,diosc_full_v3;entries_full_v3;paul_full_v3,0.848,draft
κρανοκολαπτον φαλαγγιον,κρανοκόλαπτον φαλάγγιον,κρανοκολαπτον φαλαγγιον,SUBSTANCE:1,true,φαλαγγιον,,1,1,1,DIOSC_DMM,Dioscorides,diosc_full_v3,0.720,draft
κρανον,κράνον,κρανον,SUBSTANCE:1,false,,,1,1,1,GAL_SMT,Galen,entries_full_v3,0.600,draft
κραταιογονον,κραταιόγονον,κραταιογονον,SUBSTANCE:3,false,,,3,3,3,DIOSC_DMM;ORIB_CM;PAUL_AEG,Dioscorides;Oribasius;Paul,diosc_full_v3;entries_full_v3;paul_full_v3,0.837,draft
κραταιογονος,κραταιογόνος,κραταιογονος,SUBSTANCE:1,false,,,1,1,1,GAL_SMT,Galen,entries_full_v3,0.740,draft
κρεαδιον,κρέαδιον,κρεαδιον,SUBSTANCE:1,false,,,1,1,1,DIOSC_DMM,Dioscorides,diosc_full_v3,0.550,draft
κρεας,κρέας,κρεας,SUBSTANCE:6,false,,,4,6,6,AET_LM;DIOSC_DMM;GAL_ALIM;PAUL_AEG,Aetius;Dioscorides;Galen;Paul,diosc_full_v3;entries_full_v3;paul_full_v3,0.743,draft
κρεας μοσχειον,κρέας μοσχεῖον,κρεας μοσχειον,SUBSTANCE:1,true,κρεας,,1,1,1,AET_LM,Aetius,entries_full_v3,0.620,draft
κρεας χοιρειον,κρέας χοίρειον,κρεας χοιρειον,SUBSTANCE:2,true,κρεας,,2,2,2,AET_LM;GAL_ALIM,Aetius;Galen,entries_full_v3,0.720,draft
κρεας ωμον,κρέας ὠμόν,κρεας ωμον,SUBSTANCE:1,true,κρεας,,1,1,1,DIOSC_DMM,Dioscorides,diosc_full_v3,0.680,draft
κρηθμον,κρῆθμον,κρηθμον,SUBSTANCE:5,false,,,5,5,5,AET_LM;DIOSC_DMM;GAL_SMT;ORIB_CM;PAUL_AEG,Aetius;Dioscorides;Galen;Oribasius;Paul,diosc_full_v3;entries_full_v3;paul_full_v3,0.940,draft
κρηθμον αλμυρον,κρῆθμον ἁλμυρόν,κρηθμον αλμυρον,SUBSTANCE:1,true,κρηθμον,,1,1,1,GAL_SMT,Galen,entries_full_v3,0.850,draft
κρηθμον θαμνωδες,κρῆθμον θαμνῶδες,κρηθμον θαμνωδες,SUBSTANCE:1,true,κρηθμον,,1,1,1,DIOSC_DMM,Dioscorides,diosc_full_v3,0.850,draft
κρηναιον υδωρ,κρηναῖον ὕδωρ,κρηναιον υδωρ,SUBSTANCE:3,true,υδωρ,,3,3,3,GAL_SMT;ORIB_CM;PAUL_AEG,Galen;Oribasius;Paul,entries_full_v3;paul_full_v3,0.737,draft
κρηταριον,κρητάριον,κρηταριον,SUBSTANCE:1,false,,,1,1,1,AET_LM,Aetius,entries_full_v3,0.800,draft
κρητικη,Κρητικὴ,κρητικη,SUBSTANCE:1,false,,κρητη,1,1,1,PAUL_AEG,Paul,paul_full_v3,0.850,draft
κρητικη γη,Κρητικὴ γῆ,κρητικη γη,SUBSTANCE:2,true,γη,κρητη,2,2,2,GAL_SMT;ORIB_CM,Galen;Oribasius,entries_full_v3,0.850,draft
κρητικος,Κρητικός,κρητικος,SUBSTANCE:2,false,,κρητη,1,2,2,DIOSC_DMM,Dioscorides,diosc_full_v3,0.640,draft
κριθη,κριθή,κριθη,SUBSTANCE:29,false,,,6,29,29,AET_LM;DIOSC_DMM;GAL_ALIM;GAL_SMT;ORIB_CM;PAUL_AEG,Aetius;Dioscorides;Galen;Oribasius;Paul,diosc_full_v3;entries_full_v3;paul_full_v3,0.827,draft
κριθη λευκη,κριθή λευκή,κριθη λευκη,SUBSTANCE:1,true,κριθη,,1,1,1,DIOSC_DMM,Dioscorides,diosc_full_v3,0.720,draft
κριθη φρυγεισα,κριθὴ φρυγεῖσα,κριθη φρυγεισα,SUBSTANCE:1,true,κριθη,,1,1,1,AET_LM,Aetius,entries_full_v3,0.650,draft
κριθης λεμμα,κριθῆς λέμμα,κριθης λεμμα,SUBSTANCE_PART:1,true,,,1,1,1,GAL_ALIM,Galen,entries_full_v3,0.780,draft
κριθης χιτων,κριθῆς χιτών,κριθης χιτων,SUBSTANCE_PART:1,true,,,1,1,1,GAL_ALIM,Galen,entries_full_v3,0.800,draft
κριθινον αλευρον,κρίθινον ἄλευρον,κριθινον αλευρον,SUBSTANCE:4,true,αλευρον,,2,4,4,AET_LM;DIOSC_DMM,Aetius;Dioscorides,diosc_full_v3;entries_full_v3,0.792,draft
κριθινος,κριθῖνος,κριθινος,SUBSTANCE:2,false,,,1,2,2,GAL_SMT,Galen,entries_full_v3,0.575,draft
κριμνον,κρῖμνον,κριμνον,SUBSTANCE:3,false,,,3,3,3,DIOSC_DMM;GAL_SMT;PAUL_AEG,Dioscorides;Galen;Paul,diosc_full_v3;entries_full_v3;paul_full_v3,0.883,draft
κριμνος,κρίμνος,κριμνος,SUBSTANCE:1,false,,,1,1,1,AET_LM,Aetius,entries_full_v3,0.800,draft
κρινινον,κρινῖνον,κρινινον,SUBSTANCE:1,false,,,1,1,1,GAL_SMT,Galen,entries_full_v3,0.760,draft
κρινινον ελαιον,κρίνινον ἔλαιον,κρινινον ελαιον,SUBSTANCE:1,true,ελαιον,,1,1,1,ORIB_CM,Oribasius,entries_full_v3,0.750,draft
κρινον,κρίνον,κρινον,SUBSTANCE:24,false,,,5,24,24,AET_LM;DIOSC_DMM;GAL_SMT;ORIB_CM;PAUL_AEG,Aetius;Dioscorides;Galen;Oribasius;Paul,diosc_full_v3;entries_full_v3;paul_full_v3,0.784,draft
κρινον λειριον,κρίνον λείριον,κρινον λειριον,SUBSTANCE:1,true,κρινον,,1,1,1,DIOSC_DMM,Dioscorides,diosc_full_v3,0.760,draft
κρινου ριζη,κρίνου ῥίζῃ,κρινου ριζη,SUBSTANCE_PART:1,true,,,1,1,1,DIOSC_DMM,Dioscorides,diosc_full_v3,0.850,draft
κρινου το μεν ανθος,Κρίνου τὸ μὲν ἄνθος,κρινου το μεν ανθος,SUBSTANCE_PART:1,true,,,1,1,1,ORIB_CM,Oribasius,entries_full_v3,0.900,draft
κριος,κριός,κριος,SUBSTANCE:5,false,,,4,5,5,AET_LM;DIOSC_DMM;GAL_SMT;PAUL_AEG,Aetius;Dioscorides;Galen;Paul,diosc_full_v3;entries_full_v3;paul_full_v3,0.716,draft
κρισσιον,κρίσσιον,κρισσιον,SUBSTANCE:1,false,,,1,1,1,DIOSC_DMM,Dioscorides,diosc_full_v3,0.850,draft
κροκοδειλεον,κροκοδείλεον,κροκοδειλεον,SUBSTANCE:1,false,,,1,1,1,DIOSC_DMM,Dioscorides,diosc_full_v3,0.950,draft
κροκοδειλιον,κροκοδείλιον,κροκοδειλιον,SUBSTANCE:3,false,,,3,3,3,AET_LM;GAL_SMT;PAUL_AEG,Aetius;Galen;Paul,entries_full_v3;paul_full_v3,0.753,draft
κροκοδειλιου σπερμα,Κροκοδειλίου σπέρμα,κροκοδειλιου σπερμα,SUBSTANCE_PART:1,true,,,1,1,1,ORIB_CM,Oribasius,entries_full_v3,0.920,draft
κροκοδειλος,κροκόδειλος,κροκοδειλος,SUBSTANCE:2,false,,,2,2,2,GAL_SMT;ORIB_CM,Galen;Oribasius,entries_full_v3,0.830,draft
κροκομαγμα,κροκομάγμα,κροκομαγμα,SUBSTANCE:1,false,,,1,1,1,DIOSC_DMM,Dioscorides,diosc_full_v3,0.850,draft
κροκος,κρόκος,κροκος,SUBSTANCE:25,false,,,5,25,25,AET_LM;DIOSC_DMM;GAL_SMT;ORIB_CM;PAUL_AEG,Aetius;Dioscorides;Galen;Oribasius;Paul,diosc_full_v3;entries_full_v3;paul_full_v3,0.889,draft
κροκος κωρυκιος,κρόκος Κωρύκιος,κροκος κωρυκιος,SUBSTANCE:1,true,κροκος,κωρυκος,1,1,1,DIOSC_DMM,Dioscorides,diosc_full_v3,0.900,draft
κροκυδες θαλασσιας πορφυρας,κροκύδες θαλασσίας πορφύρας,κροκυδες θαλασσιας πορφυρας,SUBSTANCE_PART:1,true,,,1,1,1,DIOSC_DMM,Dioscorides,diosc_full_v3,0.700,draft
κροκυδιον,κροκύδιον,κροκυδιον,SUBSTANCE:1,false,,,1,1,1,DIOSC_DMM,Dioscorides,diosc_full_v3,0.600,draft
κρομμυον,κρόμμυον,κρομμυον,SUBSTANCE:9,false,,,4,9,9,AET_LM;DIOSC_DMM;GAL_SMT;ORIB_CM,Aetius;Dioscorides;Galen;Oribasius,diosc_full_v3;entries_full_v3,0.856,draft
κρομυον,κρόμυον,κρομυον,SUBSTANCE:8,false,,,4,8,8,AET_LM;DIOSC_DMM;GAL_ALIM;PAUL_AEG,Aetius;Dioscorides;Galen;Paul,diosc_full_v3;entries_full_v3;paul_full_v3,0.897,draft
κρονιον,κρόνιον,κρονιον,SUBSTANCE:1,false,,,1,1,1,DIOSC_DMM,Dioscorides,diosc_full_v3,0.750,draft
κροτων,κρότων,κροτων,SUBSTANCE:5,false,,,3,5,5,AET_LM;DIOSC_DMM;GAL_SMT,Aetius;Dioscorides;Galen,diosc_full_v3;entries_full_v3,0.740,draft
κροτωνων αιμα,κροτώνων αἷμα,κροτωνων αιμα,SUBSTANCE:1,true,αιμα,,1,1,1,AET_LM,Aetius,entries_full_v3,0.600,draft
κρυσταλλιον,κρυστάλλιον,κρυσταλλιον,SUBSTANCE:1,false,,,1,1,1,DIOSC_DMM,Dioscorides,diosc_full_v3,0.780,draft
κτηδονων,κτηδόνων,κτηδονων,SUBSTANCE_PART:1,false,,,1,1,1,DIOSC_DMM,Dioscorides,diosc_full_v3,0.650,draft
κυαμος,κύαμος,κυαμος,SUBSTANCE:17,false,,,6,17,17,AET_LM;DIOSC_DMM;GAL_ALIM;GAL_SMT;ORIB_CM;PAUL_AEG,Aetius;Dioscorides;Galen;Oribasius;Paul,diosc_full_v3;entries_full_v3;paul_full_v3,0.789,draft
κυαμος ελληνικος,κύαμος Ἑλληνικός,κυαμος ελληνικος,SUBSTANCE:1,true,κυαμος,,1,1,1,DIOSC_DMM,Dioscorides,diosc_full_v3,0.850,draft
κυανος,κύανος,κυανος,SUBSTANCE:6,false,,,5,6,6,AET_LM;DIOSC_DMM;GAL_SMT;ORIB_CM;PAUL_AEG,Aetius;Dioscorides;Galen;Oribasius;Paul,diosc_full_v3;entries_full_v3;paul_full_v3,0.885,draft
κυανουν ανθος,κυανοῦν ἄνθος,κυανουν ανθος,SUBSTANCE_PART:1,true,,,1,1,1,AET_LM,Aetius,entries_full_v3,0.600,draft
κυβιον,κύβιον,κυβιον,SUBSTANCE:1,false,,,1,1,1,GAL_SMT,Galen,entries_full_v3,0.700,draft
κυδωνια,κυδωνία,κυδωνια,SUBSTANCE:3,false,,,1,3,3,DIOSC_DMM,Dioscorides,diosc_full_v3,0.647,draft
κυδωνιας οι βλαστοι,κυδωνίας οἱ βλαστοὶ,κυδωνιας οι βλαστοι,SUBSTANCE_PART:1,true,,,1,1,1,DIOSC_DMM,Dioscorides,diosc_full_v3,0.680,draft
κυδωνιας τα ανθη,κυδωνίας τὰ ἄνθη,κυδωνιας τα ανθη,SUBSTANCE_PART:1,true,,,1,1,1,DIOSC_DMM,Dioscorides,diosc_full_v3,0.700,draft
κυδωνιας τα φυλλα,κυδωνίας τὰ φύλλα,κυδωνιας τα φυλλα,SUBSTANCE_PART:1,true,,,1,1,1,DIOSC_DMM,Dioscorides,diosc_full_v3,0.700,draft
κυδωνιον,κυδώνιον,κυδωνιον,SUBSTANCE:8,false,,,3,8,8,DIOSC_DMM;GAL_SMT;PAUL_AEG,Dioscorides;Galen;Paul,diosc_full_v3;entries_full_v3;paul_full_v3,0.841,draft
κυδωνιον μηλον,κυδώνιον μῆλον,κυδωνιον μηλον,SUBSTANCE:1,true,μηλον,,1,1,1,DIOSC_DMM,Dioscorides,diosc_full_v3,0.900,draft
κυκλαμινον,κυκλάμινον,κυκλαμινον,SUBSTANCE:1,false,,,1,1,1,DIOSC_DMM,Dioscorides,diosc_full_v3,0.600,draft
κυκλαμινος,κυκλάμινος,κυκλαμινος,SUBSTANCE:8,false,,,5,8,8,AET_LM;DIOSC_DMM;GAL_SMT;ORIB_CM;PAUL_AEG,Aetius;Dioscorides;Galen;Oribasius;Paul,diosc_full_v3;entries_full_v3;paul_full_v3,0.897,draft
κυκλαμινος ετερα,κυκλάμινος ἑτέρα,κυκλαμινος ετερα,SUBSTANCE:3,true,κυκλαμινος,,3,3,3,DIOSC_DMM;GAL_SMT;PAUL_AEG,Dioscorides;Galen;Paul,diosc_full_v3;entries_full_v3;paul_full_v3,0.800,draft
κυκλαμινος ποικιλη,κυκλάμινος ποικίλη,κυκλαμινος ποικιλη,SUBSTANCE:1,true,κυκλαμινος,,1,1,1,AET_LM,Aetius,entries_full_v3,0.820,draft
κυκλαμινος ποικιλος,κυκλάμινος ποικίλος,κυκλαμινος ποικιλος,SUBSTANCE:1,true,κυκλαμινος,,1,1,1,GAL_SMT,Galen,entries_full_v3,0.700,draft
κυμβαλιον,κυμβάλιον,κυμβαλιον,SUBSTANCE:1,false,,,1,1,1,DIOSC_DMM,Dioscorides,diosc_full_v3,0.800,draft
κυμινον,κύμινον,κυμινον,SUBSTANCE:19,false,,,6,19,19,AET_LM;DIOSC_DMM;GAL_ALIM;GAL_SMT;ORIB_CM;PAUL_AEG,Aetius;Dioscorides;Galen;Oribasius;Paul,diosc_full_v3;entries_full_v3;paul_full_v3,0.872,draft
κυμινον αγριον,κύμινον ἄγριον,κυμινον αγριον,SUBSTANCE:3,true,κυμινον,,1,3,3,DIOSC_DMM,Dioscorides,diosc_full_v3,0.790,draft
κυμινον αιγυπτιον,κύμινον Αἰγύπτιον,κυμινον αιγυπτιον,SUBSTANCE:1,true,κυμινον,,1,1,1,DIOSC_DMM,Dioscorides,diosc_full_v3,0.750,draft
κυμινον αιθιοπικον,κύμινον Αἰθιοπικόν,κυμινον αιθιοπικον,SUBSTANCE:1,true,κυμινον,,1,1,1,DIOSC_DMM,Dioscorides,diosc_full_v3,0.750,draft
κυμινον ημερον,κύμινον ἥμερον,κυμινον ημερον,SUBSTANCE:1,true,κυμινον,,1,1,1,DIOSC_DMM,Dioscorides,diosc_full_v3,0.850,draft
κυμινου το σπερμα,Κυμίνου τὸ σπέρμα,κυμινου το σπερμα,SUBSTANCE_PART:1,true,,,1,1,1,ORIB_CM,Oribasius,entries_full_v3,0.820,draft
κυμινου τω σπερματι,Κυμίνου τῷ σπέρματι,κυμινου τω σπερματι,SUBSTANCE_PART:2,true,,,2,2,2,AET_LM;GAL_SMT,Aetius;Galen,entries_full_v3,0.900,draft
κυναγχον,κύναγχον,κυναγχον,SUBSTANCE:1,false,,,1,1,1,DIOSC_DMM,Dioscorides,diosc_full_v3,0.860,draft
κυναρα,κυνάρα,κυναρα,SUBSTANCE:1,false,,,1,1,1,GAL_ALIM,Galen,entries_full_v3,0.550,draft
κυνεα,κυνέα,κυνεα,SUBSTANCE:1,false,,,1,1,1,DIOSC_DMM,Dioscorides,diosc_full_v3,0.860,draft
κυνεια κοπρος,κυνεία κόπρος,κυνεια κοπρος,SUBSTANCE:4,true,κοπρος,,2,4,4,AET_LM;GAL_SMT,Aetius;Galen,entries_full_v3,0.905,draft
κυνειος κοπρος,κυνείος κόπρος,κυνειος κοπρος,SUBSTANCE:1,true,κοπρος,,1,1,1,AET_LM,Aetius,entries_full_v3,0.780,draft
κυνογλωσσον,κυνόγλωσσον,κυνογλωσσον,SUBSTANCE:2,false,,,2,2,2,AET_LM;DIOSC_DMM,Aetius;Dioscorides,diosc_full_v3;entries_full_v3,0.905,draft
κυνοδοντι του δακοντος,κυνόδοντι τοῦ δακόντος,κυνοδοντι του δακοντος,SUBSTANCE_PART:1,true,,,1,1,1,DIOSC_DMM,Dioscorides,diosc_full_v3,0.800,draft
κυνοζολον,κυνόζολον,κυνοζολον,SUBSTANCE:1,false,,,1,1,1,DIOSC_DMM,Dioscorides,diosc_full_v3,0.650,draft
κυνοκεφαλον,κυνοκέφαλον,κυνοκεφαλον,SUBSTANCE:1,false,,,1,1,1,DIOSC_DMM,Dioscorides,diosc_full_v3,0.780,draft
κυνοκραμβη,κυνοκράμβη,κυνοκραμβη,SUBSTANCE:5,false,,,4,5,5,DIOSC_DMM;GAL_SMT;ORIB_CM;PAUL_AEG,Dioscorides;Galen;Oribasius;Paul,diosc_full_v3;entries_full_v3;paul_full_v3,0.866,draft
κυνοκτονον,κυνοκτόνον,κυνοκτονον,SUBSTANCE:1,false,,,1,1,1,DIOSC_DMM,Dioscorides,diosc_full_v3,0.850,draft
κυνομαφον,κυνόμαφον,κυνομαφον,SUBSTANCE:1,false,,,1,1,1,DIOSC_DMM,Dioscorides,diosc_full_v3,0.650,draft
κυνομοριον,κυνομόριον,κυνομοριον,SUBSTANCE:1,false,,,1,1,1,DIOSC_DMM,Dioscorides,diosc_full_v3,0.860,draft
κυνομορον,κυνόμορον,κυνομορον,SUBSTANCE:3,false,,,3,3,3,DIOSC_DMM;GAL_SMT;PAUL_AEG,Dioscorides;Galen;Paul,diosc_full_v3;entries_full_v3;paul_full_v3,0.830,draft
κυνομυια,κυνόμυια,κυνομυια,SUBSTANCE:1,false,,,1,1,1,DIOSC_DMM,Dioscorides,diosc_full_v3,0.750,draft
κυνοραιστας,κυνοραίστας,κυνοραιστας,SUBSTANCE:1,false,,,1,1,1,GAL_SMT,Galen,entries_full_v3,0.650,draft
κυνος λυσσωντος ηπαρ,κυνὸς λυσσῶντος ἧπαρ,κυνος λυσσωντος ηπαρ,SUBSTANCE_PART:1,true,,,1,1,1,DIOSC_DMM,Dioscorides,diosc_full_v3,0.850,draft
κυνος ορχις,κυνὸς ὄρχις,κυνος ορχις,SUBSTANCE:6,true,ορχις,,5,6,6,AET_LM;DIOSC_DMM;GAL_SMT;ORIB_CM;PAUL_AEG,Aetius;Dioscorides;Galen;Oribasius;Paul,diosc_full_v3;entries_full_v3;paul_full_v3,0.770,draft
κυνος ποταμιου δερμα,κυνὸς ποταμίου δέρμα,κυνος ποταμιου δερμα,SUBSTANCE_PART:1,true,,,1,1,1,AET_LM,Aetius,entries_full_v3,0.800,draft
κυνοσβατον,κυνόσβατον,κυνοσβατον,SUBSTANCE:1,false,,,1,1,1,DIOSC_DMM,Dioscorides,diosc_full_v3,0.720,draft
κυνοσβατος,κυνόσβατος,κυνοσβατος,SUBSTANCE:4,false,,,4,4,4,DIOSC_DMM;GAL_SMT;ORIB_CM;PAUL_AEG,Dioscorides;Galen;Oribasius;Paul,diosc_full_v3;entries_full_v3;paul_full_v3,0.925,draft
κυπαρισσιας,κυπαρισσίας,κυπαρισσιας,SUBSTANCE:4,false,,,4,4,4,DIOSC_DMM;GAL_SMT;ORIB_CM;PAUL_AEG,Dioscorides;Galen;Oribasius;Paul,diosc_full_v3;entries_full_v3;paul_full_v3,0.725,draft
κυπαρισσινη,κυπαρισσίνη,κυπαρισσινη,SUBSTANCE:3,false,,,3,3,3,DIOSC_DMM;GAL_SMT;ORIB_CM,Dioscorides;Galen;Oribasius,diosc_full_v3;entries_full_v3,0.883,draft
κυπαρισσιος τιθυμαλλος,κυπαρίσσιος τιθύμαλλος,κυπαρισσιος τιθυμαλλος,SUBSTANCE:1,true,τιθυμαλλος,,1,1,1,DIOSC_DMM,Dioscorides,diosc_full_v3,0.880,draft
κυπαρισσος,κυπάρισσος,κυπαρισσος,SUBSTANCE:11,false,,,5,11,11,AET_LM;DIOSC_DMM;GAL_SMT;ORIB_CM;PAUL_AEG,Aetius;Dioscorides;Galen;Oribasius;Paul,diosc_full_v3;entries_full_v3;paul_full_v3,0.865,draft
κυπαρισσου βλαστοι,κυπαρίσσου βλαστοί,κυπαρισσου βλαστοι,SUBSTANCE_PART:1,true,,,1,1,1,AET_LM,Aetius,entries_full_v3,0.830,draft
κυπαρισσου σφαιρια,κυπαρίσσου σφαιρία,κυπαρισσου σφαιρια,SUBSTANCE_PART:1,true,,,1,1,1,AET_LM,Aetius,entries_full_v3,0.700,draft
κυπαρισσου φυλλα,κυπαρίσσου φύλλα,κυπαρισσου φυλλα,SUBSTANCE_PART:1,true,,,1,1,1,AET_LM,Aetius,entries_full_v3,0.850,draft
κυπειρος,κύπειρος,κυπειρος,SUBSTANCE:3,false,,,2,3,3,AET_LM;DIOSC_DMM,Aetius;Dioscorides,diosc_full_v3;entries_full_v3,0.833,draft
κυπερις,κυπερίς,κυπερις,SUBSTANCE:1,false,,,1,1,1,DIOSC_DMM,Dioscorides,diosc_full_v3,0.800,draft
κυπερον,κύπερον,κυπερον,SUBSTANCE:2,false,,,2,2,2,AET_LM;DIOSC_DMM,Aetius;Dioscorides,diosc_full_v3;entries_full_v3,0.820,draft
κυπερος,κύπερος,κυπερος,SUBSTANCE:16,false,,ινδια,5,16,16,AET_LM;DIOSC_DMM;GAL_SMT;ORIB_CM;PAUL_AEG,Aetius;Dioscorides;Galen;Oribasius;Paul,diosc_full_v3;entries_full_v3;paul_full_v3,0.889,draft
κυπερου ριζαι,Κυπέρου ῥίζαι,κυπερου ριζαι,SUBSTANCE_PART:3,true,,,3,3,3,AET_LM;GAL_SMT;ORIB_CM,Aetius;Galen;Oribasius,entries_full_v3,0.877,draft
κυπρια,Κυπρία,κυπρια,SUBSTANCE:1,false,,,1,1,1,DIOSC_DMM,Dioscorides,diosc_full_v3,0.800,draft
κυπρινον,κυπρῖνον,κυπρινον,SUBSTANCE:2,false,,,2,2,2,AET_LM;GAL_SMT,Aetius;Galen,entries_full_v3,0.650,draft
κυπρινον ελαιον,κυπρῖνον ἔλαιον,κυπρινον ελαιον,SUBSTANCE:2,true,ελαιον,,2,2,2,AET_LM;DIOSC_DMM,Aetius;Dioscorides,diosc_full_v3;entries_full_v3,0.810,draft
κυπρινον ηρωματισμενον ελαιον,κύπρινον ἠρωματισμένον ἔλαιον,κυπρινον ηρωματισμενον ελαιον,SUBSTANCE:1,true,ελαιον,,1,1,1,DIOSC_DMM,Dioscorides,diosc_full_v3,0.840,draft
κυπρινος,κύπρινος,κυπρινος,SUBSTANCE:2,false,,,2,2,2,DIOSC_DMM;PAUL_AEG,Dioscorides;Paul,diosc_full_v3;paul_full_v3,0.635,draft
κυπριος,Κύπριος,κυπριος,SUBSTANCE:1,false,,,1,1,1,DIOSC_DMM,Dioscorides,diosc_full_v3,0.550,draft
κυπριος χαλκος,Κύπριος χαλκός,κυπριος χαλκος,SUBSTANCE:2,true,χαλκος,κυπρος,2,2,2,AET_LM;DIOSC_DMM,Aetius;Dioscorides,diosc_full_v3;entries_full_v3,0.860,draft
κυπρος,κύπρος,κυπρος,SUBSTANCE:9,false,,,5,9,9,AET_LM;DIOSC_DMM;GAL_SMT;ORIB_CM;PAUL_AEG,Aetius;Dioscorides;Galen;Oribasius;Paul,diosc_full_v3;entries_full_v3;paul_full_v3,0.817,draft
κυπρου ανθους,κύπρου ἄνθους,κυπρου ανθους,SUBSTANCE_PART:1,true,,,1,1,1,AET_LM,Aetius,entries_full_v3,0.850,draft
κυρηναικος,Κυρηναικός,κυρηναικος,SUBSTANCE:1,false,,κυρηναικη,1,1,1,DIOSC_DMM,Dioscorides,diosc_full_v3,0.650,draft
κυρηναιος οπος,Κυρηναῖος ὀπός,κυρηναιος οπος,SUBSTANCE:1,true,οπος,κυρηνη,1,1,1,GAL_SMT,Galen,entries_full_v3,0.750,draft
κυτινοι,κύτινοι,κυτινοι,SUBSTANCE_PART:1,false,,,1,1,1,DIOSC_DMM,Dioscorides,diosc_full_v3,0.740,draft
κυτινος,κύτινος,κυτινος,SUBSTANCE:10,false,,,5,10,10,AET_LM;DIOSC_DMM;GAL_SMT;ORIB_CM;PAUL_AEG,Aetius;Dioscorides;Galen;Oribasius;Paul,diosc_full_v3;entries_full_v3;paul_full_v3,0.547,draft
κυτινους,κυτίνους,κυτινους,SUBSTANCE_PART:1,false,,,1,1,1,DIOSC_DMM,Dioscorides,diosc_full_v3,0.700,draft
κυτινω,κυτίνῳ,κυτινω,SUBSTANCE_PART:1,false,,,1,1,1,DIOSC_DMM,Dioscorides,diosc_full_v3,0.550,draft
κυτινω ροας,κυτίνῳ ῥόας,κυτινω ροας,SUBSTANCE_PART:1,true,,,1,1,1,DIOSC_DMM,Dioscorides,diosc_full_v3,0.750,draft
κυτισος,κύτισος,κυτισος,SUBSTANCE:7,false,,,5,7,7,AET_LM;DIOSC_DMM;GAL_SMT;ORIB_CM;PAUL_AEG,Aetius;Dioscorides;Galen;Oribasius;Paul,diosc_full_v3;entries_full_v3;paul_full_v3,0.850,draft
κυτισου τα φυλλα,κυτίσου τὰ φύλλα,κυτισου τα φυλλα,SUBSTANCE_PART:4,true,,,4,4,4,AET_LM;GAL_SMT;ORIB_CM;PAUL_AEG,Aetius;Galen;Oribasius;Paul,entries_full_v3;paul_full_v3,0.880,draft
κυων,κύων,κυων,SUBSTANCE:5,false,,,4,5,5,AET_LM;DIOSC_DMM;GAL_SMT;PAUL_AEG,Aetius;Dioscorides;Galen;Paul,diosc_full_v3;entries_full_v3;paul_full_v3,0.750,draft
κυων λυσσων,κύων λυσσῶν,κυων λυσσων,SUBSTANCE:1,true,κυων,,1,1,1,DIOSC_DMM,Dioscorides,diosc_full_v3,0.800,draft
κυων λυττων,κύων λυττῶν,κυων λυττων,SUBSTANCE:1,true,κυων,,1,1,1,GAL_SMT,Galen,entries_full_v3,0.620,draft
κυων ποταμιος,κύων ποτάμιος,κυων ποταμιος,SUBSTANCE:1,true,κυων,,1,1,1,AET_LM,Aetius,entries_full_v3,0.700,draft
κωβιον,κωβίον,κωβιον,SUBSTANCE:1,false,,,1,1,1,DIOSC_DMM,Dioscorides,diosc_full_v3,0.780,draft
κωβιον προσφατον,κωβίον πρόσφατον,κωβιον προσφατον,SUBSTANCE:1,true,κωβιον,,1,1,1,DIOSC_DMM,Dioscorides,diosc_full_v3,0.750,draft
κωβιος,κωβιός,κωβιος,SUBSTANCE:1,false,,,1,1,1,DIOSC_DMM,Dioscorides,diosc_full_v3,0.720,draft
κωδιαις μηκωνος,κωδίαις μήκωνος,κωδιαις μηκωνος,SUBSTANCE_PART:1,true,,,1,1,1,DIOSC_DMM,Dioscorides,diosc_full_v3,0.660,draft
κωδυα,κωδύα,κωδυα,SUBSTANCE_PART:1,false,,,1,1,1,DIOSC_DMM,Dioscorides,diosc_full_v3,0.830,draft
κωδυαις,κωδύαις,κωδυαις,SUBSTANCE_PART:1,false,,,1,1,1,DIOSC_DMM,Dioscorides,diosc_full_v3,0.720,draft
κωδυαν,κωδύαν,κωδυαν,SUBSTANCE_PART:1,false,,,1,1,1,PAUL_AEG,Paul,paul_full_v3,0.860,draft
κωδυον,κώδυον,κωδυον,SUBSTANCE:1,false,,,1,1,1,DIOSC_DMM,Dioscorides,diosc_full_v3,0.650,draft
κωνα,κῶνα,κωνα,SUBSTANCE:1,false,,,1,1,1,DIOSC_DMM,Dioscorides,diosc_full_v3,0.680,draft
κωνειον,κώνειον,κωνειον,SUBSTANCE:17,false,,,6,17,17,AET_LM;DIOSC_DMM;GAL_ALIM;GAL_SMT;ORIB_CM;PAUL_AEG,Aetius;Dioscorides;Galen;Oribasius;Paul,diosc_full_v3;entries_full_v3;paul_full_v3,0.889,draft
κωνος,κῶνος,κωνος,SUBSTANCE:4,false,,,4,4,4,AET_LM;GAL_SMT;ORIB_CM;PAUL_AEG,Aetius;Galen;Oribasius;Paul,entries_full_v3;paul_full_v3,0.790,draft
κωνου καρπος,κώνου καρπός,κωνου καρπος,SUBSTANCE_PART:3,true,,,3,3,3,AET_LM;GAL_SMT;ORIB_CM,Aetius;Galen;Oribasius,entries_full_v3,0.873,draft
κωος οινος,Κῷος οἶνος,κωος οινος,SUBSTANCE:1,true,οινος,κως,1,1,1,DIOSC_DMM,Dioscorides,diosc_full_v3,0.800,draft
λαβραξ,λάβραξ,λαβραξ,SUBSTANCE:1,false,,,1,1,1,AET_LM,Aetius,entries_full_v3,0.900,draft
λαγανον,λάγανον,λαγανον,SUBSTANCE:1,false,,,1,1,1,AET_LM,Aetius,entries_full_v3,0.700,draft
λαγωα,λαγώα,λαγωα,SUBSTANCE:1,false,,,1,1,1,AET_LM,Aetius,entries_full_v3,0.680,draft
λαγωος,λαγωός,λαγωος,SUBSTANCE:14,false,,,3,14,14,AET_LM;DIOSC_DMM;GAL_SMT,Aetius;Dioscorides;Galen,diosc_full_v3;entries_full_v3,0.746,draft
λαγωος θαλασσιος,λαγωός θαλάσσιος,λαγωος θαλασσιος,SUBSTANCE:6,true,λαγωος,,1,6,6,DIOSC_DMM,Dioscorides,diosc_full_v3,0.735,draft
λαγωος θαλαττιος,λαγωός θαλάττιος,λαγωος θαλαττιος,SUBSTANCE:3,true,λαγωος,,2,3,3,AET_LM;GAL_SMT,Aetius;Galen,entries_full_v3,0.767,draft
λαγωος χερσαιος,λαγωός χερσαῖος,λαγωος χερσαιος,SUBSTANCE:1,true,λαγωος,,1,1,1,DIOSC_DMM,Dioscorides,diosc_full_v3,0.860,draft
λαγωπους,λαγώπους,λαγωπους,SUBSTANCE:4,false,,,4,4,4,DIOSC_DMM;GAL_SMT;ORIB_CM;PAUL_AEG,Dioscorides;Galen;Oribasius;Paul,diosc_full_v3;entries_full_v3;paul_full_v3,0.830,draft
λαδανον,λάδανον,λαδανον,SUBSTANCE:10,false,,,5,10,10,AET_LM;DIOSC_DMM;GAL_SMT;ORIB_CM;PAUL_AEG,Aetius;Dioscorides;Galen;Oribasius;Paul,diosc_full_v3;entries_full_v3;paul_full_v3,0.864,draft
λαερτικον,Λαερτικόν,λαερτικον,SUBSTANCE:1,false,,,1,1,1,GAL_SMT,Galen,entries_full_v3,0.600,draft
λαερτικος,λαερτικός,λαερτικος,SUBSTANCE:2,false,,,2,2,2,AET_LM;ORIB_CM,Aetius;Oribasius,entries_full_v3,0.600,draft
λαθυρις,λαθυρίς,λαθυρις,SUBSTANCE:4,false,,,4,4,4,AET_LM;DIOSC_DMM;GAL_SMT;PAUL_AEG,Aetius;Dioscorides;Galen;Paul,diosc_full_v3;entries_full_v3;paul_full_v3,0.945,draft
λαθυρος,λάθυρος,λαθυρος,SUBSTANCE:5,false,,,2,5,5,AET_LM;GAL_ALIM,Aetius;Galen,entries_full_v3,0.876,draft
λαμψανη,λαμψάνη,λαμψανη,SUBSTANCE:6,false,,,5,6,6,AET_LM;DIOSC_DMM;GAL_SMT;ORIB_CM;PAUL_AEG,Aetius;Dioscorides;Galen;Oribasius;Paul,diosc_full_v3;entries_full_v3;paul_full_v3,0.897,draft
λαπαθον,λάπαθον,λαπαθον,SUBSTANCE:17,false,,,6,17,17,AET_LM;DIOSC_DMM;GAL_ALIM;GAL_SMT;ORIB_CM;PAUL_AEG,Aetius;Dioscorides;Galen;Oribasius;Paul,diosc_full_v3;entries_full_v3;paul_full_v3,0.825,draft
λαπαθον αγριον,λάπαθον ἄγριον,λαπαθον αγριον,SUBSTANCE:2,true,λαπαθον,,1,2,2,DIOSC_DMM,Dioscorides,diosc_full_v3,0.840,draft
λαπτουκα,λαπτούκα,λαπτουκα,SUBSTANCE:1,false,,,1,1,1,DIOSC_DMM,Dioscorides,diosc_full_v3,0.600,draft
λαπτουκα ηρρατικα,λαπτούκα ἠρράτικα,λαπτουκα ηρρατικα,SUBSTANCE:1,true,λαπτουκα,,1,1,1,DIOSC_DMM,Dioscorides,diosc_full_v3,0.600,draft
λαρβασον,λάρβασον,λαρβασον,SUBSTANCE:1,false,,,1,1,1,DIOSC_DMM,Dioscorides,diosc_full_v3,0.700,draft
λαριξ,λάριξ,λαριξ,SUBSTANCE:1,false,,,1,1,1,PAUL_AEG,Paul,paul_full_v3,0.780,draft
λασαρ,λάσαρ,λασαρ,SUBSTANCE:1,false,,,1,1,1,AET_LM,Aetius,entries_full_v3,0.680,draft
λαχανον,λάχανον,λαχανον,SUBSTANCE:11,false,,,4,11,11,DIOSC_DMM;GAL_ALIM;GAL_SMT;PAUL_AEG,Dioscorides;Galen;Paul,diosc_full_v3;entries_full_v3;paul_full_v3,0.638,draft
λαχανον αγριον,λάχανον ἄγριον,λαχανον αγριον,SUBSTANCE:1,true,λαχανον,,1,1,1,GAL_ALIM,Galen,entries_full_v3,0.750,draft
λαχχα,λαχχά,λαχχα,SUBSTANCE:1,false,,,1,1,1,AET_LM,Aetius,entries_full_v3,0.700,draft
λεαντικη,λεαντική,λεαντικη,SUBSTANCE:1,false,,,1,1,1,DIOSC_DMM,Dioscorides,diosc_full_v3,0.700,draft
λεια,λεῖα,λεια,SUBSTANCE:1,false,,,1,1,1,GAL_SMT,Galen,entries_full_v3,0.550,draft
λειμωνιον,λειμώνιον,λειμωνιον,SUBSTANCE:5,false,,,5,5,5,AET_LM;DIOSC_DMM;GAL_SMT;ORIB_CM;PAUL_AEG,Aetius;Dioscorides;Galen;Oribasius;Paul,diosc_full_v3;entries_full_v3;paul_full_v3,0.826,draft
λειμωνιου καρπον,λειμωνίου καρπὸν,λειμωνιου καρπον,SUBSTANCE_PART:1,true,,,1,1,1,GAL_SMT,Galen,entries_full_v3,0.800,draft
λειμωνιου καρπος,Λειμωνίου καρπὸς,λειμωνιου καρπος,SUBSTANCE_PART:1,true,,,1,1,1,ORIB_CM,Oribasius,entries_full_v3,0.830,draft
λειμωνιου τον καρπον,Λειμωνίου τὸν καρπὸν,λειμωνιου τον καρπον,SUBSTANCE_PART:1,true,,,1,1,1,PAUL_AEG,Paul,paul_full_v3,0.780,draft
λειοσπερμον,λειόσπερμον,λειοσπερμον,SUBSTANCE:1,false,,,1,1,1,PAUL_AEG,Paul,paul_full_v3,0.850,draft
λειριον,λείριον,λειριον,SUBSTANCE:1,false,,,1,1,1,DIOSC_DMM,Dioscorides,diosc_full_v3,0.850,draft
λειχην,λειχήν,λειχην,SUBSTANCE:10,true,λειχην,,5,9,10,AET_LM;DIOSC_DMM;GAL_SMT;ORIB_CM;PAUL_AEG,Aetius;Dioscorides;Galen;Oribasius;Paul,diosc_full_v3;entries_full_v3;paul_full_v3,0.842,draft
λειχην επι των πετρων,λειχὴν ἐπὶ τῶν πετρῶν,λειχην επι των πετρων,SUBSTANCE:1,true,λειχην,,1,1,1,ORIB_CM,Oribasius,entries_full_v3,0.850,draft
λειχην ιππου,λειχήν ἵππου,λειχην ιππου,SUBSTANCE:3,true,λειχην,,3,3,3,AET_LM;DIOSC_DMM;GAL_SMT,Aetius;Dioscorides;Galen,diosc_full_v3;entries_full_v3,0.770,draft
λειχην ιππων,λειχήν ἵππων,λειχην ιππων,SUBSTANCE:1,true,λειχην,,1,1,1,PAUL_AEG,Paul,paul_full_v3,0.740,draft
λειχην ο επι των πετρων,λειχήν ὁ ἐπὶ τῶν πετρῶν,λειχην ο επι των πετρων,SUBSTANCE:1,true,λειχην,,1,1,1,AET_LM,Aetius,entries_full_v3,0.620,draft
λειχηνη,λειχήνη,λειχηνη,SUBSTANCE:1,false,,,1,1,1,DIOSC_DMM,Dioscorides,diosc_full_v3,0.660,draft
λεκιθος,λεκίθος,λεκιθος,SUBSTANCE:3;SUBSTANCE_PART:2,false,,,3,5,5,AET_LM;DIOSC_DMM;PAUL_AEG,Aetius;Dioscorides;Paul,diosc_full_v3;entries_full_v3;paul_full_v3,0.856,draft
λεκιθος των ωων,λέκιθος τῶν ὠῶν,λεκιθος των ωων,SUBSTANCE_PART:2,true,,,2,2,2,GAL_SMT;ORIB_CM,Galen;Oribasius,entries_full_v3,0.875,draft
λεμμα,λέμμα,λεμμα,SUBSTANCE_PART:2,false,,,2,2,2,GAL_SMT;ORIB_CM,Galen;Oribasius,entries_full_v3,0.800,draft
λεμμα φακων,λέμμα φακῶν,λεμμα φακων,SUBSTANCE_PART:1,true,,,1,1,1,GAL_ALIM,Galen,entries_full_v3,0.820,draft
λεμμασιν,λέμμασιν,λεμμασιν,SUBSTANCE_PART:1,false,,,1,1,1,PAUL_AEG,Paul,paul_full_v3,0.780,draft
λεμματα,λέμματα,λεμματα,SUBSTANCE_PART:1,false,,,1,1,1,ORIB_CM,Oribasius,entries_full_v3,0.750,draft
λεμματι,λέμματι,λεμματι,SUBSTANCE_PART:1,false,,,1,1,1,GAL_SMT,Galen,entries_full_v3,0.900,draft
λεμματος,λέμματος,λεμματος,SUBSTANCE_PART:3,false,,,3,3,3,AET_LM;GAL_SMT;PAUL_AEG,Aetius;Galen;Paul,entries_full_v3;paul_full_v3,0.727,draft
λεοντειος,λεόντειος,λεοντειος,SUBSTANCE:1,false,,,1,1,1,DIOSC_DMM,Dioscorides,diosc_full_v3,0.740,draft
λεοντοπεταλον,λεοντοπέταλον,λεοντοπεταλον,SUBSTANCE:5,false,,,5,5,5,AET_LM;DIOSC_DMM;GAL_SMT;ORIB_CM;PAUL_AEG,Aetius;Dioscorides;Galen;Oribasius;Paul,diosc_full_v3;entries_full_v3;paul_full_v3,0.824,draft
λεοντοπεταλου η ριζα,Λεοντοπετάλου ἡ ῥίζα,λεοντοπεταλου η ριζα,SUBSTANCE_PART:1,true,,,1,1,1,ORIB_CM,Oribasius,entries_full_v3,0.900,draft
λεοντοπεταλου ριζα,Λεοντοπετάλου ῥίζα,λεοντοπεταλου ριζα,SUBSTANCE_PART:1,true,,,1,1,1,PAUL_AEG,Paul,paul_full_v3,0.860,draft
λεοντοπεταλου τῃ ριζᾳ,λεοντοπετάλου τῇ ῥίζᾳ,λεοντοπεταλου τῃ ριζᾳ,SUBSTANCE_PART:1,true,,,1,1,1,GAL_SMT,Galen,entries_full_v3,0.900,draft
λεοντοποδιον,λεοντοπόδιον,λεοντοποδιον,SUBSTANCE:2,false,,,2,2,2,AET_LM;DIOSC_DMM,Aetius;Dioscorides,diosc_full_v3;entries_full_v3,0.855,draft
λεπει,λέπει,λεπει,SUBSTANCE_PART:1,false,,,1,1,1,DIOSC_DMM,Dioscorides,diosc_full_v3,0.700,draft
λεπη,λέπη,λεπη,SUBSTANCE_PART:2,false,,,1,2,2,DIOSC_DMM,Dioscorides,diosc_full_v3,0.770,draft
λεπιδας,λεπίδας,λεπιδας,SUBSTANCE_PART:1,false,,,1,1,1,DIOSC_DMM,Dioscorides,diosc_full_v3,0.650,draft
λεπιδιον,λεπίδιον,λεπιδιον,SUBSTANCE:7,false,,,5,7,7,AET_LM;DIOSC_DMM;GAL_SMT;ORIB_CM;PAUL_AEG,Aetius;Dioscorides;Galen;Oribasius;Paul,diosc_full_v3;entries_full_v3;paul_full_v3,0.879,draft
λεπιδος,λεπίδος,λεπιδος,SUBSTANCE_PART:1,false,,,1,1,1,ORIB_CM,Oribasius,entries_full_v3,0.650,draft
λεπιδος στομωματος,λεπίδος στομώματος,λεπιδος στομωματος,SUBSTANCE_PART:1,true,,,1,1,1,DIOSC_DMM,Dioscorides,diosc_full_v3,0.600,draft
λεπις,λεπίς,λεπις,SUBSTANCE:8,false,,κυπρος,5,8,8,AET_LM;DIOSC_DMM;GAL_SMT;ORIB_CM;PAUL_AEG,Aetius;Dioscorides;Galen;Oribasius;Paul,diosc_full_v3;entries_full_v3;paul_full_v3,0.780,draft
λεπις εκ μολυβδου,λεπὶς ἐκ μολύβδου,λεπις εκ μολυβδου,SUBSTANCE_PART:1,true,,,1,1,1,GAL_SMT,Galen,entries_full_v3,0.860,draft
λεπις σιδηρου,λεπίς σιδήρου,λεπις σιδηρου,SUBSTANCE:3,true,λεπις,,3,3,3,AET_LM;GAL_SMT;ORIB_CM,Aetius;Galen;Oribasius,entries_full_v3,0.840,draft
λεπις στομωματος,λεπίς στομώματος,λεπις στομωματος,SUBSTANCE:2,true,λεπις,,2,2,2,GAL_SMT;ORIB_CM,Galen;Oribasius,entries_full_v3,0.660,draft
λεπις χαλκου,λεπίς χαλκοῦ,λεπις χαλκου,SUBSTANCE:3,true,λεπις,,3,3,3,AET_LM;GAL_SMT;ORIB_CM,Aetius;Galen;Oribasius,entries_full_v3,0.853,draft
λεπος,λέπος,λεπος,SUBSTANCE:3;SUBSTANCE_PART:1,false,,,4,4,4,AET_LM;DIOSC_DMM;GAL_SMT;PAUL_AEG,Aetius;Dioscorides;Galen;Paul,diosc_full_v3;entries_full_v3;paul_full_v3,0.828,draft
λεπτοκαρυον,λεπτοκάρυον,λεπτοκαρυον,SUBSTANCE:5,false,,,5,5,5,AET_LM;DIOSC_DMM;GAL_SMT;ORIB_CM;PAUL_AEG,Aetius;Dioscorides;Galen;Oribasius;Paul,diosc_full_v3;entries_full_v3;paul_full_v3,0.814,draft
λεπτοκαρυον ποντικον,λεπτοκάρυον ποντικόν,λεπτοκαρυον ποντικον,SUBSTANCE:1,true,λεπτοκαρυον,,1,1,1,ORIB_CM,Oribasius,entries_full_v3,0.740,draft
λεπτομερες ελαιον,λεπτομερὲς ἔλαιον,λεπτομερες ελαιον,SUBSTANCE:1,true,ελαιον,,1,1,1,PAUL_AEG,Paul,paul_full_v3,0.780,draft
λεπτον,λεπτὸν,λεπτον,SUBSTANCE_PART:1,false,,,1,1,1,AET_LM,Aetius,entries_full_v3,0.750,draft
λεπτος οινος,λεπτός οἶνος,λεπτος οινος,SUBSTANCE:1,true,οινος,,1,1,1,AET_LM,Aetius,entries_full_v3,0.850,draft
λεπτοφυλλος καλαμινθη,λεπτόφυλλος καλαμίνθη,λεπτοφυλλος καλαμινθη,SUBSTANCE:1,true,καλαμινθη,,1,1,1,DIOSC_DMM,Dioscorides,diosc_full_v3,0.750,draft
λευκακανθα,λευκάκανθα,λευκακανθα,SUBSTANCE:2,false,,,2,2,2,AET_LM;DIOSC_DMM,Aetius;Dioscorides,diosc_full_v3;entries_full_v3,0.865,draft
λευκακανθον,λευκάκανθον,λευκακανθον,SUBSTANCE:3,false,,,3,3,3,DIOSC_DMM;GAL_SMT;PAUL_AEG,Dioscorides;Galen;Paul,diosc_full_v3;entries_full_v3;paul_full_v3,0.927,draft
λευκακανθος,λευκάκανθος,λευκακανθος,SUBSTANCE:2,false,,,2,2,2,GAL_SMT;ORIB_CM,Galen;Oribasius,entries_full_v3,0.775,draft
λευκακανθου η ριζα,Λευκακάνθου ἡ ῥίζα,λευκακανθου η ριζα,SUBSTANCE_PART:1,true,,,1,1,1,ORIB_CM,Oribasius,entries_full_v3,0.900,draft
λευκανθα,λευκάκανθα,λευκανθα,SUBSTANCE:1,false,,,1,1,1,GAL_ALIM,Galen,entries_full_v3,0.850,draft
λευκανθεμον,λευκάνθεμον,λευκανθεμον,SUBSTANCE:2,false,,,1,2,2,DIOSC_DMM,Dioscorides,diosc_full_v3,0.880,draft
λευκας,λευκάς,λευκας,SUBSTANCE:4,false,,,4,4,4,DIOSC_DMM;GAL_SMT;ORIB_CM;PAUL_AEG,Dioscorides;Galen;Oribasius;Paul,diosc_full_v3;entries_full_v3;paul_full_v3,0.825,draft
λευκας δριμεια,λευκάς δριμεῖα,λευκας δριμεια,SUBSTANCE:1,true,λευκας,,1,1,1,GAL_SMT,Galen,entries_full_v3,0.750,draft
λευκας ημερος,λευκάς ἥμερος,λευκας ημερος,SUBSTANCE:1,true,λευκας,,1,1,1,DIOSC_DMM,Dioscorides,diosc_full_v3,0.700,draft
λευκας ορεινη,λευκάς ὀρεινή,λευκας ορεινη,SUBSTANCE:1,true,λευκας,,1,1,1,DIOSC_DMM,Dioscorides,diosc_full_v3,0.780,draft
λευκη,λεύκη,λευκη,SUBSTANCE:6,false,,,5,6,6,AET_LM;DIOSC_DMM;GAL_SMT;ORIB_CM;PAUL_AEG,Aetius;Dioscorides;Galen;Oribasius;Paul,diosc_full_v3;entries_full_v3;paul_full_v3,0.887,draft
λευκη ακανθα,λευκὴ ἄκανθα,λευκη ακανθα,SUBSTANCE:2,true,ακανθα,,1,2,2,DIOSC_DMM,Dioscorides,diosc_full_v3,0.800,draft
λευκη μαστιχη,λευκή μαστίχη,λευκη μαστιχη,SUBSTANCE:1,true,μαστιχη,,1,1,1,AET_LM,Aetius,entries_full_v3,0.720,draft
λευκη σκιλλα,λευκὴ σκίλλα,λευκη σκιλλα,SUBSTANCE:1,true,σκιλλα,,1,1,1,DIOSC_DMM,Dioscorides,diosc_full_v3,0.850,draft
λευκηθρον,λεύκηθρον,λευκηθρον,SUBSTANCE:1,false,,,1,1,1,DIOSC_DMM,Dioscorides,diosc_full_v3,0.850,draft
λευκης του δενδρου ο φλοιος,λεύκης τοῦ δένδρου ὁ φλοιὸς,λευκης του δενδρου ο φλοιος,SUBSTANCE_PART:1,true,,,1,1,1,DIOSC_DMM,Dioscorides,diosc_full_v3,0.880,draft
λευκινος,λεύκινος,λευκινος,SUBSTANCE:1,false,,,1,1,1,DIOSC_DMM,Dioscorides,diosc_full_v3,0.700,draft
λευκογραφις,λευκογραφίς,λευκογραφις,SUBSTANCE:5,false,,αιγυπτος,3,5,5,AET_LM;DIOSC_DMM;PAUL_AEG,Aetius;Dioscorides;Paul,diosc_full_v3;entries_full_v3;paul_full_v3,0.734,draft
λευκοιον,λευκόϊον,λευκοιον,SUBSTANCE:11,false,,,4,11,11,AET_LM;DIOSC_DMM;GAL_SMT;PAUL_AEG,Aetius;Dioscorides;Galen;Paul,diosc_full_v3;entries_full_v3;paul_full_v3,0.694,draft
λευκοιον γνωριμον,λευκόϊον γνώριμον,λευκοιον γνωριμον,SUBSTANCE:1,true,λευκοιον,,1,1,1,DIOSC_DMM,Dioscorides,diosc_full_v3,0.850,draft
λευκον,λευκὸν,λευκον,SUBSTANCE_PART:3,false,,,2,3,3,AET_LM;DIOSC_DMM,Aetius;Dioscorides,diosc_full_v3;entries_full_v3,0.817,draft
λευκον πεπερι,λευκὸν πέπερι,λευκον πεπερι,SUBSTANCE:4,true,πεπερι,,3,4,4,AET_LM;DIOSC_DMM;GAL_SMT,Aetius;Dioscorides;Galen,diosc_full_v3;entries_full_v3,0.838,draft
λευκον τευτλον,λευκὸν τεῦτλον,λευκον τευτλον,SUBSTANCE:2,true,τευτλον,,2,2,2,GAL_SMT;ORIB_CM,Galen;Oribasius,entries_full_v3,0.875,draft
λευκον των ωων,λευκὸν τῶν ὠῶν,λευκον των ωων,SUBSTANCE_PART:1,true,,,1,1,1,GAL_SMT,Galen,entries_full_v3,0.920,draft
λευκος,λευκός,λευκος,SUBSTANCE:5,false,,,3,5,5,AET_LM;DIOSC_DMM;ORIB_CM,Aetius;Dioscorides;Oribasius,diosc_full_v3;entries_full_v3,0.600,draft
λευκος ελλεβορος,λευκὸς ἐλλέβορος,λευκος ελλεβορος,SUBSTANCE:3,true,ελλεβορος,,1,3,3,DIOSC_DMM,Dioscorides,diosc_full_v3,0.823,draft
λευκος χαλκος,λευκὸς χαλκός,λευκος χαλκος,SUBSTANCE:1,true,χαλκος,,1,1,1,DIOSC_DMM,Dioscorides,diosc_full_v3,0.850,draft
λευκος χαμαιλεων,λευκός χαμαιλέων,λευκος χαμαιλεων,SUBSTANCE:2,true,χαμαιλεων,,2,2,2,AET_LM;PAUL_AEG,Aetius;Paul,entries_full_v3;paul_full_v3,0.690,draft
λευκοτερα κοπρος,λευκοτέρα κόπρος,λευκοτερα κοπρος,SUBSTANCE:1,true,κοπρος,,1,1,1,GAL_SMT,Galen,entries_full_v3,0.800,draft
λευκοτερα κοπρος λυκου,λευκοτέρα κόπρος λύκου,λευκοτερα κοπρος λυκου,SUBSTANCE:1,true,κοπρος,,1,1,1,AET_LM,Aetius,entries_full_v3,0.820,draft
λευκου ελλεβορου φυλλα,λευκοῦ ἐλλεβόρου φύλλα,λευκου ελλεβορου φυλλα,SUBSTANCE_PART:1,true,,,1,1,1,DIOSC_DMM,Dioscorides,diosc_full_v3,0.850,draft
λευκοϊον,λευκόϊον,λευκοϊον,SUBSTANCE:1,false,,,1,1,1,ORIB_CM,Oribasius,entries_full_v3,0.840,draft
λευκω,λευκῷ,λευκω,SUBSTANCE_PART:1,false,,,1,1,1,AET_LM,Aetius,entries_full_v3,0.800,draft
λεων,λέων,λεων,SUBSTANCE:2,false,,,2,2,2,AET_LM;DIOSC_DMM,Aetius;Dioscorides,diosc_full_v3;entries_full_v3,0.700,draft
ληδον,λῆδον,ληδον,SUBSTANCE:1,false,,,1,1,1,DIOSC_DMM,Dioscorides,diosc_full_v3,0.750,draft
ληδων,λήδων,ληδων,SUBSTANCE:1,false,,,1,1,1,AET_LM,Aetius,entries_full_v3,0.780,draft
λημνια,Λημνία,λημνια,SUBSTANCE:2,false,,,2,2,2,GAL_SMT;ORIB_CM,Galen;Oribasius,entries_full_v3,0.750,draft
λημνια γη,Λημνία γῆ,λημνια γη,SUBSTANCE:4,true,γη,λημνος,3,4,4,AET_LM;DIOSC_DMM;GAL_SMT,Aetius;Dioscorides;Galen,diosc_full_v3;entries_full_v3,0.925,draft
λημνια μιλτος,Λημνία μίλτος,λημνια μιλτος,SUBSTANCE:2,true,μιλτος,λημνος,2,2,2,GAL_SMT;PAUL_AEG,Galen;Paul,entries_full_v3;paul_full_v3,0.825,draft
λημνια σφραγις,Λημνία σφραγίς,λημνια σφραγις,SUBSTANCE:1,true,σφραγις,λημνος,1,1,1,GAL_SMT,Galen,entries_full_v3,0.900,draft
λιβανετος,λιβανετός,λιβανετος,SUBSTANCE:1,false,,,1,1,1,DIOSC_DMM,Dioscorides,diosc_full_v3,0.850,draft
λιβανος,λίβανος,λιβανος,SUBSTANCE:16,false,,,4,16,16,AET_LM;DIOSC_DMM;GAL_SMT;PAUL_AEG,Aetius;Dioscorides;Galen;Paul,diosc_full_v3;entries_full_v3;paul_full_v3,0.850,draft
λιβανωτις,λιβανωτίς,λιβανωτις,SUBSTANCE:10,false,,,5,10,10,AET_LM;DIOSC_DMM;GAL_SMT;ORIB_CM;PAUL_AEG,Aetius;Dioscorides;Galen;Oribasius;Paul,diosc_full_v3;entries_full_v3;paul_full_v3,0.812,draft
λιβανωτος,λιβανωτός,λιβανωτος,SUBSTANCE:37,false,,,5,37,37,AET_LM;DIOSC_DMM;GAL_SMT;ORIB_CM;PAUL_AEG,Aetius;Dioscorides;Galen;Oribasius;Paul,diosc_full_v3;entries_full_v3;paul_full_v3,0.861,draft
λιβυκη καππαρις,Λιβυκὴ κάππαρις,λιβυκη καππαρις,SUBSTANCE:1,true,καππαρις,,1,1,1,DIOSC_DMM,Dioscorides,diosc_full_v3,0.820,draft
λιβυκον,Λιβυκόν,λιβυκον,SUBSTANCE:2,false,,,2,2,2,GAL_SMT;ORIB_CM,Galen;Oribasius,entries_full_v3,0.765,draft
λιβυκος,Λιβυκός,λιβυκος,SUBSTANCE:1,false,,λιβυη,1,1,1,DIOSC_DMM,Dioscorides,diosc_full_v3,0.750,draft
λιβυστικον,λιβυστικόν,λιβυστικον,SUBSTANCE:2,false,,,1,2,2,GAL_SMT,Galen,entries_full_v3,0.880,draft
λιγγουα,λίγγουα,λιγγουα,SUBSTANCE:1,false,,,1,1,1,DIOSC_DMM,Dioscorides,diosc_full_v3,0.500,draft
λιγγουα κανινα,λίγγουα κανίνα,λιγγουα κανινα,SUBSTANCE:1,true,λιγγουα,,1,1,1,DIOSC_DMM,Dioscorides,diosc_full_v3,0.550,draft
λιγγουα κανις,λίγγουα κάνις,λιγγουα κανις,SUBSTANCE:1,true,λιγγουα,,1,1,1,DIOSC_DMM,Dioscorides,diosc_full_v3,0.550,draft
λιγγουριον,λιγγούριον,λιγγουριον,SUBSTANCE:1,false,,,1,1,1,AET_LM,Aetius,entries_full_v3,0.800,draft
λιγνυς,λιγνύς,λιγνυς,SUBSTANCE:10,false,,,5,10,10,AET_LM;DIOSC_DMM;GAL_SMT;ORIB_CM;PAUL_AEG,Aetius;Dioscorides;Galen;Oribasius;Paul,diosc_full_v3;entries_full_v3;paul_full_v3,0.889,draft
λιγνυς λιβανου,λιγνύς λιβάνου,λιγνυς λιβανου,SUBSTANCE:1,true,λιγνυς,,1,1,1,AET_LM,Aetius,entries_full_v3,0.800,draft
λιγνυς λιβανωτου,λιγνὺς λιβανωτοῦ,λιγνυς λιβανωτου,SUBSTANCE:1,true,λιγνυς,,1,1,1,GAL_SMT,Galen,entries_full_v3,0.700,draft
λιγυστικον,λιγυστικόν,λιγυστικον,SUBSTANCE:4,false,,,4,4,4,AET_LM;DIOSC_DMM;ORIB_CM;PAUL_AEG,Aetius;Dioscorides;Oribasius;Paul,diosc_full_v3;entries_full_v3;paul_full_v3,0.907,draft
λιδανωτις,λιδανωτίς,λιδανωτις,SUBSTANCE:1,false,,,1,1,1,DIOSC_DMM,Dioscorides,diosc_full_v3,0.780,draft
λιθαργυρος,λιθάργυρος,λιθαργυρος,SUBSTANCE:23,false,,,5,23,23,AET_LM;DIOSC_DMM;GAL_SMT;ORIB_CM;PAUL_AEG,Aetius;Dioscorides;Galen;Oribasius;Paul,diosc_full_v3;entries_full_v3;paul_full_v3,0.896,draft
λιθιδιον,λιθίδιον,λιθιδιον,SUBSTANCE:2,false,,,2,2,2,GAL_SMT;ORIB_CM,Galen;Oribasius,entries_full_v3,0.615,draft
λιθοδενδρον,λιθόδενδρον,λιθοδενδρον,SUBSTANCE:1,false,,,1,1,1,DIOSC_DMM,Dioscorides,diosc_full_v3,0.850,draft
λιθοκολλα,λιθοκόλλα,λιθοκολλα,SUBSTANCE:1,false,,,1,1,1,DIOSC_DMM,Dioscorides,diosc_full_v3,0.900,draft
λιθος,λίθος,λιθος,SUBSTANCE:98,false,,αιγυπτος;αραβια;ιβηρια;κυπρος,5,98,98,AET_LM;DIOSC_DMM;GAL_SMT;ORIB_CM;PAUL_AEG,Aetius;Dioscorides;Galen;Oribasius;Paul,diosc_full_v3;entries_full_v3;paul_full_v3,0.749,draft
λιθος αγηρατος,λίθος ἀγήρατος,λιθος αγηρατος,SUBSTANCE:2,true,λιθος,,2,2,2,AET_LM;GAL_SMT,Aetius;Galen,entries_full_v3,0.900,draft
λιθος αετιτης,λίθος ἀετίτης,λιθος αετιτης,SUBSTANCE:1,true,λιθος,,1,1,1,AET_LM,Aetius,entries_full_v3,0.920,draft
λιθος αιγυπτιος,λίθος Αἰγύπτιος,λιθος αιγυπτιος,SUBSTANCE:2,true,λιθος,αιγυπτος,2,2,2,DIOSC_DMM;PAUL_AEG,Dioscorides;Paul,diosc_full_v3;paul_full_v3,0.790,draft
λιθος αιματιτης,λίθος αἱματίτης,λιθος αιματιτης,SUBSTANCE:1,true,λιθος,,1,1,1,AET_LM,Aetius,entries_full_v3,0.950,draft
λιθος αλαβαστριτης,λίθος ἀλαβαστρίτης,λιθος αλαβαστριτης,SUBSTANCE:1,true,λιθος,,1,1,1,DIOSC_DMM,Dioscorides,diosc_full_v3,0.900,draft
λιθος αμιαντος,λίθος ἀμίαντος,λιθος αμιαντος,SUBSTANCE:1,true,λιθος,κυπρος,1,1,1,DIOSC_DMM,Dioscorides,diosc_full_v3,0.900,draft
λιθος ασσιος,λίθος Ἄσσιος,λιθος ασσιος,SUBSTANCE:2,true,λιθος,ασσος,2,2,2,AET_LM;DIOSC_DMM,Aetius;Dioscorides,diosc_full_v3;entries_full_v3,0.900,draft
λιθος γαγατης,λίθος γαγάτης,λιθος γαγατης,SUBSTANCE:1,true,λιθος,,1,1,1,DIOSC_DMM,Dioscorides,diosc_full_v3,0.750,draft
λιθος γεωδης,λίθος γεώδης,λιθος γεωδης,SUBSTANCE:1,true,λιθος,,1,1,1,DIOSC_DMM,Dioscorides,diosc_full_v3,0.900,draft
λιθος θυιτης,λίθος θυίτης,λιθος θυιτης,SUBSTANCE:1,true,λιθος,αιθιοπια,1,1,1,DIOSC_DMM,Dioscorides,diosc_full_v3,0.840,draft
λιθος ιουδαικος,λίθος Ἰουδαϊκός,λιθος ιουδαικος,SUBSTANCE:2,true,λιθος,ιουδαια,2,2,2,DIOSC_DMM;ORIB_CM,Dioscorides;Oribasius,diosc_full_v3;entries_full_v3,0.800,draft
λιθος κατ' αιγυπτον γεννωμενος,λίθος κατ' Αἴγυπτον γεννώμενος,λιθος κατ' αιγυπτον γεννωμενος,SUBSTANCE:1,true,λιθος,αιγυπτος,1,1,1,AET_LM,Aetius,entries_full_v3,0.500,draft
λιθος μελας,λίθος μέλας,λιθος μελας,SUBSTANCE:1,true,λιθος,,1,1,1,GAL_SMT,Galen,entries_full_v3,0.780,draft
λιθος μεμφιτης,λίθος Μεμφίτης,λιθος μεμφιτης,SUBSTANCE:1,true,λιθος,μεμφις,1,1,1,DIOSC_DMM,Dioscorides,diosc_full_v3,0.920,draft
λιθος μοροχθος,λίθος μόροχθος,λιθος μοροχθος,SUBSTANCE:1,true,λιθος,αιγυπτος,1,1,1,DIOSC_DMM,Dioscorides,diosc_full_v3,0.900,draft
λιθος οστρακιτης,λίθος ὀστρακίτης,λιθος οστρακιτης,SUBSTANCE:2,true,λιθος,,2,2,2,DIOSC_DMM;ORIB_CM,Dioscorides;Oribasius,diosc_full_v3;entries_full_v3,0.900,draft
λιθος οφιτης,λίθος ὀφίτης,λιθος οφιτης,SUBSTANCE:1,true,λιθος,,1,1,1,DIOSC_DMM,Dioscorides,diosc_full_v3,0.950,draft
λιθος παριος,λίθος Πάριος,λιθος παριος,SUBSTANCE:1,true,λιθος,παρος,1,1,1,DIOSC_DMM,Dioscorides,diosc_full_v3,0.830,draft
λιθος πλακωδης,λίθος πλακώδης,λιθος πλακωδης,SUBSTANCE:1,true,λιθος,,1,1,1,GAL_SMT,Galen,entries_full_v3,0.720,draft
λιθος πυριτης,λίθος πυρίτης,λιθος πυριτης,SUBSTANCE:1,true,λιθος,,1,1,1,DIOSC_DMM,Dioscorides,diosc_full_v3,0.760,draft
λιθος σαπφειρος,λίθος σάπφειρος,λιθος σαπφειρος,SUBSTANCE:1,true,λιθος,,1,1,1,DIOSC_DMM,Dioscorides,diosc_full_v3,0.900,draft
λιθος σεληνιτης,λίθος σεληνίτης,λιθος σεληνιτης,SUBSTANCE:1,true,λιθος,αραβια,1,1,1,DIOSC_DMM,Dioscorides,diosc_full_v3,0.920,draft
λιθος σχιστος,λίθος σχιστός,λιθος σχιστος,SUBSTANCE:1,true,λιθος,,1,1,1,AET_LM,Aetius,entries_full_v3,0.900,draft
λιθος φρυγιος,λίθος Φρύγιος,λιθος φρυγιος,SUBSTANCE:2,true,λιθος,φρυγια,2,2,2,AET_LM;DIOSC_DMM,Aetius;Dioscorides,diosc_full_v3;entries_full_v3,0.950,draft
λιθοσπερμον,λιθόσπερμον,λιθοσπερμον,SUBSTANCE:3,false,,,2,3,3,DIOSC_DMM;PAUL_AEG,Dioscorides;Paul,diosc_full_v3;paul_full_v3,0.850,draft
λιθωδης καδμεια,λιθώδης καδμεία,λιθωδης καδμεια,SUBSTANCE:1,true,καδμεια,,1,1,1,GAL_SMT,Galen,entries_full_v3,0.850,draft
λιμναιον αλκυονιον,λιμναῖον ἀλκυόνιον,λιμναιον αλκυονιον,SUBSTANCE:1,true,αλκυονιον,,1,1,1,DIOSC_DMM,Dioscorides,diosc_full_v3,0.780,draft
λιμναιος,λιμναῖος,λιμναιος,SUBSTANCE:1,false,,,1,1,1,DIOSC_DMM,Dioscorides,diosc_full_v3,0.760,draft
λιμνη,λίμνη,λιμνη,SUBSTANCE:1,false,,,1,1,1,GAL_SMT,Galen,entries_full_v3,0.760,draft
λιμνησιον,λιμνήσιον,λιμνησιον,SUBSTANCE:1,false,,,1,1,1,DIOSC_DMM,Dioscorides,diosc_full_v3,0.800,draft
λινοδρυς,λινόδρυς,λινοδρυς,SUBSTANCE:1,false,,,1,1,1,DIOSC_DMM,Dioscorides,diosc_full_v3,0.800,draft
λινοζωστης,λινοζώστης,λινοζωστης,SUBSTANCE:1,false,,,1,1,1,DIOSC_DMM,Dioscorides,diosc_full_v3,0.550,draft
λινοζωστις,λινόζωστις,λινοζωστις,SUBSTANCE:7,false,,,4,7,7,AET_LM;DIOSC_DMM;GAL_SMT;PAUL_AEG,Aetius;Dioscorides;Galen;Paul,diosc_full_v3;entries_full_v3;paul_full_v3,0.850,draft
λινοζωστις αγρια αρρην,λινόζωστις ἀγρία ἄρρην,λινοζωστις αγρια αρρην,SUBSTANCE:1,true,λινοζωστις,,1,1,1,DIOSC_DMM,Dioscorides,diosc_full_v3,0.750,draft
λινον,λῖνον,λινον,SUBSTANCE:6,false,,,2,6,6,DIOSC_DMM;PAUL_AEG,Dioscorides;Paul,diosc_full_v3;paul_full_v3,0.728,draft
λινοσπερμινος,λινοσπέρμινος,λινοσπερμινος,SUBSTANCE:1,false,,,1,1,1,AET_LM,Aetius,entries_full_v3,0.700,draft
λινοσπερμον,λινοσπέρμον,λινοσπερμον,SUBSTANCE:13,false,,,5,13,13,AET_LM;DIOSC_DMM;GAL_SMT;ORIB_CM;PAUL_AEG,Aetius;Dioscorides;Galen;Oribasius;Paul,diosc_full_v3;entries_full_v3;paul_full_v3,0.862,draft
λιπαρα γη,λιπαρὰ γῆ,λιπαρα γη,SUBSTANCE:1,true,γη,,1,1,1,GAL_SMT,Galen,entries_full_v3,0.740,draft
λιπαρας,λιπαρᾶς,λιπαρας,SUBSTANCE_PART:1,false,,,1,1,1,PAUL_AEG,Paul,paul_full_v3,0.800,draft
λιπαρια,λιπαρία,λιπαρια,SUBSTANCE:2,false,,,2,2,2,AET_LM;DIOSC_DMM,Aetius;Dioscorides,diosc_full_v3;entries_full_v3,0.735,draft
λιπαρον,λιπαρόν,λιπαρον,SUBSTANCE:1;SUBSTANCE_PART:1,false,,,2,2,2,DIOSC_DMM;GAL_ALIM,Dioscorides;Galen,diosc_full_v3;entries_full_v3,0.775,draft
λιπαρος,λιπαρός,λιπαρος,SUBSTANCE:1,false,,,1,1,1,ORIB_CM,Oribasius,entries_full_v3,0.700,draft
λιπαρωτατον,λιπαρώτατον,λιπαρωτατον,SUBSTANCE_PART:1,false,,,1,1,1,ORIB_CM,Oribasius,entries_full_v3,0.600,draft
λιπος,λίπος,λιπος,SUBSTANCE:7,true,λιπος,,5,7,7,AET_LM;DIOSC_DMM;GAL_SMT;ORIB_CM;PAUL_AEG,Aetius;Dioscorides;Galen;Oribasius;Paul,diosc_full_v3;entries_full_v3;paul_full_v3,0.863,draft
λιπος υος,λίπος ὗος,λιπος υος,SUBSTANCE:1,true,λιπος,,1,1,1,ORIB_CM,Oribasius,entries_full_v3,0.760,draft
λιτος ζωμος,λιτός ζωμός,λιτος ζωμος,SUBSTANCE:1,true,ζωμος,,1,1,1,PAUL_AEG,Paul,paul_full_v3,0.860,draft
λιτρον,λίτρον,λιτρον,SUBSTANCE:7,false,,,5,7,7,AET_LM;GAL_ALIM;GAL_SMT;ORIB_CM;PAUL_AEG,Aetius;Galen;Oribasius;Paul,entries_full_v3;paul_full_v3,0.870,draft
λιτρου αφρος,λίτρου ἀφρός,λιτρου αφρος,SUBSTANCE_PART:1,true,,,1,1,1,ORIB_CM,Oribasius,entries_full_v3,0.850,draft
λοβιον,λόβιον,λοβιον,SUBSTANCE:2,false,,,1,2,2,AET_LM,Aetius,entries_full_v3,0.790,draft
λοβοι,λοβοὶ,λοβοι,SUBSTANCE_PART:3,false,,,1,3,3,DIOSC_DMM,Dioscorides,diosc_full_v3,0.843,draft
λοβοις,λοβοῖς,λοβοις,SUBSTANCE_PART:6,false,,,1,6,6,DIOSC_DMM,Dioscorides,diosc_full_v3,0.758,draft
λοβον,λοβὸν,λοβον,SUBSTANCE_PART:1,false,,,1,1,1,DIOSC_DMM,Dioscorides,diosc_full_v3,0.720,draft
λοβος,λοβός,λοβος,SUBSTANCE:1;SUBSTANCE_PART:1,false,,,2,2,2,AET_LM;DIOSC_DMM,Aetius;Dioscorides,diosc_full_v3;entries_full_v3,0.705,draft
λοβους,λοβούς,λοβους,SUBSTANCE_PART:4,false,,,1,4,4,DIOSC_DMM,Dioscorides,diosc_full_v3,0.772,draft
λοβους ονομαζει τα περιεχοντα το σπερμα των τοιουτων οσπριων,λοβοὺς ὀνομάζει τὰ περιέχοντα τὸ σπέρμα τῶν τοιούτων ὀσπρίων,λοβους ονομαζει τα περιεχοντα το σπερμα των τοιουτων οσπριων,SUBSTANCE_PART:1,true,,,1,1,1,GAL_ALIM,Galen,entries_full_v3,0.680,draft
λογχιτις,λογχίτις,λογχιτις,SUBSTANCE:6,false,,,4,6,6,AET_LM;DIOSC_DMM;GAL_SMT;PAUL_AEG,Aetius;Dioscorides;Galen;Paul,diosc_full_v3;entries_full_v3;paul_full_v3,0.888,draft
λογχιτις τραχεια,λογχῖτις τραχεῖα,λογχιτις τραχεια,SUBSTANCE:1,true,λογχιτις,,1,1,1,DIOSC_DMM,Dioscorides,diosc_full_v3,0.780,draft
λοπιμα,λόπιμα,λοπιμα,SUBSTANCE:1,false,,,1,1,1,DIOSC_DMM,Dioscorides,diosc_full_v3,0.580,draft
λοπιμος,λόπιμος,λοπιμος,SUBSTANCE:1,false,,,1,1,1,AET_LM,Aetius,entries_full_v3,0.600,draft
λουφα,λοῦφα,λουφα,SUBSTANCE:1,false,,,1,1,1,DIOSC_DMM,Dioscorides,diosc_full_v3,0.600,draft
λοχεια,λοχεῖα,λοχεια,SUBSTANCE:2,false,,,1,2,2,DIOSC_DMM,Dioscorides,diosc_full_v3,0.725,draft
λοχειον,λοχεῖον,λοχειον,SUBSTANCE:1,false,,,1,1,1,DIOSC_DMM,Dioscorides,diosc_full_v3,0.700,draft
λοχια,λόχια,λοχια,SUBSTANCE:1,false,,,1,1,1,DIOSC_DMM,Dioscorides,diosc_full_v3,0.800,draft
λυγγουριον,λυγγούριον,λυγγουριον,SUBSTANCE:1,false,,,1,1,1,DIOSC_DMM,Dioscorides,diosc_full_v3,0.740,draft
λυγος,λύγος,λυγος,SUBSTANCE:5,false,,,4,5,5,AET_LM;DIOSC_DMM;GAL_SMT;PAUL_AEG,Aetius;Dioscorides;Galen;Paul,diosc_full_v3;entries_full_v3;paul_full_v3,0.870,draft
λυγου σπερματος,λύγου σπέρματος,λυγου σπερματος,SUBSTANCE_PART:1,true,,,1,1,1,AET_LM,Aetius,entries_full_v3,0.850,draft
λυκαψος,λυκαψός,λυκαψος,SUBSTANCE:5,false,,,4,5,5,AET_LM;DIOSC_DMM;ORIB_CM;PAUL_AEG,Aetius;Dioscorides;Oribasius;Paul,diosc_full_v3;entries_full_v3;paul_full_v3,0.850,draft
λυκεια κοπρος,λυκεία κόπρος,λυκεια κοπρος,SUBSTANCE:1,true,κοπρος,,1,1,1,GAL_SMT,Galen,entries_full_v3,0.900,draft
λυκιον,λύκιον,λυκιον,SUBSTANCE:17,false,,,5,17,17,AET_LM;DIOSC_DMM;GAL_SMT;ORIB_CM;PAUL_AEG,Aetius;Dioscorides;Galen;Oribasius;Paul,diosc_full_v3;entries_full_v3;paul_full_v3,0.824,draft
λυκιον ινδικον,λύκιον Ἰνδικόν,λυκιον ινδικον,SUBSTANCE:1,true,λυκιον,,1,1,1,GAL_SMT,Galen,entries_full_v3,0.800,draft
λυκοκτονον,λυκοκτόνον,λυκοκτονον,SUBSTANCE:5,false,,,4,5,5,DIOSC_DMM;GAL_SMT;ORIB_CM;PAUL_AEG,Dioscorides;Galen;Oribasius;Paul,diosc_full_v3;entries_full_v3;paul_full_v3,0.804,draft
λυκος,λύκος,λυκος,SUBSTANCE:3,false,,,3,3,3,DIOSC_DMM;GAL_SMT;PAUL_AEG,Dioscorides;Galen;Paul,diosc_full_v3;entries_full_v3;paul_full_v3,0.733,draft
λυκοψις,λύκοψις,λυκοψις,SUBSTANCE:1,false,,,1,1,1,GAL_SMT,Galen,entries_full_v3,0.840,draft
λυρον,λύρον,λυρον,SUBSTANCE:1,false,,,1,1,1,DIOSC_DMM,Dioscorides,diosc_full_v3,0.650,draft
λυσιμαχειον,Λυσιμάχειον,λυσιμαχειον,SUBSTANCE:1,false,,,1,1,1,ORIB_CM,Oribasius,entries_full_v3,0.820,draft
λυσιμαχειος,λυσιμάχειος,λυσιμαχειος,SUBSTANCE:2,false,,,2,2,2,DIOSC_DMM;ORIB_CM,Dioscorides;Oribasius,diosc_full_v3;entries_full_v3,0.875,draft
λυσιμαχιον,λυσιμάχιον,λυσιμαχιον,SUBSTANCE:1,false,,,1,1,1,PAUL_AEG,Paul,paul_full_v3,0.980,draft
λυσιμαχιος,λυσιμάχιος,λυσιμαχιος,SUBSTANCE:2,false,,,2,2,2,AET_LM;GAL_SMT,Aetius;Galen,entries_full_v3,0.850,draft
λυσις,λύσις,λυσις,SUBSTANCE:3,false,,,1,3,3,DIOSC_DMM,Dioscorides,diosc_full_v3,0.647,draft
λυχνιαιον,λυχνιαῖον,λυχνιαιον,SUBSTANCE:1,false,,,1,1,1,AET_LM,Aetius,entries_full_v3,0.700,draft
λυχνιδος το σπερμα,Λυχνίδος τὸ σπέρμα,λυχνιδος το σπερμα,SUBSTANCE_PART:1,true,,,1,1,1,PAUL_AEG,Paul,paul_full_v3,0.920,draft
λυχνις,λυχνίς,λυχνις,SUBSTANCE:8,false,,,4,8,8,DIOSC_DMM;GAL_SMT;ORIB_CM;PAUL_AEG,Dioscorides;Galen;Oribasius;Paul,diosc_full_v3;entries_full_v3;paul_full_v3,0.782,draft
λυχνις αγρια,λυχνίς ἀγρία,λυχνις αγρια,SUBSTANCE:2,true,λυχνις,,1,2,2,DIOSC_DMM,Dioscorides,diosc_full_v3,0.820,draft
λυχνις η εις τους στεφανους,λυχνίς ἡ εἰς τοὺς στεφάνους,λυχνις η εις τους στεφανους,SUBSTANCE:2,true,λυχνις,,2,2,2,GAL_SMT;ORIB_CM,Galen;Oribasius,entries_full_v3,0.685,draft
λυχνις στεφανωματικη,λυχνίς στεφανωματική,λυχνις στεφανωματικη,SUBSTANCE:1,true,λυχνις,,1,1,1,DIOSC_DMM,Dioscorides,diosc_full_v3,0.880,draft
λυχνιτις,λυχνῖτις,λυχνιτις,SUBSTANCE:1,false,,,1,1,1,DIOSC_DMM,Dioscorides,diosc_full_v3,0.840,draft
λωτινου καρπου,λωτίνου καρποῦ,λωτινου καρπου,SUBSTANCE_PART:1,true,,,1,1,1,DIOSC_DMM,Dioscorides,diosc_full_v3,0.560,draft
λωτος,λωτός,λωτος,SUBSTANCE:17,false,,αιγυπτος,5,17,17,AET_LM;DIOSC_DMM;GAL_SMT;ORIB_CM;PAUL_AEG,Aetius;Dioscorides;Galen;Oribasius;Paul,diosc_full_v3;entries_full_v3;paul_full_v3,0.865,draft
λωτος αγριος,λωτός ἄγριος,λωτος αγριος,SUBSTANCE:6,true,λωτος,λιβυη,5,6,6,AET_LM;DIOSC_DMM;GAL_SMT;ORIB_CM;PAUL_AEG,Aetius;Dioscorides;Galen;Oribasius;Paul,diosc_full_v3;entries_full_v3;paul_full_v3,0.813,draft
λωτος αιγυπτιος,λωτός Αἰγύπτιος,λωτος αιγυπτιος,SUBSTANCE:1,true,λωτος,αιγυπτιος,1,1,1,PAUL_AEG,Paul,paul_full_v3,0.520,draft
λωτος ημερος,λωτός ἥμερος,λωτος ημερος,SUBSTANCE:4,true,λωτος,,4,4,4,AET_LM;GAL_SMT;ORIB_CM;PAUL_AEG,Aetius;Galen;Oribasius;Paul,entries_full_v3;paul_full_v3,0.883,draft
λωτος το δενδρον,Λωτὸς τὸ δένδρον,λωτος το δενδρον,SUBSTANCE_PART:1,true,,,1,1,1,PAUL_AEG,Paul,paul_full_v3,0.900,draft
λωτος τριφυλλος,λωτός τρίφυλλος,λωτος τριφυλλος,SUBSTANCE:1,true,λωτος,,1,1,1,DIOSC_DMM,Dioscorides,diosc_full_v3,0.720,draft
λωτου αγριου σπερματος,λωτοῦ ἀγρίου σπέρματος,λωτου αγριου σπερματος,SUBSTANCE_PART:1,true,,,1,1,1,DIOSC_DMM,Dioscorides,diosc_full_v3,0.850,draft
μαγνητης λιθος,μαγνήτης λίθος,μαγνητης λιθος,SUBSTANCE:1,true,λιθος,,1,1,1,DIOSC_DMM,Dioscorides,diosc_full_v3,0.920,draft
μαγνητις,μαγνῆτις,μαγνητις,SUBSTANCE:4,false,,,4,4,4,AET_LM;DIOSC_DMM;ORIB_CM;PAUL_AEG,Aetius;Dioscorides;Oribasius;Paul,diosc_full_v3;entries_full_v3;paul_full_v3,0.825,draft
μαγνητις λιθος,μαγνῆτις λίθος,μαγνητις λιθος,SUBSTANCE:1,true,λιθος,,1,1,1,AET_LM,Aetius,entries_full_v3,0.950,draft
μαγνητις πετρα,μαγνῆτις πέτρα,μαγνητις πετρα,SUBSTANCE:1,true,πετρα,,1,1,1,DIOSC_DMM,Dioscorides,diosc_full_v3,0.750,draft
μαγνιτις,μαγνῖτις,μαγνιτις,SUBSTANCE:1,false,,,1,1,1,GAL_SMT,Galen,entries_full_v3,0.930,draft
μαγυδαρις,μαγύδαρις,μαγυδαρις,SUBSTANCE:1,false,,,1,1,1,DIOSC_DMM,Dioscorides,diosc_full_v3,0.860,draft
μαδον,μάδον,μαδον,SUBSTANCE:1,false,,,1,1,1,DIOSC_DMM,Dioscorides,diosc_full_v3,0.720,draft
μαζα,μᾶζα,μαζα,SUBSTANCE:1,false,,,1,1,1,DIOSC_DMM,Dioscorides,diosc_full_v3,0.800,draft
μαινας,μαινάς,μαινας,SUBSTANCE:1,false,,,1,1,1,AET_LM,Aetius,entries_full_v3,0.550,draft
μαινιδος κεφαλη,μαινίδος κεφαλὴ,μαινιδος κεφαλη,SUBSTANCE_PART:1,true,,,1,1,1,DIOSC_DMM,Dioscorides,diosc_full_v3,0.900,draft
μαινιδων κεφαλων,μαινίδων κεφαλῶν,μαινιδων κεφαλων,SUBSTANCE_PART:1,true,,,1,1,1,DIOSC_DMM,Dioscorides,diosc_full_v3,0.600,draft
μαινιδων κεφαλων κεκαυμενων,Μαινίδων κεφαλῶν κεκαυμένων,μαινιδων κεφαλων κεκαυμενων,SUBSTANCE_PART:1,true,,,1,1,1,ORIB_CM,Oribasius,entries_full_v3,0.780,draft
μαινις,μαινίς,μαινις,SUBSTANCE:5,false,,,4,5,5,AET_LM;DIOSC_DMM;GAL_SMT;PAUL_AEG,Aetius;Dioscorides;Galen;Paul,diosc_full_v3;entries_full_v3;paul_full_v3,0.660,draft
μαινις ταριχηρα,μαινίς ταριχηρά,μαινις ταριχηρα,SUBSTANCE:1,true,μαινις,,1,1,1,AET_LM,Aetius,entries_full_v3,0.700,draft
μακερ,μάκερ,μακερ,SUBSTANCE:3,false,,ινδικη,2,3,3,AET_LM;GAL_SMT,Aetius;Galen,entries_full_v3,0.783,draft
μακερ φλοιος,μάκερ φλοιός,μακερ φλοιος,SUBSTANCE_PART:3,true,,ινδικη,3,3,3,AET_LM;GAL_SMT;PAUL_AEG,Aetius;Galen;Paul,entries_full_v3;paul_full_v3,0.873,draft
μακιρ,Μάκιρ,μακιρ,SUBSTANCE:2,false,,,2,2,2,DIOSC_DMM;ORIB_CM,Dioscorides;Oribasius,diosc_full_v3;entries_full_v3,0.875,draft
μακιρ φλοιος,Μάκιρ φλοιός,μακιρ φλοιος,SUBSTANCE_PART:2,true,,,2,2,2,DIOSC_DMM;ORIB_CM,Dioscorides;Oribasius,diosc_full_v3;entries_full_v3,0.875,draft
μακρα,μακρά,μακρα,SUBSTANCE:1,false,,,1,1,1,GAL_SMT,Galen,entries_full_v3,0.720,draft
μακρα αριστολοχεια,μακρά ἀριστολοχεία,μακρα αριστολοχεια,SUBSTANCE:1,true,αριστολοχεια,,1,1,1,DIOSC_DMM,Dioscorides,diosc_full_v3,0.900,draft
μακρον πεπερι,μακρὸν πέπερι,μακρον πεπερι,SUBSTANCE:7,true,πεπερι,,5,7,7,AET_LM;DIOSC_DMM;GAL_SMT;ORIB_CM;PAUL_AEG,Aetius;Dioscorides;Galen;Oribasius;Paul,diosc_full_v3;entries_full_v3;paul_full_v3,0.817,draft
μακροπεπερι,μακροπέπερι,μακροπεπερι,SUBSTANCE:1,false,,,1,1,1,GAL_SMT,Galen,entries_full_v3,0.900,draft
μακρος,μακρός,μακρος,SUBSTANCE:2,false,,,2,2,2,AET_LM;ORIB_CM,Aetius;Oribasius,entries_full_v3,0.610,draft
μαλαβαθρινον,μαλαβάθρινον,μαλαβαθρινον,SUBSTANCE:1,false,,,1,1,1,DIOSC_DMM,Dioscorides,diosc_full_v3,0.900,draft
μαλαβαθρινου φυλλου,μαλαβαθρίνου φύλλου,μαλαβαθρινου φυλλου,SUBSTANCE_PART:1,true,,,1,1,1,DIOSC_DMM,Dioscorides,diosc_full_v3,0.860,draft
μαλαβαθρον,μαλάβαθρον,μαλαβαθρον,SUBSTANCE:9,false,,,5,9,9,AET_LM;DIOSC_DMM;GAL_SMT;ORIB_CM;PAUL_AEG,Aetius;Dioscorides;Galen;Oribasius;Paul,diosc_full_v3;entries_full_v3;paul_full_v3,0.848,draft
μαλαβαθρου το φυλλον,Μαλαβάθρου τὸ φύλλον,μαλαβαθρου το φυλλον,SUBSTANCE_PART:1,true,,,1,1,1,ORIB_CM,Oribasius,entries_full_v3,0.880,draft
μαλαβαθρου φυλλον,μαλαβάθρου φύλλον,μαλαβαθρου φυλλον,SUBSTANCE_PART:3,true,,,3,3,3,AET_LM;GAL_SMT;PAUL_AEG,Aetius;Galen;Paul,entries_full_v3;paul_full_v3,0.887,draft
μαλαβαθρου φυλλου,μαλαβάθρου φύλλου,μαλαβαθρου φυλλου,SUBSTANCE_PART:1,true,,,1,1,1,DIOSC_DMM,Dioscorides,diosc_full_v3,0.740,draft
μαλακιον,μαλάκιον,μαλακιον,SUBSTANCE:1,false,,,1,1,1,AET_LM,Aetius,entries_full_v3,0.800,draft
μαλακος και νεοπαγης τυρος,μαλακός καὶ νεοπαγής τυρός,μαλακος και νεοπαγης τυρος,SUBSTANCE:1,true,τυρος,,1,1,1,ORIB_CM,Oribasius,entries_full_v3,0.850,draft
μαλαχη,μαλάχη,μαλαχη,SUBSTANCE:18,false,,,5,18,18,AET_LM;GAL_ALIM;GAL_SMT;ORIB_CM;PAUL_AEG,Aetius;Galen;Oribasius;Paul,entries_full_v3;paul_full_v3,0.880,draft
μαλαχη αγρια,μαλάχη ἀγρία,μαλαχη αγρια,SUBSTANCE:5,true,μαλαχη,,4,5,5,AET_LM;GAL_SMT;ORIB_CM;PAUL_AEG,Aetius;Galen;Oribasius;Paul,entries_full_v3;paul_full_v3,0.874,draft
μαλαχη κηπευομενη,μαλάχη κηπευομένη,μαλαχη κηπευομενη,SUBSTANCE:1,true,μαλαχη,,1,1,1,GAL_SMT,Galen,entries_full_v3,0.850,draft
μαλαχη κηπευτη,μαλάχη κηπευτή,μαλαχη κηπευτη,SUBSTANCE:1,true,μαλαχη,,1,1,1,PAUL_AEG,Paul,paul_full_v3,0.860,draft
μαλδακον,μάλδακον,μαλδακον,SUBSTANCE:1,false,,,1,1,1,DIOSC_DMM,Dioscorides,diosc_full_v3,0.780,draft
μαμιρας,μαμιράς,μαμιρας,SUBSTANCE:1,false,,,1,1,1,PAUL_AEG,Paul,paul_full_v3,0.920,draft
μανδραγορα,μανδραγόρα,μανδραγορα,SUBSTANCE:4,false,,,3,4,4,AET_LM;DIOSC_DMM;ORIB_CM,Aetius;Dioscorides;Oribasius,diosc_full_v3;entries_full_v3,0.843,draft
μανδραγορας,μανδραγόρας,μανδραγορας,SUBSTANCE:8,false,,,5,8,8,AET_LM;DIOSC_DMM;GAL_SMT;ORIB_CM;PAUL_AEG,Aetius;Dioscorides;Galen;Oribasius;Paul,diosc_full_v3;entries_full_v3;paul_full_v3,0.929,draft
μανδραγορας λευκος,μανδραγόρας λευκός,μανδραγορας λευκος,SUBSTANCE:1,true,μανδραγορας,,1,1,1,DIOSC_DMM,Dioscorides,diosc_full_v3,0.800,draft
μανζιζανιον,μανζιζάνιον,μανζιζανιον,SUBSTANCE:1,false,,,1,1,1,AET_LM,Aetius,entries_full_v3,0.850,draft
μανικον,μανικόν,μανικον,SUBSTANCE:2,false,,,2,2,2,GAL_SMT;ORIB_CM,Galen;Oribasius,entries_full_v3,0.690,draft
μαννα,μάννα,μαννα,SUBSTANCE:4,false,,,2,4,4,DIOSC_DMM;PAUL_AEG,Dioscorides;Paul,diosc_full_v3;paul_full_v3,0.838,draft
μαννα δε λιβανου,μάννα δὲ λιβάνου,μαννα δε λιβανου,SUBSTANCE_PART:1,true,,,1,1,1,DIOSC_DMM,Dioscorides,diosc_full_v3,0.850,draft
μαννα λιβανου,μάννα λιβάνου,μαννα λιβανου,SUBSTANCE:1,true,μαννα,,1,1,1,PAUL_AEG,Paul,paul_full_v3,0.850,draft
μαραθον,μάραθον,μαραθον,SUBSTANCE:20,false,,,2,20,20,DIOSC_DMM;ORIB_CM,Dioscorides;Oribasius,diosc_full_v3;entries_full_v3,0.798,draft
μαραθου σπερμα,μαράθου σπέρμα,μαραθου σπερμα,SUBSTANCE_PART:1,true,,,1,1,1,DIOSC_DMM,Dioscorides,diosc_full_v3,0.800,draft
μαραθου σπερματι,μαράθου σπέρματι,μαραθου σπερματι,SUBSTANCE_PART:1,true,,,1,1,1,DIOSC_DMM,Dioscorides,diosc_full_v3,0.800,draft
μαραθρον,μάραθρον,μαραθρον,SUBSTANCE:7,false,,,4,7,7,AET_LM;DIOSC_DMM;GAL_SMT;PAUL_AEG,Aetius;Dioscorides;Galen;Paul,diosc_full_v3;entries_full_v3;paul_full_v3,0.899,draft
μαραθρον αγριον,μάραθρον ἄγριον,μαραθρον αγριον,SUBSTANCE:1,true,μαραθρον,,1,1,1,GAL_SMT,Galen,entries_full_v3,0.880,draft
μαρμαρον,μάρμαρον,μαρμαρον,SUBSTANCE:2,false,,,1,2,2,DIOSC_DMM,Dioscorides,diosc_full_v3,0.880,draft
μαρμαρος,μάρμαρος,μαρμαρος,SUBSTANCE:1,false,,,1,1,1,DIOSC_DMM,Dioscorides,diosc_full_v3,0.860,draft
μαρον,μᾶρον,μαρον,SUBSTANCE:1,false,,,1,1,1,DIOSC_DMM,Dioscorides,diosc_full_v3,0.900,draft
μασπετον,μάσπετον,μασπετον,SUBSTANCE:1,false,,,1,1,1,DIOSC_DMM,Dioscorides,diosc_full_v3,0.580,draft
μασσαλιωτικος,Μασσαλιωτικός,μασσαλιωτικος,SUBSTANCE:1,false,,,1,1,1,DIOSC_DMM,Dioscorides,diosc_full_v3,0.800,draft
μαστιχη,μαστίχη,μαστιχη,SUBSTANCE:17,false,,χιος,5,17,17,AET_LM;DIOSC_DMM;GAL_SMT;ORIB_CM;PAUL_AEG,Aetius;Dioscorides;Galen;Oribasius;Paul,diosc_full_v3;entries_full_v3;paul_full_v3,0.896,draft
μαστιχη αιγυπτια,μαστίχη Αἰγυπτία,μαστιχη αιγυπτια,SUBSTANCE:2,true,μαστιχη,αιγυπτος,2,2,2,GAL_SMT;PAUL_AEG,Galen;Paul,entries_full_v3;paul_full_v3,0.880,draft
μαστιχη λευκη,μαστίχη λευκή,μαστιχη λευκη,SUBSTANCE:1,true,μαστιχη,,1,1,1,GAL_SMT,Galen,entries_full_v3,0.860,draft
μαστιχη λευκη χια,μαστίχη λευκή Χία,μαστιχη λευκη χια,SUBSTANCE:1,true,μαστιχη,χιος,1,1,1,ORIB_CM,Oribasius,entries_full_v3,0.800,draft
μαστιχη μελαινα,μαστίχη μέλαινα,μαστιχη μελαινα,SUBSTANCE:1,true,μαστιχη,,1,1,1,GAL_SMT,Galen,entries_full_v3,0.840,draft
μαστιχη μελαινα αιγυπτια,μαστίχη μέλαινα Αἰγυπτία,μαστιχη μελαινα αιγυπτια,SUBSTANCE:1,true,μαστιχη,αιγυπτος,1,1,1,ORIB_CM,Oribasius,entries_full_v3,0.780,draft
μαστιχη χια,μαστίχη Χία,μαστιχη χια,SUBSTANCE:2,true,μαστιχη,χιος,2,2,2,GAL_SMT;PAUL_AEG,Galen;Paul,entries_full_v3;paul_full_v3,0.900,draft
μαστιχινον,μαστίχινον,μαστιχινον,SUBSTANCE:1,false,,,1,1,1,GAL_SMT,Galen,entries_full_v3,0.840,draft
μαστιχινος,μαστίχινος,μαστιχινος,SUBSTANCE:1,false,,,1,1,1,ORIB_CM,Oribasius,entries_full_v3,0.860,draft
μασχαλας,μασχάλας,μασχαλας,SUBSTANCE_PART:2,false,,,1,2,2,DIOSC_DMM,Dioscorides,diosc_full_v3,0.635,draft
μαχαιριων,μαχαιρίων,μαχαιριων,SUBSTANCE:1,false,,,1,1,1,DIOSC_DMM,Dioscorides,diosc_full_v3,0.780,draft
μεγα κενταυρειον,μέγα κενταύρειον,μεγα κενταυρειον,SUBSTANCE:1,true,κενταυρειον,,1,1,1,ORIB_CM,Oribasius,entries_full_v3,0.780,draft
μεγα χελιδονιον,μέγα χελιδόνιον,μεγα χελιδονιον,SUBSTANCE:1,true,χελιδονιον,,1,1,1,DIOSC_DMM,Dioscorides,diosc_full_v3,0.800,draft
μειζων αειζωον,μείζων ἀείζῳον,μειζων αειζωον,SUBSTANCE:1,true,αειζωον,,1,1,1,DIOSC_DMM,Dioscorides,diosc_full_v3,0.800,draft
μειζων κεδρος,μείζων κέδρος,μειζων κεδρος,SUBSTANCE:1,true,κεδρος,,1,1,1,DIOSC_DMM,Dioscorides,diosc_full_v3,0.700,draft
μελαγχολικον αιμα,μελαγχολικὸν αἷμα,μελαγχολικον αιμα,SUBSTANCE:2,true,αιμα,,2,2,2,AET_LM;GAL_SMT,Aetius;Galen,entries_full_v3,0.765,draft
μελαγχολικος χυμος,μελαγχολικὸς χυμός,μελαγχολικος χυμος,SUBSTANCE:4,true,χυμος,,2,4,4,AET_LM;GAL_ALIM,Aetius;Galen,entries_full_v3,0.790,draft
μελαινα ελαια,μέλαινα ἐλαία,μελαινα ελαια,SUBSTANCE:1,true,ελαια,,1,1,1,DIOSC_DMM,Dioscorides,diosc_full_v3,0.800,draft
μελαινα μαστιχη,μέλαινα μαστίχη,μελαινα μαστιχη,SUBSTANCE:1,true,μαστιχη,,1,1,1,AET_LM,Aetius,entries_full_v3,0.720,draft
μελαινα μηκων,μέλαινα μήκων,μελαινα μηκων,SUBSTANCE:1,true,μηκων,,1,1,1,DIOSC_DMM,Dioscorides,diosc_full_v3,0.860,draft
μελαινα πεπειρος ελαια,μέλαινα πέπειρος ἐλαία,μελαινα πεπειρος ελαια,SUBSTANCE:1,true,ελαια,,1,1,1,DIOSC_DMM,Dioscorides,diosc_full_v3,0.760,draft
μελαινα χολη,μέλαινα χολή,μελαινα χολη,SUBSTANCE:2,true,χολη,,2,2,2,GAL_ALIM;PAUL_AEG,Galen;Paul,entries_full_v3;paul_full_v3,0.840,draft
μελαινη μυρσινη αγρια,μελαίνη μυρσίνη ἀγρία,μελαινη μυρσινη αγρια,SUBSTANCE:1,true,μυρσινη,,1,1,1,DIOSC_DMM,Dioscorides,diosc_full_v3,0.800,draft
μελαινη μυρσινη ημερος,μελαίνη μυρσίνη ἥμερος,μελαινη μυρσινη ημερος,SUBSTANCE:1,true,μυρσινη,,1,1,1,DIOSC_DMM,Dioscorides,diosc_full_v3,0.750,draft
μελαινης συκης κλαδοις,μελαίνης συκῆς κλάδοις,μελαινης συκης κλαδοις,SUBSTANCE_PART:1,false,,,1,1,1,DIOSC_DMM,Dioscorides,diosc_full_v3,0.650,draft
μελαινης συκης φυλλοις,μελαίνης συκῆς φύλλοις,μελαινης συκης φυλλοις,SUBSTANCE_PART:1,false,,,1,1,1,DIOSC_DMM,Dioscorides,diosc_full_v3,0.750,draft
μελαμποδιον,Μελαμπόδιον,μελαμποδιον,SUBSTANCE:1,false,,,1,1,1,DIOSC_DMM,Dioscorides,diosc_full_v3,0.800,draft
μελαμπρασιον,μελαμπράσιον,μελαμπρασιον,SUBSTANCE:1,false,,,1,1,1,DIOSC_DMM,Dioscorides,diosc_full_v3,0.900,draft
μελαμπυκνον,μελάμπυκνον,μελαμπυκνον,SUBSTANCE:1,false,,,1,1,1,PAUL_AEG,Paul,paul_full_v3,0.900,draft
μελαμπυρον,μελάμπυρον,μελαμπυρον,SUBSTANCE:1,false,,,1,1,1,DIOSC_DMM,Dioscorides,diosc_full_v3,0.900,draft
μελαμφυλλον,μελάμφυλλον,μελαμφυλλον,SUBSTANCE:4,false,,,4,4,4,AET_LM;DIOSC_DMM;GAL_SMT;PAUL_AEG,Aetius;Dioscorides;Galen;Paul,diosc_full_v3;entries_full_v3;paul_full_v3,0.770,draft
μελαμψιθιος,μελαμψίθιος,μελαμψιθιος,SUBSTANCE:1,false,,,1,1,1,DIOSC_DMM,Dioscorides,diosc_full_v3,0.850,draft
μελαν,μέλαν,μελαν,SUBSTANCE:8;SUBSTANCE_PART:1,false,,,6,9,9,AET_LM;DIOSC_DMM;GAL_ALIM;GAL_SMT;ORIB_CM;PAUL_AEG,Aetius;Dioscorides;Galen;Oribasius;Paul,diosc_full_v3;entries_full_v3;paul_full_v3,0.793,draft
μελαν ινδικον,μέλαν ἰνδικόν,μελαν ινδικον,SUBSTANCE:1,true,μελαν,,1,1,1,PAUL_AEG,Paul,paul_full_v3,0.880,draft
μελαν πεπερι,μέλαν πέπερι,μελαν πεπερι,SUBSTANCE:4,true,πεπερι,,2,4,4,AET_LM;GAL_SMT,Aetius;Galen,entries_full_v3,0.708,draft
μελαν πρασιον,μέλαν πράσιον,μελαν πρασιον,SUBSTANCE:1,true,πρασιον,,1,1,1,PAUL_AEG,Paul,paul_full_v3,0.840,draft
μελαν τευτλον,μέλαν τεῦτλον,μελαν τευτλον,SUBSTANCE:1,true,τευτλον,,1,1,1,GAL_SMT,Galen,entries_full_v3,0.720,draft
μελανθινον,μελάνθινον,μελανθινον,SUBSTANCE:1,false,,,1,1,1,GAL_SMT,Galen,entries_full_v3,0.840,draft
μελανθιον,μελάνθιον,μελανθιον,SUBSTANCE:12,false,,,5,12,12,AET_LM;DIOSC_DMM;GAL_SMT;ORIB_CM;PAUL_AEG,Aetius;Dioscorides;Galen;Oribasius;Paul,diosc_full_v3;entries_full_v3;paul_full_v3,0.868,draft
μελαντηρια,μελαντηρία,μελαντηρια,SUBSTANCE:8,false,,,5,8,8,AET_LM;DIOSC_DMM;GAL_SMT;ORIB_CM;PAUL_AEG,Aetius;Dioscorides;Galen;Oribasius;Paul,diosc_full_v3;entries_full_v3;paul_full_v3,0.860,draft
μελας,μέλας,μελας,SUBSTANCE:5,false,,,3,5,5,AET_LM;ORIB_CM;PAUL_AEG,Aetius;Oribasius;Paul,entries_full_v3;paul_full_v3,0.586,draft
μελας ελλεβορος,μέλας ἐλλέβορος,μελας ελλεβορος,SUBSTANCE:3,true,ελλεβορος,,1,3,3,DIOSC_DMM,Dioscorides,diosc_full_v3,0.790,draft
μελας ερεβινθος,μέλας ἐρέβινθος,μελας ερεβινθος,SUBSTANCE:1,true,ερεβινθος,,1,1,1,AET_LM,Aetius,entries_full_v3,0.550,draft
μελας θυμος,μέλας θύμος,μελας θυμος,SUBSTANCE:1,true,θυμος,,1,1,1,AET_LM,Aetius,entries_full_v3,0.760,draft
μελας κισσος,μέλας κισσός,μελας κισσος,SUBSTANCE:1,true,κισσος,,1,1,1,DIOSC_DMM,Dioscorides,diosc_full_v3,0.850,draft
μελας χαμαιλεων,μέλας χαμαιλέων,μελας χαμαιλεων,SUBSTANCE:1,true,χαμαιλεων,,1,1,1,DIOSC_DMM,Dioscorides,diosc_full_v3,0.850,draft
μελι,μέλι,μελι,SUBSTANCE:301,false,,,6,301,301,AET_LM;DIOSC_DMM;GAL_ALIM;GAL_SMT;ORIB_CM;PAUL_AEG,Aetius;Dioscorides;Galen;Oribasius;Paul,diosc_full_v3;entries_full_v3;paul_full_v3,0.904,draft
μελι απηφρισμενον,μέλι ἀπηφρισμένον,μελι απηφρισμενον,SUBSTANCE:1,true,μελι,,1,1,1,AET_LM,Aetius,entries_full_v3,0.850,draft
μελι αττικον,μέλι Ἀττικόν,μελι αττικον,SUBSTANCE:5,true,μελι,αττικη,3,5,5,AET_LM;DIOSC_DMM;GAL_SMT,Aetius;Dioscorides;Galen,diosc_full_v3;entries_full_v3,0.858,draft
μελι εφθον,μέλι ἑφθόν,μελι εφθον,SUBSTANCE:3,true,μελι,,1,3,3,DIOSC_DMM,Dioscorides,diosc_full_v3,0.787,draft
μελι καλλιστον απηφρισμενον,μέλι καλλίστον ἀπηφρισμένον,μελι καλλιστον απηφρισμενον,SUBSTANCE:1,true,μελι,,1,1,1,DIOSC_DMM,Dioscorides,diosc_full_v3,0.800,draft
μελι πικρον,μέλι πικρόν,μελι πικρον,SUBSTANCE:2,true,μελι,σαρδονια,2,2,2,GAL_SMT;PAUL_AEG,Galen;Paul,entries_full_v3;paul_full_v3,0.810,draft
μελι σαρδονιας,μέλι Σαρδονίας,μελι σαρδονιας,SUBSTANCE:1,true,μελι,σαρδονια,1,1,1,DIOSC_DMM,Dioscorides,diosc_full_v3,0.750,draft
μελι στοματικον,μέλι στοματικόν,μελι στοματικον,SUBSTANCE:1,true,μελι,,1,1,1,GAL_SMT,Galen,entries_full_v3,0.850,draft
μελια,μελία,μελια,SUBSTANCE:3,false,,,2,3,3,DIOSC_DMM;PAUL_AEG,Dioscorides;Paul,diosc_full_v3;paul_full_v3,0.823,draft
μελικηρις,μελικηρίς,μελικηρις,SUBSTANCE:1,false,,,1,1,1,DIOSC_DMM,Dioscorides,diosc_full_v3,0.750,draft
μελικρατον,μελίκρατον,μελικρατον,SUBSTANCE:24,false,,,4,24,24,AET_LM;DIOSC_DMM;GAL_SMT;PAUL_AEG,Aetius;Dioscorides;Galen;Paul,diosc_full_v3;entries_full_v3;paul_full_v3,0.847,draft
μελιλωτον,μελίλωτον,μελιλωτον,SUBSTANCE:3,false,,,3,3,3,AET_LM;ORIB_CM;PAUL_AEG,Aetius;Oribasius;Paul,entries_full_v3;paul_full_v3,0.960,draft
μελιλωτος,μελίλωτος,μελιλωτος,SUBSTANCE:11,false,,,3,11,11,AET_LM;DIOSC_DMM;GAL_SMT,Aetius;Dioscorides;Galen,diosc_full_v3;entries_full_v3,0.833,draft
μελινη,μελίνη,μελινη,SUBSTANCE:5,false,,,5,5,5,AET_LM;DIOSC_DMM;GAL_SMT;ORIB_CM;PAUL_AEG,Aetius;Dioscorides;Galen;Oribasius;Paul,diosc_full_v3;entries_full_v3;paul_full_v3,0.840,draft
μελισσοφυλλον,μελισσόφυλλον,μελισσοφυλλον,SUBSTANCE:6,false,,,5,6,6,AET_LM;DIOSC_DMM;GAL_SMT;ORIB_CM;PAUL_AEG,Aetius;Dioscorides;Galen;Oribasius;Paul,diosc_full_v3;entries_full_v3;paul_full_v3,0.908,draft
μελιτιτης,μελιτίτης,μελιτιτης,SUBSTANCE:9,false,,,5,9,9,AET_LM;DIOSC_DMM;GAL_SMT;ORIB_CM;PAUL_AEG,Aetius;Dioscorides;Galen;Oribasius;Paul,diosc_full_v3;entries_full_v3;paul_full_v3,0.880,draft
μελιτιτης οινος,μελιτίτης οἶνος,μελιτιτης οινος,SUBSTANCE:1,true,οινος,,1,1,1,DIOSC_DMM,Dioscorides,diosc_full_v3,0.920,draft
μελιτταινα,μελίτταινα,μελιτταινα,SUBSTANCE:1,false,,,1,1,1,DIOSC_DMM,Dioscorides,diosc_full_v3,0.720,draft
μελιτταινη,μελιτταίνη,μελιτταινη,SUBSTANCE:1,false,,,1,1,1,DIOSC_DMM,Dioscorides,diosc_full_v3,0.700,draft
μεμαικυλον,μεμαίκυλον,μεμαικυλον,SUBSTANCE:3,false,,,3,3,3,DIOSC_DMM;ORIB_CM;PAUL_AEG,Dioscorides;Oribasius;Paul,diosc_full_v3;entries_full_v3;paul_full_v3,0.667,draft
μεμαικυλος,μεμαίκυλος,μεμαικυλος,SUBSTANCE:1,false,,,1,1,1,PAUL_AEG,Paul,paul_full_v3,0.660,draft
μεμηκυλον,μεμήκυλον,μεμηκυλον,SUBSTANCE:1,false,,,1,1,1,AET_LM,Aetius,entries_full_v3,0.750,draft
μεμφιτης,Μεμφίτης,μεμφιτης,SUBSTANCE:1,false,,,1,1,1,GAL_SMT,Galen,entries_full_v3,0.700,draft
μεροξος,μεροξος,μεροξος,SUBSTANCE:1,false,,,1,1,1,PAUL_AEG,Paul,paul_full_v3,0.850,draft
μεσπιλον,μέσπιλον,μεσπιλον,SUBSTANCE:14,false,,,5,14,14,AET_LM;DIOSC_DMM;GAL_SMT;ORIB_CM;PAUL_AEG,Aetius;Dioscorides;Galen;Oribasius;Paul,diosc_full_v3;entries_full_v3;paul_full_v3,0.830,draft
μεταλλευομενος,μεταλλευόμενος,μεταλλευομενος,SUBSTANCE:1,false,,,1,1,1,PAUL_AEG,Paul,paul_full_v3,0.780,draft
μεταλλευτη χρυσοκολλα,μεταλλευτὴ χρυσοκόλλα,μεταλλευτη χρυσοκολλα,SUBSTANCE:1,true,χρυσοκολλα,,1,1,1,GAL_SMT,Galen,entries_full_v3,0.800,draft
μεταλλικον φαρμακον,μεταλλικὸν φάρμακον,μεταλλικον φαρμακον,SUBSTANCE:3,true,φαρμακον,,1,3,3,GAL_SMT,Galen,entries_full_v3,0.690,draft
μεταλλικος,μεταλλικός,μεταλλικος,SUBSTANCE:1,false,,,1,1,1,AET_LM,Aetius,entries_full_v3,0.600,draft
μεταλλον,μέταλλον,μεταλλον,SUBSTANCE:6,false,,,3,6,6,AET_LM;DIOSC_DMM;GAL_SMT,Aetius;Dioscorides;Galen,diosc_full_v3;entries_full_v3,0.655,draft
μετωπιον,μετώπιον,μετωπιον,SUBSTANCE:2,false,,,1,2,2,DIOSC_DMM,Dioscorides,diosc_full_v3,0.675,draft
μετωπον,μέτωπον,μετωπον,SUBSTANCE:2,false,,,1,2,2,DIOSC_DMM,Dioscorides,diosc_full_v3,0.650,draft
μηδικη,μηδική,μηδικη,SUBSTANCE:3,false,,,1,3,3,DIOSC_DMM,Dioscorides,diosc_full_v3,0.850,draft
μηδικος,Μηδικός,μηδικος,SUBSTANCE:1,false,,μηδικος,1,1,1,DIOSC_DMM,Dioscorides,diosc_full_v3,0.700,draft
μηδιον,Μήδιον,μηδιον,SUBSTANCE:4,false,,,4,4,4,DIOSC_DMM;GAL_SMT;ORIB_CM;PAUL_AEG,Dioscorides;Galen;Oribasius;Paul,diosc_full_v3;entries_full_v3;paul_full_v3,0.805,draft
μηδιου καρπον,μηδίου καρπὸν,μηδιου καρπον,SUBSTANCE_PART:1,true,,,1,1,1,GAL_SMT,Galen,entries_full_v3,0.800,draft
μηδιου ριζα,Μηδίου ῥίζα,μηδιου ριζα,SUBSTANCE_PART:1,true,,,1,1,1,ORIB_CM,Oribasius,entries_full_v3,0.850,draft
μηδιου σπερμα,Μηδίου σπέρμα,μηδιου σπερμα,SUBSTANCE_PART:1,true,,,1,1,1,ORIB_CM,Oribasius,entries_full_v3,0.850,draft
μηδιου την ριζαν,μηδίου τὴν ῥίζαν,μηδιου την ριζαν,SUBSTANCE_PART:1,true,,,1,1,1,GAL_SMT,Galen,entries_full_v3,0.850,draft
μηκων,μήκων,μηκων,SUBSTANCE:44,false,,,5,44,44,AET_LM;DIOSC_DMM;GAL_SMT;ORIB_CM;PAUL_AEG,Aetius;Dioscorides;Galen;Oribasius;Paul,diosc_full_v3;entries_full_v3;paul_full_v3,0.858,draft
μηκων αγρια,μήκων ἀγρία,μηκων αγρια,SUBSTANCE:4,true,μηκων,,2,4,4,AET_LM;DIOSC_DMM,Aetius;Dioscorides,diosc_full_v3;entries_full_v3,0.767,draft
μηκων αγριος,μήκων ἄγριος,μηκων αγριος,SUBSTANCE:1,true,μηκων,,1,1,1,GAL_SMT,Galen,entries_full_v3,0.750,draft
μηκων αφρωδης,μήκων ἀφρώδης,μηκων αφρωδης,SUBSTANCE:4,true,μηκων,,3,4,4,DIOSC_DMM;GAL_SMT;PAUL_AEG,Dioscorides;Galen;Paul,diosc_full_v3;entries_full_v3;paul_full_v3,0.845,draft
μηκων ημερος,μήκων ἥμερος,μηκων ημερος,SUBSTANCE:2,true,μηκων,,2,2,2,DIOSC_DMM;GAL_SMT,Dioscorides;Galen,diosc_full_v3;entries_full_v3,0.770,draft
μηκων ηρακλεια,μήκων ἡράκλεια,μηκων ηρακλεια,SUBSTANCE:1,true,μηκων,,1,1,1,GAL_SMT,Galen,entries_full_v3,0.860,draft
μηκων θηβαια,μήκων θηβαία,μηκων θηβαια,SUBSTANCE:1,true,μηκων,θηβαι,1,1,1,AET_LM,Aetius,entries_full_v3,0.600,draft
μηκων κερατιτις,μήκων κερατῖτις,μηκων κερατιτις,SUBSTANCE:5,true,μηκων,,4,5,5,AET_LM;DIOSC_DMM;GAL_SMT;ORIB_CM,Aetius;Dioscorides;Galen;Oribasius,diosc_full_v3;entries_full_v3,0.838,draft
μηκων κηπευομενη,μήκων κηπευομένη,μηκων κηπευομενη,SUBSTANCE:1,true,μηκων,,1,1,1,AET_LM,Aetius,entries_full_v3,0.760,draft
μηκων λευκη,μήκων λευκή,μηκων λευκη,SUBSTANCE:1,true,μηκων,,1,1,1,DIOSC_DMM,Dioscorides,diosc_full_v3,0.750,draft
μηκων ροιας,μήκων ῥοιάς,μηκων ροιας,SUBSTANCE:4,true,μηκων,,3,4,4,AET_LM;DIOSC_DMM;GAL_SMT,Aetius;Dioscorides;Galen,diosc_full_v3;entries_full_v3,0.795,draft
μηκωνειον,μηκώνειον,μηκωνειον,SUBSTANCE:1,false,,,1,1,1,AET_LM,Aetius,entries_full_v3,0.750,draft
μηκωνιον,μηκώνιον,μηκωνιον,SUBSTANCE:8,false,,,1,8,8,DIOSC_DMM,Dioscorides,diosc_full_v3,0.812,draft
μηκωνος αγριας φυλλοις,μήκωνος ἀγρίας φύλλοις,μηκωνος αγριας φυλλοις,SUBSTANCE_PART:1,false,,,1,1,1,DIOSC_DMM,Dioscorides,diosc_full_v3,0.700,draft
μηκωνος οπον,μήκωνος ὀπὸν,μηκωνος οπον,SUBSTANCE_PART:1,true,,,1,1,1,AET_LM,Aetius,entries_full_v3,0.850,draft
μηκωνος σπερματι,μήκωνος σπέρματι,μηκωνος σπερματι,SUBSTANCE_PART:1,true,,,1,1,1,DIOSC_DMM,Dioscorides,diosc_full_v3,0.850,draft
μηλα,μῆλα,μηλα,SUBSTANCE_PART:3,false,,,3,3,3,AET_LM;GAL_SMT;ORIB_CM,Aetius;Galen;Oribasius,entries_full_v3,0.813,draft
μηλανθεμον,μηλάνθεμον,μηλανθεμον,SUBSTANCE:1,false,,,1,1,1,DIOSC_DMM,Dioscorides,diosc_full_v3,0.860,draft
μηλεα,μηλέα,μηλεα,SUBSTANCE:20,false,,,5,20,20,AET_LM;DIOSC_DMM;GAL_SMT;ORIB_CM;PAUL_AEG,Aetius;Dioscorides;Galen;Oribasius;Paul,diosc_full_v3;entries_full_v3;paul_full_v3,0.753,draft
μηλεα αρμενιακη,μηλέα ἀρμενιακή,μηλεα αρμενιακη,SUBSTANCE:3,true,μηλεα,,3,3,3,AET_LM;ORIB_CM;PAUL_AEG,Aetius;Oribasius;Paul,entries_full_v3;paul_full_v3,0.800,draft
μηλεα αρμενικη,μηλέα Ἀρμενική,μηλεα αρμενικη,SUBSTANCE:1,true,μηλεα,,1,1,1,GAL_SMT,Galen,entries_full_v3,0.850,draft
μηλεα κυδωνια,μηλέα κυδωνία,μηλεα κυδωνια,SUBSTANCE:1,true,μηλεα,,1,1,1,DIOSC_DMM,Dioscorides,diosc_full_v3,0.620,draft
μηλεα μηδικη,μηλέα μηδική,μηλεα μηδικη,SUBSTANCE:3,true,μηλεα,,3,3,3,AET_LM;GAL_SMT;ORIB_CM,Aetius;Galen;Oribasius,entries_full_v3,0.850,draft
μηλεα περσικη,μηλέα περσική,μηλεα περσικη,SUBSTANCE:4,true,μηλεα,περσικη,4,4,4,AET_LM;GAL_SMT;ORIB_CM;PAUL_AEG,Aetius;Galen;Oribasius;Paul,entries_full_v3;paul_full_v3,0.893,draft
μηλεας αρμενιακης ο καρπος,Μηλέας Ἀρμενιακῆς ὁ καρπός,μηλεας αρμενιακης ο καρπος,SUBSTANCE_PART:1,true,,,1,1,1,PAUL_AEG,Paul,paul_full_v3,0.740,draft
μηλεας οι βλαστοι,μηλέας οἱ βλαστοὶ,μηλεας οι βλαστοι,SUBSTANCE_PART:1,true,,,1,1,1,DIOSC_DMM,Dioscorides,diosc_full_v3,0.760,draft
μηλεας τα ανθη,μηλέας τὰ ἄνθη,μηλεας τα ανθη,SUBSTANCE_PART:1,true,,,1,1,1,DIOSC_DMM,Dioscorides,diosc_full_v3,0.780,draft
μηλεας τα φυλλα,μηλέας τὰ φύλλα,μηλεας τα φυλλα,SUBSTANCE_PART:1,true,,,1,1,1,DIOSC_DMM,Dioscorides,diosc_full_v3,0.800,draft
μηλια,Μηλία,μηλια,SUBSTANCE:1,false,,,1,1,1,DIOSC_DMM,Dioscorides,diosc_full_v3,0.920,draft
μηλινον,μηλῖνον,μηλινον,SUBSTANCE:2,false,,,2,2,2,AET_LM;GAL_SMT,Aetius;Galen,entries_full_v3,0.670,draft
μηλινον ελαιον,μήλινον ἔλαιον,μηλινον ελαιον,SUBSTANCE:1,true,ελαιον,,1,1,1,AET_LM,Aetius,entries_full_v3,0.750,draft
μηλινος,μήλινος,μηλινος,SUBSTANCE:2,false,,,2,2,2,DIOSC_DMM;GAL_SMT,Dioscorides;Galen,diosc_full_v3;entries_full_v3,0.625,draft
μηλον,μῆλον,μηλον,SUBSTANCE:26,false,,,6,26,26,AET_LM;DIOSC_DMM;GAL_ALIM;GAL_SMT;ORIB_CM;PAUL_AEG,Aetius;Dioscorides;Galen;Oribasius;Paul,diosc_full_v3;entries_full_v3;paul_full_v3,0.758,draft
μηλον αρμενιακον,μῆλον Ἀρμενιακόν,μηλον αρμενιακον,SUBSTANCE:1,true,μηλον,,1,1,1,GAL_ALIM,Galen,entries_full_v3,0.800,draft
μηλον κυδωνιον,μῆλον κυδώνιον,μηλον κυδωνιον,SUBSTANCE:10,true,μηλον,,4,10,10,AET_LM;DIOSC_DMM;GAL_ALIM;GAL_SMT,Aetius;Dioscorides;Galen,diosc_full_v3;entries_full_v3,0.824,draft
μηλον μηδικον,μῆλον Μηδικόν,μηλον μηδικον,SUBSTANCE:2,true,μηλον,,2,2,2,GAL_SMT;PAUL_AEG,Galen;Paul,entries_full_v3;paul_full_v3,0.775,draft
μηλον περσικον,μῆλον περσικόν,μηλον περσικον,SUBSTANCE:1,true,μηλον,,1,1,1,GAL_ALIM,Galen,entries_full_v3,0.780,draft
μηλοπεπων,μηλοπέπων,μηλοπεπων,SUBSTANCE:2,false,,,1,2,2,GAL_ALIM,Galen,entries_full_v3,0.805,draft
μηλωθρον,μήλωθρον,μηλωθρον,SUBSTANCE:1,false,,,1,1,1,DIOSC_DMM,Dioscorides,diosc_full_v3,0.720,draft
μηλων κυδωνιων σπερμα,μήλων κυδωνίων σπέρμα,μηλων κυδωνιων σπερμα,SUBSTANCE_PART:1,true,,,1,1,1,DIOSC_DMM,Dioscorides,diosc_full_v3,0.900,draft
μημεκυλον,μημέκυλον,μημεκυλον,SUBSTANCE:1,false,,,1,1,1,GAL_SMT,Galen,entries_full_v3,0.840,draft
μηον,μῆον,μηον,SUBSTANCE:5,false,,,5,5,5,AET_LM;DIOSC_DMM;GAL_SMT;ORIB_CM;PAUL_AEG,Aetius;Dioscorides;Galen;Oribasius;Paul,diosc_full_v3;entries_full_v3;paul_full_v3,0.808,draft
μηον αθαμαντικον,μῆον Ἀθαμαντικόν,μηον αθαμαντικον,SUBSTANCE:1,true,μηον,,1,1,1,DIOSC_DMM,Dioscorides,diosc_full_v3,0.850,draft
μηου αι ριζαι,Μήου αἱ ῥίζαι,μηου αι ριζαι,SUBSTANCE_PART:3,true,,,3,3,3,AET_LM;ORIB_CM;PAUL_AEG,Aetius;Oribasius;Paul,entries_full_v3;paul_full_v3,0.907,draft
μικρον χελιδονιον,μικρὸν χελιδόνιον,μικρον χελιδονιον,SUBSTANCE:1,true,χελιδονιον,,1,1,1,AET_LM,Aetius,entries_full_v3,0.880,draft
μικρος θυννος,μικρὸς θύννος,μικρος θυννος,SUBSTANCE:1,true,θυννος,,1,1,1,AET_LM,Aetius,entries_full_v3,0.780,draft
μικροτερον χελιδονιον,μικρότερον χελιδόνιον,μικροτερον χελιδονιον,SUBSTANCE:1,true,χελιδονιον,,1,1,1,GAL_SMT,Galen,entries_full_v3,0.900,draft
μιλαξ,μῖλαξ,μιλαξ,SUBSTANCE:12,false,,,5,12,12,AET_LM;DIOSC_DMM;GAL_SMT;ORIB_CM;PAUL_AEG,Aetius;Dioscorides;Galen;Oribasius;Paul,diosc_full_v3;entries_full_v3;paul_full_v3,0.844,draft
μιλαξ κηπαια,μῖλαξ κηπαία,μιλαξ κηπαια,SUBSTANCE:1,true,μιλαξ,,1,1,1,AET_LM,Aetius,entries_full_v3,0.680,draft
μιλαξ λεια,μῖλαξ λεῖα,μιλαξ λεια,SUBSTANCE:3,true,μιλαξ,,3,3,3,DIOSC_DMM;GAL_SMT;ORIB_CM,Dioscorides;Galen;Oribasius,diosc_full_v3;entries_full_v3,0.867,draft
μιλαξ λειος,μῖλαξ λεῖος,μιλαξ λειος,SUBSTANCE:1,true,μιλαξ,,1,1,1,PAUL_AEG,Paul,paul_full_v3,0.820,draft
μιλαξ τραχεια,μῖλαξ τραχεῖα,μιλαξ τραχεια,SUBSTANCE:3,true,μιλαξ,,3,3,3,DIOSC_DMM;GAL_SMT;ORIB_CM,Dioscorides;Galen;Oribasius,diosc_full_v3;entries_full_v3,0.843,draft
μιλαξ τραχυς,μῖλαξ τραχύς,μιλαξ τραχυς,SUBSTANCE:1,true,μιλαξ,,1,1,1,PAUL_AEG,Paul,paul_full_v3,0.820,draft
μιλησιον,Μιλήσιον,μιλησιον,SUBSTANCE:2,false,,,2,2,2,AET_LM;GAL_SMT,Aetius;Galen,entries_full_v3,0.675,draft
μιλησιον αλκυονιον,Μιλήσιον Ἀλκυόνιον,μιλησιον αλκυονιον,SUBSTANCE:1,true,αλκυονιον,μιλητος,1,1,1,PAUL_AEG,Paul,paul_full_v3,0.700,draft
μιλησιος,Μιλήσιος,μιλησιος,SUBSTANCE:1,false,,,1,1,1,DIOSC_DMM,Dioscorides,diosc_full_v3,0.550,draft
μιλτος,μίλτος,μιλτος,SUBSTANCE:6,false,,,4,6,6,AET_LM;DIOSC_DMM;GAL_SMT;PAUL_AEG,Aetius;Dioscorides;Galen;Paul,diosc_full_v3;entries_full_v3;paul_full_v3,0.858,draft
μιλτος σινωπικος,μίλτος Σινωπικός,μιλτος σινωπικος,SUBSTANCE:1,true,μιλτος,σινωπη,1,1,1,DIOSC_DMM,Dioscorides,diosc_full_v3,0.850,draft
μιλτος τεκτονικος,μίλτος τεκτονικός,μιλτος τεκτονικος,SUBSTANCE:1,true,μιλτος,,1,1,1,DIOSC_DMM,Dioscorides,diosc_full_v3,0.750,draft
μινθη,μίνθη,μινθη,SUBSTANCE:6,false,,,4,6,6,AET_LM;DIOSC_DMM;GAL_SMT;ORIB_CM,Aetius;Dioscorides;Galen;Oribasius,diosc_full_v3;entries_full_v3,0.877,draft
μινθη ευωδης,μίνθη εὐώδης,μινθη ευωδης,SUBSTANCE:2,true,μινθη,,2,2,2,AET_LM;ORIB_CM,Aetius;Oribasius,entries_full_v3,0.765,draft
μινιον,μίνιον,μινιον,SUBSTANCE:2,false,,,1,2,2,DIOSC_DMM,Dioscorides,diosc_full_v3,0.880,draft
μινυανθες,μινυανθές,μινυανθες,SUBSTANCE:1,false,,,1,1,1,DIOSC_DMM,Dioscorides,diosc_full_v3,0.880,draft
μινυανθης,μινυανθής,μινυανθης,SUBSTANCE:1,false,,,1,1,1,GAL_SMT,Galen,entries_full_v3,0.800,draft
μισυ,μίσυ,μισυ,SUBSTANCE:16,false,,κυπρος,5,16,16,AET_LM;DIOSC_DMM;GAL_SMT;ORIB_CM;PAUL_AEG,Aetius;Dioscorides;Galen;Oribasius;Paul,diosc_full_v3;entries_full_v3;paul_full_v3,0.838,draft
μισυ κυπριον,μίσυ κύπριον,μισυ κυπριον,SUBSTANCE:1,true,μισυ,κυπρος,1,1,1,DIOSC_DMM,Dioscorides,diosc_full_v3,0.860,draft
μισυι,μίσυι,μισυι,SUBSTANCE:1,false,,,1,1,1,DIOSC_DMM,Dioscorides,diosc_full_v3,0.800,draft
μναια,μναῖα,μναια,SUBSTANCE:1,false,,,1,1,1,GAL_ALIM,Galen,entries_full_v3,0.700,draft
μολιβδινος,μολίβδινος,μολιβδινος,SUBSTANCE:1,false,,,1,1,1,PAUL_AEG,Paul,paul_full_v3,0.350,draft
μολιβδος,μόλιβδος,μολιβδος,SUBSTANCE:1,false,,,1,1,1,DIOSC_DMM,Dioscorides,diosc_full_v3,0.750,draft
μολοχη,μολόχη,μολοχη,SUBSTANCE:6,false,,,1,6,6,DIOSC_DMM,Dioscorides,diosc_full_v3,0.827,draft
μολοχη αγρια,μολόχη ἀγρία,μολοχη αγρια,SUBSTANCE:2,true,μολοχη,,1,2,2,DIOSC_DMM,Dioscorides,diosc_full_v3,0.800,draft
μολοχης σπερματος,μολόχης σπέρματος,μολοχης σπερματος,SUBSTANCE_PART:1,true,,,1,1,1,DIOSC_DMM,Dioscorides,diosc_full_v3,0.820,draft
μολυβδαινα,μολύβδαινα,μολυβδαινα,SUBSTANCE:6,false,,,5,6,6,AET_LM;DIOSC_DMM;GAL_SMT;ORIB_CM;PAUL_AEG,Aetius;Dioscorides;Galen;Oribasius;Paul,diosc_full_v3;entries_full_v3;paul_full_v3,0.888,draft
μολυβδαινη,μολυβδαίνη,μολυβδαινη,SUBSTANCE:3,false,,,2,3,3,DIOSC_DMM;PAUL_AEG,Dioscorides;Paul,diosc_full_v3;paul_full_v3,0.857,draft
μολυβδιτις αμμος,μολυβδίτις ἄμμος,μολυβδιτις αμμος,SUBSTANCE:1,true,αμμος,,1,1,1,DIOSC_DMM,Dioscorides,diosc_full_v3,0.750,draft
μολυβδοειδης λιθος,μολυβδοειδής λίθος,μολυβδοειδης λιθος,SUBSTANCE:1,true,λιθος,,1,1,1,DIOSC_DMM,Dioscorides,diosc_full_v3,0.860,draft
μολυβδος,μόλυβδος,μολυβδος,SUBSTANCE:18,false,,,5,18,18,AET_LM;DIOSC_DMM;GAL_SMT;ORIB_CM;PAUL_AEG,Aetius;Dioscorides;Galen;Oribasius;Paul,diosc_full_v3;entries_full_v3;paul_full_v3,0.906,draft
μολυβδος κεκαυμενος,μόλυβδος κεκαυμένος,μολυβδος κεκαυμενος,SUBSTANCE:1,true,μολυβδος,,1,1,1,GAL_SMT,Galen,entries_full_v3,0.860,draft
μολυβδου ελασματα,μολύβδου ἐλάσματα,μολυβδου ελασματα,SUBSTANCE_PART:1,true,,,1,1,1,DIOSC_DMM,Dioscorides,diosc_full_v3,0.800,draft
μολυβων ελασματων,μολυβῶν ἐλασμάτων,μολυβων ελασματων,SUBSTANCE_PART:1,true,,,1,1,1,DIOSC_DMM,Dioscorides,diosc_full_v3,0.800,draft
μορεα,μορέα,μορεα,SUBSTANCE:5,false,,,4,5,5,AET_LM;DIOSC_DMM;GAL_SMT;PAUL_AEG,Aetius;Dioscorides;Galen;Paul,diosc_full_v3;entries_full_v3;paul_full_v3,0.814,draft
μορεας,μορέας,μορεας,SUBSTANCE:1,false,,,1,1,1,ORIB_CM,Oribasius,entries_full_v3,0.660,draft
μορεας βλαστους,μορέας βλαστοὺς,μορεας βλαστους,SUBSTANCE_PART:1,true,,,1,1,1,GAL_SMT,Galen,entries_full_v3,0.750,draft
μορεας καρπος,μορέας καρπὸς,μορεας καρπος,SUBSTANCE_PART:2,true,,,2,2,2,GAL_SMT;ORIB_CM,Galen;Oribasius,entries_full_v3,0.815,draft
μορεας ο καρπος,Μορέας ὁ καρπὸς,μορεας ο καρπος,SUBSTANCE_PART:1,true,,,1,1,1,PAUL_AEG,Paul,paul_full_v3,0.900,draft
μορεας ριζης,μορέας ῥίζης,μορεας ριζης,SUBSTANCE_PART:1,true,,,1,1,1,GAL_SMT,Galen,entries_full_v3,0.750,draft
μορεας φλοιω της ριζης,μορέας φλοιῷ τῆς ῥίζης,μορεας φλοιω της ριζης,SUBSTANCE_PART:1,true,,,1,1,1,GAL_SMT,Galen,entries_full_v3,0.750,draft
μορεας φυλλα,μορέας φύλλα,μορεας φυλλα,SUBSTANCE_PART:1,true,,,1,1,1,GAL_SMT,Galen,entries_full_v3,0.750,draft
μορια της τεφρας,μόρια τῆς τέφρας,μορια της τεφρας,SUBSTANCE_PART:1,true,,,1,1,1,ORIB_CM,Oribasius,entries_full_v3,0.740,draft
μορον,μόρον,μορον,SUBSTANCE:8,false,,,3,8,8,AET_LM;GAL_ALIM;GAL_SMT,Aetius;Galen,entries_full_v3,0.812,draft
μορον αωρον,μόρον ἄωρον,μορον αωρον,SUBSTANCE:1,true,μορον,,1,1,1,GAL_SMT,Galen,entries_full_v3,0.700,draft
μοροξος,μόροξος,μοροξος,SUBSTANCE:2,false,,αιγυπτος,2,2,2,AET_LM;GAL_SMT,Aetius;Galen,entries_full_v3,0.730,draft
μορος,μόρος,μορος,SUBSTANCE:1,false,,,1,1,1,ORIB_CM,Oribasius,entries_full_v3,0.750,draft
μοσχειον στεαρ,μόσχειον στέαρ,μοσχειον στεαρ,SUBSTANCE:2,true,στεαρ,,2,2,2,GAL_SMT;ORIB_CM,Galen;Oribasius,entries_full_v3,0.890,draft
μοσχειος,μόσχειος,μοσχειος,SUBSTANCE:2,false,,,2,2,2,DIOSC_DMM;GAL_SMT,Dioscorides;Galen,diosc_full_v3;entries_full_v3,0.690,draft
μοσχειος μυελος,μοσχεῖος μυελός,μοσχειος μυελος,SUBSTANCE:1,true,μυελος,,1,1,1,GAL_SMT,Galen,entries_full_v3,0.780,draft
μοσχος,μόσχος,μοσχος,SUBSTANCE:3;SUBSTANCE_PART:1,false,,,2,4,4,AET_LM;DIOSC_DMM,Aetius;Dioscorides,diosc_full_v3;entries_full_v3,0.680,draft
μοσχου,μόσχου,μοσχου,SUBSTANCE_PART:1,false,,,1,1,1,DIOSC_DMM,Dioscorides,diosc_full_v3,0.700,draft
μοτα,μότα,μοτα,SUBSTANCE:1,false,,,1,1,1,DIOSC_DMM,Dioscorides,diosc_full_v3,0.550,draft
μυαγρον,μύαγρον,μυαγρον,SUBSTANCE:2,false,,,2,2,2,DIOSC_DMM;ORIB_CM,Dioscorides;Oribasius,diosc_full_v3;entries_full_v3,0.850,draft
μυαγρος,μυάγρος,μυαγρος,SUBSTANCE:1,false,,,1,1,1,GAL_SMT,Galen,entries_full_v3,0.800,draft
μυαγρου σπερμα,μυάγρου σπέρμα,μυαγρου σπερμα,SUBSTANCE_PART:1,true,,,1,1,1,GAL_SMT,Galen,entries_full_v3,0.850,draft
μυαγρου το σπερμα,Μυάγρου τὸ σπέρμα,μυαγρου το σπερμα,SUBSTANCE_PART:1,true,,,1,1,1,PAUL_AEG,Paul,paul_full_v3,0.880,draft
μυακανθος,μυάκανθος,μυακανθος,SUBSTANCE:2,false,,,1,2,2,DIOSC_DMM,Dioscorides,diosc_full_v3,0.760,draft
μυαξ,μύαξ,μυαξ,SUBSTANCE:2,false,,,2,2,2,DIOSC_DMM;PAUL_AEG,Dioscorides;Paul,diosc_full_v3;paul_full_v3,0.815,draft
μυαξ ποντικος,μύαξ Ποντικός,μυαξ ποντικος,SUBSTANCE:1,true,μυαξ,,1,1,1,DIOSC_DMM,Dioscorides,diosc_full_v3,0.750,draft
μυαρον,μύαρον,μυαρον,SUBSTANCE:1,false,,,1,1,1,PAUL_AEG,Paul,paul_full_v3,0.930,draft
μυγαλη,μυγάλη,μυγαλη,SUBSTANCE:3,false,,,2,3,3,DIOSC_DMM;GAL_SMT,Dioscorides;Galen,diosc_full_v3;entries_full_v3,0.717,draft
μυελος,μυελός,μυελος,SUBSTANCE:10,false,,,5,10,10,AET_LM;DIOSC_DMM;GAL_SMT;ORIB_CM;PAUL_AEG,Aetius;Dioscorides;Galen;Oribasius;Paul,diosc_full_v3;entries_full_v3;paul_full_v3,0.855,draft
μυελος αιγειος,μυελός αἴγειος,μυελος αιγειος,SUBSTANCE:1,true,μυελος,,1,1,1,DIOSC_DMM,Dioscorides,diosc_full_v3,0.800,draft
μυελος ελαφειος,μυελός ἐλάφειος,μυελος ελαφειος,SUBSTANCE:1,true,μυελος,,1,1,1,DIOSC_DMM,Dioscorides,diosc_full_v3,0.850,draft
μυελος ελαφος,μυελὸς ἔλαφος,μυελος ελαφος,SUBSTANCE:1,true,μυελος,,1,1,1,AET_LM,Aetius,entries_full_v3,0.700,draft
μυελος ελαφου,μυελὸς ἐλάφου,μυελος ελαφου,SUBSTANCE:1,true,μυελος,,1,1,1,PAUL_AEG,Paul,paul_full_v3,0.800,draft
μυελος μοσχειος,μυελός μόσχειος,μυελος μοσχειος,SUBSTANCE:1,true,μυελος,,1,1,1,DIOSC_DMM,Dioscorides,diosc_full_v3,0.800,draft
μυελος μοσχος,μυελὸς μόσχος,μυελος μοσχος,SUBSTANCE:1,true,μυελος,,1,1,1,AET_LM,Aetius,entries_full_v3,0.700,draft
μυελος μοσχου,μυελὸς μόσχου,μυελος μοσχου,SUBSTANCE:1,true,μυελος,,1,1,1,PAUL_AEG,Paul,paul_full_v3,0.800,draft
μυελος νωτιαιος,μυελὸς νωτιαῖος,μυελος νωτιαιος,SUBSTANCE:2,true,μυελος,,2,2,2,GAL_SMT;ORIB_CM,Galen;Oribasius,entries_full_v3,0.820,draft
μυελος οστεων,μυελὸς ὀστέων,μυελος οστεων,SUBSTANCE:1,true,μυελος,,1,1,1,ORIB_CM,Oribasius,entries_full_v3,0.860,draft
μυελος προβατειος,μυελός προβάτειος,μυελος προβατειος,SUBSTANCE:1,true,μυελος,,1,1,1,DIOSC_DMM,Dioscorides,diosc_full_v3,0.780,draft
μυελος ταυρειος,μυελός ταύρειος,μυελος ταυρειος,SUBSTANCE:1,true,μυελος,,1,1,1,DIOSC_DMM,Dioscorides,diosc_full_v3,0.780,draft
μυελος ταυρος και τραγος,μυελὸς ταῦρος καὶ τράγος,μυελος ταυρος και τραγος,SUBSTANCE:1,true,μυελος,,1,1,1,AET_LM,Aetius,entries_full_v3,0.680,draft
μυελος ταυρου και τραγου,μυελὸς ταύρου καὶ τράγου,μυελος ταυρου και τραγου,SUBSTANCE:1,true,μυελος,,1,1,1,PAUL_AEG,Paul,paul_full_v3,0.780,draft
μυκης,μύκης,μυκης,SUBSTANCE:19,false,,,6,19,19,AET_LM;DIOSC_DMM;GAL_ALIM;GAL_SMT;ORIB_CM;PAUL_AEG,Aetius;Dioscorides;Galen;Oribasius;Paul,diosc_full_v3;entries_full_v3;paul_full_v3,0.799,draft
μυκης εδωδιμος,μύκης ἐδώδιμος,μυκης εδωδιμος,SUBSTANCE:1,true,μυκης,,1,1,1,DIOSC_DMM,Dioscorides,diosc_full_v3,0.500,draft
μυκων,μύκων,μυκων,SUBSTANCE:1,false,,,1,1,1,DIOSC_DMM,Dioscorides,diosc_full_v3,0.880,draft
μυκων μελαινα,μύκων μέλαινα,μυκων μελαινα,SUBSTANCE:1,true,μυκων,,1,1,1,DIOSC_DMM,Dioscorides,diosc_full_v3,0.840,draft
μυλη,μύλη,μυλη,SUBSTANCE:2,false,,,2,2,2,GAL_SMT;ORIB_CM,Galen;Oribasius,entries_full_v3,0.710,draft
μυλην,μύλην,μυλην,SUBSTANCE_PART:1,false,,,1,1,1,AET_LM,Aetius,entries_full_v3,0.660,draft
μυλης ριζα,μύλης ῥίζα,μυλης ριζα,SUBSTANCE_PART:2,true,,,2,2,2,GAL_SMT;ORIB_CM,Galen;Oribasius,entries_full_v3,0.875,draft
μυλιτης,μυλιτης,μυλιτης,SUBSTANCE:1,false,,,1,1,1,PAUL_AEG,Paul,paul_full_v3,0.850,draft
μυλλος,μύλλος,μυλλος,SUBSTANCE:1,false,,ποντος,1,1,1,GAL_ALIM,Galen,entries_full_v3,0.660,draft
μυξα,μύξα,μυξα,SUBSTANCE:2,false,,,2,2,2,GAL_SMT;PAUL_AEG,Galen;Paul,entries_full_v3;paul_full_v3,0.755,draft
μυξα δενδρου,μύξα δένδρου,μυξα δενδρου,SUBSTANCE:1,true,μυξα,,1,1,1,PAUL_AEG,Paul,paul_full_v3,0.720,draft
μυξα κοχλιου,μύξα κοχλίου,μυξα κοχλιου,SUBSTANCE:1,true,μυξα,,1,1,1,GAL_SMT,Galen,entries_full_v3,0.950,draft
μυξαν κοχλιου,μύξαν κοχλίου,μυξαν κοχλιου,SUBSTANCE_PART:1,true,,,1,1,1,AET_LM,Aetius,entries_full_v3,0.880,draft
μυογαλη,μυογαλῆ,μυογαλη,SUBSTANCE:1,false,,,1,1,1,DIOSC_DMM,Dioscorides,diosc_full_v3,0.860,draft
μυοκτονον,μυοκτόνον,μυοκτονον,SUBSTANCE:1,false,,,1,1,1,DIOSC_DMM,Dioscorides,diosc_full_v3,0.850,draft
μυος ωτα,μυὸς ὦτα,μυος ωτα,SUBSTANCE:7;SUBSTANCE_PART:1,true,ους;ωτα,,5,8,8,AET_LM;DIOSC_DMM;GAL_SMT;ORIB_CM;PAUL_AEG,Aetius;Dioscorides;Galen;Oribasius;Paul,diosc_full_v3;entries_full_v3;paul_full_v3,0.839,draft
μυος ωτις,μυὸς ὠτίς,μυος ωτις,SUBSTANCE:1,true,ωτις,,1,1,1,DIOSC_DMM,Dioscorides,diosc_full_v3,0.850,draft
μυοσωτις,μυοσωτίς,μυοσωτις,SUBSTANCE:1,false,,,1,1,1,AET_LM,Aetius,entries_full_v3,0.950,draft
μυρικη,μυρίκη,μυρικη,SUBSTANCE:12,false,,,5,12,12,AET_LM;DIOSC_DMM;GAL_SMT;ORIB_CM;PAUL_AEG,Aetius;Dioscorides;Galen;Oribasius;Paul,diosc_full_v3;entries_full_v3;paul_full_v3,0.872,draft
μυρικη αγρια,μυρίκη ἀγρία,μυρικη αγρια,SUBSTANCE:1,true,μυρικη,,1,1,1,DIOSC_DMM,Dioscorides,diosc_full_v3,0.650,draft
μυρικη ημερος,μυρίκη ἥμερος,μυρικη ημερος,SUBSTANCE:1,true,μυρικη,,1,1,1,DIOSC_DMM,Dioscorides,diosc_full_v3,0.650,draft
μυρικης καρπου,μυρίκης καρποῦ,μυρικης καρπου,SUBSTANCE_PART:2,true,,,2,2,2,AET_LM;DIOSC_DMM,Aetius;Dioscorides,diosc_full_v3;entries_full_v3,0.780,draft
μυρικης καρπω,μυρίκης καρπῷ,μυρικης καρπω,SUBSTANCE_PART:1,true,,,1,1,1,DIOSC_DMM,Dioscorides,diosc_full_v3,0.820,draft
μυριοφυλλον,μυριόφυλλον,μυριοφυλλον,SUBSTANCE:4,false,,,4,4,4,DIOSC_DMM;GAL_SMT;ORIB_CM;PAUL_AEG,Dioscorides;Galen;Oribasius;Paul,diosc_full_v3;entries_full_v3;paul_full_v3,0.900,draft
μυροβαλανινον ελαιον,μυροβαλάνινον ἔλαιον,μυροβαλανινον ελαιον,SUBSTANCE:1,true,ελαιον,,1,1,1,AET_LM,Aetius,entries_full_v3,0.800,draft
μυροβαλανον,μυροβαλάνον,μυροβαλανον,SUBSTANCE:2,false,,,1,2,2,AET_LM,Aetius,entries_full_v3,0.750,draft
μυροβαλανος,μυροβάλανος,μυροβαλανος,SUBSTANCE:2,false,,,2,2,2,AET_LM;DIOSC_DMM,Aetius;Dioscorides,diosc_full_v3;entries_full_v3,0.745,draft
μυρον,μύρον,μυρον,SUBSTANCE:7,false,,,3,7,7,AET_LM;DIOSC_DMM;GAL_SMT,Aetius;Dioscorides;Galen,diosc_full_v3;entries_full_v3,0.714,draft
μυρρα,μύρρα,μυρρα,SUBSTANCE:3,false,,,3,3,3,DIOSC_DMM;GAL_SMT;PAUL_AEG,Dioscorides;Galen;Paul,diosc_full_v3;entries_full_v3;paul_full_v3,0.843,draft
μυρρινη,μυρρίνη,μυρρινη,SUBSTANCE:5,false,,,5,5,5,AET_LM;DIOSC_DMM;GAL_SMT;ORIB_CM;PAUL_AEG,Aetius;Dioscorides;Galen;Oribasius;Paul,diosc_full_v3;entries_full_v3;paul_full_v3,0.866,draft
μυρρις,μυρρίς,μυρρις,SUBSTANCE:4,false,,,4,4,4,DIOSC_DMM;GAL_SMT;ORIB_CM;PAUL_AEG,Dioscorides;Galen;Oribasius;Paul,diosc_full_v3;entries_full_v3;paul_full_v3,0.882,draft
μυρσινη,μυρσίνη,μυρσινη,SUBSTANCE:20,false,,,2,20,20,AET_LM;DIOSC_DMM,Aetius;Dioscorides,diosc_full_v3;entries_full_v3,0.818,draft
μυρσινη αγρια,μυρσίνη ἀγρία,μυρσινη αγρια,SUBSTANCE:2,true,μυρσινη,,1,2,2,DIOSC_DMM,Dioscorides,diosc_full_v3,0.885,draft
μυρσινη ημερος,μυρσίνη ἥμερος,μυρσινη ημερος,SUBSTANCE:1,true,μυρσινη,,1,1,1,DIOSC_DMM,Dioscorides,diosc_full_v3,0.860,draft
μυρσινη λευκη,μυρσίνη λευκή,μυρσινη λευκη,SUBSTANCE:1,true,μυρσινη,,1,1,1,DIOSC_DMM,Dioscorides,diosc_full_v3,0.760,draft
μυρσινη μελαινα,μυρσίνη μέλαινα,μυρσινη μελαινα,SUBSTANCE:2,true,μυρσινη,,1,2,2,DIOSC_DMM,Dioscorides,diosc_full_v3,0.810,draft
μυρσινη ορεινη,μυρσίνη ὀρεινή,μυρσινη ορεινη,SUBSTANCE:1,true,μυρσινη,,1,1,1,DIOSC_DMM,Dioscorides,diosc_full_v3,0.760,draft
μυρσινης κλαδον,μυρσίνης κλάδον,μυρσινης κλαδον,SUBSTANCE_PART:1,true,,,1,1,1,DIOSC_DMM,Dioscorides,diosc_full_v3,0.720,draft
μυρσινης πεταλων,μυρσίνης πετάλων,μυρσινης πεταλων,SUBSTANCE_PART:1,true,,,1,1,1,DIOSC_DMM,Dioscorides,diosc_full_v3,0.900,draft
μυρσινης τα φυλλα,μυρσίνης τὰ φύλλα,μυρσινης τα φυλλα,SUBSTANCE_PART:1,true,,,1,1,1,DIOSC_DMM,Dioscorides,diosc_full_v3,0.860,draft
μυρσινης φυλλων,μυρσίνης φύλλων,μυρσινης φυλλων,SUBSTANCE_PART:1,true,,,1,1,1,AET_LM,Aetius,entries_full_v3,0.720,draft
μυρσινινον,μυρσινῖνον,μυρσινινον,SUBSTANCE:1,false,,,1,1,1,DIOSC_DMM,Dioscorides,diosc_full_v3,0.750,draft
μυρσινινον ελαιον,μυρσινῖνον ἔλαιον,μυρσινινον ελαιον,SUBSTANCE:1,true,ελαιον,,1,1,1,DIOSC_DMM,Dioscorides,diosc_full_v3,0.750,draft
μυρσινιτης,μυρσινίτης,μυρσινιτης,SUBSTANCE:4,false,,,4,4,4,DIOSC_DMM;GAL_SMT;ORIB_CM;PAUL_AEG,Dioscorides;Galen;Oribasius;Paul,diosc_full_v3;entries_full_v3;paul_full_v3,0.745,draft
μυρσινοειδες,μυρσινοειδές,μυρσινοειδες,SUBSTANCE:1,false,,,1,1,1,GAL_SMT,Galen,entries_full_v3,0.850,draft
μυρσινοειδης,μυρσινοειδής,μυρσινοειδης,SUBSTANCE:2,false,,,2,2,2,DIOSC_DMM;PAUL_AEG,Dioscorides;Paul,diosc_full_v3;paul_full_v3,0.765,draft
μυρσινον,μύρσινον,μυρσινον,SUBSTANCE:2,false,,,2,2,2,GAL_SMT;ORIB_CM,Galen;Oribasius,entries_full_v3,0.780,draft
μυρσινον ελαιον,μύρσινον ἔλαιον,μυρσινον ελαιον,SUBSTANCE:1,true,ελαιον,,1,1,1,AET_LM,Aetius,entries_full_v3,0.750,draft
μυρσινος,μύρσινος,μυρσινος,SUBSTANCE:1,false,,,1,1,1,GAL_SMT,Galen,entries_full_v3,0.550,draft
μυρσινος ελαιον,μυρσῖνος ἔλαιον,μυρσινος ελαιον,SUBSTANCE:1,true,ελαιον,,1,1,1,AET_LM,Aetius,entries_full_v3,0.750,draft
μυρτακανθος,μυρτάκανθος,μυρτακανθος,SUBSTANCE:1,false,,,1,1,1,DIOSC_DMM,Dioscorides,diosc_full_v3,0.740,draft
μυρτας,μυρτάς,μυρτας,SUBSTANCE:1,false,,,1,1,1,GAL_SMT,Galen,entries_full_v3,0.650,draft
μυρτιδανον,μυρτίδανον,μυρτιδανον,SUBSTANCE_PART:1,false,,,1,1,1,DIOSC_DMM,Dioscorides,diosc_full_v3,0.840,draft
μυρτις,μυρτίς,μυρτις,SUBSTANCE:2,false,,,2,2,2,ORIB_CM;PAUL_AEG,Oribasius;Paul,entries_full_v3;paul_full_v3,0.825,draft
μυρτον,μύρτον,μυρτον,SUBSTANCE:1,false,,,1,1,1,GAL_SMT,Galen,entries_full_v3,0.800,draft
μυρτοπεταλον,μυρτοπέταλον,μυρτοπεταλον,SUBSTANCE:1,false,,,1,1,1,DIOSC_DMM,Dioscorides,diosc_full_v3,0.720,draft
μυρτος,μύρτος,μυρτος,SUBSTANCE:13,false,,,4,13,13,AET_LM;DIOSC_DMM;GAL_SMT;PAUL_AEG,Aetius;Dioscorides;Galen;Paul,diosc_full_v3;entries_full_v3;paul_full_v3,0.761,draft
μυρτος μελαινα,μύρτος μέλαινα,μυρτος μελαινα,SUBSTANCE:1,true,μυρτος,,1,1,1,DIOSC_DMM,Dioscorides,diosc_full_v3,0.820,draft
μυς,μῦς,μυς,SUBSTANCE:5,false,,,4,5,5,DIOSC_DMM;GAL_SMT;ORIB_CM;PAUL_AEG,Dioscorides;Galen;Oribasius;Paul,diosc_full_v3;entries_full_v3;paul_full_v3,0.808,draft
μυς κατοικιδιος,μῦς κατοικίδιος,μυς κατοικιδιος,SUBSTANCE:1,true,μυς,,1,1,1,DIOSC_DMM,Dioscorides,diosc_full_v3,0.850,draft
μυς ους,μῦς οὖς,μυς ους,SUBSTANCE:1,true,ους,,1,1,1,GAL_SMT,Galen,entries_full_v3,0.800,draft
μυς ωτις,μῦς ὠτίς,μυς ωτις,SUBSTANCE:1,true,ωτις,,1,1,1,GAL_SMT,Galen,entries_full_v3,0.900,draft
μωλυ,μῶλυ,μωλυ,SUBSTANCE:7,false,,,5,7,7,AET_LM;DIOSC_DMM;GAL_SMT;ORIB_CM;PAUL_AEG,Aetius;Dioscorides;Galen;Oribasius;Paul,diosc_full_v3;entries_full_v3;paul_full_v3,0.890,draft
μωριον,μώριον,μωριον,SUBSTANCE:1,false,,,1,1,1,DIOSC_DMM,Dioscorides,diosc_full_v3,0.750,draft
νακαφθον,νάκαφθον,νακαφθον,SUBSTANCE:1,false,,ινδικος,1,1,1,PAUL_AEG,Paul,paul_full_v3,0.800,draft
ναξια ακονη,Ναξία ἀκόνη,ναξια ακονη,SUBSTANCE:3,true,ακονη,ναξος,3,3,3,AET_LM;GAL_SMT;ORIB_CM,Aetius;Galen;Oribasius,entries_full_v3,0.790,draft
ναοκαφθον,ναόκαφθον,ναοκαφθον,SUBSTANCE:1,false,,ινδικος,1,1,1,PAUL_AEG,Paul,paul_full_v3,0.920,draft
ναπος,νᾶπος,ναπος,SUBSTANCE:1,false,,,1,1,1,AET_LM,Aetius,entries_full_v3,0.660,draft
ναπυ,νᾶπυ,ναπυ,SUBSTANCE:13,false,,,5,13,13,AET_LM;DIOSC_DMM;GAL_SMT;ORIB_CM;PAUL_AEG,Aetius;Dioscorides;Galen;Oribasius;Paul,diosc_full_v3;entries_full_v3;paul_full_v3,0.872,draft
ναπυ υγρον,νάπυ ὑγρόν,ναπυ υγρον,SUBSTANCE:1,true,ναπυ,,1,1,1,DIOSC_DMM,Dioscorides,diosc_full_v3,0.700,draft
ναπυς,νάπυς,ναπυς,SUBSTANCE:5,false,,,3,5,5,AET_LM;GAL_ALIM;GAL_SMT,Aetius;Galen,entries_full_v3,0.808,draft
ναρδος,νάρδος,ναρδος,SUBSTANCE:45,false,,κελτικη;ποντος,5,45,45,AET_LM;DIOSC_DMM;GAL_SMT;ORIB_CM;PAUL_AEG,Aetius;Dioscorides;Galen;Oribasius;Paul,diosc_full_v3;entries_full_v3;paul_full_v3,0.890,draft
ναρδος αγρια,νάρδος ἀγρία,ναρδος αγρια,SUBSTANCE:2,true,ναρδος,ποντος,1,2,2,DIOSC_DMM,Dioscorides,diosc_full_v3,0.870,draft
ναρδος γαγγιτις,νάρδος Γαγγῖτις,ναρδος γαγγιτις,SUBSTANCE:1,true,ναρδος,γαγγης,1,1,1,DIOSC_DMM,Dioscorides,diosc_full_v3,0.720,draft
ναρδος ινδικη,νάρδος Ἰνδική,ναρδος ινδικη,SUBSTANCE:2,true,ναρδος,ινδια;ινδος,1,2,2,DIOSC_DMM,Dioscorides,diosc_full_v3,0.770,draft
ναρδος κελτικη,νάρδος Κελτική,ναρδος κελτικη,SUBSTANCE:12,true,ναρδος,κελτικη;κελτικος,5,12,12,AET_LM;DIOSC_DMM;GAL_SMT;ORIB_CM;PAUL_AEG,Aetius;Dioscorides;Galen;Oribasius;Paul,diosc_full_v3;entries_full_v3;paul_full_v3,0.848,draft
ναρδος κυζικηνη,νάρδος Κυζικηνή,ναρδος κυζικηνη,SUBSTANCE:1,true,ναρδος,κυζικηνος,1,1,1,AET_LM,Aetius,entries_full_v3,0.780,draft
ναρδος λιτη,νάρδος λιτή,ναρδος λιτη,SUBSTANCE:1,true,ναρδος,,1,1,1,DIOSC_DMM,Dioscorides,diosc_full_v3,0.800,draft
ναρδος ορεια,νάρδος ὀρεῖα,ναρδος ορεια,SUBSTANCE:1,true,ναρδος,,1,1,1,PAUL_AEG,Paul,paul_full_v3,0.900,draft
ναρδος ορεινη,νάρδος ὀρεινή,ναρδος ορεινη,SUBSTANCE:2,true,ναρδος,,2,2,2,DIOSC_DMM;ORIB_CM,Dioscorides;Oribasius,diosc_full_v3;entries_full_v3,0.910,draft
ναρδος ορειος,νάρδος ὄρειος,ναρδος ορειος,SUBSTANCE:1,true,ναρδος,,1,1,1,GAL_SMT,Galen,entries_full_v3,0.850,draft
ναρδος σαμφαριτικη,νάρδος Σαμφαριτική,ναρδος σαμφαριτικη,SUBSTANCE:1,true,ναρδος,,1,1,1,DIOSC_DMM,Dioscorides,diosc_full_v3,0.740,draft
ναρδος σταχυς,νάρδος στάχυς,ναρδος σταχυς,SUBSTANCE:1,true,σταχυς,,1,1,1,AET_LM,Aetius,entries_full_v3,0.880,draft
ναρδος συριακη,νάρδος Συριακή,ναρδος συριακη,SUBSTANCE:3,true,ναρδος,συρια;συριακη,1,3,3,DIOSC_DMM,Dioscorides,diosc_full_v3,0.817,draft
ναρδοσταχυς,ναρδόσταχυς,ναρδοσταχυς,SUBSTANCE:5,false,,,3,5,5,AET_LM;DIOSC_DMM;PAUL_AEG,Aetius;Dioscorides;Paul,diosc_full_v3;entries_full_v3;paul_full_v3,0.844,draft
ναρδου σταχους,νάρδου στάχους,ναρδου σταχους,SUBSTANCE_PART:1,true,,,1,1,1,AET_LM,Aetius,entries_full_v3,0.900,draft
ναρδου σταχυ,νάρδου στάχυ,ναρδου σταχυ,SUBSTANCE_PART:1,true,,,1,1,1,AET_LM,Aetius,entries_full_v3,0.820,draft
ναρδου σταχυι,νάρδου στάχυι,ναρδου σταχυι,SUBSTANCE_PART:1,true,,,1,1,1,PAUL_AEG,Paul,paul_full_v3,0.860,draft
ναρδου σταχυος,νάρδου στάχυος,ναρδου σταχυος,SUBSTANCE_PART:2,true,,,2,2,2,AET_LM;DIOSC_DMM,Aetius;Dioscorides,diosc_full_v3;entries_full_v3,0.765,draft
ναρδου σταχυς,νάρδου στάχυς,ναρδου σταχυς,SUBSTANCE_PART:2,true,,,2,2,2,GAL_SMT;ORIB_CM,Galen;Oribasius,entries_full_v3,0.900,draft
ναρδου σταχυϊ,νάρδου στάχυϊ,ναρδου σταχυϊ,SUBSTANCE_PART:2,true,,,2,2,2,GAL_SMT;ORIB_CM,Galen;Oribasius,entries_full_v3,0.840,draft
ναρδου φυλλον,νάρδου φύλλον,ναρδου φυλλον,SUBSTANCE_PART:1,true,,,1,1,1,AET_LM,Aetius,entries_full_v3,0.820,draft
ναρθηκος,νάρθηκος,ναρθηκος,SUBSTANCE:1;SUBSTANCE_PART:1,false,,,2,2,2,DIOSC_DMM;PAUL_AEG,Dioscorides;Paul,diosc_full_v3;paul_full_v3,0.775,draft
ναρθηκωδες φυτον,ναρθηκῶδες φυτόν,ναρθηκωδες φυτον,SUBSTANCE:1,true,φυτον,,1,1,1,AET_LM,Aetius,entries_full_v3,0.550,draft
ναρθηξ,νάρθηξ,ναρθηξ,SUBSTANCE:13,false,,,5,13,13,AET_LM;DIOSC_DMM;GAL_SMT;ORIB_CM;PAUL_AEG,Aetius;Dioscorides;Galen;Oribasius;Paul,diosc_full_v3;entries_full_v3;paul_full_v3,0.798,draft
ναρθηξ χλωρος,νάρθηξ χλωρός,ναρθηξ χλωρος,SUBSTANCE:1,true,ναρθηξ,,1,1,1,DIOSC_DMM,Dioscorides,diosc_full_v3,0.800,draft
ναρκαφθον,νάρκαφθον,ναρκαφθον,SUBSTANCE:1,false,,ινδικη,1,1,1,DIOSC_DMM,Dioscorides,diosc_full_v3,0.900,draft
ναρκη,νάρκη,ναρκη,SUBSTANCE:6,false,,,4,6,6,AET_LM;DIOSC_DMM;GAL_SMT;PAUL_AEG,Aetius;Dioscorides;Galen;Paul,diosc_full_v3;entries_full_v3;paul_full_v3,0.853,draft
ναρκη θαλασσια,νάρκη θαλασσία,ναρκη θαλασσια,SUBSTANCE:2,true,ναρκη,,2,2,2,DIOSC_DMM;PAUL_AEG,Dioscorides;Paul,diosc_full_v3;paul_full_v3,0.915,draft
ναρκισσος,νάρκισσος,ναρκισσος,SUBSTANCE:8,false,,,5,8,8,AET_LM;DIOSC_DMM;GAL_SMT;ORIB_CM;PAUL_AEG,Aetius;Dioscorides;Galen;Oribasius;Paul,diosc_full_v3;entries_full_v3;paul_full_v3,0.894,draft
ναρκισσου ανθος,ναρκίσσου ἄνθος,ναρκισσου ανθος,SUBSTANCE_PART:1,true,,,1,1,1,DIOSC_DMM,Dioscorides,diosc_full_v3,0.900,draft
ναρκισσου η ριζα,Ναρκίσσου ἡ ῥίζα,ναρκισσου η ριζα,SUBSTANCE_PART:1,true,,,1,1,1,PAUL_AEG,Paul,paul_full_v3,0.960,draft
ναρκισσου ριζα,ναρκίσσου ῥίζα,ναρκισσου ριζα,SUBSTANCE_PART:2,true,,,2,2,2,GAL_SMT;ORIB_CM,Galen;Oribasius,entries_full_v3,0.875,draft
νασκαφθον,νάσκαφθον,νασκαφθον,SUBSTANCE:1,false,,ινδικη,1,1,1,DIOSC_DMM,Dioscorides,diosc_full_v3,0.950,draft
ναστος,ναστός,ναστος,SUBSTANCE:1,false,,,1,1,1,DIOSC_DMM,Dioscorides,diosc_full_v3,0.650,draft
ναυτιλος ηλος,ναύτιλος ἧλος,ναυτιλος ηλος,SUBSTANCE:1,true,ηλος,,1,1,1,DIOSC_DMM,Dioscorides,diosc_full_v3,0.600,draft
ναφθα,νάφθα,ναφθα,SUBSTANCE:1,false,,βαβυλων,1,1,1,DIOSC_DMM,Dioscorides,diosc_full_v3,0.900,draft
νεα κριθη,νέα κριθή,νεα κριθη,SUBSTANCE:1,true,κριθη,,1,1,1,GAL_ALIM,Galen,entries_full_v3,0.800,draft
νεαλες,νεαλές,νεαλες,SUBSTANCE:1,false,,,1,1,1,GAL_ALIM,Galen,entries_full_v3,0.550,draft
νεαρος ιχθυς,νεαρός ἰχθύς,νεαρος ιχθυς,SUBSTANCE:2,true,ιχθυς,,2,2,2,DIOSC_DMM;PAUL_AEG,Dioscorides;Paul,diosc_full_v3;paul_full_v3,0.795,draft
νεκταριον,νεκτάριον,νεκταριον,SUBSTANCE:2,false,,,1,2,2,DIOSC_DMM,Dioscorides,diosc_full_v3,0.805,draft
νεον ελαιον,νέον ἔλαιον,νεον ελαιον,SUBSTANCE:1,true,ελαιον,,1,1,1,DIOSC_DMM,Dioscorides,diosc_full_v3,0.750,draft
νεος τυρος,νέος τυρός,νεος τυρος,SUBSTANCE:1,true,τυρος,,1,1,1,AET_LM,Aetius,entries_full_v3,0.920,draft
νεοσσος,νεοσσός,νεοσσος,SUBSTANCE:1,false,,,1,1,1,DIOSC_DMM,Dioscorides,diosc_full_v3,0.820,draft
νεοττος,νεοττός,νεοττος,SUBSTANCE:1,false,,,1,1,1,DIOSC_DMM,Dioscorides,diosc_full_v3,0.720,draft
νεπετα,νεπέτα,νεπετα,SUBSTANCE:1,false,,,1,1,1,DIOSC_DMM,Dioscorides,diosc_full_v3,0.600,draft
νευρα,νευρά,νευρα,SUBSTANCE:1,false,,,1,1,1,ORIB_CM,Oribasius,entries_full_v3,0.620,draft
νευραδα,νευράδα,νευραδα,SUBSTANCE:1,false,,,1,1,1,DIOSC_DMM,Dioscorides,diosc_full_v3,0.850,draft
νευρας,νευράς,νευρας,SUBSTANCE:2,false,,,2,2,2,GAL_SMT;PAUL_AEG,Galen;Paul,entries_full_v3;paul_full_v3,0.850,draft
νευροειδες,νευροειδές,νευροειδες,SUBSTANCE:1,false,,,1,1,1,DIOSC_DMM,Dioscorides,diosc_full_v3,0.850,draft
νεφρους,νεφροὺς,νεφρους,SUBSTANCE_PART:1,false,,,1,1,1,DIOSC_DMM,Dioscorides,diosc_full_v3,0.700,draft
νηρειαδιον,νηρειάδιον,νηρειαδιον,SUBSTANCE:1,false,,,1,1,1,DIOSC_DMM,Dioscorides,diosc_full_v3,0.750,draft
νηρειον,νήρειον,νηρειον,SUBSTANCE:1,false,,,1,1,1,DIOSC_DMM,Dioscorides,diosc_full_v3,0.750,draft
νηριον,νήριον,νηριον,SUBSTANCE:6,false,,,5,6,6,AET_LM;DIOSC_DMM;GAL_SMT;ORIB_CM;PAUL_AEG,Aetius;Dioscorides;Galen;Oribasius;Paul,diosc_full_v3;entries_full_v3;paul_full_v3,0.915,draft
νησσα,νῆσσα,νησσα,SUBSTANCE:1,false,,,1,1,1,AET_LM,Aetius,entries_full_v3,0.780,draft
νηττης αιμα,νήττης αἷμα,νηττης αιμα,SUBSTANCE_PART:1,true,,,1,1,1,PAUL_AEG,Paul,paul_full_v3,0.800,draft
νιτρον,νίτρον,νιτρον,SUBSTANCE:47,false,,βρυγοι,4,47,47,AET_LM;DIOSC_DMM;GAL_SMT;PAUL_AEG,Aetius;Dioscorides;Galen;Paul,diosc_full_v3;entries_full_v3;paul_full_v3,0.889,draft
νιτρον ακαυστον,νίτρον ἄκαυστον,νιτρον ακαυστον,SUBSTANCE:1,true,νιτρον,,1,1,1,GAL_SMT,Galen,entries_full_v3,0.850,draft
νιτρον κεκαυμενον,νίτρον κεκαυμένον,νιτρον κεκαυμενον,SUBSTANCE:1,true,νιτρον,,1,1,1,GAL_SMT,Galen,entries_full_v3,0.850,draft
νιτρου αφρος,νίτρου ἀφρός,νιτρου αφρος,SUBSTANCE_PART:2,true,,,2,2,2,AET_LM;GAL_SMT,Aetius;Galen,entries_full_v3,0.910,draft
νιτρωδης,νιτρώδης,νιτρωδης,SUBSTANCE:1,false,,,1,1,1,PAUL_AEG,Paul,paul_full_v3,0.730,draft
νοσσαξ,νόσσαξ,νοσσαξ,SUBSTANCE:1,false,,,1,1,1,DIOSC_DMM,Dioscorides,diosc_full_v3,0.700,draft
νοσωδες γαλα,νοσῶδες γάλα,νοσωδες γαλα,SUBSTANCE:1,true,γαλα,,1,1,1,GAL_SMT,Galen,entries_full_v3,0.800,draft
νυκτεριδων αιμα,νυκτερίδων αἷμα,νυκτεριδων αιμα,SUBSTANCE:1,true,αιμα,,1,1,1,AET_LM,Aetius,entries_full_v3,0.800,draft
νυμφαια,νυμφαία,νυμφαια,SUBSTANCE:5,false,,,5,5,5,AET_LM;DIOSC_DMM;GAL_SMT;ORIB_CM;PAUL_AEG,Aetius;Dioscorides;Galen;Oribasius;Paul,diosc_full_v3;entries_full_v3;paul_full_v3,0.920,draft
νυμφαια πτερις,νυμφαία πτέρις,νυμφαια πτερις,SUBSTANCE:2,true,πτερις,,2,2,2,DIOSC_DMM;PAUL_AEG,Dioscorides;Paul,diosc_full_v3;paul_full_v3,0.875,draft
νυμφαιας ριζα,Νυμφαίας ῥίζα,νυμφαιας ριζα,SUBSTANCE_PART:1,true,,,1,1,1,ORIB_CM,Oribasius,entries_full_v3,0.860,draft
νυμφαιας το σπερμα,Νυμφαίας τὸ σπέρμα,νυμφαιας το σπερμα,SUBSTANCE_PART:1,true,,,1,1,1,ORIB_CM,Oribasius,entries_full_v3,0.860,draft
ξανθη χολη,ξανθὴ χολή,ξανθη χολη,SUBSTANCE:2,true,χολη,,2,2,2,GAL_ALIM;PAUL_AEG,Galen;Paul,entries_full_v3;paul_full_v3,0.850,draft
ξανθιον,ξάνθιον,ξανθιον,SUBSTANCE:5,false,,,5,5,5,AET_LM;DIOSC_DMM;GAL_SMT;ORIB_CM;PAUL_AEG,Aetius;Dioscorides;Galen;Oribasius;Paul,diosc_full_v3;entries_full_v3;paul_full_v3,0.880,draft
ξανθιου καρπος,Ξανθίου καρπὸς,ξανθιου καρπος,SUBSTANCE_PART:1,true,,,1,1,1,ORIB_CM,Oribasius,entries_full_v3,0.900,draft
ξανθοκαρυον,ξανθοκάρυον,ξανθοκαρυον,SUBSTANCE:1,false,,,1,1,1,AET_LM,Aetius,entries_full_v3,0.620,draft
ξανθος,ξανθός,ξανθος,SUBSTANCE:2,false,,,2,2,2,AET_LM;ORIB_CM,Aetius;Oribasius,entries_full_v3,0.525,draft
ξηρα ναρδος,ξηρὰ νάρδος,ξηρα ναρδος,SUBSTANCE:1,true,ναρδος,,1,1,1,DIOSC_DMM,Dioscorides,diosc_full_v3,0.860,draft
ξηρα πισσα,ξηρὰ πίσσα,ξηρα πισσα,SUBSTANCE:2,true,πισσα,,2,2,2,AET_LM;DIOSC_DMM,Aetius;Dioscorides,diosc_full_v3;entries_full_v3,0.740,draft
ξηρα πιττα,ξηρὰ πίττα,ξηρα πιττα,SUBSTANCE:1,true,πιττα,,1,1,1,GAL_SMT,Galen,entries_full_v3,0.750,draft
ξηρα πιτυινη,ξηρὰ πιτυίνη,ξηρα πιτυινη,SUBSTANCE:1,true,πιτυινη,,1,1,1,AET_LM,Aetius,entries_full_v3,0.750,draft
ξηρα φυλλα του βηχιου,ξηρὰ φύλλα τοῦ βηχίου,ξηρα φυλλα του βηχιου,SUBSTANCE_PART:1,true,,,1,1,1,GAL_SMT,Galen,entries_full_v3,0.840,draft
ξηροκαρυοφυλλον,ξηροκαρυόφυλλον,ξηροκαρυοφυλλον,SUBSTANCE:1,false,,,1,1,1,AET_LM,Aetius,entries_full_v3,0.720,draft
ξηρον συκον,ξηρὸν σῦκον,ξηρον συκον,SUBSTANCE:3,true,συκον,,3,3,3,AET_LM;GAL_SMT;PAUL_AEG,Aetius;Galen;Paul,entries_full_v3;paul_full_v3,0.843,draft
ξιρις,ξιρίς,ξιρις,SUBSTANCE:3,false,,,3,3,3,DIOSC_DMM;ORIB_CM;PAUL_AEG,Dioscorides;Oribasius;Paul,diosc_full_v3;entries_full_v3;paul_full_v3,0.903,draft
ξιφιον,ξιφίον,ξιφιον,SUBSTANCE:7,false,,,5,7,7,AET_LM;DIOSC_DMM;GAL_SMT;ORIB_CM;PAUL_AEG,Aetius;Dioscorides;Galen;Oribasius;Paul,diosc_full_v3;entries_full_v3;paul_full_v3,0.789,draft
ξιφιου η ριζα,ξιφίου ἡ ῥίζα,ξιφιου η ριζα,SUBSTANCE_PART:3,true,,,3,3,3,AET_LM;GAL_SMT;PAUL_AEG,Aetius;Galen;Paul,entries_full_v3;paul_full_v3,0.897,draft
ξιφιου ριζα,Ξιφίου ῥίζα,ξιφιου ριζα,SUBSTANCE_PART:1,true,,,1,1,1,ORIB_CM,Oribasius,entries_full_v3,0.920,draft
ξλοιος,ξλοιὸς,ξλοιος,SUBSTANCE_PART:1,false,,,1,1,1,DIOSC_DMM,Dioscorides,diosc_full_v3,0.700,draft
ξυλαλοη,ξυλάλοη,ξυλαλοη,SUBSTANCE:1,false,,,1,1,1,AET_LM,Aetius,entries_full_v3,0.820,draft
ξυλαρια ασπαλαθου,ξυλάρια ἀσπαλάθου,ξυλαρια ασπαλαθου,SUBSTANCE_PART:1,true,,,1,1,1,AET_LM,Aetius,entries_full_v3,0.800,draft
ξυλοβαλσαμον,ξυλοβάλσαμον,ξυλοβαλσαμον,SUBSTANCE:12,false,,,2,12,12,AET_LM;DIOSC_DMM,Aetius;Dioscorides,diosc_full_v3;entries_full_v3,0.832,draft
ξυλοκαρυοφυλλον,ξυλοκαρυόφυλλον,ξυλοκαρυοφυλλον,SUBSTANCE:1,false,,,1,1,1,AET_LM,Aetius,entries_full_v3,0.850,draft
ξυλοκασια,ξυλοκασία,ξυλοκασια,SUBSTANCE:3,false,,,1,3,3,AET_LM,Aetius,entries_full_v3,0.850,draft
ξυλοκιναμωμον,ξυλοκινάμωμον,ξυλοκιναμωμον,SUBSTANCE:1,false,,,1,1,1,DIOSC_DMM,Dioscorides,diosc_full_v3,0.920,draft
ξυλοκολλα,ξυλόκολλα,ξυλοκολλα,SUBSTANCE:2,false,,,2,2,2,DIOSC_DMM;PAUL_AEG,Dioscorides;Paul,diosc_full_v3;paul_full_v3,0.820,draft
ξυλολωτον,ξυλόλωτον,ξυλολωτον,SUBSTANCE:1,false,,,1,1,1,DIOSC_DMM,Dioscorides,diosc_full_v3,0.800,draft
ξυλον,ξύλον,ξυλον,SUBSTANCE:22;SUBSTANCE_PART:4,false,,,5,26,26,AET_LM;DIOSC_DMM;GAL_SMT;ORIB_CM;PAUL_AEG,Aetius;Dioscorides;Galen;Oribasius;Paul,diosc_full_v3;entries_full_v3;paul_full_v3,0.740,draft
ξυλον αραβικον,ξύλον ἀραβικόν,ξυλον αραβικον,SUBSTANCE:1,true,ξυλον,,1,1,1,PAUL_AEG,Paul,paul_full_v3,0.600,draft
ξυλον δρυϊνον,ξύλον δρυΐνον,ξυλον δρυϊνον,SUBSTANCE:1,true,ξυλον,,1,1,1,GAL_SMT,Galen,entries_full_v3,0.780,draft
ξυλοπεταλον,ξυλοπέταλον,ξυλοπεταλον,SUBSTANCE:1,false,,,1,1,1,DIOSC_DMM,Dioscorides,diosc_full_v3,0.800,draft
ξυλου,ξύλου,ξυλου,SUBSTANCE_PART:3,false,,,2,3,3,DIOSC_DMM;PAUL_AEG,Dioscorides;Paul,diosc_full_v3;paul_full_v3,0.817,draft
ξυλωδες κιναμωμον,ξυλῶδες κινάμωμον,ξυλωδες κιναμωμον,SUBSTANCE:1,true,κιναμωμον,,1,1,1,DIOSC_DMM,Dioscorides,diosc_full_v3,0.860,draft
ξυλων,ξύλων,ξυλων,SUBSTANCE_PART:3,false,,,1,3,3,DIOSC_DMM,Dioscorides,diosc_full_v3,0.713,draft
ξυλων αυτου,ξύλων αὐτοῦ,ξυλων αυτου,SUBSTANCE_PART:1,true,,,1,1,1,AET_LM,Aetius,entries_full_v3,0.760,draft
ξυρις,ξυρίς,ξυρις,SUBSTANCE:3,false,,,3,3,3,DIOSC_DMM;GAL_SMT;PAUL_AEG,Dioscorides;Galen;Paul,diosc_full_v3;entries_full_v3;paul_full_v3,0.933,draft
ξυσμα,ξύσμα,ξυσμα,SUBSTANCE:1;SUBSTANCE_PART:1,false,,,1,2,2,DIOSC_DMM,Dioscorides,diosc_full_v3,0.735,draft
ο δε καρπος,ὁ δὲ καρπὸς,ο δε καρπος,SUBSTANCE_PART:1,false,,,1,1,1,GAL_SMT,Galen,entries_full_v3,0.860,draft
ο δε της ραχεως,ὁ δὲ τῆς ῥάχεως,ο δε της ραχεως,SUBSTANCE_PART:1,true,,,1,1,1,PAUL_AEG,Paul,paul_full_v3,0.900,draft
ο δε φλοιος,ὁ δὲ φλοιὸς,ο δε φλοιος,SUBSTANCE_PART:1,false,,,1,1,1,PAUL_AEG,Paul,paul_full_v3,0.850,draft
ο δε φλοιος της ριζης,ὁ δὲ φλοιὸς τῆς ῥίζης,ο δε φλοιος της ριζης,SUBSTANCE_PART:2,true,,,2,2,2,DIOSC_DMM;GAL_SMT,Dioscorides;Galen,diosc_full_v3;entries_full_v3,0.825,draft
ο δε φλοιος της ριζης του δενδρου,ὁ δὲ φλοιὸς τῆς ῥίζης τοῦ δένδρου,ο δε φλοιος της ριζης του δενδρου,SUBSTANCE_PART:1,true,,,1,1,1,AET_LM,Aetius,entries_full_v3,0.750,draft
ο καρπος,ὁ καρπὸς,ο καρπος,SUBSTANCE_PART:14,true,,,4,14,14,AET_LM;DIOSC_DMM;GAL_SMT;PAUL_AEG,Aetius;Dioscorides;Galen;Paul,diosc_full_v3;entries_full_v3;paul_full_v3,0.866,draft
ο καρπος (μαλαχης),ὁ καρπὸς (Μαλάχης),ο καρπος (μαλαχης),SUBSTANCE_PART:1,true,,,1,1,1,PAUL_AEG,Paul,paul_full_v3,0.880,draft
ο καρπος αυτης,ὁ καρπὸς αὐτῆς,ο καρπος αυτης,SUBSTANCE_PART:6,true,,,3,6,6,DIOSC_DMM;GAL_SMT;PAUL_AEG,Dioscorides;Galen;Paul,diosc_full_v3;entries_full_v3;paul_full_v3,0.878,draft
ο καρπος αυτου,ὁ καρπὸς αὐτοῦ,ο καρπος αυτου,SUBSTANCE_PART:1,false,,,1,1,1,PAUL_AEG,Paul,paul_full_v3,0.820,draft
ο καρπος δε της ολοσχοινου,ὁ καρπὸς δὲ τῆς ὁλοσχοίνου,ο καρπος δε της ολοσχοινου,SUBSTANCE_PART:1,false,,,1,1,1,GAL_SMT,Galen,entries_full_v3,0.850,draft
ο καρπος εστι της θυμελαιας,ὁ καρπός ἐστι τῆς θυμελαίας,ο καρπος εστι της θυμελαιας,SUBSTANCE_PART:1,true,,,1,1,1,PAUL_AEG,Paul,paul_full_v3,0.880,draft
ο καρπος πιστακιων,ὁ καρπὸς Πιστακίων,ο καρπος πιστακιων,SUBSTANCE_PART:1,true,,,1,1,1,PAUL_AEG,Paul,paul_full_v3,0.820,draft
ο καρπος της δρυος,ὁ καρπὸς τῆς δρυός,ο καρπος της δρυος,SUBSTANCE_PART:1,false,,,1,1,1,GAL_SMT,Galen,entries_full_v3,0.900,draft
ο καρπος της κρανιας,ὁ καρπὸς τῆς κρανίας,ο καρπος της κρανιας,SUBSTANCE_PART:1,true,,,1,1,1,PAUL_AEG,Paul,paul_full_v3,0.900,draft
ο καρπος της ολοσχοινου,ὁ καρπὸς τῆς ὁλοσχοίνου,ο καρπος της ολοσχοινου,SUBSTANCE_PART:1,true,,,1,1,1,AET_LM,Aetius,entries_full_v3,0.850,draft
ο καρπος των πιτυων,ὁ καρπὸς τῶν πιτύων,ο καρπος των πιτυων,SUBSTANCE_PART:1,true,,,1,1,1,AET_LM,Aetius,entries_full_v3,0.700,draft
ο καυλος,ὁ καυλὸς,ο καυλος,SUBSTANCE_PART:1,true,,,1,1,1,DIOSC_DMM,Dioscorides,diosc_full_v3,0.880,draft
ο κοκκος αυτου του κικους,ὁ κόκκος αὐτοῦ τοῦ κίκους,ο κοκκος αυτου του κικους,SUBSTANCE_PART:1,true,,,1,1,1,GAL_SMT,Galen,entries_full_v3,0.780,draft
ο μεν απο των κωλων,ὁ μὲν ἀπὸ τῶν κώλων,ο μεν απο των κωλων,SUBSTANCE_PART:1,true,,,1,1,1,PAUL_AEG,Paul,paul_full_v3,0.900,draft
ο μεταξυ της σαρκος και του λεπους φλοιος,ὁ μεταξὺ τῆς σαρκὸς καὶ τοῦ λέπους φλοιός,ο μεταξυ της σαρκος και του λεπους φλοιος,SUBSTANCE_PART:1,true,,,1,1,1,DIOSC_DMM,Dioscorides,diosc_full_v3,0.700,draft
ο οπος,ὁ ὀπός,ο οπος,SUBSTANCE_PART:1,false,,,1,1,1,GAL_SMT,Galen,entries_full_v3,0.920,draft
ο οπος αυτης,ὁ ὀπὸς αὐτῆς,ο οπος αυτης,SUBSTANCE_PART:1,true,,,1,1,1,PAUL_AEG,Paul,paul_full_v3,0.860,draft
ο περικειμενος φλοιος,ὁ περικείμενος φλοιὸς,ο περικειμενος φλοιος,SUBSTANCE_PART:1,false,,,1,1,1,DIOSC_DMM,Dioscorides,diosc_full_v3,0.800,draft
ο της ριζης φλοιος,ὁ τῆς ῥίζης φλοιός,ο της ριζης φλοιος,SUBSTANCE_PART:1,true,,,1,1,1,PAUL_AEG,Paul,paul_full_v3,0.780,draft
ο της ρου καρπος,ὁ τῆς ῥοῦ καρπός,ο της ρου καρπος,SUBSTANCE_PART:1,true,,,1,1,1,AET_LM,Aetius,entries_full_v3,0.750,draft
ο φλοιος,ὁ φλοιὸς,ο φλοιος,SUBSTANCE_PART:2,true,,,1,2,2,PAUL_AEG,Paul,paul_full_v3,0.850,draft
ο φλοιος αυτης,ὁ φλοιὸς αὐτῆς,ο φλοιος αυτης,SUBSTANCE_PART:1,true,,,1,1,1,PAUL_AEG,Paul,paul_full_v3,0.920,draft
ο φλοιος αυτου,ὁ φλοιὸς αὐτοῦ,ο φλοιος αυτου,SUBSTANCE_PART:1,true,,,1,1,1,PAUL_AEG,Paul,paul_full_v3,0.740,draft
ο φλοιος της ριζης,ὁ φλοιὸς τῆς ῥίζης,ο φλοιος της ριζης,SUBSTANCE_PART:4,true,,,3,4,4,AET_LM;DIOSC_DMM;PAUL_AEG,Aetius;Dioscorides;Paul,diosc_full_v3;entries_full_v3;paul_full_v3,0.858,draft
ο χυλος,ὁ χυλὸς,ο χυλος,SUBSTANCE_PART:3,false,,,1,3,3,PAUL_AEG,Paul,paul_full_v3,0.860,draft
οα,ὄα,οα,SUBSTANCE:2,false,,,2,2,2,GAL_SMT;PAUL_AEG,Galen;Paul,entries_full_v3;paul_full_v3,0.810,draft
οδοντων,ὀδόντων,οδοντων,SUBSTANCE_PART:1,false,,,1,1,1,PAUL_AEG,Paul,paul_full_v3,0.870,draft
οη,ὄη,οη,SUBSTANCE:3,false,,,3,3,3,GAL_SMT;ORIB_CM;PAUL_AEG,Galen;Oribasius;Paul,entries_full_v3;paul_full_v3,0.827,draft
οθνια,ὀθνία,οθνια,SUBSTANCE:1,false,,,1,1,1,GAL_SMT,Galen,entries_full_v3,0.550,draft
οθοννα,ὀθόννα,οθοννα,SUBSTANCE:3,false,,,2,3,3,DIOSC_DMM;PAUL_AEG,Dioscorides;Paul,diosc_full_v3;paul_full_v3,0.807,draft
οι ακρεμονες,οἱ ἀκρεμόνες,οι ακρεμονες,SUBSTANCE_PART:2,true,,,2,2,2,AET_LM;PAUL_AEG,Aetius;Paul,entries_full_v3;paul_full_v3,0.805,draft
οι δε κλωνες,οἱ δὲ κλῶνες,οι δε κλωνες,SUBSTANCE_PART:1,true,,,1,1,1,PAUL_AEG,Paul,paul_full_v3,0.900,draft
οι μηροι του βοος,οἱ μηροὶ τοῦ βοὸς,οι μηροι του βοος,SUBSTANCE_PART:1,true,,,1,1,1,PAUL_AEG,Paul,paul_full_v3,0.850,draft
οινανθη,οἰνάνθη,οινανθη,SUBSTANCE:4,false,,,2,4,4,DIOSC_DMM;PAUL_AEG,Dioscorides;Paul,diosc_full_v3;paul_full_v3,0.890,draft
οινανθην,οἰνάνθην,οινανθην,SUBSTANCE_PART:1,false,,,1,1,1,DIOSC_DMM,Dioscorides,diosc_full_v3,0.700,draft
οινανθην αμπελου,οἰνάνθην ἀμπέλου,οινανθην αμπελου,SUBSTANCE_PART:1,true,,,1,1,1,AET_LM,Aetius,entries_full_v3,0.900,draft
οινοκηκις,οἰνοκηκίς,οινοκηκις,SUBSTANCE:1,false,,,1,1,1,GAL_SMT,Galen,entries_full_v3,0.700,draft
οινομελι,οἰνόμελι,οινομελι,SUBSTANCE:3,false,,,2,3,3,DIOSC_DMM;PAUL_AEG,Dioscorides;Paul,diosc_full_v3;paul_full_v3,0.807,draft
οινος,οἶνος,οινος,SUBSTANCE:504,true,οινος,,6,503,504,AET_LM;DIOSC_DMM;GAL_ALIM;GAL_SMT;ORIB_CM;PAUL_AEG,Aetius;Dioscorides;Galen;Oribasius;Paul,diosc_full_v3;entries_full_v3;paul_full_v3,0.881,draft
οινος ακρατος,οἶνος ἄκρατος,οινος ακρατος,SUBSTANCE:3,true,οινος,,1,3,3,AET_LM,Aetius,entries_full_v3,0.767,draft
οινος αμινναιος,οἶνος Ἀμινναῖος,οινος αμινναιος,SUBSTANCE:1,true,οινος,,1,1,1,DIOSC_DMM,Dioscorides,diosc_full_v3,0.550,draft
οινος αρωματιτης,οἶνος ἀρωματίτης,οινος αρωματιτης,SUBSTANCE:1,true,οινος,,1,1,1,DIOSC_DMM,Dioscorides,diosc_full_v3,0.850,draft
οινος αυστηρος,οἶνος αὐστηρός,οινος αυστηρος,SUBSTANCE:17,true,οινος,,4,17,17,AET_LM;DIOSC_DMM;GAL_SMT;PAUL_AEG,Aetius;Dioscorides;Galen;Paul,diosc_full_v3;entries_full_v3;paul_full_v3,0.827,draft
οινος αυστηρος οξυβαφος,οἶνος αὐστηρὸς ὀξυβάφος,οινος αυστηρος οξυβαφος,SUBSTANCE:1,true,οινος,,1,1,1,AET_LM,Aetius,entries_full_v3,0.760,draft
οινος αυστηρος παλαιος,οἶνος αὐστηρός παλαιός,οινος αυστηρος παλαιος,SUBSTANCE:1,true,οινος,,1,1,1,DIOSC_DMM,Dioscorides,diosc_full_v3,0.840,draft
οινος γλυκυς,οἶνος γλυκύς,οινος γλυκυς,SUBSTANCE:10,true,οινος,,4,10,10,AET_LM;DIOSC_DMM;GAL_ALIM;GAL_SMT,Aetius;Dioscorides;Galen,diosc_full_v3;entries_full_v3,0.820,draft
οινος ευωδης,οἶνος εὐώδης,οινος ευωδης,SUBSTANCE:7,true,οινος,,3,7,7,AET_LM;DIOSC_DMM;GAL_SMT,Aetius;Dioscorides;Galen,diosc_full_v3;entries_full_v3,0.810,draft
οινος ευωδης στερεος,οἶνος εὐώδης στερεός,οινος ευωδης στερεος,SUBSTANCE:1,true,οινος,,1,1,1,AET_LM,Aetius,entries_full_v3,0.800,draft
οινος θερμος ακρατος,οἶνος θερμός ἄκρατος,οινος θερμος ακρατος,SUBSTANCE:1,true,οινος,,1,1,1,AET_LM,Aetius,entries_full_v3,0.880,draft
οινος καθαρτικος,οἶνος καθαρτικός,οινος καθαρτικος,SUBSTANCE:1,true,οινος,,1,1,1,DIOSC_DMM,Dioscorides,diosc_full_v3,0.850,draft
οινος καλαμινθιτης,οἶνος καλαμινθίτης,οινος καλαμινθιτης,SUBSTANCE:1,true,οινος,,1,1,1,DIOSC_DMM,Dioscorides,diosc_full_v3,0.900,draft
οινος κεκραμενος,οἶνος κεκραμένος,οινος κεκραμενος,SUBSTANCE:2,true,οινος,,1,2,2,DIOSC_DMM,Dioscorides,diosc_full_v3,0.880,draft
οινος κιρρος,οἶνος κιρρός,οινος κιρρος,SUBSTANCE:1,true,οινος,,1,1,1,AET_LM,Aetius,entries_full_v3,0.800,draft
οινος κονυζιτης,οἶνος κονυζίτης,οινος κονυζιτης,SUBSTANCE:1,true,οινος,,1,1,1,DIOSC_DMM,Dioscorides,diosc_full_v3,0.900,draft
οινος λεπτος,οἶνος λεπτός,οινος λεπτος,SUBSTANCE:5,true,οινος,,3,5,5,AET_LM;GAL_SMT;PAUL_AEG,Aetius;Galen;Paul,entries_full_v3;paul_full_v3,0.806,draft
οινος λεσβιος,οἶνος Λέσβιος,οινος λεσβιος,SUBSTANCE:1,true,οινος,λεσβος,1,1,1,DIOSC_DMM,Dioscorides,diosc_full_v3,0.840,draft
οινος λευκος,οἶνος λευκός,οινος λευκος,SUBSTANCE:15,true,οινος,,4,15,15,AET_LM;DIOSC_DMM;GAL_SMT;PAUL_AEG,Aetius;Dioscorides;Galen;Paul,diosc_full_v3;entries_full_v3;paul_full_v3,0.847,draft
οινος λευκος και λεπτος,οἶνος λευκός καὶ λεπτός,οινος λευκος και λεπτος,SUBSTANCE:2,true,οινος,,2,2,2,AET_LM;ORIB_CM,Aetius;Oribasius,entries_full_v3,0.825,draft
οινος λευκος παλαιος,οἶνος λευκός παλαιός,οινος λευκος παλαιος,SUBSTANCE:1,true,οινος,,1,1,1,AET_LM,Aetius,entries_full_v3,0.900,draft
οινος μελας,οἶνος μέλας,οινος μελας,SUBSTANCE:1,true,οινος,,1,1,1,DIOSC_DMM,Dioscorides,diosc_full_v3,0.800,draft
οινος μελας αυστηρος,οἶνος μέλας αὐστηρός,οινος μελας αυστηρος,SUBSTANCE:6,true,οινος,,3,6,6,AET_LM;DIOSC_DMM;GAL_SMT,Aetius;Dioscorides;Galen,diosc_full_v3;entries_full_v3,0.830,draft
οινος οριγανιτης,οἶνος ὀριγανίτης,οινος οριγανιτης,SUBSTANCE:1,true,οινος,,1,1,1,DIOSC_DMM,Dioscorides,diosc_full_v3,0.880,draft
οινος παλαιος,οἶνος παλαιός,οινος παλαιος,SUBSTANCE:9,true,οινος,,3,9,9,AET_LM;DIOSC_DMM;GAL_SMT,Aetius;Dioscorides;Galen,diosc_full_v3;entries_full_v3,0.822,draft
οινος παλαιος γλυκυς,οἶνος παλαιός γλυκύς,οινος παλαιος γλυκυς,SUBSTANCE:1,true,οινος,,1,1,1,DIOSC_DMM,Dioscorides,diosc_full_v3,0.750,draft
οινος παλαιος ευωδης,οἶνος παλαιὸς εὐώδης,οινος παλαιος ευωδης,SUBSTANCE:4,true,οινος,,2,4,4,AET_LM;DIOSC_DMM,Aetius;Dioscorides,diosc_full_v3;entries_full_v3,0.807,draft
οινος παλαιος ιταλικος,οἶνος παλαιὸς Ἰταλικός,οινος παλαιος ιταλικος,SUBSTANCE:1,true,οινος,ιταλια,1,1,1,DIOSC_DMM,Dioscorides,diosc_full_v3,0.850,draft
οινος τεθαλασσωμενος,οἶνος τεθαλασσωμένος,οινος τεθαλασσωμενος,SUBSTANCE:1,true,οινος,,1,1,1,DIOSC_DMM,Dioscorides,diosc_full_v3,0.550,draft
οινος φοινικιτης,οἶνος φοινικίτης,οινος φοινικιτης,SUBSTANCE:1,true,οινος,,1,1,1,DIOSC_DMM,Dioscorides,diosc_full_v3,0.720,draft
οινος χιος,οἶνος Χῖος,οινος χιος,SUBSTANCE:3,true,οινος,χιος,1,3,3,DIOSC_DMM,Dioscorides,diosc_full_v3,0.827,draft
οινος χιος αθαλασσιος,οἶνος Χῖος ἀθαλάσσιος,οινος χιος αθαλασσιος,SUBSTANCE:1,true,οινος,χιος,1,1,1,DIOSC_DMM,Dioscorides,diosc_full_v3,0.780,draft
οινωδης,οἰνώδης,οινωδης,SUBSTANCE:1,false,,,1,1,1,DIOSC_DMM,Dioscorides,diosc_full_v3,0.680,draft
οισυπηρων εριων λιπος,οἰσυπηρῶν ἐρίων λίπος,οισυπηρων εριων λιπος,SUBSTANCE_PART:1,true,,,1,1,1,DIOSC_DMM,Dioscorides,diosc_full_v3,0.750,draft
οισυπον,οἴσυπον,οισυπον,SUBSTANCE:1,false,,,1,1,1,ORIB_CM,Oribasius,entries_full_v3,0.850,draft
οισυπος,οἴσυπος,οισυπος,SUBSTANCE:6,false,,,3,6,6,DIOSC_DMM;GAL_SMT;PAUL_AEG,Dioscorides;Galen;Paul,diosc_full_v3;entries_full_v3;paul_full_v3,0.908,draft
ολεσαθρον,ὀλέσαθρον,ολεσαθρον,SUBSTANCE:1,false,,,1,1,1,DIOSC_DMM,Dioscorides,diosc_full_v3,0.800,draft
ολκος,ὁλκός,ολκος,SUBSTANCE:1,false,,,1,1,1,DIOSC_DMM,Dioscorides,diosc_full_v3,0.600,draft
ολοκυρον,ὁλόκυρον,ολοκυρον,SUBSTANCE:1,false,,ποντος,1,1,1,DIOSC_DMM,Dioscorides,diosc_full_v3,0.800,draft
ολον θαμνιον,ὅλον θαμνίον,ολον θαμνιον,SUBSTANCE_PART:1,true,,,1,1,1,PAUL_AEG,Paul,paul_full_v3,0.850,draft
ολον το φυτον,ὅλον τὸ φυτόν,ολον το φυτον,SUBSTANCE_PART:1,true,,,1,1,1,PAUL_AEG,Paul,paul_full_v3,0.700,draft
ολοστεον,ὁλόστεον,ολοστεον,SUBSTANCE:1,false,,,1,1,1,DIOSC_DMM,Dioscorides,diosc_full_v3,0.950,draft
ολοστιον,ὀλόστιον,ολοστιον,SUBSTANCE:3,false,,,3,3,3,GAL_SMT;ORIB_CM;PAUL_AEG,Galen;Oribasius;Paul,entries_full_v3;paul_full_v3,0.870,draft
ολοσχοινος,ὁλόσχοινος,ολοσχοινος,SUBSTANCE:7,false,,,5,7,7,AET_LM;DIOSC_DMM;GAL_SMT;ORIB_CM;PAUL_AEG,Aetius;Dioscorides;Galen;Oribasius;Paul,diosc_full_v3;entries_full_v3;paul_full_v3,0.791,draft
ολυνθος,ὄλυνθος,ολυνθος,SUBSTANCE:10,false,,,4,10,10,DIOSC_DMM;GAL_SMT;ORIB_CM;PAUL_AEG,Dioscorides;Galen;Oribasius;Paul,diosc_full_v3;entries_full_v3;paul_full_v3,0.759,draft
ολυνθος λειος,ὄλυνθος λεῖος,ολυνθος λειος,SUBSTANCE:1,true,ολυνθος,,1,1,1,DIOSC_DMM,Dioscorides,diosc_full_v3,0.620,draft
ολυρα,ὀλύρα,ολυρα,SUBSTANCE:2,false,,,2,2,2,DIOSC_DMM;GAL_SMT,Dioscorides;Galen,diosc_full_v3;entries_full_v3,0.900,draft
ομβριον υδωρ,ὄμβριον ὕδωρ,ομβριον υδωρ,SUBSTANCE:4,true,υδωρ,,2,4,4,AET_LM;DIOSC_DMM,Aetius;Dioscorides,diosc_full_v3;entries_full_v3,0.840,draft
ομβριος,ὄμβριος,ομβριος,SUBSTANCE:1,false,,,1,1,1,PAUL_AEG,Paul,paul_full_v3,0.720,draft
ομβριος υδωρ,ὄμβριος ὕδωρ,ομβριος υδωρ,SUBSTANCE:1,true,υδωρ,,1,1,1,AET_LM,Aetius,entries_full_v3,0.800,draft
ομφακινον,ὀμφάκινον,ομφακινον,SUBSTANCE:3,false,,,3,3,3,AET_LM;GAL_SMT;ORIB_CM,Aetius;Galen;Oribasius,entries_full_v3,0.820,draft
ομφακινον ελαιον,ὀμφακῖνον ἔλαιον,ομφακινον ελαιον,SUBSTANCE:8,true,ελαιον,,2,8,8,AET_LM;DIOSC_DMM,Aetius;Dioscorides,diosc_full_v3;entries_full_v3,0.843,draft
ομφακινος,ὀμφακῖνος,ομφακινος,SUBSTANCE:1,false,,,1,1,1,AET_LM,Aetius,entries_full_v3,0.550,draft
ομφακιον,ὀμφάκιον,ομφακιον,SUBSTANCE:6,false,,,3,6,6,AET_LM;DIOSC_DMM;GAL_SMT,Aetius;Dioscorides;Galen,diosc_full_v3;entries_full_v3,0.815,draft
ομφακιτης,ὀμφακίτης,ομφακιτης,SUBSTANCE:1,false,,λεσβος,1,1,1,DIOSC_DMM,Dioscorides,diosc_full_v3,0.900,draft
ομφακιτις,ὀμφακῖτις,ομφακιτις,SUBSTANCE:2,false,,,2,2,2,DIOSC_DMM;PAUL_AEG,Dioscorides;Paul,diosc_full_v3;paul_full_v3,0.850,draft
ομφακοκαρπον,ὀμφακόκαρπον,ομφακοκαρπον,SUBSTANCE:1,false,,,1,1,1,PAUL_AEG,Paul,paul_full_v3,0.820,draft
ομφακοκαρπος,ὀμφακόκαρπος,ομφακοκαρπος,SUBSTANCE:1,false,,,1,1,1,GAL_SMT,Galen,entries_full_v3,0.700,draft
ομφαλοκαρπον,ὀμφαλόκαρπον,ομφαλοκαρπον,SUBSTANCE:1,false,,,1,1,1,DIOSC_DMM,Dioscorides,diosc_full_v3,0.850,draft
ομφαξ,ὄμφαξ,ομφαξ,SUBSTANCE:9,false,,,5,9,9,AET_LM;DIOSC_DMM;GAL_SMT;ORIB_CM;PAUL_AEG,Aetius;Dioscorides;Galen;Oribasius;Paul,diosc_full_v3;entries_full_v3;paul_full_v3,0.729,draft
ομφαξ μηπω περκαζουσα,ὄμφαξ μήπω περκαζοῦσα,ομφαξ μηπω περκαζουσα,SUBSTANCE:1,true,ομφαξ,,1,1,1,DIOSC_DMM,Dioscorides,diosc_full_v3,0.750,draft
ομφαξ σταφυλη,ὄμφαξ σταφυλή,ομφαξ σταφυλη,SUBSTANCE:1,true,σταφυλη,,1,1,1,PAUL_AEG,Paul,paul_full_v3,0.750,draft
ομφατιτης λιθος,ὀμφατίτης λίθος,ομφατιτης λιθος,SUBSTANCE:1,true,λιθος,,1,1,1,GAL_SMT,Galen,entries_full_v3,0.800,draft
ομφοκινον,ὀμφοκῖνον,ομφοκινον,SUBSTANCE:1,false,,,1,1,1,DIOSC_DMM,Dioscorides,diosc_full_v3,0.740,draft
οναγρα,ὀνάγρα,οναγρα,SUBSTANCE:2,false,,,2,2,2,DIOSC_DMM;PAUL_AEG,Dioscorides;Paul,diosc_full_v3;paul_full_v3,0.940,draft
οναγρος,ὄναγρος,οναγρος,SUBSTANCE:2,false,,,2,2,2,GAL_SMT;ORIB_CM,Galen;Oribasius,entries_full_v3,0.800,draft
ονειον γαλα,ὄνειον γάλα,ονειον γαλα,SUBSTANCE:2,true,γαλα,,2,2,2,AET_LM;GAL_SMT,Aetius;Galen,entries_full_v3,0.875,draft
ονειος,ὄνειος,ονειος,SUBSTANCE:3,true,γαλα,,3,3,3,AET_LM;DIOSC_DMM;PAUL_AEG,Aetius;Dioscorides;Paul,diosc_full_v3;entries_full_v3;paul_full_v3,0.703,draft
ονισκος,ὀνίσκος,ονισκος,SUBSTANCE:3,false,,,2,3,3,AET_LM;GAL_SMT,Aetius;Galen,entries_full_v3,0.803,draft
ονισκος θαλαττιος,ὀνίσκος θαλάττιος,ονισκος θαλαττιος,SUBSTANCE:1,true,ονισκος,,1,1,1,AET_LM,Aetius,entries_full_v3,0.800,draft
ονιτις,ὀνίτις,ονιτις,SUBSTANCE:2,false,,,2,2,2,DIOSC_DMM;GAL_SMT,Dioscorides;Galen,diosc_full_v3;entries_full_v3,0.840,draft
ονοβρυχις,ὀνοβρυχίς,ονοβρυχις,SUBSTANCE:3,false,,,3,3,3,GAL_SMT;ORIB_CM;PAUL_AEG,Galen;Oribasius;Paul,entries_full_v3;paul_full_v3,0.943,draft
ονοθηρα,ὀνοθήρα,ονοθηρα,SUBSTANCE:4,false,,,4,4,4,DIOSC_DMM;GAL_SMT;ORIB_CM;PAUL_AEG,Dioscorides;Galen;Oribasius;Paul,diosc_full_v3;entries_full_v3;paul_full_v3,0.800,draft
ονοθουρις,ὀνοθουρίς,ονοθουρις,SUBSTANCE:3,false,,,3,3,3,GAL_SMT;ORIB_CM;PAUL_AEG,Galen;Oribasius;Paul,entries_full_v3;paul_full_v3,0.717,draft
ονοκλεια,ὀνοκλεία,ονοκλεια,SUBSTANCE:5,false,,,5,5,5,AET_LM;DIOSC_DMM;GAL_SMT;ORIB_CM;PAUL_AEG,Aetius;Dioscorides;Galen;Oribasius;Paul,diosc_full_v3;entries_full_v3;paul_full_v3,0.842,draft
ονομα,ὄνομα,ονομα,SUBSTANCE:1,false,,,1,1,1,PAUL_AEG,Paul,paul_full_v3,0.850,draft
ονομις,ὀνομίς,ονομις,SUBSTANCE:1,false,,,1,1,1,PAUL_AEG,Paul,paul_full_v3,0.850,draft
ονος,ὄνος,ονος,SUBSTANCE:7,false,,,3,7,7,AET_LM;DIOSC_DMM;PAUL_AEG,Aetius;Dioscorides;Paul,diosc_full_v3;entries_full_v3;paul_full_v3,0.711,draft
ονος υπο τας υδριας,ὄνος ὑπὸ τὰς ὑδρίας,ονος υπο τας υδριας,SUBSTANCE:1,true,ονος,,1,1,1,DIOSC_DMM,Dioscorides,diosc_full_v3,0.720,draft
ονοσμα,ὄνοσμα,ονοσμα,SUBSTANCE:3,false,,,3,3,3,DIOSC_DMM;GAL_SMT;ORIB_CM,Dioscorides;Galen;Oribasius,diosc_full_v3;entries_full_v3,0.917,draft
ονουρις,ὀνοῦρις,ονουρις,SUBSTANCE:1,false,,,1,1,1,DIOSC_DMM,Dioscorides,diosc_full_v3,0.880,draft
ονοχειλες,ὀνοχειλές,ονοχειλες,SUBSTANCE:1,false,,,1,1,1,DIOSC_DMM,Dioscorides,diosc_full_v3,0.780,draft
ονοχειλον,ὀνοχεῖλον,ονοχειλον,SUBSTANCE:1,false,,,1,1,1,AET_LM,Aetius,entries_full_v3,0.780,draft
ονοχειλος,ὀνόχειλος,ονοχειλος,SUBSTANCE:3,false,,,3,3,3,GAL_SMT;ORIB_CM;PAUL_AEG,Galen;Oribasius;Paul,entries_full_v3;paul_full_v3,0.830,draft
ονυξ,ὄνυξ,ονυξ,SUBSTANCE:5,false,,,4,5,5,AET_LM;DIOSC_DMM;GAL_SMT;PAUL_AEG,Aetius;Dioscorides;Galen;Paul,diosc_full_v3;entries_full_v3;paul_full_v3,0.854,draft
ονυξ αρωματικος μεγας,ὄνυξ ἀρωματικός μέγας,ονυξ αρωματικος μεγας,SUBSTANCE:1,true,ονυξ,,1,1,1,AET_LM,Aetius,entries_full_v3,0.650,draft
ονυχα,ὄνυχα,ονυχα,SUBSTANCE_PART:1,false,,,1,1,1,DIOSC_DMM,Dioscorides,diosc_full_v3,0.620,draft
ονυχας αιγων,ὄνυχας αἰγῶν,ονυχας αιγων,SUBSTANCE_PART:2,true,,,2,2,2,AET_LM;GAL_SMT,Aetius;Galen,entries_full_v3,0.890,draft
ονυχας ονων,ὄνυχας ὄνων,ονυχας ονων,SUBSTANCE_PART:1,true,,,1,1,1,AET_LM,Aetius,entries_full_v3,0.880,draft
ονυχας υων,ὄνυχας ὑῶν,ονυχας υων,SUBSTANCE_PART:1,true,,,1,1,1,AET_LM,Aetius,entries_full_v3,0.880,draft
ονυχες ονων,ὄνυχες ὄνων,ονυχες ονων,SUBSTANCE_PART:1,true,,,1,1,1,DIOSC_DMM,Dioscorides,diosc_full_v3,0.860,draft
ονυχιτις,ὀνυχῖτις,ονυχιτις,SUBSTANCE:1,false,,,1,1,1,DIOSC_DMM,Dioscorides,diosc_full_v3,0.740,draft
ονυχος,ὄνυχος,ονυχος,SUBSTANCE_PART:1,false,,,1,1,1,PAUL_AEG,Paul,paul_full_v3,0.880,draft
ονωνις,ὄνωνις,ονωνις,SUBSTANCE:8,false,,,4,8,8,DIOSC_DMM;GAL_SMT;ORIB_CM;PAUL_AEG,Dioscorides;Galen;Oribasius;Paul,diosc_full_v3;entries_full_v3;paul_full_v3,0.851,draft
οξαλις,ὀξαλίς,οξαλις,SUBSTANCE:1,false,,,1,1,1,DIOSC_DMM,Dioscorides,diosc_full_v3,0.900,draft
οξαλμη,ὀξάλμη,οξαλμη,SUBSTANCE:1,false,,,1,1,1,DIOSC_DMM,Dioscorides,diosc_full_v3,0.900,draft
οξελαιον,ὀξελαῖον,οξελαιον,SUBSTANCE:1,false,,,1,1,1,DIOSC_DMM,Dioscorides,diosc_full_v3,0.750,draft
οξος,ὄξος,οξος,SUBSTANCE:320,false,,,6,320,320,AET_LM;DIOSC_DMM;GAL_ALIM;GAL_SMT;ORIB_CM;PAUL_AEG,Aetius;Dioscorides;Galen;Oribasius;Paul,diosc_full_v3;entries_full_v3;paul_full_v3,0.901,draft
οξος δριμυ,ὄξος δριμύ,οξος δριμυ,SUBSTANCE:3,true,οξος,,2,3,3,AET_LM;GAL_SMT,Aetius;Galen,entries_full_v3,0.810,draft
οξος δριμυς,ὄξος δριμύς,οξος δριμυς,SUBSTANCE:2,true,οξος,,2,2,2,AET_LM;GAL_SMT,Aetius;Galen,entries_full_v3,0.825,draft
οξος δριμυτατον,ὄξος δριμύτατον,οξος δριμυτατον,SUBSTANCE:1,true,οξος,,1,1,1,DIOSC_DMM,Dioscorides,diosc_full_v3,0.850,draft
οξος λευκον,ὄξος λευκόν,οξος λευκον,SUBSTANCE:1,true,οξος,,1,1,1,DIOSC_DMM,Dioscorides,diosc_full_v3,0.880,draft
οξος λευκον δριμυ,ὄξος λευκὸν δριμύ,οξος λευκον δριμυ,SUBSTANCE:1,true,οξος,,1,1,1,AET_LM,Aetius,entries_full_v3,0.850,draft
οξυακανθα,ὀξυάκανθα,οξυακανθα,SUBSTANCE:3,false,,,1,3,3,DIOSC_DMM,Dioscorides,diosc_full_v3,0.890,draft
οξυακανθος,ὀξυάκανθος,οξυακανθος,SUBSTANCE:3,false,,,3,3,3,GAL_SMT;ORIB_CM;PAUL_AEG,Galen;Oribasius;Paul,entries_full_v3;paul_full_v3,0.893,draft
οξυακανθου καρπος,Ὀξυακάνθου καρπὸς,οξυακανθου καρπος,SUBSTANCE_PART:1,true,,,1,1,1,ORIB_CM,Oribasius,entries_full_v3,0.860,draft
οξυβαφον,ὀξύβαφον,οξυβαφον,SUBSTANCE:2,false,,,1,2,2,DIOSC_DMM,Dioscorides,diosc_full_v3,0.575,draft
οξυγαλακτινος,ὀξυγαλάκτινος,οξυγαλακτινος,SUBSTANCE:3,false,,,3,3,3,AET_LM;GAL_SMT;ORIB_CM,Aetius;Galen;Oribasius,entries_full_v3,0.757,draft
οξυγαλακτινος τυρος,ὀξυγαλάκτινος τυρός,οξυγαλακτινος τυρος,SUBSTANCE:1,true,τυρος,,1,1,1,AET_LM,Aetius,entries_full_v3,0.880,draft
οξυγγιον,ὀξύγγιον,οξυγγιον,SUBSTANCE:5,false,,,1,5,5,DIOSC_DMM,Dioscorides,diosc_full_v3,0.626,draft
οξυδρατον,ὀξυδράτον,οξυδρατον,SUBSTANCE:1,false,,,1,1,1,DIOSC_DMM,Dioscorides,diosc_full_v3,0.650,draft
οξυκρατον,ὀξύκρατον,οξυκρατον,SUBSTANCE:3,false,,,2,3,3,DIOSC_DMM;PAUL_AEG,Dioscorides;Paul,diosc_full_v3;paul_full_v3,0.847,draft
οξυλαπαθον,ὀξυλάπαθον,οξυλαπαθον,SUBSTANCE:5,false,,,5,5,5,AET_LM;DIOSC_DMM;GAL_SMT;ORIB_CM;PAUL_AEG,Aetius;Dioscorides;Galen;Oribasius;Paul,diosc_full_v3;entries_full_v3;paul_full_v3,0.920,draft
οξυμελι,ὀξυμέλι,οξυμελι,SUBSTANCE:3,false,,,2,3,3,DIOSC_DMM;PAUL_AEG,Dioscorides;Paul,diosc_full_v3;paul_full_v3,0.880,draft
οξυμυρρινη,ὀξυμυρρίνη,οξυμυρρινη,SUBSTANCE:1,false,,,1,1,1,DIOSC_DMM,Dioscorides,diosc_full_v3,0.650,draft
οξυμυρσινη,ὀξυμυρσίνη,οξυμυρσινη,SUBSTANCE:3,false,,,1,3,3,DIOSC_DMM,Dioscorides,diosc_full_v3,0.757,draft
οξυς,ὀξύς,οξυς,SUBSTANCE:2,false,,,2,2,2,DIOSC_DMM;PAUL_AEG,Dioscorides;Paul,diosc_full_v3;paul_full_v3,0.740,draft
οξυς χυμος,ὀξύς χυμός,οξυς χυμος,SUBSTANCE:2,true,χυμος,,2,2,2,GAL_SMT;ORIB_CM,Galen;Oribasius,entries_full_v3,0.680,draft
οξυσχοινος,ὀξύσχοινος,οξυσχοινος,SUBSTANCE:6,false,,,5,6,6,AET_LM;DIOSC_DMM;GAL_SMT;ORIB_CM;PAUL_AEG,Aetius;Dioscorides;Galen;Oribasius;Paul,diosc_full_v3;entries_full_v3;paul_full_v3,0.833,draft
οξυφυλλον,ὀξύφυλλον,οξυφυλλον,SUBSTANCE:2,false,,,2,2,2,DIOSC_DMM;GAL_SMT,Dioscorides;Galen,diosc_full_v3;entries_full_v3,0.860,draft
οπιον,ὄπιον,οπιον,SUBSTANCE:4,false,,,2,4,4,DIOSC_DMM;PAUL_AEG,Dioscorides;Paul,diosc_full_v3;paul_full_v3,0.870,draft
οποβαλσαμον,ὀποβάλσαμον,οποβαλσαμον,SUBSTANCE:7,false,,,3,7,7,AET_LM;DIOSC_DMM;GAL_SMT,Aetius;Dioscorides;Galen,diosc_full_v3;entries_full_v3,0.841,draft
οπον,ὀπὸν,οπον,SUBSTANCE_PART:4,false,,,3,4,4,DIOSC_DMM;GAL_SMT;PAUL_AEG,Dioscorides;Galen;Paul,diosc_full_v3;entries_full_v3;paul_full_v3,0.772,draft
οπον σαγαπηνου,ὀπὸν σαγαπηνοῦ,οπον σαγαπηνου,SUBSTANCE_PART:1,true,,,1,1,1,GAL_SMT,Galen,entries_full_v3,0.850,draft
οποπαναξ,ὀποπάναξ,οποπαναξ,SUBSTANCE:8,false,,,5,8,8,AET_LM;DIOSC_DMM;GAL_SMT;ORIB_CM;PAUL_AEG,Aetius;Dioscorides;Galen;Oribasius;Paul,diosc_full_v3;entries_full_v3;paul_full_v3,0.885,draft
οπος,ὀπός,οπος,SUBSTANCE:44;SUBSTANCE_PART:16,false,,ινδια,6,59,60,AET_LM;DIOSC_DMM;GAL_ALIM;GAL_SMT;ORIB_CM;PAUL_AEG,Aetius;Dioscorides;Galen;Oribasius;Paul,diosc_full_v3;entries_full_v3;paul_full_v3,0.834,draft
οπος κυρηναικος,ὀπός Κυρηναικός,οπος κυρηναικος,SUBSTANCE:2,true,οπος,κυρηνη,2,2,2,AET_LM;PAUL_AEG,Aetius;Paul,entries_full_v3;paul_full_v3,0.800,draft
οπος κυρηναιος,ὀπὸς Κυρηναῖος,οπος κυρηναιος,SUBSTANCE:2,true,οπος,κυρηναιος,2,2,2,GAL_SMT;ORIB_CM,Galen;Oribasius,entries_full_v3,0.815,draft
οπος λευκος,ὀπὸς λευκός,οπος λευκος,SUBSTANCE:1,true,οπος,,1,1,1,DIOSC_DMM,Dioscorides,diosc_full_v3,0.750,draft
οπος μηδικος,ὀπός Μηδικός,οπος μηδικος,SUBSTANCE:3,true,οπος,μηδια;μηδικος,3,3,3,AET_LM;GAL_SMT;PAUL_AEG,Aetius;Galen;Paul,entries_full_v3;paul_full_v3,0.760,draft
οπος ναρθηκος,ὀπός νάρθηκός,οπος ναρθηκος,SUBSTANCE_PART:2,true,,,2,2,2,DIOSC_DMM;GAL_SMT,Dioscorides;Galen,diosc_full_v3;entries_full_v3,0.725,draft
οπος ναρθηκωδους φυτου,ὀπός ναρθηκώδους φυτοῦ,οπος ναρθηκωδους φυτου,SUBSTANCE_PART:1,true,,,1,1,1,AET_LM,Aetius,entries_full_v3,0.650,draft
οπος σαγαπηνου,ὀπὸς σαγαπηνοῦ,οπος σαγαπηνου,SUBSTANCE:1,true,οπος,,1,1,1,GAL_SMT,Galen,entries_full_v3,0.780,draft
οπος συριακος,ὀπός Συριακός,οπος συριακος,SUBSTANCE:3,true,οπος,συρια;συριακος,3,3,3,AET_LM;GAL_SMT;PAUL_AEG,Aetius;Galen;Paul,entries_full_v3;paul_full_v3,0.760,draft
οπος του βαλσαμου,ὀπὸς τοῦ βαλσάμου,οπος του βαλσαμου,SUBSTANCE_PART:1,true,,,1,1,1,DIOSC_DMM,Dioscorides,diosc_full_v3,0.900,draft
οπου,ὀποῦ,οπου,SUBSTANCE_PART:1,false,,,1,1,1,DIOSC_DMM,Dioscorides,diosc_full_v3,0.780,draft
οπου σιλφιου,ὀποῦ σιλφίου,οπου σιλφιου,SUBSTANCE_PART:1,true,,,1,1,1,DIOSC_DMM,Dioscorides,diosc_full_v3,0.750,draft
οποφυλλον,ὀπόφυλλον,οποφυλλον,SUBSTANCE:1,false,,,1,1,1,DIOSC_DMM,Dioscorides,diosc_full_v3,0.740,draft
οπτον νιτρον,ὀπτὸν νίτρον,οπτον νιτρον,SUBSTANCE:1,true,νιτρον,,1,1,1,DIOSC_DMM,Dioscorides,diosc_full_v3,0.750,draft
οπω,ὀπῷ,οπω,SUBSTANCE_PART:3,false,,,3,3,3,AET_LM;GAL_SMT;PAUL_AEG,Aetius;Galen;Paul,entries_full_v3;paul_full_v3,0.843,draft
οπωρα,ὀπώρα,οπωρα,SUBSTANCE:1,false,,,1,1,1,GAL_ALIM,Galen,entries_full_v3,0.520,draft
ορβικλατον,ὀρβικλᾶτον,ορβικλατον,SUBSTANCE:1,false,,,1,1,1,DIOSC_DMM,Dioscorides,diosc_full_v3,0.350,draft
ορεινη δαφνη,ὀρεινὴ δάφνη,ορεινη δαφνη,SUBSTANCE:1,true,δαφνη,,1,1,1,DIOSC_DMM,Dioscorides,diosc_full_v3,0.700,draft
ορειος,ὄρειος,ορειος,SUBSTANCE:1,false,,,1,1,1,AET_LM,Aetius,entries_full_v3,0.550,draft
ορεοσελινον,ὀρεοσέλινον,ορεοσελινον,SUBSTANCE:4,false,,,4,4,4,DIOSC_DMM;GAL_SMT;ORIB_CM;PAUL_AEG,Dioscorides;Galen;Oribasius;Paul,diosc_full_v3;entries_full_v3;paul_full_v3,0.925,draft
ορεστιον,Ὀρέστιον,ορεστιον,SUBSTANCE:2,false,,,1,2,2,DIOSC_DMM,Dioscorides,diosc_full_v3,0.745,draft
οριγανον,ὀρίγανον,οριγανον,SUBSTANCE:23,false,,,5,23,23,AET_LM;DIOSC_DMM;GAL_ALIM;GAL_SMT;PAUL_AEG,Aetius;Dioscorides;Galen;Paul,diosc_full_v3;entries_full_v3;paul_full_v3,0.840,draft
οριγανον αγριον,ὀρίγανον ἄγριον,οριγανον αγριον,SUBSTANCE:2,true,οριγανον,,1,2,2,DIOSC_DMM,Dioscorides,diosc_full_v3,0.875,draft
οριγανος,ὀρίγανος,οριγανος,SUBSTANCE:7,false,,,5,7,7,DIOSC_DMM;GAL_ALIM;GAL_SMT;ORIB_CM;PAUL_AEG,Dioscorides;Galen;Oribasius;Paul,diosc_full_v3;entries_full_v3;paul_full_v3,0.903,draft
οριγανος ηρακλεωτικη,ὀρίγανος Ἡρακλεωτική,οριγανος ηρακλεωτικη,SUBSTANCE:3,true,οριγανος,ηρακλεια,2,3,3,DIOSC_DMM;GAL_SMT,Dioscorides;Galen,diosc_full_v3;entries_full_v3,0.847,draft
οριγανος χλωρος,ὀρίγανος χλωρός,οριγανος χλωρος,SUBSTANCE:1,true,οριγανος,,1,1,1,GAL_ALIM,Galen,entries_full_v3,0.650,draft
ορμινον,ὅρμινον,ορμινον,SUBSTANCE:5,false,,,2,5,5,DIOSC_DMM;PAUL_AEG,Dioscorides;Paul,diosc_full_v3;paul_full_v3,0.816,draft
ορμινον αγριον,ὅρμινον ἄγριον,ορμινον αγριον,SUBSTANCE:2,true,ορμινον,,1,2,2,DIOSC_DMM,Dioscorides,diosc_full_v3,0.620,draft
ορμινου σπερματι,ὁρμίνου σπέρματι,ορμινου σπερματι,SUBSTANCE_PART:1,true,,,1,1,1,DIOSC_DMM,Dioscorides,diosc_full_v3,0.840,draft
ορνιθειον στεαρ,ὀρνίθειον στέαρ,ορνιθειον στεαρ,SUBSTANCE:2,true,στεαρ,,1,2,2,DIOSC_DMM,Dioscorides,diosc_full_v3,0.790,draft
ορνιθειος,ὀρνίθειος,ορνιθειος,SUBSTANCE:1,false,,,1,1,1,DIOSC_DMM,Dioscorides,diosc_full_v3,0.720,draft
ορνιθος γαλα,ὄρνιθος γάλα,ορνιθος γαλα,SUBSTANCE:1,true,γαλα,,1,1,1,DIOSC_DMM,Dioscorides,diosc_full_v3,0.850,draft
ορνις,ὄρνις,ορνις,SUBSTANCE:2,false,,,1,2,2,DIOSC_DMM,Dioscorides,diosc_full_v3,0.575,draft
οροβακχη,ὀροβάκχη,οροβακχη,SUBSTANCE:4,false,,,4,4,4,AET_LM;GAL_SMT;ORIB_CM;PAUL_AEG,Aetius;Galen;Oribasius;Paul,entries_full_v3;paul_full_v3,0.920,draft
οροβηθρον,ὀρόβηθρον,οροβηθρον,SUBSTANCE:1,false,,,1,1,1,DIOSC_DMM,Dioscorides,diosc_full_v3,0.550,draft
οροβια,ὀροβία,οροβια,SUBSTANCE:1,false,,,1,1,1,GAL_SMT,Galen,entries_full_v3,0.750,draft
οροβιας,ὀροβίας,οροβιας,SUBSTANCE:2,false,,,2,2,2,DIOSC_DMM;PAUL_AEG,Dioscorides;Paul,diosc_full_v3;paul_full_v3,0.725,draft
οροβινον αλευρον,ὀρόβινον ἄλευρον,οροβινον αλευρον,SUBSTANCE:3,true,αλευρον,,2,3,3,DIOSC_DMM;PAUL_AEG,Dioscorides;Paul,diosc_full_v3;paul_full_v3,0.867,draft
οροβινος,ὀρόβινος,οροβινος,SUBSTANCE:1,false,,,1,1,1,GAL_SMT,Galen,entries_full_v3,0.450,draft
οροβιον,ὀρόβιον,οροβιον,SUBSTANCE:1,false,,,1,1,1,AET_LM,Aetius,entries_full_v3,0.800,draft
οροβος,ὄροβος,οροβος,SUBSTANCE:15,false,,,6,15,15,AET_LM;DIOSC_DMM;GAL_ALIM;GAL_SMT;ORIB_CM;PAUL_AEG,Aetius;Dioscorides;Galen;Oribasius;Paul,diosc_full_v3;entries_full_v3;paul_full_v3,0.789,draft
ορος,ὀρός,ορος,SUBSTANCE:3,false,,,3,3,3,DIOSC_DMM;GAL_ALIM;ORIB_CM,Dioscorides;Galen;Oribasius,diosc_full_v3;entries_full_v3,0.867,draft
ορος αυτου,ὀρὸς αὐτοῦ,ορος αυτου,SUBSTANCE_PART:1,true,,,1,1,1,PAUL_AEG,Paul,paul_full_v3,0.920,draft
ορρος,ὀρρός,ορρος,SUBSTANCE:13,false,,,3,13,13,AET_LM;DIOSC_DMM;GAL_SMT,Aetius;Dioscorides;Galen,diosc_full_v3;entries_full_v3,0.881,draft
ορρος γαλακτος,ὀρρός γάλακτος,ορρος γαλακτος,SUBSTANCE:2,true,ορρος,,2,2,2,AET_LM;DIOSC_DMM,Aetius;Dioscorides,diosc_full_v3;entries_full_v3,0.825,draft
ορρω πισσης,ὄρρῷ πίσσης,ορρω πισσης,SUBSTANCE_PART:1,true,,,1,1,1,DIOSC_DMM,Dioscorides,diosc_full_v3,0.650,draft
ορρωδει μερει,ὀρρώδει μέρει,ορρωδει μερει,SUBSTANCE_PART:1,true,,,1,1,1,AET_LM,Aetius,entries_full_v3,0.550,draft
ορρωδες αιμα,ὀρρῶδες αἷμα,ορρωδες αιμα,SUBSTANCE:1,true,αιμα,,1,1,1,GAL_SMT,Galen,entries_full_v3,0.760,draft
ορρωδους υγροτητος,ὀρρώδους ὑγρότητος,ορρωδους υγροτητος,SUBSTANCE_PART:1,true,,,1,1,1,GAL_SMT,Galen,entries_full_v3,0.820,draft
ορυζα,ὄρυζα,ορυζα,SUBSTANCE:9,false,,,5,9,9,AET_LM;DIOSC_DMM;GAL_SMT;ORIB_CM;PAUL_AEG,Aetius;Dioscorides;Galen;Oribasius;Paul,diosc_full_v3;entries_full_v3;paul_full_v3,0.849,draft
ορυκτος,ὀρυκτός,ορυκτος,SUBSTANCE:2,false,,,2,2,2,DIOSC_DMM;GAL_SMT,Dioscorides;Galen,diosc_full_v3;entries_full_v3,0.705,draft
ορυκτος αλς,ὀρυκτὸς ἅλς,ορυκτος αλς,SUBSTANCE:1,true,αλς,,1,1,1,GAL_SMT,Galen,entries_full_v3,0.850,draft
ορυκτος σκωληξ,ὀρυκτὸς σκώληξ,ορυκτος σκωληξ,SUBSTANCE:1,true,σκωληξ,,1,1,1,DIOSC_DMM,Dioscorides,diosc_full_v3,0.780,draft
ορφος,ὀρφός,ορφος,SUBSTANCE:1,false,,,1,1,1,AET_LM,Aetius,entries_full_v3,0.720,draft
ορχεις καστορος,ὄρχεις κάστορος,ορχεις καστορος,SUBSTANCE_PART:1,true,,,1,1,1,GAL_SMT,Galen,entries_full_v3,0.850,draft
ορχις,ὄρχις,ορχις,SUBSTANCE:11,false,,,5,11,11,AET_LM;DIOSC_DMM;GAL_SMT;ORIB_CM;PAUL_AEG,Aetius;Dioscorides;Galen;Oribasius;Paul,diosc_full_v3;entries_full_v3;paul_full_v3,0.921,draft
ορχις ιπποποταμου,ὄρχις ἰπποποτάμου,ορχις ιπποποταμου,SUBSTANCE_PART:1,true,,,1,1,1,DIOSC_DMM,Dioscorides,diosc_full_v3,0.900,draft
ορωδης,ὀρώδης,ορωδης,SUBSTANCE:1,false,,,1,1,1,ORIB_CM,Oribasius,entries_full_v3,0.700,draft
ορωδης υγροτης,ὀρώδης ὑγρότης,ορωδης υγροτης,SUBSTANCE:1,true,υγροτης,,1,1,1,ORIB_CM,Oribasius,entries_full_v3,0.800,draft
οσιριαδος ποα,Ὀσιριάδος πόα,οσιριαδος ποα,SUBSTANCE_PART:1,true,,,1,1,1,AET_LM,Aetius,entries_full_v3,0.750,draft
οσιριας,ὀσιριάς,οσιριας,SUBSTANCE:1,false,,,1,1,1,AET_LM,Aetius,entries_full_v3,0.900,draft
οσιριδος ποα,ὀσίριδος πόα,οσιριδος ποα,SUBSTANCE_PART:1,true,,,1,1,1,GAL_SMT,Galen,entries_full_v3,0.750,draft
οσιρις,ὄσιρις,οσιρις,SUBSTANCE:3,false,,,3,3,3,DIOSC_DMM;GAL_SMT;PAUL_AEG,Dioscorides;Galen;Paul,diosc_full_v3;entries_full_v3;paul_full_v3,0.873,draft
οσιρις ποα,ὀσίρις πόα,οσιρις ποα,SUBSTANCE:1,true,ποα,,1,1,1,ORIB_CM,Oribasius,entries_full_v3,0.750,draft
οσμας,ὀσμάς,οσμας,SUBSTANCE:2,false,,,2,2,2,DIOSC_DMM;GAL_SMT,Dioscorides;Galen,diosc_full_v3;entries_full_v3,0.625,draft
οσπριον,ὄσπριον,οσπριον,SUBSTANCE:4,false,,,4,4,4,AET_LM;GAL_ALIM;GAL_SMT;PAUL_AEG,Aetius;Galen;Paul,entries_full_v3;paul_full_v3,0.650,draft
οστεον,ὀστέον,οστεον,SUBSTANCE:4,false,,,2,4,4,AET_LM;GAL_SMT,Aetius;Galen,entries_full_v3,0.730,draft
οστουν,ὀστοῦν,οστουν,SUBSTANCE:2,false,,,1,2,2,AET_LM,Aetius,entries_full_v3,0.800,draft
οστρακα,ὄστρακα,οστρακα,SUBSTANCE_PART:2,false,,,2,2,2,AET_LM;DIOSC_DMM,Aetius;Dioscorides,diosc_full_v3;entries_full_v3,0.860,draft
οστρακιτης,οστρακιτης,οστρακιτης,SUBSTANCE:1,false,,,1,1,1,PAUL_AEG,Paul,paul_full_v3,0.800,draft
οστρακιτης λιθος,ὀστρακίτης λίθος,οστρακιτης λιθος,SUBSTANCE:1,true,λιθος,,1,1,1,GAL_SMT,Galen,entries_full_v3,0.750,draft
οστρακιτις,ὀστρακῖτις,οστρακιτις,SUBSTANCE:1,false,,,1,1,1,DIOSC_DMM,Dioscorides,diosc_full_v3,0.720,draft
οστρακοδερμον,ὀστρακόδερμον,οστρακοδερμον,SUBSTANCE:2,false,,,2,2,2,GAL_SMT;PAUL_AEG,Galen;Paul,entries_full_v3;paul_full_v3,0.815,draft
οστρακοδερμον οστρακον,ὀστρακόδερμον ὄστρακον,οστρακοδερμον οστρακον,SUBSTANCE:1,true,οστρακον,,1,1,1,GAL_SMT,Galen,entries_full_v3,0.660,draft
οστρακοδερμος,ὀστρακόδερμος,οστρακοδερμος,SUBSTANCE:1,false,,,1,1,1,AET_LM,Aetius,entries_full_v3,0.560,draft
οστρακον,ὄστρακον,οστρακον,SUBSTANCE:16;SUBSTANCE_PART:5,true,οστρακον,,5,19,21,AET_LM;DIOSC_DMM;GAL_SMT;ORIB_CM;PAUL_AEG,Aetius;Dioscorides;Galen;Oribasius;Paul,diosc_full_v3;entries_full_v3;paul_full_v3,0.803,draft
οστρακον εκ κλιβανων,ὄστρακον ἐκ κλιβάνων,οστρακον εκ κλιβανων,SUBSTANCE:1,true,οστρακον,,1,1,1,ORIB_CM,Oribasius,entries_full_v3,0.700,draft
οστρακον κλιβανου,ὄστρακον κλιβάνου,οστρακον κλιβανου,SUBSTANCE:1,true,οστρακον,,1,1,1,AET_LM,Aetius,entries_full_v3,0.800,draft
οστρακον σηπιας,ὄστρακον σηπίας,οστρακον σηπιας,SUBSTANCE:1,true,οστρακον,,1,1,1,GAL_SMT,Galen,entries_full_v3,0.800,draft
οστρακον της σηπιας,ὄστρακον τῆς σηπίας,οστρακον της σηπιας,SUBSTANCE_PART:1,true,,,1,1,1,AET_LM,Aetius,entries_full_v3,0.860,draft
οστρακον το εκ των κλιβανων,ὄστρακον τὸ ἐκ τῶν κλιβάνων,οστρακον το εκ των κλιβανων,SUBSTANCE:1,true,οστρακον,,1,1,1,GAL_SMT,Galen,entries_full_v3,0.720,draft
οστρακων,ὀστράκων,οστρακων,SUBSTANCE_PART:1,false,,,1,1,1,GAL_SMT,Galen,entries_full_v3,0.860,draft
οστρειον,ὄστρειον,οστρειον,SUBSTANCE:2,false,,,1,2,2,GAL_SMT,Galen,entries_full_v3,0.690,draft
οστρεον,ὄστρεον,οστρεον,SUBSTANCE:7,false,,,3,7,7,AET_LM;GAL_SMT;PAUL_AEG,Aetius;Galen;Paul,entries_full_v3;paul_full_v3,0.814,draft
οστρεον οστρακον,ὄστρεον ὄστρακον,οστρεον οστρακον,SUBSTANCE:1,true,οστρακον,,1,1,1,GAL_SMT,Galen,entries_full_v3,0.840,draft
οστρεων οστρακον,ὀστρέων ὄστρακον,οστρεων οστρακον,SUBSTANCE_PART:1,false,,,1,1,1,AET_LM,Aetius,entries_full_v3,0.850,draft
οστρεων το οστρακον,Ὀστρέων τὸ ὄστρακον,οστρεων το οστρακον,SUBSTANCE_PART:1,true,,,1,1,1,PAUL_AEG,Paul,paul_full_v3,0.900,draft
οστων,ὀστῶν,οστων,SUBSTANCE_PART:1,false,,,1,1,1,PAUL_AEG,Paul,paul_full_v3,0.870,draft
ουα,οὖα,ουα,SUBSTANCE:3,false,,,3,3,3,DIOSC_DMM;GAL_SMT;PAUL_AEG,Dioscorides;Galen;Paul,diosc_full_v3;entries_full_v3;paul_full_v3,0.790,draft
ουα μηλιζοντα,οὖα μηλίζοντα,ουα μηλιζοντα,SUBSTANCE:1,true,ουα,,1,1,1,DIOSC_DMM,Dioscorides,diosc_full_v3,0.750,draft
ουβα,οὖβα,ουβα,SUBSTANCE:1,false,,,1,1,1,AET_LM,Aetius,entries_full_v3,0.700,draft
ουλοφονον,οὐλοφόνον,ουλοφονον,SUBSTANCE:1,false,,,1,1,1,DIOSC_DMM,Dioscorides,diosc_full_v3,0.600,draft
ουνεδων,οὐνέδων,ουνεδων,SUBSTANCE:2,false,,ιταλικος,2,2,2,GAL_SMT;PAUL_AEG,Galen;Paul,entries_full_v3;paul_full_v3,0.800,draft
ουον,οὖον,ουον,SUBSTANCE:2,false,,,2,2,2,DIOSC_DMM;GAL_ALIM,Dioscorides;Galen,diosc_full_v3;entries_full_v3,0.575,draft
ουραν,οὐρὰν,ουραν,SUBSTANCE_PART:2,true,,,2,2,2,AET_LM;DIOSC_DMM,Aetius;Dioscorides,diosc_full_v3;entries_full_v3,0.750,draft
ουρητικον φαρμακον,οὐρητικὸν φάρμακον,ουρητικον φαρμακον,SUBSTANCE:1,true,φαρμακον,,1,1,1,PAUL_AEG,Paul,paul_full_v3,0.720,draft
ουρον,οὖρον,ουρον,SUBSTANCE:171,false,,,6,171,171,AET_LM;DIOSC_DMM;GAL_ALIM;GAL_SMT;ORIB_CM;PAUL_AEG,Aetius;Dioscorides;Galen;Oribasius;Paul,diosc_full_v3;entries_full_v3;paul_full_v3,0.796,draft
ουρον ανθρωπος,οὖρον ἄνθρωπος,ουρον ανθρωπος,SUBSTANCE:1,true,ουρον,,1,1,1,GAL_SMT,Galen,entries_full_v3,0.820,draft
ουρον ανθρωπου,οὖρον ἀνθρώπου,ουρον ανθρωπου,SUBSTANCE:3,true,ουρον,,3,3,3,AET_LM;DIOSC_DMM;ORIB_CM,Aetius;Dioscorides;Oribasius,diosc_full_v3;entries_full_v3,0.833,draft
ουρον ημερων υων ευνουχισθεντων,οὖρον ἡμέρων ὑῶν εὐνουχισθέντων,ουρον ημερων υων ευνουχισθεντων,SUBSTANCE:1,true,ουρον,,1,1,1,AET_LM,Aetius,entries_full_v3,0.550,draft
ουρον ονου,οὖρον ὄνου,ουρον ονου,SUBSTANCE:1,true,ουρον,,1,1,1,DIOSC_DMM,Dioscorides,diosc_full_v3,0.880,draft
ουρον παιδιου,οὖρον παιδίου,ουρον παιδιου,SUBSTANCE:1,true,ουρον,,1,1,1,DIOSC_DMM,Dioscorides,diosc_full_v3,0.850,draft
ουρον παιδος,οὖρον παιδός,ουρον παιδος,SUBSTANCE:4,true,ουρον,,2,4,4,AET_LM;GAL_SMT,Aetius;Galen,entries_full_v3,0.797,draft
ουρον παιδος αφθορου,οὖρον παιδὸς ἀφθόρου,ουρον παιδος αφθορου,SUBSTANCE:2,true,ουρον,,2,2,2,DIOSC_DMM;PAUL_AEG,Dioscorides;Paul,diosc_full_v3;paul_full_v3,0.810,draft
ουρον παις,οὖρον παῖς,ουρον παις,SUBSTANCE:1,true,ουρον,,1,1,1,PAUL_AEG,Paul,paul_full_v3,0.750,draft
ουρον παλαιον,οὖρον παλαιόν,ουρον παλαιον,SUBSTANCE:2,true,ουρον,,2,2,2,AET_LM;DIOSC_DMM,Aetius;Dioscorides,diosc_full_v3;entries_full_v3,0.825,draft
ους,οὖς,ους,SUBSTANCE:4,false,,,3,4,4,AET_LM;DIOSC_DMM;GAL_SMT,Aetius;Dioscorides;Galen,diosc_full_v3;entries_full_v3,0.325,draft
ουσια,οὐσία,ουσια,SUBSTANCE:4,false,,,2,4,4,GAL_SMT;ORIB_CM,Galen;Oribasius,entries_full_v3,0.550,draft
οφιοσκορδον,ὀφιόσκορδον,οφιοσκορδον,SUBSTANCE:2,false,,,2,2,2,DIOSC_DMM;PAUL_AEG,Dioscorides;Paul,diosc_full_v3;paul_full_v3,0.810,draft
οφιοσκοροδον,ὀφιοσκόροδον,οφιοσκοροδον,SUBSTANCE:2,false,,,2,2,2,GAL_SMT;ORIB_CM,Galen;Oribasius,entries_full_v3,0.900,draft
οφιοσταφυλον,ὀφιοστάφυλον,οφιοσταφυλον,SUBSTANCE:2,false,,,1,2,2,DIOSC_DMM,Dioscorides,diosc_full_v3,0.790,draft
οφις,ὄφις,οφις,SUBSTANCE:1,false,,,1,1,1,DIOSC_DMM,Dioscorides,diosc_full_v3,0.900,draft
οφιτης,οφιτης,οφιτης,SUBSTANCE:1,false,,,1,1,1,PAUL_AEG,Paul,paul_full_v3,0.850,draft
οφιτης λιθος,ὀφίτης λίθος,οφιτης λιθος,SUBSTANCE:4,true,λιθος,,3,4,4,AET_LM;GAL_SMT;ORIB_CM,Aetius;Galen;Oribasius,entries_full_v3,0.883,draft
οχευων ιππος,ὀχεύων ἵππος,οχευων ιππος,SUBSTANCE:1,true,ιππος,,1,1,1,GAL_SMT,Galen,entries_full_v3,0.600,draft
οχθωδης επιφυσις,ὀχθώδης ἐπίφυσις,οχθωδης επιφυσις,SUBSTANCE_PART:1,true,,,1,1,1,PAUL_AEG,Paul,paul_full_v3,0.820,draft
οχρος,ὄχρος,οχρος,SUBSTANCE:2,false,,,2,2,2,AET_LM;GAL_ALIM,Aetius;Galen,entries_full_v3,0.775,draft
παγκρατιον,παγκράτιον,παγκρατιον,SUBSTANCE:5,false,,,5,5,5,AET_LM;DIOSC_DMM;GAL_SMT;ORIB_CM;PAUL_AEG,Aetius;Dioscorides;Galen;Oribasius;Paul,diosc_full_v3;entries_full_v3;paul_full_v3,0.902,draft
παγκρατιου η ριζα,Παγκρατίου ἡ ῥίζα,παγκρατιου η ριζα,SUBSTANCE_PART:1,true,,,1,1,1,ORIB_CM,Oribasius,entries_full_v3,0.900,draft
παγουρος,πάγουρος,παγουρος,SUBSTANCE:1,false,,,1,1,1,AET_LM,Aetius,entries_full_v3,0.800,draft
παιδερως,παιδέρως,παιδερως,SUBSTANCE:1,false,,,1,1,1,DIOSC_DMM,Dioscorides,diosc_full_v3,0.600,draft
παιδερωτα,παιδέρωτα,παιδερωτα,SUBSTANCE:2,false,,,2,2,2,AET_LM;GAL_SMT,Aetius;Galen,entries_full_v3,0.695,draft
παιδερωτας,παιδέρωτας,παιδερωτας,SUBSTANCE:2,false,,,2,2,2,DIOSC_DMM;PAUL_AEG,Dioscorides;Paul,diosc_full_v3;paul_full_v3,0.730,draft
παιδος ουρον,παιδὸς οὖρον,παιδος ουρον,SUBSTANCE:1,true,ουρον,,1,1,1,DIOSC_DMM,Dioscorides,diosc_full_v3,0.740,draft
παιωνια,παιωνία,παιωνια,SUBSTANCE:6,false,,,5,6,6,AET_LM;DIOSC_DMM;GAL_SMT;ORIB_CM;PAUL_AEG,Aetius;Dioscorides;Galen;Oribasius;Paul,diosc_full_v3;entries_full_v3;paul_full_v3,0.897,draft
παλαια πιττα,παλαιὰ πίττα,παλαια πιττα,SUBSTANCE:1,true,πιττα,,1,1,1,PAUL_AEG,Paul,paul_full_v3,0.840,draft
παλαιον δερμα,παλαιόν δέρμα,παλαιον δερμα,SUBSTANCE:1,true,δερμα,,1,1,1,DIOSC_DMM,Dioscorides,diosc_full_v3,0.740,draft
παλαιον ελαιον,παλαιὸν ἔλαιον,παλαιον ελαιον,SUBSTANCE:3,true,ελαιον,,2,3,3,DIOSC_DMM;GAL_SMT,Dioscorides;Galen,diosc_full_v3;entries_full_v3,0.823,draft
παλαιον στεαρ υος,παλαιὸν στέαρ ὑός,παλαιον στεαρ υος,SUBSTANCE:1,true,στεαρ,,1,1,1,GAL_SMT,Galen,entries_full_v3,0.780,draft
παλαιος αλεκτρυων,παλαιὸς ἀλεκτρυών,παλαιος αλεκτρυων,SUBSTANCE:3,true,αλεκτρυων,,3,3,3,GAL_SMT;ORIB_CM;PAUL_AEG,Galen;Oribasius;Paul,entries_full_v3;paul_full_v3,0.703,draft
παλαιος οινος,παλαιὸς οἶνος,παλαιος οινος,SUBSTANCE:2,true,οινος,,1,2,2,DIOSC_DMM,Dioscorides,diosc_full_v3,0.755,draft
παλη,πάλη,παλη,SUBSTANCE:6,false,,,1,6,6,DIOSC_DMM,Dioscorides,diosc_full_v3,0.692,draft
παλιμπισσα,παλίμπισσα,παλιμπισσα,SUBSTANCE:1,false,,,1,1,1,DIOSC_DMM,Dioscorides,diosc_full_v3,0.780,draft
παλιουρος,παλίουρος,παλιουρος,SUBSTANCE:6,false,,,5,6,6,AET_LM;DIOSC_DMM;GAL_SMT;ORIB_CM;PAUL_AEG,Aetius;Dioscorides;Galen;Oribasius;Paul,diosc_full_v3;entries_full_v3;paul_full_v3,0.875,draft
πανακης,πανάκης,πανακης,SUBSTANCE:2,false,,,2,2,2,GAL_SMT;ORIB_CM,Galen;Oribasius,entries_full_v3,0.850,draft
πανακης ηρακλειος,πανάκης Ἡράκλειος,πανακης ηρακλειος,SUBSTANCE:1,true,πανακης,,1,1,1,GAL_SMT,Galen,entries_full_v3,0.850,draft
πανακης χειρωνειος,πανάκης χειρώνειος,πανακης χειρωνειος,SUBSTANCE:1,true,πανακης,,1,1,1,ORIB_CM,Oribasius,entries_full_v3,0.850,draft
παναξ,πάναξ,παναξ,SUBSTANCE:14,false,,,5,14,14,AET_LM;DIOSC_DMM;GAL_SMT;ORIB_CM;PAUL_AEG,Aetius;Dioscorides;Galen;Oribasius;Paul,diosc_full_v3;entries_full_v3;paul_full_v3,0.824,draft
παναξ ασκληπειος,πάναξ Ἀσκλήπειος,παναξ ασκληπειος,SUBSTANCE:1,true,παναξ,,1,1,1,GAL_SMT,Galen,entries_full_v3,0.800,draft
παναξ ασκληπιειος,πάναξ Ἀσκληπιεῖος,παναξ ασκληπιειος,SUBSTANCE:1,true,παναξ,,1,1,1,ORIB_CM,Oribasius,entries_full_v3,0.750,draft
παναξ ασκληπιον,πάναξ Ἀσκληπίον,παναξ ασκληπιον,SUBSTANCE:1,true,παναξ,,1,1,1,DIOSC_DMM,Dioscorides,diosc_full_v3,0.850,draft
παναξ ηρακλειον,πάναξ Ἡράκλειον,παναξ ηρακλειον,SUBSTANCE:2,true,παναξ,,2,2,2,AET_LM;PAUL_AEG,Aetius;Paul,entries_full_v3;paul_full_v3,0.810,draft
παναξ ηρακλειος,πάναξ Ἡράκλειος,παναξ ηρακλειος,SUBSTANCE:2,true,παναξ,,2,2,2,DIOSC_DMM;ORIB_CM,Dioscorides;Oribasius,diosc_full_v3;entries_full_v3,0.835,draft
παναξ χειρωνειος,πάναξ χειρώνειος,παναξ χειρωνειος,SUBSTANCE:1,true,παναξ,,1,1,1,GAL_SMT,Galen,entries_full_v3,0.820,draft
παναξ χειρωνιον,πάναξ Χειρώνιον,παναξ χειρωνιον,SUBSTANCE:1,true,παναξ,,1,1,1,DIOSC_DMM,Dioscorides,diosc_full_v3,0.840,draft
παπποι,πάπποι,παπποι,SUBSTANCE_PART:1,false,,,1,1,1,DIOSC_DMM,Dioscorides,diosc_full_v3,0.840,draft
παπυρος,πάπυρος,παπυρος,SUBSTANCE:4,false,,,4,4,4,DIOSC_DMM;GAL_SMT;ORIB_CM;PAUL_AEG,Dioscorides;Galen;Oribasius;Paul,diosc_full_v3;entries_full_v3;paul_full_v3,0.935,draft
παπυρος ακαυστος,πάπυρος ἄκαυστος,παπυρος ακαυστος,SUBSTANCE:1,true,παπυρος,,1,1,1,PAUL_AEG,Paul,paul_full_v3,0.780,draft
παραλια,παραλία,παραλια,SUBSTANCE:1,false,,,1,1,1,AET_LM,Aetius,entries_full_v3,0.700,draft
παραλια μηκων,παραλία μήκων,παραλια μηκων,SUBSTANCE:1,true,μηκων,,1,1,1,GAL_SMT,Galen,entries_full_v3,0.750,draft
παραλιον,παράλιον,παραλιον,SUBSTANCE:1,false,,,1,1,1,DIOSC_DMM,Dioscorides,diosc_full_v3,0.800,draft
παραλιος,παράλιος,παραλιος,SUBSTANCE:4,false,,,4,4,4,DIOSC_DMM;GAL_SMT;ORIB_CM;PAUL_AEG,Dioscorides;Galen;Oribasius;Paul,diosc_full_v3;entries_full_v3;paul_full_v3,0.737,draft
παραλιος τιθυμαλλος,παράλιος τιθύμαλλος,παραλιος τιθυμαλλος,SUBSTANCE:1,true,τιθυμαλλος,,1,1,1,DIOSC_DMM,Dioscorides,diosc_full_v3,0.840,draft
παραλυσις,παράλυσις,παραλυσις,SUBSTANCE:1,false,,,1,1,1,DIOSC_DMM,Dioscorides,diosc_full_v3,0.800,draft
παραφυαδας,παραφυάδας,παραφυαδας,SUBSTANCE_PART:7,false,,,1,7,7,DIOSC_DMM,Dioscorides,diosc_full_v3,0.736,draft
παραφυαδες,παραφυάδες,παραφυαδες,SUBSTANCE_PART:1,false,,,1,1,1,DIOSC_DMM,Dioscorides,diosc_full_v3,0.800,draft
παραφυαδων,παραφυάδων,παραφυαδων,SUBSTANCE_PART:1,false,,,1,1,1,DIOSC_DMM,Dioscorides,diosc_full_v3,0.700,draft
παραφυσεις,παραφύσεις,παραφυσεις,SUBSTANCE_PART:1,false,,,1,1,1,DIOSC_DMM,Dioscorides,diosc_full_v3,0.720,draft
παρδαλειος,παρδάλειος,παρδαλειος,SUBSTANCE:1,false,,,1,1,1,DIOSC_DMM,Dioscorides,diosc_full_v3,0.600,draft
παρδαλεος,παρδάλεος,παρδαλεος,SUBSTANCE:1,false,,,1,1,1,AET_LM,Aetius,entries_full_v3,0.700,draft
παρδαλιαγχες,παρδαλιαγχές,παρδαλιαγχες,SUBSTANCE:5,false,,,4,5,5,AET_LM;DIOSC_DMM;ORIB_CM;PAUL_AEG,Aetius;Dioscorides;Oribasius;Paul,diosc_full_v3;entries_full_v3;paul_full_v3,0.846,draft
παρδαλιαγχεσ,παρδαλιαγχές,παρδαλιαγχεσ,SUBSTANCE:1,false,,,1,1,1,GAL_SMT,Galen,entries_full_v3,0.850,draft
παρδαλιον,παρδάλιον,παρδαλιον,SUBSTANCE:1,false,,,1,1,1,DIOSC_DMM,Dioscorides,diosc_full_v3,0.850,draft
παρθενιον,παρθένιον,παρθενιον,SUBSTANCE:6,false,,,4,6,6,AET_LM;DIOSC_DMM;GAL_SMT;PAUL_AEG,Aetius;Dioscorides;Galen;Paul,diosc_full_v3;entries_full_v3;paul_full_v3,0.845,draft
παρωνυχια,παρωνυχία,παρωνυχια,SUBSTANCE:4,false,,,4,4,4,DIOSC_DMM;GAL_SMT;ORIB_CM;PAUL_AEG,Dioscorides;Galen;Oribasius;Paul,diosc_full_v3;entries_full_v3;paul_full_v3,0.790,draft
πατος,πάτος,πατος,SUBSTANCE:6,false,,παλαιστρα,4,6,6,AET_LM;GAL_SMT;ORIB_CM;PAUL_AEG,Aetius;Galen;Oribasius;Paul,entries_full_v3;paul_full_v3,0.673,draft
παχος,πάχος,παχος,SUBSTANCE:2,false,,,1,2,2,DIOSC_DMM,Dioscorides,diosc_full_v3,0.705,draft
παχυ πνευμα,παχὺ πνεῦμα,παχυ πνευμα,SUBSTANCE:1,true,πνευμα,,1,1,1,AET_LM,Aetius,entries_full_v3,0.750,draft
παχυμερης,παχυμερής,παχυμερης,SUBSTANCE:1,false,,,1,1,1,GAL_SMT,Galen,entries_full_v3,0.650,draft
παχυς χυμος,παχύς χυμός,παχυς χυμος,SUBSTANCE:4,true,χυμος,,3,4,4,AET_LM;ORIB_CM;PAUL_AEG,Aetius;Oribasius;Paul,entries_full_v3;paul_full_v3,0.760,draft
παχυτερον γαλα,παχύτερον γάλα,παχυτερον γαλα,SUBSTANCE:1,true,γαλα,,1,1,1,AET_LM,Aetius,entries_full_v3,0.750,draft
πελαγιος ιχθυς,πελάγιος ἰχθύς,πελαγιος ιχθυς,SUBSTANCE:2,true,ιχθυς,,1,2,2,AET_LM,Aetius,entries_full_v3,0.600,draft
πελεκινος,πελεκῖνος,πελεκινος,SUBSTANCE:6,false,,,6,6,6,AET_LM;DIOSC_DMM;GAL_ALIM;GAL_SMT;ORIB_CM;PAUL_AEG,Aetius;Dioscorides;Galen;Oribasius;Paul,diosc_full_v3;entries_full_v3;paul_full_v3,0.828,draft
πενταδακτυλον,πενταδάκτυλον,πενταδακτυλον,SUBSTANCE:1,false,,,1,1,1,DIOSC_DMM,Dioscorides,diosc_full_v3,0.820,draft
πενταπετες,πενταπετές,πενταπετες,SUBSTANCE:1,false,,,1,1,1,DIOSC_DMM,Dioscorides,diosc_full_v3,0.800,draft
πεντατομον,πεντάτομον,πεντατομον,SUBSTANCE:1,false,,,1,1,1,DIOSC_DMM,Dioscorides,diosc_full_v3,0.800,draft
πενταφυλλον,πεντάφυλλον,πενταφυλλον,SUBSTANCE:4,false,,,4,4,4,AET_LM;DIOSC_DMM;GAL_SMT;ORIB_CM,Aetius;Dioscorides;Galen;Oribasius,diosc_full_v3;entries_full_v3,0.858,draft
πενταφυλλος,πεντάφυλλος,πενταφυλλος,SUBSTANCE:1,false,,,1,1,1,PAUL_AEG,Paul,paul_full_v3,0.930,draft
πενταφυλλου ριζα,Πενταφύλλου ῥίζα,πενταφυλλου ριζα,SUBSTANCE_PART:1,true,,,1,1,1,ORIB_CM,Oribasius,entries_full_v3,0.900,draft
πεντεφυλλον,πεντέφυλλον,πεντεφυλλον,SUBSTANCE:1,false,,,1,1,1,DIOSC_DMM,Dioscorides,diosc_full_v3,0.750,draft
πεντοβορον,πεντόβορον,πεντοβορον,SUBSTANCE:1,false,,,1,1,1,AET_LM,Aetius,entries_full_v3,0.800,draft
πεντοδρυον,πεντόδρυον,πεντοδρυον,SUBSTANCE:1,false,,,1,1,1,DIOSC_DMM,Dioscorides,diosc_full_v3,0.770,draft
πεντοροβον,πεντόροβον,πεντοροβον,SUBSTANCE:3,false,,,3,3,3,DIOSC_DMM;GAL_SMT;PAUL_AEG,Dioscorides;Galen;Paul,diosc_full_v3;entries_full_v3;paul_full_v3,0.820,draft
πεπειρον,πεπεῖρον,πεπειρον,SUBSTANCE:1,false,,,1,1,1,ORIB_CM,Oribasius,entries_full_v3,0.600,draft
πεπειρον μορον,πέπειρον μόρον,πεπειρον μορον,SUBSTANCE:1,true,μορον,,1,1,1,AET_LM,Aetius,entries_full_v3,0.800,draft
πεπεμμενον ελαιον,πεπεμμένον ἔλαιον,πεπεμμενον ελαιον,SUBSTANCE:1,true,ελαιον,,1,1,1,AET_LM,Aetius,entries_full_v3,0.750,draft
πεπερεως η ριζα,Πεπέρεως ἡ ῥίζα,πεπερεως η ριζα,SUBSTANCE_PART:1,true,,,1,1,1,ORIB_CM,Oribasius,entries_full_v3,0.900,draft
πεπερεως κοκκων,πεπέρεως κόκκων,πεπερεως κοκκων,SUBSTANCE_PART:1,true,,,1,1,1,GAL_SMT,Galen,entries_full_v3,0.800,draft
πεπερεως ο καρπος,Πεπέρεως ὁ καρπός,πεπερεως ο καρπος,SUBSTANCE_PART:1,true,,,1,1,1,ORIB_CM,Oribasius,entries_full_v3,0.850,draft
πεπερεως ριζα,πεπέρεως ῥίζα,πεπερεως ριζα,SUBSTANCE_PART:1,false,,,1,1,1,GAL_SMT,Galen,entries_full_v3,0.850,draft
πεπερι,πέπερι,πεπερι,SUBSTANCE:67,false,,ινδια,6,67,67,AET_LM;DIOSC_DMM;GAL_ALIM;GAL_SMT;ORIB_CM;PAUL_AEG,Aetius;Dioscorides;Galen;Oribasius;Paul,diosc_full_v3;entries_full_v3;paul_full_v3,0.885,draft
πεπερι κοινον,πέπερι κοινόν,πεπερι κοινον,SUBSTANCE:1,true,πεπερι,,1,1,1,AET_LM,Aetius,entries_full_v3,0.750,draft
πεπερι λειον,πέπερι λεῖον,πεπερι λειον,SUBSTANCE:1,true,πεπερι,,1,1,1,DIOSC_DMM,Dioscorides,diosc_full_v3,0.720,draft
πεπερι λευκον,πέπερι λευκόν,πεπερι λευκον,SUBSTANCE:6,true,πεπερι,,5,6,6,AET_LM;DIOSC_DMM;GAL_SMT;ORIB_CM;PAUL_AEG,Aetius;Dioscorides;Galen;Oribasius;Paul,diosc_full_v3;entries_full_v3;paul_full_v3,0.843,draft
πεπερι μακρον,πέπερι μακρόν,πεπερι μακρον,SUBSTANCE:2,true,πεπερι,,1,2,2,AET_LM,Aetius,entries_full_v3,0.825,draft
πεπλιον,πέπλιον,πεπλιον,SUBSTANCE:4,false,,,4,4,4,AET_LM;DIOSC_DMM;GAL_SMT;PAUL_AEG,Aetius;Dioscorides;Galen;Paul,diosc_full_v3;entries_full_v3;paul_full_v3,0.895,draft
πεπλις,πεπλίς,πεπλις,SUBSTANCE:1,false,,,1,1,1,DIOSC_DMM,Dioscorides,diosc_full_v3,0.920,draft
πεπλος,πέπλος,πεπλος,SUBSTANCE:6,false,,,3,6,6,DIOSC_DMM;GAL_SMT;PAUL_AEG,Dioscorides;Galen;Paul,diosc_full_v3;entries_full_v3;paul_full_v3,0.852,draft
πεπλυμενον ελαιον,πεπλυμένον ἔλαιον,πεπλυμενον ελαιον,SUBSTANCE:1,true,ελαιον,,1,1,1,ORIB_CM,Oribasius,entries_full_v3,0.900,draft
πεπλυμενος μολυβδος,πεπλυμένος μόλυβδος,πεπλυμενος μολυβδος,SUBSTANCE:1,true,μολυβδος,,1,1,1,DIOSC_DMM,Dioscorides,diosc_full_v3,0.920,draft
πεπτικον φαρμακον,πεπτικὸν φάρμακον,πεπτικον φαρμακον,SUBSTANCE:1,true,φαρμακον,,1,1,1,ORIB_CM,Oribasius,entries_full_v3,0.650,draft
πεπων,πέπων,πεπων,SUBSTANCE:8,false,,,4,8,8,AET_LM;DIOSC_DMM;GAL_ALIM;PAUL_AEG,Aetius;Dioscorides;Galen;Paul,diosc_full_v3;entries_full_v3;paul_full_v3,0.816,draft
περδικιον,περδίκιον,περδικιον,SUBSTANCE:6,false,,,5,6,6,AET_LM;DIOSC_DMM;GAL_SMT;ORIB_CM;PAUL_AEG,Aetius;Dioscorides;Galen;Oribasius;Paul,diosc_full_v3;entries_full_v3;paul_full_v3,0.858,draft
περδικος,πέρδικος,περδικος,SUBSTANCE_PART:1,false,,,1,1,1,DIOSC_DMM,Dioscorides,diosc_full_v3,0.780,draft
περδιξ,πέρδιξ,περδιξ,SUBSTANCE:1,false,,,1,1,1,AET_LM,Aetius,entries_full_v3,0.820,draft
περικαρπιοις,περικαρπίοις,περικαρπιοις,SUBSTANCE_PART:1,false,,,1,1,1,DIOSC_DMM,Dioscorides,diosc_full_v3,0.700,draft
περικαρπιων,περικαρπίων,περικαρπιων,SUBSTANCE_PART:1,false,,,1,1,1,DIOSC_DMM,Dioscorides,diosc_full_v3,0.750,draft
περικλυμενον,περικλύμενον,περικλυμενον,SUBSTANCE:4,false,,,3,4,4,DIOSC_DMM;ORIB_CM;PAUL_AEG,Dioscorides;Oribasius;Paul,diosc_full_v3;entries_full_v3;paul_full_v3,0.815,draft
περικλυμενος,περικλυμένος,περικλυμενος,SUBSTANCE:2,false,,,2,2,2,DIOSC_DMM;GAL_SMT,Dioscorides;Galen,diosc_full_v3;entries_full_v3,0.740,draft
περικλυμενου καρπος,Περικλυμένου καρπός,περικλυμενου καρπος,SUBSTANCE_PART:1,true,,,1,1,1,ORIB_CM,Oribasius,entries_full_v3,0.920,draft
περικλυμενου φυλλα,Περικλυμένου φύλλα,περικλυμενου φυλλα,SUBSTANCE_PART:1,true,,,1,1,1,ORIB_CM,Oribasius,entries_full_v3,0.920,draft
περισσον,περισσόν,περισσον,SUBSTANCE:1,false,,,1,1,1,DIOSC_DMM,Dioscorides,diosc_full_v3,0.780,draft
περιστερα,περιστερά,περιστερα,SUBSTANCE:2,false,,,1,2,2,AET_LM,Aetius,entries_full_v3,0.685,draft
περιστερας αιμα,περιστερᾶς αἷμα,περιστερας αιμα,SUBSTANCE:1,true,αιμα,,1,1,1,AET_LM,Aetius,entries_full_v3,0.900,draft
περιστερεων,περιστερεών,περιστερεων,SUBSTANCE:4,false,,,4,4,4,AET_LM;DIOSC_DMM;GAL_SMT;PAUL_AEG,Aetius;Dioscorides;Galen;Paul,diosc_full_v3;entries_full_v3;paul_full_v3,0.833,draft
περιστερεων ορθος,περιστερεών ὀρθός,περιστερεων ορθος,SUBSTANCE:1,true,περιστερεων,,1,1,1,AET_LM,Aetius,entries_full_v3,0.850,draft
περιστεριον,Περιστέριον,περιστεριον,SUBSTANCE:2,false,,,2,2,2,DIOSC_DMM;ORIB_CM,Dioscorides;Oribasius,diosc_full_v3;entries_full_v3,0.890,draft
περιττωμα,περίττωμα,περιττωμα,SUBSTANCE:8,false,,,5,8,8,AET_LM;DIOSC_DMM;GAL_ALIM;GAL_SMT;ORIB_CM,Aetius;Dioscorides;Galen;Oribasius,diosc_full_v3;entries_full_v3,0.716,draft
περκη,πέρκη,περκη,SUBSTANCE:3,false,,,3,3,3,AET_LM;DIOSC_DMM;PAUL_AEG,Aetius;Dioscorides;Paul,diosc_full_v3;entries_full_v3;paul_full_v3,0.740,draft
περσαια,περσαία,περσαια,SUBSTANCE:2,false,,,2,2,2,DIOSC_DMM;PAUL_AEG,Dioscorides;Paul,diosc_full_v3;paul_full_v3,0.860,draft
περσεα,περσέα,περσεα,SUBSTANCE:2,false,,,2,2,2,AET_LM;GAL_SMT,Aetius;Galen,entries_full_v3,0.775,draft
περσεας,Περσέας,περσεας,SUBSTANCE:1,false,,,1,1,1,ORIB_CM,Oribasius,entries_full_v3,0.750,draft
περσεας φυλλα,περσέας φύλλα,περσεας φυλλα,SUBSTANCE_PART:1,true,,,1,1,1,GAL_SMT,Galen,entries_full_v3,0.800,draft
περσειον,πέρσειον,περσειον,SUBSTANCE:1,false,,,1,1,1,DIOSC_DMM,Dioscorides,diosc_full_v3,0.780,draft
περσικη,Περσική,περσικη,SUBSTANCE:1,false,,,1,1,1,DIOSC_DMM,Dioscorides,diosc_full_v3,0.850,draft
περσικον,περσικόν,περσικον,SUBSTANCE:7,false,,,3,7,7,AET_LM;GAL_ALIM;PAUL_AEG,Aetius;Galen;Paul,entries_full_v3;paul_full_v3,0.723,draft
περσικον αωρον,περσικόν ἄωρον,περσικον αωρον,SUBSTANCE:1,true,περσικον,,1,1,1,AET_LM,Aetius,entries_full_v3,0.660,draft
περσικον μηλον,περσικὸν μῆλον,περσικον μηλον,SUBSTANCE:1,true,μηλον,περσικος,1,1,1,DIOSC_DMM,Dioscorides,diosc_full_v3,0.820,draft
περσικον σινηπι,περσικὸν σίνηπι,περσικον σινηπι,SUBSTANCE:1,true,σινηπι,,1,1,1,DIOSC_DMM,Dioscorides,diosc_full_v3,0.680,draft
περσικος,Περσικός,περσικος,SUBSTANCE:2,false,,,2,2,2,DIOSC_DMM;GAL_SMT,Dioscorides;Galen,diosc_full_v3;entries_full_v3,0.650,draft
πεταλα,πέταλα,πεταλα,SUBSTANCE_PART:3,false,,,1,3,3,DIOSC_DMM,Dioscorides,diosc_full_v3,0.757,draft
πεταλοις,πετάλοις,πεταλοις,SUBSTANCE_PART:1,false,,,1,1,1,DIOSC_DMM,Dioscorides,diosc_full_v3,0.680,draft
πεταλον,πέταλον,πεταλον,SUBSTANCE_PART:2,false,,,2,2,2,DIOSC_DMM;PAUL_AEG,Dioscorides;Paul,diosc_full_v3;paul_full_v3,0.790,draft
πετασιτης,πετασίτης,πετασιτης,SUBSTANCE:1,false,,,1,1,1,GAL_SMT,Galen,entries_full_v3,0.950,draft
πετασιτις,Πετασῖτις,πετασιτις,SUBSTANCE:3,false,,,3,3,3,DIOSC_DMM;ORIB_CM;PAUL_AEG,Dioscorides;Oribasius;Paul,diosc_full_v3;entries_full_v3;paul_full_v3,0.893,draft
πετρα,πέτρα,πετρα,SUBSTANCE:10,false,,,5,10,10,AET_LM;DIOSC_DMM;GAL_SMT;ORIB_CM;PAUL_AEG,Aetius;Dioscorides;Galen;Oribasius;Paul,diosc_full_v3;entries_full_v3;paul_full_v3,0.748,draft
πετρα ασιας,πέτρα Ἀσίας,πετρα ασιας,SUBSTANCE:3,true,πετρα,ασια,2,3,3,GAL_SMT;ORIB_CM,Galen;Oribasius,entries_full_v3,0.793,draft
πετρα ασσια,πέτρα Ἄσσια,πετρα ασσια,SUBSTANCE:1,true,πετρα,ασσος,1,1,1,AET_LM,Aetius,entries_full_v3,0.850,draft
πετραια,πετραία,πετραια,SUBSTANCE:1,false,,,1,1,1,DIOSC_DMM,Dioscorides,diosc_full_v3,0.650,draft
πετραιος,πετραῖος,πετραιος,SUBSTANCE:1,false,,,1,1,1,PAUL_AEG,Paul,paul_full_v3,0.550,draft
πετραιος ιχθυς,πετραῖος ἰχθύς,πετραιος ιχθυς,SUBSTANCE:1,true,ιχθυς,,1,1,1,AET_LM,Aetius,entries_full_v3,0.740,draft
πετρας ανθος,πέτρας ἄνθος,πετρας ανθος,SUBSTANCE:1;SUBSTANCE_PART:1,true,ανθος,ασια;ασσια,2,2,2,GAL_SMT;ORIB_CM,Galen;Oribasius,entries_full_v3,0.805,draft
πετρας ασιας ανθος,πέτρας Ἀσίας ἄνθος,πετρας ασιας ανθος,SUBSTANCE_PART:1,true,,ασια,1,1,1,GAL_SMT,Galen,entries_full_v3,0.800,draft
πετρας ασσιας ανθος,πέτρας Ἀσσίας ἄνθος,πετρας ασσιας ανθος,SUBSTANCE_PART:1,true,,ασσος,1,1,1,AET_LM,Aetius,entries_full_v3,0.820,draft
πετροσελινον,πετροσέλινον,πετροσελινον,SUBSTANCE:11,false,,,5,11,11,AET_LM;DIOSC_DMM;GAL_SMT;ORIB_CM;PAUL_AEG,Aetius;Dioscorides;Galen;Oribasius;Paul,diosc_full_v3;entries_full_v3;paul_full_v3,0.893,draft
πετροσελινου το σπερμα,Πετροσελίνου τὸ σπέρμα,πετροσελινου το σπερμα,SUBSTANCE_PART:2,true,,,2,2,2,ORIB_CM;PAUL_AEG,Oribasius;Paul,entries_full_v3;paul_full_v3,0.900,draft
πετρωνιον,πετρώνιον,πετρωνιον,SUBSTANCE:1,false,,,1,1,1,DIOSC_DMM,Dioscorides,diosc_full_v3,0.900,draft
πευκεδανον,πευκέδανον,πευκεδανον,SUBSTANCE:4,false,,,4,4,4,AET_LM;GAL_SMT;ORIB_CM;PAUL_AEG,Aetius;Galen;Oribasius;Paul,entries_full_v3;paul_full_v3,0.915,draft
πευκεδανου ριζη,πευκεδάνου ῥίζῃ,πευκεδανου ριζη,SUBSTANCE_PART:1,true,,,1,1,1,GAL_SMT,Galen,entries_full_v3,0.860,draft
πευκεκδανον,πευκέκδανον,πευκεκδανον,SUBSTANCE:1,false,,,1,1,1,DIOSC_DMM,Dioscorides,diosc_full_v3,0.880,draft
πευκη,πεύκη,πευκη,SUBSTANCE:10,false,,,5,10,10,AET_LM;DIOSC_DMM;GAL_SMT;ORIB_CM;PAUL_AEG,Aetius;Dioscorides;Galen;Oribasius;Paul,diosc_full_v3;entries_full_v3;paul_full_v3,0.846,draft
πευκης φλοιος,πεύκης φλοιὸς,πευκης φλοιος,SUBSTANCE_PART:3,true,,,3,3,3,AET_LM;GAL_SMT;ORIB_CM,Aetius;Galen;Oribasius,entries_full_v3,0.867,draft
πευκινη,πευκίνη,πευκινη,SUBSTANCE:4,false,,,4,4,4,DIOSC_DMM;GAL_SMT;ORIB_CM;PAUL_AEG,Dioscorides;Galen;Oribasius;Paul,diosc_full_v3;entries_full_v3;paul_full_v3,0.865,draft
πευκινος,πευκῖνος,πευκινος,SUBSTANCE:1,false,,,1,1,1,ORIB_CM,Oribasius,entries_full_v3,0.750,draft
πευκινος ανθραξ,πεύκινος ἄνθραξ,πευκινος ανθραξ,SUBSTANCE:1,true,ανθραξ,,1,1,1,DIOSC_DMM,Dioscorides,diosc_full_v3,0.760,draft
πευκινος ρητινη,πευκῖνος ῥητίνη,πευκινος ρητινη,SUBSTANCE:1,true,ρητινη,,1,1,1,DIOSC_DMM,Dioscorides,diosc_full_v3,0.760,draft
πεφρυγμενον μελανθιον,πεφρυγμένον μελάνθιον,πεφρυγμενον μελανθιον,SUBSTANCE:1,true,μελανθιον,,1,1,1,GAL_SMT,Galen,entries_full_v3,0.850,draft
πηγαιος,πηγαῖος,πηγαιος,SUBSTANCE:1,false,,,1,1,1,DIOSC_DMM,Dioscorides,diosc_full_v3,0.680,draft
πηγανον,πήγανον,πηγανον,SUBSTANCE:58,false,,,5,58,58,AET_LM;DIOSC_DMM;GAL_SMT;ORIB_CM;PAUL_AEG,Aetius;Dioscorides;Galen;Oribasius;Paul,diosc_full_v3;entries_full_v3;paul_full_v3,0.833,draft
πηγανον αγριον,πήγανον ἄγριον,πηγανον αγριον,SUBSTANCE:7,true,πηγανον,,5,7,7,AET_LM;DIOSC_DMM;GAL_SMT;ORIB_CM;PAUL_AEG,Aetius;Dioscorides;Galen;Oribasius;Paul,diosc_full_v3;entries_full_v3;paul_full_v3,0.903,draft
πηγανον ημερον,πήγανον ἥμερον,πηγανον ημερον,SUBSTANCE:5,true,πηγανον,,5,5,5,AET_LM;DIOSC_DMM;GAL_SMT;ORIB_CM;PAUL_AEG,Aetius;Dioscorides;Galen;Oribasius;Paul,diosc_full_v3;entries_full_v3;paul_full_v3,0.836,draft
πηκτη,πηκτή,πηκτη,SUBSTANCE:1,false,,,1,1,1,DIOSC_DMM,Dioscorides,diosc_full_v3,0.860,draft
πηκτος,πηκτός,πηκτος,SUBSTANCE:1,false,,,1,1,1,DIOSC_DMM,Dioscorides,diosc_full_v3,0.750,draft
πηλαμις,πηλαμίς,πηλαμις,SUBSTANCE:1,false,,,1,1,1,AET_LM,Aetius,entries_full_v3,0.750,draft
πηλος,πηλός,πηλος,SUBSTANCE:18,false,,,6,18,18,AET_LM;DIOSC_DMM;GAL_ALIM;GAL_SMT;ORIB_CM;PAUL_AEG,Aetius;Dioscorides;Galen;Oribasius;Paul,diosc_full_v3;entries_full_v3;paul_full_v3,0.801,draft
πηλος κεραμεικος,πηλὸς κεραμεικός,πηλος κεραμεικος,SUBSTANCE:1,true,πηλος,,1,1,1,DIOSC_DMM,Dioscorides,diosc_full_v3,0.700,draft
πηχιον,πήχιον,πηχιον,SUBSTANCE:1,false,,,1,1,1,DIOSC_DMM,Dioscorides,diosc_full_v3,0.900,draft
πιθιον,πίθιον,πιθιον,SUBSTANCE:1,false,,,1,1,1,DIOSC_DMM,Dioscorides,diosc_full_v3,0.900,draft
πιθιτις,πιθῖτις,πιθιτις,SUBSTANCE:1,false,,,1,1,1,DIOSC_DMM,Dioscorides,diosc_full_v3,0.840,draft
πικρις,πικρίς,πικρις,SUBSTANCE:5,false,,,5,5,5,AET_LM;DIOSC_DMM;GAL_SMT;ORIB_CM;PAUL_AEG,Aetius;Dioscorides;Galen;Oribasius;Paul,diosc_full_v3;entries_full_v3;paul_full_v3,0.804,draft
πικρον αμυγδαλον,πικρὸν ἀμύγδαλον,πικρον αμυγδαλον,SUBSTANCE:1,true,αμυγδαλον,,1,1,1,AET_LM,Aetius,entries_full_v3,0.600,draft
πικρος αμυγδαλος,πικρὸς ἀμύγδαλος,πικρος αμυγδαλος,SUBSTANCE:1,true,αμυγδαλος,,1,1,1,DIOSC_DMM,Dioscorides,diosc_full_v3,0.850,draft
πικρος θερμος,πικρὸς θέρμος,πικρος θερμος,SUBSTANCE:1,true,θερμος,,1,1,1,PAUL_AEG,Paul,paul_full_v3,0.850,draft
πικροχολον αιμα,πικρόχολον αἷμα,πικροχολον αιμα,SUBSTANCE:1,true,αιμα,,1,1,1,GAL_SMT,Galen,entries_full_v3,0.760,draft
πιμελη,πιμελή,πιμελη,SUBSTANCE:12,false,,,3,12,12,AET_LM;GAL_SMT;ORIB_CM,Aetius;Galen;Oribasius,entries_full_v3,0.881,draft
πιμηλις,πιμηλίς,πιμηλις,SUBSTANCE:1,false,,ιταλια,1,1,1,DIOSC_DMM,Dioscorides,diosc_full_v3,0.600,draft
πινα,πῖνα,πινα,SUBSTANCE:1,false,,,1,1,1,GAL_SMT,Galen,entries_full_v3,0.860,draft
πισος,πίσος,πισος,SUBSTANCE:2,false,,,2,2,2,AET_LM;GAL_ALIM,Aetius;Galen,entries_full_v3,0.830,draft
πισσα,πίσσα,πισσα,SUBSTANCE:41,true,πισσα,,5,40,41,AET_LM;DIOSC_DMM;GAL_SMT;ORIB_CM;PAUL_AEG,Aetius;Dioscorides;Galen;Oribasius;Paul,diosc_full_v3;entries_full_v3;paul_full_v3,0.864,draft
πισσα ξηρα,πίσσα ξηρά,πισσα ξηρα,SUBSTANCE:3,true,πισσα,,3,3,3,GAL_SMT;ORIB_CM;PAUL_AEG,Galen;Oribasius;Paul,entries_full_v3;paul_full_v3,0.860,draft
πισσα υγρα,πίσσα ὑγρά,πισσα υγρα,SUBSTANCE:10,true,πισσα,,3,10,10,DIOSC_DMM;GAL_SMT;PAUL_AEG,Dioscorides;Galen;Paul,diosc_full_v3;entries_full_v3;paul_full_v3,0.828,draft
πισσα υγρος,πίσσα ὑγρός,πισσα υγρος,SUBSTANCE:1,true,πισσα,,1,1,1,PAUL_AEG,Paul,paul_full_v3,0.770,draft
πισσελαιον,πισσέλαιον,πισσελαιον,SUBSTANCE:1,false,,,1,1,1,ORIB_CM,Oribasius,entries_full_v3,0.880,draft
πιστακιον,πιστάκιον,πιστακιον,SUBSTANCE:5,false,,συρια,5,5,5,AET_LM;DIOSC_DMM;GAL_SMT;ORIB_CM;PAUL_AEG,Aetius;Dioscorides;Galen;Oribasius;Paul,diosc_full_v3;entries_full_v3;paul_full_v3,0.910,draft
πιστακιου καρπος,Πιστακίου καρπός,πιστακιου καρπος,SUBSTANCE_PART:1,true,,,1,1,1,ORIB_CM,Oribasius,entries_full_v3,0.900,draft
πιττα,πίττα,πιττα,SUBSTANCE:14,false,,,6,14,14,AET_LM;DIOSC_DMM;GAL_ALIM;GAL_SMT;ORIB_CM;PAUL_AEG,Aetius;Dioscorides;Galen;Oribasius;Paul,diosc_full_v3;entries_full_v3;paul_full_v3,0.830,draft
πιττα βρυτια,πίττα Βρυτία,πιττα βρυτια,SUBSTANCE:1,true,πιττα,βρυτια,1,1,1,GAL_SMT,Galen,entries_full_v3,0.750,draft
πιττα υγρα,πίττα ὑγρά,πιττα υγρα,SUBSTANCE:2,true,πιττα,,2,2,2,AET_LM;GAL_SMT,Aetius;Galen,entries_full_v3,0.815,draft
πιττασφαλτος,πιττάσφαλτος,πιττασφαλτος,SUBSTANCE:1,false,,απολλωνια,1,1,1,DIOSC_DMM,Dioscorides,diosc_full_v3,0.900,draft
πιττη,πίττη,πιττη,SUBSTANCE:1,false,,,1,1,1,GAL_SMT,Galen,entries_full_v3,0.840,draft
πιτυα,πιτύα,πιτυα,SUBSTANCE:7,false,,,3,7,7,AET_LM;DIOSC_DMM;GAL_SMT,Aetius;Dioscorides;Galen,diosc_full_v3;entries_full_v3,0.864,draft
πιτυα αρην,πιτύα ἀρήν,πιτυα αρην,SUBSTANCE:1,true,πιτυα,,1,1,1,DIOSC_DMM,Dioscorides,diosc_full_v3,0.550,draft
πιτυα βουβαλος,πιτύα βούβαλος,πιτυα βουβαλος,SUBSTANCE:1,true,πιτυα,,1,1,1,DIOSC_DMM,Dioscorides,diosc_full_v3,0.550,draft
πιτυα δορκας,πιτύα δορκάς,πιτυα δορκας,SUBSTANCE:1,true,πιτυα,,1,1,1,DIOSC_DMM,Dioscorides,diosc_full_v3,0.550,draft
πιτυα δορκος,πιτύα δόρκος,πιτυα δορκος,SUBSTANCE:1,true,πιτυα,,1,1,1,DIOSC_DMM,Dioscorides,diosc_full_v3,0.550,draft
πιτυα ελαφος,πιτύα ἔλαφος,πιτυα ελαφος,SUBSTANCE:1,true,πιτυα,,1,1,1,DIOSC_DMM,Dioscorides,diosc_full_v3,0.550,draft
πιτυα εριφος,πιτύα ἔριφος,πιτυα εριφος,SUBSTANCE:1,true,πιτυα,,1,1,1,DIOSC_DMM,Dioscorides,diosc_full_v3,0.550,draft
πιτυα ιππεια,πιτύα ἱππεία,πιτυα ιππεια,SUBSTANCE:1,true,πιτυα,,1,1,1,GAL_SMT,Galen,entries_full_v3,0.830,draft
πιτυα ιππος,πιτύα ἵππος,πιτυα ιππος,SUBSTANCE:1,true,πιτυα,,1,1,1,DIOSC_DMM,Dioscorides,diosc_full_v3,0.600,draft
πιτυα λαγωα,πιτύα λαγωά,πιτυα λαγωα,SUBSTANCE:1,true,πιτυα,,1,1,1,GAL_SMT,Galen,entries_full_v3,0.880,draft
πιτυα λαγωος,πιτύα λαγωός,πιτυα λαγωος,SUBSTANCE:1,true,πιτυα,,1,1,1,DIOSC_DMM,Dioscorides,diosc_full_v3,0.900,draft
πιτυα μοσχος,πιτύα μόσχος,πιτυα μοσχος,SUBSTANCE:1,true,πιτυα,,1,1,1,DIOSC_DMM,Dioscorides,diosc_full_v3,0.550,draft
πιτυα νεβρος,πιτύα νεβρός,πιτυα νεβρος,SUBSTANCE:1,true,πιτυα,,1,1,1,DIOSC_DMM,Dioscorides,diosc_full_v3,0.600,draft
πιτυα πλατυκερωτος,πιτύα πλατυκέρωτος,πιτυα πλατυκερωτος,SUBSTANCE:1,true,πιτυα,,1,1,1,DIOSC_DMM,Dioscorides,diosc_full_v3,0.450,draft
πιτυα φωκη,πιτύα φώκη,πιτυα φωκη,SUBSTANCE:1,true,πιτυα,,1,1,1,DIOSC_DMM,Dioscorides,diosc_full_v3,0.900,draft
πιτυιδες,Πιτυίδες,πιτυιδες,SUBSTANCE:1,false,,,1,1,1,PAUL_AEG,Paul,paul_full_v3,0.820,draft
πιτυινη,πιτυίνη,πιτυινη,SUBSTANCE:5,false,,,4,5,5,AET_LM;DIOSC_DMM;GAL_SMT;PAUL_AEG,Aetius;Dioscorides;Galen;Paul,diosc_full_v3;entries_full_v3;paul_full_v3,0.806,draft
πιτυινη ρητινη,πιτυίνη ῥητίνη,πιτυινη ρητινη,SUBSTANCE:1,true,ρητινη,,1,1,1,DIOSC_DMM,Dioscorides,diosc_full_v3,0.780,draft
πιτυινη ρητινη ξηρα,πιτυίνη ῥητίνη ξηρά,πιτυινη ρητινη ξηρα,SUBSTANCE:1,true,ρητινη,,1,1,1,DIOSC_DMM,Dioscorides,diosc_full_v3,0.780,draft
πιτυις,πιτυίς,πιτυις,SUBSTANCE:3,false,,,3,3,3,AET_LM;DIOSC_DMM;GAL_SMT,Aetius;Dioscorides;Galen,diosc_full_v3;entries_full_v3,0.800,draft
πιτυοκαμπη,πιτυοκάμπη,πιτυοκαμπη,SUBSTANCE:5,false,,,3,5,5,DIOSC_DMM;GAL_SMT;PAUL_AEG,Dioscorides;Galen;Paul,diosc_full_v3;entries_full_v3;paul_full_v3,0.718,draft
πιτυος ο φλοιος,Πίτυος ὁ φλοιὸς,πιτυος ο φλοιος,SUBSTANCE_PART:1,true,,,1,1,1,PAUL_AEG,Paul,paul_full_v3,0.920,draft
πιτυος φλοιος,πίτυος φλοιὸς,πιτυος φλοιος,SUBSTANCE_PART:3,true,,,3,3,3,AET_LM;GAL_SMT;ORIB_CM,Aetius;Galen;Oribasius,entries_full_v3,0.893,draft
πιτυος φλοιου,πίτυος φλοιοῦ,πιτυος φλοιου,SUBSTANCE_PART:1,true,,,1,1,1,DIOSC_DMM,Dioscorides,diosc_full_v3,0.820,draft
πιτυουσα,πιτυοῦσα,πιτυουσα,SUBSTANCE:3,false,,,3,3,3,DIOSC_DMM;GAL_SMT;PAUL_AEG,Dioscorides;Galen;Paul,diosc_full_v3;entries_full_v3;paul_full_v3,0.890,draft
πιτυρον,πίτυρον,πιτυρον,SUBSTANCE:5,false,,,2,5,5,DIOSC_DMM;PAUL_AEG,Dioscorides;Paul,diosc_full_v3;paul_full_v3,0.826,draft
πιτυρωδες,πιτυρῶδες,πιτυρωδες,SUBSTANCE:1;SUBSTANCE_PART:1,false,,,2,2,2,AET_LM;GAL_ALIM,Aetius;Galen,entries_full_v3,0.810,draft
πιτυς,πίτυς,πιτυς,SUBSTANCE:16,false,,,5,16,16,AET_LM;DIOSC_DMM;GAL_SMT;ORIB_CM;PAUL_AEG,Aetius;Dioscorides;Galen;Oribasius;Paul,diosc_full_v3;entries_full_v3;paul_full_v3,0.807,draft
πιτυϊνη,πιτυΐνη,πιτυϊνη,SUBSTANCE:1,false,,,1,1,1,ORIB_CM,Oribasius,entries_full_v3,0.900,draft
πιτυϊς,πιτυΐς,πιτυϊς,SUBSTANCE:1,false,,,1,1,1,ORIB_CM,Oribasius,entries_full_v3,0.700,draft
πλακιτις,πλακῖτις,πλακιτις,SUBSTANCE:6,false,,,4,6,6,AET_LM;GAL_SMT;ORIB_CM;PAUL_AEG,Aetius;Galen;Oribasius;Paul,entries_full_v3;paul_full_v3,0.833,draft
πλακωτη,πλακωτή,πλακωτη,SUBSTANCE:1,false,,,1,1,1,DIOSC_DMM,Dioscorides,diosc_full_v3,0.660,draft
πλατανος,πλάτανος,πλατανος,SUBSTANCE:11,false,,,5,11,11,AET_LM;DIOSC_DMM;GAL_SMT;ORIB_CM;PAUL_AEG,Aetius;Dioscorides;Galen;Oribasius;Paul,diosc_full_v3;entries_full_v3;paul_full_v3,0.789,draft
πλατυοφθαλμος,πλατυόφθαλμος,πλατυοφθαλμος,SUBSTANCE:1,false,,,1,1,1,DIOSC_DMM,Dioscorides,diosc_full_v3,0.700,draft
πλατυφυλλος,πλατύφυλλος,πλατυφυλλος,SUBSTANCE:1,false,,,1,1,1,DIOSC_DMM,Dioscorides,diosc_full_v3,0.820,draft
πλατυφυλλος δαφνη,πλατύφυλλος δάφνη,πλατυφυλλος δαφνη,SUBSTANCE:1,true,δαφνη,,1,1,1,DIOSC_DMM,Dioscorides,diosc_full_v3,0.650,draft
πλινθιτις,πλινθῖτις,πλινθιτις,SUBSTANCE:3,false,,,3,3,3,AET_LM;GAL_SMT;ORIB_CM,Aetius;Galen;Oribasius,entries_full_v3,0.817,draft
πλυθεισα αλοη,πλυθεῖσα ἀλόη,πλυθεισα αλοη,SUBSTANCE:1,true,αλοη,,1,1,1,PAUL_AEG,Paul,paul_full_v3,0.800,draft
πλυτος αρτος,πλυτὸς ἄρτος,πλυτος αρτος,SUBSTANCE:1,true,αρτος,,1,1,1,GAL_ALIM,Galen,entries_full_v3,0.780,draft
πνευμα,πνεῦμα,πνευμα,SUBSTANCE:6,false,,,2,6,6,AET_LM;GAL_SMT,Aetius;Galen,entries_full_v3,0.738,draft
πνευμα φυσωδες,πνεῦμα φυσῶδες,πνευμα φυσωδες,SUBSTANCE:1,true,πνευμα,,1,1,1,GAL_SMT,Galen,entries_full_v3,0.650,draft
πνευμοσιν αρνειοις,πνεύμοσιν ἀρνείοις,πνευμοσιν αρνειοις,SUBSTANCE_PART:1,true,,,1,1,1,DIOSC_DMM,Dioscorides,diosc_full_v3,0.760,draft
πνευμων,πνεύμων,πνευμων,SUBSTANCE:5,false,,,4,5,5,AET_LM;DIOSC_DMM;GAL_SMT;PAUL_AEG,Aetius;Dioscorides;Galen;Paul,diosc_full_v3;entries_full_v3;paul_full_v3,0.864,draft
πνευμων αλωπηξ,πνεύμων ἀλώπηξ,πνευμων αλωπηξ,SUBSTANCE:1,true,πνευμων,,1,1,1,PAUL_AEG,Paul,paul_full_v3,0.820,draft
πνευμων αρνειος,πνεύμων ἄρνειος,πνευμων αρνειος,SUBSTANCE:2;SUBSTANCE_PART:1,true,πνευμων,,3,3,3,AET_LM;GAL_SMT;PAUL_AEG,Aetius;Galen;Paul,entries_full_v3;paul_full_v3,0.827,draft
πνευμων θαλασσιος,πνεύμων θαλάσσιος,πνευμων θαλασσιος,SUBSTANCE:1,true,πνευμων,,1,1,1,PAUL_AEG,Paul,paul_full_v3,0.780,draft
πνευμων θαλασσιος προσφατος,πνεύμων θαλάσσιος πρόσφατος,πνευμων θαλασσιος προσφατος,SUBSTANCE:1,true,πνευμων,,1,1,1,DIOSC_DMM,Dioscorides,diosc_full_v3,0.900,draft
πνευμων χοιρειος,πνεύμων χοίρειος,πνευμων χοιρειος,SUBSTANCE:2;SUBSTANCE_PART:1,true,πνευμων,,3,3,3,AET_LM;GAL_SMT;PAUL_AEG,Aetius;Galen;Paul,entries_full_v3;paul_full_v3,0.797,draft
πνιγιτις,πνιγῖτις,πνιγιτις,SUBSTANCE:1,false,,,1,1,1,PAUL_AEG,Paul,paul_full_v3,0.800,draft
πνιγιτις γη,πνιγῖτις γῆ,πνιγιτις γη,SUBSTANCE:1,true,γη,,1,1,1,DIOSC_DMM,Dioscorides,diosc_full_v3,0.900,draft
ποα,πόα,ποα,SUBSTANCE:23;SUBSTANCE_PART:48,false,,,5,70,71,AET_LM;DIOSC_DMM;GAL_SMT;ORIB_CM;PAUL_AEG,Aetius;Dioscorides;Galen;Oribasius;Paul,diosc_full_v3;entries_full_v3;paul_full_v3,0.725,draft
ποα αγρωστεως,πόα ἀγρώστεως,ποα αγρωστεως,SUBSTANCE_PART:1,true,,,1,1,1,AET_LM,Aetius,entries_full_v3,0.800,draft
ποα ελενιον,πόα ἑλένιον,ποα ελενιον,SUBSTANCE:1,true,ποα,,1,1,1,ORIB_CM,Oribasius,entries_full_v3,0.550,draft
ποα εχινου,πόα ἐχίνου,ποα εχινου,SUBSTANCE:2,true,ποα,,2,2,2,GAL_SMT;ORIB_CM,Galen;Oribasius,entries_full_v3,0.750,draft
ποαν,πόαν,ποαν,SUBSTANCE_PART:5,false,,,2,5,5,DIOSC_DMM;GAL_SMT,Dioscorides;Galen,diosc_full_v3;entries_full_v3,0.664,draft
ποας,πόας,ποας,SUBSTANCE_PART:11,false,,,4,11,11,AET_LM;DIOSC_DMM;GAL_SMT;ORIB_CM,Aetius;Dioscorides;Galen;Oribasius,diosc_full_v3;entries_full_v3,0.724,draft
ποδας,πόδας,ποδας,SUBSTANCE_PART:2,false,,,2,2,2,DIOSC_DMM;GAL_SMT,Dioscorides;Galen,diosc_full_v3;entries_full_v3,0.800,draft
ποδες των υων,πόδες τῶν ὑῶν,ποδες των υων,SUBSTANCE_PART:1,true,,,1,1,1,AET_LM,Aetius,entries_full_v3,0.760,draft
ποδων,ποδῶν,ποδων,SUBSTANCE_PART:2,false,,,2,2,2,AET_LM;DIOSC_DMM,Aetius;Dioscorides,diosc_full_v3;entries_full_v3,0.710,draft
πολεμωνιον,πολεμώνιον,πολεμωνιον,SUBSTANCE:5,false,,,5,5,5,AET_LM;DIOSC_DMM;GAL_SMT;ORIB_CM;PAUL_AEG,Aetius;Dioscorides;Galen;Oribasius;Paul,diosc_full_v3;entries_full_v3;paul_full_v3,0.942,draft
πολιον,πόλιον,πολιον,SUBSTANCE:8,false,,,5,8,8,AET_LM;DIOSC_DMM;GAL_SMT;ORIB_CM;PAUL_AEG,Aetius;Dioscorides;Galen;Oribasius;Paul,diosc_full_v3;entries_full_v3;paul_full_v3,0.901,draft
πολιον μικρον,πόλιον μικρόν,πολιον μικρον,SUBSTANCE:2,true,πολιον,,2,2,2,GAL_SMT;ORIB_CM,Galen;Oribasius,entries_full_v3,0.910,draft
πολιον ορεινον,πόλιον ὀρεινόν,πολιον ορεινον,SUBSTANCE:1,true,πολιον,,1,1,1,DIOSC_DMM,Dioscorides,diosc_full_v3,0.700,draft
πολιον πικρον,πόλιον πικρόν,πολιον πικρον,SUBSTANCE:2,true,πολιον,,2,2,2,AET_LM;ORIB_CM,Aetius;Oribasius,entries_full_v3,0.830,draft
πολιον το μικροτερον,πόλιον τὸ μικρότερον,πολιον το μικροτερον,SUBSTANCE:1,true,πολιον,,1,1,1,PAUL_AEG,Paul,paul_full_v3,0.920,draft
πολυγαλον,πολύγαλον,πολυγαλον,SUBSTANCE:4,false,,,4,4,4,DIOSC_DMM;GAL_SMT;ORIB_CM;PAUL_AEG,Dioscorides;Galen;Oribasius;Paul,diosc_full_v3;entries_full_v3;paul_full_v3,0.940,draft
πολυγονατον,πολυγόνατον,πολυγονατον,SUBSTANCE:7,false,,,4,7,7,DIOSC_DMM;GAL_SMT;ORIB_CM;PAUL_AEG,Dioscorides;Galen;Oribasius;Paul,diosc_full_v3;entries_full_v3;paul_full_v3,0.899,draft
πολυγονοειδες,πολυγονοειδές,πολυγονοειδες,SUBSTANCE:1,false,,,1,1,1,GAL_SMT,Galen,entries_full_v3,0.850,draft
πολυγονοειδης,πολυγονοειδής,πολυγονοειδης,SUBSTANCE:2,false,,,2,2,2,DIOSC_DMM;PAUL_AEG,Dioscorides;Paul,diosc_full_v3;paul_full_v3,0.755,draft
πολυγονον,πολύγονον,πολυγονον,SUBSTANCE:12,false,,,5,12,12,AET_LM;DIOSC_DMM;GAL_SMT;ORIB_CM;PAUL_AEG,Aetius;Dioscorides;Galen;Oribasius;Paul,diosc_full_v3;entries_full_v3;paul_full_v3,0.867,draft
πολυγονον αρρεν,πολύγονον ἄρρεν,πολυγονον αρρεν,SUBSTANCE:1,true,πολυγονον,,1,1,1,DIOSC_DMM,Dioscorides,diosc_full_v3,0.950,draft
πολυγονον θηλυ,πολύγονον θῆλυ,πολυγονον θηλυ,SUBSTANCE:1,true,πολυγονον,,1,1,1,DIOSC_DMM,Dioscorides,diosc_full_v3,0.950,draft
πολυκαρπον,πολύκαρπον,πολυκαρπον,SUBSTANCE:1,false,,,1,1,1,DIOSC_DMM,Dioscorides,diosc_full_v3,0.760,draft
πολυκνημον,πολύκνημον,πολυκνημον,SUBSTANCE:4,false,,,4,4,4,DIOSC_DMM;GAL_SMT;ORIB_CM;PAUL_AEG,Dioscorides;Galen;Oribasius;Paul,diosc_full_v3;entries_full_v3;paul_full_v3,0.890,draft
πολυπλευρον,πολύπλευρον,πολυπλευρον,SUBSTANCE:1,false,,,1,1,1,DIOSC_DMM,Dioscorides,diosc_full_v3,0.850,draft
πολυποδιον,πολυπόδιον,πολυποδιον,SUBSTANCE:6,false,,,5,6,6,AET_LM;DIOSC_DMM;GAL_SMT;ORIB_CM;PAUL_AEG,Aetius;Dioscorides;Galen;Oribasius;Paul,diosc_full_v3;entries_full_v3;paul_full_v3,0.933,draft
πολυποδον,πολύποδον,πολυποδον,SUBSTANCE:1,false,,,1,1,1,DIOSC_DMM,Dioscorides,diosc_full_v3,0.400,draft
πολυπους,πολύπους,πολυπους,SUBSTANCE:1,false,,,1,1,1,AET_LM,Aetius,entries_full_v3,0.850,draft
πολυρριζον,πολύρριζον,πολυρριζον,SUBSTANCE:2,false,,,1,2,2,DIOSC_DMM,Dioscorides,diosc_full_v3,0.800,draft
πολυτριχον,πολύτριχον,πολυτριχον,SUBSTANCE:1,false,,,1,1,1,DIOSC_DMM,Dioscorides,diosc_full_v3,0.900,draft
πολυωνυμον,πολυώνυμον,πολυωνυμον,SUBSTANCE:1,false,,,1,1,1,DIOSC_DMM,Dioscorides,diosc_full_v3,0.750,draft
πομαραθον,πομάραθον,πομαραθον,SUBSTANCE:1,false,,,1,1,1,DIOSC_DMM,Dioscorides,diosc_full_v3,0.950,draft
πομφολυξ,πομφόλυξ,πομφολυξ,SUBSTANCE:13,false,,,5,13,13,AET_LM;DIOSC_DMM;GAL_SMT;ORIB_CM;PAUL_AEG,Aetius;Dioscorides;Galen;Oribasius;Paul,diosc_full_v3;entries_full_v3;paul_full_v3,0.858,draft
ποντικη ριζα,ποντικὴ ῥίζα,ποντικη ριζα,SUBSTANCE:1,true,ριζα,ποντος,1,1,1,DIOSC_DMM,Dioscorides,diosc_full_v3,0.750,draft
ποντικον,ποντικόν,ποντικον,SUBSTANCE:1,false,,,1,1,1,PAUL_AEG,Paul,paul_full_v3,0.720,draft
ποντικον καρπησιον,Ποντικόν καρπήσιον,ποντικον καρπησιον,SUBSTANCE:1,true,καρπησιον,,1,1,1,GAL_SMT,Galen,entries_full_v3,0.900,draft
ποντικος,Ποντικός,ποντικος,SUBSTANCE:6,false,,ποντικος;ποντος,3,6,6,AET_LM;DIOSC_DMM;GAL_SMT,Aetius;Dioscorides;Galen,diosc_full_v3;entries_full_v3,0.572,draft
πορφυρα,πορφύρα,πορφυρα,SUBSTANCE:14,false,,,4,14,14,AET_LM;DIOSC_DMM;GAL_SMT;PAUL_AEG,Aetius;Dioscorides;Galen;Paul,diosc_full_v3;entries_full_v3;paul_full_v3,0.784,draft
πορφυρα θαλασσια,πορφύρα θαλασσία,πορφυρα θαλασσια,SUBSTANCE:2,true,πορφυρα,,2,2,2,DIOSC_DMM;GAL_SMT,Dioscorides;Galen,diosc_full_v3;entries_full_v3,0.730,draft
πορφυρα καεισα,πορφύρα καεῖσα,πορφυρα καεισα,SUBSTANCE:1,true,πορφυρα,,1,1,1,PAUL_AEG,Paul,paul_full_v3,0.850,draft
πορφυρα οστρακον,πορφύρα ὄστρακον,πορφυρα οστρακον,SUBSTANCE:1,true,οστρακον,,1,1,1,GAL_SMT,Galen,entries_full_v3,0.700,draft
πορφυρανθες,πορφυρανθές,πορφυρανθες,SUBSTANCE:1,false,,,1,1,1,DIOSC_DMM,Dioscorides,diosc_full_v3,0.700,draft
πορφυρας πωματα,πορφύρας πώματα,πορφυρας πωματα,SUBSTANCE_PART:1,true,,,1,1,1,DIOSC_DMM,Dioscorides,diosc_full_v3,0.900,draft
πορφυριζον,πορφυρίζον,πορφυριζον,SUBSTANCE:1;SUBSTANCE_PART:1,false,,,1,2,2,DIOSC_DMM,Dioscorides,diosc_full_v3,0.710,draft
πορφυρων πωματα,πορφυρῶν πώματα,πορφυρων πωματα,SUBSTANCE_PART:1,true,,,1,1,1,AET_LM,Aetius,entries_full_v3,0.750,draft
ποταμια ψαμμος,ποταμία ψάμμος,ποταμια ψαμμος,SUBSTANCE:1,true,ψαμμος,,1,1,1,GAL_SMT,Galen,entries_full_v3,0.740,draft
ποταμιος,ποτάμιος,ποταμιος,SUBSTANCE:1,false,,,1,1,1,DIOSC_DMM,Dioscorides,diosc_full_v3,0.720,draft
ποταμιος ιχθυς,ποτάμιος ἰχθύς,ποταμιος ιχθυς,SUBSTANCE:1,true,ιχθυς,,1,1,1,DIOSC_DMM,Dioscorides,diosc_full_v3,0.640,draft
ποταμογειτων,ποταμογείτων,ποταμογειτων,SUBSTANCE:5,false,,,5,5,5,AET_LM;DIOSC_DMM;GAL_SMT;ORIB_CM;PAUL_AEG,Aetius;Dioscorides;Galen;Oribasius;Paul,diosc_full_v3;entries_full_v3;paul_full_v3,0.910,draft
ποτηριον,ποτήριον,ποτηριον,SUBSTANCE:2,false,,,2,2,2,GAL_SMT;PAUL_AEG,Galen;Paul,entries_full_v3;paul_full_v3,0.775,draft
ποτιμος υδωρ,ποτίμος ὕδωρ,ποτιμος υδωρ,SUBSTANCE:1,true,υδωρ,,1,1,1,DIOSC_DMM,Dioscorides,diosc_full_v3,0.600,draft
ποτιρριον,ποτίρριον,ποτιρριον,SUBSTANCE:2,false,,,2,2,2,DIOSC_DMM;PAUL_AEG,Dioscorides;Paul,diosc_full_v3;paul_full_v3,0.935,draft
ποτον,ποτόν,ποτον,SUBSTANCE:2,false,,,2,2,2,DIOSC_DMM;GAL_SMT,Dioscorides;Galen,diosc_full_v3;entries_full_v3,0.650,draft
ποᾳ χλωρᾳ,πόᾳ χλωρᾷ,ποᾳ χλωρᾳ,SUBSTANCE_PART:1,true,,,1,1,1,GAL_SMT,Galen,entries_full_v3,0.750,draft
πραικοκκιον,πραικόκκιον,πραικοκκιον,SUBSTANCE:2,false,,,1,2,2,GAL_ALIM,Galen,entries_full_v3,0.700,draft
πραιτυτιανος,Πραιτυτιανός,πραιτυτιανος,SUBSTANCE:1,false,,αδρια,1,1,1,DIOSC_DMM,Dioscorides,diosc_full_v3,0.800,draft
πραμνειος,Πράμνειος,πραμνειος,SUBSTANCE:1,false,,,1,1,1,DIOSC_DMM,Dioscorides,diosc_full_v3,0.750,draft
πρασιζουσα χολη,πρασιζοῦσα χολή,πρασιζουσα χολη,SUBSTANCE:1,true,χολη,,1,1,1,GAL_ALIM,Galen,entries_full_v3,0.720,draft
πρασιον,πράσιον,πρασιον,SUBSTANCE:20,false,,,5,20,20,AET_LM;DIOSC_DMM;GAL_SMT;ORIB_CM;PAUL_AEG,Aetius;Dioscorides;Galen;Oribasius;Paul,diosc_full_v3;entries_full_v3;paul_full_v3,0.821,draft
πρασιον ακμαιον,πράσιον ἀκμαῖον,πρασιον ακμαιον,SUBSTANCE:1,true,πρασιον,,1,1,1,DIOSC_DMM,Dioscorides,diosc_full_v3,0.700,draft
πρασιου φυλλων,πρασίου φύλλων,πρασιου φυλλων,SUBSTANCE_PART:1,true,,,1,1,1,DIOSC_DMM,Dioscorides,diosc_full_v3,0.850,draft
πρασοειδες,πρασοειδές,πρασοειδες,SUBSTANCE:3,false,,,3,3,3,AET_LM;GAL_SMT;PAUL_AEG,Aetius;Galen;Paul,entries_full_v3;paul_full_v3,0.820,draft
πρασοειδης χολη,πρασοειδὴς χολή,πρασοειδης χολη,SUBSTANCE:1,true,χολη,,1,1,1,GAL_ALIM,Galen,entries_full_v3,0.740,draft
πρασον,πράσον,πρασον,SUBSTANCE:27,false,,,6,27,27,AET_LM;DIOSC_DMM;GAL_ALIM;GAL_SMT;ORIB_CM;PAUL_AEG,Aetius;Dioscorides;Galen;Oribasius;Paul,diosc_full_v3;entries_full_v3;paul_full_v3,0.837,draft
πρασον αγριον,πράσον ἄγριον,πρασον αγριον,SUBSTANCE:1,true,πρασον,,1,1,1,PAUL_AEG,Paul,paul_full_v3,0.720,draft
πρασον κεφαλωτον,πράσον κεφαλωτόν,πρασον κεφαλωτον,SUBSTANCE:1,true,πρασον,,1,1,1,DIOSC_DMM,Dioscorides,diosc_full_v3,0.820,draft
πρασον μεγα,πράσον μέγα,πρασον μεγα,SUBSTANCE:1,true,πρασον,,1,1,1,DIOSC_DMM,Dioscorides,diosc_full_v3,0.600,draft
πρεκοκκιον,πρεκόκκιον,πρεκοκκιον,SUBSTANCE:2,false,,,2,2,2,AET_LM;GAL_SMT,Aetius;Galen,entries_full_v3,0.795,draft
πρεμνου,πρέμνου,πρεμνου,SUBSTANCE_PART:1,false,,,1,1,1,DIOSC_DMM,Dioscorides,diosc_full_v3,0.700,draft
πρεμνων,πρέμνων,πρεμνων,SUBSTANCE_PART:1,false,,,1,1,1,DIOSC_DMM,Dioscorides,diosc_full_v3,0.740,draft
πρηστηρ,πρηστήρ,πρηστηρ,SUBSTANCE:1,false,,,1,1,1,DIOSC_DMM,Dioscorides,diosc_full_v3,0.700,draft
πρινος,πρῖνος,πρινος,SUBSTANCE:6,false,,,4,6,6,AET_LM;DIOSC_DMM;GAL_SMT;PAUL_AEG,Aetius;Dioscorides;Galen;Paul,diosc_full_v3;entries_full_v3;paul_full_v3,0.885,draft
πρισματων του ξυλου,πρισμάτων τοῦ ξύλου,πρισματων του ξυλου,SUBSTANCE_PART:1,true,,,1,1,1,DIOSC_DMM,Dioscorides,diosc_full_v3,0.800,draft
προβατειον,προβάτειον,προβατειον,SUBSTANCE:1,false,,,1,1,1,ORIB_CM,Oribasius,entries_full_v3,0.600,draft
προβατειον γαλα,προβατεῖον γάλα,προβατειον γαλα,SUBSTANCE:1,true,γαλα,,1,1,1,GAL_SMT,Galen,entries_full_v3,0.850,draft
προβατειος,προβάτειος,προβατειος,SUBSTANCE:3,false,,,2,3,3,DIOSC_DMM;PAUL_AEG,Dioscorides;Paul,diosc_full_v3;paul_full_v3,0.683,draft
προβατον,πρόβατον,προβατον,SUBSTANCE:4,false,,,3,4,4,AET_LM;GAL_SMT;PAUL_AEG,Aetius;Galen;Paul,entries_full_v3;paul_full_v3,0.730,draft
προβατον ορχις,πρόβατον ὄρχις,προβατον ορχις,SUBSTANCE:1,true,ορχις,,1,1,1,AET_LM,Aetius,entries_full_v3,0.690,draft
προβατου,προβάτου,προβατου,SUBSTANCE_PART:1,false,,,1,1,1,DIOSC_DMM,Dioscorides,diosc_full_v3,0.820,draft
προκοκκιον,προκόκκιον,προκοκκιον,SUBSTANCE:1,false,,,1,1,1,PAUL_AEG,Paul,paul_full_v3,0.720,draft
προπολις,πρόπολις,προπολις,SUBSTANCE:5,false,,,5,5,5,AET_LM;DIOSC_DMM;GAL_SMT;ORIB_CM;PAUL_AEG,Aetius;Dioscorides;Galen;Oribasius;Paul,diosc_full_v3;entries_full_v3;paul_full_v3,0.968,draft
προσεοικως,προσεοικώς,προσεοικως,SUBSTANCE:1,true,προσεοικως,,1,1,1,PAUL_AEG,Paul,paul_full_v3,0.550,draft
προσοψημα,προσοψῆμα,προσοψημα,SUBSTANCE:1,false,,,1,1,1,DIOSC_DMM,Dioscorides,diosc_full_v3,0.600,draft
προσφατον γαλα,πρόσφατον γάλα,προσφατον γαλα,SUBSTANCE:1,true,γαλα,,1,1,1,DIOSC_DMM,Dioscorides,diosc_full_v3,0.820,draft
προσφατον ροδον,πρόσφατον ῥόδον,προσφατον ροδον,SUBSTANCE:1,true,ροδον,,1,1,1,DIOSC_DMM,Dioscorides,diosc_full_v3,0.700,draft
προσφατον ωον,πρόσφατον ᾠόν,προσφατον ωον,SUBSTANCE:1,true,ωον,,1,1,1,AET_LM,Aetius,entries_full_v3,0.620,draft
προσφατος σμυρνη,πρόσφατος σμύρνη,προσφατος σμυρνη,SUBSTANCE:1,true,σμυρνη,,1,1,1,AET_LM,Aetius,entries_full_v3,0.860,draft
προσφατος τυρος,πρόσφατος τυρός,προσφατος τυρος,SUBSTANCE:1,true,τυρος,,1,1,1,AET_LM,Aetius,entries_full_v3,0.900,draft
προσωπιον,προσώπιον,προσωπιον,SUBSTANCE:1,false,,,1,1,1,DIOSC_DMM,Dioscorides,diosc_full_v3,0.840,draft
προσωπις,προσωπίς,προσωπις,SUBSTANCE:2,false,,,2,2,2,DIOSC_DMM;GAL_SMT,Dioscorides;Galen,diosc_full_v3;entries_full_v3,0.835,draft
προσωπιτις,προσωπιτίς,προσωπιτις,SUBSTANCE:1,false,,,1,1,1,ORIB_CM,Oribasius,entries_full_v3,0.700,draft
προυμνον,προῦμνον,προυμνον,SUBSTANCE:2,false,,ασια,2,2,2,GAL_SMT;PAUL_AEG,Galen;Paul,entries_full_v3;paul_full_v3,0.805,draft
προυνον,προῦνον,προυνον,SUBSTANCE:1,false,,,1,1,1,AET_LM,Aetius,entries_full_v3,0.950,draft
πρωτογαλα,πρωτόγαλα,πρωτογαλα,SUBSTANCE:1,false,,,1,1,1,AET_LM,Aetius,entries_full_v3,0.850,draft
πρωτοστακτον,πρωτόστακτον,πρωτοστακτον,SUBSTANCE:1,false,,,1,1,1,PAUL_AEG,Paul,paul_full_v3,0.700,draft
πστρικος,Πστρικός,πστρικος,SUBSTANCE:1,false,,,1,1,1,DIOSC_DMM,Dioscorides,diosc_full_v3,0.700,draft
πταρμικη,πταρμική,πταρμικη,SUBSTANCE:4,false,,,4,4,4,DIOSC_DMM;GAL_SMT;ORIB_CM;PAUL_AEG,Dioscorides;Galen;Oribasius;Paul,diosc_full_v3;entries_full_v3;paul_full_v3,0.925,draft
πτελεα,πτελέα,πτελεα,SUBSTANCE:10,false,,,5,10,10,AET_LM;DIOSC_DMM;GAL_SMT;ORIB_CM;PAUL_AEG,Aetius;Dioscorides;Galen;Oribasius;Paul,diosc_full_v3;entries_full_v3;paul_full_v3,0.824,draft
πτερα,πτερὰ,πτερα,SUBSTANCE_PART:3,false,,,3,3,3,AET_LM;DIOSC_DMM;GAL_SMT,Aetius;Dioscorides;Galen,diosc_full_v3;entries_full_v3,0.810,draft
πτερεως η ριζα,Πτέρεως ἡ ῥίζα,πτερεως η ριζα,SUBSTANCE_PART:1,true,,,1,1,1,AET_LM,Aetius,entries_full_v3,0.900,draft
πτερις,πτέρις,πτερις,SUBSTANCE:12,false,,,5,12,12,AET_LM;DIOSC_DMM;GAL_SMT;ORIB_CM;PAUL_AEG,Aetius;Dioscorides;Galen;Oribasius;Paul,diosc_full_v3;entries_full_v3;paul_full_v3,0.811,draft
πτερις ριζαν,πτέρις ῥίζαν,πτερις ριζαν,SUBSTANCE_PART:1,true,,,1,1,1,GAL_SMT,Galen,entries_full_v3,0.850,draft
πτερυξ,πτέρυξ,πτερυξ,SUBSTANCE:1,false,,,1,1,1,DIOSC_DMM,Dioscorides,diosc_full_v3,0.750,draft
πτερων,πτερῶν,πτερων,SUBSTANCE_PART:1,false,,,1,1,1,AET_LM,Aetius,entries_full_v3,0.700,draft
πτιλων,πτίλων,πτιλων,SUBSTANCE_PART:1,false,,,1,1,1,PAUL_AEG,Paul,paul_full_v3,0.720,draft
πτισανη,πτισάνη,πτισανη,SUBSTANCE:4,false,,,1,4,4,DIOSC_DMM,Dioscorides,diosc_full_v3,0.830,draft
πτυαλον,πτύαλον,πτυαλον,SUBSTANCE:2,false,,,1,2,2,AET_LM,Aetius,entries_full_v3,0.885,draft
πτυελον,πτύελον,πτυελον,SUBSTANCE:4,false,,,3,4,4,DIOSC_DMM;GAL_SMT;ORIB_CM,Dioscorides;Galen;Oribasius,diosc_full_v3;entries_full_v3,0.825,draft
πτυελον ασιτος,πτύελον ἄσιτος,πτυελον ασιτος,SUBSTANCE:1,true,πτυελον,,1,1,1,DIOSC_DMM,Dioscorides,diosc_full_v3,0.720,draft
πτυελος,πτύελος,πτυελος,SUBSTANCE:1,false,,,1,1,1,GAL_SMT,Galen,entries_full_v3,0.750,draft
πτυον,πτύον,πτυον,SUBSTANCE:1,false,,,1,1,1,GAL_SMT,Galen,entries_full_v3,0.700,draft
πτωμα,πτῶμα,πτωμα,SUBSTANCE:1,false,,,1,1,1,DIOSC_DMM,Dioscorides,diosc_full_v3,0.700,draft
πυθμενα,πυθμένα,πυθμενα,SUBSTANCE_PART:1,false,,,1,1,1,DIOSC_DMM,Dioscorides,diosc_full_v3,0.700,draft
πυκνοκοκκον,πυκνόκοκκον,πυκνοκοκκον,SUBSTANCE:1,false,,,1,1,1,PAUL_AEG,Paul,paul_full_v3,0.950,draft
πυκνοκομον,πυκνόκομον,πυκνοκομον,SUBSTANCE:1,false,,,1,1,1,DIOSC_DMM,Dioscorides,diosc_full_v3,0.950,draft
πυκνοκομος,πυκνόκομος,πυκνοκομος,SUBSTANCE:2,false,,,2,2,2,GAL_SMT;ORIB_CM,Galen;Oribasius,entries_full_v3,0.700,draft
πυξακανθα,πυξάκανθα,πυξακανθα,SUBSTANCE:1,false,,,1,1,1,DIOSC_DMM,Dioscorides,diosc_full_v3,0.720,draft
πυξακανθον,πυξάκανθον,πυξακανθον,SUBSTANCE:1,false,,,1,1,1,GAL_SMT,Galen,entries_full_v3,0.850,draft
πυξακανθος,πυξάκανθος,πυξακανθος,SUBSTANCE:1,false,,,1,1,1,AET_LM,Aetius,entries_full_v3,0.750,draft
πυξος,πύξος,πυξος,SUBSTANCE:2,false,,,1,2,2,DIOSC_DMM,Dioscorides,diosc_full_v3,0.765,draft
πυξου κομας,πύξου κόμας,πυξου κομας,SUBSTANCE_PART:1,true,,,1,1,1,DIOSC_DMM,Dioscorides,diosc_full_v3,0.800,draft
πυον,πῦον,πυον,SUBSTANCE:7,false,,,2,7,7,AET_LM;GAL_SMT,Aetius;Galen,entries_full_v3,0.876,draft
πυοποιον φαρμακον,πυοποιὸν φάρμακον,πυοποιον φαρμακον,SUBSTANCE:1,true,φαρμακον,,1,1,1,ORIB_CM,Oribasius,entries_full_v3,0.650,draft
πυρ,πῦρ,πυρ,SUBSTANCE:4,false,,,2,4,4,GAL_SMT;ORIB_CM,Galen;Oribasius,entries_full_v3,0.680,draft
πυρακανθη,πυρακάνθη,πυρακανθη,SUBSTANCE:3,false,,,1,3,3,DIOSC_DMM,Dioscorides,diosc_full_v3,0.667,draft
πυργιτης,πυργίτης,πυργιτης,SUBSTANCE:1,false,,,1,1,1,AET_LM,Aetius,entries_full_v3,0.740,draft
πυρεθρον,πύρεθρον,πυρεθρον,SUBSTANCE:8,false,,,6,8,8,AET_LM;DIOSC_DMM;GAL_ALIM;GAL_SMT;ORIB_CM;PAUL_AEG,Aetius;Dioscorides;Galen;Oribasius;Paul,diosc_full_v3;entries_full_v3;paul_full_v3,0.894,draft
πυρεθρου η ριζα,Πυρέθρου ἡ ῥίζα,πυρεθρου η ριζα,SUBSTANCE_PART:1,true,,,1,1,1,PAUL_AEG,Paul,paul_full_v3,0.900,draft
πυρεθρου ριζα,Πυρέθρου ῥίζα,πυρεθρου ριζα,SUBSTANCE_PART:1,true,,,1,1,1,ORIB_CM,Oribasius,entries_full_v3,0.900,draft
πυρεθρου ριζη,Πυρέθρου ῥίζῃ,πυρεθρου ριζη,SUBSTANCE_PART:2,true,,,2,2,2,AET_LM;GAL_SMT,Aetius;Galen,entries_full_v3,0.870,draft
πυρην,πυρὴν,πυρην,SUBSTANCE_PART:2,false,,,2,2,2,DIOSC_DMM;GAL_SMT,Dioscorides;Galen,diosc_full_v3;entries_full_v3,0.815,draft
πυρηνα,πυρῆνα,πυρηνα,SUBSTANCE:1,false,,,1,1,1,DIOSC_DMM,Dioscorides,diosc_full_v3,0.550,draft
πυρηνας,πυρῆνας,πυρηνας,SUBSTANCE_PART:1,false,,,1,1,1,DIOSC_DMM,Dioscorides,diosc_full_v3,0.700,draft
πυρηνες ελαιων,πυρῆνες ἐλαιῶν,πυρηνες ελαιων,SUBSTANCE_PART:1,true,,,1,1,1,GAL_SMT,Galen,entries_full_v3,0.840,draft
πυρηνες των φοινικων,πυρῆνες τῶν φοινίκων,πυρηνες των φοινικων,SUBSTANCE_PART:1,true,,,1,1,1,DIOSC_DMM,Dioscorides,diosc_full_v3,0.860,draft
πυρηνι,πυρῆνι,πυρηνι,SUBSTANCE_PART:1,false,,,1,1,1,DIOSC_DMM,Dioscorides,diosc_full_v3,0.750,draft
πυρηνι ελαιας,πυρῆνι ἐλαίας,πυρηνι ελαιας,SUBSTANCE_PART:1,true,,,1,1,1,DIOSC_DMM,Dioscorides,diosc_full_v3,0.700,draft
πυρινον,πυρῖνον,πυρινον,SUBSTANCE:1,false,,,1,1,1,PAUL_AEG,Paul,paul_full_v3,0.700,draft
πυρινον αλευρον,πύρινον ἄλευρον,πυρινον αλευρον,SUBSTANCE:5,true,αλευρον,,2,5,5,AET_LM;GAL_SMT,Aetius;Galen,entries_full_v3,0.776,draft
πυρινος,πύρινος,πυρινος,SUBSTANCE:1,false,,,1,1,1,GAL_SMT,Galen,entries_full_v3,0.450,draft
πυριτης,πυρίτης,πυριτης,SUBSTANCE:6,false,,,5,6,6,AET_LM;DIOSC_DMM;GAL_SMT;ORIB_CM;PAUL_AEG,Aetius;Dioscorides;Galen;Oribasius;Paul,diosc_full_v3;entries_full_v3;paul_full_v3,0.877,draft
πυριτης λιθος,πυρίτης λίθος,πυριτης λιθος,SUBSTANCE:2,true,λιθος,,2,2,2,DIOSC_DMM;GAL_SMT,Dioscorides;Galen,diosc_full_v3;entries_full_v3,0.875,draft
πυριτις,πυρῖτις,πυριτις,SUBSTANCE:3,false,,,3,3,3,DIOSC_DMM;GAL_SMT;PAUL_AEG,Dioscorides;Galen;Paul,diosc_full_v3;entries_full_v3;paul_full_v3,0.713,draft
πυρον,πῦρον,πυρον,SUBSTANCE:1,false,,,1,1,1,DIOSC_DMM,Dioscorides,diosc_full_v3,0.600,draft
πυρος,πυρός,πυρος,SUBSTANCE:39,false,,,6,39,39,AET_LM;DIOSC_DMM;GAL_ALIM;GAL_SMT;ORIB_CM;PAUL_AEG,Aetius;Dioscorides;Galen;Oribasius;Paul,diosc_full_v3;entries_full_v3;paul_full_v3,0.779,draft
πυρος αγριος,πῦρος ἄγριος,πυρος αγριος,SUBSTANCE:1,true,πυρος,,1,1,1,DIOSC_DMM,Dioscorides,diosc_full_v3,0.850,draft
πυρος αχνη,πυρὸς ἄχνη,πυρος αχνη,SUBSTANCE:2,true,αχνη,,1,2,2,DIOSC_DMM,Dioscorides,diosc_full_v3,0.600,draft
πυρος σητανιος,πῦρος σητάνιος,πυρος σητανιος,SUBSTANCE:1,true,πυρος,,1,1,1,DIOSC_DMM,Dioscorides,diosc_full_v3,0.700,draft
πυρρον,πυρρόν,πυρρον,SUBSTANCE_PART:1,false,,,1,1,1,AET_LM,Aetius,entries_full_v3,0.650,draft
πυτια,πυτία,πυτια,SUBSTANCE:9,false,,,5,9,9,AET_LM;DIOSC_DMM;GAL_ALIM;ORIB_CM;PAUL_AEG,Aetius;Dioscorides;Galen;Oribasius;Paul,diosc_full_v3;entries_full_v3;paul_full_v3,0.879,draft
πυτια λαγωων,πυτία λαγωῶν,πυτια λαγωων,SUBSTANCE:1,true,πυτια,,1,1,1,PAUL_AEG,Paul,paul_full_v3,0.600,draft
πυτια φωκης,πυτία φώκης,πυτια φωκης,SUBSTANCE:1,true,πυτια,,1,1,1,PAUL_AEG,Paul,paul_full_v3,0.660,draft
πωμα κογχιλιου,πῶμα κογχιλίου,πωμα κογχιλιου,SUBSTANCE_PART:1,true,,,1,1,1,DIOSC_DMM,Dioscorides,diosc_full_v3,0.850,draft
πωματα,πώματα,πωματα,SUBSTANCE_PART:1,false,,,1,1,1,PAUL_AEG,Paul,paul_full_v3,0.900,draft
πωματα κογχυλιων ινδικων,πώματά κογχυλίων Ἰνδικῶν,πωματα κογχυλιων ινδικων,SUBSTANCE_PART:1,true,,ινδια,1,1,1,PAUL_AEG,Paul,paul_full_v3,0.880,draft
πωματα πορφυρων,πώματα πορφυρῶν,πωματα πορφυρων,SUBSTANCE_PART:1,true,,,1,1,1,GAL_SMT,Galen,entries_full_v3,0.750,draft
πωματιας,πωματίας,πωματιας,SUBSTANCE:1,false,,,1,1,1,DIOSC_DMM,Dioscorides,diosc_full_v3,0.800,draft
ρα,ῥᾶ,ρα,SUBSTANCE:4,false,,,4,4,4,AET_LM;DIOSC_DMM;GAL_SMT;PAUL_AEG,Aetius;Dioscorides;Galen;Paul,diosc_full_v3;entries_full_v3;paul_full_v3,0.820,draft
ραβδια,ῥαβδία,ραβδια,SUBSTANCE_PART:5,false,,,1,5,5,DIOSC_DMM,Dioscorides,diosc_full_v3,0.764,draft
ραβδιω,ῥαβδίῳ,ραβδιω,SUBSTANCE_PART:1,false,,,1,1,1,DIOSC_DMM,Dioscorides,diosc_full_v3,0.550,draft
ραβδοι,ῥάβδοι,ραβδοι,SUBSTANCE_PART:1,false,,,1,1,1,PAUL_AEG,Paul,paul_full_v3,0.870,draft
ραβδοις,ῥάβδοις,ραβδοις,SUBSTANCE_PART:3,false,,,1,3,3,DIOSC_DMM,Dioscorides,diosc_full_v3,0.717,draft
ραβδον,ῥάβδον,ραβδον,SUBSTANCE_PART:1,false,,,1,1,1,DIOSC_DMM,Dioscorides,diosc_full_v3,0.840,draft
ραβδος του μελανος,ῥάβδος τοῦ μέλανος,ραβδος του μελανος,SUBSTANCE_PART:1,true,,,1,1,1,AET_LM,Aetius,entries_full_v3,0.780,draft
ραβδους,ῥάβδους,ραβδους,SUBSTANCE_PART:8,false,,,1,8,8,DIOSC_DMM,Dioscorides,diosc_full_v3,0.741,draft
ραβδων,ῥάβδων,ραβδων,SUBSTANCE_PART:4,false,,,4,4,4,AET_LM;DIOSC_DMM;GAL_SMT;ORIB_CM,Aetius;Dioscorides;Galen;Oribasius,diosc_full_v3;entries_full_v3,0.770,draft
ραγας,ῥᾶγας,ραγας,SUBSTANCE_PART:2,false,,,1,2,2,DIOSC_DMM,Dioscorides,diosc_full_v3,0.690,draft
ραγες,ῥᾶγες,ραγες,SUBSTANCE_PART:2,false,,,1,2,2,DIOSC_DMM,Dioscorides,diosc_full_v3,0.750,draft
ραγι σταφυλης,ῥαγὶ σταφυλῆς,ραγι σταφυλης,SUBSTANCE_PART:2,true,,,2,2,2,DIOSC_DMM;PAUL_AEG,Dioscorides;Paul,diosc_full_v3;paul_full_v3,0.700,draft
ρακος,ῥάκος,ρακος,SUBSTANCE:2,false,,,2,2,2,DIOSC_DMM;PAUL_AEG,Dioscorides;Paul,diosc_full_v3;paul_full_v3,0.735,draft
ρακος λινον,ῥάκος λινόν,ρακος λινον,SUBSTANCE:1,true,ρακος,,1,1,1,DIOSC_DMM,Dioscorides,diosc_full_v3,0.660,draft
ραμνος,ῥάμνος,ραμνος,SUBSTANCE:6,false,,,5,6,6,AET_LM;DIOSC_DMM;GAL_SMT;ORIB_CM;PAUL_AEG,Aetius;Dioscorides;Galen;Oribasius;Paul,diosc_full_v3;entries_full_v3;paul_full_v3,0.892,draft
ραξ,ῥάξ,ραξ,SUBSTANCE:1,false,,,1,1,1,GAL_ALIM,Galen,entries_full_v3,0.700,draft
ρασδος,ῥάσδος,ρασδος,SUBSTANCE:1,false,,,1,1,1,AET_LM,Aetius,entries_full_v3,0.580,draft
ραφανινον,ῥαφάνινον,ραφανινον,SUBSTANCE:6,false,,,4,6,6,AET_LM;GAL_SMT;ORIB_CM;PAUL_AEG,Aetius;Galen;Oribasius;Paul,entries_full_v3;paul_full_v3,0.690,draft
ραφανινον ελαιον,ῥαφάνινον ἔλαιον,ραφανινον ελαιον,SUBSTANCE:1,true,ελαιον,,1,1,1,GAL_SMT,Galen,entries_full_v3,0.620,draft
ραφανινος,ῥαφανῖνος,ραφανινος,SUBSTANCE:1,false,,,1,1,1,AET_LM,Aetius,entries_full_v3,0.600,draft
ραφανις,ῥαφανίς,ραφανις,SUBSTANCE:7,false,,,5,7,7,AET_LM;DIOSC_DMM;GAL_ALIM;GAL_SMT;ORIB_CM,Aetius;Dioscorides;Galen;Oribasius,diosc_full_v3;entries_full_v3,0.861,draft
ραφανις αγρια,ῥαφανίς ἀγρία,ραφανις αγρια,SUBSTANCE:2,true,ραφανις,,2,2,2,DIOSC_DMM;ORIB_CM,Dioscorides;Oribasius,diosc_full_v3;entries_full_v3,0.750,draft
ραφανος,ῥάφανος,ραφανος,SUBSTANCE:5,false,,,2,5,5,DIOSC_DMM;PAUL_AEG,Dioscorides;Paul,diosc_full_v3;paul_full_v3,0.806,draft
ραφανος αγρια,ῥάφανος ἀγρία,ραφανος αγρια,SUBSTANCE:2,true,ραφανος,,1,2,2,DIOSC_DMM,Dioscorides,diosc_full_v3,0.830,draft
ρευμα,ῥεῦμα,ρευμα,SUBSTANCE:2,false,,,2,2,2,AET_LM;ORIB_CM,Aetius;Oribasius,entries_full_v3,0.710,draft
ρεφανος,ῥέφανος,ρεφανος,SUBSTANCE:1,false,,,1,1,1,DIOSC_DMM,Dioscorides,diosc_full_v3,0.850,draft
ρεφανου φλοιου,ῥεφάνου φλοιοῦ,ρεφανου φλοιου,SUBSTANCE_PART:1,true,,,1,1,1,DIOSC_DMM,Dioscorides,diosc_full_v3,0.850,draft
ρηον,ῥῆον,ρηον,SUBSTANCE:8,false,,,5,8,8,AET_LM;DIOSC_DMM;GAL_SMT;ORIB_CM;PAUL_AEG,Aetius;Dioscorides;Galen;Oribasius;Paul,diosc_full_v3;entries_full_v3;paul_full_v3,0.914,draft
ρηον ποντικον,ῥῆον ποντικόν,ρηον ποντικον,SUBSTANCE:1,true,ρηον,,1,1,1,AET_LM,Aetius,entries_full_v3,0.900,draft
ρητινη,ῥητίνη,ρητινη,SUBSTANCE:59;SUBSTANCE_PART:2,false,,,6,61,61,AET_LM;DIOSC_DMM;GAL_ALIM;GAL_SMT;ORIB_CM;PAUL_AEG,Aetius;Dioscorides;Galen;Oribasius;Paul,diosc_full_v3;entries_full_v3;paul_full_v3,0.879,draft
ρητινη πιτυινη,ῥητίνη πιτυίνη,ρητινη πιτυινη,SUBSTANCE:3,true,ρητινη,,1,3,3,DIOSC_DMM,Dioscorides,diosc_full_v3,0.783,draft
ρητινη στροβιλινη,ῥητίνη στροβιλίνη,ρητινη στροβιλινη,SUBSTANCE:1,true,ρητινη,,1,1,1,DIOSC_DMM,Dioscorides,diosc_full_v3,0.800,draft
ρητινη τερεβινθινη,ῥητίνη τερεβινθίνη,ρητινη τερεβινθινη,SUBSTANCE:6,true,ρητινη,,1,6,6,DIOSC_DMM,Dioscorides,diosc_full_v3,0.822,draft
ρητινη τερμινθινη,ῥητίνη τερμινθίνη,ρητινη τερμινθινη,SUBSTANCE:1,true,ρητινη,,1,1,1,GAL_SMT,Galen,entries_full_v3,0.900,draft
ρητινης,ῥητίνης,ρητινης,SUBSTANCE_PART:1,false,,,1,1,1,PAUL_AEG,Paul,paul_full_v3,0.860,draft
ριζα,ῥίζα,ριζα,SUBSTANCE:7;SUBSTANCE_PART:277,false,,αιγυπτος;ιδη;κρητικος;μακεδονια,6,280,284,AET_LM;DIOSC_DMM;GAL_ALIM;GAL_SMT;ORIB_CM;PAUL_AEG,Aetius;Dioscorides;Galen;Oribasius;Paul,diosc_full_v3;entries_full_v3;paul_full_v3,0.862,draft
ριζα αγρωστεως,ῥίζα ἀγρώστεως,ριζα αγρωστεως,SUBSTANCE_PART:1,true,,,1,1,1,AET_LM,Aetius,entries_full_v3,0.900,draft
ριζα βατου,ῥίζα βάτου,ριζα βατου,SUBSTANCE_PART:1,true,,,1,1,1,GAL_SMT,Galen,entries_full_v3,0.900,draft
ριζα λυκαψου,ῥίζα λυκαψοῦ,ριζα λυκαψου,SUBSTANCE_PART:1,true,,,1,1,1,PAUL_AEG,Paul,paul_full_v3,0.900,draft
ριζα της ποας,ῥίζα τῆς πόας,ριζα της ποας,SUBSTANCE_PART:2,true,,,2,2,2,GAL_SMT;ORIB_CM,Galen;Oribasius,entries_full_v3,0.765,draft
ριζα της ραφανιδος,ῥίζα (τῆς ῥαφανίδος),ριζα της ραφανιδος,SUBSTANCE_PART:1,true,,,1,1,1,GAL_ALIM,Galen,entries_full_v3,0.750,draft
ριζα χαμαιλεοντος λευκου,ῥίζα χαμαιλέοντος λευκοῦ,ριζα χαμαιλεοντος λευκου,SUBSTANCE_PART:1,true,,,1,1,1,PAUL_AEG,Paul,paul_full_v3,0.880,draft
ριζα χαμαιλεοντος μελανος,ῥίζα χαμαιλέοντος μέλανος,ριζα χαμαιλεοντος μελανος,SUBSTANCE_PART:2,true,,,2,2,2,ORIB_CM;PAUL_AEG,Oribasius;Paul,entries_full_v3;paul_full_v3,0.875,draft
ριζαι,ῥίζαι,ριζαι,SUBSTANCE_PART:33,false,,,5,33,33,AET_LM;DIOSC_DMM;GAL_SMT;ORIB_CM;PAUL_AEG,Aetius;Dioscorides;Galen;Oribasius;Paul,diosc_full_v3;entries_full_v3;paul_full_v3,0.872,draft
ριζαια,ῥίζαια,ριζαια,SUBSTANCE_PART:1,false,,,1,1,1,DIOSC_DMM,Dioscorides,diosc_full_v3,0.850,draft
ριζαις,ῥίζαις,ριζαις,SUBSTANCE_PART:10,false,,,3,10,10,DIOSC_DMM;GAL_SMT;ORIB_CM,Dioscorides;Galen;Oribasius,diosc_full_v3;entries_full_v3,0.852,draft
ριζαις ναρδου,ῥίζαις νάρδου,ριζαις ναρδου,SUBSTANCE_PART:1,true,,,1,1,1,DIOSC_DMM,Dioscorides,diosc_full_v3,0.760,draft
ριζαν,ῥίζαν,ριζαν,SUBSTANCE_PART:73,true,,,5,72,73,AET_LM;DIOSC_DMM;GAL_SMT;ORIB_CM;PAUL_AEG,Aetius;Dioscorides;Galen;Oribasius;Paul,diosc_full_v3;entries_full_v3;paul_full_v3,0.859,draft
ριζαν αγχουσης,ῥίζαν ἀγχούσης,ριζαν αγχουσης,SUBSTANCE_PART:1,true,,,1,1,1,AET_LM,Aetius,entries_full_v3,0.820,draft
ριζαν ελαιας,ῥίζαν ἐλαίας,ριζαν ελαιας,SUBSTANCE_PART:2,true,,,2,2,2,GAL_SMT;PAUL_AEG,Galen;Paul,entries_full_v3;paul_full_v3,0.875,draft
ριζαν της ονοκλειας,ῥίζαν τῆς ὀνοκλείας,ριζαν της ονοκλειας,SUBSTANCE_PART:1,true,,,1,1,1,GAL_SMT,Galen,entries_full_v3,0.860,draft
ριζας,ῥίζας,ριζας,SUBSTANCE_PART:10,false,,παρνασσος,4,10,10,AET_LM;DIOSC_DMM;GAL_SMT;ORIB_CM,Aetius;Dioscorides;Galen;Oribasius,diosc_full_v3;entries_full_v3,0.840,draft
ριζας αμπελων,ῥίζας ἀμπέλων,ριζας αμπελων,SUBSTANCE_PART:1,true,,,1,1,1,AET_LM,Aetius,entries_full_v3,0.800,draft
ριζη,ῥίζῃ,ριζη,SUBSTANCE_PART:11,false,,,5,11,11,AET_LM;DIOSC_DMM;GAL_SMT;ORIB_CM;PAUL_AEG,Aetius;Dioscorides;Galen;Oribasius;Paul,diosc_full_v3;entries_full_v3;paul_full_v3,0.804,draft
ριζης,ῥίζης,ριζης,SUBSTANCE_PART:41,false,,,5,41,41,AET_LM;DIOSC_DMM;GAL_SMT;ORIB_CM;PAUL_AEG,Aetius;Dioscorides;Galen;Oribasius;Paul,diosc_full_v3;entries_full_v3;paul_full_v3,0.799,draft
ριζης βρυωνιας,ῥίζης βρυωνίας,ριζης βρυωνιας,SUBSTANCE_PART:1,true,,,1,1,1,PAUL_AEG,Paul,paul_full_v3,0.850,draft
ριζης φλοιος,ῥίζης φλοιὸς,ριζης φλοιος,SUBSTANCE_PART:3,true,,,2,3,3,GAL_SMT;ORIB_CM,Galen;Oribasius,entries_full_v3,0.853,draft
ριζια,ῥιζία,ριζια,SUBSTANCE_PART:1,false,,,1,1,1,DIOSC_DMM,Dioscorides,diosc_full_v3,0.880,draft
ριζιον,ῥιζίον,ριζιον,SUBSTANCE:1;SUBSTANCE_PART:1,false,,,1,2,2,DIOSC_DMM,Dioscorides,diosc_full_v3,0.685,draft
ριζων,ῥιζῶν,ριζων,SUBSTANCE_PART:14,false,,,4,14,14,AET_LM;DIOSC_DMM;GAL_SMT;PAUL_AEG,Aetius;Dioscorides;Galen;Paul,diosc_full_v3;entries_full_v3;paul_full_v3,0.845,draft
ριζων ασπαραγου,ῥιζῶν ἀσπαράγου,ριζων ασπαραγου,SUBSTANCE_PART:1,true,,,1,1,1,DIOSC_DMM,Dioscorides,diosc_full_v3,0.820,draft
ριζῃ,ῥίζῃ,ριζῃ,SUBSTANCE_PART:2,false,,,1,2,2,GAL_SMT,Galen,entries_full_v3,0.875,draft
ριζῃ στρουθιου,ῥίζῃ στρουθίου,ριζῃ στρουθιου,SUBSTANCE_PART:1,true,,,1,1,1,GAL_SMT,Galen,entries_full_v3,0.920,draft
ρινημα,ῥίνημα,ρινημα,SUBSTANCE:2,false,,,1,2,2,DIOSC_DMM,Dioscorides,diosc_full_v3,0.675,draft
ρινημα χαλκου,ῥίνημα χαλκοῦ,ρινημα χαλκου,SUBSTANCE:1,true,ρινημα,,1,1,1,DIOSC_DMM,Dioscorides,diosc_full_v3,0.720,draft
ρινηματα,ῥινήματα,ρινηματα,SUBSTANCE_PART:1,false,,,1,1,1,GAL_SMT,Galen,entries_full_v3,0.750,draft
ρινηματα μολυβδου,ῥινήματα μολύβδου,ρινηματα μολυβδου,SUBSTANCE_PART:1,true,,,1,1,1,DIOSC_DMM,Dioscorides,diosc_full_v3,0.800,draft
ρινηματων,ῥινημάτων,ρινηματων,SUBSTANCE_PART:1,false,,,1,1,1,DIOSC_DMM,Dioscorides,diosc_full_v3,0.700,draft
ρινισμα,ῥίνισμα,ρινισμα,SUBSTANCE:1,false,,,1,1,1,DIOSC_DMM,Dioscorides,diosc_full_v3,0.850,draft
ρινισμα οδοντος ελεφαντος,ῥίνισμα ὀδόντος ἐλέφαντος,ρινισμα οδοντος ελεφαντος,SUBSTANCE:1,true,ρινισμα,,1,1,1,DIOSC_DMM,Dioscorides,diosc_full_v3,0.800,draft
ρλοφυτον,ῥλόφυτον,ρλοφυτον,SUBSTANCE:1,false,,,1,1,1,DIOSC_DMM,Dioscorides,diosc_full_v3,0.550,draft
ρνοβρυχις,ῥνοβρυχίς,ρνοβρυχις,SUBSTANCE:1,false,,,1,1,1,DIOSC_DMM,Dioscorides,diosc_full_v3,0.930,draft
ροα,ῥόα,ροα,SUBSTANCE:17,false,,,3,17,17,AET_LM;DIOSC_DMM;ORIB_CM,Aetius;Dioscorides;Oribasius,diosc_full_v3;entries_full_v3,0.772,draft
ροα απυρηνος,ῥόα ἄπυρηνος,ροα απυρηνος,SUBSTANCE:1,true,ροα,,1,1,1,DIOSC_DMM,Dioscorides,diosc_full_v3,0.750,draft
ροα οξεια,ῥοὰ ὀξεῖα,ροα οξεια,SUBSTANCE:1,true,ροα,,1,1,1,DIOSC_DMM,Dioscorides,diosc_full_v3,0.840,draft
ροας πτερυγια,ῥόας πτερύγια,ροας πτερυγια,SUBSTANCE_PART:1,false,,,1,1,1,DIOSC_DMM,Dioscorides,diosc_full_v3,0.650,draft
ροβια,ροβία,ροβια,SUBSTANCE:1,false,,,1,1,1,DIOSC_DMM,Dioscorides,diosc_full_v3,0.760,draft
ροδια,ῥοδία,ροδια,SUBSTANCE:2,false,,,2,2,2,GAL_SMT;ORIB_CM,Galen;Oribasius,entries_full_v3,0.795,draft
ροδια ριζα,Ῥοδία ῥίζα,ροδια ριζα,SUBSTANCE:1;SUBSTANCE_PART:3,true,ριζα,μακεδονια,4,4,4,DIOSC_DMM;GAL_SMT;ORIB_CM;PAUL_AEG,Dioscorides;Galen;Oribasius;Paul,diosc_full_v3;entries_full_v3;paul_full_v3,0.883,draft
ροδινον,ῥόδινον,ροδινον,SUBSTANCE:47,false,,,3,47,47,AET_LM;DIOSC_DMM;GAL_SMT,Aetius;Dioscorides;Galen,diosc_full_v3;entries_full_v3,0.693,draft
ροδινον ελαιον,ῥόδινον ἔλαιον,ροδινον ελαιον,SUBSTANCE:5,true,ελαιον,,3,5,5,AET_LM;DIOSC_DMM;ORIB_CM,Aetius;Dioscorides;Oribasius,diosc_full_v3;entries_full_v3,0.820,draft
ροδινος,ῥόδινος,ροδινος,SUBSTANCE:7,false,,,4,7,7,AET_LM;DIOSC_DMM;GAL_SMT;PAUL_AEG,Aetius;Dioscorides;Galen;Paul,diosc_full_v3;entries_full_v3;paul_full_v3,0.581,draft
ροδιος,Ῥόδιος,ροδιος,SUBSTANCE:1,false,,ροδος,1,1,1,DIOSC_DMM,Dioscorides,diosc_full_v3,0.750,draft
ροδοδαφνη,ῥοδοδάφνη,ροδοδαφνη,SUBSTANCE:6,false,,,4,6,6,AET_LM;DIOSC_DMM;GAL_SMT;PAUL_AEG,Aetius;Dioscorides;Galen;Paul,diosc_full_v3;entries_full_v3;paul_full_v3,0.933,draft
ροδοδενδρον,ῥοδόδενδρον,ροδοδενδρον,SUBSTANCE:1,false,,,1,1,1,DIOSC_DMM,Dioscorides,diosc_full_v3,0.900,draft
ροδον,ῥόδον,ροδον,SUBSTANCE:20,false,,,5,20,20,AET_LM;DIOSC_DMM;GAL_SMT;ORIB_CM;PAUL_AEG,Aetius;Dioscorides;Galen;Oribasius;Paul,diosc_full_v3;entries_full_v3;paul_full_v3,0.847,draft
ροδον αβροχον,ῥόδον ἄβροχον,ροδον αβροχον,SUBSTANCE:1,true,ροδον,,1,1,1,DIOSC_DMM,Dioscorides,diosc_full_v3,0.700,draft
ροδον ερυθρον,ῥόδον ἐρυθρόν,ροδον ερυθρον,SUBSTANCE:1,true,ροδον,,1,1,1,AET_LM,Aetius,entries_full_v3,0.880,draft
ροδον ξηρον,ῥόδον ξηρόν,ροδον ξηρον,SUBSTANCE:2,true,ροδον,,1,2,2,DIOSC_DMM,Dioscorides,diosc_full_v3,0.810,draft
ροδον συνθετον,ῥόδον σύνθετον,ροδον συνθετον,SUBSTANCE:1,true,ροδον,,1,1,1,PAUL_AEG,Paul,paul_full_v3,0.930,draft
ροδον χλωρον,ῥόδον χλωρόν,ροδον χλωρον,SUBSTANCE:1,true,ροδον,,1,1,1,DIOSC_DMM,Dioscorides,diosc_full_v3,0.700,draft
ροδων κεφαλων,ῥόδων κεφαλῶν,ροδων κεφαλων,SUBSTANCE_PART:1,true,,,1,1,1,AET_LM,Aetius,entries_full_v3,0.760,draft
ροια,ῥοιά,ροια,SUBSTANCE:9,false,,,5,9,9,AET_LM;DIOSC_DMM;GAL_ALIM;GAL_SMT;PAUL_AEG,Aetius;Dioscorides;Galen;Paul,diosc_full_v3;entries_full_v3;paul_full_v3,0.803,draft
ροια αγρια,ῥοιά ἄγρια,ροια αγρια,SUBSTANCE:2,true,ροια,,2,2,2,AET_LM;GAL_SMT,Aetius;Galen,entries_full_v3,0.855,draft
ροιας,ῥοιάς,ροιας,SUBSTANCE:3,false,,,2,3,3,DIOSC_DMM;GAL_SMT,Dioscorides;Galen,diosc_full_v3;entries_full_v3,0.750,draft
ροιας λεμματα,ῥοιᾶς λέμματα,ροιας λεμματα,SUBSTANCE_PART:1,true,,,1,1,1,GAL_SMT,Galen,entries_full_v3,0.800,draft
ροιας μηκων,ῥοιάς μήκων,ροιας μηκων,SUBSTANCE:1,true,μηκων,,1,1,1,DIOSC_DMM,Dioscorides,diosc_full_v3,0.850,draft
ροις,ῥοΐς,ροις,SUBSTANCE:1,false,,,1,1,1,DIOSC_DMM,Dioscorides,diosc_full_v3,0.450,draft
ρου,ῥοῦ,ρου,SUBSTANCE:1,false,,,1,1,1,AET_LM,Aetius,entries_full_v3,0.750,draft
ρου καρπος,ῥοῦ καρπὸς,ρου καρπος,SUBSTANCE_PART:1,true,,,1,1,1,GAL_SMT,Galen,entries_full_v3,0.750,draft
ρους,ῥοῦς,ρους,SUBSTANCE:16,false,,,5,16,16,AET_LM;DIOSC_DMM;GAL_SMT;ORIB_CM;PAUL_AEG,Aetius;Dioscorides;Galen;Oribasius;Paul,diosc_full_v3;entries_full_v3;paul_full_v3,0.820,draft
ρους βυρσοδεψικος,ῥοῦς βυρσοδεψικός,ρους βυρσοδεψικος,SUBSTANCE:1,true,ρους,,1,1,1,PAUL_AEG,Paul,paul_full_v3,0.780,draft
ρους γυναικειος,ῥοῦς γυναικεῖος,ρους γυναικειος,SUBSTANCE:1,true,ρους,,1,1,1,GAL_SMT,Galen,entries_full_v3,0.640,draft
ρους ερυθρος,ῥοῦς ἐρυθρός,ρους ερυθρος,SUBSTANCE:1,true,ρους,,1,1,1,GAL_SMT,Galen,entries_full_v3,0.720,draft
ρους μαγειρικος,ῥοῦς μαγειρικός,ρους μαγειρικος,SUBSTANCE:1,true,ρους,,1,1,1,AET_LM,Aetius,entries_full_v3,0.700,draft
ρουσμαρινα,ῥουσμαρῖνα,ρουσμαρινα,SUBSTANCE:1,false,,,1,1,1,DIOSC_DMM,Dioscorides,diosc_full_v3,0.820,draft
ρουσμαρινον,ῥουσμαρῖνον,ρουσμαρινον,SUBSTANCE:2,false,,,2,2,2,DIOSC_DMM;GAL_SMT,Dioscorides;Galen,diosc_full_v3;entries_full_v3,0.825,draft
ροφημα,ῥόφημα,ροφημα,SUBSTANCE:2,false,,,2,2,2,DIOSC_DMM;PAUL_AEG,Dioscorides;Paul,diosc_full_v3;paul_full_v3,0.750,draft
ρυας,ῥυάς,ρυας,SUBSTANCE:1,false,,,1,1,1,PAUL_AEG,Paul,paul_full_v3,0.860,draft
ρυπαρια,ῥυπαρία,ρυπαρια,SUBSTANCE:1,false,,,1,1,1,AET_LM,Aetius,entries_full_v3,0.720,draft
ρυπος,ῥύπος,ρυπος,SUBSTANCE:17,false,,,6,17,17,AET_LM;DIOSC_DMM;GAL_ALIM;GAL_SMT;ORIB_CM;PAUL_AEG,Aetius;Dioscorides;Galen;Oribasius;Paul,diosc_full_v3;entries_full_v3;paul_full_v3,0.831,draft
ρυπος ανθρωπου,ῥύπος ἀνθρώπου,ρυπος ανθρωπου,SUBSTANCE:1,true,ρυπος,,1,1,1,ORIB_CM,Oribasius,entries_full_v3,0.780,draft
ρυπος ανθρωπων,ῥύπος ἀνθρώπων,ρυπος ανθρωπων,SUBSTANCE:1,true,ρυπος,,1,1,1,ORIB_CM,Oribasius,entries_full_v3,0.780,draft
ρυπος απο των ανδριαντων,ῥύπος ἀπὸ τῶν ἀνδριάντων,ρυπος απο των ανδριαντων,SUBSTANCE:1,true,ρυπος,,1,1,1,ORIB_CM,Oribasius,entries_full_v3,0.820,draft
ρυπος εν τοις ωσι,ῥύπος ἐν τοῖς ὠσὶ,ρυπος εν τοις ωσι,SUBSTANCE:1,true,ρυπος,,1,1,1,PAUL_AEG,Paul,paul_full_v3,0.750,draft
ρυπος εριων προβατων,ῥύπος ἐρίων προβάτων,ρυπος εριων προβατων,SUBSTANCE:1,true,ρυπος,,1,1,1,GAL_SMT,Galen,entries_full_v3,0.800,draft
ρυπος κατα παλαιστρας,ῥύπος κατὰ παλαίστρας,ρυπος κατα παλαιστρας,SUBSTANCE:1,true,ρυπος,παλαιστρα,1,1,1,PAUL_AEG,Paul,paul_full_v3,0.750,draft
ρυπος προβατων,ῥύπος προβάτων,ρυπος προβατων,SUBSTANCE:2,true,ρυπος,,2,2,2,AET_LM;ORIB_CM,Aetius;Oribasius,entries_full_v3,0.775,draft
ρυπος ωτος,ῥύπος ὠτός,ρυπος ωτος,SUBSTANCE:1,true,ρυπος,,1,1,1,GAL_SMT,Galen,entries_full_v3,0.850,draft
ρυσις,ῥῦσις,ρυσις,SUBSTANCE:1,false,,,1,1,1,DIOSC_DMM,Dioscorides,diosc_full_v3,0.640,draft
σαβινον,Σαβῖνον,σαβινον,SUBSTANCE:5,false,,σαβινη;σαβινον,3,5,5,GAL_SMT;ORIB_CM;PAUL_AEG,Galen;Oribasius;Paul,entries_full_v3;paul_full_v3,0.678,draft
σαβινος,σαβῖνος,σαβινος,SUBSTANCE:1,false,,,1,1,1,AET_LM,Aetius,entries_full_v3,0.600,draft
σαγαπηνον,σαγαπηνόν,σαγαπηνον,SUBSTANCE:6,false,,μηδια,4,6,6,AET_LM;DIOSC_DMM;GAL_SMT;PAUL_AEG,Aetius;Dioscorides;Galen;Paul,diosc_full_v3;entries_full_v3;paul_full_v3,0.905,draft
σαγαπηνον οπος,σαγαπηνὸν ὀπός,σαγαπηνον οπος,SUBSTANCE:2,true,οπος,,2,2,2,GAL_SMT;ORIB_CM,Galen;Oribasius,entries_full_v3,0.900,draft
σακχαρ,σάκχαρ,σακχαρ,SUBSTANCE:3,false,,ευδαιμων αραβια,3,3,3,GAL_SMT;ORIB_CM;PAUL_AEG,Galen;Oribasius;Paul,entries_full_v3;paul_full_v3,0.930,draft
σακχαρον,σάκχαρον,σακχαρον,SUBSTANCE:1,false,,,1,1,1,DIOSC_DMM,Dioscorides,diosc_full_v3,0.850,draft
σαλαμανδρα,σαλαμάνδρα,σαλαμανδρα,SUBSTANCE:3,false,,,3,3,3,DIOSC_DMM;GAL_SMT;PAUL_AEG,Dioscorides;Galen;Paul,diosc_full_v3;entries_full_v3;paul_full_v3,0.850,draft
σαλιουγκα,σαλιούγκα,σαλιουγκα,SUBSTANCE:1,false,,,1,1,1,DIOSC_DMM,Dioscorides,diosc_full_v3,0.850,draft
σαμια,Σαμία,σαμια,SUBSTANCE:4,false,,σαμος,4,4,4,AET_LM;DIOSC_DMM;ORIB_CM;PAUL_AEG,Aetius;Dioscorides;Oribasius;Paul,diosc_full_v3;entries_full_v3;paul_full_v3,0.730,draft
σαμια γη,Σαμία γῆ,σαμια γη,SUBSTANCE:4,true,γη,σαμος,3,4,4,DIOSC_DMM;GAL_SMT;ORIB_CM,Dioscorides;Galen;Oribasius,diosc_full_v3;entries_full_v3,0.867,draft
σαμιος αστηρ,Σάμιος ἀστήρ,σαμιος αστηρ,SUBSTANCE:3,true,αστηρ,σαμιος;σαμος,2,3,3,AET_LM;GAL_SMT,Aetius;Galen,entries_full_v3,0.810,draft
σαμψουχον,Σαμψοῦχον,σαμψουχον,SUBSTANCE:3,false,,,2,3,3,DIOSC_DMM;ORIB_CM,Dioscorides;Oribasius,diosc_full_v3;entries_full_v3,0.857,draft
σαμψουχος,σαμψοῦχος,σαμψουχος,SUBSTANCE:1,false,,,1,1,1,DIOSC_DMM,Dioscorides,diosc_full_v3,0.840,draft
σαμψυχον,σάμψυχον,σαμψυχον,SUBSTANCE:6,false,,,3,6,6,AET_LM;GAL_SMT;PAUL_AEG,Aetius;Galen;Paul,entries_full_v3;paul_full_v3,0.840,draft
σανδαρακη,σανδαράκη,σανδαρακη,SUBSTANCE:8,false,,,4,8,8,AET_LM;DIOSC_DMM;GAL_SMT;ORIB_CM,Aetius;Dioscorides;Galen;Oribasius,diosc_full_v3;entries_full_v3,0.901,draft
σανδαραχη,σανδαράχη,σανδαραχη,SUBSTANCE:2,false,,,2,2,2,AET_LM;PAUL_AEG,Aetius;Paul,entries_full_v3;paul_full_v3,0.825,draft
σανδικα,σάνδικα,σανδικα,SUBSTANCE:1,false,,,1,1,1,GAL_SMT,Galen,entries_full_v3,0.900,draft
σανδιξ,σάνδιξ,σανδιξ,SUBSTANCE:1,false,,,1,1,1,GAL_SMT,Galen,entries_full_v3,0.850,draft
σανδυξ,σάνδυξ,σανδυξ,SUBSTANCE:6,false,,,4,6,6,AET_LM;DIOSC_DMM;ORIB_CM;PAUL_AEG,Aetius;Dioscorides;Oribasius;Paul,diosc_full_v3;entries_full_v3;paul_full_v3,0.822,draft
σαντονικον,σαντόνικον,σαντονικον,SUBSTANCE:1,false,,σαντονια,1,1,1,GAL_SMT,Galen,entries_full_v3,0.850,draft
σαξιφραγαμ,σαξίφραγαμ,σαξιφραγαμ,SUBSTANCE:1,false,,,1,1,1,DIOSC_DMM,Dioscorides,diosc_full_v3,0.600,draft
σαξιφραγγον,σαξίφραγγον,σαξιφραγγον,SUBSTANCE:1,false,,,1,1,1,DIOSC_DMM,Dioscorides,diosc_full_v3,0.850,draft
σαξιφραγον,σαξίφραγον,σαξιφραγον,SUBSTANCE:1,false,,,1,1,1,DIOSC_DMM,Dioscorides,diosc_full_v3,0.900,draft
σαπροτης,σαπρότης,σαπροτης,SUBSTANCE:2,false,,,2,2,2,AET_LM;PAUL_AEG,Aetius;Paul,entries_full_v3;paul_full_v3,0.675,draft
σαπροτης ξυλων,σαπρότης ξύλων,σαπροτης ξυλων,SUBSTANCE:2,true,σαπροτης,,2,2,2,AET_LM;PAUL_AEG,Aetius;Paul,entries_full_v3;paul_full_v3,0.735,draft
σαπροτης πτελεας,σαπρότης πτελέας,σαπροτης πτελεας,SUBSTANCE:1,true,σαπροτης,,1,1,1,PAUL_AEG,Paul,paul_full_v3,0.780,draft
σαπφειρος,σαπφειρος,σαπφειρος,SUBSTANCE:1,false,,,1,1,1,PAUL_AEG,Paul,paul_full_v3,0.850,draft
σαπφειρος λιθος,σάπφειρος λίθος,σαπφειρος λιθος,SUBSTANCE:1,true,λιθος,,1,1,1,AET_LM,Aetius,entries_full_v3,0.920,draft
σαπφυρος,σάπφυρος,σαπφυρος,SUBSTANCE:1,false,,,1,1,1,GAL_SMT,Galen,entries_full_v3,0.920,draft
σαπων,σάπων,σαπων,SUBSTANCE:1,false,,,1,1,1,PAUL_AEG,Paul,paul_full_v3,0.980,draft
σαραπιας,σαραπιάς,σαραπιας,SUBSTANCE:3,false,,,2,3,3,AET_LM;PAUL_AEG,Aetius;Paul,entries_full_v3;paul_full_v3,0.660,draft
σαρδιανη βαλανος,Σαρδιανὴ βάλανος,σαρδιανη βαλανος,SUBSTANCE:1,true,βαλανος,σαρδιανη,1,1,1,DIOSC_DMM,Dioscorides,diosc_full_v3,0.820,draft
σαρκα,σάρκα,σαρκα,SUBSTANCE_PART:4,false,,,1,4,4,AET_LM,Aetius,entries_full_v3,0.762,draft
σαρκα ναρκα,σάρκα νάρκα,σαρκα ναρκα,SUBSTANCE_PART:1,true,,,1,1,1,AET_LM,Aetius,entries_full_v3,0.750,draft
σαρκα τρυγων,σάρκα τρυγών,σαρκα τρυγων,SUBSTANCE_PART:1,true,,,1,1,1,AET_LM,Aetius,entries_full_v3,0.750,draft
σαρκα των κοχλιων,σάρκα τῶν κοχλιῶν,σαρκα των κοχλιων,SUBSTANCE_PART:1,true,,,1,1,1,AET_LM,Aetius,entries_full_v3,0.900,draft
σαρκες,σάρκες,σαρκες,SUBSTANCE_PART:1,false,,,1,1,1,DIOSC_DMM,Dioscorides,diosc_full_v3,0.820,draft
σαρκες ανθρωπου,σάρκες ἀνθρώπου,σαρκες ανθρωπου,SUBSTANCE_PART:1,false,,,1,1,1,GAL_SMT,Galen,entries_full_v3,0.740,draft
σαρκες εχιδνων,Σάρκες ἐχιδνῶν,σαρκες εχιδνων,SUBSTANCE_PART:1,true,,,1,1,1,ORIB_CM,Oribasius,entries_full_v3,0.850,draft
σαρκες των κηρυκων,σάρκες τῶν κηρύκων,σαρκες των κηρυκων,SUBSTANCE_PART:1,true,,,1,1,1,DIOSC_DMM,Dioscorides,diosc_full_v3,0.860,draft
σαρκι του καρπου,σαρκὶ τοῦ καρποῦ,σαρκι του καρπου,SUBSTANCE_PART:1,true,,,1,1,1,GAL_SMT,Galen,entries_full_v3,0.750,draft
σαρκοκολλα,σαρκοκόλλα,σαρκοκολλα,SUBSTANCE:7,false,,περσις,5,7,7,AET_LM;DIOSC_DMM;GAL_SMT;ORIB_CM;PAUL_AEG,Aetius;Dioscorides;Galen;Oribasius;Paul,diosc_full_v3;entries_full_v3;paul_full_v3,0.906,draft
σαρκος,σαρκὸς,σαρκος,SUBSTANCE_PART:2,false,,,2,2,2,AET_LM;DIOSC_DMM,Aetius;Dioscorides,diosc_full_v3;entries_full_v3,0.795,draft
σαρκος αυτης,σαρκὸς αὐτῆς,σαρκος αυτης,SUBSTANCE_PART:1,true,,,1,1,1,GAL_SMT,Galen,entries_full_v3,0.850,draft
σαρξ,σὰρξ,σαρξ,SUBSTANCE:8;SUBSTANCE_PART:18,false,,,6,26,26,AET_LM;DIOSC_DMM;GAL_ALIM;GAL_SMT;ORIB_CM;PAUL_AEG,Aetius;Dioscorides;Galen;Oribasius;Paul,diosc_full_v3;entries_full_v3;paul_full_v3,0.798,draft
σαρξ θυννου,σάρξ θύννου,σαρξ θυννου,SUBSTANCE_PART:1,true,,,1,1,1,DIOSC_DMM,Dioscorides,diosc_full_v3,0.900,draft
σαρξ ιχθυων,σάρξ ἰχθύων,σαρξ ιχθυων,SUBSTANCE_PART:1,true,,,1,1,1,AET_LM,Aetius,entries_full_v3,0.850,draft
σαρξ του ταριχηρου σιλουρου,σὰρξ τοῦ ταριχηροῦ σιλούρου,σαρξ του ταριχηρου σιλουρου,SUBSTANCE_PART:1,true,,,1,1,1,DIOSC_DMM,Dioscorides,diosc_full_v3,0.870,draft
σαρξιφαγες,σαρξιφαγές,σαρξιφαγες,SUBSTANCE:1,false,,,1,1,1,PAUL_AEG,Paul,paul_full_v3,0.900,draft
σαταναριαμ,σατανάριαμ,σαταναριαμ,SUBSTANCE:1,false,,,1,1,1,DIOSC_DMM,Dioscorides,diosc_full_v3,0.500,draft
σατυριον,σατύριον,σατυριον,SUBSTANCE:5,false,,,5,5,5,AET_LM;DIOSC_DMM;GAL_SMT;ORIB_CM;PAUL_AEG,Aetius;Dioscorides;Galen;Oribasius;Paul,diosc_full_v3;entries_full_v3;paul_full_v3,0.942,draft
σαυρα,σαύρα,σαυρα,SUBSTANCE:10,false,,,3,10,10,DIOSC_DMM;GAL_SMT;PAUL_AEG,Dioscorides;Galen;Paul,diosc_full_v3;entries_full_v3;paul_full_v3,0.807,draft
σαυρα χαλκιδικη,σαῦρα Χαλκιδική,σαυρα χαλκιδικη,SUBSTANCE:1,true,σαυρα,χαλκιδικη,1,1,1,GAL_SMT,Galen,entries_full_v3,0.800,draft
σαυρας κεφαλην,σαύρας κεφαλὴν,σαυρας κεφαλην,SUBSTANCE_PART:1,true,,,1,1,1,GAL_SMT,Galen,entries_full_v3,0.900,draft
σβεστος,σβεστός,σβεστος,SUBSTANCE:1,false,,,1,1,1,GAL_SMT,Galen,entries_full_v3,0.600,draft
σελινον,σέλινον,σελινον,SUBSTANCE:22,false,,,5,22,22,AET_LM;DIOSC_DMM;GAL_SMT;ORIB_CM;PAUL_AEG,Aetius;Dioscorides;Galen;Oribasius;Paul,diosc_full_v3;entries_full_v3;paul_full_v3,0.851,draft
σελινον αγριον,σέλινον ἄγριον,σελινον αγριον,SUBSTANCE:3,true,σελινον,,2,3,3,DIOSC_DMM;PAUL_AEG,Dioscorides;Paul,diosc_full_v3;paul_full_v3,0.890,draft
σελινον ημερον,σέλινον ἥμερον,σελινον ημερον,SUBSTANCE:1,true,σελινον,,1,1,1,DIOSC_DMM,Dioscorides,diosc_full_v3,0.650,draft
σελινον κηπαιον,σέλινον κηπαῖον,σελινον κηπαιον,SUBSTANCE:1,true,σελινον,,1,1,1,DIOSC_DMM,Dioscorides,diosc_full_v3,0.950,draft
σελινου σπερμα,σελίνου σπέρμα,σελινου σπερμα,SUBSTANCE_PART:1,true,,,1,1,1,DIOSC_DMM,Dioscorides,diosc_full_v3,0.850,draft
σελινου σπερματι,σελίνου σπέρματι,σελινου σπερματι,SUBSTANCE_PART:1,true,,,1,1,1,DIOSC_DMM,Dioscorides,diosc_full_v3,0.860,draft
σελινου σπερματος,σελίνου σπέρματος,σελινου σπερματος,SUBSTANCE_PART:2,true,,,1,2,2,DIOSC_DMM,Dioscorides,diosc_full_v3,0.875,draft
σελινουσια,Σελινουσία,σελινουσια,SUBSTANCE:2,false,,σελινους,2,2,2,ORIB_CM;PAUL_AEG,Oribasius;Paul,entries_full_v3;paul_full_v3,0.750,draft
σελινουσια γη,Σελινουσία γῆ,σελινουσια γη,SUBSTANCE:4,true,γη,σελινους,4,4,4,AET_LM;DIOSC_DMM;GAL_SMT;ORIB_CM,Aetius;Dioscorides;Galen;Oribasius,diosc_full_v3;entries_full_v3,0.875,draft
σεμιδαλις,σεμίδαλις,σεμιδαλις,SUBSTANCE:5,false,,,4,5,5,AET_LM;DIOSC_DMM;GAL_ALIM;PAUL_AEG,Aetius;Dioscorides;Galen;Paul,diosc_full_v3;entries_full_v3;paul_full_v3,0.786,draft
σεμιδαμις,σεμίδαμις,σεμιδαμις,SUBSTANCE:1,false,,,1,1,1,GAL_SMT,Galen,entries_full_v3,0.800,draft
σεραπιας,σεραπιάς,σεραπιας,SUBSTANCE:3,false,,,3,3,3,DIOSC_DMM;GAL_SMT;ORIB_CM,Dioscorides;Galen;Oribasius,diosc_full_v3;entries_full_v3,0.830,draft
σερις,σέρις,σερις,SUBSTANCE:16,false,,,5,16,16,AET_LM;DIOSC_DMM;GAL_SMT;ORIB_CM;PAUL_AEG,Aetius;Dioscorides;Galen;Oribasius;Paul,diosc_full_v3;entries_full_v3;paul_full_v3,0.789,draft
σερις αγρια,σέρις ἀγρία,σερις αγρια,SUBSTANCE:2,true,σερις,,1,2,2,DIOSC_DMM,Dioscorides,diosc_full_v3,0.760,draft
σερις ημερος,σέρις ἥμερος,σερις ημερος,SUBSTANCE:1,true,σερις,,1,1,1,DIOSC_DMM,Dioscorides,diosc_full_v3,0.880,draft
σεριφον,σέριφον,σεριφον,SUBSTANCE:6,false,,,4,6,6,DIOSC_DMM;GAL_SMT;ORIB_CM;PAUL_AEG,Dioscorides;Galen;Oribasius;Paul,diosc_full_v3;entries_full_v3;paul_full_v3,0.823,draft
σεσελεως σπερμα,σεσέλεως σπέρμα,σεσελεως σπερμα,SUBSTANCE_PART:1,true,,,1,1,1,DIOSC_DMM,Dioscorides,diosc_full_v3,0.800,draft
σεσελι,σέσελι,σεσελι,SUBSTANCE:9,false,,,4,9,9,AET_LM;DIOSC_DMM;GAL_SMT;ORIB_CM,Aetius;Dioscorides;Galen;Oribasius,diosc_full_v3;entries_full_v3,0.771,draft
σεσελι κγητικον,σέσελι κγητικόν,σεσελι κγητικον,SUBSTANCE:1,true,σεσελι,,1,1,1,DIOSC_DMM,Dioscorides,diosc_full_v3,0.750,draft
σεσελι κυπριον,σέσελι Κύπριον,σεσελι κυπριον,SUBSTANCE:1,true,σεσελι,κυπρος,1,1,1,DIOSC_DMM,Dioscorides,diosc_full_v3,0.650,draft
σεσελις,σέσελις,σεσελις,SUBSTANCE:2,false,,,1,2,2,PAUL_AEG,Paul,paul_full_v3,0.875,draft
σεσελιτα,σεσέλιτα,σεσελιτα,SUBSTANCE:1,false,,,1,1,1,DIOSC_DMM,Dioscorides,diosc_full_v3,0.550,draft
σεσιλον,σέσιλον,σεσιλον,SUBSTANCE:1,false,,,1,1,1,DIOSC_DMM,Dioscorides,diosc_full_v3,0.600,draft
σευτλον,σεῦτλον,σευτλον,SUBSTANCE:3,false,,,1,3,3,DIOSC_DMM,Dioscorides,diosc_full_v3,0.857,draft
σευτλον λευκον,σεῦτλον λευκόν,σευτλον λευκον,SUBSTANCE:1,true,σευτλον,,1,1,1,DIOSC_DMM,Dioscorides,diosc_full_v3,0.600,draft
σευτλον μελαν,σεῦτλον μέλαν,σευτλον μελαν,SUBSTANCE:2,true,σευτλον,,1,2,2,DIOSC_DMM,Dioscorides,diosc_full_v3,0.680,draft
σηπεδονωδες αιμα,σηπεδονῶδες αἷμα,σηπεδονωδες αιμα,SUBSTANCE:1,true,αιμα,,1,1,1,GAL_SMT,Galen,entries_full_v3,0.760,draft
σηπια,σηπία,σηπια,SUBSTANCE:5,false,,,4,5,5,AET_LM;DIOSC_DMM;GAL_SMT;PAUL_AEG,Aetius;Dioscorides;Galen;Paul,diosc_full_v3;entries_full_v3;paul_full_v3,0.812,draft
σηπιας οστρακον,σηπίας ὄστρακον,σηπιας οστρακον,SUBSTANCE_PART:2,true,,,2,2,2,GAL_SMT;PAUL_AEG,Galen;Paul,entries_full_v3;paul_full_v3,0.910,draft
σηρικον,σηρικόν,σηρικον,SUBSTANCE:1,false,,,1,1,1,PAUL_AEG,Paul,paul_full_v3,0.880,draft
σησαμη,σησάμη,σησαμη,SUBSTANCE:1,false,,,1,1,1,DIOSC_DMM,Dioscorides,diosc_full_v3,0.880,draft
σησαμινον,σησάμινον,σησαμινον,SUBSTANCE:4,false,,,4,4,4,AET_LM;GAL_SMT;ORIB_CM;PAUL_AEG,Aetius;Galen;Oribasius;Paul,entries_full_v3;paul_full_v3,0.745,draft
σησαμινος,σησάμινος,σησαμινος,SUBSTANCE:1,false,,,1,1,1,DIOSC_DMM,Dioscorides,diosc_full_v3,0.800,draft
σησαμοειδες,σησαμοειδές,σησαμοειδες,SUBSTANCE:7,false,,,4,7,7,DIOSC_DMM;GAL_SMT;ORIB_CM;PAUL_AEG,Dioscorides;Galen;Oribasius;Paul,diosc_full_v3;entries_full_v3;paul_full_v3,0.804,draft
σησαμοειδες λευκον,σησαμοειδές λευκόν,σησαμοειδες λευκον,SUBSTANCE:3,true,σησαμοειδες,,3,3,3,GAL_SMT;ORIB_CM;PAUL_AEG,Galen;Oribasius;Paul,entries_full_v3;paul_full_v3,0.733,draft
σησαμοειδες μεγα,σησαμοειδές μέγα,σησαμοειδες μεγα,SUBSTANCE:3,true,σησαμοειδες,,3,3,3,DIOSC_DMM;GAL_SMT;ORIB_CM,Dioscorides;Galen;Oribasius,diosc_full_v3;entries_full_v3,0.783,draft
σησαμοειδες μικρον,σησαμοειδές μικρόν,σησαμοειδες μικρον,SUBSTANCE:1,true,σησαμοειδες,,1,1,1,DIOSC_DMM,Dioscorides,diosc_full_v3,0.850,draft
σησαμοειδους του λευκου το σπερμα,σησαμοειδοῦς τοῦ λευκοῦ τὸ σπέρμα,σησαμοειδους του λευκου το σπερμα,SUBSTANCE_PART:1,true,,,1,1,1,GAL_SMT,Galen,entries_full_v3,0.860,draft
σησαμον,σήσαμον,σησαμον,SUBSTANCE:11,false,,,5,11,11,AET_LM;DIOSC_DMM;GAL_SMT;ORIB_CM;PAUL_AEG,Aetius;Dioscorides;Galen;Oribasius;Paul,diosc_full_v3;entries_full_v3;paul_full_v3,0.878,draft
σησαμον αγριον,σήσαμον ἄγριον,σησαμον αγριον,SUBSTANCE:1,true,σησαμον,,1,1,1,DIOSC_DMM,Dioscorides,diosc_full_v3,0.650,draft
σησαμου ελαιον,σησάμου ἔλαιον,σησαμου ελαιον,SUBSTANCE:1,true,ελαιον,,1,1,1,AET_LM,Aetius,entries_full_v3,0.720,draft
σητανιον,σητάνιον,σητανιον,SUBSTANCE:1,false,,ιταλια,1,1,1,DIOSC_DMM,Dioscorides,diosc_full_v3,0.650,draft
σητανιος πυρος,σητάνιος πυρός,σητανιος πυρος,SUBSTANCE:1,true,πυρος,,1,1,1,DIOSC_DMM,Dioscorides,diosc_full_v3,0.750,draft
σηψ,σήψ,σηψ,SUBSTANCE:2,false,,,2,2,2,DIOSC_DMM;PAUL_AEG,Dioscorides;Paul,diosc_full_v3;paul_full_v3,0.850,draft
σιαλον,σίαλον,σιαλον,SUBSTANCE:9,true,σιαλον,,4,8,9,AET_LM;GAL_SMT;ORIB_CM;PAUL_AEG,Aetius;Galen;Oribasius;Paul,entries_full_v3;paul_full_v3,0.828,draft
σιαλος,σίαλος,σιαλος,SUBSTANCE:1,false,,,1,1,1,AET_LM,Aetius,entries_full_v3,0.900,draft
σιγνινος,Σιγνῖνος,σιγνινος,SUBSTANCE:1,false,,,1,1,1,DIOSC_DMM,Dioscorides,diosc_full_v3,0.750,draft
σιδηριτις,σιδηρῖτις,σιδηριτις,SUBSTANCE:14,false,,ευβοια,5,14,14,AET_LM;DIOSC_DMM;GAL_SMT;ORIB_CM;PAUL_AEG,Aetius;Dioscorides;Galen;Oribasius;Paul,diosc_full_v3;entries_full_v3;paul_full_v3,0.887,draft
σιδηριτις γη,σιδηρῖτις γῆ,σιδηριτις γη,SUBSTANCE:1,true,γη,,1,1,1,GAL_SMT,Galen,entries_full_v3,0.850,draft
σιδηρος,σίδηρος,σιδηρος,SUBSTANCE:20,false,,,5,20,20,AET_LM;DIOSC_DMM;GAL_SMT;ORIB_CM;PAUL_AEG,Aetius;Dioscorides;Galen;Oribasius;Paul,diosc_full_v3;entries_full_v3;paul_full_v3,0.847,draft
σιδηρος πεπυρωμενος,σίδηρος πεπυρωμένος,σιδηρος πεπυρωμενος,SUBSTANCE:1,true,σιδηρος,,1,1,1,DIOSC_DMM,Dioscorides,diosc_full_v3,0.840,draft
σιδια,σίδια,σιδια,SUBSTANCE:1;SUBSTANCE_PART:2,false,,,3,3,3,DIOSC_DMM;GAL_SMT;ORIB_CM,Dioscorides;Galen;Oribasius,diosc_full_v3;entries_full_v3,0.623,draft
σιδιον,σίδιον,σιδιον,SUBSTANCE:2,false,,,1,2,2,DIOSC_DMM,Dioscorides,diosc_full_v3,0.525,draft
σιελον,σίελον,σιελον,SUBSTANCE:1,false,,,1,1,1,GAL_SMT,Galen,entries_full_v3,0.880,draft
σιελος,σίελος,σιελος,SUBSTANCE:1,false,,,1,1,1,DIOSC_DMM,Dioscorides,diosc_full_v3,0.800,draft
σιθιλεσαδε,σιθιλεσαδέ,σιθιλεσαδε,SUBSTANCE:1,false,,,1,1,1,DIOSC_DMM,Dioscorides,diosc_full_v3,0.550,draft
σικελιωτικος,Σικελιωτικός,σικελιωτικος,SUBSTANCE:1,false,,,1,1,1,DIOSC_DMM,Dioscorides,diosc_full_v3,0.520,draft
σικελον ελαιον,Σικελὸν ἔλαιον,σικελον ελαιον,SUBSTANCE:1,true,ελαιον,σικελια,1,1,1,DIOSC_DMM,Dioscorides,diosc_full_v3,0.760,draft
σικυα,σικύα,σικυα,SUBSTANCE:1,false,,,1,1,1,DIOSC_DMM,Dioscorides,diosc_full_v3,0.800,draft
σικυα πικρα,σικύα πικρά,σικυα πικρα,SUBSTANCE:1,true,σικυα,,1,1,1,DIOSC_DMM,Dioscorides,diosc_full_v3,0.780,draft
σικυοπεπων,σικυοπέπων,σικυοπεπων,SUBSTANCE:1,false,,,1,1,1,GAL_ALIM,Galen,entries_full_v3,0.760,draft
σικυος,σίκυος,σικυος,SUBSTANCE:15,false,,,6,15,15,AET_LM;DIOSC_DMM;GAL_ALIM;GAL_SMT;ORIB_CM;PAUL_AEG,Aetius;Dioscorides;Galen;Oribasius;Paul,diosc_full_v3;entries_full_v3;paul_full_v3,0.803,draft
σικυος αγριος,σίκυος ἄγριος,σικυος αγριος,SUBSTANCE:6,true,σικυος,,5,6,6,AET_LM;DIOSC_DMM;GAL_SMT;ORIB_CM;PAUL_AEG,Aetius;Dioscorides;Galen;Oribasius;Paul,diosc_full_v3;entries_full_v3;paul_full_v3,0.867,draft
σικυος εδωδιμος,σίκυος ἐδώδιμος,σικυος εδωδιμος,SUBSTANCE:2,true,σικυος,,2,2,2,GAL_SMT;ORIB_CM,Galen;Oribasius,entries_full_v3,0.915,draft
σικυος εδωδιμος χλωρος,σίκυος ἐδώδιμος χλωρός,σικυος εδωδιμος χλωρος,SUBSTANCE:1,true,σικυος,,1,1,1,PAUL_AEG,Paul,paul_full_v3,0.930,draft
σικυος ημερος,σίκυος ἥμερος,σικυος ημερος,SUBSTANCE:1,true,σικυος,,1,1,1,DIOSC_DMM,Dioscorides,diosc_full_v3,0.820,draft
σικυος ξηρος,σίκυος ξηρός,σικυος ξηρος,SUBSTANCE:1,true,σικυος,,1,1,1,PAUL_AEG,Paul,paul_full_v3,0.900,draft
σικυου αγριου ριζης,σικύου ἀγρίου ῥίζης,σικυου αγριου ριζης,SUBSTANCE_PART:1,true,,,1,1,1,AET_LM,Aetius,entries_full_v3,0.900,draft
σικυου αγριου του καρπου,Σικύου ἀγρίου τοῦ καρποῦ,σικυου αγριου του καρπου,SUBSTANCE_PART:1,true,,,1,1,1,ORIB_CM,Oribasius,entries_full_v3,0.850,draft
σικυου σπερματος,σικύου σπέρματος,σικυου σπερματος,SUBSTANCE_PART:1,true,,,1,1,1,DIOSC_DMM,Dioscorides,diosc_full_v3,0.850,draft
σικυς,σικύς,σικυς,SUBSTANCE:4,false,,,2,4,4,AET_LM;DIOSC_DMM,Aetius;Dioscorides,diosc_full_v3;entries_full_v3,0.865,draft
σικυς αγριος,σικύς ἄγριος,σικυς αγριος,SUBSTANCE:2,true,σικυς,,2,2,2,AET_LM;DIOSC_DMM,Aetius;Dioscorides,diosc_full_v3;entries_full_v3,0.910,draft
σικυς ημερος,σικύς ἥμερος,σικυς ημερος,SUBSTANCE:2,true,σικυς,,2,2,2,AET_LM;DIOSC_DMM,Aetius;Dioscorides,diosc_full_v3;entries_full_v3,0.885,draft
σικυωνιον,σικυώνιον,σικυωνιον,SUBSTANCE:3,false,,σικυων,2,3,3,AET_LM;GAL_SMT,Aetius;Galen,entries_full_v3,0.623,draft
σιλλυβον,σίλλυβον,σιλλυβον,SUBSTANCE:2,false,,,2,2,2,DIOSC_DMM;PAUL_AEG,Dioscorides;Paul,diosc_full_v3;paul_full_v3,0.950,draft
σιλλυβος,σίλλυβος,σιλλυβος,SUBSTANCE:1,false,,,1,1,1,DIOSC_DMM,Dioscorides,diosc_full_v3,0.700,draft
σιλουρος,σίλουρος,σιλουρος,SUBSTANCE:3,false,,,3,3,3,DIOSC_DMM;GAL_SMT;PAUL_AEG,Dioscorides;Galen;Paul,diosc_full_v3;entries_full_v3;paul_full_v3,0.830,draft
σιλουρος νεαρος,σίλουρος νεαρός,σιλουρος νεαρος,SUBSTANCE:1,true,σιλουρος,,1,1,1,DIOSC_DMM,Dioscorides,diosc_full_v3,0.860,draft
σιλουρος ταριχηρος,σίλουρος ταριχηρός,σιλουρος ταριχηρος,SUBSTANCE:1,true,σιλουρος,,1,1,1,PAUL_AEG,Paul,paul_full_v3,0.950,draft
σιλφη,σίλφη,σιλφη,SUBSTANCE:3,false,,,3,3,3,DIOSC_DMM;GAL_SMT;PAUL_AEG,Dioscorides;Galen;Paul,diosc_full_v3;entries_full_v3;paul_full_v3,0.840,draft
σιλφη η εν τοις αρτοκοπειοις ευρισκομενη,σίλφη ἡ ἐν τοῖς ἀρτοκοπείοις εὑρισκομένη,σιλφη η εν τοις αρτοκοπειοις ευρισκομενη,SUBSTANCE:1,true,σιλφη,,1,1,1,DIOSC_DMM,Dioscorides,diosc_full_v3,0.700,draft
σιλφιον,σίλφιον,σιλφιον,SUBSTANCE:8,false,,,5,8,8,AET_LM;DIOSC_DMM;GAL_SMT;ORIB_CM;PAUL_AEG,Aetius;Dioscorides;Galen;Oribasius;Paul,diosc_full_v3;entries_full_v3;paul_full_v3,0.926,draft
σιναπι,σίναπι,σιναπι,SUBSTANCE:3,false,,,1,3,3,DIOSC_DMM,Dioscorides,diosc_full_v3,0.870,draft
σιναπινον,σινάπινον,σιναπινον,SUBSTANCE:2,false,,,2,2,2,GAL_SMT;ORIB_CM,Galen;Oribasius,entries_full_v3,0.780,draft
σινηπι,σίνηπι,σινηπι,SUBSTANCE:2,false,,,1,2,2,DIOSC_DMM,Dioscorides,diosc_full_v3,0.795,draft
σινων,σίνων,σινων,SUBSTANCE:4,false,,συρια,4,4,4,AET_LM;DIOSC_DMM;ORIB_CM;PAUL_AEG,Aetius;Dioscorides;Oribasius;Paul,diosc_full_v3;entries_full_v3;paul_full_v3,0.887,draft
σινωνις,σινωνίς,σινωνις,SUBSTANCE:1,false,,,1,1,1,ORIB_CM,Oribasius,entries_full_v3,0.850,draft
σινωπικη μιλτος,Σινωπικὴ μίλτος,σινωπικη μιλτος,SUBSTANCE:2,true,μιλτος,σινωπη,2,2,2,DIOSC_DMM;PAUL_AEG,Dioscorides;Paul,diosc_full_v3;paul_full_v3,0.850,draft
σινωπικος,Σινωπικός,σινωπικος,SUBSTANCE:1,false,,καππαδοκια,1,1,1,AET_LM,Aetius,entries_full_v3,0.740,draft
σιον,σίον,σιον,SUBSTANCE:6,false,,,5,6,6,AET_LM;DIOSC_DMM;GAL_SMT;ORIB_CM;PAUL_AEG,Aetius;Dioscorides;Galen;Oribasius;Paul,diosc_full_v3;entries_full_v3;paul_full_v3,0.935,draft
σιος πυρος,σιὸς πυρός,σιος πυρος,SUBSTANCE:1,true,πυρος,,1,1,1,DIOSC_DMM,Dioscorides,diosc_full_v3,0.500,draft
σιραιον,σιραῖον,σιραιον,SUBSTANCE:4,false,,,2,4,4,AET_LM;GAL_ALIM,Aetius;Galen,entries_full_v3,0.640,draft
σισαρον,σίσαρον,σισαρον,SUBSTANCE:4,false,,,4,4,4,DIOSC_DMM;GAL_SMT;ORIB_CM;PAUL_AEG,Dioscorides;Galen;Oribasius;Paul,diosc_full_v3;entries_full_v3;paul_full_v3,0.807,draft
σισαρον γνωριμον,σίσαρον γνώριμον,σισαρον γνωριμον,SUBSTANCE:1,true,σισαρον,,1,1,1,DIOSC_DMM,Dioscorides,diosc_full_v3,0.840,draft
σισαρου η ριζα,Σισάρου ἡ ῥίζα,σισαρου η ριζα,SUBSTANCE_PART:2,true,,,2,2,2,ORIB_CM;PAUL_AEG,Oribasius;Paul,entries_full_v3;paul_full_v3,0.890,draft
σισαρου ριζα,σισάρου ῥίζα,σισαρου ριζα,SUBSTANCE_PART:1,true,,,1,1,1,GAL_SMT,Galen,entries_full_v3,0.860,draft
σισυμβριον,σισύμβριον,σισυμβριον,SUBSTANCE:13,false,,,5,13,13,AET_LM;DIOSC_DMM;GAL_SMT;ORIB_CM;PAUL_AEG,Aetius;Dioscorides;Galen;Oribasius;Paul,diosc_full_v3;entries_full_v3;paul_full_v3,0.908,draft
σισυμβριου ανθους,σισυμβρίου ἄνθους,σισυμβριου ανθους,SUBSTANCE_PART:1,true,,,1,1,1,DIOSC_DMM,Dioscorides,diosc_full_v3,0.900,draft
σισων,σίσων,σισων,SUBSTANCE:1,false,,,1,1,1,GAL_SMT,Galen,entries_full_v3,0.900,draft
σιτανιον αλευρον,σιτανίον ἄλευρον,σιτανιον αλευρον,SUBSTANCE:1,true,αλευρον,,1,1,1,DIOSC_DMM,Dioscorides,diosc_full_v3,0.800,draft
σιτηρον,σιτηρόν,σιτηρον,SUBSTANCE:2,false,,,1,2,2,DIOSC_DMM,Dioscorides,diosc_full_v3,0.575,draft
σιτος,σῖτος,σιτος,SUBSTANCE:3,false,,,3,3,3,DIOSC_DMM;GAL_ALIM;PAUL_AEG,Dioscorides;Galen;Paul,diosc_full_v3;entries_full_v3;paul_full_v3,0.767,draft
σιφωνιον,σιφώνιον,σιφωνιον,SUBSTANCE:1,false,,,1,1,1,DIOSC_DMM,Dioscorides,diosc_full_v3,0.620,draft
σκαλαυθριτις,σκαλαυθρῖτις,σκαλαυθριτις,SUBSTANCE:1,false,,,1,1,1,DIOSC_DMM,Dioscorides,diosc_full_v3,0.800,draft
σκαμμωνια,σκαμμωνία,σκαμμωνια,SUBSTANCE:9,false,,,3,9,9,AET_LM;DIOSC_DMM;PAUL_AEG,Aetius;Dioscorides;Paul,diosc_full_v3;entries_full_v3;paul_full_v3,0.883,draft
σκαμμωνιας της ριζης,σκαμμωνίας τῆς ῥίζης,σκαμμωνιας της ριζης,SUBSTANCE_PART:1,true,,,1,1,1,DIOSC_DMM,Dioscorides,diosc_full_v3,0.900,draft
σκανδιξ,σκάνδιξ,σκανδιξ,SUBSTANCE:5,false,,,5,5,5,AET_LM;DIOSC_DMM;GAL_SMT;ORIB_CM;PAUL_AEG,Aetius;Dioscorides;Galen;Oribasius;Paul,diosc_full_v3;entries_full_v3;paul_full_v3,0.922,draft
σκανδιξ αγριον,σκάνδιξ ἄγριον,σκανδιξ αγριον,SUBSTANCE:1,true,σκανδιξ,,1,1,1,PAUL_AEG,Paul,paul_full_v3,0.950,draft
σκαρος,σκᾶρος,σκαρος,SUBSTANCE:1,false,,,1,1,1,AET_LM,Aetius,entries_full_v3,0.750,draft
σκελος ταριχηρον υος,σκέλος ταριχηρὸν ὑὸς,σκελος ταριχηρον υος,SUBSTANCE_PART:1,true,,,1,1,1,GAL_SMT,Galen,entries_full_v3,0.800,draft
σκελος ταριχηρου υος,σκέλος ταριχηροῦ ὑὸς,σκελος ταριχηρου υος,SUBSTANCE_PART:1,true,,,1,1,1,AET_LM,Aetius,entries_full_v3,0.780,draft
σκευαστος αλς,σκευαστὸς ἅλς,σκευαστος αλς,SUBSTANCE:1,true,αλς,,1,1,1,GAL_ALIM,Galen,entries_full_v3,0.740,draft
σκιαδια,σκιάδια,σκιαδια,SUBSTANCE_PART:5,false,,,1,5,5,DIOSC_DMM,Dioscorides,diosc_full_v3,0.726,draft
σκιαδιον,σκιάδιον,σκιαδιον,SUBSTANCE_PART:8,false,,,1,8,8,DIOSC_DMM,Dioscorides,diosc_full_v3,0.728,draft
σκιγκος,σκίγκος,σκιγκος,SUBSTANCE:5,false,,,4,5,5,AET_LM;DIOSC_DMM;GAL_SMT;PAUL_AEG,Aetius;Dioscorides;Galen;Paul,diosc_full_v3;entries_full_v3;paul_full_v3,0.844,draft
σκιγκου τα περι τους νεφρους,σκίγκου τὰ περὶ τοὺς νεφρούς,σκιγκου τα περι τους νεφρους,SUBSTANCE_PART:1,true,,,1,1,1,AET_LM,Aetius,entries_full_v3,0.740,draft
σκιλλα,σκίλλα,σκιλλα,SUBSTANCE:16,false,,,5,16,16,AET_LM;DIOSC_DMM;GAL_SMT;ORIB_CM;PAUL_AEG,Aetius;Dioscorides;Galen;Oribasius;Paul,diosc_full_v3;entries_full_v3;paul_full_v3,0.904,draft
σκληροσαρκος,σκληρόσαρκος,σκληροσαρκος,SUBSTANCE:1,false,,,1,1,1,AET_LM,Aetius,entries_full_v3,0.600,draft
σκολοπενδρα,σκολοπένδρα,σκολοπενδρα,SUBSTANCE:3,false,,,3,3,3,DIOSC_DMM;GAL_SMT;PAUL_AEG,Dioscorides;Galen;Paul,diosc_full_v3;entries_full_v3;paul_full_v3,0.803,draft
σκολοπενδρα θαλασσια,σκολοπένδρα θαλασσία,σκολοπενδρα θαλασσια,SUBSTANCE:1,true,σκολοπενδρα,,1,1,1,DIOSC_DMM,Dioscorides,diosc_full_v3,0.780,draft
σκολοπενδρα θαλαττια,σκολοπένδρα θαλαττία,σκολοπενδρα θαλαττια,SUBSTANCE:2,true,σκολοπενδρα,,2,2,2,GAL_SMT;PAUL_AEG,Galen;Paul,entries_full_v3;paul_full_v3,0.820,draft
σκολοπενδριον,σκολοπένδριον,σκολοπενδριον,SUBSTANCE:11,false,,,4,11,11,AET_LM;DIOSC_DMM;GAL_SMT;PAUL_AEG,Aetius;Dioscorides;Galen;Paul,diosc_full_v3;entries_full_v3;paul_full_v3,0.788,draft
σκολουμου ριζα,σκολύμου ῥίζα,σκολουμου ριζα,SUBSTANCE_PART:1,true,,,1,1,1,GAL_SMT,Galen,entries_full_v3,0.920,draft
σκολοψ,σκόλοψ,σκολοψ,SUBSTANCE:2,false,,,2,2,2,GAL_SMT;PAUL_AEG,Galen;Paul,entries_full_v3;paul_full_v3,0.620,draft
σκολυμον,σκόλυμον,σκολυμον,SUBSTANCE:1,false,,,1,1,1,PAUL_AEG,Paul,paul_full_v3,0.950,draft
σκολυμος,σκόλυμος,σκολυμος,SUBSTANCE:9,false,,,5,9,9,AET_LM;DIOSC_DMM;GAL_ALIM;GAL_SMT;ORIB_CM,Aetius;Dioscorides;Galen;Oribasius,diosc_full_v3;entries_full_v3,0.796,draft
σκολυμου η ριζα,Σκολύμου ἡ ῥίζα,σκολυμου η ριζα,SUBSTANCE_PART:1,true,,,1,1,1,ORIB_CM,Oribasius,entries_full_v3,0.920,draft
σκορδιον,σκόρδιον,σκορδιον,SUBSTANCE:6,false,,,5,6,6,AET_LM;DIOSC_DMM;GAL_SMT;ORIB_CM;PAUL_AEG,Aetius;Dioscorides;Galen;Oribasius;Paul,diosc_full_v3;entries_full_v3;paul_full_v3,0.922,draft
σκορδιον ποικιλον,σκόρδιον ποικίλον,σκορδιον ποικιλον,SUBSTANCE:1,true,σκορδιον,,1,1,1,PAUL_AEG,Paul,paul_full_v3,0.880,draft
σκορδον,σκόρδον,σκορδον,SUBSTANCE:9,false,,,4,9,9,AET_LM;DIOSC_DMM;GAL_SMT;PAUL_AEG,Aetius;Dioscorides;Galen;Paul,diosc_full_v3;entries_full_v3;paul_full_v3,0.923,draft
σκορδοπρασον,σκορδόπρασον,σκορδοπρασον,SUBSTANCE:2,false,,,2,2,2,DIOSC_DMM;GAL_SMT,Dioscorides;Galen,diosc_full_v3;entries_full_v3,0.950,draft
σκοροδον,σκόροδον,σκοροδον,SUBSTANCE:15,false,,,6,15,15,AET_LM;DIOSC_DMM;GAL_ALIM;GAL_SMT;ORIB_CM;PAUL_AEG,Aetius;Dioscorides;Galen;Oribasius;Paul,diosc_full_v3;entries_full_v3;paul_full_v3,0.899,draft
σκοροδον αγριον,σκόροδον ἄγριον,σκοροδον αγριον,SUBSTANCE:2,true,σκοροδον,,2,2,2,GAL_SMT;ORIB_CM,Galen;Oribasius,entries_full_v3,0.740,draft
σκοροδοπρασον,σκοροδόπρασον,σκοροδοπρασον,SUBSTANCE:2,false,,,2,2,2,ORIB_CM;PAUL_AEG,Oribasius;Paul,entries_full_v3;paul_full_v3,0.945,draft
σκορπιοειδες,σκορπιοειδές,σκορπιοειδες,SUBSTANCE:3,false,,,3,3,3,DIOSC_DMM;GAL_SMT;PAUL_AEG,Dioscorides;Galen;Paul,diosc_full_v3;entries_full_v3;paul_full_v3,0.840,draft
σκορπιοειδης,σκορπιοειδής,σκορπιοειδης,SUBSTANCE:1,false,,,1,1,1,ORIB_CM,Oribasius,entries_full_v3,0.780,draft
σκορπιον,σκορπίον,σκορπιον,SUBSTANCE:1,false,,,1,1,1,DIOSC_DMM,Dioscorides,diosc_full_v3,0.750,draft
σκορπιος,σκορπίος,σκορπιος,SUBSTANCE:9,false,,,5,9,9,AET_LM;DIOSC_DMM;GAL_SMT;ORIB_CM;PAUL_AEG,Aetius;Dioscorides;Galen;Oribasius;Paul,diosc_full_v3;entries_full_v3;paul_full_v3,0.793,draft
σκορπιος θαλασσιος,σκορπίος θαλάσσιος,σκορπιος θαλασσιος,SUBSTANCE:1,true,σκορπιος,,1,1,1,DIOSC_DMM,Dioscorides,diosc_full_v3,0.800,draft
σκορπιος θαλαττιος,σκορπίος θαλάττιος,σκορπιος θαλαττιος,SUBSTANCE:1,true,σκορπιος,,1,1,1,PAUL_AEG,Paul,paul_full_v3,0.750,draft
σκορπιος χεραιος,σκορπίος χεραῖος,σκορπιος χεραιος,SUBSTANCE:1,true,σκορπιος,,1,1,1,DIOSC_DMM,Dioscorides,diosc_full_v3,0.850,draft
σκορπιος χερσαιος,σκορπίος χερσαῖος,σκορπιος χερσαιος,SUBSTANCE:1,true,σκορπιος,,1,1,1,PAUL_AEG,Paul,paul_full_v3,0.850,draft
σκορπιουρον,σκορπίουρον,σκορπιουρον,SUBSTANCE:2,false,,,2,2,2,DIOSC_DMM;PAUL_AEG,Dioscorides;Paul,diosc_full_v3;paul_full_v3,0.855,draft
σκυβελιτις,Σκυβελίτις,σκυβελιτις,SUBSTANCE:2,false,,,1,2,2,GAL_ALIM,Galen,entries_full_v3,0.575,draft
σκυθικος,σκυθικός,σκυθικος,SUBSTANCE:1,false,,,1,1,1,AET_LM,Aetius,entries_full_v3,0.650,draft
σκυθιον,σκύθιον,σκυθιον,SUBSTANCE:1,false,,,1,1,1,DIOSC_DMM,Dioscorides,diosc_full_v3,0.600,draft
σκυταλιον,σκυτάλιον,σκυταλιον,SUBSTANCE:1,false,,,1,1,1,DIOSC_DMM,Dioscorides,diosc_full_v3,0.800,draft
σκωληκιον,σκωλήκιον,σκωληκιον,SUBSTANCE:1,false,,,1,1,1,DIOSC_DMM,Dioscorides,diosc_full_v3,0.580,draft
σκωληκιτης,σκωληκίτης,σκωληκιτης,SUBSTANCE:1,false,,,1,1,1,DIOSC_DMM,Dioscorides,diosc_full_v3,0.620,draft
σκωληξ,σκώληξ,σκωληξ,SUBSTANCE:1,false,,,1,1,1,DIOSC_DMM,Dioscorides,diosc_full_v3,0.850,draft
σκωρια,σκωρία,σκωρια,SUBSTANCE:12,false,,,5,12,12,AET_LM;DIOSC_DMM;GAL_SMT;ORIB_CM;PAUL_AEG,Aetius;Dioscorides;Galen;Oribasius;Paul,diosc_full_v3;entries_full_v3;paul_full_v3,0.873,draft
σκωρια αργυριου,σκωρία ἀργυρίου,σκωρια αργυριου,SUBSTANCE:1,true,σκωρια,,1,1,1,GAL_SMT,Galen,entries_full_v3,0.900,draft
σκωρια αργυρου,σκωρία ἀργύρου,σκωρια αργυρου,SUBSTANCE:4,true,σκωρια,,3,4,4,AET_LM;DIOSC_DMM;ORIB_CM,Aetius;Dioscorides;Oribasius,diosc_full_v3;entries_full_v3,0.828,draft
σκωρια μολυβδου,σκωρία μολύβδου,σκωρια μολυβδου,SUBSTANCE:2;SUBSTANCE_PART:2,true,σκωρια,,2,4,4,DIOSC_DMM;PAUL_AEG,Dioscorides;Paul,diosc_full_v3;paul_full_v3,0.867,draft
σκωρια σιδηρου,σκωρία σιδήρου,σκωρια σιδηρου,SUBSTANCE:5,true,σκωρια,,5,5,5,AET_LM;DIOSC_DMM;GAL_SMT;ORIB_CM;PAUL_AEG,Aetius;Dioscorides;Galen;Oribasius;Paul,diosc_full_v3;entries_full_v3;paul_full_v3,0.804,draft
σμαραγδος λιθος,σμάραγδος λίθος,σμαραγδος λιθος,SUBSTANCE:1,true,λιθος,,1,1,1,AET_LM,Aetius,entries_full_v3,0.900,draft
σμαρις,σμαρίς,σμαρις,SUBSTANCE:2,false,,,2,2,2,DIOSC_DMM;PAUL_AEG,Dioscorides;Paul,diosc_full_v3;paul_full_v3,0.775,draft
σμαρις ταριχηρα,σμαρίς ταριχηρά,σμαρις ταριχηρα,SUBSTANCE:1,true,σμαρις,,1,1,1,DIOSC_DMM,Dioscorides,diosc_full_v3,0.650,draft
σμικρον χημιον,σμικρὸν χημίον,σμικρον χημιον,SUBSTANCE:1,true,χημιον,,1,1,1,AET_LM,Aetius,entries_full_v3,0.450,draft
σμικρος,σμικρός,σμικρος,SUBSTANCE:1,false,,,1,1,1,AET_LM,Aetius,entries_full_v3,0.600,draft
σμιλαξ,σμῖλαξ,σμιλαξ,SUBSTANCE:7,false,,,4,7,7,DIOSC_DMM;GAL_SMT;ORIB_CM;PAUL_AEG,Dioscorides;Galen;Oribasius;Paul,diosc_full_v3;entries_full_v3;paul_full_v3,0.901,draft
σμιλαξ κηπαια,σμῖλαξ κηπαία,σμιλαξ κηπαια,SUBSTANCE:1,true,σμιλαξ,,1,1,1,DIOSC_DMM,Dioscorides,diosc_full_v3,0.950,draft
σμιλιωτος,σμιλιωτός,σμιλιωτος,SUBSTANCE:1,false,,,1,1,1,DIOSC_DMM,Dioscorides,diosc_full_v3,0.600,draft
σμιλον,σμῖλον,σμιλον,SUBSTANCE:1,false,,,1,1,1,DIOSC_DMM,Dioscorides,diosc_full_v3,0.750,draft
σμιρις,σμῖρις,σμιρις,SUBSTANCE:3,false,,,2,3,3,GAL_SMT;PAUL_AEG,Galen;Paul,entries_full_v3;paul_full_v3,0.893,draft
σμυραινα,σμύραινα,σμυραινα,SUBSTANCE:1,false,,,1,1,1,AET_LM,Aetius,entries_full_v3,0.900,draft
σμυρις,σμύρις,σμυρις,SUBSTANCE:6,false,,,4,6,6,AET_LM;DIOSC_DMM;GAL_SMT;ORIB_CM,Aetius;Dioscorides;Galen;Oribasius,diosc_full_v3;entries_full_v3,0.917,draft
σμυρις λιθος,σμύρις λίθος,σμυρις λιθος,SUBSTANCE:1,true,λιθος,,1,1,1,DIOSC_DMM,Dioscorides,diosc_full_v3,0.850,draft
σμυρνα,σμύρνα,σμυρνα,SUBSTANCE:53,false,,,5,53,53,AET_LM;DIOSC_DMM;GAL_SMT;ORIB_CM;PAUL_AEG,Aetius;Dioscorides;Galen;Oribasius;Paul,diosc_full_v3;entries_full_v3;paul_full_v3,0.895,draft
σμυρνα βοιωτικη,σμύρνα βοιωτική,σμυρνα βοιωτικη,SUBSTANCE:1,true,σμυρνα,,1,1,1,ORIB_CM,Oribasius,entries_full_v3,0.830,draft
σμυρνα βοϊκη,σμύρνα βοϊκή,σμυρνα βοϊκη,SUBSTANCE:1,true,σμυρνα,,1,1,1,GAL_SMT,Galen,entries_full_v3,0.900,draft
σμυρνα τρωγλιτις,σμύρνα τρωγλίτις,σμυρνα τρωγλιτις,SUBSTANCE:1,true,σμυρνα,τρωγλιτις,1,1,1,AET_LM,Aetius,entries_full_v3,0.720,draft
σμυρνα χρηστη,σμύρνα χρηστή,σμυρνα χρηστη,SUBSTANCE:1,true,σμυρνα,,1,1,1,DIOSC_DMM,Dioscorides,diosc_full_v3,0.850,draft
σμυρνη,σμύρνη,σμυρνη,SUBSTANCE:11,false,,,4,11,11,AET_LM;DIOSC_DMM;GAL_SMT;PAUL_AEG,Aetius;Dioscorides;Galen;Paul,diosc_full_v3;entries_full_v3;paul_full_v3,0.863,draft
σμυρνη προσφατος,σμύρνη πρόσφατος,σμυρνη προσφατος,SUBSTANCE:1,true,σμυρνη,,1,1,1,DIOSC_DMM,Dioscorides,diosc_full_v3,0.850,draft
σμυρνη τρωγλιτις,σμύρνη τρωγλίτις,σμυρνη τρωγλιτις,SUBSTANCE:1,true,σμυρνη,,1,1,1,AET_LM,Aetius,entries_full_v3,0.700,draft
σμυρνης χονδρον,σμύρνης χόνδρον,σμυρνης χονδρον,SUBSTANCE_PART:1,true,,,1,1,1,DIOSC_DMM,Dioscorides,diosc_full_v3,0.800,draft
σμυρνιον,σμύρνιον,σμυρνιον,SUBSTANCE:8,false,,,5,8,8,AET_LM;DIOSC_DMM;GAL_SMT;ORIB_CM;PAUL_AEG,Aetius;Dioscorides;Galen;Oribasius;Paul,diosc_full_v3;entries_full_v3;paul_full_v3,0.921,draft
σογκος,σόγκος,σογκος,SUBSTANCE:1,false,,,1,1,1,ORIB_CM,Oribasius,entries_full_v3,0.900,draft
σογχιτης,σογχίτης,σογχιτης,SUBSTANCE:1,false,,,1,1,1,DIOSC_DMM,Dioscorides,diosc_full_v3,0.700,draft
σογχος,σόγχος,σογχος,SUBSTANCE:5,false,,,3,5,5,AET_LM;DIOSC_DMM;GAL_SMT,Aetius;Dioscorides;Galen,diosc_full_v3;entries_full_v3,0.828,draft
σογχος χλωρος,σόγχος χλωρός,σογχος χλωρος,SUBSTANCE:1,true,σογχος,,1,1,1,AET_LM,Aetius,entries_full_v3,0.900,draft
σοδομηνος,Σοδομηνός,σοδομηνος,SUBSTANCE:1,false,,νεκρα θαλασσα,1,1,1,GAL_SMT,Galen,entries_full_v3,0.550,draft
σοκχος,Σόκχος,σοκχος,SUBSTANCE:1,false,,,1,1,1,PAUL_AEG,Paul,paul_full_v3,0.900,draft
σουκινον,σοῦκινον,σουκινον,SUBSTANCE:1,false,,,1,1,1,AET_LM,Aetius,entries_full_v3,0.800,draft
σουσινον,σουσῖνον,σουσινον,SUBSTANCE:1,false,,,1,1,1,DIOSC_DMM,Dioscorides,diosc_full_v3,0.750,draft
σουσινος,σούσινος,σουσινος,SUBSTANCE:1,false,,,1,1,1,DIOSC_DMM,Dioscorides,diosc_full_v3,0.700,draft
σπαθη,σπάθη,σπαθη,SUBSTANCE:1,false,,,1,1,1,DIOSC_DMM,Dioscorides,diosc_full_v3,0.720,draft
σπανον,Σπανόν,σπανον,SUBSTANCE:2,false,,ιβηρια,2,2,2,GAL_SMT;ORIB_CM,Galen;Oribasius,entries_full_v3,0.795,draft
σπαργανιον,σπαργάνιον,σπαργανιον,SUBSTANCE:4,false,,,4,4,4,DIOSC_DMM;GAL_SMT;ORIB_CM;PAUL_AEG,Dioscorides;Galen;Oribasius;Paul,diosc_full_v3;entries_full_v3;paul_full_v3,0.932,draft
σπαρτη,σπάρτη,σπαρτη,SUBSTANCE:1,false,,,1,1,1,GAL_SMT,Galen,entries_full_v3,0.850,draft
σπαρτιον,σπαρτίον,σπαρτιον,SUBSTANCE:1,false,,,1,1,1,DIOSC_DMM,Dioscorides,diosc_full_v3,0.900,draft
σπαρτον,σπάρτον,σπαρτον,SUBSTANCE:2,false,,,2,2,2,AET_LM;ORIB_CM,Aetius;Oribasius,entries_full_v3,0.840,draft
σπαρτος,σπάρτος,σπαρτος,SUBSTANCE:2,false,,,2,2,2,GAL_ALIM;PAUL_AEG,Galen;Paul,entries_full_v3;paul_full_v3,0.805,draft
σπεκλαριον,σπεκλάριον,σπεκλαριον,SUBSTANCE:4,false,,,2,4,4,AET_LM;PAUL_AEG,Aetius;Paul,entries_full_v3;paul_full_v3,0.787,draft
σπεκλαριον κεκαυμενον,σπεκλάριον κεκαυμένον,σπεκλαριον κεκαυμενον,SUBSTANCE:1,true,σπεκλαριον,,1,1,1,AET_LM,Aetius,entries_full_v3,0.800,draft
σπερμα,σπέρμα,σπερμα,SUBSTANCE:14;SUBSTANCE_PART:203,false,,αιγυπτια;αιγυπτος;θηβαι;λιβυη;παρνασσος,6,205,217,AET_LM;DIOSC_DMM;GAL_ALIM;GAL_SMT;ORIB_CM;PAUL_AEG,Aetius;Dioscorides;Galen;Oribasius;Paul,diosc_full_v3;entries_full_v3;paul_full_v3,0.848,draft
σπερμα αγρωστεως,σπέρμα ἀγρώστεως,σπερμα αγρωστεως,SUBSTANCE_PART:1,true,,,1,1,1,AET_LM,Aetius,entries_full_v3,0.900,draft
σπερμα αυτης,σπέρμα αὐτῆς,σπερμα αυτης,SUBSTANCE_PART:1,true,,,1,1,1,DIOSC_DMM,Dioscorides,diosc_full_v3,0.850,draft
σπερμα αυτου,σπέρμα αὐτοῦ,σπερμα αυτου,SUBSTANCE_PART:1,true,,,1,1,1,DIOSC_DMM,Dioscorides,diosc_full_v3,0.800,draft
σπερμα κωνειου,σπέρμα κωνείου,σπερμα κωνειου,SUBSTANCE_PART:1,true,,,1,1,1,GAL_SMT,Galen,entries_full_v3,0.900,draft
σπερμα της μελαινης μηκωνος,σπέρμα τῆς μελαίνης μήκωνος,σπερμα της μελαινης μηκωνος,SUBSTANCE_PART:1,true,,,1,1,1,DIOSC_DMM,Dioscorides,diosc_full_v3,0.900,draft
σπερμα του οξυλαπαθου,σπέρμα τοῦ ὀξυλαπάθου,σπερμα του οξυλαπαθου,SUBSTANCE_PART:1,true,,,1,1,1,PAUL_AEG,Paul,paul_full_v3,0.930,draft
σπερματα,σπέρματα,σπερματα,SUBSTANCE_PART:3,false,,,1,3,3,DIOSC_DMM,Dioscorides,diosc_full_v3,0.847,draft
σπερματι,σπέρματι,σπερματι,SUBSTANCE_PART:3,false,,,2,3,3,GAL_SMT;ORIB_CM,Galen;Oribasius,entries_full_v3,0.733,draft
σπερματια,σπερμάτια,σπερματια,SUBSTANCE_PART:12,false,,,2,12,12,AET_LM;DIOSC_DMM,Aetius;Dioscorides,diosc_full_v3;entries_full_v3,0.812,draft
σπερματιον,σπερμάτιον,σπερματιον,SUBSTANCE_PART:3,false,,,2,3,3,AET_LM;DIOSC_DMM,Aetius;Dioscorides,diosc_full_v3;entries_full_v3,0.750,draft
σπερματιων,σπερματίων,σπερματιων,SUBSTANCE_PART:1,false,,,1,1,1,DIOSC_DMM,Dioscorides,diosc_full_v3,0.750,draft
σπερματος,σπέρματος,σπερματος,SUBSTANCE_PART:7,false,,,1,7,7,DIOSC_DMM,Dioscorides,diosc_full_v3,0.823,draft
σπερματος ελελισφακου,σπέρματος ἐλελισφάκου,σπερματος ελελισφακου,SUBSTANCE_PART:1,true,,,1,1,1,AET_LM,Aetius,entries_full_v3,0.900,draft
σπερματος καρδαμου,σπέρματος καρδάμου,σπερματος καρδαμου,SUBSTANCE_PART:1,true,,,1,1,1,PAUL_AEG,Paul,paul_full_v3,0.850,draft
σπερματος της κικεως,σπέρματος τῆς κίκεως,σπερματος της κικεως,SUBSTANCE_PART:1,true,,,1,1,1,AET_LM,Aetius,entries_full_v3,0.900,draft
σπλαγχνον,σπλάγχνον,σπλαγχνον,SUBSTANCE:5,false,,,5,5,5,AET_LM;DIOSC_DMM;GAL_SMT;ORIB_CM;PAUL_AEG,Aetius;Dioscorides;Galen;Oribasius;Paul,diosc_full_v3;entries_full_v3;paul_full_v3,0.754,draft
σπλην,σπλήν,σπλην,SUBSTANCE:1,false,,,1,1,1,AET_LM,Aetius,entries_full_v3,0.800,draft
σπληναριον,σπληνάριον,σπληναριον,SUBSTANCE:1,false,,,1,1,1,DIOSC_DMM,Dioscorides,diosc_full_v3,0.750,draft
σπληνιον,σπλήνιον,σπληνιον,SUBSTANCE:4,false,,,1,4,4,DIOSC_DMM,Dioscorides,diosc_full_v3,0.812,draft
σπογγος,σπόγγος,σπογγος,SUBSTANCE:5,false,,,4,5,5,AET_LM;DIOSC_DMM;GAL_SMT;PAUL_AEG,Aetius;Dioscorides;Galen;Paul,diosc_full_v3;entries_full_v3;paul_full_v3,0.892,draft
σπογγος κεκαυμενος,σπόγγος κεκαυμένος,σπογγος κεκαυμενος,SUBSTANCE:1,true,σπογγος,,1,1,1,GAL_SMT,Galen,entries_full_v3,0.860,draft
σποδια,σποδιά,σποδια,SUBSTANCE:2,false,,,2,2,2,DIOSC_DMM;GAL_ALIM,Dioscorides;Galen,diosc_full_v3;entries_full_v3,0.775,draft
σποδιον,σπόδιον,σποδιον,SUBSTANCE:2,false,,,2,2,2,GAL_SMT;PAUL_AEG,Galen;Paul,entries_full_v3;paul_full_v3,0.875,draft
σποδος,σποδός,σποδος,SUBSTANCE:1,false,,,1,1,1,DIOSC_DMM,Dioscorides,diosc_full_v3,0.750,draft
σπυραθος,σπύραθος,σπυραθος,SUBSTANCE:5,false,,,4,5,5,AET_LM;DIOSC_DMM;GAL_SMT;ORIB_CM,Aetius;Dioscorides;Galen;Oribasius,diosc_full_v3;entries_full_v3,0.636,draft
σταγονιας,σταγονίας,σταγονιας,SUBSTANCE:1,false,,,1,1,1,DIOSC_DMM,Dioscorides,diosc_full_v3,0.750,draft
σταις,σταῖς,σταις,SUBSTANCE:1,false,,,1,1,1,DIOSC_DMM,Dioscorides,diosc_full_v3,0.600,draft
σταιτις,σταῖτις,σταιτις,SUBSTANCE:1,false,,,1,1,1,GAL_SMT,Galen,entries_full_v3,0.500,draft
στακτη,στακτή,στακτη,SUBSTANCE:1,false,,,1,1,1,AET_LM,Aetius,entries_full_v3,0.850,draft
στακτη καλη λευκη,στακτή καλή λευκή,στακτη καλη λευκη,SUBSTANCE:1,true,στακτη,,1,1,1,AET_LM,Aetius,entries_full_v3,0.800,draft
σταλακτος,σταλακτός,σταλακτος,SUBSTANCE:1,false,,,1,1,1,DIOSC_DMM,Dioscorides,diosc_full_v3,0.750,draft
σταφις,σταφίς,σταφις,SUBSTANCE:12,false,,,3,12,12,AET_LM;DIOSC_DMM;GAL_ALIM,Aetius;Dioscorides;Galen,diosc_full_v3;entries_full_v3,0.844,draft
σταφις αγρια,σταφίς ἀγρία,σταφις αγρια,SUBSTANCE:2,true,σταφις,,1,2,2,DIOSC_DMM,Dioscorides,diosc_full_v3,0.880,draft
σταφις ημερος,σταφὶς ἥμερος,σταφις ημερος,SUBSTANCE:1,true,σταφις,,1,1,1,DIOSC_DMM,Dioscorides,diosc_full_v3,0.740,draft
σταφις λιπαρα γλυκεια,σταφίς λιπαρά γλυκεῖα,σταφις λιπαρα γλυκεια,SUBSTANCE:1,true,σταφις,,1,1,1,GAL_ALIM,Galen,entries_full_v3,0.780,draft
σταφις μελαινα,σταφίς μέλαινα,σταφις μελαινα,SUBSTANCE:1,true,σταφις,,1,1,1,GAL_ALIM,Galen,entries_full_v3,0.750,draft
σταφυλη,σταφυλή,σταφυλη,SUBSTANCE:23,false,,,5,23,23,AET_LM;DIOSC_DMM;GAL_ALIM;GAL_SMT;PAUL_AEG,Aetius;Dioscorides;Galen;Paul,diosc_full_v3;entries_full_v3;paul_full_v3,0.749,draft
σταφυλη αυστηρα,σταφυλὴ αὐστηρά,σταφυλη αυστηρα,SUBSTANCE:2,true,σταφυλη,,2,2,2,AET_LM;GAL_ALIM,Aetius;Galen,entries_full_v3,0.750,draft
σταφυλη οξειa,σταφυλή ὀξεῖα,σταφυλη οξειa,SUBSTANCE:1,true,σταφυλη,,1,1,1,GAL_ALIM,Galen,entries_full_v3,0.750,draft
σταφυλη προσφατος,σταφυλή πρόσφατος,σταφυλη προσφατος,SUBSTANCE:1,true,σταφυλη,,1,1,1,DIOSC_DMM,Dioscorides,diosc_full_v3,0.650,draft
σταφυλη τεθειλοπεδευμενη,σταφυλὴ τεθειλοπεδευμένη,σταφυλη τεθειλοπεδευμενη,SUBSTANCE:1,true,σταφυλη,,1,1,1,DIOSC_DMM,Dioscorides,diosc_full_v3,0.660,draft
σταφυλη ψιθια,σταφυλή ψιθία,σταφυλη ψιθια,SUBSTANCE:1,true,σταφυλη,,1,1,1,DIOSC_DMM,Dioscorides,diosc_full_v3,0.700,draft
σταφυλην,σταφυλήν,σταφυλην,SUBSTANCE_PART:1,false,,,1,1,1,DIOSC_DMM,Dioscorides,diosc_full_v3,0.850,draft
σταφυλινον,σταφυλῖνον,σταφυλινον,SUBSTANCE:2,false,,,2,2,2,AET_LM;DIOSC_DMM,Aetius;Dioscorides,diosc_full_v3;entries_full_v3,0.685,draft
σταφυλινος,σταφυλῖνος,σταφυλινος,SUBSTANCE:11,false,,,5,11,11,AET_LM;DIOSC_DMM;GAL_SMT;ORIB_CM;PAUL_AEG,Aetius;Dioscorides;Galen;Oribasius;Paul,diosc_full_v3;entries_full_v3;paul_full_v3,0.741,draft
σταφυλινος αγριος,σταφυλῖνος ἄγριος,σταφυλινος αγριος,SUBSTANCE:3,true,σταφυλινος,,2,3,3,DIOSC_DMM;GAL_SMT,Dioscorides;Galen,diosc_full_v3;entries_full_v3,0.810,draft
σταφυλινος ημερος,σταφυλῖνος ἥμερος,σταφυλινος ημερος,SUBSTANCE:1,true,σταφυλινος,,1,1,1,GAL_SMT,Galen,entries_full_v3,0.760,draft
σταφυλινος κηπευτος,σταφυλῖνος κηπευτός,σταφυλινος κηπευτος,SUBSTANCE:1,true,σταφυλινος,,1,1,1,DIOSC_DMM,Dioscorides,diosc_full_v3,0.900,draft
σταφυλινου σπερματι,σταφυλίνου σπέρματι,σταφυλινου σπερματι,SUBSTANCE_PART:1,true,,,1,1,1,DIOSC_DMM,Dioscorides,diosc_full_v3,0.660,draft
σταχυν,στάχυν,σταχυν,SUBSTANCE_PART:2,false,,,2,2,2,DIOSC_DMM;GAL_ALIM,Dioscorides;Galen,diosc_full_v3;entries_full_v3,0.760,draft
σταχυν ναρδου,στάχυν νάρδου,σταχυν ναρδου,SUBSTANCE_PART:1,true,,,1,1,1,DIOSC_DMM,Dioscorides,diosc_full_v3,0.780,draft
σταχυς,στάχυς,σταχυς,SUBSTANCE:6,false,,,5,6,6,AET_LM;DIOSC_DMM;GAL_SMT;ORIB_CM;PAUL_AEG,Aetius;Dioscorides;Galen;Oribasius;Paul,diosc_full_v3;entries_full_v3;paul_full_v3,0.810,draft
σταχυς συριακος,στάχυς Συριακός,σταχυς συριακος,SUBSTANCE:1,true,σταχυς,συρια,1,1,1,DIOSC_DMM,Dioscorides,diosc_full_v3,0.700,draft
στεαρ,στέαρ,στεαρ,SUBSTANCE:64,false,,,5,64,64,AET_LM;DIOSC_DMM;GAL_SMT;ORIB_CM;PAUL_AEG,Aetius;Dioscorides;Galen;Oribasius;Paul,diosc_full_v3;entries_full_v3;paul_full_v3,0.853,draft
στεαρ αιγων,στέαρ αἰγῶν,στεαρ αιγων,SUBSTANCE:1,true,στεαρ,,1,1,1,ORIB_CM,Oribasius,entries_full_v3,0.650,draft
στεαρ αρκειον,στέαρ ἄρκειον,στεαρ αρκειον,SUBSTANCE:5,true,στεαρ,,3,5,5,AET_LM;DIOSC_DMM;PAUL_AEG,Aetius;Dioscorides;Paul,diosc_full_v3;entries_full_v3;paul_full_v3,0.778,draft
στεαρ αρκτειον,στέαρ ἀρκτεῖον,στεαρ αρκτειον,SUBSTANCE:1,true,στεαρ,,1,1,1,GAL_SMT,Galen,entries_full_v3,0.850,draft
στεαρ αυτης,στέαρ αὐτῆς,στεαρ αυτης,SUBSTANCE_PART:1,true,,,1,1,1,DIOSC_DMM,Dioscorides,diosc_full_v3,0.800,draft
στεαρ εριφων,στέαρ ἐρίφων,στεαρ εριφων,SUBSTANCE:1,true,στεαρ,,1,1,1,ORIB_CM,Oribasius,entries_full_v3,0.650,draft
στεαρ λεοντων,στέαρ λεόντων,στεαρ λεοντων,SUBSTANCE:1,true,στεαρ,,1,1,1,ORIB_CM,Oribasius,entries_full_v3,0.650,draft
στεαρ νεαρον,στέαρ νεαρόν,στεαρ νεαρον,SUBSTANCE:1,true,στεαρ,,1,1,1,DIOSC_DMM,Dioscorides,diosc_full_v3,0.850,draft
στεαρ ονειον,στέαρ ὄνειον,στεαρ ονειον,SUBSTANCE:1,true,στεαρ,,1,1,1,DIOSC_DMM,Dioscorides,diosc_full_v3,0.750,draft
στεαρ παλαιον,στέαρ παλαιόν,στεαρ παλαιον,SUBSTANCE:2,true,στεαρ,,2,2,2,AET_LM;GAL_SMT,Aetius;Galen,entries_full_v3,0.750,draft
στεαρ παλαιον υειον,στέαρ παλαιὸν ὕειον,στεαρ παλαιον υειον,SUBSTANCE:1,true,στεαρ,,1,1,1,DIOSC_DMM,Dioscorides,diosc_full_v3,0.800,draft
στεαρ ταυρειον,στέαρ ταυρεῖον,στεαρ ταυρειον,SUBSTANCE:1,true,στεαρ,,1,1,1,DIOSC_DMM,Dioscorides,diosc_full_v3,0.820,draft
στεαρ ταυρων,στέαρ ταύρων,στεαρ ταυρων,SUBSTANCE:1,true,στεαρ,,1,1,1,ORIB_CM,Oribasius,entries_full_v3,0.650,draft
στεαρ τραγειον,στέαρ τραγεῖον,στεαρ τραγειον,SUBSTANCE:1,true,στεαρ,,1,1,1,DIOSC_DMM,Dioscorides,diosc_full_v3,0.820,draft
στεαρ τραγων,στέαρ τράγων,στεαρ τραγων,SUBSTANCE:1,true,στεαρ,,1,1,1,ORIB_CM,Oribasius,entries_full_v3,0.650,draft
στεαρ υειον,στέαρ ὕειον,στεαρ υειον,SUBSTANCE:6,true,στεαρ,,3,6,6,AET_LM;DIOSC_DMM;GAL_SMT,Aetius;Dioscorides;Galen,diosc_full_v3;entries_full_v3,0.775,draft
στεαρ χηνειον,στέαρ χήνειον,στεαρ χηνειον,SUBSTANCE:4,true,στεαρ,,2,4,4,AET_LM;DIOSC_DMM,Aetius;Dioscorides,diosc_full_v3;entries_full_v3,0.775,draft
στεαρ χοιρειον,στέαρ χοίρειον,στεαρ χοιρειον,SUBSTANCE:2,true,στεαρ,,1,2,2,DIOSC_DMM,Dioscorides,diosc_full_v3,0.775,draft
στεαρ χοιρειον νεαρον,στέαρ χοιρεῖον νεαρόν,στεαρ χοιρειον νεαρον,SUBSTANCE:1,true,στεαρ,,1,1,1,DIOSC_DMM,Dioscorides,diosc_full_v3,0.830,draft
στεαρ χοιρειον παλαιον,στέαρ χοιρεῖον παλαιόν,στεαρ χοιρειον παλαιον,SUBSTANCE:1,true,στεαρ,,1,1,1,DIOSC_DMM,Dioscorides,diosc_full_v3,0.900,draft
στεαρ χοιρειον ταριχηρον,στέαρ χοῖρειον ταριχηρόν,στεαρ χοιρειον ταριχηρον,SUBSTANCE:1,true,στεαρ,,1,1,1,DIOSC_DMM,Dioscorides,diosc_full_v3,0.780,draft
στεατι χηνος,στέατι χηνὸς,στεατι χηνος,SUBSTANCE_PART:1,true,,,1,1,1,GAL_SMT,Galen,entries_full_v3,0.850,draft
στελεχει,στελέχει,στελεχει,SUBSTANCE_PART:3,false,,,3,3,3,GAL_SMT;ORIB_CM;PAUL_AEG,Galen;Oribasius;Paul,entries_full_v3;paul_full_v3,0.760,draft
στελεχους ελαιων,στελέχους ἐλαιῶν,στελεχους ελαιων,SUBSTANCE_PART:1,true,,,1,1,1,DIOSC_DMM,Dioscorides,diosc_full_v3,0.800,draft
στεμφυλον,στέμφυλον,στεμφυλον,SUBSTANCE:7,false,,,1,7,7,DIOSC_DMM,Dioscorides,diosc_full_v3,0.813,draft
στεργηθρον,στέργηθρον,στεργηθρον,SUBSTANCE:1,false,,,1,1,1,DIOSC_DMM,Dioscorides,diosc_full_v3,0.800,draft
στεφανος,στέφανος,στεφανος,SUBSTANCE:1,false,,,1,1,1,DIOSC_DMM,Dioscorides,diosc_full_v3,0.600,draft
στιβι,στίβι,στιβι,SUBSTANCE:2,false,,,1,2,2,DIOSC_DMM,Dioscorides,diosc_full_v3,0.895,draft
στιμι,στίμι,στιμι,SUBSTANCE:1,false,,,1,1,1,PAUL_AEG,Paul,paul_full_v3,0.950,draft
στιμμι,στίμμι,στιμμι,SUBSTANCE:3,false,,,3,3,3,AET_LM;GAL_SMT;ORIB_CM,Aetius;Galen;Oribasius,entries_full_v3,0.943,draft
στοιβη,στοιβή,στοιβη,SUBSTANCE:4,false,,,4,4,4,DIOSC_DMM;GAL_SMT;ORIB_CM;PAUL_AEG,Dioscorides;Galen;Oribasius;Paul,diosc_full_v3;entries_full_v3;paul_full_v3,0.882,draft
στοιβης καρπος,στοιβῆς καρπὸς,στοιβης καρπος,SUBSTANCE_PART:1,true,,,1,1,1,GAL_SMT,Galen,entries_full_v3,0.900,draft
στοιβης φυλλα,στοιβῆς φύλλα,στοιβης φυλλα,SUBSTANCE_PART:1,true,,,1,1,1,GAL_SMT,Galen,entries_full_v3,0.900,draft
στοιχας,στοιχάς,στοιχας,SUBSTANCE:7,false,,στοιχαδες,5,7,7,AET_LM;DIOSC_DMM;GAL_SMT;ORIB_CM;PAUL_AEG,Aetius;Dioscorides;Galen;Oribasius;Paul,diosc_full_v3;entries_full_v3;paul_full_v3,0.866,draft
στοιχειωδης γη,στοιχειώδης γῆ,στοιχειωδης γη,SUBSTANCE:2,true,γη,,1,2,2,GAL_SMT,Galen,entries_full_v3,0.650,draft
στομωμα,στόμωμα,στομωμα,SUBSTANCE:5,false,,,4,5,5,DIOSC_DMM;GAL_SMT;ORIB_CM;PAUL_AEG,Dioscorides;Galen;Oribasius;Paul,diosc_full_v3;entries_full_v3;paul_full_v3,0.618,draft
στρατιωτης,στρατιώτης,στρατιωτης,SUBSTANCE:5,false,,,4,5,5,DIOSC_DMM;GAL_SMT;ORIB_CM;PAUL_AEG,Dioscorides;Galen;Oribasius;Paul,diosc_full_v3;entries_full_v3;paul_full_v3,0.878,draft
στρατιωτης ενυδρος,στρατιώτης ἔνυδρος,στρατιωτης ενυδρος,SUBSTANCE:3,true,στρατιωτης,,3,3,3,GAL_SMT;ORIB_CM;PAUL_AEG,Galen;Oribasius;Paul,entries_full_v3;paul_full_v3,0.780,draft
στρατιωτης χερσαιος,στρατιώτης χερσαῖος,στρατιωτης χερσαιος,SUBSTANCE:3,true,στρατιωτης,,3,3,3,GAL_SMT;ORIB_CM;PAUL_AEG,Galen;Oribasius;Paul,entries_full_v3;paul_full_v3,0.767,draft
στρατιωτης χιλιοφυλλος,στρατιώτης χιλιόφυλλος,στρατιωτης χιλιοφυλλος,SUBSTANCE:1,true,στρατιωτης,,1,1,1,DIOSC_DMM,Dioscorides,diosc_full_v3,0.900,draft
στροβιλινη,στροβιλίνη,στροβιλινη,SUBSTANCE:4,false,,,4,4,4,DIOSC_DMM;GAL_SMT;ORIB_CM;PAUL_AEG,Dioscorides;Galen;Oribasius;Paul,diosc_full_v3;entries_full_v3;paul_full_v3,0.865,draft
στροβιλινος,στροβιλῖνος,στροβιλινος,SUBSTANCE:1,false,,,1,1,1,ORIB_CM,Oribasius,entries_full_v3,0.750,draft
στροβιλος,στρόβιλος,στροβιλος,SUBSTANCE:7,false,,,4,7,7,AET_LM;DIOSC_DMM;GAL_SMT;PAUL_AEG,Aetius;Dioscorides;Galen;Paul,diosc_full_v3;entries_full_v3;paul_full_v3,0.764,draft
στρογγυλη,στρογγύλη,στρογγυλη,SUBSTANCE:3,false,,,3,3,3,DIOSC_DMM;GAL_SMT;ORIB_CM,Dioscorides;Galen;Oribasius,diosc_full_v3;entries_full_v3,0.687,draft
στρογγυλος,στρογγύλος,στρογγυλος,SUBSTANCE:6,false,,,4,6,6,AET_LM;DIOSC_DMM;GAL_SMT;ORIB_CM,Aetius;Dioscorides;Galen;Oribasius,diosc_full_v3;entries_full_v3,0.707,draft
στρουθιον,στρουθίον,στρουθιον,SUBSTANCE:11,false,,,5,11,11,AET_LM;DIOSC_DMM;GAL_SMT;ORIB_CM;PAUL_AEG,Aetius;Dioscorides;Galen;Oribasius;Paul,diosc_full_v3;entries_full_v3;paul_full_v3,0.749,draft
στρουθιου ριζα,Στρουθίου ῥίζα,στρουθιου ριζα,SUBSTANCE_PART:1,true,,,1,1,1,ORIB_CM,Oribasius,entries_full_v3,0.900,draft
στρουθος,στρουθός,στρουθος,SUBSTANCE:1,false,,,1,1,1,AET_LM,Aetius,entries_full_v3,0.760,draft
στρυφνη τεφρα,στρυφνὴ τέφρα,στρυφνη τεφρα,SUBSTANCE:1,true,τεφρα,,1,1,1,PAUL_AEG,Paul,paul_full_v3,0.800,draft
στρυφνον ξυλον,στρυφνὸν ξύλον,στρυφνον ξυλον,SUBSTANCE:2,true,ξυλον,,2,2,2,AET_LM;ORIB_CM,Aetius;Oribasius,entries_full_v3,0.750,draft
στρυχνον,στρύχνον,στρυχνον,SUBSTANCE:6,false,,,3,6,6,AET_LM;DIOSC_DMM;PAUL_AEG,Aetius;Dioscorides;Paul,diosc_full_v3;entries_full_v3;paul_full_v3,0.892,draft
στρυχνον εδωδιμον,στρύχνον ἐδώδιμον,στρυχνον εδωδιμον,SUBSTANCE:1,true,στρυχνον,,1,1,1,PAUL_AEG,Paul,paul_full_v3,0.780,draft
στρυχνον κηπαιον,στρύχνον κηπαῖον,στρυχνον κηπαιον,SUBSTANCE:1,true,στρυχνον,,1,1,1,DIOSC_DMM,Dioscorides,diosc_full_v3,0.960,draft
στρυχνον κηπευτικον,στρύχνον κηπευτικόν,στρυχνον κηπευτικον,SUBSTANCE:1,true,στρυχνον,,1,1,1,PAUL_AEG,Paul,paul_full_v3,0.820,draft
στρυχνον μανικον,στρύχνον μανικόν,στρυχνον μανικον,SUBSTANCE:1,true,στρυχνον,,1,1,1,DIOSC_DMM,Dioscorides,diosc_full_v3,0.920,draft
στρυχνον υπνωτικον,στρύχνον ὑπνωτικόν,στρυχνον υπνωτικον,SUBSTANCE:2,true,στρυχνον,,2,2,2,DIOSC_DMM;PAUL_AEG,Dioscorides;Paul,diosc_full_v3;paul_full_v3,0.905,draft
στρυχνος,στρύχνος,στρυχνος,SUBSTANCE:5,false,,,3,5,5,DIOSC_DMM;GAL_SMT;PAUL_AEG,Dioscorides;Galen;Paul,diosc_full_v3;entries_full_v3;paul_full_v3,0.710,draft
στρυχνος κηπαιος,στρύχνος κηπαῖος,στρυχνος κηπαιος,SUBSTANCE:2,true,στρυχνος,,1,2,2,DIOSC_DMM,Dioscorides,diosc_full_v3,0.675,draft
στρυχνος μανικος,στρύχνος μανικός,στρυχνος μανικος,SUBSTANCE:1,true,στρυχνος,,1,1,1,DIOSC_DMM,Dioscorides,diosc_full_v3,0.750,draft
στυμμα,στύμμα,στυμμα,SUBSTANCE:1,false,,,1,1,1,DIOSC_DMM,Dioscorides,diosc_full_v3,0.600,draft
στυμματων ξυλοβαλσαμου,στυμμάτων ξυλοβαλσάμου,στυμματων ξυλοβαλσαμου,SUBSTANCE_PART:1,true,,,1,1,1,DIOSC_DMM,Dioscorides,diosc_full_v3,0.560,draft
στυπτηρια,στυπτηρία,στυπτηρια,SUBSTANCE:16,false,,,5,16,16,AET_LM;DIOSC_DMM;GAL_SMT;ORIB_CM;PAUL_AEG,Aetius;Dioscorides;Galen;Oribasius;Paul,diosc_full_v3;entries_full_v3;paul_full_v3,0.887,draft
στυπτηρια αστραγαλωτη,στυπτηρία ἀστραγαλωτή,στυπτηρια αστραγαλωτη,SUBSTANCE:1,true,στυπτηρια,,1,1,1,PAUL_AEG,Paul,paul_full_v3,0.820,draft
στυπτηρια πλακιτις,στυπτηρία πλακῖτις,στυπτηρια πλακιτις,SUBSTANCE:1,true,στυπτηρια,,1,1,1,PAUL_AEG,Paul,paul_full_v3,0.800,draft
στυπτηρια πλινθιτις,στυπτηρία πλινθῖτις,στυπτηρια πλινθιτις,SUBSTANCE:1,true,στυπτηρια,,1,1,1,PAUL_AEG,Paul,paul_full_v3,0.780,draft
στυπτηρια στρογγυλη,στυπτηρία στρογγύλη,στυπτηρια στρογγυλη,SUBSTANCE:3,true,στυπτηρια,,3,3,3,AET_LM;DIOSC_DMM;PAUL_AEG,Aetius;Dioscorides;Paul,diosc_full_v3;entries_full_v3;paul_full_v3,0.853,draft
στυπτηρια σχιστη,στυπτηρία σχιστή,στυπτηρια σχιστη,SUBSTANCE:5,true,στυπτηρια,,2,5,5,DIOSC_DMM;PAUL_AEG,Dioscorides;Paul,diosc_full_v3;paul_full_v3,0.820,draft
στυπτηρια υγρα,στυπτηρία ὑγρά,στυπτηρια υγρα,SUBSTANCE:2,true,στυπτηρια,,2,2,2,DIOSC_DMM;PAUL_AEG,Dioscorides;Paul,diosc_full_v3;paul_full_v3,0.775,draft
στυπτικον ελαιον,στυπτικὸν ἔλαιον,στυπτικον ελαιον,SUBSTANCE:1,true,ελαιον,,1,1,1,DIOSC_DMM,Dioscorides,diosc_full_v3,0.720,draft
στυραξ,στύραξ,στυραξ,SUBSTANCE:18,false,,,5,18,18,AET_LM;DIOSC_DMM;GAL_SMT;ORIB_CM;PAUL_AEG,Aetius;Dioscorides;Galen;Oribasius;Paul,diosc_full_v3;entries_full_v3;paul_full_v3,0.899,draft
στυραξ καλαμιτης,στύραξ καλαμίτης,στυραξ καλαμιτης,SUBSTANCE:1,true,στυραξ,,1,1,1,AET_LM,Aetius,entries_full_v3,0.720,draft
στυραξ λιπαρος,στύραξ λιπαρός,στυραξ λιπαρος,SUBSTANCE:2,true,στυραξ,,1,2,2,AET_LM,Aetius,entries_full_v3,0.825,draft
στυραξ πρωτειος,στύραξ πρωτεῖος,στυραξ πρωτειος,SUBSTANCE:2,true,στυραξ,,1,2,2,AET_LM,Aetius,entries_full_v3,0.800,draft
στυφων χυμος,στύφων χυμός,στυφων χυμος,SUBSTANCE:1,true,χυμος,,1,1,1,GAL_ALIM,Galen,entries_full_v3,0.700,draft
συαγρειον,συάγρειον,συαγρειον,SUBSTANCE:1,false,,,1,1,1,DIOSC_DMM,Dioscorides,diosc_full_v3,0.720,draft
συαγριος,Συάγριος,συαγριος,SUBSTANCE:1,false,,,1,1,1,DIOSC_DMM,Dioscorides,diosc_full_v3,0.600,draft
συκαλλις,συκαλλίς,συκαλλις,SUBSTANCE:1,false,,,1,1,1,DIOSC_DMM,Dioscorides,diosc_full_v3,0.550,draft
συκαμινον,συκάμινον,συκαμινον,SUBSTANCE:4,false,,,3,4,4,AET_LM;DIOSC_DMM;GAL_ALIM,Aetius;Dioscorides;Galen,diosc_full_v3;entries_full_v3,0.772,draft
συκαμινον λευκον,συκάμινον λευκόν,συκαμινον λευκον,SUBSTANCE:1,true,συκαμινον,,1,1,1,DIOSC_DMM,Dioscorides,diosc_full_v3,0.700,draft
συκαμινον ξυλον,συκάμινον ξύλον,συκαμινον ξυλον,SUBSTANCE:1,true,ξυλον,,1,1,1,DIOSC_DMM,Dioscorides,diosc_full_v3,0.550,draft
συκαμινος,συκάμινος,συκαμινος,SUBSTANCE:4,false,,,3,4,4,AET_LM;DIOSC_DMM;GAL_ALIM,Aetius;Dioscorides;Galen,diosc_full_v3;entries_full_v3,0.800,draft
συκαμινου λεπισματι,συκαμίνου λεπίσματι,συκαμινου λεπισματι,SUBSTANCE_PART:1,true,,,1,1,1,DIOSC_DMM,Dioscorides,diosc_full_v3,0.800,draft
συκαμινου οπου,συκαμίνου ὀποῦ,συκαμινου οπου,SUBSTANCE_PART:1,true,,,1,1,1,AET_LM,Aetius,entries_full_v3,0.850,draft
συκη,συκῆ,συκη,SUBSTANCE:15,false,,,4,15,15,DIOSC_DMM;GAL_SMT;ORIB_CM;PAUL_AEG,Dioscorides;Galen;Oribasius;Paul,diosc_full_v3;entries_full_v3;paul_full_v3,0.811,draft
συκη αγρια,συκῆ ἀγρία,συκη αγρια,SUBSTANCE:2,true,συκη,,2,2,2,DIOSC_DMM;GAL_SMT,Dioscorides;Galen,diosc_full_v3;entries_full_v3,0.820,draft
συκη ημερος,συκή ἥμερος,συκη ημερος,SUBSTANCE:1,true,συκη,,1,1,1,DIOSC_DMM,Dioscorides,diosc_full_v3,0.750,draft
συκη μελαινα,συκὴ μέλαινα,συκη μελαινα,SUBSTANCE:2,true,συκη,,1,2,2,DIOSC_DMM,Dioscorides,diosc_full_v3,0.770,draft
συκης μελαινης φυλλοις,συκῆς μελαίνης φύλλοις,συκης μελαινης φυλλοις,SUBSTANCE_PART:1,true,,,1,1,1,DIOSC_DMM,Dioscorides,diosc_full_v3,0.820,draft
συκης οπου,συκῆς ὀποῦ,συκης οπου,SUBSTANCE_PART:1,true,,,1,1,1,GAL_SMT,Galen,entries_full_v3,0.900,draft
συκινος,συκῖνος,συκινος,SUBSTANCE:2,false,,,2,2,2,ORIB_CM;PAUL_AEG,Oribasius;Paul,entries_full_v3;paul_full_v3,0.650,draft
συκιον,συκίον,συκιον,SUBSTANCE:1,false,,,1,1,1,DIOSC_DMM,Dioscorides,diosc_full_v3,0.750,draft
συκιτης,συκίτης,συκιτης,SUBSTANCE:1,false,,,1,1,1,DIOSC_DMM,Dioscorides,diosc_full_v3,0.900,draft
συκομορμον,συκόμορμον,συκομορμον,SUBSTANCE:1,false,,,1,1,1,DIOSC_DMM,Dioscorides,diosc_full_v3,0.740,draft
συκομορον,συκόμορον,συκομορον,SUBSTANCE:2,false,,,2,2,2,AET_LM;DIOSC_DMM,Aetius;Dioscorides,diosc_full_v3;entries_full_v3,0.800,draft
συκομορος,συκόμορος,συκομορος,SUBSTANCE:3,false,,,3,3,3,AET_LM;GAL_ALIM;PAUL_AEG,Aetius;Galen;Paul,entries_full_v3;paul_full_v3,0.893,draft
συκον,σῦκον,συκον,SUBSTANCE:30,false,,,6,30,30,AET_LM;DIOSC_DMM;GAL_ALIM;GAL_SMT;ORIB_CM;PAUL_AEG,Aetius;Dioscorides;Galen;Oribasius;Paul,diosc_full_v3;entries_full_v3;paul_full_v3,0.854,draft
συκον ερινεος,σῦκον ἐρινεός,συκον ερινεος,SUBSTANCE:1,true,συκον,,1,1,1,PAUL_AEG,Paul,paul_full_v3,0.800,draft
συκον ξηρον,σῦκον ξηρόν,συκον ξηρον,SUBSTANCE:5,true,συκον,,3,5,5,AET_LM;DIOSC_DMM;ORIB_CM,Aetius;Dioscorides;Oribasius,diosc_full_v3;entries_full_v3,0.780,draft
συκον πεπειρον,σῦκον πέπειρον,συκον πεπειρον,SUBSTANCE:1,true,συκον,,1,1,1,GAL_ALIM,Galen,entries_full_v3,0.750,draft
συκον χλωρον,σῦκον χλωρόν,συκον χλωρον,SUBSTANCE:1,true,συκον,,1,1,1,DIOSC_DMM,Dioscorides,diosc_full_v3,0.650,draft
συκωτον,συκωτόν,συκωτον,SUBSTANCE:1,false,,,1,1,1,AET_LM,Aetius,entries_full_v3,0.750,draft
συμπασα ποα,σύμπασα πόα,συμπασα ποα,SUBSTANCE_PART:1,true,,,1,1,1,ORIB_CM,Oribasius,entries_full_v3,0.850,draft
συμφυτον,σύμφυτον,συμφυτον,SUBSTANCE:11,false,,,5,11,11,AET_LM;DIOSC_DMM;GAL_SMT;ORIB_CM;PAUL_AEG,Aetius;Dioscorides;Galen;Oribasius;Paul,diosc_full_v3;entries_full_v3;paul_full_v3,0.806,draft
συμφυτον αλλο,σύμφυτον ἄλλο,συμφυτον αλλο,SUBSTANCE:1,true,συμφυτον,,1,1,1,DIOSC_DMM,Dioscorides,diosc_full_v3,0.760,draft
συμφυτον μεγα,σύμφυτον μέγα,συμφυτον μεγα,SUBSTANCE:3,true,συμφυτον,,3,3,3,GAL_SMT;ORIB_CM;PAUL_AEG,Galen;Oribasius;Paul,entries_full_v3;paul_full_v3,0.703,draft
συμφυτον πετραιον,σύμφυτον πετραῖον,συμφυτον πετραιον,SUBSTANCE:5,true,συμφυτον,,5,5,5,AET_LM;DIOSC_DMM;GAL_SMT;ORIB_CM;PAUL_AEG,Aetius;Dioscorides;Galen;Oribasius;Paul,diosc_full_v3;entries_full_v3;paul_full_v3,0.864,draft
συρεντινος,Συρεντῖνος,συρεντινος,SUBSTANCE:1,false,,,1,1,1,DIOSC_DMM,Dioscorides,diosc_full_v3,0.800,draft
συριακη,Συριακή,συριακη,SUBSTANCE:2,false,,συρια,2,2,2,DIOSC_DMM;GAL_SMT,Dioscorides;Galen,diosc_full_v3;entries_full_v3,0.650,draft
συριακη ναρδος,Συριακὴ νάρδος,συριακη ναρδος,SUBSTANCE:2,true,ναρδος,συριακη,2,2,2,DIOSC_DMM;GAL_SMT,Dioscorides;Galen,diosc_full_v3;entries_full_v3,0.785,draft
συριακος λιθος,Συριακός λίθος,συριακος λιθος,SUBSTANCE:1,true,λιθος,συρια,1,1,1,AET_LM,Aetius,entries_full_v3,0.850,draft
συριγγιας,συριγγίας,συριγγιας,SUBSTANCE:1,false,,,1,1,1,DIOSC_DMM,Dioscorides,diosc_full_v3,0.600,draft
συρικον,συρικόν,συρικον,SUBSTANCE:2,false,,,2,2,2,AET_LM;DIOSC_DMM,Aetius;Dioscorides,diosc_full_v3;entries_full_v3,0.675,draft
σφαγνον,σφάγνον,σφαγνον,SUBSTANCE:2,false,,,1,2,2,DIOSC_DMM,Dioscorides,diosc_full_v3,0.800,draft
σφαιρια,σφαιρία,σφαιρια,SUBSTANCE_PART:7,false,,,5,7,7,AET_LM;DIOSC_DMM;GAL_SMT;ORIB_CM;PAUL_AEG,Aetius;Dioscorides;Galen;Oribasius;Paul,diosc_full_v3;entries_full_v3;paul_full_v3,0.806,draft
σφεκλαριον,σφεκλάριον,σφεκλαριον,SUBSTANCE:1,false,,,1,1,1,PAUL_AEG,Paul,paul_full_v3,0.750,draft
σφεκλη,σφέκλη,σφεκλη,SUBSTANCE:1,false,,,1,1,1,PAUL_AEG,Paul,paul_full_v3,0.850,draft
σφεκλον,σφέκλον,σφεκλον,SUBSTANCE:1,false,,,1,1,1,PAUL_AEG,Paul,paul_full_v3,0.650,draft
σφονδυλιον,σφονδύλιον,σφονδυλιον,SUBSTANCE:6,false,,,3,6,6,DIOSC_DMM;ORIB_CM;PAUL_AEG,Dioscorides;Oribasius;Paul,diosc_full_v3;entries_full_v3;paul_full_v3,0.780,draft
σφονδυλοι,σφόνδυλοι,σφονδυλοι,SUBSTANCE_PART:1,false,,,1,1,1,DIOSC_DMM,Dioscorides,diosc_full_v3,0.800,draft
σφονδυλος,σφόνδυλος,σφονδυλος,SUBSTANCE:1,false,,,1,1,1,GAL_SMT,Galen,entries_full_v3,0.900,draft
σφραγις,σφραγίς,σφραγις,SUBSTANCE:2,false,,,2,2,2,AET_LM;GAL_SMT,Aetius;Galen,entries_full_v3,0.800,draft
σφραγις λημνια,σφραγὶς Λημνία,σφραγις λημνια,SUBSTANCE:1,true,σφραγις,,1,1,1,AET_LM,Aetius,entries_full_v3,0.850,draft
σχινανθος,σχινάνθος,σχινανθος,SUBSTANCE:1,false,,,1,1,1,AET_LM,Aetius,entries_full_v3,0.620,draft
σχινινη,σχινίνη,σχινινη,SUBSTANCE:6,false,,,4,6,6,AET_LM;DIOSC_DMM;GAL_SMT;ORIB_CM,Aetius;Dioscorides;Galen;Oribasius,diosc_full_v3;entries_full_v3,0.852,draft
σχινινον,σχίνινον,σχινινον,SUBSTANCE:4,false,,,2,4,4,AET_LM;GAL_SMT,Aetius;Galen,entries_full_v3,0.647,draft
σχινινον ελαιον,σχίνινον ἔλαιον,σχινινον ελαιον,SUBSTANCE:3,true,ελαιον,,3,3,3,DIOSC_DMM;GAL_SMT;PAUL_AEG,Dioscorides;Galen;Paul,diosc_full_v3;entries_full_v3;paul_full_v3,0.773,draft
σχινινος,σχίνινος,σχινινος,SUBSTANCE:2,false,,,2,2,2,DIOSC_DMM;ORIB_CM,Dioscorides;Oribasius,diosc_full_v3;entries_full_v3,0.780,draft
σχινος,σχῖνος,σχινος,SUBSTANCE:18,false,,,5,18,18,AET_LM;DIOSC_DMM;GAL_SMT;ORIB_CM;PAUL_AEG,Aetius;Dioscorides;Galen;Oribasius;Paul,diosc_full_v3;entries_full_v3;paul_full_v3,0.822,draft
σχινου ανθος,σχίνου ἄνθος,σχινου ανθος,SUBSTANCE_PART:1,true,,,1,1,1,GAL_SMT,Galen,entries_full_v3,0.950,draft
σχιστη,σχιστή,σχιστη,SUBSTANCE:1,false,,,1,1,1,DIOSC_DMM,Dioscorides,diosc_full_v3,0.450,draft
σχιστη στυπτηρια,σχιστὴ στυπτηρία,σχιστη στυπτηρια,SUBSTANCE:1,true,στυπτηρια,,1,1,1,DIOSC_DMM,Dioscorides,diosc_full_v3,0.720,draft
σχιστον γαλα,σχιστὸν γάλα,σχιστον γαλα,SUBSTANCE:1,true,γαλα,,1,1,1,PAUL_AEG,Paul,paul_full_v3,0.650,draft
σχιστος,σχιστός,σχιστος,SUBSTANCE:11,false,,,5,11,11,AET_LM;DIOSC_DMM;GAL_SMT;ORIB_CM;PAUL_AEG,Aetius;Dioscorides;Galen;Oribasius;Paul,diosc_full_v3;entries_full_v3;paul_full_v3,0.771,draft
σχιστος λιθος,σχιστὸς λίθος,σχιστος λιθος,SUBSTANCE:2,true,λιθος,ιβηρια,1,2,2,DIOSC_DMM,Dioscorides,diosc_full_v3,0.850,draft
σχοινος,σχοῖνος,σχοινος,SUBSTANCE:31,false,,,5,31,31,AET_LM;DIOSC_DMM;GAL_SMT;ORIB_CM;PAUL_AEG,Aetius;Dioscorides;Galen;Oribasius;Paul,diosc_full_v3;entries_full_v3;paul_full_v3,0.829,draft
σχοινος αραβικη,σχοῖνος Ἀραβική,σχοινος αραβικη,SUBSTANCE:1,true,σχοινος,αραβια,1,1,1,DIOSC_DMM,Dioscorides,diosc_full_v3,0.840,draft
σχοινος ελεια,σχοῖνος ἑλεία,σχοινος ελεια,SUBSTANCE:1,true,σχοινος,,1,1,1,DIOSC_DMM,Dioscorides,diosc_full_v3,0.850,draft
σχοινος ελειος,σχοῖνος ἑλεῖος,σχοινος ελειος,SUBSTANCE:1,true,σχοινος,,1,1,1,PAUL_AEG,Paul,paul_full_v3,0.880,draft
σχοινος λειος,σχοῖνος λεῖος,σχοινος λειος,SUBSTANCE:2,true,σχοινος,,2,2,2,AET_LM;ORIB_CM,Aetius;Oribasius,entries_full_v3,0.675,draft
σχοινου ανθος,Σχοίνου ἄνθος,σχοινου ανθος,SUBSTANCE_PART:3,true,,,3,3,3,AET_LM;ORIB_CM;PAUL_AEG,Aetius;Oribasius;Paul,entries_full_v3;paul_full_v3,0.933,draft
σχοινου ανθους,σχοίνου ἄνθους,σχοινου ανθους,SUBSTANCE_PART:5,true,,,2,5,5,AET_LM;DIOSC_DMM,Aetius;Dioscorides,diosc_full_v3;entries_full_v3,0.860,draft
σωμα,σῶμα,σωμα,SUBSTANCE:1;SUBSTANCE_PART:2,false,,,3,3,3,GAL_SMT;ORIB_CM;PAUL_AEG,Galen;Oribasius;Paul,entries_full_v3;paul_full_v3,0.750,draft
σωρευς,σώρευς,σωρευς,SUBSTANCE:1,false,,,1,1,1,PAUL_AEG,Paul,paul_full_v3,0.600,draft
σωρι,σῶρι,σωρι,SUBSTANCE:7,false,,κυπρος,4,7,7,AET_LM;DIOSC_DMM;ORIB_CM;PAUL_AEG,Aetius;Dioscorides;Oribasius;Paul,diosc_full_v3;entries_full_v3;paul_full_v3,0.837,draft
σωρι αιγυπτιον,σῶρι Αἰγύπτιον,σωρι αιγυπτιον,SUBSTANCE:1,true,σωρι,αιγυπτος,1,1,1,DIOSC_DMM,Dioscorides,diosc_full_v3,0.700,draft
σωρις,σῶρις,σωρις,SUBSTANCE:1,false,,,1,1,1,DIOSC_DMM,Dioscorides,diosc_full_v3,0.680,draft
σωρυ,σῶρυ,σωρυ,SUBSTANCE:2,false,,,1,2,2,GAL_SMT,Galen,entries_full_v3,0.775,draft
σωσανδρον,σώσανδρον,σωσανδρον,SUBSTANCE:1,false,,,1,1,1,DIOSC_DMM,Dioscorides,diosc_full_v3,0.750,draft
τα ανθη,τὰ ἄνθη,τα ανθη,SUBSTANCE_PART:4,true,,,3,4,4,AET_LM;DIOSC_DMM;GAL_SMT,Aetius;Dioscorides;Galen,diosc_full_v3;entries_full_v3,0.802,draft
τα απαλα φυλλα της μελαινης μυρσινης αγριας,τὰ ἁπαλὰ φύλλα τῆς μελαίνης μυρσίνης ἀγρίας,τα απαλα φυλλα της μελαινης μυρσινης αγριας,SUBSTANCE_PART:1,true,,,1,1,1,DIOSC_DMM,Dioscorides,diosc_full_v3,0.700,draft
τα απαλα φυλλα της μελαινης μυρσινης ημερου,τὰ ἁπαλὰ φύλλα τῆς μελαίνης μυρσίνης ἡμέρου,τα απαλα φυλλα της μελαινης μυρσινης ημερου,SUBSTANCE_PART:1,true,,,1,1,1,DIOSC_DMM,Dioscorides,diosc_full_v3,0.650,draft
τα γιγαρτα,τὰ γίγαρτα,τα γιγαρτα,SUBSTANCE_PART:1,false,,,1,1,1,PAUL_AEG,Paul,paul_full_v3,0.820,draft
τα δε ανθη αυτου,τὰ δὲ ἄνθη αὐτοῦ,τα δε ανθη αυτου,SUBSTANCE_PART:1,false,,,1,1,1,GAL_SMT,Galen,entries_full_v3,0.880,draft
τα δε φυλλα,τὰ δὲ φύλλα,τα δε φυλλα,SUBSTANCE_PART:4,true,,,3,4,4,AET_LM;DIOSC_DMM;PAUL_AEG,Aetius;Dioscorides;Paul,diosc_full_v3;entries_full_v3;paul_full_v3,0.833,draft
τα δε χλωρα των φυλλων,τὰ δὲ χλωρὰ τῶν φύλλων,τα δε χλωρα των φυλλων,SUBSTANCE_PART:1,true,,,1,1,1,DIOSC_DMM,Dioscorides,diosc_full_v3,0.750,draft
τα εντος,τὰ ἐντὸς,τα εντος,SUBSTANCE_PART:1,true,,,1,1,1,PAUL_AEG,Paul,paul_full_v3,0.820,draft
τα καθυγρα των ελκων,τὰ κάθυγρα τῶν ἑλκῶν,τα καθυγρα των ελκων,SUBSTANCE_PART:1,true,,,1,1,1,PAUL_AEG,Paul,paul_full_v3,0.400,draft
τα λεμματα,τὰ λέμματα,τα λεμματα,SUBSTANCE_PART:2,true,,,2,2,2,AET_LM;PAUL_AEG,Aetius;Paul,entries_full_v3;paul_full_v3,0.765,draft
τα μεν φυλλα,τὰ μὲν φύλλα,τα μεν φυλλα,SUBSTANCE_PART:1,false,,,1,1,1,PAUL_AEG,Paul,paul_full_v3,0.830,draft
τα μηλα,τὰ μῆλα,τα μηλα,SUBSTANCE_PART:2,true,,,2,2,2,DIOSC_DMM;PAUL_AEG,Dioscorides;Paul,diosc_full_v3;paul_full_v3,0.850,draft
τα περι τους νεφρους,τὰ περὶ τοὺς νεφροὺς,τα περι τους νεφρους,SUBSTANCE_PART:1,true,,,1,1,1,PAUL_AEG,Paul,paul_full_v3,0.800,draft
τα περι τους νεφρους των σκιγκων,τὰ περὶ τοὺς νεφροὺς τῶν σκίγκων,τα περι τους νεφρους των σκιγκων,SUBSTANCE_PART:1,true,,,1,1,1,GAL_SMT,Galen,entries_full_v3,0.700,draft
τα πεταλα,τὰ πέταλα,τα πεταλα,SUBSTANCE_PART:1,false,,,1,1,1,DIOSC_DMM,Dioscorides,diosc_full_v3,0.900,draft
τα σφαιρια,τὰ σφαιρία,τα σφαιρια,SUBSTANCE_PART:1,true,,,1,1,1,PAUL_AEG,Paul,paul_full_v3,0.750,draft
τα τε φυλλα,τὰ τε φύλλα,τα τε φυλλα,SUBSTANCE_PART:1,true,,,1,1,1,PAUL_AEG,Paul,paul_full_v3,0.820,draft
τα της μαλαχης,τὰ τῆς μαλάχης,τα της μαλαχης,SUBSTANCE_PART:3,true,,,3,3,3,AET_LM;GAL_SMT;PAUL_AEG,Aetius;Galen;Paul,entries_full_v3;paul_full_v3,0.703,draft
τα τρυφερα των φυλλων,τά τρυφερὰ τῶν φύλλων,τα τρυφερα των φυλλων,SUBSTANCE_PART:1,true,,,1,1,1,DIOSC_DMM,Dioscorides,diosc_full_v3,0.860,draft
τα των ανθρωπων,τὰ τῶν ἀνθρώπων,τα των ανθρωπων,SUBSTANCE_PART:1,true,,,1,1,1,PAUL_AEG,Paul,paul_full_v3,0.600,draft
τα φυλλα,τὰ φύλλα,τα φυλλα,SUBSTANCE_PART:21,true,,,5,21,21,AET_LM;DIOSC_DMM;GAL_SMT;ORIB_CM;PAUL_AEG,Aetius;Dioscorides;Galen;Oribasius;Paul,diosc_full_v3;entries_full_v3;paul_full_v3,0.859,draft
τα φυλλα αυτης,τὰ φύλλα αὐτῆς,τα φυλλα αυτης,SUBSTANCE_PART:2,true,,,1,2,2,PAUL_AEG,Paul,paul_full_v3,0.830,draft
τα φυλλα αυτου,τὰ φύλλα αὐτοῦ,τα φυλλα αυτου,SUBSTANCE_PART:1,true,φυλλον,προσωπιτις,1,1,1,PAUL_AEG,Paul,paul_full_v3,0.900,draft
τα φυλλα αυτου τα χλωρα,τὰ φύλλα αὐτοῦ τὰ χλωρά,τα φυλλα αυτου τα χλωρα,SUBSTANCE_PART:1,true,,,1,1,1,PAUL_AEG,Paul,paul_full_v3,0.740,draft
τα φυλλα δε του δενδρου,τὰ φύλλα δὲ τοῦ δένδρου,τα φυλλα δε του δενδρου,SUBSTANCE_PART:1,true,,,1,1,1,PAUL_AEG,Paul,paul_full_v3,0.840,draft
τα χλωρα φυλλα,τὰ χλωρὰ φύλλα,τα χλωρα φυλλα,SUBSTANCE_PART:1,true,,,1,1,1,PAUL_AEG,Paul,paul_full_v3,0.850,draft
ταγγον καρυον,ταγγὸν κάρυον,ταγγον καρυον,SUBSTANCE:1,true,καρυον,,1,1,1,PAUL_AEG,Paul,paul_full_v3,0.650,draft
ταξος,τάξος,ταξος,SUBSTANCE:2,false,,,2,2,2,DIOSC_DMM;GAL_SMT,Dioscorides;Galen,diosc_full_v3;entries_full_v3,0.810,draft
ταργανον,τάργανον,ταργανον,SUBSTANCE:1,false,,,1,1,1,DIOSC_DMM,Dioscorides,diosc_full_v3,0.700,draft
ταριχηρα τελλινα,ταρίχηρα τελλίνα,ταριχηρα τελλινα,SUBSTANCE:1,true,τελλινα,,1,1,1,GAL_SMT,Galen,entries_full_v3,0.800,draft
ταριχηρος σιλουρος,ταριχηρὸς σίλουρος,ταριχηρος σιλουρος,SUBSTANCE:1,true,σιλουρος,,1,1,1,DIOSC_DMM,Dioscorides,diosc_full_v3,0.880,draft
ταριχηρος υειος,ταριχηρὸς ὕειος,ταριχηρος υειος,SUBSTANCE:1,true,υειος,,1,1,1,DIOSC_DMM,Dioscorides,diosc_full_v3,0.700,draft
ταριχος,τάριχος,ταριχος,SUBSTANCE:5,false,,ποντος,4,5,5,AET_LM;DIOSC_DMM;GAL_ALIM;PAUL_AEG,Aetius;Dioscorides;Galen;Paul,diosc_full_v3;entries_full_v3;paul_full_v3,0.688,draft
τας ριζας,τὰς ῥίζας,τας ριζας,SUBSTANCE_PART:1,true,,,1,1,1,DIOSC_DMM,Dioscorides,diosc_full_v3,0.750,draft
τατταιος,Τατταῖος,τατταιος,SUBSTANCE:1,false,,,1,1,1,DIOSC_DMM,Dioscorides,diosc_full_v3,0.680,draft
ταυρεια,ταυρεία,ταυρεια,SUBSTANCE_PART:1,false,,,1,1,1,DIOSC_DMM,Dioscorides,diosc_full_v3,0.720,draft
ταυρειον,ταύρειον,ταυρειον,SUBSTANCE:1,false,,,1,1,1,DIOSC_DMM,Dioscorides,diosc_full_v3,0.740,draft
ταυρειον αιμα,ταύρειον αἷμα,ταυρειον αιμα,SUBSTANCE:1,true,αιμα,,1,1,1,DIOSC_DMM,Dioscorides,diosc_full_v3,0.850,draft
ταυρειον στεαρ,ταύρειον στέαρ,ταυρειον στεαρ,SUBSTANCE:1,true,στεαρ,,1,1,1,GAL_SMT,Galen,entries_full_v3,0.880,draft
ταυρειος,ταύρειος,ταυρειος,SUBSTANCE:1,false,,,1,1,1,DIOSC_DMM,Dioscorides,diosc_full_v3,0.720,draft
ταυροκολλα,ταυρόκολλα,ταυροκολλα,SUBSTANCE:5,false,,,3,5,5,AET_LM;DIOSC_DMM;PAUL_AEG,Aetius;Dioscorides;Paul,diosc_full_v3;entries_full_v3;paul_full_v3,0.860,draft
ταυρος,ταῦρος,ταυρος,SUBSTANCE:1,false,,,1,1,1,AET_LM,Aetius,entries_full_v3,0.750,draft
ταυρων,ταύρων,ταυρων,SUBSTANCE_PART:1,false,,,1,1,1,PAUL_AEG,Paul,paul_full_v3,0.660,draft
ταυτης ο καρπος,ταύτης ὁ καρπός,ταυτης ο καρπος,SUBSTANCE_PART:1,true,,,1,1,1,AET_LM,Aetius,entries_full_v3,0.800,draft
ταως,ταώς,ταως,SUBSTANCE:1,false,,,1,1,1,AET_LM,Aetius,entries_full_v3,0.800,draft
τελειον πεπερι,τέλειον πέπερι,τελειον πεπερι,SUBSTANCE:1,true,πεπερι,,1,1,1,DIOSC_DMM,Dioscorides,diosc_full_v3,0.860,draft
τελλινα,τελλῖνα,τελλινα,SUBSTANCE:4,false,,,4,4,4,AET_LM;DIOSC_DMM;GAL_SMT;PAUL_AEG,Aetius;Dioscorides;Galen;Paul,diosc_full_v3;entries_full_v3;paul_full_v3,0.682,draft
τελλινα νεαρα,τελλῖνα νεαρά,τελλινα νεαρα,SUBSTANCE:1,true,τελλινα,,1,1,1,DIOSC_DMM,Dioscorides,diosc_full_v3,0.750,draft
τελλινα ταριχηρα,τελλῖνα ταριχηρά,τελλινα ταριχηρα,SUBSTANCE:2,true,τελλινα,,2,2,2,AET_LM;PAUL_AEG,Aetius;Paul,entries_full_v3;paul_full_v3,0.575,draft
τελλινη,τελλίνη,τελλινη,SUBSTANCE:1,false,,,1,1,1,PAUL_AEG,Paul,paul_full_v3,0.700,draft
τερεβινθη,τερεβίνθη,τερεβινθη,SUBSTANCE:1,false,,,1,1,1,AET_LM,Aetius,entries_full_v3,0.800,draft
τερεβινθινη,τερεβινθίνη,τερεβινθινη,SUBSTANCE:10,false,,,3,10,10,AET_LM;DIOSC_DMM;PAUL_AEG,Aetius;Dioscorides;Paul,diosc_full_v3;entries_full_v3;paul_full_v3,0.838,draft
τερεβινθινος,τερεβίνθινος,τερεβινθινος,SUBSTANCE:1,false,,,1,1,1,DIOSC_DMM,Dioscorides,diosc_full_v3,0.700,draft
τερεβινθος,τερέβινθος,τερεβινθος,SUBSTANCE:2,false,,,2,2,2,AET_LM;DIOSC_DMM,Aetius;Dioscorides,diosc_full_v3;entries_full_v3,0.760,draft
τερμινθη,τερμίνθη,τερμινθη,SUBSTANCE:1,false,,,1,1,1,GAL_SMT,Galen,entries_full_v3,0.850,draft
τερμινθινη,τερμινθίνη,τερμινθινη,SUBSTANCE:5,false,,,3,5,5,DIOSC_DMM;GAL_SMT;ORIB_CM,Dioscorides;Galen;Oribasius,diosc_full_v3;entries_full_v3,0.912,draft
τερμινθινη ρητινη,τερμινθίνη ῥητίνη,τερμινθινη ρητινη,SUBSTANCE:2,true,ρητινη,,2,2,2,DIOSC_DMM;GAL_SMT,Dioscorides;Galen,diosc_full_v3;entries_full_v3,0.840,draft
τερμινθινον,τερμίνθινον,τερμινθινον,SUBSTANCE:1,false,,,1,1,1,GAL_SMT,Galen,entries_full_v3,0.840,draft
τερμινθινος,τερμίνθινος,τερμινθινος,SUBSTANCE:1,false,,,1,1,1,ORIB_CM,Oribasius,entries_full_v3,0.860,draft
τερμινθος,τέρμινθος,τερμινθος,SUBSTANCE:8,false,,,5,8,8,DIOSC_DMM;GAL_ALIM;GAL_SMT;ORIB_CM;PAUL_AEG,Dioscorides;Galen;Oribasius;Paul,diosc_full_v3;entries_full_v3;paul_full_v3,0.880,draft
τεταρτη,τετάρτη,τεταρτη,SUBSTANCE:1,false,,,1,1,1,PAUL_AEG,Paul,paul_full_v3,0.600,draft
τεττιξ,τέττιξ,τεττιξ,SUBSTANCE:4,false,,,4,4,4,AET_LM;DIOSC_DMM;GAL_SMT;PAUL_AEG,Aetius;Dioscorides;Galen;Paul,diosc_full_v3;entries_full_v3;paul_full_v3,0.883,draft
τεττιξ απτος,τέττιξ ἁπτός,τεττιξ απτος,SUBSTANCE:1,true,τεττιξ,,1,1,1,DIOSC_DMM,Dioscorides,diosc_full_v3,0.850,draft
τεττιξ ξηρος,τέττιξ ξηρός,τεττιξ ξηρος,SUBSTANCE:2,true,τεττιξ,,2,2,2,AET_LM;GAL_SMT,Aetius;Galen,entries_full_v3,0.750,draft
τευθαλλις,τευθαλλίς,τευθαλλις,SUBSTANCE:1,false,,,1,1,1,DIOSC_DMM,Dioscorides,diosc_full_v3,0.700,draft
τευθις,τεῦθις,τευθις,SUBSTANCE:2,false,,,2,2,2,AET_LM;DIOSC_DMM,Aetius;Dioscorides,diosc_full_v3;entries_full_v3,0.700,draft
τευθριον,τεύθριον,τευθριον,SUBSTANCE:2,false,,,1,2,2,DIOSC_DMM,Dioscorides,diosc_full_v3,0.825,draft
τευκριον,Τεύκριον,τευκριον,SUBSTANCE:4,false,,,4,4,4,DIOSC_DMM;GAL_SMT;ORIB_CM;PAUL_AEG,Dioscorides;Galen;Oribasius;Paul,diosc_full_v3;entries_full_v3;paul_full_v3,0.838,draft
τευκριος,τεύκριος,τευκριος,SUBSTANCE:1,false,,,1,1,1,PAUL_AEG,Paul,paul_full_v3,0.900,draft
τευριον,Τεύριον,τευριον,SUBSTANCE:1,false,,,1,1,1,DIOSC_DMM,Dioscorides,diosc_full_v3,0.950,draft
τευτλον,τεῦτλον,τευτλον,SUBSTANCE:16,false,,,6,16,16,AET_LM;DIOSC_DMM;GAL_ALIM;GAL_SMT;ORIB_CM;PAUL_AEG,Aetius;Dioscorides;Galen;Oribasius;Paul,diosc_full_v3;entries_full_v3;paul_full_v3,0.796,draft
τευτλον αγριον,τεύτλον ἄγριον,τευτλον αγριον,SUBSTANCE:1,true,τευτλον,,1,1,1,DIOSC_DMM,Dioscorides,diosc_full_v3,0.800,draft
τευχιτις,τευχῖτις,τευχιτις,SUBSTANCE:1,false,,,1,1,1,DIOSC_DMM,Dioscorides,diosc_full_v3,0.450,draft
τεφρα,τέφρα,τεφρα,SUBSTANCE:8,false,,,4,8,8,AET_LM;DIOSC_DMM;ORIB_CM;PAUL_AEG,Aetius;Dioscorides;Oribasius;Paul,diosc_full_v3;entries_full_v3;paul_full_v3,0.866,draft
τεφρα κληματινη,τέφρα κληματίνη,τεφρα κληματινη,SUBSTANCE:1,true,τεφρα,,1,1,1,DIOSC_DMM,Dioscorides,diosc_full_v3,0.900,draft
τεφρα τιτανου,τέφρα τίτανου,τεφρα τιτανου,SUBSTANCE:1,true,τεφρα,,1,1,1,PAUL_AEG,Paul,paul_full_v3,0.850,draft
τη ριζη,τῇ ῥίζῃ,τη ριζη,SUBSTANCE_PART:1,false,,,1,1,1,PAUL_AEG,Paul,paul_full_v3,0.800,draft
τη του δαυκου (ριζη),τῇ τοῦ δαύκου (ῥίζῃ),τη του δαυκου (ριζη),SUBSTANCE_PART:1,true,,,1,1,1,PAUL_AEG,Paul,paul_full_v3,0.650,draft
τη του χαλκου λεπιδι,τῇ τοῦ χαλκοῦ λεπίδι,τη του χαλκου λεπιδι,SUBSTANCE_PART:1,true,,,1,1,1,DIOSC_DMM,Dioscorides,diosc_full_v3,0.750,draft
τηκολιθος,τηκόλιθος,τηκολιθος,SUBSTANCE:2,false,,,2,2,2,AET_LM;PAUL_AEG,Aetius;Paul,entries_full_v3;paul_full_v3,0.875,draft
τηλεος,τήλεος,τηλεος,SUBSTANCE:2,false,,,1,2,2,AET_LM,Aetius,entries_full_v3,0.550,draft
τηλεφιον,τηλέφιον,τηλεφιον,SUBSTANCE:4,false,,,4,4,4,DIOSC_DMM;GAL_SMT;ORIB_CM;PAUL_AEG,Dioscorides;Galen;Oribasius;Paul,diosc_full_v3;entries_full_v3;paul_full_v3,0.907,draft
τηλεφωνιον,τηλεφώνιον,τηλεφωνιον,SUBSTANCE:1,false,,,1,1,1,DIOSC_DMM,Dioscorides,diosc_full_v3,0.800,draft
τηλεως,τήλεως,τηλεως,SUBSTANCE:5,false,,,2,5,5,AET_LM;DIOSC_DMM,Aetius;Dioscorides,diosc_full_v3;entries_full_v3,0.600,draft
τηλεως αλευρον,τήλεως ἄλευρον,τηλεως αλευρον,SUBSTANCE:1,true,αλευρον,,1,1,1,DIOSC_DMM,Dioscorides,diosc_full_v3,0.750,draft
τηλη,τήλη,τηλη,SUBSTANCE:1,false,,,1,1,1,DIOSC_DMM,Dioscorides,diosc_full_v3,0.600,draft
τηλινον αλευρον,τηλῖνον ἄλευρον,τηλινον αλευρον,SUBSTANCE:3,true,αλευρον,,1,3,3,DIOSC_DMM,Dioscorides,diosc_full_v3,0.757,draft
τηλις,τῆλις,τηλις,SUBSTANCE:16,false,,,6,16,16,AET_LM;DIOSC_DMM;GAL_ALIM;GAL_SMT;ORIB_CM;PAUL_AEG,Aetius;Dioscorides;Galen;Oribasius;Paul,diosc_full_v3;entries_full_v3;paul_full_v3,0.699,draft
τηλις αλευρον,τῆλις ἄλευρον,τηλις αλευρον,SUBSTANCE:1,true,αλευρον,,1,1,1,AET_LM,Aetius,entries_full_v3,0.750,draft
την δε της φηνης του ορνεου κοιλιαν,τὴν δὲ τῆς φήνης τοῦ ὀρνέου κοιλίαν,την δε της φηνης του ορνεου κοιλιαν,SUBSTANCE_PART:1,true,,,1,1,1,PAUL_AEG,Paul,paul_full_v3,0.860,draft
την ριζαν,τὴν ῥίζαν,την ριζαν,SUBSTANCE_PART:3,true,,,2,3,3,DIOSC_DMM;PAUL_AEG,Dioscorides;Paul,diosc_full_v3;paul_full_v3,0.867,draft
την ριζαν αυτου,τὴν ῥίζαν αὐτοῦ,την ριζαν αυτου,SUBSTANCE_PART:1,true,,,1,1,1,PAUL_AEG,Paul,paul_full_v3,0.740,draft
την ριζαν αχρηστον,τὴν ῥίζαν ἄχρηστον,την ριζαν αχρηστον,SUBSTANCE_PART:1,true,,,1,1,1,PAUL_AEG,Paul,paul_full_v3,0.780,draft
την σαρκα,τὴν σάρκα,την σαρκα,SUBSTANCE_PART:1,false,,,1,1,1,DIOSC_DMM,Dioscorides,diosc_full_v3,0.850,draft
της γλωττης η ιδια σαρξ,τῆς γλώττης ἡ ἰδία σάρξ,της γλωττης η ιδια σαρξ,SUBSTANCE_PART:1,true,,,1,1,1,AET_LM,Aetius,entries_full_v3,0.780,draft
της δε ελασσονος (ριζης),τῆς δὲ ἐλάσσονος (ῥίζης),της δε ελασσονος (ριζης),SUBSTANCE_PART:1,true,,,1,1,1,PAUL_AEG,Paul,paul_full_v3,0.720,draft
της δε ριζης ο φλοιος,τῆς δὲ ῥίζης ὁ φλοιός,της δε ριζης ο φλοιος,SUBSTANCE_PART:1,true,,,1,1,1,DIOSC_DMM,Dioscorides,diosc_full_v3,0.900,draft
της δε ριζης της πρινου φλοιος,τῆς δὲ ῥίζης τῆς πρίνου φλοιός,της δε ριζης της πρινου φλοιος,SUBSTANCE_PART:1,true,,,1,1,1,DIOSC_DMM,Dioscorides,diosc_full_v3,0.840,draft
της ημερου ελαιας φυλλα,τῆς ἡμέρου ἐλαίας φύλλα,της ημερου ελαιας φυλλα,SUBSTANCE_PART:1,true,,,1,1,1,DIOSC_DMM,Dioscorides,diosc_full_v3,0.860,draft
της κεφαλης,τῆς κεφαλῆς,της κεφαλης,SUBSTANCE_PART:1,false,,,1,1,1,PAUL_AEG,Paul,paul_full_v3,0.740,draft
της κολοκυνθης,τῆς κολοκύνθης,της κολοκυνθης,SUBSTANCE_PART:1,false,,,1,1,1,GAL_SMT,Galen,entries_full_v3,0.450,draft
της λεπιδος αυτου,τῆς λεπίδος αὐτοῦ,της λεπιδος αυτου,SUBSTANCE_PART:1,true,,,1,1,1,PAUL_AEG,Paul,paul_full_v3,0.830,draft
της μεν μειζονος (ριζης),τῆς μὲν μείζονος (ῥίζης),της μεν μειζονος (ριζης),SUBSTANCE_PART:1,true,,,1,1,1,PAUL_AEG,Paul,paul_full_v3,0.720,draft
της οιον σαρκος αυτων,τῆς οἷον σαρκὸς αὐτῶν,της οιον σαρκος αυτων,SUBSTANCE_PART:1,true,,,1,1,1,PAUL_AEG,Paul,paul_full_v3,0.780,draft
της ποας,τῆς πόας,της ποας,SUBSTANCE_PART:1,true,,,1,1,1,AET_LM,Aetius,entries_full_v3,0.620,draft
της ποας αυτης,τῆς πόας αὐτῆς,της ποας αυτης,SUBSTANCE_PART:1,true,,,1,1,1,DIOSC_DMM,Dioscorides,diosc_full_v3,0.850,draft
της ριζης,τῆς ῥίζης,της ριζης,SUBSTANCE_PART:4,true,,,4,4,4,AET_LM;DIOSC_DMM;GAL_SMT;PAUL_AEG,Aetius;Dioscorides;Galen;Paul,diosc_full_v3;entries_full_v3;paul_full_v3,0.750,draft
της ριζης φλοιος,τῆς ῥίζης φλοιός,της ριζης φλοιος,SUBSTANCE_PART:2,true,,,2,2,2,DIOSC_DMM;PAUL_AEG,Dioscorides;Paul,diosc_full_v3;paul_full_v3,0.820,draft
τιθυμαλλις,τιθυμαλλίς,τιθυμαλλις,SUBSTANCE:1,false,,,1,1,1,DIOSC_DMM,Dioscorides,diosc_full_v3,0.780,draft
τιθυμαλλον,τιθύμαλλον,τιθυμαλλον,SUBSTANCE:2,false,,,2,2,2,DIOSC_DMM;GAL_ALIM,Dioscorides;Galen,diosc_full_v3;entries_full_v3,0.725,draft
τιθυμαλλος,τιθύμαλλος,τιθυμαλλος,SUBSTANCE:25,false,,,5,25,25,AET_LM;DIOSC_DMM;GAL_SMT;ORIB_CM;PAUL_AEG,Aetius;Dioscorides;Galen;Oribasius;Paul,diosc_full_v3;entries_full_v3;paul_full_v3,0.858,draft
τιταν,τιτάν,τιταν,SUBSTANCE:1,false,,,1,1,1,DIOSC_DMM,Dioscorides,diosc_full_v3,0.800,draft
τιτανος,τίτανος,τιτανος,SUBSTANCE:10,false,,,5,10,10,AET_LM;DIOSC_DMM;GAL_SMT;ORIB_CM;PAUL_AEG,Aetius;Dioscorides;Galen;Oribasius;Paul,diosc_full_v3;entries_full_v3;paul_full_v3,0.781,draft
τιτανος ασβεστος,τίτανος ἄσβεστος,τιτανος ασβεστος,SUBSTANCE:1,true,τιτανος,,1,1,1,ORIB_CM,Oribasius,entries_full_v3,0.750,draft
τιτανος σβεσθεισα,τίτανος σβεσθεῖσα,τιτανος σβεσθεισα,SUBSTANCE:1,true,τιτανος,,1,1,1,ORIB_CM,Oribasius,entries_full_v3,0.650,draft
το αιμα των χλωρων βατραχων των μικρων,τὸ αἷμα τῶν χλωρῶν βατράχων τῶν μικρῶν,το αιμα των χλωρων βατραχων των μικρων,SUBSTANCE_PART:1,true,,,1,1,1,GAL_SMT,Galen,entries_full_v3,0.850,draft
το ανθος,τὸ ἄνθος,το ανθος,SUBSTANCE_PART:3,true,,,2,3,3,GAL_SMT;PAUL_AEG,Galen;Paul,entries_full_v3;paul_full_v3,0.843,draft
το δακρυον αυτης,τὸ δάκρυον αὐτῆς,το δακρυον αυτης,SUBSTANCE_PART:1,true,,,1,1,1,DIOSC_DMM,Dioscorides,diosc_full_v3,0.780,draft
το δακρυον αυτου,τὸ δάκρυον αὐτοῦ,το δακρυον αυτου,SUBSTANCE_PART:1,false,,,1,1,1,GAL_SMT,Galen,entries_full_v3,0.880,draft
το δακρυον της αιθιοπικης ελαιας,τὸ δάκρυον τῆς Αἰθιοπικῆς ἐλαίας,το δακρυον της αιθιοπικης ελαιας,SUBSTANCE_PART:1,true,,αιθιοπια,1,1,1,DIOSC_DMM,Dioscorides,diosc_full_v3,0.880,draft
το δε ανθος αυτων,τὸ δὲ ἄνθος αὐτῶν,το δε ανθος αυτων,SUBSTANCE_PART:1,true,,,1,1,1,PAUL_AEG,Paul,paul_full_v3,0.920,draft
το δε σπερμα,τὸ δὲ σπέρμα,το δε σπερμα,SUBSTANCE_PART:4,true,,,2,4,4,DIOSC_DMM;PAUL_AEG,Dioscorides;Paul,diosc_full_v3;paul_full_v3,0.865,draft
το δε της ασσιας πετρας ανθος,τὸ δὲ τῆς Ἀσσίας πέτρας ἄνθος,το δε της ασσιας πετρας ανθος,SUBSTANCE_PART:1,true,,ασια,1,1,1,PAUL_AEG,Paul,paul_full_v3,0.800,draft
το δε της γλαυκος,τὸ δὲ τῆς γλαυκὸς,το δε της γλαυκος,SUBSTANCE_PART:1,true,,,1,1,1,PAUL_AEG,Paul,paul_full_v3,0.740,draft
το δε της εχεως,τὸ δὲ τῆς ἔχεως,το δε της εχεως,SUBSTANCE_PART:1,true,,,1,1,1,PAUL_AEG,Paul,paul_full_v3,0.820,draft
το δε των αιγων,τὸ δὲ τῶν αἰγῶν,το δε των αιγων,SUBSTANCE_PART:1,true,,,1,1,1,PAUL_AEG,Paul,paul_full_v3,0.800,draft
το δε των αρκτων,τὸ δὲ τῶν ἄρκτων,το δε των αρκτων,SUBSTANCE_PART:1,true,,,1,1,1,PAUL_AEG,Paul,paul_full_v3,0.700,draft
το δε των αρνων,τὸ δὲ τῶν ἀρνῶν,το δε των αρνων,SUBSTANCE_PART:1,true,,,1,1,1,PAUL_AEG,Paul,paul_full_v3,0.650,draft
το δε των εριφων,τὸ δὲ τῶν ἐρίφων,το δε των εριφων,SUBSTANCE_PART:1,true,,,1,1,1,PAUL_AEG,Paul,paul_full_v3,0.780,draft
το δε των κατοικιδιων ορνιθων,τὸ δὲ τῶν κατοικιδίων ὀρνίθων,το δε των κατοικιδιων ορνιθων,SUBSTANCE_PART:1,true,,,1,1,1,PAUL_AEG,Paul,paul_full_v3,0.680,draft
το δε των νυκτεριδων,τὸ δὲ τῶν νυκτερίδων,το δε των νυκτεριδων,SUBSTANCE_PART:1,true,,,1,1,1,PAUL_AEG,Paul,paul_full_v3,0.760,draft
το δε των οχευτων ιππων,τὸ δὲ τῶν ὀχευτῶν ἵππων,το δε των οχευτων ιππων,SUBSTANCE_PART:1,true,,,1,1,1,PAUL_AEG,Paul,paul_full_v3,0.700,draft
το δε των περιστερων,τὸ δὲ τῶν περιστερῶν,το δε των περιστερων,SUBSTANCE_PART:1,true,,,1,1,1,PAUL_AEG,Paul,paul_full_v3,0.780,draft
το δε υφος αυτης,τὸ δὲ ὕφος αὐτῆς,το δε υφος αυτης,SUBSTANCE_PART:1,false,,,1,1,1,PAUL_AEG,Paul,paul_full_v3,0.820,draft
το ενδον,τὸ ἔνδον,το ενδον,SUBSTANCE_PART:1,false,,,1,1,1,PAUL_AEG,Paul,paul_full_v3,0.740,draft
το ενδον αυτης,τὸ ἔνδον αὐτῆς,το ενδον αυτης,SUBSTANCE_PART:1,true,,,1,1,1,PAUL_AEG,Paul,paul_full_v3,0.750,draft
το εντος χλωρον,τὸ ἐντὸς χλωρὸν,το εντος χλωρον,SUBSTANCE_PART:1,true,,,1,1,1,PAUL_AEG,Paul,paul_full_v3,0.650,draft
το ινδικον,τὸ Ἰνδικόν,το ινδικον,SUBSTANCE:1,true,λυκιον,ινδικος,1,1,1,PAUL_AEG,Paul,paul_full_v3,0.550,draft
το κομμι πασης κοκκυμηλεας,τὸ κόμμι πάσης κοκκυμηλέας,το κομμι πασης κοκκυμηλεας,SUBSTANCE_PART:1,true,,,1,1,1,AET_LM,Aetius,entries_full_v3,0.800,draft
το κομμι του δενδρου,τὸ κόμμι τοῦ δένδρου,το κομμι του δενδρου,SUBSTANCE_PART:1,true,,,1,1,1,GAL_SMT,Galen,entries_full_v3,0.800,draft
το λεπος αυτου,τὸ λέπος αὐτοῦ,το λεπος αυτου,SUBSTANCE_PART:1,true,,,1,1,1,AET_LM,Aetius,entries_full_v3,0.900,draft
το λευκον,τὸ λευκόν,το λευκον,SUBSTANCE_PART:1,false,,,1,1,1,PAUL_AEG,Paul,paul_full_v3,0.900,draft
το λιπαρον,τὸ λιπαρόν,το λιπαρον,SUBSTANCE_PART:1,false,,,1,1,1,AET_LM,Aetius,entries_full_v3,0.670,draft
το μεν μεσον αυτου,τὸ μὲν μέσον αὐτοῦ,το μεν μεσον αυτου,SUBSTANCE_PART:1,true,,,1,1,1,PAUL_AEG,Paul,paul_full_v3,0.780,draft
το μεν σπερμα,τὸ μὲν σπέρμα,το μεν σπερμα,SUBSTANCE_PART:1,false,,,1,1,1,PAUL_AEG,Paul,paul_full_v3,0.860,draft
το μεν των υων,τὸ μὲν τῶν ὑῶν,το μεν των υων,SUBSTANCE_PART:1,true,,,1,1,1,PAUL_AEG,Paul,paul_full_v3,0.820,draft
το μεταξυ του φλοιου και του πρεμνου υμενοειδες,τὸ μεταξὺ τοῦ φλοιοῦ καὶ τοῦ πρέμνου ὑμενοειδές,το μεταξυ του φλοιου και του πρεμνου υμενοειδες,SUBSTANCE_PART:1,true,,,1,1,1,DIOSC_DMM,Dioscorides,diosc_full_v3,0.700,draft
το οιον αμφιεσμα του καρπου,τὸ οἷον ἀμφίεσμα τοῦ καρποῦ,το οιον αμφιεσμα του καρπου,SUBSTANCE_PART:1,true,,,1,1,1,PAUL_AEG,Paul,paul_full_v3,0.840,draft
το οστρακον,τὸ ὄστρακον,το οστρακον,SUBSTANCE_PART:1,true,,,1,1,1,PAUL_AEG,Paul,paul_full_v3,0.900,draft
το σπερμα,τὸ σπέρμα,το σπερμα,SUBSTANCE_PART:18,true,,,5,17,18,AET_LM;DIOSC_DMM;GAL_SMT;ORIB_CM;PAUL_AEG,Aetius;Dioscorides;Galen;Oribasius;Paul,diosc_full_v3;entries_full_v3;paul_full_v3,0.830,draft
το σπερμα αυτης,τὸ σπέρμα αὐτῆς,το σπερμα αυτης,SUBSTANCE_PART:1,true,,,1,1,1,DIOSC_DMM,Dioscorides,diosc_full_v3,0.850,draft
το σπερμα αυτου,τὸ σπέρμα αὐτοῦ,το σπερμα αυτου,SUBSTANCE_PART:2,true,,,1,2,2,PAUL_AEG,Paul,paul_full_v3,0.830,draft
το σπερμα ταυτης,τὸ σπέρμα ταύτης,το σπερμα ταυτης,SUBSTANCE_PART:1,true,,,1,1,1,PAUL_AEG,Paul,paul_full_v3,0.900,draft
το σπερμα του αγνου,τὸ σπέρμα τοῦ ἄγνου,το σπερμα του αγνου,SUBSTANCE_PART:1,true,,,1,1,1,AET_LM,Aetius,entries_full_v3,0.950,draft
το σπερμα των μηλων,τὸ σπέρμα τῶν μήλων,το σπερμα των μηλων,SUBSTANCE_PART:1,true,,,1,1,1,DIOSC_DMM,Dioscorides,diosc_full_v3,0.850,draft
το της αγριας,τὸ τῆς ἀγρίας,το της αγριας,SUBSTANCE_PART:1,false,,,1,1,1,GAL_SMT,Galen,entries_full_v3,0.550,draft
το της αιγειρου δακρυον,τὸ τῆς αἰγείρου δάκρυόν,το της αιγειρου δακρυον,SUBSTANCE_PART:1,true,,ηριδανος,1,1,1,PAUL_AEG,Paul,paul_full_v3,0.850,draft
το της χαλβανης ξυλον,τὸ τῆς χαλβάνης ξύλον,το της χαλβανης ξυλον,SUBSTANCE_PART:1,true,,,1,1,1,AET_LM,Aetius,entries_full_v3,0.580,draft
το του χαμαιλεοντος,τὸ τοῦ χαμαιλέοντος,το του χαμαιλεοντος,SUBSTANCE_PART:1,true,,,1,1,1,PAUL_AEG,Paul,paul_full_v3,0.720,draft
το των αλεκτρυονων,τὸ τῶν ἀλεκτρυόνων,το των αλεκτρυονων,SUBSTANCE_PART:1,true,,,1,1,1,PAUL_AEG,Paul,paul_full_v3,0.820,draft
το των αλωπεκων,τὸ τῶν ἀλωπέκων,το των αλωπεκων,SUBSTANCE_PART:1,true,,,1,1,1,PAUL_AEG,Paul,paul_full_v3,0.800,draft
το των αρκων,τὸ τῶν ἄρκων,το των αρκων,SUBSTANCE_PART:1,true,,,1,1,1,PAUL_AEG,Paul,paul_full_v3,0.800,draft
το των βατραχων,τὸ τῶν βατράχων,το των βατραχων,SUBSTANCE_PART:1,true,,,1,1,1,PAUL_AEG,Paul,paul_full_v3,0.760,draft
το των βοων,τὸ τῶν βοῶν,το των βοων,SUBSTANCE_PART:1,true,,,1,1,1,PAUL_AEG,Paul,paul_full_v3,0.820,draft
το των εχιδνων,τὸ τῶν ἐχιδνῶν,το των εχιδνων,SUBSTANCE_PART:1,true,,,1,1,1,PAUL_AEG,Paul,paul_full_v3,0.800,draft
το των κροτωνων των κυνων,τὸ τῶν κροτώνων τῶν κυνῶν,το των κροτωνων των κυνων,SUBSTANCE_PART:1,true,,,1,1,1,PAUL_AEG,Paul,paul_full_v3,0.620,draft
το των λεοντων,τὸ τῶν λεόντων,το των λεοντων,SUBSTANCE_PART:1,true,,,1,1,1,PAUL_AEG,Paul,paul_full_v3,0.830,draft
το των υων,τὸ τῶν ὑῶν,το των υων,SUBSTANCE_PART:1,true,,,1,1,1,PAUL_AEG,Paul,paul_full_v3,0.880,draft
το υμενωδες,τὸ ὑμενῶδες,το υμενωδες,SUBSTANCE_PART:1,false,,,1,1,1,GAL_SMT,Galen,entries_full_v3,0.650,draft
το φυλλον,τὸ φύλλον,το φυλλον,SUBSTANCE_PART:1,true,,,1,1,1,PAUL_AEG,Paul,paul_full_v3,0.840,draft
το φυτον ολον,τὸ φυτὸν ὅλον,το φυτον ολον,SUBSTANCE_PART:1,true,,,1,1,1,AET_LM,Aetius,entries_full_v3,0.650,draft
τοις ανθεσι,τοῖς ἄνθεσι,τοις ανθεσι,SUBSTANCE_PART:1,false,,,1,1,1,PAUL_AEG,Paul,paul_full_v3,0.600,draft
τοις απαλοις φυλλοις,τοῖς ἁπαλοῖς φύλλοις,τοις απαλοις φυλλοις,SUBSTANCE_PART:1,true,,,1,1,1,PAUL_AEG,Paul,paul_full_v3,0.900,draft
τοις βλαστοις,τοῖς βλαστοῖς,τοις βλαστοις,SUBSTANCE_PART:1,true,,,1,1,1,AET_LM,Aetius,entries_full_v3,0.850,draft
τοις φυλλοις,τοῖς φύλλοις,τοις φυλλοις,SUBSTANCE_PART:2,true,,,2,2,2,AET_LM;DIOSC_DMM,Aetius;Dioscorides,diosc_full_v3;entries_full_v3,0.800,draft
τοις φυλλοις της δρυος,τοῖς φύλλοις τῆς δρυός,τοις φυλλοις της δρυος,SUBSTANCE_PART:1,false,,,1,1,1,GAL_SMT,Galen,entries_full_v3,0.950,draft
τον καρπον,τὸν καρπὸν,τον καρπον,SUBSTANCE_PART:2,true,,,1,2,2,PAUL_AEG,Paul,paul_full_v3,0.850,draft
τον καρπον της κεδρου,τὸν καρπὸν τῆς κέδρου,τον καρπον της κεδρου,SUBSTANCE_PART:1,true,,,1,1,1,GAL_SMT,Galen,entries_full_v3,0.850,draft
τον καρπον του βαλσαμου,τὸν καρπὸν τοῦ βαλσάμου,τον καρπον του βαλσαμου,SUBSTANCE_PART:1,true,,,1,1,1,PAUL_AEG,Paul,paul_full_v3,0.880,draft
τον ορρον,τὸν ὀρρόν,τον ορρον,SUBSTANCE_PART:1,false,,,1,1,1,AET_LM,Aetius,entries_full_v3,0.750,draft
τον της πευκης,τὸν τῆς πεύκης,τον της πευκης,SUBSTANCE_PART:1,true,,,1,1,1,AET_LM,Aetius,entries_full_v3,0.600,draft
τον των αλεκτοριδων ενδον της κοιλιας χιτωνα,τὸν τῶν ἀλεκτορίδων ἔνδον τῆς κοιλίας χιτῶνα,τον των αλεκτοριδων ενδον της κοιλιας χιτωνα,SUBSTANCE_PART:1,true,,,1,1,1,PAUL_AEG,Paul,paul_full_v3,0.860,draft
τον φλοιον,τὸν φλοιὸν,τον φλοιον,SUBSTANCE_PART:1,false,,,1,1,1,DIOSC_DMM,Dioscorides,diosc_full_v3,0.800,draft
τον φλοιον της λευκης και της αιγειρου,τὸν φλοιὸν τῆς λεύκης καὶ τῆς αἰγείρου,τον φλοιον της λευκης και της αιγειρου,SUBSTANCE_PART:1,true,,,1,1,1,DIOSC_DMM,Dioscorides,diosc_full_v3,0.650,draft
τον χλωρον καρπον των αιγυπτιων κυαμων,Τὸν χλωρὸν καρπὸν τῶν αἰγυπτίων κυάμων,τον χλωρον καρπον των αιγυπτιων κυαμων,SUBSTANCE_PART:1,false,,,1,1,1,AET_LM,Aetius,entries_full_v3,0.750,draft
τοξικον,τοξικόν,τοξικον,SUBSTANCE:2,false,,,1,2,2,DIOSC_DMM,Dioscorides,diosc_full_v3,0.775,draft
τορδιλον,τόρδιλον,τορδιλον,SUBSTANCE:1,false,,,1,1,1,DIOSC_DMM,Dioscorides,diosc_full_v3,0.950,draft
τορνευματα,τορνεύματα,τορνευματα,SUBSTANCE_PART:2,false,,,2,2,2,DIOSC_DMM;PAUL_AEG,Dioscorides;Paul,diosc_full_v3;paul_full_v3,0.790,draft
τορνευματων,τορνευμάτων,τορνευματων,SUBSTANCE_PART:1,false,,,1,1,1,DIOSC_DMM,Dioscorides,diosc_full_v3,0.700,draft
του αγριου το σπερμα,τοῦ ἀγρίου τὸ σπέρμα,του αγριου το σπερμα,SUBSTANCE_PART:1,true,,,1,1,1,PAUL_AEG,Paul,paul_full_v3,0.860,draft
του αιγυπτιου το σπερμα,τοῦ Αἰγυπτίου τὸ σπέρμα,του αιγυπτιου το σπερμα,SUBSTANCE_PART:1,true,,,1,1,1,PAUL_AEG,Paul,paul_full_v3,0.840,draft
του ανθους αυτης,τοῦ ἄνθους αὐτῆς,του ανθους αυτης,SUBSTANCE_PART:1,true,,,1,1,1,PAUL_AEG,Paul,paul_full_v3,0.900,draft
του δε μικρου η μεν ριζα,τοῦ δὲ μικροῦ ἡ μὲν ῥίζα,του δε μικρου η μεν ριζα,SUBSTANCE_PART:1,true,,,1,1,1,PAUL_AEG,Paul,paul_full_v3,0.860,draft
του δε σπερματος,τοῦ δὲ σπέρματος,του δε σπερματος,SUBSTANCE_PART:1,false,,,1,1,1,DIOSC_DMM,Dioscorides,diosc_full_v3,0.760,draft
του ιπποποταμου το δερμα,τοῦ ἱπποποτάμου τὸ δέρμα,του ιπποποταμου το δερμα,SUBSTANCE_PART:1,true,,,1,1,1,PAUL_AEG,Paul,paul_full_v3,0.900,draft
του καρπου της σχινου,τοῦ καρποῦ τῆς σχίνου,του καρπου της σχινου,SUBSTANCE_PART:1,true,,,1,1,1,AET_LM,Aetius,entries_full_v3,0.900,draft
του καρπου του αγριου σικυου,τοῦ καρποῦ τοῦ ἀγρίου σικύου,του καρπου του αγριου σικυου,SUBSTANCE_PART:1,true,,,1,1,1,PAUL_AEG,Paul,paul_full_v3,0.850,draft
του καρπου των αρκευθιδων,τοῦ καρποῦ τῶν ἀρκευθίδων,του καρπου των αρκευθιδων,SUBSTANCE_PART:1,true,,,1,1,1,DIOSC_DMM,Dioscorides,diosc_full_v3,0.550,draft
του καρπου των δαφνιδων,τοῦ καρποῦ τῶν δαφνίδων,του καρπου των δαφνιδων,SUBSTANCE_PART:1,true,,,1,1,1,AET_LM,Aetius,entries_full_v3,0.750,draft
του καρπου των μειζονων κεδρων,τοῦ καρποῦ τῶν μειζόνων κέδρων,του καρπου των μειζονων κεδρων,SUBSTANCE_PART:1,true,,,1,1,1,DIOSC_DMM,Dioscorides,diosc_full_v3,0.750,draft
του καρπου των πικρων αμυγδαλων,τοῦ καρποῦ τῶν πικρῶν ἀμυγδάλων,του καρπου των πικρων αμυγδαλων,SUBSTANCE_PART:1,true,,,1,1,1,AET_LM,Aetius,entries_full_v3,0.780,draft
του καρυου λεμματι,τοῦ καρύου λέμματι,του καρυου λεμματι,SUBSTANCE_PART:1,true,,,1,1,1,AET_LM,Aetius,entries_full_v3,0.900,draft
του καστορος ορχεις,τοῦ κάστορος ὄρχεις,του καστορος ορχεις,SUBSTANCE_PART:1,true,,,1,1,1,AET_LM,Aetius,entries_full_v3,0.800,draft
του καστορος ορχις,τοῦ κάστορος ὄρχις,του καστορος ορχις,SUBSTANCE_PART:1,true,,,1,1,1,DIOSC_DMM,Dioscorides,diosc_full_v3,0.850,draft
του κρινου πεταλων,τοῦ κρίνου πετάλων,του κρινου πεταλων,SUBSTANCE_PART:1,false,,,1,1,1,AET_LM,Aetius,entries_full_v3,0.840,draft
του λευκου ριζα,τοῦ λευκοῦ ῥίζα,του λευκου ριζα,SUBSTANCE_PART:1,true,,,1,1,1,ORIB_CM,Oribasius,entries_full_v3,0.750,draft
του λευκου χαμαιλεοντος ριζα,τοῦ λευκοῦ χαμαιλέοντος ῥίζα,του λευκου χαμαιλεοντος ριζα,SUBSTANCE_PART:1,false,,,1,1,1,AET_LM,Aetius,entries_full_v3,0.860,draft
του λιτρου τον αφρον,τοῦ λίτρου τὸν ἀφρόν,του λιτρου τον αφρον,SUBSTANCE_PART:1,true,,,1,1,1,GAL_ALIM,Galen,entries_full_v3,0.860,draft
του οπου,τοῦ ὀποῦ,του οπου,SUBSTANCE_PART:1,false,,,1,1,1,PAUL_AEG,Paul,paul_full_v3,0.800,draft
του σιδηρου,τοῦ σιδήρου,του σιδηρου,SUBSTANCE_PART:1,true,,,1,1,1,ORIB_CM,Oribasius,entries_full_v3,0.620,draft
του στομωματος,τοῦ στομώματος,του στομωματος,SUBSTANCE_PART:1,true,,,1,1,1,ORIB_CM,Oribasius,entries_full_v3,0.550,draft
του χαλκου λεπις,τοῦ χαλκοῦ λεπὶς,του χαλκου λεπις,SUBSTANCE_PART:1,true,,,1,1,1,ORIB_CM,Oribasius,entries_full_v3,0.860,draft
του χερσαιου κροκοδειλου,τοῦ χερσαίου κροκοδείλου,του χερσαιου κροκοδειλου,SUBSTANCE_PART:1,true,,,1,1,1,PAUL_AEG,Paul,paul_full_v3,0.720,draft
του ωου λευκω,τοῦ ᾠοῦ λευκῷ,του ωου λευκω,SUBSTANCE_PART:1,true,,,1,1,1,DIOSC_DMM,Dioscorides,diosc_full_v3,0.850,draft
τραγακανθα,τραγάκανθα,τραγακανθα,SUBSTANCE:12,false,,,6,12,12,AET_LM;DIOSC_DMM;GAL_ALIM;GAL_SMT;ORIB_CM;PAUL_AEG,Aetius;Dioscorides;Galen;Oribasius;Paul,diosc_full_v3;entries_full_v3;paul_full_v3,0.888,draft
τραγακανθα οπος,τραγάκανθα ὀπός,τραγακανθα οπος,SUBSTANCE:1,true,οπος,,1,1,1,AET_LM,Aetius,entries_full_v3,0.950,draft
τραγειον αιμα,τράγειον αἷμα,τραγειον αιμα,SUBSTANCE:2,true,αιμα,,2,2,2,AET_LM;GAL_SMT,Aetius;Galen,entries_full_v3,0.750,draft
τραγειον ηπαρ,τράγειον ἧπαρ,τραγειον ηπαρ,SUBSTANCE:1;SUBSTANCE_PART:1,true,ηπαρ,,2,2,2,DIOSC_DMM;GAL_SMT,Dioscorides;Galen,diosc_full_v3;entries_full_v3,0.775,draft
τραγειον στεαρ,τράγειον στέαρ,τραγειον στεαρ,SUBSTANCE:2,true,στεαρ,,2,2,2,DIOSC_DMM;GAL_SMT,Dioscorides;Galen,diosc_full_v3;entries_full_v3,0.795,draft
τραγειος,τράγειος,τραγειος,SUBSTANCE:1,false,,,1,1,1,DIOSC_DMM,Dioscorides,diosc_full_v3,0.720,draft
τραγιον,τράγιον,τραγιον,SUBSTANCE:6,false,,,4,6,6,DIOSC_DMM;GAL_SMT;ORIB_CM;PAUL_AEG,Dioscorides;Galen;Oribasius;Paul,diosc_full_v3;entries_full_v3;paul_full_v3,0.883,draft
τραγιον μικροτερον,τράγιον μικρότερον,τραγιον μικροτερον,SUBSTANCE:1,true,τραγιον,,1,1,1,ORIB_CM,Oribasius,entries_full_v3,0.820,draft
τραγοπωγων,τραγοπώγων,τραγοπωγων,SUBSTANCE:1,false,,,1,1,1,DIOSC_DMM,Dioscorides,diosc_full_v3,0.900,draft
τραγοριγανον,τραγορίγανον,τραγοριγανον,SUBSTANCE:1,false,,,1,1,1,DIOSC_DMM,Dioscorides,diosc_full_v3,0.800,draft
τραγοριγανος,τραγορίγανος,τραγοριγανος,SUBSTANCE:6,false,,,5,6,6,AET_LM;DIOSC_DMM;GAL_SMT;ORIB_CM;PAUL_AEG,Aetius;Dioscorides;Galen;Oribasius;Paul,diosc_full_v3;entries_full_v3;paul_full_v3,0.905,draft
τραγος,τράγος,τραγος,SUBSTANCE:8,false,,,3,8,8,AET_LM;DIOSC_DMM;PAUL_AEG,Aetius;Dioscorides;Paul,diosc_full_v3;entries_full_v3;paul_full_v3,0.733,draft
τραγος ορχις,τράγος ὄρχις,τραγος ορχις,SUBSTANCE:1,true,ορχις,,1,1,1,AET_LM,Aetius,entries_full_v3,0.690,draft
τραγος σιτωδης,τράγος σιτώδης,τραγος σιτωδης,SUBSTANCE:1,true,τραγος,,1,1,1,PAUL_AEG,Paul,paul_full_v3,0.820,draft
τραγου,τράγου,τραγου,SUBSTANCE_PART:1,false,,,1,1,1,DIOSC_DMM,Dioscorides,diosc_full_v3,0.820,draft
τραγων,τράγων,τραγων,SUBSTANCE_PART:1,false,,,1,1,1,PAUL_AEG,Paul,paul_full_v3,0.660,draft
τραχυς αλκυονιον,τραχύς ἀλκυόνιον,τραχυς αλκυονιον,SUBSTANCE:1,true,αλκυονιον,,1,1,1,AET_LM,Aetius,entries_full_v3,0.850,draft
τρεγλα,τρέγλα,τρεγλα,SUBSTANCE:1,false,,,1,1,1,DIOSC_DMM,Dioscorides,diosc_full_v3,0.700,draft
τριβολος,τρίβολος,τριβολος,SUBSTANCE:5,false,,,5,5,5,AET_LM;DIOSC_DMM;GAL_SMT;ORIB_CM;PAUL_AEG,Aetius;Dioscorides;Galen;Oribasius;Paul,diosc_full_v3;entries_full_v3;paul_full_v3,0.962,draft
τριβολος ενυδρος,τρίβολος ἔνυδρος,τριβολος ενυδρος,SUBSTANCE:3,true,τριβολος,,3,3,3,AET_LM;DIOSC_DMM;PAUL_AEG,Aetius;Dioscorides;Paul,diosc_full_v3;entries_full_v3;paul_full_v3,0.757,draft
τριβολος χερσαιος,τρίβολος χερσαῖος,τριβολος χερσαιος,SUBSTANCE:3,true,τριβολος,,3,3,3,AET_LM;DIOSC_DMM;PAUL_AEG,Aetius;Dioscorides;Paul,diosc_full_v3;entries_full_v3;paul_full_v3,0.757,draft
τριγλη,τρίγλη,τριγλη,SUBSTANCE:3,false,,,3,3,3,AET_LM;GAL_SMT;PAUL_AEG,Aetius;Galen;Paul,entries_full_v3;paul_full_v3,0.873,draft
τρικοκκον,τρίκοκκον,τρικοκκον,SUBSTANCE:3,false,,,3,3,3,DIOSC_DMM;GAL_SMT;PAUL_AEG,Dioscorides;Galen;Paul,diosc_full_v3;entries_full_v3;paul_full_v3,0.740,draft
τριορχις,τριόρχις,τριορχις,SUBSTANCE:2,false,,,2,2,2,AET_LM;PAUL_AEG,Aetius;Paul,entries_full_v3;paul_full_v3,0.650,draft
τριπολιον,τριπόλιον,τριπολιον,SUBSTANCE:4,false,,,4,4,4,DIOSC_DMM;GAL_SMT;ORIB_CM;PAUL_AEG,Dioscorides;Galen;Oribasius;Paul,diosc_full_v3;entries_full_v3;paul_full_v3,0.892,draft
τριπολιου η ριζα,Τριπολίου ἡ ῥίζα,τριπολιου η ριζα,SUBSTANCE_PART:1,true,,,1,1,1,PAUL_AEG,Paul,paul_full_v3,0.910,draft
τριπολιου ριζα,Τριπολίου ῥίζα,τριπολιου ριζα,SUBSTANCE_PART:1,true,,,1,1,1,ORIB_CM,Oribasius,entries_full_v3,0.900,draft
τριφυλλον,τρίφυλλον,τριφυλλον,SUBSTANCE:14,false,,,5,14,14,AET_LM;DIOSC_DMM;GAL_SMT;ORIB_CM;PAUL_AEG,Aetius;Dioscorides;Galen;Oribasius;Paul,diosc_full_v3;entries_full_v3;paul_full_v3,0.805,draft
τριχας,τρίχας,τριχας,SUBSTANCE_PART:1,false,,,1,1,1,PAUL_AEG,Paul,paul_full_v3,0.620,draft
τριχιτις,τριχῖτις,τριχιτις,SUBSTANCE:1,false,,αιγυπτος,1,1,1,DIOSC_DMM,Dioscorides,diosc_full_v3,0.800,draft
τριχομανες,τριχομανές,τριχομανες,SUBSTANCE:4,false,,,3,4,4,DIOSC_DMM;GAL_SMT;ORIB_CM,Dioscorides;Galen;Oribasius,diosc_full_v3;entries_full_v3,0.825,draft
τροφη,τροφή,τροφη,SUBSTANCE:1,false,,,1,1,1,AET_LM,Aetius,entries_full_v3,0.450,draft
τροχιτης,τροχίτης,τροχιτης,SUBSTANCE:1,false,,,1,1,1,DIOSC_DMM,Dioscorides,diosc_full_v3,0.920,draft
τρυγι οξους,τρυγὶ ὄξους,τρυγι οξους,SUBSTANCE_PART:1,true,,,1,1,1,DIOSC_DMM,Dioscorides,diosc_full_v3,0.750,draft
τρυγια,τρυγία,τρυγια,SUBSTANCE:1,false,,,1,1,1,AET_LM,Aetius,entries_full_v3,0.700,draft
τρυγια οξους,τρυγία ὄξους,τρυγια οξους,SUBSTANCE:1,true,τρυγια,,1,1,1,AET_LM,Aetius,entries_full_v3,0.700,draft
τρυγονος,τρυγόνος,τρυγονος,SUBSTANCE_PART:1,false,,,1,1,1,PAUL_AEG,Paul,paul_full_v3,0.700,draft
τρυγονος αιμα,τρυγόνος αἷμα,τρυγονος αιμα,SUBSTANCE:1,true,αιμα,,1,1,1,AET_LM,Aetius,entries_full_v3,0.800,draft
τρυγονος θαλασαιας κεντρον,τρυγόνος θαλασαίας κέντρον,τρυγονος θαλασαιας κεντρον,SUBSTANCE_PART:1,true,,,1,1,1,DIOSC_DMM,Dioscorides,diosc_full_v3,0.860,draft
τρυγονος θαλασσιας κεντρον,Τρυγόνος θαλασσίας κέντρον,τρυγονος θαλασσιας κεντρον,SUBSTANCE_PART:1,true,,,1,1,1,PAUL_AEG,Paul,paul_full_v3,0.760,draft
τρυγος,τρυγός,τρυγος,SUBSTANCE:1,false,,,1,1,1,DIOSC_DMM,Dioscorides,diosc_full_v3,0.750,draft
τρυγων,τρυγών,τρυγων,SUBSTANCE:6,false,,,3,6,6,AET_LM;DIOSC_DMM;PAUL_AEG,Aetius;Dioscorides;Paul,diosc_full_v3;entries_full_v3;paul_full_v3,0.697,draft
τρυγων θαλασσαια,τρυγών θαλασσαία,τρυγων θαλασσαια,SUBSTANCE:1,true,τρυγων,,1,1,1,DIOSC_DMM,Dioscorides,diosc_full_v3,0.800,draft
τρυγων θαλασσιος,τρυγών θαλάσσιος,τρυγων θαλασσιος,SUBSTANCE:2,true,τρυγων,,1,2,2,PAUL_AEG,Paul,paul_full_v3,0.645,draft
τρυξ,τρύξ,τρυξ,SUBSTANCE:4,false,,,2,4,4,DIOSC_DMM;PAUL_AEG,Dioscorides;Paul,diosc_full_v3;paul_full_v3,0.825,draft
τρυξ οινου,τρύξ οἴνου,τρυξ οινου,SUBSTANCE:2,true,τρυξ,,2,2,2,DIOSC_DMM;PAUL_AEG,Dioscorides;Paul,diosc_full_v3;paul_full_v3,0.800,draft
τρυξ οξους,τρύξ ὄξους,τρυξ οξους,SUBSTANCE:1,true,τρυξ,,1,1,1,PAUL_AEG,Paul,paul_full_v3,0.750,draft
τρυχνον,τρύχνον,τρυχνον,SUBSTANCE:2,false,,,2,2,2,AET_LM;ORIB_CM,Aetius;Oribasius,entries_full_v3,0.925,draft
τρυχνον εδωδιμον,τρύχνον ἐδώδιμον,τρυχνον εδωδιμον,SUBSTANCE:1,true,τρυχνον,,1,1,1,ORIB_CM,Oribasius,entries_full_v3,0.900,draft
τρυχνος,τρύχνος,τρυχνος,SUBSTANCE:1,false,,,1,1,1,GAL_SMT,Galen,entries_full_v3,0.920,draft
τρωγλοδυτης στρουθιον,τρωγλοδύτης στρουθίον,τρωγλοδυτης στρουθιον,SUBSTANCE:1,true,στρουθιον,,1,1,1,PAUL_AEG,Paul,paul_full_v3,0.880,draft
τυρος,τυρός,τυρος,SUBSTANCE:16,false,,,6,16,16,AET_LM;DIOSC_DMM;GAL_ALIM;GAL_SMT;ORIB_CM;PAUL_AEG,Aetius;Dioscorides;Galen;Oribasius;Paul,diosc_full_v3;entries_full_v3;paul_full_v3,0.885,draft
τυρος ασηπτος,τυρός ἄσηπτος,τυρος ασηπτος,SUBSTANCE:1,true,τυρος,,1,1,1,AET_LM,Aetius,entries_full_v3,0.820,draft
τυρος βαθυσικος,τυρὸς Βαθυσικός,τυρος βαθυσικος,SUBSTANCE:1,true,τυρος,,1,1,1,GAL_ALIM,Galen,entries_full_v3,0.720,draft
τυρος βοειος,τυρός βόειος,τυρος βοειος,SUBSTANCE:1,true,τυρος,,1,1,1,GAL_SMT,Galen,entries_full_v3,0.860,draft
τυρος λιπαρος,τυρός λιπαρός,τυρος λιπαρος,SUBSTANCE:1,true,τυρος,,1,1,1,PAUL_AEG,Paul,paul_full_v3,0.830,draft
τυρος μαλακος,τυρός μαλακός,τυρος μαλακος,SUBSTANCE:1,true,τυρος,,1,1,1,PAUL_AEG,Paul,paul_full_v3,0.840,draft
τυρος νεαρος,τυρός νεαρός,τυρος νεαρος,SUBSTANCE:1,true,τυρος,,1,1,1,DIOSC_DMM,Dioscorides,diosc_full_v3,0.900,draft
τυρος νεοπαγης,τυρός νεοπαγής,τυρος νεοπαγης,SUBSTANCE:2,true,τυρος,,2,2,2,GAL_SMT;PAUL_AEG,Galen;Paul,entries_full_v3;paul_full_v3,0.870,draft
τυρος οξυγαλακτινος,τυρὸς ὀξυγαλάκτινος,τυρος οξυγαλακτινος,SUBSTANCE:2,true,τυρος,,2,2,2,GAL_ALIM;PAUL_AEG,Galen;Paul,entries_full_v3;paul_full_v3,0.830,draft
τυρος παλαιος,τυρός παλαιός,τυρος παλαιος,SUBSTANCE:1,true,τυρος,,1,1,1,PAUL_AEG,Paul,paul_full_v3,0.830,draft
τυρος παλαιοτατος,τυρός παλαιότατος,τυρος παλαιοτατος,SUBSTANCE:1,true,τυρος,,1,1,1,AET_LM,Aetius,entries_full_v3,0.850,draft
τυρος προσφατος,τυρός πρόσφατος,τυρος προσφατος,SUBSTANCE:1,true,τυρος,,1,1,1,GAL_SMT,Galen,entries_full_v3,0.880,draft
τυρος υγρος ασηπτος,τυρός ὑγρός ἀσήπτος,τυρος υγρος ασηπτος,SUBSTANCE:1,true,τυρος,,1,1,1,GAL_SMT,Galen,entries_full_v3,0.750,draft
τυρρηνικος κηρος,Τυρρηνικὸς κηρός,τυρρηνικος κηρος,SUBSTANCE:1,true,κηρος,τυρρηνικος,1,1,1,DIOSC_DMM,Dioscorides,diosc_full_v3,0.820,draft
τυρωδες,τυρῶδες,τυρωδες,SUBSTANCE:2;SUBSTANCE_PART:1,false,,,2,3,3,GAL_ALIM;GAL_SMT,Galen,entries_full_v3,0.770,draft
τυρωδες του γαλακτος,τυρῶδες τοῦ γάλακτος,τυρωδες του γαλακτος,SUBSTANCE_PART:1,true,,,1,1,1,ORIB_CM,Oribasius,entries_full_v3,0.850,draft
τυρωδης,τυρώδης,τυρωδης,SUBSTANCE:2,false,,,2,2,2,AET_LM;ORIB_CM,Aetius;Oribasius,entries_full_v3,0.700,draft
τυρωδους,τυρώδους,τυρωδους,SUBSTANCE_PART:1,false,,,1,1,1,PAUL_AEG,Paul,paul_full_v3,0.800,draft
τυφη,τύφη,τυφη,SUBSTANCE:1,false,,,1,1,1,DIOSC_DMM,Dioscorides,diosc_full_v3,0.920,draft
των αγριων αιγων,τῶν ἀγρίων αἰγῶν,των αγριων αιγων,SUBSTANCE_PART:1,true,,,1,1,1,PAUL_AEG,Paul,paul_full_v3,0.660,draft
των αγριων κοκκυμηλων καρπος,τῶν ἀγρίων κοκκυμήλων καρπὸς,των αγριων κοκκυμηλων καρπος,SUBSTANCE_PART:1,true,,,1,1,1,AET_LM,Aetius,entries_full_v3,0.820,draft
των αιγων ονυχες,τῶν αἰγῶν ὄνυχες,των αιγων ονυχες,SUBSTANCE_PART:1,true,,,1,1,1,DIOSC_DMM,Dioscorides,diosc_full_v3,0.900,draft
των αλεκτοριδων,τῶν ἀλεκτορίδων,των αλεκτοριδων,SUBSTANCE_PART:1,true,,,1,1,1,PAUL_AEG,Paul,paul_full_v3,0.780,draft
των ανθων,τῶν ἀνθῶν,των ανθων,SUBSTANCE_PART:1,false,,,1,1,1,DIOSC_DMM,Dioscorides,diosc_full_v3,0.820,draft
των βλαστων,τῶν βλαστῶν,των βλαστων,SUBSTANCE_PART:1,true,,,1,1,1,PAUL_AEG,Paul,paul_full_v3,0.850,draft
των ερινεων συκα,τῶν ἐρινεῶν σῦκα,των ερινεων συκα,SUBSTANCE_PART:1,true,,,1,1,1,ORIB_CM,Oribasius,entries_full_v3,0.850,draft
των κρινων φυλλων,τῶν κρίνων φύλλων,των κρινων φυλλων,SUBSTANCE_PART:1,false,,,1,1,1,AET_LM,Aetius,entries_full_v3,0.740,draft
των λεπων αυτου,τῶν λεπῶν αὐτοῦ,των λεπων αυτου,SUBSTANCE_PART:1,true,,,1,1,1,PAUL_AEG,Paul,paul_full_v3,0.600,draft
των μεν ξυλων,τῶν μὲν ξύλων,των μεν ξυλων,SUBSTANCE_PART:1,false,,,1,1,1,DIOSC_DMM,Dioscorides,diosc_full_v3,0.780,draft
των ονων ονυχας,τῶν ὄνων ὄνυχας,των ονων ονυχας,SUBSTANCE_PART:1,true,,,1,1,1,GAL_SMT,Galen,entries_full_v3,0.900,draft
των οστρεων οστρακα,τῶν ὀστρέων ὄστρακα,των οστρεων οστρακα,SUBSTANCE_PART:1,false,,,1,1,1,AET_LM,Aetius,entries_full_v3,0.780,draft
των πορφυρων οστρακα,τῶν πορφυρῶν ὄστρακα,των πορφυρων οστρακα,SUBSTANCE_PART:1,false,,,1,1,1,AET_LM,Aetius,entries_full_v3,0.780,draft
των ριζων,τῶν ῥιζῶν,των ριζων,SUBSTANCE_PART:1,false,,,1,1,1,DIOSC_DMM,Dioscorides,diosc_full_v3,0.860,draft
των ριζων ξηρων,τῶν ῥιζῶν ξηρῶν,των ριζων ξηρων,SUBSTANCE_PART:1,true,,,1,1,1,PAUL_AEG,Paul,paul_full_v3,0.730,draft
των φυλλων,τῶν φύλλων,των φυλλων,SUBSTANCE_PART:3,true,,,2,3,3,GAL_SMT;PAUL_AEG,Galen;Paul,entries_full_v3;paul_full_v3,0.823,draft
τῃ φλομῳ προσεοικως,τῇ φλόμῳ προσεοικὼς,τῃ φλομῳ προσεοικως,SUBSTANCE:1,true,,,1,1,1,ORIB_CM,Oribasius,entries_full_v3,0.550,draft
υαινα,ὕαινα,υαινα,SUBSTANCE:3,false,,,2,3,3,AET_LM;GAL_SMT,Aetius;Galen,entries_full_v3,0.833,draft
υαινη,ὑαίνη,υαινη,SUBSTANCE:1,false,,,1,1,1,AET_LM,Aetius,entries_full_v3,0.720,draft
υαινης,ὑαίνης,υαινης,SUBSTANCE_PART:1,false,,,1,1,1,DIOSC_DMM,Dioscorides,diosc_full_v3,0.820,draft
υακινθος,ὑάκινθος,υακινθος,SUBSTANCE:7,false,,,5,7,7,AET_LM;DIOSC_DMM;GAL_SMT;ORIB_CM;PAUL_AEG,Aetius;Dioscorides;Galen;Oribasius;Paul,diosc_full_v3;entries_full_v3;paul_full_v3,0.897,draft
υαλος,ὕαλος,υαλος,SUBSTANCE:5,false,,,4,5,5,AET_LM;GAL_SMT;ORIB_CM;PAUL_AEG,Aetius;Galen;Oribasius;Paul,entries_full_v3;paul_full_v3,0.878,draft
υγιεινη,ὑγιεινή,υγιεινη,SUBSTANCE:1,false,,,1,1,1,DIOSC_DMM,Dioscorides,diosc_full_v3,0.750,draft
υγιεινη αγρια,ὑγιεινή ἀγρία,υγιεινη αγρια,SUBSTANCE:1,true,υγιεινη,,1,1,1,DIOSC_DMM,Dioscorides,diosc_full_v3,0.800,draft
υγρα πισσα,ὑγρὰ πίσσα,υγρα πισσα,SUBSTANCE:11,true,πισσα,,5,11,11,AET_LM;DIOSC_DMM;GAL_SMT;ORIB_CM;PAUL_AEG,Aetius;Dioscorides;Galen;Oribasius;Paul,diosc_full_v3;entries_full_v3;paul_full_v3,0.805,draft
υγρα πιττα,ὑγρὰ πίττα,υγρα πιττα,SUBSTANCE:3,true,πιττα,,2,3,3,GAL_SMT;ORIB_CM,Galen;Oribasius,entries_full_v3,0.753,draft
υγρα πιττη,ὑγρὰ πίττη,υγρα πιττη,SUBSTANCE:1,true,πιττη,,1,1,1,GAL_SMT,Galen,entries_full_v3,0.760,draft
υγρα στυπτηρια,ὑγρὰ στυπτηρία,υγρα στυπτηρια,SUBSTANCE:1,true,στυπτηρια,,1,1,1,DIOSC_DMM,Dioscorides,diosc_full_v3,0.780,draft
υγρασια,ὑγρασία,υγρασια,SUBSTANCE:1,false,,,1,1,1,DIOSC_DMM,Dioscorides,diosc_full_v3,0.750,draft
υγρον,ὑγρόν,υγρον,SUBSTANCE:12,false,,,5,12,12,AET_LM;DIOSC_DMM;GAL_SMT;ORIB_CM;PAUL_AEG,Aetius;Dioscorides;Galen;Oribasius;Paul,diosc_full_v3;entries_full_v3;paul_full_v3,0.566,draft
υγρος,ὑγρός,υγρος,SUBSTANCE:4,false,,,4,4,4,AET_LM;DIOSC_DMM;GAL_SMT;ORIB_CM,Aetius;Dioscorides;Galen;Oribasius,diosc_full_v3;entries_full_v3,0.750,draft
υγροτης,ὑγρότης,υγροτης,SUBSTANCE:1,false,,,1,1,1,ORIB_CM,Oribasius,entries_full_v3,0.780,draft
υδατωδες,ὑδατῶδες,υδατωδες,SUBSTANCE:1,false,,,1,1,1,DIOSC_DMM,Dioscorides,diosc_full_v3,0.600,draft
υδατωδες περιττωμα,ὑδατῶδες περίττωμα,υδατωδες περιττωμα,SUBSTANCE:1,true,περιττωμα,,1,1,1,ORIB_CM,Oribasius,entries_full_v3,0.550,draft
υδατωδης,ὑδατώδης,υδατωδης,SUBSTANCE:2,false,,,1,2,2,DIOSC_DMM,Dioscorides,diosc_full_v3,0.650,draft
υδατωδης ουσια,ὑδατώδης οὐσία,υδατωδης ουσια,SUBSTANCE:1,true,ουσια,,1,1,1,ORIB_CM,Oribasius,entries_full_v3,0.650,draft
υδνον,ὕδνον,υδνον,SUBSTANCE:5,false,,,5,5,5,AET_LM;DIOSC_DMM;GAL_SMT;ORIB_CM;PAUL_AEG,Aetius;Dioscorides;Galen;Oribasius;Paul,diosc_full_v3;entries_full_v3;paul_full_v3,0.840,draft
υδνον ριζα,ὕδνον ῥίζα,υδνον ριζα,SUBSTANCE_PART:1,true,,,1,1,1,DIOSC_DMM,Dioscorides,diosc_full_v3,0.850,draft
υδραργυρος,ὑδράργυρος,υδραργυρος,SUBSTANCE:4,false,,,4,4,4,AET_LM;DIOSC_DMM;GAL_SMT;PAUL_AEG,Aetius;Dioscorides;Galen;Paul,diosc_full_v3;entries_full_v3;paul_full_v3,0.907,draft
υδρελαιον,ὑδρέλαιον,υδρελαιον,SUBSTANCE:2,false,,,2,2,2,AET_LM;DIOSC_DMM,Aetius;Dioscorides,diosc_full_v3;entries_full_v3,0.700,draft
υδρομελι,ὑδρόμελι,υδρομελι,SUBSTANCE:18,false,,,2,18,18,DIOSC_DMM;PAUL_AEG,Dioscorides;Paul,diosc_full_v3;paul_full_v3,0.862,draft
υδρομελι παλαιον,ὑδρόμελι παλαιόν,υδρομελι παλαιον,SUBSTANCE:1,true,υδρομελι,,1,1,1,DIOSC_DMM,Dioscorides,diosc_full_v3,0.720,draft
υδροπεπερι,ὑδροπέπερι,υδροπεπερι,SUBSTANCE:5,false,,,5,5,5,AET_LM;DIOSC_DMM;GAL_SMT;ORIB_CM;PAUL_AEG,Aetius;Dioscorides;Galen;Oribasius;Paul,diosc_full_v3;entries_full_v3;paul_full_v3,0.912,draft
υδωρ,ὕδωρ,υδωρ,SUBSTANCE:410,true,υδωρ,,6,409,410,AET_LM;DIOSC_DMM;GAL_ALIM;GAL_SMT;ORIB_CM;PAUL_AEG,Aetius;Dioscorides;Galen;Oribasius;Paul,diosc_full_v3;entries_full_v3;paul_full_v3,0.881,draft
υδωρ αλμυρον,ὕδωρ ἁλμυρόν,υδωρ αλμυρον,SUBSTANCE:2,true,υδωρ,,2,2,2,GAL_SMT;PAUL_AEG,Galen;Paul,entries_full_v3;paul_full_v3,0.760,draft
υδωρ γαλακτωδες,ὕδωρ γαλακτώδες,υδωρ γαλακτωδες,SUBSTANCE:1,true,υδωρ,,1,1,1,DIOSC_DMM,Dioscorides,diosc_full_v3,0.780,draft
υδωρ γλυκυ,ὕδωρ γλυκύ,υδωρ γλυκυ,SUBSTANCE:5,true,υδωρ,,3,5,5,AET_LM;DIOSC_DMM;GAL_ALIM,Aetius;Dioscorides;Galen,diosc_full_v3;entries_full_v3,0.776,draft
υδωρ ζεστον,ὕδωρ ζεστόν,υδωρ ζεστον,SUBSTANCE:1,true,υδωρ,,1,1,1,DIOSC_DMM,Dioscorides,diosc_full_v3,0.700,draft
υδωρ θαλασσιον,ὕδωρ θαλάσσιον,υδωρ θαλασσιον,SUBSTANCE:2,true,υδωρ,,2,2,2,AET_LM;DIOSC_DMM,Aetius;Dioscorides,diosc_full_v3;entries_full_v3,0.830,draft
υδωρ θαλαττιον,ὕδωρ θαλάττιον,υδωρ θαλαττιον,SUBSTANCE:2,true,υδωρ,,2,2,2,AET_LM;GAL_SMT,Aetius;Galen,entries_full_v3,0.845,draft
υδωρ θερμον,ὕδωρ θερμόν,υδωρ θερμον,SUBSTANCE:6,true,υδωρ,,3,6,6,AET_LM;DIOSC_DMM;GAL_SMT,Aetius;Dioscorides;Galen,diosc_full_v3;entries_full_v3,0.808,draft
υδωρ θερμον αυτοφυες,ὕδωρ θερμὸν αὐτοφυές,υδωρ θερμον αυτοφυες,SUBSTANCE:1,true,υδωρ,,1,1,1,GAL_SMT,Galen,entries_full_v3,0.750,draft
υδωρ καθαρον,ὕδωρ καθαρόν,υδωρ καθαρον,SUBSTANCE:1,true,υδωρ,,1,1,1,AET_LM,Aetius,entries_full_v3,0.860,draft
υδωρ κρηναιον,ὕδωρ κρηναῖον,υδωρ κρηναιον,SUBSTANCE:3,true,υδωρ,,3,3,3,AET_LM;GAL_SMT;ORIB_CM,Aetius;Galen;Oribasius,entries_full_v3,0.717,draft
υδωρ ομβριον,ὕδωρ ὄμβριον,υδωρ ομβριον,SUBSTANCE:9,true,υδωρ,,2,9,9,DIOSC_DMM;GAL_SMT,Dioscorides;Galen,diosc_full_v3;entries_full_v3,0.797,draft
υδωρ ομβριον παλαιον,ὕδωρ ὄμβριον παλαιόν,υδωρ ομβριον παλαιον,SUBSTANCE:1,true,υδωρ,,1,1,1,DIOSC_DMM,Dioscorides,diosc_full_v3,0.780,draft
υδωρ ομεριον,ὕδωρ ὀμέριον,υδωρ ομεριον,SUBSTANCE:1,true,υδωρ,,1,1,1,DIOSC_DMM,Dioscorides,diosc_full_v3,0.600,draft
υδωρ ποτιμον,ὕδωρ ποτίμον,υδωρ ποτιμον,SUBSTANCE:1,true,υδωρ,,1,1,1,GAL_SMT,Galen,entries_full_v3,0.700,draft
υδωρ τραγασιον,ὕδωρ Τραγάσιον,υδωρ τραγασιον,SUBSTANCE:1,true,υδωρ,,1,1,1,GAL_SMT,Galen,entries_full_v3,0.800,draft
υδωρ ψυχρον,ὕδωρ ψυχρόν,υδωρ ψυχρον,SUBSTANCE:2,true,υδωρ,,2,2,2,AET_LM;DIOSC_DMM,Aetius;Dioscorides,diosc_full_v3;entries_full_v3,0.760,draft
υεια,ὐεία,υεια,SUBSTANCE_PART:1,false,,,1,1,1,DIOSC_DMM,Dioscorides,diosc_full_v3,0.650,draft
υεια πιμελη,ὑεία πιμελή,υεια πιμελη,SUBSTANCE:1,true,πιμελη,,1,1,1,GAL_SMT,Galen,entries_full_v3,0.580,draft
υειον,ὕειον,υειον,SUBSTANCE:1,false,,,1,1,1,ORIB_CM,Oribasius,entries_full_v3,0.550,draft
υειον αστραγαλον,ὕειον ἀστράγαλον,υειον αστραγαλον,SUBSTANCE_PART:1,true,,,1,1,1,PAUL_AEG,Paul,paul_full_v3,0.900,draft
υειον στεαρ,ὕειον στέαρ,υειον στεαρ,SUBSTANCE:3,true,στεαρ,,2,3,3,GAL_SMT;ORIB_CM,Galen;Oribasius,entries_full_v3,0.847,draft
υειος,ὕειος,υειος,SUBSTANCE:2,false,,,2,2,2,DIOSC_DMM;GAL_SMT,Dioscorides;Galen,diosc_full_v3;entries_full_v3,0.665,draft
υειος αστραγαλος,ὕειος ἀστράγαλος,υειος αστραγαλος,SUBSTANCE:2,true,αστραγαλος,,2,2,2,AET_LM;GAL_SMT,Aetius;Galen,entries_full_v3,0.765,draft
υειος κρεας,ὕειος κρέας,υειος κρεας,SUBSTANCE:1,true,κρεας,,1,1,1,PAUL_AEG,Paul,paul_full_v3,0.820,draft
υελος,ὕελος,υελος,SUBSTANCE:1,false,,,1,1,1,DIOSC_DMM,Dioscorides,diosc_full_v3,0.760,draft
υλη,ὕλη,υλη,SUBSTANCE:6,false,,,3,6,6,AET_LM;GAL_SMT;ORIB_CM,Aetius;Galen;Oribasius,entries_full_v3,0.588,draft
υμενα,ὑμένα,υμενα,SUBSTANCE_PART:1,false,,,1,1,1,DIOSC_DMM,Dioscorides,diosc_full_v3,0.850,draft
υμενωδες,ὑμενῶδες,υμενωδες,SUBSTANCE_PART:2,false,,,2,2,2,AET_LM;PAUL_AEG,Aetius;Paul,entries_full_v3;paul_full_v3,0.760,draft
υοσκυαμινον,ὑοσκυάμινον,υοσκυαμινον,SUBSTANCE:2,false,,,2,2,2,GAL_SMT;ORIB_CM,Galen;Oribasius,entries_full_v3,0.865,draft
υοσκυαμος,ὑοσκύαμος,υοσκυαμος,SUBSTANCE:14,false,,,5,14,14,AET_LM;DIOSC_DMM;GAL_SMT;ORIB_CM;PAUL_AEG,Aetius;Dioscorides;Galen;Oribasius;Paul,diosc_full_v3;entries_full_v3;paul_full_v3,0.867,draft
υοσκυαμος ο μεν το μελαν εχων σπερμα,ὑοσκύαμος ὁ μὲν τὸ μέλαν ἔχων σπέρμα,υοσκυαμος ο μεν το μελαν εχων σπερμα,SUBSTANCE:1,true,υοσκυαμος,,1,1,1,ORIB_CM,Oribasius,entries_full_v3,0.780,draft
υοσκυαμος ο το μελαν εχων σπερμα,ὑοσκύαμος ὁ τὸ μέλαν ἔχων σπέρμα,υοσκυαμος ο το μελαν εχων σπερμα,SUBSTANCE:1,true,υοσκυαμος,,1,1,1,PAUL_AEG,Paul,paul_full_v3,0.840,draft
υοσκυαμος ο το ξανθον σπερμα,ὑοσκύαμος ὁ τὸ ξανθὸν σπέρμα,υοσκυαμος ο το ξανθον σπερμα,SUBSTANCE:1,true,υοσκυαμος,,1,1,1,PAUL_AEG,Paul,paul_full_v3,0.820,draft
υοσκυαμος ου το σπερμα μετριως ξανθον,ὑοσκύαμος οὗ τὸ σπέρμα μετρίως ξανθόν,υοσκυαμος ου το σπερμα μετριως ξανθον,SUBSTANCE:1,true,υοσκυαμος,,1,1,1,ORIB_CM,Oribasius,entries_full_v3,0.720,draft
υοσκυαμου φυλλοις,ὑοσκυάμου φύλλοις,υοσκυαμου φυλλοις,SUBSTANCE_PART:1,true,,,1,1,1,DIOSC_DMM,Dioscorides,diosc_full_v3,0.850,draft
υπαρ,ὖπαρ,υπαρ,SUBSTANCE_PART:1,false,,,1,1,1,DIOSC_DMM,Dioscorides,diosc_full_v3,0.840,draft
υπερικον,ὑπερικόν,υπερικον,SUBSTANCE:16,false,,,5,16,16,AET_LM;DIOSC_DMM;GAL_SMT;ORIB_CM;PAUL_AEG,Aetius;Dioscorides;Galen;Oribasius;Paul,diosc_full_v3;entries_full_v3;paul_full_v3,0.829,draft
υπερικον τηλεον,ὑπερικόν τήλεον,υπερικον τηλεον,SUBSTANCE:1,true,υπερικον,,1,1,1,AET_LM,Aetius,entries_full_v3,0.550,draft
υπηκοον,ὑπήκοον,υπηκοον,SUBSTANCE:3,false,,,3,3,3,DIOSC_DMM;ORIB_CM;PAUL_AEG,Dioscorides;Oribasius;Paul,diosc_full_v3;entries_full_v3;paul_full_v3,0.850,draft
υπνον,ὕπνον,υπνον,SUBSTANCE:1,false,,,1,1,1,AET_LM,Aetius,entries_full_v3,0.700,draft
υπνος,ὕπνος,υπνος,SUBSTANCE:2,false,,,1,2,2,AET_LM,Aetius,entries_full_v3,0.550,draft
υπνωδης δε και ταυτης ο καρπος,ὑπνώδης δὲ καὶ ταύτης ὁ καρπὸς,υπνωδης δε και ταυτης ο καρπος,SUBSTANCE_PART:1,false,,,1,1,1,GAL_SMT,Galen,entries_full_v3,0.600,draft
υπνωτικος,ὑπνωτικός,υπνωτικος,SUBSTANCE:1,false,,,1,1,1,AET_LM,Aetius,entries_full_v3,0.700,draft
υπνωτικος στρυχνος,ὑπνωτικός στρύχνος,υπνωτικος στρυχνος,SUBSTANCE:1,true,στρυχνος,,1,1,1,GAL_SMT,Galen,entries_full_v3,0.880,draft
υπογλωσσον,ὑπόγλωσσον,υπογλωσσον,SUBSTANCE:3,false,,,3,3,3,DIOSC_DMM;GAL_SMT;PAUL_AEG,Dioscorides;Galen;Paul,diosc_full_v3;entries_full_v3;paul_full_v3,0.870,draft
υπογλωσσος,ὑπόγλωσσος,υπογλωσσος,SUBSTANCE:1,false,,,1,1,1,ORIB_CM,Oribasius,entries_full_v3,0.800,draft
υπογλωττον,ὑπόγλωττον,υπογλωττον,SUBSTANCE:1,false,,,1,1,1,DIOSC_DMM,Dioscorides,diosc_full_v3,0.650,draft
υποκιρρος προσφατος ελαια,ὑπόκιρρος πρόσφατος ἐλαία,υποκιρρος προσφατος ελαια,SUBSTANCE:1,true,ελαια,,1,1,1,DIOSC_DMM,Dioscorides,diosc_full_v3,0.760,draft
υποκιστις,ὑποκιστίς,υποκιστις,SUBSTANCE:10,false,,,5,10,10,AET_LM;DIOSC_DMM;GAL_SMT;ORIB_CM;PAUL_AEG,Aetius;Dioscorides;Galen;Oribasius;Paul,diosc_full_v3;entries_full_v3;paul_full_v3,0.844,draft
υποκυστις,ὑποκυστίς,υποκυστις,SUBSTANCE:5,false,,,2,5,5,AET_LM;GAL_SMT,Aetius;Galen,entries_full_v3,0.716,draft
υπολειμμα,ὑπόλειμμα,υπολειμμα,SUBSTANCE:1,false,,,1,1,1,GAL_SMT,Galen,entries_full_v3,0.650,draft
υπολευκος,ὑπόλευκος,υπολευκος,SUBSTANCE:1,false,,,1,1,1,AET_LM,Aetius,entries_full_v3,0.600,draft
υπορριζα,ὑπόρριζα,υπορριζα,SUBSTANCE_PART:1,false,,,1,1,1,DIOSC_DMM,Dioscorides,diosc_full_v3,0.850,draft
υποσταθμη ελαιας,ὑποστάθμη ἐλαίας,υποσταθμη ελαιας,SUBSTANCE_PART:1,true,,,1,1,1,DIOSC_DMM,Dioscorides,diosc_full_v3,0.800,draft
υποσταθμη του ουρου,ὑποστάθμη τοῦ οὔρου,υποσταθμη του ουρου,SUBSTANCE_PART:1,true,,,1,1,1,DIOSC_DMM,Dioscorides,diosc_full_v3,0.840,draft
υποσχιστις,ὑποσχιστίς,υποσχιστις,SUBSTANCE:1,false,,,1,1,1,ORIB_CM,Oribasius,entries_full_v3,0.820,draft
υποφαιστον,ὑπόφαιστον,υποφαιστον,SUBSTANCE:1,false,,,1,1,1,PAUL_AEG,Paul,paul_full_v3,0.880,draft
υποχλωρος ιασπις,υποχλωρος ιασπις,υποχλωρος ιασπις,SUBSTANCE:1,true,ιασπις,,1,1,1,PAUL_AEG,Paul,paul_full_v3,0.900,draft
υς,ὗς,υς,SUBSTANCE:3,false,,,1,3,3,AET_LM,Aetius,entries_full_v3,0.710,draft
υς ορχις,ὗς ὄρχις,υς ορχις,SUBSTANCE:1,true,ορχις,,1,1,1,AET_LM,Aetius,entries_full_v3,0.700,draft
υσοβρυον,ὑσόβρυον,υσοβρυον,SUBSTANCE:1,false,,,1,1,1,DIOSC_DMM,Dioscorides,diosc_full_v3,0.850,draft
υσσωπον,ὕσσωπον,υσσωπον,SUBSTANCE:3,false,,,3,3,3,AET_LM;GAL_SMT;PAUL_AEG,Aetius;Galen;Paul,entries_full_v3;paul_full_v3,0.960,draft
υσσωπος,ὕσσωπος,υσσωπος,SUBSTANCE:20,false,,κιλικια,5,20,20,AET_LM;DIOSC_DMM;GAL_ALIM;GAL_SMT;PAUL_AEG,Aetius;Dioscorides;Galen;Paul,diosc_full_v3;entries_full_v3;paul_full_v3,0.846,draft
υσσωπος κιλικιος,ὕσσωπος Κιλίκιος,υσσωπος κιλικιος,SUBSTANCE:1,true,υσσωπος,κιλικια,1,1,1,DIOSC_DMM,Dioscorides,diosc_full_v3,0.780,draft
υφαιμον,ὕφαιμον,υφαιμον,SUBSTANCE:1,false,,,1,1,1,DIOSC_DMM,Dioscorides,diosc_full_v3,0.780,draft
υφασμα,ὕφασμα,υφασμα,SUBSTANCE:1,false,,,1,1,1,GAL_SMT,Galen,entries_full_v3,0.700,draft
υφασμα αραχνης,ὕφασμα ἀράχνης,υφασμα αραχνης,SUBSTANCE:1,true,υφασμα,,1,1,1,GAL_SMT,Galen,entries_full_v3,0.850,draft
υφος,ὕφος,υφος,SUBSTANCE_PART:1,false,,,1,1,1,DIOSC_DMM,Dioscorides,diosc_full_v3,0.850,draft
υων πιμελη,ὑῶν πιμελή,υων πιμελη,SUBSTANCE:1,true,πιμελη,,1,1,1,AET_LM,Aetius,entries_full_v3,0.850,draft
φαβα,φάβα,φαβα,SUBSTANCE:1,false,,,1,1,1,AET_LM,Aetius,entries_full_v3,0.720,draft
φαγρος,φάγρος,φαγρος,SUBSTANCE:1,false,,,1,1,1,AET_LM,Aetius,entries_full_v3,0.720,draft
φακη,φακή,φακη,SUBSTANCE:7,false,,,3,7,7,AET_LM;DIOSC_DMM;GAL_ALIM,Aetius;Dioscorides;Galen,diosc_full_v3;entries_full_v3,0.807,draft
φακοειδης,φακοειδής,φακοειδης,SUBSTANCE:1,false,,,1,1,1,DIOSC_DMM,Dioscorides,diosc_full_v3,0.550,draft
φακος,φακός,φακος,SUBSTANCE:23,false,,,6,23,23,AET_LM;DIOSC_DMM;GAL_ALIM;GAL_SMT;ORIB_CM;PAUL_AEG,Aetius;Dioscorides;Galen;Oribasius;Paul,diosc_full_v3;entries_full_v3;paul_full_v3,0.880,draft
φακος επι τελματων,φακὸς ἐπὶ τελμάτων,φακος επι τελματων,SUBSTANCE:1,true,φακος,,1,1,1,GAL_SMT,Galen,entries_full_v3,0.700,draft
φακος επι των τελματων,φακός ἐπὶ τῶν τελμάτων,φακος επι των τελματων,SUBSTANCE:1,true,φακος,,1,1,1,DIOSC_DMM,Dioscorides,diosc_full_v3,0.720,draft
φακος ο επι των τελματων,φακὸς ὁ ἐπὶ τῶν τελμάτων,φακος ο επι των τελματων,SUBSTANCE:2,true,φακος,τελμα,2,2,2,ORIB_CM;PAUL_AEG,Oribasius;Paul,entries_full_v3;paul_full_v3,0.790,draft
φαλαγγιον,φαλάγγιον,φαλαγγιον,SUBSTANCE:2,false,,,1,2,2,DIOSC_DMM,Dioscorides,diosc_full_v3,0.825,draft
φαλαγγιτης,φαλαγγίτης,φαλαγγιτης,SUBSTANCE:1,false,,,1,1,1,GAL_SMT,Galen,entries_full_v3,0.900,draft
φαλαγγιτις,Φαλαγγῖτις,φαλαγγιτις,SUBSTANCE:3,false,,,3,3,3,DIOSC_DMM;ORIB_CM;PAUL_AEG,Dioscorides;Oribasius;Paul,diosc_full_v3;entries_full_v3;paul_full_v3,0.907,draft
φαλερινος,Φαλερῖνος,φαλερινος,SUBSTANCE:1,false,,,1,1,1,DIOSC_DMM,Dioscorides,diosc_full_v3,0.850,draft
φαληριδος ο χυλος,Φαληρίδος ὁ χυλὸς,φαληριδος ο χυλος,SUBSTANCE_PART:1,true,,,1,1,1,PAUL_AEG,Paul,paul_full_v3,0.900,draft
φαληριδος της ποας,φαληρίδος τῆς πόας,φαληριδος της ποας,SUBSTANCE_PART:1,true,,,1,1,1,GAL_SMT,Galen,entries_full_v3,0.780,draft
φαληρις,φαληρίς,φαληρις,SUBSTANCE:4,false,,,4,4,4,DIOSC_DMM;GAL_SMT;ORIB_CM;PAUL_AEG,Dioscorides;Galen;Oribasius;Paul,diosc_full_v3;entries_full_v3;paul_full_v3,0.762,draft
φαρικον,φαρικόν,φαρικον,SUBSTANCE:1,false,,,1,1,1,DIOSC_DMM,Dioscorides,diosc_full_v3,0.800,draft
φαρμακιτις,φαρμακῖτις,φαρμακιτις,SUBSTANCE:2,false,,σελευκεια,2,2,2,AET_LM;DIOSC_DMM,Aetius;Dioscorides,diosc_full_v3;entries_full_v3,0.805,draft
φαρμακιτις γη,φαρμακῖτις γῆ,φαρμακιτις γη,SUBSTANCE:1,true,γη,,1,1,1,GAL_SMT,Galen,entries_full_v3,0.800,draft
φαρμακον,φάρμακον,φαρμακον,SUBSTANCE:101,true,φαρμακον,,6,100,101,AET_LM;DIOSC_DMM;GAL_ALIM;GAL_SMT;ORIB_CM;PAUL_AEG,Aetius;Dioscorides;Galen;Oribasius;Paul,diosc_full_v3;entries_full_v3;paul_full_v3,0.656,draft
φαρμακον θανασιμον,φάρμακον θανασίμον,φαρμακον θανασιμον,SUBSTANCE:1,true,φαρμακον,,1,1,1,DIOSC_DMM,Dioscorides,diosc_full_v3,0.700,draft
φαρμακωδης γη,φαρμακώδης γῆ,φαρμακωδης γη,SUBSTANCE:1,true,γη,,1,1,1,GAL_SMT,Galen,entries_full_v3,0.800,draft
φασγανιον,φασγάνιον,φασγανιον,SUBSTANCE:4,false,,,4,4,4,AET_LM;DIOSC_DMM;GAL_SMT;PAUL_AEG,Aetius;Dioscorides;Galen;Paul,diosc_full_v3;entries_full_v3;paul_full_v3,0.838,draft
φασγανον,φάσγανον,φασγανον,SUBSTANCE:1,false,,,1,1,1,DIOSC_DMM,Dioscorides,diosc_full_v3,0.780,draft
φασηλιον,φασήλιον,φασηλιον,SUBSTANCE:2,false,,,2,2,2,DIOSC_DMM;ORIB_CM,Dioscorides;Oribasius,diosc_full_v3;entries_full_v3,0.855,draft
φασηλιον σπερμα,φασήλιον σπέρμα,φασηλιον σπερμα,SUBSTANCE_PART:1,true,,,1,1,1,ORIB_CM,Oribasius,entries_full_v3,0.760,draft
φασηλος,φάσηλος,φασηλος,SUBSTANCE:5,false,,,2,5,5,AET_LM;GAL_ALIM,Aetius;Galen,entries_full_v3,0.880,draft
φασιανικος,φασιανικός,φασιανικος,SUBSTANCE:1,false,,,1,1,1,AET_LM,Aetius,entries_full_v3,0.780,draft
φασιλιον,φασίλιον,φασιλιον,SUBSTANCE:1,false,,,1,1,1,PAUL_AEG,Paul,paul_full_v3,0.900,draft
φασιλιον σπερμα,φασίλιον σπέρμα,φασιλιον σπερμα,SUBSTANCE_PART:1,true,,,1,1,1,PAUL_AEG,Paul,paul_full_v3,0.870,draft
φασιολον,φασίολον,φασιολον,SUBSTANCE:1,false,,,1,1,1,GAL_SMT,Galen,entries_full_v3,0.750,draft
φασιολον σπερμα,φασίoλον σπέρμα,φασιολον σπερμα,SUBSTANCE_PART:1,true,,,1,1,1,GAL_SMT,Galen,entries_full_v3,0.800,draft
φασιολος,φασίολος,φασιολος,SUBSTANCE:1,false,,,1,1,1,AET_LM,Aetius,entries_full_v3,0.820,draft
φαττα,φάττα,φαττα,SUBSTANCE:1,false,,,1,1,1,AET_LM,Aetius,entries_full_v3,0.780,draft
φαττης,φάττης,φαττης,SUBSTANCE_PART:1,false,,,1,1,1,PAUL_AEG,Paul,paul_full_v3,0.700,draft
φαττης αιμα,φάττης αἷμα,φαττης αιμα,SUBSTANCE:1,true,αιμα,,1,1,1,AET_LM,Aetius,entries_full_v3,0.800,draft
φελλος,φελλός,φελλος,SUBSTANCE:1,false,,,1,1,1,PAUL_AEG,Paul,paul_full_v3,0.920,draft
φερομβρον,φέρομβρον,φερομβρον,SUBSTANCE:1,false,,,1,1,1,DIOSC_DMM,Dioscorides,diosc_full_v3,0.720,draft
φηγος,φηγός,φηγος,SUBSTANCE:4,false,,,3,4,4,AET_LM;DIOSC_DMM;GAL_SMT,Aetius;Dioscorides;Galen,diosc_full_v3;entries_full_v3,0.860,draft
φηνη,φηνή,φηνη,SUBSTANCE:1,false,,,1,1,1,DIOSC_DMM,Dioscorides,diosc_full_v3,0.650,draft
φθοριος εμβρυων οινος,φθόριος ἐμβρύων οἶνος,φθοριος εμβρυων οινος,SUBSTANCE:1,true,οινος,,1,1,1,DIOSC_DMM,Dioscorides,diosc_full_v3,0.870,draft
φιλανθρωπον,φιλάνθρωπον,φιλανθρωπον,SUBSTANCE:3,false,,,3,3,3,AET_LM;DIOSC_DMM;PAUL_AEG,Aetius;Dioscorides;Paul,diosc_full_v3;entries_full_v3;paul_full_v3,0.840,draft
φιλανθρωπος,φιλάνθρωπος,φιλανθρωπος,SUBSTANCE:2,false,,,2,2,2,AET_LM;GAL_SMT,Aetius;Galen,entries_full_v3,0.750,draft
φιλεταιριον,φιλεταίριον,φιλεταιριον,SUBSTANCE:7,false,,,5,7,7,AET_LM;DIOSC_DMM;GAL_SMT;ORIB_CM;PAUL_AEG,Aetius;Dioscorides;Galen;Oribasius;Paul,diosc_full_v3;entries_full_v3;paul_full_v3,0.821,draft
φιλεταιρον,φιλέταιρον,φιλεταιρον,SUBSTANCE:1,false,,,1,1,1,PAUL_AEG,Paul,paul_full_v3,0.900,draft
φιλοφαρες,φιλοφαρές,φιλοφαρες,SUBSTANCE:1,false,,,1,1,1,DIOSC_DMM,Dioscorides,diosc_full_v3,0.850,draft
φιλυρα,φιλύρα,φιλυρα,SUBSTANCE:2,false,,,2,2,2,DIOSC_DMM;PAUL_AEG,Dioscorides;Paul,diosc_full_v3;paul_full_v3,0.905,draft
φιλυρας του δενδρου τα φυλλα,Φιλύρας τοῦ δένδρου τὰ φύλλα,φιλυρας του δενδρου τα φυλλα,SUBSTANCE_PART:1,true,,,1,1,1,PAUL_AEG,Paul,paul_full_v3,0.840,draft
φλεγμα,φλέγμα,φλεγμα,SUBSTANCE:58,false,,,5,58,58,AET_LM;DIOSC_DMM;GAL_ALIM;GAL_SMT;PAUL_AEG,Aetius;Dioscorides;Galen;Paul,diosc_full_v3;entries_full_v3;paul_full_v3,0.847,draft
φλεγμα γλισχρον,φλέγμα γλίσχρον,φλεγμα γλισχρον,SUBSTANCE:1,true,φλεγμα,,1,1,1,AET_LM,Aetius,entries_full_v3,0.700,draft
φλεγματωδες αιμα,φλεγματῶδες αἷμα,φλεγματωδες αιμα,SUBSTANCE:1,true,αιμα,,1,1,1,GAL_SMT,Galen,entries_full_v3,0.760,draft
φλεγματωδης,φλεγματώδης,φλεγματωδης,SUBSTANCE:1,false,,,1,1,1,DIOSC_DMM,Dioscorides,diosc_full_v3,0.650,draft
φλεγματωδης χυμος,φλεγματώδης χυμός,φλεγματωδης χυμος,SUBSTANCE:1,true,χυμος,,1,1,1,AET_LM,Aetius,entries_full_v3,0.860,draft
φλοιον,φλοιὸν,φλοιον,SUBSTANCE_PART:13,false,,,4,13,13,AET_LM;DIOSC_DMM;GAL_ALIM;GAL_SMT,Aetius;Dioscorides;Galen,diosc_full_v3;entries_full_v3,0.802,draft
φλοιος,φλοιὸς,φλοιος,SUBSTANCE_PART:52,false,,,5,52,52,AET_LM;DIOSC_DMM;GAL_SMT;ORIB_CM;PAUL_AEG,Aetius;Dioscorides;Galen;Oribasius;Paul,diosc_full_v3;entries_full_v3;paul_full_v3,0.849,draft
φλοιος αυτου,φλοιὸς αὐτοῦ,φλοιος αυτου,SUBSTANCE_PART:1,true,,,1,1,1,GAL_SMT,Galen,entries_full_v3,0.850,draft
φλοιος δε λιβανου,φλοιὸς δὲ λιβάνου,φλοιος δε λιβανου,SUBSTANCE_PART:1,true,,,1,1,1,DIOSC_DMM,Dioscorides,diosc_full_v3,0.900,draft
φλοιος ριζης,φλοιὸς ῥίζης,φλοιος ριζης,SUBSTANCE_PART:2,true,,,1,2,2,AET_LM,Aetius,entries_full_v3,0.800,draft
φλοιος στροβιλου,φλοιὸς στροβίλου,φλοιος στροβιλου,SUBSTANCE_PART:1,true,,,1,1,1,DIOSC_DMM,Dioscorides,diosc_full_v3,0.850,draft
φλοιος της ριζης,φλοιὸς τῆς ῥίζης,φλοιος της ριζης,SUBSTANCE_PART:5,true,,,3,5,5,AET_LM;DIOSC_DMM;GAL_SMT,Aetius;Dioscorides;Galen,diosc_full_v3;entries_full_v3,0.814,draft
φλοιου,φλοιοῦ,φλοιου,SUBSTANCE_PART:2,false,,,2,2,2,AET_LM;DIOSC_DMM,Aetius;Dioscorides,diosc_full_v3;entries_full_v3,0.750,draft
φλοιῳ,φλοιῷ,φλοιῳ,SUBSTANCE_PART:2,false,,,2,2,2,GAL_SMT;ORIB_CM,Galen;Oribasius,entries_full_v3,0.850,draft
φλομις,φλομίς,φλομις,SUBSTANCE:2,false,,,2,2,2,DIOSC_DMM;GAL_SMT,Dioscorides;Galen,diosc_full_v3;entries_full_v3,0.755,draft
φλομιτις,φλομῖτις,φλομιτις,SUBSTANCE:1,false,,,1,1,1,PAUL_AEG,Paul,paul_full_v3,0.850,draft
φλομος,φλόμος,φλομος,SUBSTANCE:21,false,,,5,21,21,AET_LM;DIOSC_DMM;GAL_SMT;ORIB_CM;PAUL_AEG,Aetius;Dioscorides;Galen;Oribasius;Paul,diosc_full_v3;entries_full_v3;paul_full_v3,0.786,draft
φλομος αγριος,φλόμος ἄγριος,φλομος αγριος,SUBSTANCE:1,true,φλομος,,1,1,1,GAL_SMT,Galen,entries_full_v3,0.800,draft
φλομος ιδαιος,φλόμος Ἰδαῖος,φλομος ιδαιος,SUBSTANCE:1,true,φλομος,ιδη,1,1,1,DIOSC_DMM,Dioscorides,diosc_full_v3,0.850,draft
φλομος λευκη,φλόμος λευκή,φλομος λευκη,SUBSTANCE:1,true,φλομος,,1,1,1,ORIB_CM,Oribasius,entries_full_v3,0.860,draft
φλομος μελαινη,φλόμος μελαίνη,φλομος μελαινη,SUBSTANCE:1,true,φλομος,,1,1,1,ORIB_CM,Oribasius,entries_full_v3,0.860,draft
φλομος στενοφυλλος,φλόμος στενόφυλλος,φλομος στενοφυλλος,SUBSTANCE:1,true,φλομος,,1,1,1,DIOSC_DMM,Dioscorides,diosc_full_v3,0.750,draft
φλομος στεφανωματικος,φλόμος στεφανωματικός,φλομος στεφανωματικος,SUBSTANCE:1,true,φλομος,,1,1,1,DIOSC_DMM,Dioscorides,diosc_full_v3,0.550,draft
φλονιτις,φλονῖτις,φλονιτις,SUBSTANCE:2,false,,,2,2,2,DIOSC_DMM;GAL_SMT,Dioscorides;Galen,diosc_full_v3;entries_full_v3,0.650,draft
φοινικιτης,φοινικίτης,φοινικιτης,SUBSTANCE:1,false,,,1,1,1,DIOSC_DMM,Dioscorides,diosc_full_v3,0.880,draft
φοινικοβαλανος,φοινικοβάλανος,φοινικοβαλανος,SUBSTANCE:1,false,,,1,1,1,DIOSC_DMM,Dioscorides,diosc_full_v3,0.860,draft
φοινικουν,φοινικοῦν,φοινικουν,SUBSTANCE:1,false,,,1,1,1,DIOSC_DMM,Dioscorides,diosc_full_v3,0.700,draft
φοινιξ,φοῖνιξ,φοινιξ,SUBSTANCE:12,false,,,6,12,12,AET_LM;DIOSC_DMM;GAL_ALIM;GAL_SMT;ORIB_CM;PAUL_AEG,Aetius;Dioscorides;Galen;Oribasius;Paul,diosc_full_v3;entries_full_v3;paul_full_v3,0.891,draft
φοινιξ θηβαικος,φοῖνιξ Θηβαϊκός,φοινιξ θηβαικος,SUBSTANCE:1,true,φοινιξ,θηβαι,1,1,1,DIOSC_DMM,Dioscorides,diosc_full_v3,0.780,draft
φοινιξ χυδαιος,φοῖνιξ χυδαῖος,φοινιξ χυδαιος,SUBSTANCE:1,true,φοινιξ,,1,1,1,DIOSC_DMM,Dioscorides,diosc_full_v3,0.700,draft
φορβιον,φόρβιον,φορβιον,SUBSTANCE:1,false,,,1,1,1,GAL_SMT,Galen,entries_full_v3,0.780,draft
φορβιου σπερματι,φορβίου σπέρματι,φορβιου σπερματι,SUBSTANCE_PART:1,true,,,1,1,1,GAL_SMT,Galen,entries_full_v3,0.880,draft
φορμιον,Φόρμιον,φορμιον,SUBSTANCE:2,false,,,2,2,2,ORIB_CM;PAUL_AEG,Oribasius;Paul,entries_full_v3;paul_full_v3,0.825,draft
φορυτον,φόρυτον,φορυτον,SUBSTANCE:1,false,,,1,1,1,PAUL_AEG,Paul,paul_full_v3,0.600,draft
φορυτος,φόρυτος,φορυτος,SUBSTANCE:1,false,,,1,1,1,GAL_SMT,Galen,entries_full_v3,0.560,draft
φου,φοῦ,φου,SUBSTANCE:9,false,,ποντος,5,9,9,AET_LM;DIOSC_DMM;GAL_SMT;ORIB_CM;PAUL_AEG,Aetius;Dioscorides;Galen;Oribasius;Paul,diosc_full_v3;entries_full_v3;paul_full_v3,0.630,draft
φου η ριζα,Φοῦ ἡ ῥίζα,φου η ριζα,SUBSTANCE_PART:1,true,,,1,1,1,ORIB_CM,Oribasius,entries_full_v3,0.750,draft
φραγμιτης,φραγμίτης,φραγμιτης,SUBSTANCE:2,false,,,2,2,2,DIOSC_DMM;PAUL_AEG,Dioscorides;Paul,diosc_full_v3;paul_full_v3,0.835,draft
φρυγανον,φρύγανον,φρυγανον,SUBSTANCE:1,false,,,1,1,1,DIOSC_DMM,Dioscorides,diosc_full_v3,0.400,draft
φρυγεισα κριθη,φρυγεῖσα κριθή,φρυγεισα κριθη,SUBSTANCE:1,true,κριθη,,1,1,1,AET_LM,Aetius,entries_full_v3,0.700,draft
φρυγιος,Φρύγιος,φρυγιος,SUBSTANCE:5,false,,φρυγια,4,5,5,DIOSC_DMM;GAL_SMT;ORIB_CM;PAUL_AEG,Dioscorides;Galen;Oribasius;Paul,diosc_full_v3;entries_full_v3;paul_full_v3,0.720,draft
φρυγιος λιθος,Φρύγιος λίθος,φρυγιος λιθος,SUBSTANCE:1,true,λιθος,φρυγια,1,1,1,DIOSC_DMM,Dioscorides,diosc_full_v3,0.750,draft
φρυκτη ρητινη,φρυκτὴ ῥητίνη,φρυκτη ρητινη,SUBSTANCE:1,true,ρητινη,,1,1,1,AET_LM,Aetius,entries_full_v3,0.750,draft
φρυνινον,φρύνινον,φρυνινον,SUBSTANCE:1,false,,,1,1,1,PAUL_AEG,Paul,paul_full_v3,0.850,draft
φρυνιον,φρύνιον,φρυνιον,SUBSTANCE:1,false,,,1,1,1,DIOSC_DMM,Dioscorides,diosc_full_v3,0.850,draft
φρυνος,φρῦνος,φρυνος,SUBSTANCE:1,false,,,1,1,1,DIOSC_DMM,Dioscorides,diosc_full_v3,0.750,draft
φυ,φῦ,φυ,SUBSTANCE:1,false,,,1,1,1,ORIB_CM,Oribasius,entries_full_v3,0.700,draft
φυγελιτης,Φυγελίτης,φυγελιτης,SUBSTANCE:1,false,,εφεσος,1,1,1,DIOSC_DMM,Dioscorides,diosc_full_v3,0.800,draft
φυκη,φύκη,φυκη,SUBSTANCE:1,false,,,1,1,1,PAUL_AEG,Paul,paul_full_v3,0.750,draft
φυκις,φυκίς,φυκις,SUBSTANCE:1,false,,,1,1,1,AET_LM,Aetius,entries_full_v3,0.720,draft
φυκος,φῦκος,φυκος,SUBSTANCE:12,false,,,5,12,12,AET_LM;DIOSC_DMM;GAL_SMT;ORIB_CM;PAUL_AEG,Aetius;Dioscorides;Galen;Oribasius;Paul,diosc_full_v3;entries_full_v3;paul_full_v3,0.897,draft
φυκος θαλασσιον,φῦκος θαλάσσιον,φυκος θαλασσιον,SUBSTANCE:1,true,φυκος,,1,1,1,DIOSC_DMM,Dioscorides,diosc_full_v3,0.900,draft
φυλλα,φύλλα,φυλλα,SUBSTANCE_PART:360,false,,ιδη;παρνασσος,5,356,360,AET_LM;DIOSC_DMM;GAL_SMT;ORIB_CM;PAUL_AEG,Aetius;Dioscorides;Galen;Oribasius;Paul,diosc_full_v3;entries_full_v3;paul_full_v3,0.854,draft
φυλλα βατου,φύλλα βάτου,φυλλα βατου,SUBSTANCE_PART:1,true,,,1,1,1,GAL_SMT,Galen,entries_full_v3,0.900,draft
φυλλα λαπαθου,φύλλα λαπάθου,φυλλα λαπαθου,SUBSTANCE_PART:1,true,,,1,1,1,GAL_SMT,Galen,entries_full_v3,0.860,draft
φυλλα στροβιλου,φύλλα στροβίλου,φυλλα στροβιλου,SUBSTANCE_PART:1,true,,,1,1,1,DIOSC_DMM,Dioscorides,diosc_full_v3,0.750,draft
φυλλα της βοτανης,φύλλα τῆς βοτάνης,φυλλα της βοτανης,SUBSTANCE_PART:2,true,,,1,2,2,ORIB_CM,Oribasius,entries_full_v3,0.800,draft
φυλλα της κυπρου,φύλλα τῆς κύπρου,φυλλα της κυπρου,SUBSTANCE_PART:1,true,,,1,1,1,AET_LM,Aetius,entries_full_v3,0.900,draft
φυλλα της ραφανιδος,φύλλα τῆς ῥαφανίδος,φυλλα της ραφανιδος,SUBSTANCE_PART:1,true,,,1,1,1,GAL_ALIM,Galen,entries_full_v3,0.880,draft
φυλλαρια,φυλλάρια,φυλλαρια,SUBSTANCE_PART:10,false,,,1,10,10,DIOSC_DMM,Dioscorides,diosc_full_v3,0.786,draft
φυλλαριοις,φυλλαρίοις,φυλλαριοις,SUBSTANCE_PART:3,false,,,1,3,3,DIOSC_DMM,Dioscorides,diosc_full_v3,0.793,draft
φυλλιτις,φυλλῖτις,φυλλιτις,SUBSTANCE:4,false,,,4,4,4,DIOSC_DMM;GAL_SMT;ORIB_CM;PAUL_AEG,Dioscorides;Galen;Oribasius;Paul,diosc_full_v3;entries_full_v3;paul_full_v3,0.907,draft
φυλλοις,φύλλοις,φυλλοις,SUBSTANCE_PART:33,false,,,5,33,33,AET_LM;DIOSC_DMM;GAL_SMT;ORIB_CM;PAUL_AEG,Aetius;Dioscorides;Galen;Oribasius;Paul,diosc_full_v3;entries_full_v3;paul_full_v3,0.809,draft
φυλλοις αμφοτερων των δενδρων,φύλλοις ἀμφοτέρων τῶν δένδρων,φυλλοις αμφοτερων των δενδρων,SUBSTANCE_PART:2,true,,,1,1,2,AET_LM,Aetius,entries_full_v3,0.600,draft
φυλλοις κικεας,φύλλοις κικέας,φυλλοις κικεας,SUBSTANCE_PART:1,true,,,1,1,1,AET_LM,Aetius,entries_full_v3,0.650,draft
φυλλον,φύλλον,φυλλον,SUBSTANCE:3;SUBSTANCE_PART:21,false,,,3,24,24,AET_LM;DIOSC_DMM;ORIB_CM,Aetius;Dioscorides;Oribasius,diosc_full_v3;entries_full_v3,0.805,draft
φυλλον ινδικον,φύλλον ἰνδικόν,φυλλον ινδικον,SUBSTANCE:1,true,φυλλον,ινδικος,1,1,1,AET_LM,Aetius,entries_full_v3,0.720,draft
φυλλον μαλαβαθρου,φύλλον μαλαβάθρου,φυλλον μαλαβαθρου,SUBSTANCE_PART:2,true,,,2,2,2,GAL_SMT;ORIB_CM,Galen;Oribasius,entries_full_v3,0.880,draft
φυλλου,φύλλου,φυλλου,SUBSTANCE_PART:1,false,,,1,1,1,DIOSC_DMM,Dioscorides,diosc_full_v3,0.760,draft
φυλλου ναρδοσταχυος,φύλλου ναρδοστάχυος,φυλλου ναρδοσταχυος,SUBSTANCE_PART:1,true,,,1,1,1,AET_LM,Aetius,entries_full_v3,0.850,draft
φυλλων,φύλλων,φυλλων,SUBSTANCE_PART:30,false,,κιλικια,5,30,30,AET_LM;DIOSC_DMM;GAL_SMT;ORIB_CM;PAUL_AEG,Aetius;Dioscorides;Galen;Oribasius;Paul,diosc_full_v3;entries_full_v3;paul_full_v3,0.826,draft
φυλλων αμπελου,φύλλων ἀμπέλου,φυλλων αμπελου,SUBSTANCE_PART:2,true,,,2,2,2,AET_LM;DIOSC_DMM,Aetius;Dioscorides,diosc_full_v3;entries_full_v3,0.865,draft
φυλλων δαφνης,φύλλων δάφνης,φυλλων δαφνης,SUBSTANCE_PART:1,true,,,1,1,1,GAL_SMT,Galen,entries_full_v3,0.820,draft
φυλλων ηριγεροντος,φύλλων ἠριγέροντος,φυλλων ηριγεροντος,SUBSTANCE_PART:1,true,,,1,1,1,DIOSC_DMM,Dioscorides,diosc_full_v3,0.820,draft
φυλλων θριδακινης,φύλλων θριδακίνης,φυλλων θριδακινης,SUBSTANCE_PART:1,true,,,1,1,1,AET_LM,Aetius,entries_full_v3,0.800,draft
φυλλων καππαρεως,φύλλων καππάρεως,φυλλων καππαρεως,SUBSTANCE_PART:1,true,,,1,1,1,AET_LM,Aetius,entries_full_v3,0.780,draft
φυλλων τευτλου,φύλλων τεύτλου,φυλλων τευτλου,SUBSTANCE_PART:1,true,,,1,1,1,AET_LM,Aetius,entries_full_v3,0.800,draft
φυλλων της κυπρου,φύλλων τῆς κύπρου,φυλλων της κυπρου,SUBSTANCE_PART:1,true,,,1,1,1,AET_LM,Aetius,entries_full_v3,0.740,draft
φυλλων της μυρσινης,φύλλων τῆς μυρσίνης,φυλλων της μυρσινης,SUBSTANCE_PART:1,true,,,1,1,1,AET_LM,Aetius,entries_full_v3,0.850,draft
φυσωδες πνευμα,φυσῶδες πνεῦμα,φυσωδες πνευμα,SUBSTANCE:2,true,πνευμα,,2,2,2,AET_LM;GAL_SMT,Aetius;Galen,entries_full_v3,0.700,draft
φυτευμα,φύτευμα,φυτευμα,SUBSTANCE:1,false,,,1,1,1,DIOSC_DMM,Dioscorides,diosc_full_v3,0.700,draft
φυτον,φυτόν,φυτον,SUBSTANCE:2,false,,,2,2,2,AET_LM;DIOSC_DMM,Aetius;Dioscorides,diosc_full_v3;entries_full_v3,0.375,draft
φωκη,φώκη,φωκη,SUBSTANCE:1,false,,,1,1,1,GAL_SMT,Galen,entries_full_v3,0.700,draft
χαλαστραιον,χαλαστραῖον,χαλαστραιον,SUBSTANCE:1,false,,χαλεστρα,1,1,1,PAUL_AEG,Paul,paul_full_v3,0.660,draft
χαλβανη,χαλβάνη,χαλβανη,SUBSTANCE:8,false,,,5,8,8,AET_LM;DIOSC_DMM;GAL_SMT;ORIB_CM;PAUL_AEG,Aetius;Dioscorides;Galen;Oribasius;Paul,diosc_full_v3;entries_full_v3;paul_full_v3,0.919,draft
χαλκανθεμον,χαλκάνθεμον,χαλκανθεμον,SUBSTANCE:1,false,,,1,1,1,DIOSC_DMM,Dioscorides,diosc_full_v3,0.860,draft
χαλκανθες,χαλκανθές,χαλκανθες,SUBSTANCE:1,false,,,1,1,1,DIOSC_DMM,Dioscorides,diosc_full_v3,0.900,draft
χαλκανθον,χαλκάνθον,χαλκανθον,SUBSTANCE:6,false,,,2,6,6,AET_LM;DIOSC_DMM,Aetius;Dioscorides,diosc_full_v3;entries_full_v3,0.865,draft
χαλκανθος,χαλκάνθος,χαλκανθος,SUBSTANCE:10,false,,κυπρος,5,10,10,AET_LM;DIOSC_DMM;GAL_SMT;ORIB_CM;PAUL_AEG,Aetius;Dioscorides;Galen;Oribasius;Paul,diosc_full_v3;entries_full_v3;paul_full_v3,0.865,draft
χαλκας,χάλκας,χαλκας,SUBSTANCE:1,false,,,1,1,1,DIOSC_DMM,Dioscorides,diosc_full_v3,0.870,draft
χαλκιδικη σαυρα,Χαλκιδικὴ σαύρα,χαλκιδικη σαυρα,SUBSTANCE:2,true,σαυρα,χαλκιδικη,2,2,2,DIOSC_DMM;PAUL_AEG,Dioscorides;Paul,diosc_full_v3;paul_full_v3,0.745,draft
χαλκιτης,χαλκίτης,χαλκιτης,SUBSTANCE:4,false,,,3,4,4,DIOSC_DMM;GAL_SMT;ORIB_CM,Dioscorides;Galen;Oribasius,diosc_full_v3;entries_full_v3,0.787,draft
χαλκιτις,χαλκῖτις,χαλκιτις,SUBSTANCE:21,false,,κυπρος,5,21,21,AET_LM;DIOSC_DMM;GAL_SMT;ORIB_CM;PAUL_AEG,Aetius;Dioscorides;Galen;Oribasius;Paul,diosc_full_v3;entries_full_v3;paul_full_v3,0.873,draft
χαλκιτις κεκαυμενη,χαλκῖτις κεκαυμένη,χαλκιτις κεκαυμενη,SUBSTANCE:1,true,χαλκιτις,,1,1,1,GAL_SMT,Galen,entries_full_v3,0.880,draft
χαλκος,χαλκός,χαλκος,SUBSTANCE:42,false,,,5,42,42,AET_LM;DIOSC_DMM;GAL_SMT;ORIB_CM;PAUL_AEG,Aetius;Dioscorides;Galen;Oribasius;Paul,diosc_full_v3;entries_full_v3;paul_full_v3,0.855,draft
χαλκος ερυθρος,χαλκὸς ἐρυθρός,χαλκος ερυθρος,SUBSTANCE:1,true,χαλκος,,1,1,1,AET_LM,Aetius,entries_full_v3,0.850,draft
χαλκος κεκαυμενος,χαλκός κεκαυμένος,χαλκος κεκαυμενος,SUBSTANCE:7,true,χαλκος,,5,7,7,AET_LM;DIOSC_DMM;GAL_SMT;ORIB_CM;PAUL_AEG,Aetius;Dioscorides;Galen;Oribasius;Paul,diosc_full_v3;entries_full_v3;paul_full_v3,0.844,draft
χαλκος κυπριος,χαλκός κύπριος,χαλκος κυπριος,SUBSTANCE:1,true,χαλκος,κυπρος,1,1,1,DIOSC_DMM,Dioscorides,diosc_full_v3,0.780,draft
χαλκου ανθος,χαλκοῦ ἄνθος,χαλκου ανθος,SUBSTANCE:1;SUBSTANCE_PART:2,true,ανθος,,3,3,3,AET_LM;GAL_SMT;PAUL_AEG,Aetius;Galen;Paul,entries_full_v3;paul_full_v3,0.860,draft
χαλκου ανθους,χαλκοῦ ἄνθους,χαλκου ανθους,SUBSTANCE_PART:1,true,,,1,1,1,DIOSC_DMM,Dioscorides,diosc_full_v3,0.820,draft
χαλκου λεπις,χαλκοῦ λεπίς,χαλκου λεπις,SUBSTANCE_PART:1,true,,,1,1,1,AET_LM,Aetius,entries_full_v3,0.600,draft
χαλκους λιθος,χαλκοῦς λίθος,χαλκους λιθος,SUBSTANCE:1,true,λιθος,,1,1,1,DIOSC_DMM,Dioscorides,diosc_full_v3,0.700,draft
χαμαιακτη,χαμαιάκτη,χαμαιακτη,SUBSTANCE:5,false,,,5,5,5,AET_LM;DIOSC_DMM;GAL_SMT;ORIB_CM;PAUL_AEG,Aetius;Dioscorides;Galen;Oribasius;Paul,diosc_full_v3;entries_full_v3;paul_full_v3,0.856,draft
χαμαιβαλανον,χαμαιβάλανον,χαμαιβαλανον,SUBSTANCE:1,false,,,1,1,1,DIOSC_DMM,Dioscorides,diosc_full_v3,0.850,draft
χαμαιδαφνη,χαμαιδάφνη,χαμαιδαφνη,SUBSTANCE:5,false,,,4,5,5,DIOSC_DMM;GAL_SMT;ORIB_CM;PAUL_AEG,Dioscorides;Galen;Oribasius;Paul,diosc_full_v3;entries_full_v3;paul_full_v3,0.892,draft
χαμαιδρυς,χαμαίδρυς,χαμαιδρυς,SUBSTANCE:9,false,,,5,8,9,AET_LM;DIOSC_DMM;GAL_SMT;ORIB_CM;PAUL_AEG,Aetius;Dioscorides;Galen;Oribasius;Paul,diosc_full_v3;entries_full_v3;paul_full_v3,0.868,draft
χαμαιζηλος φοινιξ,χαμαίζηλος φοῖνιξ,χαμαιζηλος φοινιξ,SUBSTANCE:1,true,φοινιξ,,1,1,1,DIOSC_DMM,Dioscorides,diosc_full_v3,0.520,draft
χαμαικισσος,χαμαίκισσος,χαμαικισσος,SUBSTANCE:4,false,,,4,4,4,DIOSC_DMM;GAL_SMT;ORIB_CM;PAUL_AEG,Dioscorides;Galen;Oribasius;Paul,diosc_full_v3;entries_full_v3;paul_full_v3,0.835,draft
χαμαικισσου ανθος,χαμαικισσοῦ ἄνθος,χαμαικισσου ανθος,SUBSTANCE_PART:2,true,,,2,2,2,GAL_SMT;ORIB_CM,Galen;Oribasius,entries_full_v3,0.875,draft
χαμαικισσου το ανθος,Χαμαικίσσου τὸ ἄνθος,χαμαικισσου το ανθος,SUBSTANCE_PART:1,true,,,1,1,1,PAUL_AEG,Paul,paul_full_v3,0.880,draft
χαμαιλεα,χαμαιλέα,χαμαιλεα,SUBSTANCE:1,false,,,1,1,1,ORIB_CM,Oribasius,entries_full_v3,0.700,draft
χαμαιλεοντος η ριζα του μεν μελανος,Χαμαιλέοντος ἡ ῥίζα τοῦ μὲν μέλανος,χαμαιλεοντος η ριζα του μεν μελανος,SUBSTANCE_PART:2,false,,,2,2,2,AET_LM;GAL_SMT,Aetius;Galen,entries_full_v3,0.890,draft
χαμαιλευκη,χαμαιλεύκη,χαμαιλευκη,SUBSTANCE:4,false,,,4,4,4,AET_LM;GAL_SMT;ORIB_CM;PAUL_AEG,Aetius;Galen;Oribasius;Paul,entries_full_v3;paul_full_v3,0.922,draft
χαμαιλεων,χαμαιλέων,χαμαιλεων,SUBSTANCE:14,false,,,5,14,14,AET_LM;DIOSC_DMM;GAL_SMT;ORIB_CM;PAUL_AEG,Aetius;Dioscorides;Galen;Oribasius;Paul,diosc_full_v3;entries_full_v3;paul_full_v3,0.793,draft
χαμαιλεων λευκος,χαμαιλέων λευκός,χαμαιλεων λευκος,SUBSTANCE:6,true,χαμαιλεων,,4,6,6,DIOSC_DMM;GAL_SMT;ORIB_CM;PAUL_AEG,Dioscorides;Galen;Oribasius;Paul,diosc_full_v3;entries_full_v3;paul_full_v3,0.745,draft
χαμαιλεων μελας,χαμαιλέων μέλας,χαμαιλεων μελας,SUBSTANCE:5,true,χαμαιλεων,,4,5,5,DIOSC_DMM;GAL_SMT;ORIB_CM;PAUL_AEG,Dioscorides;Galen;Oribasius;Paul,diosc_full_v3;entries_full_v3;paul_full_v3,0.710,draft
χαμαιλιβανος,χαμαιλίβανος,χαμαιλιβανος,SUBSTANCE:1,false,,,1,1,1,AET_LM,Aetius,entries_full_v3,0.600,draft
χαμαιμηλον,χαμαίμηλον,χαμαιμηλον,SUBSTANCE:8,false,,,5,8,8,AET_LM;DIOSC_DMM;GAL_SMT;ORIB_CM;PAUL_AEG,Aetius;Dioscorides;Galen;Oribasius;Paul,diosc_full_v3;entries_full_v3;paul_full_v3,0.926,draft
χαμαιμηλος,χαμαίμηλος,χαμαιμηλος,SUBSTANCE:1,false,,,1,1,1,AET_LM,Aetius,entries_full_v3,0.900,draft
χαμαιμυρσινη,χαμαιμυρσίνη,χαμαιμυρσινη,SUBSTANCE:1,false,,,1,1,1,DIOSC_DMM,Dioscorides,diosc_full_v3,0.700,draft
χαμαιπευκη,χαμαιπεύκη,χαμαιπευκη,SUBSTANCE:1,false,,,1,1,1,DIOSC_DMM,Dioscorides,diosc_full_v3,0.950,draft
χαμαιπιτυς,χαμαιπίτυς,χαμαιπιτυς,SUBSTANCE:10,false,,,5,10,10,AET_LM;DIOSC_DMM;GAL_SMT;ORIB_CM;PAUL_AEG,Aetius;Dioscorides;Galen;Oribasius;Paul,diosc_full_v3;entries_full_v3;paul_full_v3,0.882,draft
χαμαιρωψ,χαμαίρωψ,χαμαιρωψ,SUBSTANCE:2,false,,,2,2,2,DIOSC_DMM;PAUL_AEG,Dioscorides;Paul,diosc_full_v3;paul_full_v3,0.885,draft
χαμαισυκη,χαμαισύκη,χαμαισυκη,SUBSTANCE:4,false,,,4,4,4,DIOSC_DMM;GAL_SMT;ORIB_CM;PAUL_AEG,Dioscorides;Galen;Oribasius;Paul,diosc_full_v3;entries_full_v3;paul_full_v3,0.927,draft
χαμελαια,χαμελαία,χαμελαια,SUBSTANCE:6,false,,,4,6,6,AET_LM;DIOSC_DMM;GAL_SMT;PAUL_AEG,Aetius;Dioscorides;Galen;Paul,diosc_full_v3;entries_full_v3;paul_full_v3,0.917,draft
χαρακιας,χαρακίας,χαρακιας,SUBSTANCE:4,false,,,4,4,4,DIOSC_DMM;GAL_SMT;ORIB_CM;PAUL_AEG,Dioscorides;Galen;Oribasius;Paul,diosc_full_v3;entries_full_v3;paul_full_v3,0.750,draft
χαρακιτης,χαρακίτης,χαρακιτης,SUBSTANCE:1,false,,,1,1,1,AET_LM,Aetius,entries_full_v3,0.600,draft
χαρτης,χάρτης,χαρτης,SUBSTANCE:3,false,,,3,3,3,GAL_SMT;ORIB_CM;PAUL_AEG,Galen;Oribasius;Paul,entries_full_v3;paul_full_v3,0.767,draft
χασκανον,χάσκανον,χασκανον,SUBSTANCE:1,false,,,1,1,1,DIOSC_DMM,Dioscorides,diosc_full_v3,0.720,draft
χειρωνειος παναξ,χειρωνειος πάναξ,χειρωνειος παναξ,SUBSTANCE:1,true,παναξ,,1,1,1,PAUL_AEG,Paul,paul_full_v3,0.750,draft
χελιδονιον,χελιδόνιον,χελιδονιον,SUBSTANCE:8,false,,,5,8,8,AET_LM;DIOSC_DMM;GAL_SMT;ORIB_CM;PAUL_AEG,Aetius;Dioscorides;Galen;Oribasius;Paul,diosc_full_v3;entries_full_v3;paul_full_v3,0.906,draft
χελιδονιον μεγα,χελιδόνιον μέγα,χελιδονιον μεγα,SUBSTANCE:2,true,χελιδονιον,,2,2,2,DIOSC_DMM;PAUL_AEG,Dioscorides;Paul,diosc_full_v3;paul_full_v3,0.935,draft
χελιδονιον μικρον,χελιδόνιον μικρόν,χελιδονιον μικρον,SUBSTANCE:2,true,χελιδονιον;χελιδονον,,2,2,2,DIOSC_DMM;PAUL_AEG,Dioscorides;Paul,diosc_full_v3;paul_full_v3,0.810,draft
χελιδων,χελιδών,χελιδων,SUBSTANCE:4,false,,,4,4,4,AET_LM;DIOSC_DMM;GAL_SMT;PAUL_AEG,Aetius;Dioscorides;Galen;Paul,diosc_full_v3;entries_full_v3;paul_full_v3,0.838,draft
χελιδων νεοσσος,χελιδών νεοσσός,χελιδων νεοσσος,SUBSTANCE:1,true,νεοσσος,,1,1,1,DIOSC_DMM,Dioscorides,diosc_full_v3,0.860,draft
χελωνης,χελώνης,χελωνης,SUBSTANCE_PART:1,false,,,1,1,1,DIOSC_DMM,Dioscorides,diosc_full_v3,0.800,draft
χελωνης θαλασσιας,χελώνης θαλασσίας,χελωνης θαλασσιας,SUBSTANCE_PART:1,true,,,1,1,1,DIOSC_DMM,Dioscorides,diosc_full_v3,0.750,draft
χερσαια,χερσαία,χερσαια,SUBSTANCE:1,false,,,1,1,1,DIOSC_DMM,Dioscorides,diosc_full_v3,0.500,draft
χερσαιος,χερσαῖος,χερσαιος,SUBSTANCE:1,false,,,1,1,1,PAUL_AEG,Paul,paul_full_v3,0.900,draft
χερσαιος κροκοδειλος,χερσαῖος κροκόδειλος,χερσαιος κροκοδειλος,SUBSTANCE:1,true,κροκοδειλος,,1,1,1,GAL_SMT,Galen,entries_full_v3,0.840,draft
χημη,χήμη,χημη,SUBSTANCE:3,false,,,3,3,3,AET_LM;GAL_SMT;PAUL_AEG,Aetius;Galen;Paul,entries_full_v3;paul_full_v3,0.683,draft
χημιον,χημίον,χημιον,SUBSTANCE:1,false,,,1,1,1,AET_LM,Aetius,entries_full_v3,0.520,draft
χημος,χημός,χημος,SUBSTANCE:1,false,,,1,1,1,DIOSC_DMM,Dioscorides,diosc_full_v3,0.600,draft
χηνειον,χήνειον,χηνειον,SUBSTANCE_PART:1,false,,,1,1,1,PAUL_AEG,Paul,paul_full_v3,0.840,draft
χηνειον στεαρ,χήνειον στέαρ,χηνειον στεαρ,SUBSTANCE:6,true,στεαρ,,4,6,6,AET_LM;DIOSC_DMM;GAL_SMT;ORIB_CM,Aetius;Dioscorides;Galen;Oribasius,diosc_full_v3;entries_full_v3,0.858,draft
χηνειος,χήνειος,χηνειος,SUBSTANCE:3,false,,,1,1,3,DIOSC_DMM,Dioscorides,diosc_full_v3,0.740,draft
χηνος,χηνὸς,χηνος,SUBSTANCE_PART:1,false,,,1,1,1,PAUL_AEG,Paul,paul_full_v3,0.680,draft
χια,Χία,χια,SUBSTANCE:5,false,,χιος,4,5,5,AET_LM;DIOSC_DMM;ORIB_CM;PAUL_AEG,Aetius;Dioscorides;Oribasius;Paul,diosc_full_v3;entries_full_v3;paul_full_v3,0.716,draft
χια γη,Χία γῆ,χια γη,SUBSTANCE:1,true,γη,χιος,1,1,1,GAL_SMT,Galen,entries_full_v3,0.900,draft
χια μαστιχη,Χία μαστίχη,χια μαστιχη,SUBSTANCE:1,true,μαστιχη,χιος,1,1,1,AET_LM,Aetius,entries_full_v3,0.720,draft
χιλιοδυναμις,χιλιοδύναμις,χιλιοδυναμις,SUBSTANCE:1,false,,,1,1,1,GAL_SMT,Galen,entries_full_v3,0.750,draft
χιλιοδυναμον,χιλιοδύναμον,χιλιοδυναμον,SUBSTANCE:2,false,,,2,2,2,AET_LM;DIOSC_DMM,Aetius;Dioscorides,diosc_full_v3;entries_full_v3,0.825,draft
χιων,χιών,χιων,SUBSTANCE:2,false,,,2,2,2,AET_LM;GAL_ALIM,Aetius;Galen,entries_full_v3,0.850,draft
χλοη,χλόῃ,χλοη,SUBSTANCE_PART:2,false,,,1,2,2,DIOSC_DMM,Dioscorides,diosc_full_v3,0.855,draft
χλωρα ποα,χλωρὰ πόα,χλωρα ποα,SUBSTANCE:1,true,ποα,,1,1,1,AET_LM,Aetius,entries_full_v3,0.700,draft
χλωρα σφαιρια,χλωρά σφαιρία,χλωρα σφαιρια,SUBSTANCE_PART:1,true,,,1,1,1,DIOSC_DMM,Dioscorides,diosc_full_v3,0.900,draft
χλωρα φυλλα,χλωρὰ φύλλα,χλωρα φυλλα,SUBSTANCE_PART:1,false,,,1,1,1,AET_LM,Aetius,entries_full_v3,0.900,draft
χλωρον συκον,χλωρὸν σῦκον,χλωρον συκον,SUBSTANCE:3,true,συκον,,3,3,3,AET_LM;GAL_SMT;PAUL_AEG,Aetius;Galen;Paul,entries_full_v3;paul_full_v3,0.857,draft
χλωρος,χλωρός,χλωρος,SUBSTANCE:2,false,,,2,2,2,DIOSC_DMM;GAL_SMT,Dioscorides;Galen,diosc_full_v3;entries_full_v3,0.600,draft
χλωρος ιασπις,χλωρός ἴασπις,χλωρος ιασπις,SUBSTANCE:4,true,ιασπις,,4,4,4,AET_LM;GAL_SMT;ORIB_CM;PAUL_AEG,Aetius;Galen;Oribasius;Paul,entries_full_v3;paul_full_v3,0.860,draft
χλωρος κισσος,χλωρὸς κισσός,χλωρος κισσος,SUBSTANCE:1,true,κισσος,,1,1,1,PAUL_AEG,Paul,paul_full_v3,0.750,draft
χλωρος φοινιξ,χλωρὸς φοῖνιξ,χλωρος φοινιξ,SUBSTANCE:2,true,φοινιξ,,2,2,2,AET_LM;GAL_ALIM,Aetius;Galen,entries_full_v3,0.855,draft
χνουν,χνοῦν,χνουν,SUBSTANCE_PART:3,false,,,2,3,3,DIOSC_DMM;GAL_SMT,Dioscorides;Galen,diosc_full_v3;entries_full_v3,0.750,draft
χνουν ναρδου,χνοῦν νάρδου,χνουν ναρδου,SUBSTANCE_PART:1,true,,,1,1,1,DIOSC_DMM,Dioscorides,diosc_full_v3,0.700,draft
χνους,χνοῦς,χνους,SUBSTANCE:2;SUBSTANCE_PART:1,false,,,2,3,3,DIOSC_DMM;ORIB_CM,Dioscorides;Oribasius,diosc_full_v3;entries_full_v3,0.770,draft
χνοωδει του πυρινου αλευρου,χνοώδει τοῦ πυρίνου ἀλεύρου,χνοωδει του πυρινου αλευρου,SUBSTANCE_PART:1,true,,,1,1,1,AET_LM,Aetius,entries_full_v3,0.580,draft
χοιραδολεθρον,χοιραδόλεθρον,χοιραδολεθρον,SUBSTANCE:2,false,,,2,2,2,AET_LM;DIOSC_DMM,Aetius;Dioscorides,diosc_full_v3;entries_full_v3,0.785,draft
χοιρειος πνευμων,χοίρειος πνεύμων,χοιρειος πνευμων,SUBSTANCE:1,true,πνευμων,,1,1,1,DIOSC_DMM,Dioscorides,diosc_full_v3,0.780,draft
χολη,χολή,χολη,SUBSTANCE:72;SUBSTANCE_PART:1,false,,,6,73,73,AET_LM;DIOSC_DMM;GAL_ALIM;GAL_SMT;ORIB_CM;PAUL_AEG,Aetius;Dioscorides;Galen;Oribasius;Paul,diosc_full_v3;entries_full_v3;paul_full_v3,0.844,draft
χολη αγριας αιγος,χολὴ ἀγρίας αἰγός,χολη αγριας αιγος,SUBSTANCE:2,true,χολη,,2,2,2,GAL_SMT;PAUL_AEG,Galen;Paul,entries_full_v3;paul_full_v3,0.800,draft
χολη αετων,χολὴ ἀετῶν,χολη αετων,SUBSTANCE:2,true,χολη,,2,2,2,GAL_SMT;PAUL_AEG,Galen;Paul,entries_full_v3;paul_full_v3,0.775,draft
χολη αιγων,χολὴ αἰγῶν,χολη αιγων,SUBSTANCE:2,true,χολη,,2,2,2,GAL_SMT;PAUL_AEG,Galen;Paul,entries_full_v3;paul_full_v3,0.800,draft
χολη αλεκτοριδος,χολὴ ἀλεκτορίδος,χολη αλεκτοριδος,SUBSTANCE:1,true,χολη,,1,1,1,GAL_SMT,Galen,entries_full_v3,0.800,draft
χολη αλεκτοριδων,χολὴ ἀλεκτορίδων,χολη αλεκτοριδων,SUBSTANCE:1,true,χολη,,1,1,1,DIOSC_DMM,Dioscorides,diosc_full_v3,0.850,draft
χολη αλεκτρυονος,χολὴ ἀλεκτρυόνος,χολη αλεκτρυονος,SUBSTANCE:1,true,χολη,,1,1,1,GAL_SMT,Galen,entries_full_v3,0.840,draft
χολη αλεκτρυονων,χολὴ ἀλεκτρυόνων,χολη αλεκτρυονων,SUBSTANCE:1,true,χολη,,1,1,1,PAUL_AEG,Paul,paul_full_v3,0.760,draft
χολη αρκτων,χολὴ ἄρκτων,χολη αρκτων,SUBSTANCE:2,true,χολη,,2,2,2,GAL_SMT;PAUL_AEG,Galen;Paul,entries_full_v3;paul_full_v3,0.780,draft
χολη βοων,χολὴ βοῶν,χολη βοων,SUBSTANCE:2,true,χολη,,2,2,2,GAL_SMT;PAUL_AEG,Galen;Paul,entries_full_v3;paul_full_v3,0.800,draft
χολη ημερων υων,χολὴ ἡμέρων ὑῶν,χολη ημερων υων,SUBSTANCE:1,true,χολη,,1,1,1,AET_LM,Aetius,entries_full_v3,0.750,draft
χολη θαλαττιας χελωνης,χολὴ χελώνης θαλαττίας,χολη θαλαττιας χελωνης,SUBSTANCE:2,true,χολη,,2,2,2,GAL_SMT;PAUL_AEG,Galen;Paul,entries_full_v3;paul_full_v3,0.775,draft
χολη θαλαττιου σκορπιου,χολὴ σκορπίου θαλαττίου,χολη θαλαττιου σκορπιου,SUBSTANCE:1,true,χολη,,1,1,1,GAL_SMT,Galen,entries_full_v3,0.780,draft
χολη ιερακων,χολὴ ἱεράκων,χολη ιερακων,SUBSTANCE:2,true,χολη,,2,2,2,GAL_SMT;PAUL_AEG,Galen;Paul,entries_full_v3;paul_full_v3,0.765,draft
χολη ιχθυος,χολὴ ἰχθύος,χολη ιχθυος,SUBSTANCE:1,true,χολη,,1,1,1,GAL_SMT,Galen,entries_full_v3,0.820,draft
χολη ιχθυων καλλιωνυμου,χολὴ ἰχθύων καλλιωνύμου,χολη ιχθυων καλλιωνυμου,SUBSTANCE:1,true,χολη,,1,1,1,PAUL_AEG,Paul,paul_full_v3,0.740,draft
χολη ιχθυων σκορπιου,χολὴ ἰχθύων σκορπίου,χολη ιχθυων σκορπιου,SUBSTANCE:1,true,χολη,,1,1,1,PAUL_AEG,Paul,paul_full_v3,0.740,draft
χολη καλλιωνυμου,χολὴ καλλιωνύμου,χολη καλλιωνυμου,SUBSTANCE:1,true,χολη,,1,1,1,GAL_SMT,Galen,entries_full_v3,0.740,draft
χολη κυανη,χολή κυανή,χολη κυανη,SUBSTANCE:1,true,χολη,,1,1,1,ORIB_CM,Oribasius,entries_full_v3,0.880,draft
χολη μελαινα,χολὴ μέλαινα,χολη μελαινα,SUBSTANCE:4,true,χολη,,2,4,4,DIOSC_DMM;GAL_SMT,Dioscorides;Galen,diosc_full_v3;entries_full_v3,0.850,draft
χολη ξανθη,χολὴ ξανθή,χολη ξανθη,SUBSTANCE:3,true,χολη,,2,3,3,GAL_SMT;PAUL_AEG,Galen;Paul,entries_full_v3;paul_full_v3,0.870,draft
χολη περδικος,χολὴ πέρδικος,χολη περδικος,SUBSTANCE:1,true,χολη,,1,1,1,GAL_SMT,Galen,entries_full_v3,0.840,draft
χολη περδικων,χολὴ περδίκων,χολη περδικων,SUBSTANCE:1,true,χολη,,1,1,1,PAUL_AEG,Paul,paul_full_v3,0.760,draft
χολη προβατων,χολὴ προβάτων,χολη προβατων,SUBSTANCE:2,true,χολη,,2,2,2,GAL_SMT;PAUL_AEG,Galen;Paul,entries_full_v3;paul_full_v3,0.790,draft
χολη πτηνου ζῳου,χολὴ πτηνοῦ ζῴου,χολη πτηνου ζῳου,SUBSTANCE:1,true,χολη,,1,1,1,ORIB_CM,Oribasius,entries_full_v3,0.850,draft
χολη πτηνων ζωων,χολὴ πτηνῶν ζῴων,χολη πτηνων ζωων,SUBSTANCE:1,true,χολη,,1,1,1,PAUL_AEG,Paul,paul_full_v3,0.780,draft
χολη ταυρεια,χολὴ ταυρεία,χολη ταυρεια,SUBSTANCE:1,true,χολη,,1,1,1,AET_LM,Aetius,entries_full_v3,0.800,draft
χολη ταυρου,χολὴ ταύρου,χολη ταυρου,SUBSTANCE:2,true,χολη,,2,2,2,DIOSC_DMM;GAL_SMT,Dioscorides;Galen,diosc_full_v3;entries_full_v3,0.820,draft
χολη ταυρων,χολὴ ταύρων,χολη ταυρων,SUBSTANCE:1,true,χολη,,1,1,1,PAUL_AEG,Paul,paul_full_v3,0.780,draft
χολη υαινης,χολὴ ὑαίνης,χολη υαινης,SUBSTANCE:1,true,χολη,,1,1,1,GAL_SMT,Galen,entries_full_v3,0.860,draft
χολη υαινων,χολὴ ὑαινῶν,χολη υαινων,SUBSTANCE:1,true,χολη,,1,1,1,PAUL_AEG,Paul,paul_full_v3,0.770,draft
χολη υγρα,χολὴ ὑγρά,χολη υγρα,SUBSTANCE:1,true,χολη,,1,1,1,DIOSC_DMM,Dioscorides,diosc_full_v3,0.800,draft
χολη υων,χολὴ ὑῶν,χολη υων,SUBSTANCE:2,true,χολη,,2,2,2,GAL_SMT;PAUL_AEG,Galen;Paul,entries_full_v3;paul_full_v3,0.830,draft
χολη ωχρα,χολὴ ὠχρά,χολη ωχρα,SUBSTANCE:1,true,χολη,,1,1,1,GAL_SMT,Galen,entries_full_v3,0.820,draft
χολην,χολὴν,χολην,SUBSTANCE_PART:1,false,,,1,1,1,PAUL_AEG,Paul,paul_full_v3,0.800,draft
χολωδη υγρα,χολώδη ὑγρά,χολωδη υγρα,SUBSTANCE:1,true,υγρον,,1,1,1,AET_LM,Aetius,entries_full_v3,0.700,draft
χολωδης,χολώδης,χολωδης,SUBSTANCE:2,false,,,2,2,2,GAL_SMT;PAUL_AEG,Galen;Paul,entries_full_v3;paul_full_v3,0.635,draft
χολωδης ουσια,χολώδης οὐσία,χολωδης ουσια,SUBSTANCE:1,true,ουσια,,1,1,1,GAL_SMT,Galen,entries_full_v3,0.550,draft
χολωδης χυμος,χολώδης χυμός,χολωδης χυμος,SUBSTANCE:7,true,χυμος,,5,7,7,AET_LM;GAL_ALIM;GAL_SMT;ORIB_CM;PAUL_AEG,Aetius;Galen;Oribasius;Paul,entries_full_v3;paul_full_v3,0.779,draft
χονδριλη,χονδρίλη,χονδριλη,SUBSTANCE:8,false,,,5,8,8,DIOSC_DMM;GAL_ALIM;GAL_SMT;ORIB_CM;PAUL_AEG,Dioscorides;Galen;Oribasius;Paul,diosc_full_v3;entries_full_v3;paul_full_v3,0.885,draft
χονδριλλη,χονδρίλλη,χονδριλλη,SUBSTANCE:2,false,,,1,2,2,AET_LM,Aetius,entries_full_v3,0.860,draft
χονδρον του λιβανου,χόνδρον τοῦ λιβάνου,χονδρον του λιβανου,SUBSTANCE_PART:1,true,,,1,1,1,DIOSC_DMM,Dioscorides,diosc_full_v3,0.600,draft
χονδρος,χόνδρος,χονδρος,SUBSTANCE:8,false,,,6,8,8,AET_LM;DIOSC_DMM;GAL_ALIM;GAL_SMT;ORIB_CM;PAUL_AEG,Aetius;Dioscorides;Galen;Oribasius;Paul,diosc_full_v3;entries_full_v3;paul_full_v3,0.836,draft
χοριον,χόριον,χοριον,SUBSTANCE:11,false,,,4,11,11,AET_LM;DIOSC_DMM;GAL_SMT;PAUL_AEG,Aetius;Dioscorides;Galen;Paul,diosc_full_v3;entries_full_v3;paul_full_v3,0.771,draft
χορτασμα,χόρτασμα,χορτασμα,SUBSTANCE:1,false,,,1,1,1,AET_LM,Aetius,entries_full_v3,0.650,draft
χουρζητα,χουρζητά,χουρζητα,SUBSTANCE:1,false,,,1,1,1,DIOSC_DMM,Dioscorides,diosc_full_v3,0.550,draft
χρυσανθεμις,χρυσανθεμίς,χρυσανθεμις,SUBSTANCE:1,false,,,1,1,1,DIOSC_DMM,Dioscorides,diosc_full_v3,0.840,draft
χρυσανθεμον,χρυσάνθεμον,χρυσανθεμον,SUBSTANCE:3,false,,,1,3,3,DIOSC_DMM,Dioscorides,diosc_full_v3,0.887,draft
χρυσανθον,χρύσανθον,χρυσανθον,SUBSTANCE:1,false,,,1,1,1,PAUL_AEG,Paul,paul_full_v3,0.900,draft
χρυσηλεκτρος,χρυσήλεκτρος,χρυσηλεκτρος,SUBSTANCE:1,false,,,1,1,1,AET_LM,Aetius,entries_full_v3,0.800,draft
χρυσιζων,χρυσιζών,χρυσιζων,SUBSTANCE:1,false,,,1,1,1,PAUL_AEG,Paul,paul_full_v3,0.550,draft
χρυσιον,χρυσίον,χρυσιον,SUBSTANCE:1,false,,,1,1,1,DIOSC_DMM,Dioscorides,diosc_full_v3,0.820,draft
χρυσιτης,χρυσίτης,χρυσιτης,SUBSTANCE:1,false,,,1,1,1,GAL_SMT,Galen,entries_full_v3,0.850,draft
χρυσιτιδος ριζα,χρυσίτιδος ῥίζα,χρυσιτιδος ριζα,SUBSTANCE_PART:1,true,,,1,1,1,ORIB_CM,Oribasius,entries_full_v3,0.760,draft
χρυσιτις,χρυσῖτις,χρυσιτις,SUBSTANCE:4,false,,,3,4,4,DIOSC_DMM;ORIB_CM;PAUL_AEG,Dioscorides;Oribasius;Paul,diosc_full_v3;entries_full_v3;paul_full_v3,0.795,draft
χρυσιτις γη,χρυσῖτις γῆ,χρυσιτις γη,SUBSTANCE:1,true,γη,,1,1,1,GAL_SMT,Galen,entries_full_v3,0.850,draft
χρυσογονον,χρυσόγονον,χρυσογονον,SUBSTANCE:1,false,,,1,1,1,DIOSC_DMM,Dioscorides,diosc_full_v3,0.950,draft
χρυσοκαλλια,χρυσοκαλλία,χρυσοκαλλια,SUBSTANCE:1,false,,,1,1,1,DIOSC_DMM,Dioscorides,diosc_full_v3,0.740,draft
χρυσοκολλα,χρυσοκόλλα,χρυσοκολλα,SUBSTANCE:6,false,,,5,6,6,AET_LM;DIOSC_DMM;GAL_SMT;ORIB_CM;PAUL_AEG,Aetius;Dioscorides;Galen;Oribasius;Paul,diosc_full_v3;entries_full_v3;paul_full_v3,0.948,draft
χρυσοκολλα αρμενιακη,χρυσοκόλλα Ἀρμενιακή,χρυσοκολλα αρμενιακη,SUBSTANCE:1,true,χρυσοκολλα,αρμενια,1,1,1,DIOSC_DMM,Dioscorides,diosc_full_v3,0.800,draft
χρυσοκολλα κυπρια,χρυσοκόλλα Κυπρία,χρυσοκολλα κυπρια,SUBSTANCE:1,true,χρυσοκολλα,κυπρος,1,1,1,DIOSC_DMM,Dioscorides,diosc_full_v3,0.800,draft
χρυσοκολλα μακεδονιακη,χρυσοκόλλα Μακεδονιακή,χρυσοκολλα μακεδονιακη,SUBSTANCE:1,true,χρυσοκολλα,μακεδονια,1,1,1,DIOSC_DMM,Dioscorides,diosc_full_v3,0.750,draft
χρυσοκολλη,χρυσοκόλλη,χρυσοκολλη,SUBSTANCE:1,false,,,1,1,1,DIOSC_DMM,Dioscorides,diosc_full_v3,0.740,draft
χρυσοκομη,χρυσοκόμη,χρυσοκομη,SUBSTANCE:4,false,,,4,4,4,DIOSC_DMM;GAL_SMT;ORIB_CM;PAUL_AEG,Dioscorides;Galen;Oribasius;Paul,diosc_full_v3;entries_full_v3;paul_full_v3,0.875,draft
χρυσοκομης ριζα,Χρυσοκόμης ῥίζα,χρυσοκομης ριζα,SUBSTANCE_PART:1,true,,,1,1,1,ORIB_CM,Oribasius,entries_full_v3,0.760,draft
χρυσος,χρυσός,χρυσος,SUBSTANCE:4,false,,,2,4,4,DIOSC_DMM;GAL_SMT,Dioscorides;Galen,diosc_full_v3;entries_full_v3,0.870,draft
χρυσοφορον,χρυσοφόρον,χρυσοφορον,SUBSTANCE:1,false,,ηριδανος,1,1,1,DIOSC_DMM,Dioscorides,diosc_full_v3,0.700,draft
χυδαιος μαρμαρος,χυδαῖος μάρμαρος,χυδαιος μαρμαρος,SUBSTANCE:1,true,μαρμαρος,,1,1,1,DIOSC_DMM,Dioscorides,diosc_full_v3,0.840,draft
χυλον των φυλλων,χυλὸν τῶν φύλλων,χυλον των φυλλων,SUBSTANCE_PART:1,true,,,1,1,1,PAUL_AEG,Paul,paul_full_v3,0.740,draft
χυλος,χυλός,χυλος,SUBSTANCE:17;SUBSTANCE_PART:13,true,χυλος,,6,29,30,AET_LM;DIOSC_DMM;GAL_ALIM;GAL_SMT;ORIB_CM;PAUL_AEG,Aetius;Dioscorides;Galen;Oribasius;Paul,diosc_full_v3;entries_full_v3;paul_full_v3,0.745,draft
χυλω,χυλῷ,χυλω,SUBSTANCE_PART:2,false,,,2,2,2,AET_LM;PAUL_AEG,Aetius;Paul,entries_full_v3;paul_full_v3,0.845,draft
χυμος,χυμός,χυμος,SUBSTANCE:135,false,,,5,135,135,AET_LM;GAL_ALIM;GAL_SMT;ORIB_CM;PAUL_AEG,Aetius;Galen;Oribasius;Paul,entries_full_v3;paul_full_v3,0.766,draft
χυμος οδυνης ποιητικος,χυμός ὀδύνης ποιητικός,χυμος οδυνης ποιητικος,SUBSTANCE:1,true,χυμος,,1,1,1,GAL_SMT,Galen,entries_full_v3,0.700,draft
χυμος φλεγματωδης,χυμὸς φλεγματώδης,χυμος φλεγματωδης,SUBSTANCE:1,true,χυμος,,1,1,1,AET_LM,Aetius,entries_full_v3,0.750,draft
χυμος φλεγματωδης και γλισχρος,χυμὸς φλεγματώδης καὶ γλίσχρος,χυμος φλεγματωδης και γλισχρος,SUBSTANCE:1,true,χυμος,,1,1,1,GAL_SMT,Galen,entries_full_v3,0.780,draft
ψαμμος,ψάμμος,ψαμμος,SUBSTANCE:3,false,,,2,3,3,DIOSC_DMM;GAL_SMT,Dioscorides;Galen,diosc_full_v3;entries_full_v3,0.710,draft
ψαμμωδες ουρον,ψαμμῶδες οὖρον,ψαμμωδες ουρον,SUBSTANCE:1,true,ουρον,,1,1,1,AET_LM,Aetius,entries_full_v3,0.800,draft
ψαρος,ψᾶρος,ψαρος,SUBSTANCE:1,false,,,1,1,1,ORIB_CM,Oribasius,entries_full_v3,0.350,draft
ψευδοβουνιον,ψευδοβούνιον,ψευδοβουνιον,SUBSTANCE:5,false,,κρητη,4,5,5,AET_LM;DIOSC_DMM;GAL_SMT;PAUL_AEG,Aetius;Dioscorides;Galen;Paul,diosc_full_v3;entries_full_v3;paul_full_v3,0.912,draft
ψευδοδικταμνον,ψευδοδίκταμνον,ψευδοδικταμνον,SUBSTANCE:8,false,,,5,8,8,AET_LM;DIOSC_DMM;GAL_SMT;ORIB_CM;PAUL_AEG,Aetius;Dioscorides;Galen;Oribasius;Paul,diosc_full_v3;entries_full_v3;paul_full_v3,0.912,draft
ψευδοκασσια,ψευδοκασσία,ψευδοκασσια,SUBSTANCE:1,false,,,1,1,1,DIOSC_DMM,Dioscorides,diosc_full_v3,0.900,draft
ψευδοκιναμωμον,ψευδοκινάμωμον,ψευδοκιναμωμον,SUBSTANCE:2,false,,,2,2,2,DIOSC_DMM;PAUL_AEG,Dioscorides;Paul,diosc_full_v3;paul_full_v3,0.890,draft
ψευδοκινναμωμον,ψευδοκιννάμωμον,ψευδοκινναμωμον,SUBSTANCE:2,false,,,2,2,2,GAL_SMT;ORIB_CM,Galen;Oribasius,entries_full_v3,0.825,draft
ψευδοκυπερον,ψευδοκύπερον,ψευδοκυπερον,SUBSTANCE:1,false,,,1,1,1,DIOSC_DMM,Dioscorides,diosc_full_v3,0.740,draft
ψευδοκυπερον συν τω ανθει,ψευδοκύπερον σὺν τῷ ἄνθει,ψευδοκυπερον συν τω ανθει,SUBSTANCE_PART:1,true,,,1,1,1,DIOSC_DMM,Dioscorides,diosc_full_v3,0.740,draft
ψευδοσελινον,ψευδοσέλινον,ψευδοσελινον,SUBSTANCE:1,false,,,1,1,1,DIOSC_DMM,Dioscorides,diosc_full_v3,0.820,draft
ψηγμα,ψῆγμα,ψηγμα,SUBSTANCE:1,false,,,1,1,1,DIOSC_DMM,Dioscorides,diosc_full_v3,0.650,draft
ψηγμα ηλου,ψῆγμα ἥλου,ψηγμα ηλου,SUBSTANCE:1,true,ψηγμα,,1,1,1,DIOSC_DMM,Dioscorides,diosc_full_v3,0.620,draft
ψηττα,ψῆττα,ψηττα,SUBSTANCE:1,false,,,1,1,1,AET_LM,Aetius,entries_full_v3,0.800,draft
ψιλωθρον,ψίλωθρον,ψιλωθρον,SUBSTANCE:4,false,,,4,4,4,AET_LM;DIOSC_DMM;GAL_SMT;PAUL_AEG,Aetius;Dioscorides;Galen;Paul,diosc_full_v3;entries_full_v3;paul_full_v3,0.735,draft
ψιμμυθιον,ψιμμύθιον,ψιμμυθιον,SUBSTANCE:22,false,,,4,22,22,AET_LM;DIOSC_DMM;GAL_SMT;ORIB_CM,Aetius;Dioscorides;Galen;Oribasius,diosc_full_v3;entries_full_v3,0.886,draft
ψιμυθιον,ψιμύθιον,ψιμυθιον,SUBSTANCE:5,false,,,3,5,5,AET_LM;DIOSC_DMM;PAUL_AEG,Aetius;Dioscorides;Paul,diosc_full_v3;entries_full_v3;paul_full_v3,0.946,draft
ψυλλιον,ψύλλιον,ψυλλιον,SUBSTANCE:7,false,,,5,7,7,AET_LM;DIOSC_DMM;GAL_SMT;ORIB_CM;PAUL_AEG,Aetius;Dioscorides;Galen;Oribasius;Paul,diosc_full_v3;entries_full_v3;paul_full_v3,0.910,draft
ψυλλιου το σπερμα,Ψυλλίου τὸ σπέρμα,ψυλλιου το σπερμα,SUBSTANCE_PART:3,true,,,3,3,3,GAL_SMT;ORIB_CM;PAUL_AEG,Galen;Oribasius;Paul,entries_full_v3;paul_full_v3,0.893,draft
ψυχοτροφον,ψυχότροφον,ψυχοτροφον,SUBSTANCE:2,false,,,2,2,2,GAL_SMT;ORIB_CM,Galen;Oribasius,entries_full_v3,0.850,draft
ψυχοτροφος,ψυχότροφος,ψυχοτροφος,SUBSTANCE:1,false,,,1,1,1,PAUL_AEG,Paul,paul_full_v3,0.660,draft
ψυχροτροφον,ψυχρότροφον,ψυχροτροφον,SUBSTANCE:1,false,,,1,1,1,DIOSC_DMM,Dioscorides,diosc_full_v3,0.800,draft
ψωρικον,ψωρικόν,ψωρικον,SUBSTANCE:1,false,,,1,1,1,GAL_SMT,Galen,entries_full_v3,0.800,draft
ωκιμοειδες,ὠκιμοειδές,ωκιμοειδες,SUBSTANCE:3,false,,,2,3,3,DIOSC_DMM;ORIB_CM,Dioscorides;Oribasius,diosc_full_v3;entries_full_v3,0.610,draft
ωκιμοειδης,ὠκιμοειδής,ωκιμοειδης,SUBSTANCE:3,false,,,3,3,3,DIOSC_DMM;GAL_SMT;PAUL_AEG,Dioscorides;Galen;Paul,diosc_full_v3;entries_full_v3;paul_full_v3,0.800,draft
ωκιμοειδους το σπερμα,Ὠκιμοειδοῦς τὸ σπέρμα,ωκιμοειδους το σπερμα,SUBSTANCE_PART:1,true,,,1,1,1,ORIB_CM,Oribasius,entries_full_v3,0.850,draft
ωκιμον,ὤκιμον,ωκιμον,SUBSTANCE:15,false,,,5,15,15,AET_LM;DIOSC_DMM;GAL_SMT;ORIB_CM;PAUL_AEG,Aetius;Dioscorides;Galen;Oribasius;Paul,diosc_full_v3;entries_full_v3;paul_full_v3,0.817,draft
ωκιμον προσφατον,ὤκιμον πρόσφατον,ωκιμον προσφατον,SUBSTANCE:1,true,ωκιμον,,1,1,1,DIOSC_DMM,Dioscorides,diosc_full_v3,0.820,draft
ωμη λυσις,ὠμὴ λύσις,ωμη λυσις,SUBSTANCE:3,true,λυσις,,1,3,3,DIOSC_DMM,Dioscorides,diosc_full_v3,0.653,draft
ωμος χυμος,ὠμὸς χυμός,ωμος χυμος,SUBSTANCE:4,true,χυμος,,2,4,4,AET_LM;GAL_ALIM,Aetius;Galen,entries_full_v3,0.730,draft
ωμοτριβες,ὠμοτριβές,ωμοτριβες,SUBSTANCE:2,false,,,2,2,2,AET_LM;GAL_SMT,Aetius;Galen,entries_full_v3,0.760,draft
ωμοτριβες ελαιον,ὠμοτριβὲς ἔλαιον,ωμοτριβες ελαιον,SUBSTANCE:1,true,ελαιον,,1,1,1,DIOSC_DMM,Dioscorides,diosc_full_v3,0.800,draft
ωμοτριβες ομφακινον,ὠμοτριβὲς ὀμφάκινον,ωμοτριβες ομφακινον,SUBSTANCE:1,true,ομφακινον,,1,1,1,ORIB_CM,Oribasius,entries_full_v3,0.850,draft
ωμοτριβης,ὠμοτριβής,ωμοτριβης,SUBSTANCE:1,false,,,1,1,1,PAUL_AEG,Paul,paul_full_v3,0.680,draft
ωμοτριβος ελαιον,ὠμότριβος ἔλαιον,ωμοτριβος ελαιον,SUBSTANCE:1,true,ελαιον,,1,1,1,PAUL_AEG,Paul,paul_full_v3,0.800,draft
ων φυλων,ὧν φύλων,ων φυλων,SUBSTANCE_PART:1,true,,,1,1,1,DIOSC_DMM,Dioscorides,diosc_full_v3,0.700,draft
ωον,ᾠόν,ωον,SUBSTANCE:27,false,,,5,27,27,AET_LM;DIOSC_DMM;GAL_SMT;ORIB_CM;PAUL_AEG,Aetius;Dioscorides;Galen;Oribasius;Paul,diosc_full_v3;entries_full_v3;paul_full_v3,0.822,draft
ωον απαλον,ᾠόν ἁπαλόν,ωον απαλον,SUBSTANCE:1,true,ωον,,1,1,1,DIOSC_DMM,Dioscorides,diosc_full_v3,0.750,draft
ωον ξηρον,ᾠόν ξηρόν,ωον ξηρον,SUBSTANCE:1,true,ωον,,1,1,1,DIOSC_DMM,Dioscorides,diosc_full_v3,0.460,draft
ωον ωμον,ὠόν ὠμόν,ωον ωμον,SUBSTANCE:1,true,ωον,,1,1,1,AET_LM,Aetius,entries_full_v3,0.750,draft
ωου λεκιθου,ᾠοῦ λεκίθου,ωου λεκιθου,SUBSTANCE_PART:1,true,,,1,1,1,DIOSC_DMM,Dioscorides,diosc_full_v3,0.920,draft
ωου λεκιθω,ᾠοῦ λεκίθῳ,ωου λεκιθω,SUBSTANCE_PART:1,true,,,1,1,1,DIOSC_DMM,Dioscorides,diosc_full_v3,0.820,draft
ωου λευκον,ὠοῦ λευκὸν,ωου λευκον,SUBSTANCE_PART:1,true,,,1,1,1,AET_LM,Aetius,entries_full_v3,0.600,draft
ωου λευκω,ᾠοῦ λευκῷ,ωου λευκω,SUBSTANCE_PART:1,true,,,1,1,1,PAUL_AEG,Paul,paul_full_v3,0.850,draft
ωου το λευκον,ὠοῦ τὸ λευκὸν,ωου το λευκον,SUBSTANCE_PART:1,true,,,1,1,1,GAL_SMT,Galen,entries_full_v3,0.700,draft
ωου τῳ λεπτῳ και λευκῳ,ὠοῦ τῷ λεπτῷ καὶ λευκῷ,ωου τῳ λεπτῳ και λευκῳ,SUBSTANCE_PART:1,true,,,1,1,1,GAL_SMT,Galen,entries_full_v3,0.700,draft
ωτα,ὦτα,ωτα,SUBSTANCE:1,false,,,1,1,1,DIOSC_DMM,Dioscorides,diosc_full_v3,0.250,draft
ωτις,ὠτίς,ωτις,SUBSTANCE:2,false,,,2,2,2,DIOSC_DMM;GAL_SMT,Dioscorides;Galen,diosc_full_v3;entries_full_v3,0.550,draft
ωχρα,ὦχρα,ωχρα,SUBSTANCE:4,false,,,2,4,4,DIOSC_DMM;PAUL_AEG,Dioscorides;Paul,diosc_full_v3;paul_full_v3,0.863,draft
ωχρα αττικη,ὦχρα Ἀττική,ωχρα αττικη,SUBSTANCE:1,true,ωχρα,αττικη,1,1,1,DIOSC_DMM,Dioscorides,diosc_full_v3,0.700,draft
ωχρα κουφοτατος,ὦχρα κουφότατος,ωχρα κουφοτατος,SUBSTANCE:1,true,ωχρα,,1,1,1,DIOSC_DMM,Dioscorides,diosc_full_v3,0.750,draft
ωχρα μηλινος,ὦχρα μήλινος,ωχρα μηλινος,SUBSTANCE:1,true,ωχρα,,1,1,1,DIOSC_DMM,Dioscorides,diosc_full_v3,0.750,draft
ωχρα χολη,ὠχρὰ χολή,ωχρα χολη,SUBSTANCE:3,true,χολη,,3,3,3,AET_LM;GAL_ALIM;PAUL_AEG,Aetius;Galen;Paul,entries_full_v3;paul_full_v3,0.807,draft
ωχρος,ὦχρος,ωχρος,SUBSTANCE:3,false,,,2,3,3,AET_LM;GAL_ALIM,Aetius;Galen,entries_full_v3,0.827,draft
ἠριγερων,ἠριγέρων,ἠριγερων,SUBSTANCE:1,false,,,1,1,1,ORIB_CM,Oribasius,entries_full_v3,0.900,draft
ἱππομαραθον,ἱππομάραθον,ἱππομαραθον,SUBSTANCE:1,false,,,1,1,1,ORIB_CM,Oribasius,entries_full_v3,0.900,draft
ἱππομαραθρον,ἱππομάραθρον,ἱππομαραθρον,SUBSTANCE:1,false,,,1,1,1,GAL_SMT,Galen,entries_full_v3,0.950,draft
ὑδωρ,ὕδωρ,ὑδωρ,SUBSTANCE:1,false,,,1,1,1,ORIB_CM,Oribasius,entries_full_v3,0.950,draft
ὑσσωπος,ὕσσωπος,ὑσσωπος,SUBSTANCE:1,false,,,1,1,1,ORIB_CM,Oribasius,entries_full_v3,0.950,draft
ῥοδοδαφνη,ῥοδοδάφνη,ῥοδοδαφνη,SUBSTANCE:1,false,,,1,1,1,ORIB_CM,Oribasius,entries_full_v3,0.900,draft
ῳον,ᾠόν,ῳον,SUBSTANCE:2,false,,,1,2,2,GAL_SMT,Galen,entries_full_v3,0.805,draft
