candidate_id,entry_id,text_source,author_group,left_term_key,right_term_key,relation_type,evidence_display,review_status,review_confidence,reviewer,review_note
SNRC-00001,AET_LM-1.100,AET_LM,Aetius,γλυκυ,ελαια,unreviewed,"ν δὲ συμμέτρως ἐστὶ τῆς μέσης κράσεως καὶ διαφορητικώτερον τοῦ ὠμοτριβοῦς. τὸ δὲ ὠμοτριβὲς ἢ ὀμφάκινον ὀνομαζόμενον εἰς ὅσον στύψεως μετείληφεν, εἰς τοσοῦτον καὶ ψύξεως. τὸ δὲ παλαιὸν ἔλαιον τὸ μὲν ἐκ τοῦ γλυκέος καλουμένου γιγνόμενον, θερμότερόν τε καὶ",pending_llm_review,,,
SNRC-00002,AET_LM-1.100,AET_LM,Aetius,γλυκυ,ελαιον,unreviewed,"ν δὲ συμμέτρως ἐστὶ τῆς μέσης κράσεως καὶ διαφορητικώτερον τοῦ ὠμοτριβοῦς. τὸ δὲ ὠμοτριβὲς ἢ ὀμφάκινον ὀνομαζόμενον εἰς ὅσον στύψεως μετείληφεν, εἰς τοσοῦτον καὶ ψύξεως. τὸ δὲ παλαιὸν ἔλαιον τὸ μὲν ἐκ τοῦ γλυκέος καλουμένου γιγνόμενον, θερμότερόν τε καὶ",pending_llm_review,,,
SNRC-00003,AET_LM-1.100,AET_LM,Aetius,γλυκυ,ελαιον παλαιον,unreviewed,"ν δὲ συμμέτρως ἐστὶ τῆς μέσης κράσεως καὶ διαφορητικώτερον τοῦ ὠμοτριβοῦς. τὸ δὲ ὠμοτριβὲς ἢ ὀμφάκινον ὀνομαζόμενον εἰς ὅσον στύψεως μετείληφεν, εἰς τοσοῦτον καὶ ψύξεως. τὸ δὲ παλαιὸν ἔλαιον τὸ μὲν ἐκ τοῦ γλυκέος καλουμένου γιγνόμενον, θερμότερόν τε καὶ",pending_llm_review,,,
SNRC-00004,AET_LM-1.100,AET_LM,Aetius,γλυκυ,λυχνιαιον,unreviewed,"ν δὲ συμμέτρως ἐστὶ τῆς μέσης κράσεως καὶ διαφορητικώτερον τοῦ ὠμοτριβοῦς. τὸ δὲ ὠμοτριβὲς ἢ ὀμφάκινον ὀνομαζόμενον εἰς ὅσον στύψεως μετείληφεν, εἰς τοσοῦτον καὶ ψύξεως. τὸ δὲ παλαιὸν ἔλαιον τὸ μὲν ἐκ τοῦ γλυκέος καλουμένου γιγνόμενον, θερμότερόν τε καὶ",pending_llm_review,,,
SNRC-00005,AET_LM-1.100,AET_LM,Aetius,γλυκυ,ομφακινον,unreviewed,"ν δὲ συμμέτρως ἐστὶ τῆς μέσης κράσεως καὶ διαφορητικώτερον τοῦ ὠμοτριβοῦς. τὸ δὲ ὠμοτριβὲς ἢ ὀμφάκινον ὀνομαζόμενον εἰς ὅσον στύψεως μετείληφεν, εἰς τοσοῦτον καὶ ψύξεως. τὸ δὲ παλαιὸν ἔλαιον τὸ μὲν ἐκ τοῦ γλυκέος καλουμένου γιγνόμενον, θερμότερόν τε καὶ",pending_llm_review,,,
SNRC-00006,AET_LM-1.100,AET_LM,Aetius,γλυκυ,σαβινος,unreviewed,"ν δὲ συμμέτρως ἐστὶ τῆς μέσης κράσεως καὶ διαφορητικώτερον τοῦ ὠμοτριβοῦς. τὸ δὲ ὠμοτριβὲς ἢ ὀμφάκινον ὀνομαζόμενον εἰς ὅσον στύψεως μετείληφεν, εἰς τοσοῦτον καὶ ψύξεως. τὸ δὲ παλαιὸν ἔλαιον τὸ μὲν ἐκ τοῦ γλυκέος καλουμένου γιγνόμενον, θερμότερόν τε καὶ",pending_llm_review,,,
SNRC-00007,AET_LM-1.100,AET_LM,Aetius,γλυκυ,φαρμακον,unreviewed,"ν δὲ συμμέτρως ἐστὶ τῆς μέσης κράσεως καὶ διαφορητικώτερον τοῦ ὠμοτριβοῦς. τὸ δὲ ὠμοτριβὲς ἢ ὀμφάκινον ὀνομαζόμενον εἰς ὅσον στύψεως μετείληφεν, εἰς τοσοῦτον καὶ ψύξεως. τὸ δὲ παλαιὸν ἔλαιον τὸ μὲν ἐκ τοῦ γλυκέος καλουμένου γιγνόμενον, θερμότερόν τε καὶ",pending_llm_review,,,
SNRC-00008,AET_LM-1.100,AET_LM,Aetius,γλυκυ,χυμος,unreviewed,"ν δὲ συμμέτρως ἐστὶ τῆς μέσης κράσεως καὶ διαφορητικώτερον τοῦ ὠμοτριβοῦς. τὸ δὲ ὠμοτριβὲς ἢ ὀμφάκινον ὀνομαζόμενον εἰς ὅσον στύψεως μετείληφεν, εἰς τοσοῦτον καὶ ψύξεως. τὸ δὲ παλαιὸν ἔλαιον τὸ μὲν ἐκ τοῦ γλυκέος καλουμένου γιγνόμενον, θερμότερόν τε καὶ",pending_llm_review,,,
SNRC-00009,AET_LM-1.100,AET_LM,Aetius,γλυκυ,ωμοτριβες,unreviewed,"ν δὲ συμμέτρως ἐστὶ τῆς μέσης κράσεως καὶ διαφορητικώτερον τοῦ ὠμοτριβοῦς. τὸ δὲ ὠμοτριβὲς ἢ ὀμφάκινον ὀνομαζόμενον εἰς ὅσον στύψεως μετείληφεν, εἰς τοσοῦτον καὶ ψύξεως. τὸ δὲ παλαιὸν ἔλαιον τὸ μὲν ἐκ τοῦ γλυκέος καλουμένου γιγνόμενον, θερμότερόν τε καὶ",pending_llm_review,,,
SNRC-00010,AET_LM-1.100,AET_LM,Aetius,γλυκυ,καρπου ελαιας,unreviewed,"ν δὲ συμμέτρως ἐστὶ τῆς μέσης κράσεως καὶ διαφορητικώτερον τοῦ ὠμοτριβοῦς. τὸ δὲ ὠμοτριβὲς ἢ ὀμφάκινον ὀνομαζόμενον εἰς ὅσον στύψεως μετείληφεν, εἰς τοσοῦτον καὶ ψύξεως. τὸ δὲ παλαιὸν ἔλαιον τὸ μὲν ἐκ τοῦ γλυκέος καλουμένου γιγνόμενον, θερμότερόν τε καὶ",pending_llm_review,,,
SNRC-00011,AET_LM-1.100,AET_LM,Aetius,ελαια,ελαιον,unreviewed,"ν δὲ συμμέτρως ἐστὶ τῆς μέσης κράσεως καὶ διαφορητικώτερον τοῦ ὠμοτριβοῦς. τὸ δὲ ὠμοτριβὲς ἢ ὀμφάκινον ὀνομαζόμενον εἰς ὅσον στύψεως μετείληφεν, εἰς τοσοῦτον καὶ ψύξεως. τὸ δὲ παλαιὸν ἔλαιον τὸ μὲν ἐκ τοῦ γλυκέος καλουμένου γιγνόμενον, θερμότερόν τε καὶ",pending_llm_review,,,
SNRC-00012,AET_LM-1.100,AET_LM,Aetius,ελαια,ελαιον παλαιον,unreviewed,"ν δὲ συμμέτρως ἐστὶ τῆς μέσης κράσεως καὶ διαφορητικώτερον τοῦ ὠμοτριβοῦς. τὸ δὲ ὠμοτριβὲς ἢ ὀμφάκινον ὀνομαζόμενον εἰς ὅσον στύψεως μετείληφεν, εἰς τοσοῦτον καὶ ψύξεως. τὸ δὲ παλαιὸν ἔλαιον τὸ μὲν ἐκ τοῦ γλυκέος καλουμένου γιγνόμενον, θερμότερόν τε καὶ",pending_llm_review,,,
SNRC-00013,AET_LM-1.101,AET_LM,Aetius,ελαιον,ελαιον κικινον,unreviewed," κίκινον κατ' Αἴγυπτον γίγνεται, τοῦ σπέρματος τῆς κίκεως, ὃ καλεῖται κρότωνες, κοπτομένου ἢ θλιβομένου ἢ δι' ὕδατος θερμοῦ ἀναλεγομένου. ἐστὶ δὲ λεπτομερὲς καὶ διαφορητικὸν ὡς τὸ παλαιὸν ἔλαιον. σμήχει δὲ ἀλφοὺς ἐφήλεις φακοὺς συνεχῶς χριόμενον. παραπλ",pending_llm_review,,,
SNRC-00014,AET_LM-1.101,AET_LM,Aetius,ελαιον,ελαιον παλαιον,unreviewed," κίκινον κατ' Αἴγυπτον γίγνεται, τοῦ σπέρματος τῆς κίκεως, ὃ καλεῖται κρότωνες, κοπτομένου ἢ θλιβομένου ἢ δι' ὕδατος θερμοῦ ἀναλεγομένου. ἐστὶ δὲ λεπτομερὲς καὶ διαφορητικὸν ὡς τὸ παλαιὸν ἔλαιον. σμήχει δὲ ἀλφοὺς ἐφήλεις φακοὺς συνεχῶς χριόμενον. παραπλ",pending_llm_review,,,
SNRC-00015,AET_LM-1.101,AET_LM,Aetius,ελαιον,κικις,unreviewed," κίκινον κατ' Αἴγυπτον γίγνεται, τοῦ σπέρματος τῆς κίκεως, ὃ καλεῖται κρότωνες, κοπτομένου ἢ θλιβομένου ἢ δι' ὕδατος θερμοῦ ἀναλεγομένου. ἐστὶ δὲ λεπτομερὲς καὶ διαφορητικὸν ὡς τὸ παλαιὸν ἔλαιον. σμήχει δὲ ἀλφοὺς ἐφήλεις φακοὺς συνεχῶς χριόμενον. παραπλ",pending_llm_review,,,
SNRC-00016,AET_LM-1.101,AET_LM,Aetius,ελαιον,κροτων,unreviewed," κίκινον κατ' Αἴγυπτον γίγνεται, τοῦ σπέρματος τῆς κίκεως, ὃ καλεῖται κρότωνες, κοπτομένου ἢ θλιβομένου ἢ δι' ὕδατος θερμοῦ ἀναλεγομένου. ἐστὶ δὲ λεπτομερὲς καὶ διαφορητικὸν ὡς τὸ παλαιὸν ἔλαιον. σμήχει δὲ ἀλφοὺς ἐφήλεις φακοὺς συνεχῶς χριόμενον. παραπλ",pending_llm_review,,,
SNRC-00017,AET_LM-1.101,AET_LM,Aetius,ελαιον,ραφανινος,unreviewed," κίκινον κατ' Αἴγυπτον γίγνεται, τοῦ σπέρματος τῆς κίκεως, ὃ καλεῖται κρότωνες, κοπτομένου ἢ θλιβομένου ἢ δι' ὕδατος θερμοῦ ἀναλεγομένου. ἐστὶ δὲ λεπτομερὲς καὶ διαφορητικὸν ὡς τὸ παλαιὸν ἔλαιον. σμήχει δὲ ἀλφοὺς ἐφήλεις φακοὺς συνεχῶς χριόμενον. παραπλ",pending_llm_review,,,
SNRC-00018,AET_LM-1.101,AET_LM,Aetius,ελαιον,υδωρ,unreviewed," κίκινον κατ' Αἴγυπτον γίγνεται, τοῦ σπέρματος τῆς κίκεως, ὃ καλεῖται κρότωνες, κοπτομένου ἢ θλιβομένου ἢ δι' ὕδατος θερμοῦ ἀναλεγομένου. ἐστὶ δὲ λεπτομερὲς καὶ διαφορητικὸν ὡς τὸ παλαιὸν ἔλαιον. σμήχει δὲ ἀλφοὺς ἐφήλεις φακοὺς συνεχῶς χριόμενον. παραπλ",pending_llm_review,,,
SNRC-00019,AET_LM-1.101,AET_LM,Aetius,ελαιον,υδωρ θερμον,unreviewed," κίκινον κατ' Αἴγυπτον γίγνεται, τοῦ σπέρματος τῆς κίκεως, ὃ καλεῖται κρότωνες, κοπτομένου ἢ θλιβομένου ἢ δι' ὕδατος θερμοῦ ἀναλεγομένου. ἐστὶ δὲ λεπτομερὲς καὶ διαφορητικὸν ὡς τὸ παλαιὸν ἔλαιον. σμήχει δὲ ἀλφοὺς ἐφήλεις φακοὺς συνεχῶς χριόμενον. παραπλ",pending_llm_review,,,
SNRC-00020,AET_LM-1.101,AET_LM,Aetius,ελαιον,σπερματος της κικεως,unreviewed," κίκινον κατ' Αἴγυπτον γίγνεται, τοῦ σπέρματος τῆς κίκεως, ὃ καλεῖται κρότωνες, κοπτομένου ἢ θλιβομένου ἢ δι' ὕδατος θερμοῦ ἀναλεγομένου. ἐστὶ δὲ λεπτομερὲς καὶ διαφορητικὸν ὡς τὸ παλαιὸν ἔλαιον. σμήχει δὲ ἀλφοὺς ἐφήλεις φακοὺς συνεχῶς χριόμενον. παραπλ",pending_llm_review,,,
SNRC-00021,AET_LM-1.101,AET_LM,Aetius,ελαιον κικινον,ελαιον παλαιον,unreviewed," κίκινον κατ' Αἴγυπτον γίγνεται, τοῦ σπέρματος τῆς κίκεως, ὃ καλεῖται κρότωνες, κοπτομένου ἢ θλιβομένου ἢ δι' ὕδατος θερμοῦ ἀναλεγομένου. ἐστὶ δὲ λεπτομερὲς καὶ διαφορητικὸν ὡς τὸ παλαιὸν ἔλαιον. σμήχει δὲ ἀλφοὺς ἐφήλεις φακοὺς συνεχῶς χριόμενον. παραπλ",pending_llm_review,,,
SNRC-00022,AET_LM-1.101,AET_LM,Aetius,ελαιον κικινον,κικις,unreviewed," κίκινον κατ' Αἴγυπτον γίγνεται, τοῦ σπέρματος τῆς κίκεως, ὃ καλεῖται κρότωνες, κοπτομένου ἢ θλιβομένου ἢ δι' ὕδατος θερμοῦ ἀναλεγομένου. ἐστὶ δὲ λεπτομερὲς καὶ διαφορητικὸν ὡς τὸ παλαιὸν ἔλαιον. σμήχει δὲ ἀλφοὺς ἐφήλεις φακοὺς συνεχῶς χριόμενον. παραπλ",pending_llm_review,,,
SNRC-00023,AET_LM-1.101,AET_LM,Aetius,ελαιον κικινον,κροτων,unreviewed," κίκινον κατ' Αἴγυπτον γίγνεται, τοῦ σπέρματος τῆς κίκεως, ὃ καλεῖται κρότωνες, κοπτομένου ἢ θλιβομένου ἢ δι' ὕδατος θερμοῦ ἀναλεγομένου. ἐστὶ δὲ λεπτομερὲς καὶ διαφορητικὸν ὡς τὸ παλαιὸν ἔλαιον. σμήχει δὲ ἀλφοὺς ἐφήλεις φακοὺς συνεχῶς χριόμενον. παραπλ",pending_llm_review,,,
SNRC-00024,AET_LM-1.101,AET_LM,Aetius,ελαιον κικινον,ραφανινος,unreviewed," κίκινον κατ' Αἴγυπτον γίγνεται, τοῦ σπέρματος τῆς κίκεως, ὃ καλεῖται κρότωνες, κοπτομένου ἢ θλιβομένου ἢ δι' ὕδατος θερμοῦ ἀναλεγομένου. ἐστὶ δὲ λεπτομερὲς καὶ διαφορητικὸν ὡς τὸ παλαιὸν ἔλαιον. σμήχει δὲ ἀλφοὺς ἐφήλεις φακοὺς συνεχῶς χριόμενον. παραπλ",pending_llm_review,,,
SNRC-00025,AET_LM-1.106,AET_LM,Aetius,ζεον υδωρ,υδωρ,unreviewed,καρύινον. Ὁμοίως τῷ ἀμυγδαλίνῳ καὶ τοῦτο σκευάζεται ἢ κοπτομένῳ καὶ πιεζομένῳ ἢ εἰς ζέον ὕδωρ ἐμβαλλομένῳ μετὰ τὸ κοπῆναι καὶ ἁρμόζει δὲ τοῖς αὐτοῖς· περιττὸν δὲ ἔχει τὸ χρησιμεύειν τοῖς χρυσοῦσιν ἢ ἐγκαίουσι· ξηρα,pending_llm_review,,,
SNRC-00026,AET_LM-1.108,AET_LM,Aetius,αλευρον,δαφνη,unreviewed,χεῖς χριόμενον ἐν βαλανείοις ἀποθεραπεύει. φευκτέον δὲ αὐτὸ ἐπὶ τῶν φλεγμαινόντων λειχήνων ἢ ψωρῶν καὶ ἐπὶ τῶν θερμῶν κράσεων καὶ χολωδῶν. τοῖς γὰρ ὑγροῖς καὶ φλεγματικοῖς ἁρμόττει καὶ πᾶσι τοῖς ὑπὸ ψύξεως ἐνοχλουμένοις τὰ ἄρθρα καὶ ἰσχιαδικοῖς κατάλληλ,pending_llm_review,,,
SNRC-00027,AET_LM-1.108,AET_LM,Aetius,αλευρον,δαφνις,unreviewed,χεῖς χριόμενον ἐν βαλανείοις ἀποθεραπεύει. φευκτέον δὲ αὐτὸ ἐπὶ τῶν φλεγμαινόντων λειχήνων ἢ ψωρῶν καὶ ἐπὶ τῶν θερμῶν κράσεων καὶ χολωδῶν. τοῖς γὰρ ὑγροῖς καὶ φλεγματικοῖς ἁρμόττει καὶ πᾶσι τοῖς ὑπὸ ψύξεως ἐνοχλουμένοις τὰ ἄρθρα καὶ ἰσχιαδικοῖς κατάλληλ,pending_llm_review,,,
SNRC-00028,AET_LM-1.108,AET_LM,Aetius,αλευρον,ελαιον,unreviewed,χεῖς χριόμενον ἐν βαλανείοις ἀποθεραπεύει. φευκτέον δὲ αὐτὸ ἐπὶ τῶν φλεγμαινόντων λειχήνων ἢ ψωρῶν καὶ ἐπὶ τῶν θερμῶν κράσεων καὶ χολωδῶν. τοῖς γὰρ ὑγροῖς καὶ φλεγματικοῖς ἁρμόττει καὶ πᾶσι τοῖς ὑπὸ ψύξεως ἐνοχλουμένοις τὰ ἄρθρα καὶ ἰσχιαδικοῖς κατάλληλ,pending_llm_review,,,
SNRC-00029,AET_LM-1.108,AET_LM,Aetius,αλευρον,μελι,unreviewed,χεῖς χριόμενον ἐν βαλανείοις ἀποθεραπεύει. φευκτέον δὲ αὐτὸ ἐπὶ τῶν φλεγμαινόντων λειχήνων ἢ ψωρῶν καὶ ἐπὶ τῶν θερμῶν κράσεων καὶ χολωδῶν. τοῖς γὰρ ὑγροῖς καὶ φλεγματικοῖς ἁρμόττει καὶ πᾶσι τοῖς ὑπὸ ψύξεως ἐνοχλουμένοις τὰ ἄρθρα καὶ ἰσχιαδικοῖς κατάλληλ,pending_llm_review,,,
SNRC-00030,AET_LM-1.108,AET_LM,Aetius,αλευρον,πεπεμμενον ελαιον,unreviewed,χεῖς χριόμενον ἐν βαλανείοις ἀποθεραπεύει. φευκτέον δὲ αὐτὸ ἐπὶ τῶν φλεγμαινόντων λειχήνων ἢ ψωρῶν καὶ ἐπὶ τῶν θερμῶν κράσεων καὶ χολωδῶν. τοῖς γὰρ ὑγροῖς καὶ φλεγματικοῖς ἁρμόττει καὶ πᾶσι τοῖς ὑπὸ ψύξεως ἐνοχλουμένοις τὰ ἄρθρα καὶ ἰσχιαδικοῖς κατάλληλ,pending_llm_review,,,
SNRC-00031,AET_LM-1.108,AET_LM,Aetius,αλευρον,τηλις αλευρον,unreviewed,χεῖς χριόμενον ἐν βαλανείοις ἀποθεραπεύει. φευκτέον δὲ αὐτὸ ἐπὶ τῶν φλεγμαινόντων λειχήνων ἢ ψωρῶν καὶ ἐπὶ τῶν θερμῶν κράσεων καὶ χολωδῶν. τοῖς γὰρ ὑγροῖς καὶ φλεγματικοῖς ἁρμόττει καὶ πᾶσι τοῖς ὑπὸ ψύξεως ἐνοχλουμένοις τὰ ἄρθρα καὶ ἰσχιαδικοῖς κατάλληλ,pending_llm_review,,,
SNRC-00032,AET_LM-1.108,AET_LM,Aetius,αλευρον,ωον,unreviewed,χεῖς χριόμενον ἐν βαλανείοις ἀποθεραπεύει. φευκτέον δὲ αὐτὸ ἐπὶ τῶν φλεγμαινόντων λειχήνων ἢ ψωρῶν καὶ ἐπὶ τῶν θερμῶν κράσεων καὶ χολωδῶν. τοῖς γὰρ ὑγροῖς καὶ φλεγματικοῖς ἁρμόττει καὶ πᾶσι τοῖς ὑπὸ ψύξεως ἐνοχλουμένοις τὰ ἄρθρα καὶ ἰσχιαδικοῖς κατάλληλ,pending_llm_review,,,
SNRC-00033,AET_LM-1.108,AET_LM,Aetius,αλευρον,εκ του καρπου της δαφνης,unreviewed,χεῖς χριόμενον ἐν βαλανείοις ἀποθεραπεύει. φευκτέον δὲ αὐτὸ ἐπὶ τῶν φλεγμαινόντων λειχήνων ἢ ψωρῶν καὶ ἐπὶ τῶν θερμῶν κράσεων καὶ χολωδῶν. τοῖς γὰρ ὑγροῖς καὶ φλεγματικοῖς ἁρμόττει καὶ πᾶσι τοῖς ὑπὸ ψύξεως ἐνοχλουμένοις τὰ ἄρθρα καὶ ἰσχιαδικοῖς κατάλληλ,pending_llm_review,,,
SNRC-00034,AET_LM-1.108,AET_LM,Aetius,αλευρον,του καρπου των δαφνιδων,unreviewed,χεῖς χριόμενον ἐν βαλανείοις ἀποθεραπεύει. φευκτέον δὲ αὐτὸ ἐπὶ τῶν φλεγμαινόντων λειχήνων ἢ ψωρῶν καὶ ἐπὶ τῶν θερμῶν κράσεων καὶ χολωδῶν. τοῖς γὰρ ὑγροῖς καὶ φλεγματικοῖς ἁρμόττει καὶ πᾶσι τοῖς ὑπὸ ψύξεως ἐνοχλουμένοις τὰ ἄρθρα καὶ ἰσχιαδικοῖς κατάλληλ,pending_llm_review,,,
SNRC-00035,AET_LM-1.108,AET_LM,Aetius,δαφνη,δαφνις,unreviewed,χεῖς χριόμενον ἐν βαλανείοις ἀποθεραπεύει. φευκτέον δὲ αὐτὸ ἐπὶ τῶν φλεγμαινόντων λειχήνων ἢ ψωρῶν καὶ ἐπὶ τῶν θερμῶν κράσεων καὶ χολωδῶν. τοῖς γὰρ ὑγροῖς καὶ φλεγματικοῖς ἁρμόττει καὶ πᾶσι τοῖς ὑπὸ ψύξεως ἐνοχλουμένοις τὰ ἄρθρα καὶ ἰσχιαδικοῖς κατάλληλ,pending_llm_review,,,
SNRC-00036,AET_LM-1.108,AET_LM,Aetius,δαφνη,ελαιον,unreviewed,χεῖς χριόμενον ἐν βαλανείοις ἀποθεραπεύει. φευκτέον δὲ αὐτὸ ἐπὶ τῶν φλεγμαινόντων λειχήνων ἢ ψωρῶν καὶ ἐπὶ τῶν θερμῶν κράσεων καὶ χολωδῶν. τοῖς γὰρ ὑγροῖς καὶ φλεγματικοῖς ἁρμόττει καὶ πᾶσι τοῖς ὑπὸ ψύξεως ἐνοχλουμένοις τὰ ἄρθρα καὶ ἰσχιαδικοῖς κατάλληλ,pending_llm_review,,,
SNRC-00037,AET_LM-1.108,AET_LM,Aetius,δαφνη,μελι,unreviewed,χεῖς χριόμενον ἐν βαλανείοις ἀποθεραπεύει. φευκτέον δὲ αὐτὸ ἐπὶ τῶν φλεγμαινόντων λειχήνων ἢ ψωρῶν καὶ ἐπὶ τῶν θερμῶν κράσεων καὶ χολωδῶν. τοῖς γὰρ ὑγροῖς καὶ φλεγματικοῖς ἁρμόττει καὶ πᾶσι τοῖς ὑπὸ ψύξεως ἐνοχλουμένοις τὰ ἄρθρα καὶ ἰσχιαδικοῖς κατάλληλ,pending_llm_review,,,
SNRC-00038,AET_LM-1.113,AET_LM,Aetius,ελαιον,ελαιον ομφακινον,unreviewed,τὸν βίκον εἰς φρέαρ ὕδατος ψυχροῦ ἡμέρας <μ>. ἁρμόζει δὲ κεφαλῇ θερμανθείσῃ καὶ ξηρανθείσῃ ἢ ἐξ ἡλιώσεως ἢ ἐκ πυρετῶν ἤ τινος ἄλλης τοιαύτης προφάσεως. ὑγραίνει γὰρ καὶ παρηγορεῖ καὶ ὕπνον ἐπάγει. καὶ ἐπὶ σπλάγχνων δὲ ἐν πυρετοῖς ἐκθερμαινομένων ἁρμοδία,pending_llm_review,,,
SNRC-00039,AET_LM-1.113,AET_LM,Aetius,ελαιον,κηρος,unreviewed,τὸν βίκον εἰς φρέαρ ὕδατος ψυχροῦ ἡμέρας <μ>. ἁρμόζει δὲ κεφαλῇ θερμανθείσῃ καὶ ξηρανθείσῃ ἢ ἐξ ἡλιώσεως ἢ ἐκ πυρετῶν ἤ τινος ἄλλης τοιαύτης προφάσεως. ὑγραίνει γὰρ καὶ παρηγορεῖ καὶ ὕπνον ἐπάγει. καὶ ἐπὶ σπλάγχνων δὲ ἐν πυρετοῖς ἐκθερμαινομένων ἁρμοδία,pending_llm_review,,,
SNRC-00040,AET_LM-1.113,AET_LM,Aetius,ελαιον,οξος,unreviewed,τὸν βίκον εἰς φρέαρ ὕδατος ψυχροῦ ἡμέρας <μ>. ἁρμόζει δὲ κεφαλῇ θερμανθείσῃ καὶ ξηρανθείσῃ ἢ ἐξ ἡλιώσεως ἢ ἐκ πυρετῶν ἤ τινος ἄλλης τοιαύτης προφάσεως. ὑγραίνει γὰρ καὶ παρηγορεῖ καὶ ὕπνον ἐπάγει. καὶ ἐπὶ σπλάγχνων δὲ ἐν πυρετοῖς ἐκθερμαινομένων ἁρμοδία,pending_llm_review,,,
SNRC-00041,AET_LM-1.113,AET_LM,Aetius,ελαιον,ροδον,unreviewed,τὸν βίκον εἰς φρέαρ ὕδατος ψυχροῦ ἡμέρας <μ>. ἁρμόζει δὲ κεφαλῇ θερμανθείσῃ καὶ ξηρανθείσῃ ἢ ἐξ ἡλιώσεως ἢ ἐκ πυρετῶν ἤ τινος ἄλλης τοιαύτης προφάσεως. ὑγραίνει γὰρ καὶ παρηγορεῖ καὶ ὕπνον ἐπάγει. καὶ ἐπὶ σπλάγχνων δὲ ἐν πυρετοῖς ἐκθερμαινομένων ἁρμοδία,pending_llm_review,,,
SNRC-00042,AET_LM-1.113,AET_LM,Aetius,ελαιον,ροδον ερυθρον,unreviewed,τὸν βίκον εἰς φρέαρ ὕδατος ψυχροῦ ἡμέρας <μ>. ἁρμόζει δὲ κεφαλῇ θερμανθείσῃ καὶ ξηρανθείσῃ ἢ ἐξ ἡλιώσεως ἢ ἐκ πυρετῶν ἤ τινος ἄλλης τοιαύτης προφάσεως. ὑγραίνει γὰρ καὶ παρηγορεῖ καὶ ὕπνον ἐπάγει. καὶ ἐπὶ σπλάγχνων δὲ ἐν πυρετοῖς ἐκθερμαινομένων ἁρμοδία,pending_llm_review,,,
SNRC-00043,AET_LM-1.113,AET_LM,Aetius,ελαιον,υδωρ,unreviewed,τὸν βίκον εἰς φρέαρ ὕδατος ψυχροῦ ἡμέρας <μ>. ἁρμόζει δὲ κεφαλῇ θερμανθείσῃ καὶ ξηρανθείσῃ ἢ ἐξ ἡλιώσεως ἢ ἐκ πυρετῶν ἤ τινος ἄλλης τοιαύτης προφάσεως. ὑγραίνει γὰρ καὶ παρηγορεῖ καὶ ὕπνον ἐπάγει. καὶ ἐπὶ σπλάγχνων δὲ ἐν πυρετοῖς ἐκθερμαινομένων ἁρμοδία,pending_llm_review,,,
SNRC-00044,AET_LM-1.113,AET_LM,Aetius,ελαιον ομφακινον,κηρος,unreviewed,τὸν βίκον εἰς φρέαρ ὕδατος ψυχροῦ ἡμέρας <μ>. ἁρμόζει δὲ κεφαλῇ θερμανθείσῃ καὶ ξηρανθείσῃ ἢ ἐξ ἡλιώσεως ἢ ἐκ πυρετῶν ἤ τινος ἄλλης τοιαύτης προφάσεως. ὑγραίνει γὰρ καὶ παρηγορεῖ καὶ ὕπνον ἐπάγει. καὶ ἐπὶ σπλάγχνων δὲ ἐν πυρετοῖς ἐκθερμαινομένων ἁρμοδία,pending_llm_review,,,
SNRC-00045,AET_LM-1.113,AET_LM,Aetius,ελαιον ομφακινον,οξος,unreviewed,τὸν βίκον εἰς φρέαρ ὕδατος ψυχροῦ ἡμέρας <μ>. ἁρμόζει δὲ κεφαλῇ θερμανθείσῃ καὶ ξηρανθείσῃ ἢ ἐξ ἡλιώσεως ἢ ἐκ πυρετῶν ἤ τινος ἄλλης τοιαύτης προφάσεως. ὑγραίνει γὰρ καὶ παρηγορεῖ καὶ ὕπνον ἐπάγει. καὶ ἐπὶ σπλάγχνων δὲ ἐν πυρετοῖς ἐκθερμαινομένων ἁρμοδία,pending_llm_review,,,
SNRC-00046,AET_LM-1.113,AET_LM,Aetius,ελαιον ομφακινον,ροδον,unreviewed,τὸν βίκον εἰς φρέαρ ὕδατος ψυχροῦ ἡμέρας <μ>. ἁρμόζει δὲ κεφαλῇ θερμανθείσῃ καὶ ξηρανθείσῃ ἢ ἐξ ἡλιώσεως ἢ ἐκ πυρετῶν ἤ τινος ἄλλης τοιαύτης προφάσεως. ὑγραίνει γὰρ καὶ παρηγορεῖ καὶ ὕπνον ἐπάγει. καὶ ἐπὶ σπλάγχνων δὲ ἐν πυρετοῖς ἐκθερμαινομένων ἁρμοδία,pending_llm_review,,,
SNRC-00047,AET_LM-1.113,AET_LM,Aetius,ελαιον ομφακινον,ροδον ερυθρον,unreviewed,τὸν βίκον εἰς φρέαρ ὕδατος ψυχροῦ ἡμέρας <μ>. ἁρμόζει δὲ κεφαλῇ θερμανθείσῃ καὶ ξηρανθείσῃ ἢ ἐξ ἡλιώσεως ἢ ἐκ πυρετῶν ἤ τινος ἄλλης τοιαύτης προφάσεως. ὑγραίνει γὰρ καὶ παρηγορεῖ καὶ ὕπνον ἐπάγει. καὶ ἐπὶ σπλάγχνων δὲ ἐν πυρετοῖς ἐκθερμαινομένων ἁρμοδία,pending_llm_review,,,
SNRC-00048,AET_LM-1.113,AET_LM,Aetius,ελαιον ομφακινον,υδωρ,unreviewed,τὸν βίκον εἰς φρέαρ ὕδατος ψυχροῦ ἡμέρας <μ>. ἁρμόζει δὲ κεφαλῇ θερμανθείσῃ καὶ ξηρανθείσῃ ἢ ἐξ ἡλιώσεως ἢ ἐκ πυρετῶν ἤ τινος ἄλλης τοιαύτης προφάσεως. ὑγραίνει γὰρ καὶ παρηγορεῖ καὶ ὕπνον ἐπάγει. καὶ ἐπὶ σπλάγχνων δὲ ἐν πυρετοῖς ἐκθερμαινομένων ἁρμοδία,pending_llm_review,,,
SNRC-00049,AET_LM-1.113,AET_LM,Aetius,κηρος,οξος,unreviewed,τὸν βίκον εἰς φρέαρ ὕδατος ψυχροῦ ἡμέρας <μ>. ἁρμόζει δὲ κεφαλῇ θερμανθείσῃ καὶ ξηρανθείσῃ ἢ ἐξ ἡλιώσεως ἢ ἐκ πυρετῶν ἤ τινος ἄλλης τοιαύτης προφάσεως. ὑγραίνει γὰρ καὶ παρηγορεῖ καὶ ὕπνον ἐπάγει. καὶ ἐπὶ σπλάγχνων δὲ ἐν πυρετοῖς ἐκθερμαινομένων ἁρμοδία,pending_llm_review,,,
SNRC-00050,AET_LM-1.115,AET_LM,Aetius,ανηθος,γλυκυ ελαιον,unreviewed,"ἀνήθινον γίνεται ἐκ τῆς κόμης τοῦ ἀνήθου χλωρᾶς ἔτι οὔσης, πρὶν ἢ τὸ σπερμάτιον στερεὸν γένηται καὶ δριμὺ, ἀσύμφορον γὰρ γίνεται εἰς τὴν χρῆσιν διὰ τὴν ἀποβολὴν τοῦ ἄνθους. ἀποτέμνοντα δὲ μόνους τοὺς καλαθίσκους τῶν βλαστῶν κα",pending_llm_review,,,
SNRC-00051,AET_LM-1.115,AET_LM,Aetius,ανηθος,ελαιον,unreviewed,"ἀνήθινον γίνεται ἐκ τῆς κόμης τοῦ ἀνήθου χλωρᾶς ἔτι οὔσης, πρὶν ἢ τὸ σπερμάτιον στερεὸν γένηται καὶ δριμὺ, ἀσύμφορον γὰρ γίνεται εἰς τὴν χρῆσιν διὰ τὴν ἀποβολὴν τοῦ ἄνθους. ἀποτέμνοντα δὲ μόνους τοὺς καλαθίσκους τῶν βλαστῶν κα",pending_llm_review,,,
SNRC-00052,AET_LM-1.115,AET_LM,Aetius,ανηθος,φλεγμα,unreviewed,"ἀνήθινον γίνεται ἐκ τῆς κόμης τοῦ ἀνήθου χλωρᾶς ἔτι οὔσης, πρὶν ἢ τὸ σπερμάτιον στερεὸν γένηται καὶ δριμὺ, ἀσύμφορον γὰρ γίνεται εἰς τὴν χρῆσιν διὰ τὴν ἀποβολὴν τοῦ ἄνθους. ἀποτέμνοντα δὲ μόνους τοὺς καλαθίσκους τῶν βλαστῶν κα",pending_llm_review,,,
SNRC-00053,AET_LM-1.115,AET_LM,Aetius,ανηθος,ανθους,unreviewed,"ἀνήθινον γίνεται ἐκ τῆς κόμης τοῦ ἀνήθου χλωρᾶς ἔτι οὔσης, πρὶν ἢ τὸ σπερμάτιον στερεὸν γένηται καὶ δριμὺ, ἀσύμφορον γὰρ γίνεται εἰς τὴν χρῆσιν διὰ τὴν ἀποβολὴν τοῦ ἄνθους. ἀποτέμνοντα δὲ μόνους τοὺς καλαθίσκους τῶν βλαστῶν κα",pending_llm_review,,,
SNRC-00054,AET_LM-1.115,AET_LM,Aetius,ανηθος,κομης του ανηθου,unreviewed,"ἀνήθινον γίνεται ἐκ τῆς κόμης τοῦ ἀνήθου χλωρᾶς ἔτι οὔσης, πρὶν ἢ τὸ σπερμάτιον στερεὸν γένηται καὶ δριμὺ, ἀσύμφορον γὰρ γίνεται εἰς τὴν χρῆσιν διὰ τὴν ἀποβολὴν τοῦ ἄνθους. ἀποτέμνοντα δὲ μόνους τοὺς καλαθίσκους τῶν βλαστῶν κα",pending_llm_review,,,
SNRC-00055,AET_LM-1.115,AET_LM,Aetius,ανηθος,σπερματιον,unreviewed,"ἀνήθινον γίνεται ἐκ τῆς κόμης τοῦ ἀνήθου χλωρᾶς ἔτι οὔσης, πρὶν ἢ τὸ σπερμάτιον στερεὸν γένηται καὶ δριμὺ, ἀσύμφορον γὰρ γίνεται εἰς τὴν χρῆσιν διὰ τὴν ἀποβολὴν τοῦ ἄνθους. ἀποτέμνοντα δὲ μόνους τοὺς καλαθίσκους τῶν βλαστῶν κα",pending_llm_review,,,
SNRC-00056,AET_LM-1.115,AET_LM,Aetius,γλυκυ ελαιον,ελαιον,unreviewed,"ἀνήθινον γίνεται ἐκ τῆς κόμης τοῦ ἀνήθου χλωρᾶς ἔτι οὔσης, πρὶν ἢ τὸ σπερμάτιον στερεὸν γένηται καὶ δριμὺ, ἀσύμφορον γὰρ γίνεται εἰς τὴν χρῆσιν διὰ τὴν ἀποβολὴν τοῦ ἄνθους. ἀποτέμνοντα δὲ μόνους τοὺς καλαθίσκους τῶν βλαστῶν κα",pending_llm_review,,,
SNRC-00057,AET_LM-1.115,AET_LM,Aetius,γλυκυ ελαιον,φλεγμα,unreviewed,"ἀνήθινον γίνεται ἐκ τῆς κόμης τοῦ ἀνήθου χλωρᾶς ἔτι οὔσης, πρὶν ἢ τὸ σπερμάτιον στερεὸν γένηται καὶ δριμὺ, ἀσύμφορον γὰρ γίνεται εἰς τὴν χρῆσιν διὰ τὴν ἀποβολὴν τοῦ ἄνθους. ἀποτέμνοντα δὲ μόνους τοὺς καλαθίσκους τῶν βλαστῶν κα",pending_llm_review,,,
SNRC-00058,AET_LM-1.115,AET_LM,Aetius,γλυκυ ελαιον,ανθους,unreviewed,"ἀνήθινον γίνεται ἐκ τῆς κόμης τοῦ ἀνήθου χλωρᾶς ἔτι οὔσης, πρὶν ἢ τὸ σπερμάτιον στερεὸν γένηται καὶ δριμὺ, ἀσύμφορον γὰρ γίνεται εἰς τὴν χρῆσιν διὰ τὴν ἀποβολὴν τοῦ ἄνθους. ἀποτέμνοντα δὲ μόνους τοὺς καλαθίσκους τῶν βλαστῶν κα",pending_llm_review,,,
SNRC-00059,AET_LM-1.115,AET_LM,Aetius,γλυκυ ελαιον,κομης του ανηθου,unreviewed,"ἀνήθινον γίνεται ἐκ τῆς κόμης τοῦ ἀνήθου χλωρᾶς ἔτι οὔσης, πρὶν ἢ τὸ σπερμάτιον στερεὸν γένηται καὶ δριμὺ, ἀσύμφορον γὰρ γίνεται εἰς τὴν χρῆσιν διὰ τὴν ἀποβολὴν τοῦ ἄνθους. ἀποτέμνοντα δὲ μόνους τοὺς καλαθίσκους τῶν βλαστῶν κα",pending_llm_review,,,
SNRC-00060,AET_LM-1.115,AET_LM,Aetius,γλυκυ ελαιον,σπερματιον,unreviewed,"ἀνήθινον γίνεται ἐκ τῆς κόμης τοῦ ἀνήθου χλωρᾶς ἔτι οὔσης, πρὶν ἢ τὸ σπερμάτιον στερεὸν γένηται καὶ δριμὺ, ἀσύμφορον γὰρ γίνεται εἰς τὴν χρῆσιν διὰ τὴν ἀποβολὴν τοῦ ἄνθους. ἀποτέμνοντα δὲ μόνους τοὺς καλαθίσκους τῶν βλαστῶν κα",pending_llm_review,,,
SNRC-00061,AET_LM-1.115,AET_LM,Aetius,ελαιον,φλεγμα,unreviewed,"ἀνήθινον γίνεται ἐκ τῆς κόμης τοῦ ἀνήθου χλωρᾶς ἔτι οὔσης, πρὶν ἢ τὸ σπερμάτιον στερεὸν γένηται καὶ δριμὺ, ἀσύμφορον γὰρ γίνεται εἰς τὴν χρῆσιν διὰ τὴν ἀποβολὴν τοῦ ἄνθους. ἀποτέμνοντα δὲ μόνους τοὺς καλαθίσκους τῶν βλαστῶν κα",pending_llm_review,,,
SNRC-00062,AET_LM-1.116,AET_LM,Aetius,γλυκυτατον ελαιον,ελαιον,unreviewed,κρίνινον ἢ σούσινον ἢ λίρινον γίγνεται τῶν λευκῶν τοῦ κρίνου πετάλων ἐξωνυχισμένων καὶ μόνων ἐμβαλλομένων χωρὶς τοῦ ἐν αὐτοῖς κροκώδους εἰς τὸν ἰταλικὸν ξέστην τοῦ καλλίστ,pending_llm_review,,,
SNRC-00063,AET_LM-1.116,AET_LM,Aetius,γλυκυτατον ελαιον,κρινον,unreviewed,κρίνινον ἢ σούσινον ἢ λίρινον γίγνεται τῶν λευκῶν τοῦ κρίνου πετάλων ἐξωνυχισμένων καὶ μόνων ἐμβαλλομένων χωρὶς τοῦ ἐν αὐτοῖς κροκώδους εἰς τὸν ἰταλικὸν ξέστην τοῦ καλλίστ,pending_llm_review,,,
SNRC-00064,AET_LM-1.116,AET_LM,Aetius,γλυκυτατον ελαιον,του κρινου πεταλων,unreviewed,κρίνινον ἢ σούσινον ἢ λίρινον γίγνεται τῶν λευκῶν τοῦ κρίνου πετάλων ἐξωνυχισμένων καὶ μόνων ἐμβαλλομένων χωρὶς τοῦ ἐν αὐτοῖς κροκώδους εἰς τὸν ἰταλικὸν ξέστην τοῦ καλλίστ,pending_llm_review,,,
SNRC-00065,AET_LM-1.116,AET_LM,Aetius,γλυκυτατον ελαιον,των κρινων φυλλων,unreviewed,κρίνινον ἢ σούσινον ἢ λίρινον γίγνεται τῶν λευκῶν τοῦ κρίνου πετάλων ἐξωνυχισμένων καὶ μόνων ἐμβαλλομένων χωρὶς τοῦ ἐν αὐτοῖς κροκώδους εἰς τὸν ἰταλικὸν ξέστην τοῦ καλλίστ,pending_llm_review,,,
SNRC-00066,AET_LM-1.116,AET_LM,Aetius,ελαιον,κρινον,unreviewed,κρίνινον ἢ σούσινον ἢ λίρινον γίγνεται τῶν λευκῶν τοῦ κρίνου πετάλων ἐξωνυχισμένων καὶ μόνων ἐμβαλλομένων χωρὶς τοῦ ἐν αὐτοῖς κροκώδους εἰς τὸν ἰταλικὸν ξέστην τοῦ καλλίστ,pending_llm_review,,,
SNRC-00067,AET_LM-1.116,AET_LM,Aetius,ελαιον,του κρινου πεταλων,unreviewed,κρίνινον ἢ σούσινον ἢ λίρινον γίγνεται τῶν λευκῶν τοῦ κρίνου πετάλων ἐξωνυχισμένων καὶ μόνων ἐμβαλλομένων χωρὶς τοῦ ἐν αὐτοῖς κροκώδους εἰς τὸν ἰταλικὸν ξέστην τοῦ καλλίστ,pending_llm_review,,,
SNRC-00068,AET_LM-1.116,AET_LM,Aetius,ελαιον,των κρινων φυλλων,unreviewed,κρίνινον ἢ σούσινον ἢ λίρινον γίγνεται τῶν λευκῶν τοῦ κρίνου πετάλων ἐξωνυχισμένων καὶ μόνων ἐμβαλλομένων χωρὶς τοῦ ἐν αὐτοῖς κροκώδους εἰς τὸν ἰταλικὸν ξέστην τοῦ καλλίστ,pending_llm_review,,,
SNRC-00069,AET_LM-1.116,AET_LM,Aetius,κρινον,του κρινου πεταλων,unreviewed,κρίνινον ἢ σούσινον ἢ λίρινον γίγνεται τῶν λευκῶν τοῦ κρίνου πετάλων ἐξωνυχισμένων καὶ μόνων ἐμβαλλομένων χωρὶς τοῦ ἐν αὐτοῖς κροκώδους εἰς τὸν ἰταλικὸν ξέστην τοῦ καλλίστ,pending_llm_review,,,
SNRC-00070,AET_LM-1.116,AET_LM,Aetius,κρινον,των κρινων φυλλων,unreviewed,κρίνινον ἢ σούσινον ἢ λίρινον γίγνεται τῶν λευκῶν τοῦ κρίνου πετάλων ἐξωνυχισμένων καὶ μόνων ἐμβαλλομένων χωρὶς τοῦ ἐν αὐτοῖς κροκώδους εἰς τὸν ἰταλικὸν ξέστην τοῦ καλλίστ,pending_llm_review,,,
SNRC-00071,AET_LM-1.116,AET_LM,Aetius,του κρινου πεταλων,των κρινων φυλλων,unreviewed,κρίνινον ἢ σούσινον ἢ λίρινον γίγνεται τῶν λευκῶν τοῦ κρίνου πετάλων ἐξωνυχισμένων καὶ μόνων ἐμβαλλομένων χωρὶς τοῦ ἐν αὐτοῖς κροκώδους εἰς τὸν ἰταλικὸν ξέστην τοῦ καλλίστ,pending_llm_review,,,
SNRC-00072,AET_LM-1.118,AET_LM,Aetius,γλυκυτατον ελαιον,ελαιον,unreviewed,"νεται εὐῶδες τὸ ἔλαιον, μάλιστα εἰ συμμέτρως ἡλιωθῇ. εἰ γὰρ ἐπὶ πλέον ἡλιωθείη τὸ κρίνινον ἢ τὸ ναρκίσσινον ἢ τὸ ἰάτον ἢ ἄλλο τι τῶν μὴ ἰσχυρὰν καὶ μόνιμον ἐχόντων τὴν εὐωδίαν, ἄνοσμον ἀποτελεῖται. δύναμιν δὲ ἔχει τὸ ναρκίσσινον θερμοτέραν τοῦ ἀνηθίνου,",pending_llm_review,,,
SNRC-00073,AET_LM-1.118,AET_LM,Aetius,γλυκυτατον ελαιον,ναρκισσος,unreviewed,"νεται εὐῶδες τὸ ἔλαιον, μάλιστα εἰ συμμέτρως ἡλιωθῇ. εἰ γὰρ ἐπὶ πλέον ἡλιωθείη τὸ κρίνινον ἢ τὸ ναρκίσσινον ἢ τὸ ἰάτον ἢ ἄλλο τι τῶν μὴ ἰσχυρὰν καὶ μόνιμον ἐχόντων τὴν εὐωδίαν, ἄνοσμον ἀποτελεῖται. δύναμιν δὲ ἔχει τὸ ναρκίσσινον θερμοτέραν τοῦ ἀνηθίνου,",pending_llm_review,,,
SNRC-00074,AET_LM-1.118,AET_LM,Aetius,γλυκυτατον ελαιον,ανθων της ναρκισσου,unreviewed,"νεται εὐῶδες τὸ ἔλαιον, μάλιστα εἰ συμμέτρως ἡλιωθῇ. εἰ γὰρ ἐπὶ πλέον ἡλιωθείη τὸ κρίνινον ἢ τὸ ναρκίσσινον ἢ τὸ ἰάτον ἢ ἄλλο τι τῶν μὴ ἰσχυρὰν καὶ μόνιμον ἐχόντων τὴν εὐωδίαν, ἄνοσμον ἀποτελεῖται. δύναμιν δὲ ἔχει τὸ ναρκίσσινον θερμοτέραν τοῦ ἀνηθίνου,",pending_llm_review,,,
SNRC-00075,AET_LM-1.118,AET_LM,Aetius,ελαιον,ναρκισσος,unreviewed,"νεται εὐῶδες τὸ ἔλαιον, μάλιστα εἰ συμμέτρως ἡλιωθῇ. εἰ γὰρ ἐπὶ πλέον ἡλιωθείη τὸ κρίνινον ἢ τὸ ναρκίσσινον ἢ τὸ ἰάτον ἢ ἄλλο τι τῶν μὴ ἰσχυρὰν καὶ μόνιμον ἐχόντων τὴν εὐωδίαν, ἄνοσμον ἀποτελεῖται. δύναμιν δὲ ἔχει τὸ ναρκίσσινον θερμοτέραν τοῦ ἀνηθίνου,",pending_llm_review,,,
SNRC-00076,AET_LM-1.118,AET_LM,Aetius,ελαιον,ανθων της ναρκισσου,unreviewed,"νεται εὐῶδες τὸ ἔλαιον, μάλιστα εἰ συμμέτρως ἡλιωθῇ. εἰ γὰρ ἐπὶ πλέον ἡλιωθείη τὸ κρίνινον ἢ τὸ ναρκίσσινον ἢ τὸ ἰάτον ἢ ἄλλο τι τῶν μὴ ἰσχυρὰν καὶ μόνιμον ἐχόντων τὴν εὐωδίαν, ἄνοσμον ἀποτελεῖται. δύναμιν δὲ ἔχει τὸ ναρκίσσινον θερμοτέραν τοῦ ἀνηθίνου,",pending_llm_review,,,
SNRC-00077,AET_LM-1.118,AET_LM,Aetius,ναρκισσος,ανθων της ναρκισσου,unreviewed,"νεται εὐῶδες τὸ ἔλαιον, μάλιστα εἰ συμμέτρως ἡλιωθῇ. εἰ γὰρ ἐπὶ πλέον ἡλιωθείη τὸ κρίνινον ἢ τὸ ναρκίσσινον ἢ τὸ ἰάτον ἢ ἄλλο τι τῶν μὴ ἰσχυρὰν καὶ μόνιμον ἐχόντων τὴν εὐωδίαν, ἄνοσμον ἀποτελεῖται. δύναμιν δὲ ἔχει τὸ ναρκίσσινον θερμοτέραν τοῦ ἀνηθίνου,",pending_llm_review,,,
SNRC-00078,AET_LM-1.125,AET_LM,Aetius,αμυγδαλον,αμυγδαλον πικρον,unreviewed,"μετώπιον ἐν Αἰγύπτῳ σκευάζεται, καλεῖται δὲ μετώπιον διὰ τὸ τῆς χαλβάνης ξύλον. σκευάζεται δὲ δι' ἐλαίου ὀμφακίνου καὶ ἀμυγδάλων πικρῶν καὶ καρδαμώμου καὶ σχίνου καὶ καλάμου καὶ μέλιτος καὶ οἴνου καὶ ",pending_llm_review,,,
SNRC-00079,AET_LM-1.125,AET_LM,Aetius,αμυγδαλον,ελαιον,unreviewed,"μετώπιον ἐν Αἰγύπτῳ σκευάζεται, καλεῖται δὲ μετώπιον διὰ τὸ τῆς χαλβάνης ξύλον. σκευάζεται δὲ δι' ἐλαίου ὀμφακίνου καὶ ἀμυγδάλων πικρῶν καὶ καρδαμώμου καὶ σχίνου καὶ καλάμου καὶ μέλιτος καὶ οἴνου καὶ ",pending_llm_review,,,
SNRC-00080,AET_LM-1.125,AET_LM,Aetius,αμυγδαλον,ελαιον ομφακινον,unreviewed,"μετώπιον ἐν Αἰγύπτῳ σκευάζεται, καλεῖται δὲ μετώπιον διὰ τὸ τῆς χαλβάνης ξύλον. σκευάζεται δὲ δι' ἐλαίου ὀμφακίνου καὶ ἀμυγδάλων πικρῶν καὶ καρδαμώμου καὶ σχίνου καὶ καλάμου καὶ μέλιτος καὶ οἴνου καὶ ",pending_llm_review,,,
SNRC-00081,AET_LM-1.125,AET_LM,Aetius,αμυγδαλον,καλαμος,unreviewed,"μετώπιον ἐν Αἰγύπτῳ σκευάζεται, καλεῖται δὲ μετώπιον διὰ τὸ τῆς χαλβάνης ξύλον. σκευάζεται δὲ δι' ἐλαίου ὀμφακίνου καὶ ἀμυγδάλων πικρῶν καὶ καρδαμώμου καὶ σχίνου καὶ καλάμου καὶ μέλιτος καὶ οἴνου καὶ ",pending_llm_review,,,
SNRC-00082,AET_LM-1.125,AET_LM,Aetius,αμυγδαλον,καρδαμωμον,unreviewed,"μετώπιον ἐν Αἰγύπτῳ σκευάζεται, καλεῖται δὲ μετώπιον διὰ τὸ τῆς χαλβάνης ξύλον. σκευάζεται δὲ δι' ἐλαίου ὀμφακίνου καὶ ἀμυγδάλων πικρῶν καὶ καρδαμώμου καὶ σχίνου καὶ καλάμου καὶ μέλιτος καὶ οἴνου καὶ ",pending_llm_review,,,
SNRC-00083,AET_LM-1.125,AET_LM,Aetius,αμυγδαλον,καρποβαλσαμον,unreviewed,"μετώπιον ἐν Αἰγύπτῳ σκευάζεται, καλεῖται δὲ μετώπιον διὰ τὸ τῆς χαλβάνης ξύλον. σκευάζεται δὲ δι' ἐλαίου ὀμφακίνου καὶ ἀμυγδάλων πικρῶν καὶ καρδαμώμου καὶ σχίνου καὶ καλάμου καὶ μέλιτος καὶ οἴνου καὶ ",pending_llm_review,,,
SNRC-00084,AET_LM-1.125,AET_LM,Aetius,αμυγδαλον,μελι,unreviewed,"μετώπιον ἐν Αἰγύπτῳ σκευάζεται, καλεῖται δὲ μετώπιον διὰ τὸ τῆς χαλβάνης ξύλον. σκευάζεται δὲ δι' ἐλαίου ὀμφακίνου καὶ ἀμυγδάλων πικρῶν καὶ καρδαμώμου καὶ σχίνου καὶ καλάμου καὶ μέλιτος καὶ οἴνου καὶ ",pending_llm_review,,,
SNRC-00085,AET_LM-1.125,AET_LM,Aetius,αμυγδαλον,οινος,unreviewed,"μετώπιον ἐν Αἰγύπτῳ σκευάζεται, καλεῖται δὲ μετώπιον διὰ τὸ τῆς χαλβάνης ξύλον. σκευάζεται δὲ δι' ἐλαίου ὀμφακίνου καὶ ἀμυγδάλων πικρῶν καὶ καρδαμώμου καὶ σχίνου καὶ καλάμου καὶ μέλιτος καὶ οἴνου καὶ ",pending_llm_review,,,
SNRC-00086,AET_LM-1.125,AET_LM,Aetius,αμυγδαλον,ρητινη,unreviewed,"μετώπιον ἐν Αἰγύπτῳ σκευάζεται, καλεῖται δὲ μετώπιον διὰ τὸ τῆς χαλβάνης ξύλον. σκευάζεται δὲ δι' ἐλαίου ὀμφακίνου καὶ ἀμυγδάλων πικρῶν καὶ καρδαμώμου καὶ σχίνου καὶ καλάμου καὶ μέλιτος καὶ οἴνου καὶ ",pending_llm_review,,,
SNRC-00087,AET_LM-1.125,AET_LM,Aetius,αμυγδαλον,σχινος,unreviewed,"μετώπιον ἐν Αἰγύπτῳ σκευάζεται, καλεῖται δὲ μετώπιον διὰ τὸ τῆς χαλβάνης ξύλον. σκευάζεται δὲ δι' ἐλαίου ὀμφακίνου καὶ ἀμυγδάλων πικρῶν καὶ καρδαμώμου καὶ σχίνου καὶ καλάμου καὶ μέλιτος καὶ οἴνου καὶ ",pending_llm_review,,,
SNRC-00088,AET_LM-1.125,AET_LM,Aetius,αμυγδαλον,χαλβανη,unreviewed,"μετώπιον ἐν Αἰγύπτῳ σκευάζεται, καλεῖται δὲ μετώπιον διὰ τὸ τῆς χαλβάνης ξύλον. σκευάζεται δὲ δι' ἐλαίου ὀμφακίνου καὶ ἀμυγδάλων πικρῶν καὶ καρδαμώμου καὶ σχίνου καὶ καλάμου καὶ μέλιτος καὶ οἴνου καὶ ",pending_llm_review,,,
SNRC-00089,AET_LM-1.125,AET_LM,Aetius,αμυγδαλον,το της χαλβανης ξυλον,unreviewed,"μετώπιον ἐν Αἰγύπτῳ σκευάζεται, καλεῖται δὲ μετώπιον διὰ τὸ τῆς χαλβάνης ξύλον. σκευάζεται δὲ δι' ἐλαίου ὀμφακίνου καὶ ἀμυγδάλων πικρῶν καὶ καρδαμώμου καὶ σχίνου καὶ καλάμου καὶ μέλιτος καὶ οἴνου καὶ ",pending_llm_review,,,
SNRC-00090,AET_LM-1.126,AET_LM,Aetius,ελαιον,κασια,unreviewed,αὶ πυοποιόν· συντίθεται δὲ ἐκ μυροβαλανίνου ἐλαίου καὶ σμύρνης καὶ κασίας καὶ ῥητίνης. ἔνιοι δὲ μετὰ τὸ ἀποστύψαι καὶ κιννάμωμον ἐμπάσσουσι.,pending_llm_review,,,
SNRC-00091,AET_LM-1.126,AET_LM,Aetius,ελαιον,κινναμωμον,unreviewed,αὶ πυοποιόν· συντίθεται δὲ ἐκ μυροβαλανίνου ἐλαίου καὶ σμύρνης καὶ κασίας καὶ ῥητίνης. ἔνιοι δὲ μετὰ τὸ ἀποστύψαι καὶ κιννάμωμον ἐμπάσσουσι.,pending_llm_review,,,
SNRC-00092,AET_LM-1.126,AET_LM,Aetius,ελαιον,μυροβαλανινον ελαιον,unreviewed,αὶ πυοποιόν· συντίθεται δὲ ἐκ μυροβαλανίνου ἐλαίου καὶ σμύρνης καὶ κασίας καὶ ῥητίνης. ἔνιοι δὲ μετὰ τὸ ἀποστύψαι καὶ κιννάμωμον ἐμπάσσουσι.,pending_llm_review,,,
SNRC-00093,AET_LM-1.126,AET_LM,Aetius,ελαιον,ρητινη,unreviewed,αὶ πυοποιόν· συντίθεται δὲ ἐκ μυροβαλανίνου ἐλαίου καὶ σμύρνης καὶ κασίας καὶ ῥητίνης. ἔνιοι δὲ μετὰ τὸ ἀποστύψαι καὶ κιννάμωμον ἐμπάσσουσι.,pending_llm_review,,,
SNRC-00094,AET_LM-1.126,AET_LM,Aetius,ελαιον,σμυρνα,unreviewed,αὶ πυοποιόν· συντίθεται δὲ ἐκ μυροβαλανίνου ἐλαίου καὶ σμύρνης καὶ κασίας καὶ ῥητίνης. ἔνιοι δὲ μετὰ τὸ ἀποστύψαι καὶ κιννάμωμον ἐμπάσσουσι.,pending_llm_review,,,
SNRC-00095,AET_LM-1.126,AET_LM,Aetius,κασια,κινναμωμον,unreviewed,αὶ πυοποιόν· συντίθεται δὲ ἐκ μυροβαλανίνου ἐλαίου καὶ σμύρνης καὶ κασίας καὶ ῥητίνης. ἔνιοι δὲ μετὰ τὸ ἀποστύψαι καὶ κιννάμωμον ἐμπάσσουσι.,pending_llm_review,,,
SNRC-00096,AET_LM-1.126,AET_LM,Aetius,κασια,μυροβαλανινον ελαιον,unreviewed,αὶ πυοποιόν· συντίθεται δὲ ἐκ μυροβαλανίνου ἐλαίου καὶ σμύρνης καὶ κασίας καὶ ῥητίνης. ἔνιοι δὲ μετὰ τὸ ἀποστύψαι καὶ κιννάμωμον ἐμπάσσουσι.,pending_llm_review,,,
SNRC-00097,AET_LM-1.126,AET_LM,Aetius,κασια,ρητινη,unreviewed,αὶ πυοποιόν· συντίθεται δὲ ἐκ μυροβαλανίνου ἐλαίου καὶ σμύρνης καὶ κασίας καὶ ῥητίνης. ἔνιοι δὲ μετὰ τὸ ἀποστύψαι καὶ κιννάμωμον ἐμπάσσουσι.,pending_llm_review,,,
SNRC-00098,AET_LM-1.126,AET_LM,Aetius,κασια,σμυρνα,unreviewed,αὶ πυοποιόν· συντίθεται δὲ ἐκ μυροβαλανίνου ἐλαίου καὶ σμύρνης καὶ κασίας καὶ ῥητίνης. ἔνιοι δὲ μετὰ τὸ ἀποστύψαι καὶ κιννάμωμον ἐμπάσσουσι.,pending_llm_review,,,
SNRC-00099,AET_LM-1.126,AET_LM,Aetius,κινναμωμον,μυροβαλανινον ελαιον,unreviewed,αὶ πυοποιόν· συντίθεται δὲ ἐκ μυροβαλανίνου ἐλαίου καὶ σμύρνης καὶ κασίας καὶ ῥητίνης. ἔνιοι δὲ μετὰ τὸ ἀποστύψαι καὶ κιννάμωμον ἐμπάσσουσι.,pending_llm_review,,,
SNRC-00100,AET_LM-1.126,AET_LM,Aetius,κινναμωμον,ρητινη,unreviewed,αὶ πυοποιόν· συντίθεται δὲ ἐκ μυροβαλανίνου ἐλαίου καὶ σμύρνης καὶ κασίας καὶ ῥητίνης. ἔνιοι δὲ μετὰ τὸ ἀποστύψαι καὶ κιννάμωμον ἐμπάσσουσι.,pending_llm_review,,,
SNRC-00101,AET_LM-1.126,AET_LM,Aetius,κινναμωμον,σμυρνα,unreviewed,αὶ πυοποιόν· συντίθεται δὲ ἐκ μυροβαλανίνου ἐλαίου καὶ σμύρνης καὶ κασίας καὶ ῥητίνης. ἔνιοι δὲ μετὰ τὸ ἀποστύψαι καὶ κιννάμωμον ἐμπάσσουσι.,pending_llm_review,,,
SNRC-00102,AET_LM-1.13,AET_LM,Aetius,ακαληφη,γλυκυ,unreviewed,ἀκαλήφη ἢ κνίδη,pending_llm_review,,,
SNRC-00103,AET_LM-1.13,AET_LM,Aetius,ακαληφη,κνιδη,unreviewed,ἀκαλήφη ἢ κνίδη,pending_llm_review,,,
SNRC-00104,AET_LM-1.13,AET_LM,Aetius,ακαληφη,υγρον,unreviewed,ἀκαλήφη ἢ κνίδη,pending_llm_review,,,
SNRC-00105,AET_LM-1.13,AET_LM,Aetius,ακαληφη,ακαληφης καρπος,unreviewed,ἀκαλήφη ἢ κνίδη,pending_llm_review,,,
SNRC-00106,AET_LM-1.13,AET_LM,Aetius,ακαληφη,ακαληφης φυλλα,unreviewed,ἀκαλήφη ἢ κνίδη,pending_llm_review,,,
SNRC-00107,AET_LM-1.13,AET_LM,Aetius,ακαληφη,το σπερμα,unreviewed,ἀκαλήφη ἢ κνίδη,pending_llm_review,,,
SNRC-00108,AET_LM-1.13,AET_LM,Aetius,γλυκυ,κνιδη,unreviewed,ἀκαλήφη ἢ κνίδη,pending_llm_review,,,
SNRC-00109,AET_LM-1.13,AET_LM,Aetius,γλυκυ,υγρον,unreviewed,ἀκαλήφη ἢ κνίδη,pending_llm_review,,,
SNRC-00110,AET_LM-1.13,AET_LM,Aetius,γλυκυ,ακαληφης καρπος,unreviewed,ἀκαλήφη ἢ κνίδη,pending_llm_review,,,
SNRC-00111,AET_LM-1.13,AET_LM,Aetius,γλυκυ,ακαληφης φυλλα,unreviewed,ἀκαλήφη ἢ κνίδη,pending_llm_review,,,
SNRC-00112,AET_LM-1.13,AET_LM,Aetius,γλυκυ,το σπερμα,unreviewed,ἀκαλήφη ἢ κνίδη,pending_llm_review,,,
SNRC-00113,AET_LM-1.13,AET_LM,Aetius,κνιδη,υγρον,unreviewed,ἀκαλήφη ἢ κνίδη,pending_llm_review,,,
SNRC-00114,AET_LM-1.130,AET_LM,Aetius,αγχουσα,ασπαλαθος,unreviewed,"ἰρίνου σκευασία· ἴρεως ἀσπαλάθου κυπέρου ἑλενίου ἀνὰ λίτρας <ε> ὀποπάνακος 𐆄 ϛʹ, τινὲς δὲ 𐆄 <γ>, ἀγχούσης 𐆄 <β> ἐλαίου ξέστας <λ> ὕδατος ξέστας εʹ κόπτε πάντα ἁδρομερῶς καὶ βρέχε ἡμέρας <β> ἔπειτα ἕψε ὥρας ϛʹ καὶ οὕτως ἐπίβαλλε τὸν ὀποπάνακα προβ",pending_llm_review,,,
SNRC-00115,AET_LM-1.130,AET_LM,Aetius,αγχουσα,ελαιον,unreviewed,"ἰρίνου σκευασία· ἴρεως ἀσπαλάθου κυπέρου ἑλενίου ἀνὰ λίτρας <ε> ὀποπάνακος 𐆄 ϛʹ, τινὲς δὲ 𐆄 <γ>, ἀγχούσης 𐆄 <β> ἐλαίου ξέστας <λ> ὕδατος ξέστας εʹ κόπτε πάντα ἁδρομερῶς καὶ βρέχε ἡμέρας <β> ἔπειτα ἕψε ὥρας ϛʹ καὶ οὕτως ἐπίβαλλε τὸν ὀποπάνακα προβ",pending_llm_review,,,
SNRC-00116,AET_LM-1.130,AET_LM,Aetius,αγχουσα,ελενιον,unreviewed,"ἰρίνου σκευασία· ἴρεως ἀσπαλάθου κυπέρου ἑλενίου ἀνὰ λίτρας <ε> ὀποπάνακος 𐆄 ϛʹ, τινὲς δὲ 𐆄 <γ>, ἀγχούσης 𐆄 <β> ἐλαίου ξέστας <λ> ὕδατος ξέστας εʹ κόπτε πάντα ἁδρομερῶς καὶ βρέχε ἡμέρας <β> ἔπειτα ἕψε ὥρας ϛʹ καὶ οὕτως ἐπίβαλλε τὸν ὀποπάνακα προβ",pending_llm_review,,,
SNRC-00117,AET_LM-1.130,AET_LM,Aetius,αγχουσα,ιρις,unreviewed,"ἰρίνου σκευασία· ἴρεως ἀσπαλάθου κυπέρου ἑλενίου ἀνὰ λίτρας <ε> ὀποπάνακος 𐆄 ϛʹ, τινὲς δὲ 𐆄 <γ>, ἀγχούσης 𐆄 <β> ἐλαίου ξέστας <λ> ὕδατος ξέστας εʹ κόπτε πάντα ἁδρομερῶς καὶ βρέχε ἡμέρας <β> ἔπειτα ἕψε ὥρας ϛʹ καὶ οὕτως ἐπίβαλλε τὸν ὀποπάνακα προβ",pending_llm_review,,,
SNRC-00118,AET_LM-1.130,AET_LM,Aetius,αγχουσα,κασια,unreviewed,"ἰρίνου σκευασία· ἴρεως ἀσπαλάθου κυπέρου ἑλενίου ἀνὰ λίτρας <ε> ὀποπάνακος 𐆄 ϛʹ, τινὲς δὲ 𐆄 <γ>, ἀγχούσης 𐆄 <β> ἐλαίου ξέστας <λ> ὕδατος ξέστας εʹ κόπτε πάντα ἁδρομερῶς καὶ βρέχε ἡμέρας <β> ἔπειτα ἕψε ὥρας ϛʹ καὶ οὕτως ἐπίβαλλε τὸν ὀποπάνακα προβ",pending_llm_review,,,
SNRC-00119,AET_LM-1.130,AET_LM,Aetius,αγχουσα,κυπερος,unreviewed,"ἰρίνου σκευασία· ἴρεως ἀσπαλάθου κυπέρου ἑλενίου ἀνὰ λίτρας <ε> ὀποπάνακος 𐆄 ϛʹ, τινὲς δὲ 𐆄 <γ>, ἀγχούσης 𐆄 <β> ἐλαίου ξέστας <λ> ὕδατος ξέστας εʹ κόπτε πάντα ἁδρομερῶς καὶ βρέχε ἡμέρας <β> ἔπειτα ἕψε ὥρας ϛʹ καὶ οὕτως ἐπίβαλλε τὸν ὀποπάνακα προβ",pending_llm_review,,,
SNRC-00120,AET_LM-1.130,AET_LM,Aetius,αγχουσα,ναρδος,unreviewed,"ἰρίνου σκευασία· ἴρεως ἀσπαλάθου κυπέρου ἑλενίου ἀνὰ λίτρας <ε> ὀποπάνακος 𐆄 ϛʹ, τινὲς δὲ 𐆄 <γ>, ἀγχούσης 𐆄 <β> ἐλαίου ξέστας <λ> ὕδατος ξέστας εʹ κόπτε πάντα ἁδρομερῶς καὶ βρέχε ἡμέρας <β> ἔπειτα ἕψε ὥρας ϛʹ καὶ οὕτως ἐπίβαλλε τὸν ὀποπάνακα προβ",pending_llm_review,,,
SNRC-00121,AET_LM-1.130,AET_LM,Aetius,αγχουσα,ναρδος κελτικη,unreviewed,"ἰρίνου σκευασία· ἴρεως ἀσπαλάθου κυπέρου ἑλενίου ἀνὰ λίτρας <ε> ὀποπάνακος 𐆄 ϛʹ, τινὲς δὲ 𐆄 <γ>, ἀγχούσης 𐆄 <β> ἐλαίου ξέστας <λ> ὕδατος ξέστας εʹ κόπτε πάντα ἁδρομερῶς καὶ βρέχε ἡμέρας <β> ἔπειτα ἕψε ὥρας ϛʹ καὶ οὕτως ἐπίβαλλε τὸν ὀποπάνακα προβ",pending_llm_review,,,
SNRC-00122,AET_LM-1.130,AET_LM,Aetius,αγχουσα,ξυλοβαλσαμον,unreviewed,"ἰρίνου σκευασία· ἴρεως ἀσπαλάθου κυπέρου ἑλενίου ἀνὰ λίτρας <ε> ὀποπάνακος 𐆄 ϛʹ, τινὲς δὲ 𐆄 <γ>, ἀγχούσης 𐆄 <β> ἐλαίου ξέστας <λ> ὕδατος ξέστας εʹ κόπτε πάντα ἁδρομερῶς καὶ βρέχε ἡμέρας <β> ἔπειτα ἕψε ὥρας ϛʹ καὶ οὕτως ἐπίβαλλε τὸν ὀποπάνακα προβ",pending_llm_review,,,
SNRC-00123,AET_LM-1.130,AET_LM,Aetius,αγχουσα,οινος,unreviewed,"ἰρίνου σκευασία· ἴρεως ἀσπαλάθου κυπέρου ἑλενίου ἀνὰ λίτρας <ε> ὀποπάνακος 𐆄 ϛʹ, τινὲς δὲ 𐆄 <γ>, ἀγχούσης 𐆄 <β> ἐλαίου ξέστας <λ> ὕδατος ξέστας εʹ κόπτε πάντα ἁδρομερῶς καὶ βρέχε ἡμέρας <β> ἔπειτα ἕψε ὥρας ϛʹ καὶ οὕτως ἐπίβαλλε τὸν ὀποπάνακα προβ",pending_llm_review,,,
SNRC-00124,AET_LM-1.130,AET_LM,Aetius,αγχουσα,οποπαναξ,unreviewed,"ἰρίνου σκευασία· ἴρεως ἀσπαλάθου κυπέρου ἑλενίου ἀνὰ λίτρας <ε> ὀποπάνακος 𐆄 ϛʹ, τινὲς δὲ 𐆄 <γ>, ἀγχούσης 𐆄 <β> ἐλαίου ξέστας <λ> ὕδατος ξέστας εʹ κόπτε πάντα ἁδρομερῶς καὶ βρέχε ἡμέρας <β> ἔπειτα ἕψε ὥρας ϛʹ καὶ οὕτως ἐπίβαλλε τὸν ὀποπάνακα προβ",pending_llm_review,,,
SNRC-00125,AET_LM-1.130,AET_LM,Aetius,αγχουσα,σχοινος,unreviewed,"ἰρίνου σκευασία· ἴρεως ἀσπαλάθου κυπέρου ἑλενίου ἀνὰ λίτρας <ε> ὀποπάνακος 𐆄 ϛʹ, τινὲς δὲ 𐆄 <γ>, ἀγχούσης 𐆄 <β> ἐλαίου ξέστας <λ> ὕδατος ξέστας εʹ κόπτε πάντα ἁδρομερῶς καὶ βρέχε ἡμέρας <β> ἔπειτα ἕψε ὥρας ϛʹ καὶ οὕτως ἐπίβαλλε τὸν ὀποπάνακα προβ",pending_llm_review,,,
SNRC-00126,AET_LM-1.131,AET_LM,Aetius,αμπαρ,αμωμον,unreviewed,"ν συνεχῶς ἐπιβάλλων ὕδωρ κατὰ βραχὺ πρὸς ὃ τὸ πρῶτον ἀναλίσκεται, εἶτα ἑψήσας ἐπὶ ὥρας <γ> ἢ καὶ πλέον σκεπάσας ἔα διανυκτερεῦσαι· τῇ δὲ ἑξῆς ἀνασπάσας τὰ ἤδη ἑψηθέντα καὶ ἀποχωρίσας τοῦ ἐλαίου τὸ ὕδωρ, εἶτ' ἐπιβαλὼν ἕτερον ὕδωρ καὶ οἴνου βραχὺ ἕψε. ὅτα",pending_llm_review,,,
SNRC-00127,AET_LM-1.131,AET_LM,Aetius,αμπαρ,αριστολοχια,unreviewed,"ν συνεχῶς ἐπιβάλλων ὕδωρ κατὰ βραχὺ πρὸς ὃ τὸ πρῶτον ἀναλίσκεται, εἶτα ἑψήσας ἐπὶ ὥρας <γ> ἢ καὶ πλέον σκεπάσας ἔα διανυκτερεῦσαι· τῇ δὲ ἑξῆς ἀνασπάσας τὰ ἤδη ἑψηθέντα καὶ ἀποχωρίσας τοῦ ἐλαίου τὸ ὕδωρ, εἶτ' ἐπιβαλὼν ἕτερον ὕδωρ καὶ οἴνου βραχὺ ἕψε. ὅτα",pending_llm_review,,,
SNRC-00128,AET_LM-1.131,AET_LM,Aetius,αμπαρ,αριστολοχια μακρα,unreviewed,"ν συνεχῶς ἐπιβάλλων ὕδωρ κατὰ βραχὺ πρὸς ὃ τὸ πρῶτον ἀναλίσκεται, εἶτα ἑψήσας ἐπὶ ὥρας <γ> ἢ καὶ πλέον σκεπάσας ἔα διανυκτερεῦσαι· τῇ δὲ ἑξῆς ἀνασπάσας τὰ ἤδη ἑψηθέντα καὶ ἀποχωρίσας τοῦ ἐλαίου τὸ ὕδωρ, εἶτ' ἐπιβαλὼν ἕτερον ὕδωρ καὶ οἴνου βραχὺ ἕψε. ὅτα",pending_llm_review,,,
SNRC-00129,AET_LM-1.131,AET_LM,Aetius,αμπαρ,ασαρον,unreviewed,"ν συνεχῶς ἐπιβάλλων ὕδωρ κατὰ βραχὺ πρὸς ὃ τὸ πρῶτον ἀναλίσκεται, εἶτα ἑψήσας ἐπὶ ὥρας <γ> ἢ καὶ πλέον σκεπάσας ἔα διανυκτερεῦσαι· τῇ δὲ ἑξῆς ἀνασπάσας τὰ ἤδη ἑψηθέντα καὶ ἀποχωρίσας τοῦ ἐλαίου τὸ ὕδωρ, εἶτ' ἐπιβαλὼν ἕτερον ὕδωρ καὶ οἴνου βραχὺ ἕψε. ὅτα",pending_llm_review,,,
SNRC-00130,AET_LM-1.131,AET_LM,Aetius,αμπαρ,ασαρον χαλδαικον,unreviewed,"ν συνεχῶς ἐπιβάλλων ὕδωρ κατὰ βραχὺ πρὸς ὃ τὸ πρῶτον ἀναλίσκεται, εἶτα ἑψήσας ἐπὶ ὥρας <γ> ἢ καὶ πλέον σκεπάσας ἔα διανυκτερεῦσαι· τῇ δὲ ἑξῆς ἀνασπάσας τὰ ἤδη ἑψηθέντα καὶ ἀποχωρίσας τοῦ ἐλαίου τὸ ὕδωρ, εἶτ' ἐπιβαλὼν ἕτερον ὕδωρ καὶ οἴνου βραχὺ ἕψε. ὅτα",pending_llm_review,,,
SNRC-00131,AET_LM-1.131,AET_LM,Aetius,αμπαρ,ασπαλαθος,unreviewed,"ν συνεχῶς ἐπιβάλλων ὕδωρ κατὰ βραχὺ πρὸς ὃ τὸ πρῶτον ἀναλίσκεται, εἶτα ἑψήσας ἐπὶ ὥρας <γ> ἢ καὶ πλέον σκεπάσας ἔα διανυκτερεῦσαι· τῇ δὲ ἑξῆς ἀνασπάσας τὰ ἤδη ἑψηθέντα καὶ ἀποχωρίσας τοῦ ἐλαίου τὸ ὕδωρ, εἶτ' ἐπιβαλὼν ἕτερον ὕδωρ καὶ οἴνου βραχὺ ἕψε. ὅτα",pending_llm_review,,,
SNRC-00132,AET_LM-1.131,AET_LM,Aetius,αμπαρ,βαλσαμον,unreviewed,"ν συνεχῶς ἐπιβάλλων ὕδωρ κατὰ βραχὺ πρὸς ὃ τὸ πρῶτον ἀναλίσκεται, εἶτα ἑψήσας ἐπὶ ὥρας <γ> ἢ καὶ πλέον σκεπάσας ἔα διανυκτερεῦσαι· τῇ δὲ ἑξῆς ἀνασπάσας τὰ ἤδη ἑψηθέντα καὶ ἀποχωρίσας τοῦ ἐλαίου τὸ ὕδωρ, εἶτ' ἐπιβαλὼν ἕτερον ὕδωρ καὶ οἴνου βραχὺ ἕψε. ὅτα",pending_llm_review,,,
SNRC-00133,AET_LM-1.131,AET_LM,Aetius,αμπαρ,βραθυς,unreviewed,"ν συνεχῶς ἐπιβάλλων ὕδωρ κατὰ βραχὺ πρὸς ὃ τὸ πρῶτον ἀναλίσκεται, εἶτα ἑψήσας ἐπὶ ὥρας <γ> ἢ καὶ πλέον σκεπάσας ἔα διανυκτερεῦσαι· τῇ δὲ ἑξῆς ἀνασπάσας τὰ ἤδη ἑψηθέντα καὶ ἀποχωρίσας τοῦ ἐλαίου τὸ ὕδωρ, εἶτ' ἐπιβαλὼν ἕτερον ὕδωρ καὶ οἴνου βραχὺ ἕψε. ὅτα",pending_llm_review,,,
SNRC-00134,AET_LM-1.131,AET_LM,Aetius,αμπαρ,βρουλλοκυπερον,unreviewed,"ν συνεχῶς ἐπιβάλλων ὕδωρ κατὰ βραχὺ πρὸς ὃ τὸ πρῶτον ἀναλίσκεται, εἶτα ἑψήσας ἐπὶ ὥρας <γ> ἢ καὶ πλέον σκεπάσας ἔα διανυκτερεῦσαι· τῇ δὲ ἑξῆς ἀνασπάσας τὰ ἤδη ἑψηθέντα καὶ ἀποχωρίσας τοῦ ἐλαίου τὸ ὕδωρ, εἶτ' ἐπιβαλὼν ἕτερον ὕδωρ καὶ οἴνου βραχὺ ἕψε. ὅτα",pending_llm_review,,,
SNRC-00135,AET_LM-1.131,AET_LM,Aetius,αμπαρ,γαλαγγα,unreviewed,"ν συνεχῶς ἐπιβάλλων ὕδωρ κατὰ βραχὺ πρὸς ὃ τὸ πρῶτον ἀναλίσκεται, εἶτα ἑψήσας ἐπὶ ὥρας <γ> ἢ καὶ πλέον σκεπάσας ἔα διανυκτερεῦσαι· τῇ δὲ ἑξῆς ἀνασπάσας τὰ ἤδη ἑψηθέντα καὶ ἀποχωρίσας τοῦ ἐλαίου τὸ ὕδωρ, εἶτ' ἐπιβαλὼν ἕτερον ὕδωρ καὶ οἴνου βραχὺ ἕψε. ὅτα",pending_llm_review,,,
SNRC-00136,AET_LM-1.131,AET_LM,Aetius,αμπαρ,γομφιτης,unreviewed,"ν συνεχῶς ἐπιβάλλων ὕδωρ κατὰ βραχὺ πρὸς ὃ τὸ πρῶτον ἀναλίσκεται, εἶτα ἑψήσας ἐπὶ ὥρας <γ> ἢ καὶ πλέον σκεπάσας ἔα διανυκτερεῦσαι· τῇ δὲ ἑξῆς ἀνασπάσας τὰ ἤδη ἑψηθέντα καὶ ἀποχωρίσας τοῦ ἐλαίου τὸ ὕδωρ, εἶτ' ἐπιβαλὼν ἕτερον ὕδωρ καὶ οἴνου βραχὺ ἕψε. ὅτα",pending_llm_review,,,
SNRC-00137,AET_LM-1.131,AET_LM,Aetius,αμπαρ,δενδρολιβανον,unreviewed,"ν συνεχῶς ἐπιβάλλων ὕδωρ κατὰ βραχὺ πρὸς ὃ τὸ πρῶτον ἀναλίσκεται, εἶτα ἑψήσας ἐπὶ ὥρας <γ> ἢ καὶ πλέον σκεπάσας ἔα διανυκτερεῦσαι· τῇ δὲ ἑξῆς ἀνασπάσας τὰ ἤδη ἑψηθέντα καὶ ἀποχωρίσας τοῦ ἐλαίου τὸ ὕδωρ, εἶτ' ἐπιβαλὼν ἕτερον ὕδωρ καὶ οἴνου βραχὺ ἕψε. ὅτα",pending_llm_review,,,
SNRC-00138,AET_LM-1.132,AET_LM,Aetius,αμωμον,αρναβω,unreviewed,"ίου ξυλοκασίας ἀποφλοισθέντων καὶ ἁδρομερῶς κοπέντων καὶ προβραχέντων ὕδατι ἐπὶ ἡμέρας <β> ἢ <γ>, ἐν δὲ τῇ δευτέρᾳ ἑψήσει ἐμβάλλεται κάλαμος σχοῖνος ὕπνον προνοτισθέντα οἴνῳ παλαιῷ εὐώδει, ἐν δὲ τῇ τρίτῃ τὰ λοιπά. γίγνεται δὲ καὶ δευτέριον οὕτως· τοῖς κ",pending_llm_review,,,
SNRC-00139,AET_LM-1.132,AET_LM,Aetius,αμωμον,ασπαλαθος,unreviewed,"ίου ξυλοκασίας ἀποφλοισθέντων καὶ ἁδρομερῶς κοπέντων καὶ προβραχέντων ὕδατι ἐπὶ ἡμέρας <β> ἢ <γ>, ἐν δὲ τῇ δευτέρᾳ ἑψήσει ἐμβάλλεται κάλαμος σχοῖνος ὕπνον προνοτισθέντα οἴνῳ παλαιῷ εὐώδει, ἐν δὲ τῇ τρίτῃ τὰ λοιπά. γίγνεται δὲ καὶ δευτέριον οὕτως· τοῖς κ",pending_llm_review,,,
SNRC-00140,AET_LM-1.132,AET_LM,Aetius,αμωμον,ελαιον,unreviewed,"ίου ξυλοκασίας ἀποφλοισθέντων καὶ ἁδρομερῶς κοπέντων καὶ προβραχέντων ὕδατι ἐπὶ ἡμέρας <β> ἢ <γ>, ἐν δὲ τῇ δευτέρᾳ ἑψήσει ἐμβάλλεται κάλαμος σχοῖνος ὕπνον προνοτισθέντα οἴνῳ παλαιῷ εὐώδει, ἐν δὲ τῇ τρίτῃ τὰ λοιπά. γίγνεται δὲ καὶ δευτέριον οὕτως· τοῖς κ",pending_llm_review,,,
SNRC-00141,AET_LM-1.132,AET_LM,Aetius,αμωμον,ελενιον,unreviewed,"ίου ξυλοκασίας ἀποφλοισθέντων καὶ ἁδρομερῶς κοπέντων καὶ προβραχέντων ὕδατι ἐπὶ ἡμέρας <β> ἢ <γ>, ἐν δὲ τῇ δευτέρᾳ ἑψήσει ἐμβάλλεται κάλαμος σχοῖνος ὕπνον προνοτισθέντα οἴνῳ παλαιῷ εὐώδει, ἐν δὲ τῇ τρίτῃ τὰ λοιπά. γίγνεται δὲ καὶ δευτέριον οὕτως· τοῖς κ",pending_llm_review,,,
SNRC-00142,AET_LM-1.132,AET_LM,Aetius,αμωμον,ζιγγιβερις,unreviewed,"ίου ξυλοκασίας ἀποφλοισθέντων καὶ ἁδρομερῶς κοπέντων καὶ προβραχέντων ὕδατι ἐπὶ ἡμέρας <β> ἢ <γ>, ἐν δὲ τῇ δευτέρᾳ ἑψήσει ἐμβάλλεται κάλαμος σχοῖνος ὕπνον προνοτισθέντα οἴνῳ παλαιῷ εὐώδει, ἐν δὲ τῇ τρίτῃ τὰ λοιπά. γίγνεται δὲ καὶ δευτέριον οὕτως· τοῖς κ",pending_llm_review,,,
SNRC-00143,AET_LM-1.132,AET_LM,Aetius,αμωμον,ιρις,unreviewed,"ίου ξυλοκασίας ἀποφλοισθέντων καὶ ἁδρομερῶς κοπέντων καὶ προβραχέντων ὕδατι ἐπὶ ἡμέρας <β> ἢ <γ>, ἐν δὲ τῇ δευτέρᾳ ἑψήσει ἐμβάλλεται κάλαμος σχοῖνος ὕπνον προνοτισθέντα οἴνῳ παλαιῷ εὐώδει, ἐν δὲ τῇ τρίτῃ τὰ λοιπά. γίγνεται δὲ καὶ δευτέριον οὕτως· τοῖς κ",pending_llm_review,,,
SNRC-00144,AET_LM-1.132,AET_LM,Aetius,αμωμον,καλαμος,unreviewed,"ίου ξυλοκασίας ἀποφλοισθέντων καὶ ἁδρομερῶς κοπέντων καὶ προβραχέντων ὕδατι ἐπὶ ἡμέρας <β> ἢ <γ>, ἐν δὲ τῇ δευτέρᾳ ἑψήσει ἐμβάλλεται κάλαμος σχοῖνος ὕπνον προνοτισθέντα οἴνῳ παλαιῷ εὐώδει, ἐν δὲ τῇ τρίτῃ τὰ λοιπά. γίγνεται δὲ καὶ δευτέριον οὕτως· τοῖς κ",pending_llm_review,,,
SNRC-00145,AET_LM-1.132,AET_LM,Aetius,αμωμον,καρυον,unreviewed,"ίου ξυλοκασίας ἀποφλοισθέντων καὶ ἁδρομερῶς κοπέντων καὶ προβραχέντων ὕδατι ἐπὶ ἡμέρας <β> ἢ <γ>, ἐν δὲ τῇ δευτέρᾳ ἑψήσει ἐμβάλλεται κάλαμος σχοῖνος ὕπνον προνοτισθέντα οἴνῳ παλαιῷ εὐώδει, ἐν δὲ τῇ τρίτῃ τὰ λοιπά. γίγνεται δὲ καὶ δευτέριον οὕτως· τοῖς κ",pending_llm_review,,,
SNRC-00146,AET_LM-1.132,AET_LM,Aetius,αμωμον,καρυον ινδικον,unreviewed,"ίου ξυλοκασίας ἀποφλοισθέντων καὶ ἁδρομερῶς κοπέντων καὶ προβραχέντων ὕδατι ἐπὶ ἡμέρας <β> ἢ <γ>, ἐν δὲ τῇ δευτέρᾳ ἑψήσει ἐμβάλλεται κάλαμος σχοῖνος ὕπνον προνοτισθέντα οἴνῳ παλαιῷ εὐώδει, ἐν δὲ τῇ τρίτῃ τὰ λοιπά. γίγνεται δὲ καὶ δευτέριον οὕτως· τοῖς κ",pending_llm_review,,,
SNRC-00147,AET_LM-1.132,AET_LM,Aetius,αμωμον,καρυοφυλλον,unreviewed,"ίου ξυλοκασίας ἀποφλοισθέντων καὶ ἁδρομερῶς κοπέντων καὶ προβραχέντων ὕδατι ἐπὶ ἡμέρας <β> ἢ <γ>, ἐν δὲ τῇ δευτέρᾳ ἑψήσει ἐμβάλλεται κάλαμος σχοῖνος ὕπνον προνοτισθέντα οἴνῳ παλαιῷ εὐώδει, ἐν δὲ τῇ τρίτῃ τὰ λοιπά. γίγνεται δὲ καὶ δευτέριον οὕτως· τοῖς κ",pending_llm_review,,,
SNRC-00148,AET_LM-1.132,AET_LM,Aetius,αμωμον,καρποβαλσαμον,unreviewed,"ίου ξυλοκασίας ἀποφλοισθέντων καὶ ἁδρομερῶς κοπέντων καὶ προβραχέντων ὕδατι ἐπὶ ἡμέρας <β> ἢ <γ>, ἐν δὲ τῇ δευτέρᾳ ἑψήσει ἐμβάλλεται κάλαμος σχοῖνος ὕπνον προνοτισθέντα οἴνῳ παλαιῷ εὐώδει, ἐν δὲ τῇ τρίτῃ τὰ λοιπά. γίγνεται δὲ καὶ δευτέριον οὕτως· τοῖς κ",pending_llm_review,,,
SNRC-00149,AET_LM-1.132,AET_LM,Aetius,αμωμον,κασια,unreviewed,"ίου ξυλοκασίας ἀποφλοισθέντων καὶ ἁδρομερῶς κοπέντων καὶ προβραχέντων ὕδατι ἐπὶ ἡμέρας <β> ἢ <γ>, ἐν δὲ τῇ δευτέρᾳ ἑψήσει ἐμβάλλεται κάλαμος σχοῖνος ὕπνον προνοτισθέντα οἴνῳ παλαιῷ εὐώδει, ἐν δὲ τῇ τρίτῃ τὰ λοιπά. γίγνεται δὲ καὶ δευτέριον οὕτως· τοῖς κ",pending_llm_review,,,
SNRC-00150,AET_LM-1.134,AET_LM,Aetius,ελαιον,ομφακινος,unreviewed,"ν ἁρμόδια τὰ εὐώδη μύρα. Τὰ δὲ εὐώδη τῶν μύρων ταῖς ψυχροτέραις τῶν κεφαλῶν μᾶλλον ἁρμόδια ἢ ταῖς μέσως θερμαῖς ἐν χειμῶνι, ταῖς γὰρ θερμοτέραις οὐκ ἐπιτήδεια. εἰ δὲ τις διὰ τὸ εὐῶδες βούληται χρῆσθαι τοῖς τοιούτοις, προσμιγνύτω ῥόδινον ἶσον ἴσῳ· οὕτως ",pending_llm_review,,,
SNRC-00151,AET_LM-1.134,AET_LM,Aetius,ελαιον,ροδινος,unreviewed,"ν ἁρμόδια τὰ εὐώδη μύρα. Τὰ δὲ εὐώδη τῶν μύρων ταῖς ψυχροτέραις τῶν κεφαλῶν μᾶλλον ἁρμόδια ἢ ταῖς μέσως θερμαῖς ἐν χειμῶνι, ταῖς γὰρ θερμοτέραις οὐκ ἐπιτήδεια. εἰ δὲ τις διὰ τὸ εὐῶδες βούληται χρῆσθαι τοῖς τοιούτοις, προσμιγνύτω ῥόδινον ἶσον ἴσῳ· οὕτως ",pending_llm_review,,,
SNRC-00152,AET_LM-1.134,AET_LM,Aetius,ομφακινος,ροδινος,unreviewed,"ν ἁρμόδια τὰ εὐώδη μύρα. Τὰ δὲ εὐώδη τῶν μύρων ταῖς ψυχροτέραις τῶν κεφαλῶν μᾶλλον ἁρμόδια ἢ ταῖς μέσως θερμαῖς ἐν χειμῶνι, ταῖς γὰρ θερμοτέραις οὐκ ἐπιτήδεια. εἰ δὲ τις διὰ τὸ εὐῶδες βούληται χρῆσθαι τοῖς τοιούτοις, προσμιγνύτω ῥόδινον ἶσον ἴσῳ· οὕτως ",pending_llm_review,,,
SNRC-00153,AET_LM-1.135,AET_LM,Aetius,ασπαλαθος,βδελλιον,unreviewed,"μὴ ἔχοντι ὠτίον· εἶτα σκεπάσας ποσῷ τὸ στόμιον ὕπνῳ καὶ ἔξωθεν τοῦ ὕπνου ξυλάρια ἀσπαλάθου ἤ τινος τῶν εὐωδῶν περιφράξας, ὥστε μὴ ἐκπεσεῖν τὰ ἐν τῷ ξεστίῳ, εἶτα ἕτερον ὀστράκινον ἀγγεῖον ἄωτον λαβὼν μακροτράχηλον στόμιον ἔχον ἁρμόδιον τῷ στομίῳ τοῦ περι",pending_llm_review,,,
SNRC-00154,AET_LM-1.135,AET_LM,Aetius,ασπαλαθος,βδελλιον καθαρον,unreviewed,"μὴ ἔχοντι ὠτίον· εἶτα σκεπάσας ποσῷ τὸ στόμιον ὕπνῳ καὶ ἔξωθεν τοῦ ὕπνου ξυλάρια ἀσπαλάθου ἤ τινος τῶν εὐωδῶν περιφράξας, ὥστε μὴ ἐκπεσεῖν τὰ ἐν τῷ ξεστίῳ, εἶτα ἕτερον ὀστράκινον ἀγγεῖον ἄωτον λαβὼν μακροτράχηλον στόμιον ἔχον ἁρμόδιον τῷ στομίῳ τοῦ περι",pending_llm_review,,,
SNRC-00155,AET_LM-1.135,AET_LM,Aetius,ασπαλαθος,καρβων,unreviewed,"μὴ ἔχοντι ὠτίον· εἶτα σκεπάσας ποσῷ τὸ στόμιον ὕπνῳ καὶ ἔξωθεν τοῦ ὕπνου ξυλάρια ἀσπαλάθου ἤ τινος τῶν εὐωδῶν περιφράξας, ὥστε μὴ ἐκπεσεῖν τὰ ἐν τῷ ξεστίῳ, εἶτα ἕτερον ὀστράκινον ἀγγεῖον ἄωτον λαβὼν μακροτράχηλον στόμιον ἔχον ἁρμόδιον τῷ στομίῳ τοῦ περι",pending_llm_review,,,
SNRC-00156,AET_LM-1.135,AET_LM,Aetius,ασπαλαθος,καταμηνια,unreviewed,"μὴ ἔχοντι ὠτίον· εἶτα σκεπάσας ποσῷ τὸ στόμιον ὕπνῳ καὶ ἔξωθεν τοῦ ὕπνου ξυλάρια ἀσπαλάθου ἤ τινος τῶν εὐωδῶν περιφράξας, ὥστε μὴ ἐκπεσεῖν τὰ ἐν τῷ ξεστίῳ, εἶτα ἕτερον ὀστράκινον ἀγγεῖον ἄωτον λαβὼν μακροτράχηλον στόμιον ἔχον ἁρμόδιον τῷ στομίῳ τοῦ περι",pending_llm_review,,,
SNRC-00157,AET_LM-1.135,AET_LM,Aetius,ασπαλαθος,κοστος,unreviewed,"μὴ ἔχοντι ὠτίον· εἶτα σκεπάσας ποσῷ τὸ στόμιον ὕπνῳ καὶ ἔξωθεν τοῦ ὕπνου ξυλάρια ἀσπαλάθου ἤ τινος τῶν εὐωδῶν περιφράξας, ὥστε μὴ ἐκπεσεῖν τὰ ἐν τῷ ξεστίῳ, εἶτα ἕτερον ὀστράκινον ἀγγεῖον ἄωτον λαβὼν μακροτράχηλον στόμιον ἔχον ἁρμόδιον τῷ στομίῳ τοῦ περι",pending_llm_review,,,
SNRC-00158,AET_LM-1.135,AET_LM,Aetius,ασπαλαθος,ονυξ,unreviewed,"μὴ ἔχοντι ὠτίον· εἶτα σκεπάσας ποσῷ τὸ στόμιον ὕπνῳ καὶ ἔξωθεν τοῦ ὕπνου ξυλάρια ἀσπαλάθου ἤ τινος τῶν εὐωδῶν περιφράξας, ὥστε μὴ ἐκπεσεῖν τὰ ἐν τῷ ξεστίῳ, εἶτα ἕτερον ὀστράκινον ἀγγεῖον ἄωτον λαβὼν μακροτράχηλον στόμιον ἔχον ἁρμόδιον τῷ στομίῳ τοῦ περι",pending_llm_review,,,
SNRC-00159,AET_LM-1.135,AET_LM,Aetius,ασπαλαθος,ονυξ αρωματικος μεγας,unreviewed,"μὴ ἔχοντι ὠτίον· εἶτα σκεπάσας ποσῷ τὸ στόμιον ὕπνῳ καὶ ἔξωθεν τοῦ ὕπνου ξυλάρια ἀσπαλάθου ἤ τινος τῶν εὐωδῶν περιφράξας, ὥστε μὴ ἐκπεσεῖν τὰ ἐν τῷ ξεστίῳ, εἶτα ἕτερον ὀστράκινον ἀγγεῖον ἄωτον λαβὼν μακροτράχηλον στόμιον ἔχον ἁρμόδιον τῷ στομίῳ τοῦ περι",pending_llm_review,,,
SNRC-00160,AET_LM-1.135,AET_LM,Aetius,ασπαλαθος,πηλος,unreviewed,"μὴ ἔχοντι ὠτίον· εἶτα σκεπάσας ποσῷ τὸ στόμιον ὕπνῳ καὶ ἔξωθεν τοῦ ὕπνου ξυλάρια ἀσπαλάθου ἤ τινος τῶν εὐωδῶν περιφράξας, ὥστε μὴ ἐκπεσεῖν τὰ ἐν τῷ ξεστίῳ, εἶτα ἕτερον ὀστράκινον ἀγγεῖον ἄωτον λαβὼν μακροτράχηλον στόμιον ἔχον ἁρμόδιον τῷ στομίῳ τοῦ περι",pending_llm_review,,,
SNRC-00161,AET_LM-1.135,AET_LM,Aetius,ασπαλαθος,στυραξ,unreviewed,"μὴ ἔχοντι ὠτίον· εἶτα σκεπάσας ποσῷ τὸ στόμιον ὕπνῳ καὶ ἔξωθεν τοῦ ὕπνου ξυλάρια ἀσπαλάθου ἤ τινος τῶν εὐωδῶν περιφράξας, ὥστε μὴ ἐκπεσεῖν τὰ ἐν τῷ ξεστίῳ, εἶτα ἕτερον ὀστράκινον ἀγγεῖον ἄωτον λαβὼν μακροτράχηλον στόμιον ἔχον ἁρμόδιον τῷ στομίῳ τοῦ περι",pending_llm_review,,,
SNRC-00162,AET_LM-1.135,AET_LM,Aetius,ασπαλαθος,στυραξ πρωτειος,unreviewed,"μὴ ἔχοντι ὠτίον· εἶτα σκεπάσας ποσῷ τὸ στόμιον ὕπνῳ καὶ ἔξωθεν τοῦ ὕπνου ξυλάρια ἀσπαλάθου ἤ τινος τῶν εὐωδῶν περιφράξας, ὥστε μὴ ἐκπεσεῖν τὰ ἐν τῷ ξεστίῳ, εἶτα ἕτερον ὀστράκινον ἀγγεῖον ἄωτον λαβὼν μακροτράχηλον στόμιον ἔχον ἁρμόδιον τῷ στομίῳ τοῦ περι",pending_llm_review,,,
SNRC-00163,AET_LM-1.135,AET_LM,Aetius,ασπαλαθος,υπνος,unreviewed,"μὴ ἔχοντι ὠτίον· εἶτα σκεπάσας ποσῷ τὸ στόμιον ὕπνῳ καὶ ἔξωθεν τοῦ ὕπνου ξυλάρια ἀσπαλάθου ἤ τινος τῶν εὐωδῶν περιφράξας, ὥστε μὴ ἐκπεσεῖν τὰ ἐν τῷ ξεστίῳ, εἶτα ἕτερον ὀστράκινον ἀγγεῖον ἄωτον λαβὼν μακροτράχηλον στόμιον ἔχον ἁρμόδιον τῷ στομίῳ τοῦ περι",pending_llm_review,,,
SNRC-00164,AET_LM-1.135,AET_LM,Aetius,ασπαλαθος,ελαιον,unreviewed,"μὴ ἔχοντι ὠτίον· εἶτα σκεπάσας ποσῷ τὸ στόμιον ὕπνῳ καὶ ἔξωθεν τοῦ ὕπνου ξυλάρια ἀσπαλάθου ἤ τινος τῶν εὐωδῶν περιφράξας, ὥστε μὴ ἐκπεσεῖν τὰ ἐν τῷ ξεστίῳ, εἶτα ἕτερον ὀστράκινον ἀγγεῖον ἄωτον λαβὼν μακροτράχηλον στόμιον ἔχον ἁρμόδιον τῷ στομίῳ τοῦ περι",pending_llm_review,,,
SNRC-00165,AET_LM-1.1,AET_LM,Aetius,αβροτονον,,unreviewed,ἀβρότονον,pending_llm_review,,,
SNRC-00166,AET_LM-1.10,AET_LM,Aetius,αιρα,,unreviewed,αἶρα,pending_llm_review,,,
SNRC-00167,AET_LM-1.102,AET_LM,Aetius,ελαιον,,unreviewed,ἔλ. λινοσπέρμινον,pending_llm_review,,,
SNRC-00168,AET_LM-1.103,AET_LM,Aetius,κικινον,,unreviewed,ῥαφάνινον ἔλαιον,pending_llm_review,,,
SNRC-00169,DIOSC_DMM-1.1,DIOSC_DMM,Dioscorides,ελλεβορος,ελλεβορος λευκος,unreviewed,ἶρις Ἰλλυρική; ἶρις Μακεδονική; ἶρις Λιβυκὴ,pending_llm_review,,,
SNRC-00170,DIOSC_DMM-1.1,DIOSC_DMM,Dioscorides,ελλεβορος,εμμηνον,unreviewed,ἶρις Ἰλλυρική; ἶρις Μακεδονική; ἶρις Λιβυκὴ,pending_llm_review,,,
SNRC-00171,DIOSC_DMM-1.1,DIOSC_DMM,Dioscorides,ελλεβορος,ιρις,unreviewed,ἶρις Ἰλλυρική; ἶρις Μακεδονική; ἶρις Λιβυκὴ,pending_llm_review,,,
SNRC-00172,DIOSC_DMM-1.1,DIOSC_DMM,Dioscorides,ελλεβορος,ιρις ιλλυρικη,unreviewed,ἶρις Ἰλλυρική; ἶρις Μακεδονική; ἶρις Λιβυκὴ,pending_llm_review,,,
SNRC-00173,DIOSC_DMM-1.1,DIOSC_DMM,Dioscorides,ελλεβορος,μελι,unreviewed,ἶρις Ἰλλυρική; ἶρις Μακεδονική; ἶρις Λιβυκὴ,pending_llm_review,,,
SNRC-00174,DIOSC_DMM-1.1,DIOSC_DMM,Dioscorides,ελλεβορος,οινος,unreviewed,ἶρις Ἰλλυρική; ἶρις Μακεδονική; ἶρις Λιβυκὴ,pending_llm_review,,,
SNRC-00175,DIOSC_DMM-1.1,DIOSC_DMM,Dioscorides,ελλεβορος,οξος,unreviewed,ἶρις Ἰλλυρική; ἶρις Μακεδονική; ἶρις Λιβυκὴ,pending_llm_review,,,
SNRC-00176,DIOSC_DMM-1.1,DIOSC_DMM,Dioscorides,ελλεβορος,υδρομελι,unreviewed,ἶρις Ἰλλυρική; ἶρις Μακεδονική; ἶρις Λιβυκὴ,pending_llm_review,,,
SNRC-00177,DIOSC_DMM-1.1,DIOSC_DMM,Dioscorides,ελλεβορος,χολη,unreviewed,ἶρις Ἰλλυρική; ἶρις Μακεδονική; ἶρις Λιβυκὴ,pending_llm_review,,,
SNRC-00178,DIOSC_DMM-1.1,DIOSC_DMM,Dioscorides,ελλεβορος,ξιφιον,unreviewed,ἶρις Ἰλλυρική; ἶρις Μακεδονική; ἶρις Λιβυκὴ,pending_llm_review,,,
SNRC-00179,DIOSC_DMM-1.1,DIOSC_DMM,Dioscorides,ελλεβορος,ανθη,unreviewed,ἶρις Ἰλλυρική; ἶρις Μακεδονική; ἶρις Λιβυκὴ,pending_llm_review,,,
SNRC-00180,DIOSC_DMM-1.1,DIOSC_DMM,Dioscorides,ελλεβορος,καυλων,unreviewed,ἶρις Ἰλλυρική; ἶρις Μακεδονική; ἶρις Λιβυκὴ,pending_llm_review,,,
SNRC-00181,DIOSC_DMM-1.10,DIOSC_DMM,Dioscorides,αγρωστις,ασαρον,unreviewed,"ἄσαρον, οἱ δὲ νάρδον ἀγρίαν καλοῦσι· φύλλα ἔχει κισσῷ ὅμοια, μαλακώτερα δὲ πολλῷ καὶ στρογγυλώτερα, ἄνθος τῶν φύλλων πρὸς τῇ ῥίζῃ πορφυροῦν, ὑοσκυάμου κυτίνῳ ἐμφερές, ἐφ᾿ ᾧ ",pending_llm_review,,,
SNRC-00182,DIOSC_DMM-1.10,DIOSC_DMM,Dioscorides,αγρωστις,ελλεβορος,unreviewed,"ἄσαρον, οἱ δὲ νάρδον ἀγρίαν καλοῦσι· φύλλα ἔχει κισσῷ ὅμοια, μαλακώτερα δὲ πολλῷ καὶ στρογγυλώτερα, ἄνθος τῶν φύλλων πρὸς τῇ ῥίζῃ πορφυροῦν, ὑοσκυάμου κυτίνῳ ἐμφερές, ἐφ᾿ ᾧ ",pending_llm_review,,,
SNRC-00183,DIOSC_DMM-1.10,DIOSC_DMM,Dioscorides,αγρωστις,ελλεβορος λευκος,unreviewed,"ἄσαρον, οἱ δὲ νάρδον ἀγρίαν καλοῦσι· φύλλα ἔχει κισσῷ ὅμοια, μαλακώτερα δὲ πολλῷ καὶ στρογγυλώτερα, ἄνθος τῶν φύλλων πρὸς τῇ ῥίζῃ πορφυροῦν, ὑοσκυάμου κυτίνῳ ἐμφερές, ἐφ᾿ ᾧ ",pending_llm_review,,,
SNRC-00184,DIOSC_DMM-1.10,DIOSC_DMM,Dioscorides,αγρωστις,εμμηνον,unreviewed,"ἄσαρον, οἱ δὲ νάρδον ἀγρίαν καλοῦσι· φύλλα ἔχει κισσῷ ὅμοια, μαλακώτερα δὲ πολλῷ καὶ στρογγυλώτερα, ἄνθος τῶν φύλλων πρὸς τῇ ῥίζῃ πορφυροῦν, ὑοσκυάμου κυτίνῳ ἐμφερές, ἐφ᾿ ᾧ ",pending_llm_review,,,
SNRC-00185,DIOSC_DMM-1.10,DIOSC_DMM,Dioscorides,αγρωστις,κισσος,unreviewed,"ἄσαρον, οἱ δὲ νάρδον ἀγρίαν καλοῦσι· φύλλα ἔχει κισσῷ ὅμοια, μαλακώτερα δὲ πολλῷ καὶ στρογγυλώτερα, ἄνθος τῶν φύλλων πρὸς τῇ ῥίζῃ πορφυροῦν, ὑοσκυάμου κυτίνῳ ἐμφερές, ἐφ᾿ ᾧ ",pending_llm_review,,,
SNRC-00186,DIOSC_DMM-1.10,DIOSC_DMM,Dioscorides,αγρωστις,μελικρατον,unreviewed,"ἄσαρον, οἱ δὲ νάρδον ἀγρίαν καλοῦσι· φύλλα ἔχει κισσῷ ὅμοια, μαλακώτερα δὲ πολλῷ καὶ στρογγυλώτερα, ἄνθος τῶν φύλλων πρὸς τῇ ῥίζῃ πορφυροῦν, ὑοσκυάμου κυτίνῳ ἐμφερές, ἐφ᾿ ᾧ ",pending_llm_review,,,
SNRC-00187,DIOSC_DMM-1.10,DIOSC_DMM,Dioscorides,αγρωστις,ναρδος,unreviewed,"ἄσαρον, οἱ δὲ νάρδον ἀγρίαν καλοῦσι· φύλλα ἔχει κισσῷ ὅμοια, μαλακώτερα δὲ πολλῷ καὶ στρογγυλώτερα, ἄνθος τῶν φύλλων πρὸς τῇ ῥίζῃ πορφυροῦν, ὑοσκυάμου κυτίνῳ ἐμφερές, ἐφ᾿ ᾧ ",pending_llm_review,,,
SNRC-00188,DIOSC_DMM-1.10,DIOSC_DMM,Dioscorides,αγρωστις,ναρδος αγρια,unreviewed,"ἄσαρον, οἱ δὲ νάρδον ἀγρίαν καλοῦσι· φύλλα ἔχει κισσῷ ὅμοια, μαλακώτερα δὲ πολλῷ καὶ στρογγυλώτερα, ἄνθος τῶν φύλλων πρὸς τῇ ῥίζῃ πορφυροῦν, ὑοσκυάμου κυτίνῳ ἐμφερές, ἐφ᾿ ᾧ ",pending_llm_review,,,
SNRC-00189,DIOSC_DMM-1.10,DIOSC_DMM,Dioscorides,αγρωστις,υοσκυαμος,unreviewed,"ἄσαρον, οἱ δὲ νάρδον ἀγρίαν καλοῦσι· φύλλα ἔχει κισσῷ ὅμοια, μαλακώτερα δὲ πολλῷ καὶ στρογγυλώτερα, ἄνθος τῶν φύλλων πρὸς τῇ ῥίζῃ πορφυροῦν, ὑοσκυάμου κυτίνῳ ἐμφερές, ἐφ᾿ ᾧ ",pending_llm_review,,,
SNRC-00190,DIOSC_DMM-1.10,DIOSC_DMM,Dioscorides,αγρωστις,ανθος,unreviewed,"ἄσαρον, οἱ δὲ νάρδον ἀγρίαν καλοῦσι· φύλλα ἔχει κισσῷ ὅμοια, μαλακώτερα δὲ πολλῷ καὶ στρογγυλώτερα, ἄνθος τῶν φύλλων πρὸς τῇ ῥίζῃ πορφυροῦν, ὑοσκυάμου κυτίνῳ ἐμφερές, ἐφ᾿ ᾧ ",pending_llm_review,,,
SNRC-00191,DIOSC_DMM-1.10,DIOSC_DMM,Dioscorides,αγρωστις,κυτινω,unreviewed,"ἄσαρον, οἱ δὲ νάρδον ἀγρίαν καλοῦσι· φύλλα ἔχει κισσῷ ὅμοια, μαλακώτερα δὲ πολλῷ καὶ στρογγυλώτερα, ἄνθος τῶν φύλλων πρὸς τῇ ῥίζῃ πορφυροῦν, ὑοσκυάμου κυτίνῳ ἐμφερές, ἐφ᾿ ᾧ ",pending_llm_review,,,
SNRC-00192,DIOSC_DMM-1.10,DIOSC_DMM,Dioscorides,αγρωστις,φυλλα,unreviewed,"ἄσαρον, οἱ δὲ νάρδον ἀγρίαν καλοῦσι· φύλλα ἔχει κισσῷ ὅμοια, μαλακώτερα δὲ πολλῷ καὶ στρογγυλώτερα, ἄνθος τῶν φύλλων πρὸς τῇ ῥίζῃ πορφυροῦν, ὑοσκυάμου κυτίνῳ ἐμφερές, ἐφ᾿ ᾧ ",pending_llm_review,,,
SNRC-00193,DIOSC_DMM-1.100,DIOSC_DMM,Dioscorides,ακανθα,αμοργη,unreviewed,"λύκιον, ὃ ἔνιοι πυξάκανθαν καλοῦσι, δένδρον ἐστὶν ἀκανθῶδες, ῥάβδους ἔχον τριπήχεις ἢ καὶ μείζονας, περὶ ἃς τὰ φύλλα πύξῳ ὅμοια, πυκνά. καρπὸν δὲ ἔχει ὡς πέπερι, μέλανα, πυκνόν, πικρὸν λίαν, καὶ τὸν φλοιὸν δὲ ὠχρόν, ὅμοιον τῳ διεθέντι λυκίῳ, ῥίζα",pending_llm_review,,,
SNRC-00194,DIOSC_DMM-1.100,DIOSC_DMM,Dioscorides,ακανθα,αψινθιον,unreviewed,"λύκιον, ὃ ἔνιοι πυξάκανθαν καλοῦσι, δένδρον ἐστὶν ἀκανθῶδες, ῥάβδους ἔχον τριπήχεις ἢ καὶ μείζονας, περὶ ἃς τὰ φύλλα πύξῳ ὅμοια, πυκνά. καρπὸν δὲ ἔχει ὡς πέπερι, μέλανα, πυκνόν, πικρὸν λίαν, καὶ τὸν φλοιὸν δὲ ὠχρόν, ὅμοιον τῳ διεθέντι λυκίῳ, ῥίζα",pending_llm_review,,,
SNRC-00195,DIOSC_DMM-1.100,DIOSC_DMM,Dioscorides,ακανθα,βοεια χολη,unreviewed,"λύκιον, ὃ ἔνιοι πυξάκανθαν καλοῦσι, δένδρον ἐστὶν ἀκανθῶδες, ῥάβδους ἔχον τριπήχεις ἢ καὶ μείζονας, περὶ ἃς τὰ φύλλα πύξῳ ὅμοια, πυκνά. καρπὸν δὲ ἔχει ὡς πέπερι, μέλανα, πυκνόν, πικρὸν λίαν, καὶ τὸν φλοιὸν δὲ ὠχρόν, ὅμοιον τῳ διεθέντι λυκίῳ, ῥίζα",pending_llm_review,,,
SNRC-00196,DIOSC_DMM-1.100,DIOSC_DMM,Dioscorides,ακανθα,ινδικον λυκιον,unreviewed,"λύκιον, ὃ ἔνιοι πυξάκανθαν καλοῦσι, δένδρον ἐστὶν ἀκανθῶδες, ῥάβδους ἔχον τριπήχεις ἢ καὶ μείζονας, περὶ ἃς τὰ φύλλα πύξῳ ὅμοια, πυκνά. καρπὸν δὲ ἔχει ὡς πέπερι, μέλανα, πυκνόν, πικρὸν λίαν, καὶ τὸν φλοιὸν δὲ ὠχρόν, ὅμοιον τῳ διεθέντι λυκίῳ, ῥίζα",pending_llm_review,,,
SNRC-00197,DIOSC_DMM-1.100,DIOSC_DMM,Dioscorides,ακανθα,λογχιτις,unreviewed,"λύκιον, ὃ ἔνιοι πυξάκανθαν καλοῦσι, δένδρον ἐστὶν ἀκανθῶδες, ῥάβδους ἔχον τριπήχεις ἢ καὶ μείζονας, περὶ ἃς τὰ φύλλα πύξῳ ὅμοια, πυκνά. καρπὸν δὲ ἔχει ὡς πέπερι, μέλανα, πυκνόν, πικρὸν λίαν, καὶ τὸν φλοιὸν δὲ ὠχρόν, ὅμοιον τῳ διεθέντι λυκίῳ, ῥίζα",pending_llm_review,,,
SNRC-00198,DIOSC_DMM-1.100,DIOSC_DMM,Dioscorides,ακανθα,λυκιον,unreviewed,"λύκιον, ὃ ἔνιοι πυξάκανθαν καλοῦσι, δένδρον ἐστὶν ἀκανθῶδες, ῥάβδους ἔχον τριπήχεις ἢ καὶ μείζονας, περὶ ἃς τὰ φύλλα πύξῳ ὅμοια, πυκνά. καρπὸν δὲ ἔχει ὡς πέπερι, μέλανα, πυκνόν, πικρὸν λίαν, καὶ τὸν φλοιὸν δὲ ὠχρόν, ὅμοιον τῳ διεθέντι λυκίῳ, ῥίζα",pending_llm_review,,,
SNRC-00199,DIOSC_DMM-1.100,DIOSC_DMM,Dioscorides,ακανθα,οξος,unreviewed,"λύκιον, ὃ ἔνιοι πυξάκανθαν καλοῦσι, δένδρον ἐστὶν ἀκανθῶδες, ῥάβδους ἔχον τριπήχεις ἢ καὶ μείζονας, περὶ ἃς τὰ φύλλα πύξῳ ὅμοια, πυκνά. καρπὸν δὲ ἔχει ὡς πέπερι, μέλανα, πυκνόν, πικρὸν λίαν, καὶ τὸν φλοιὸν δὲ ὠχρόν, ὅμοιον τῳ διεθέντι λυκίῳ, ῥίζα",pending_llm_review,,,
SNRC-00200,DIOSC_DMM-1.100,DIOSC_DMM,Dioscorides,ακανθα,πεπερι,unreviewed,"λύκιον, ὃ ἔνιοι πυξάκανθαν καλοῦσι, δένδρον ἐστὶν ἀκανθῶδες, ῥάβδους ἔχον τριπήχεις ἢ καὶ μείζονας, περὶ ἃς τὰ φύλλα πύξῳ ὅμοια, πυκνά. καρπὸν δὲ ἔχει ὡς πέπερι, μέλανα, πυκνόν, πικρὸν λίαν, καὶ τὸν φλοιὸν δὲ ὠχρόν, ὅμοιον τῳ διεθέντι λυκίῳ, ῥίζα",pending_llm_review,,,
SNRC-00201,DIOSC_DMM-1.100,DIOSC_DMM,Dioscorides,ακανθα,πυξακανθα,unreviewed,"λύκιον, ὃ ἔνιοι πυξάκανθαν καλοῦσι, δένδρον ἐστὶν ἀκανθῶδες, ῥάβδους ἔχον τριπήχεις ἢ καὶ μείζονας, περὶ ἃς τὰ φύλλα πύξῳ ὅμοια, πυκνά. καρπὸν δὲ ἔχει ὡς πέπερι, μέλανα, πυκνόν, πικρὸν λίαν, καὶ τὸν φλοιὸν δὲ ὠχρόν, ὅμοιον τῳ διεθέντι λυκίῳ, ῥίζα",pending_llm_review,,,
SNRC-00202,DIOSC_DMM-1.100,DIOSC_DMM,Dioscorides,ακανθα,υδωρ,unreviewed,"λύκιον, ὃ ἔνιοι πυξάκανθαν καλοῦσι, δένδρον ἐστὶν ἀκανθῶδες, ῥάβδους ἔχον τριπήχεις ἢ καὶ μείζονας, περὶ ἃς τὰ φύλλα πύξῳ ὅμοια, πυκνά. καρπὸν δὲ ἔχει ὡς πέπερι, μέλανα, πυκνόν, πικρὸν λίαν, καὶ τὸν φλοιὸν δὲ ὠχρόν, ὅμοιον τῳ διεθέντι λυκίῳ, ῥίζα",pending_llm_review,,,
SNRC-00203,DIOSC_DMM-1.100,DIOSC_DMM,Dioscorides,ακανθα,χολη,unreviewed,"λύκιον, ὃ ἔνιοι πυξάκανθαν καλοῦσι, δένδρον ἐστὶν ἀκανθῶδες, ῥάβδους ἔχον τριπήχεις ἢ καὶ μείζονας, περὶ ἃς τὰ φύλλα πύξῳ ὅμοια, πυκνά. καρπὸν δὲ ἔχει ὡς πέπερι, μέλανα, πυκνόν, πικρὸν λίαν, καὶ τὸν φλοιὸν δὲ ὠχρόν, ὅμοιον τῳ διεθέντι λυκίῳ, ῥίζα",pending_llm_review,,,
SNRC-00204,DIOSC_DMM-1.100,DIOSC_DMM,Dioscorides,ακανθα,η ποα,unreviewed,"λύκιον, ὃ ἔνιοι πυξάκανθαν καλοῦσι, δένδρον ἐστὶν ἀκανθῶδες, ῥάβδους ἔχον τριπήχεις ἢ καὶ μείζονας, περὶ ἃς τὰ φύλλα πύξῳ ὅμοια, πυκνά. καρπὸν δὲ ἔχει ὡς πέπερι, μέλανα, πυκνόν, πικρὸν λίαν, καὶ τὸν φλοιὸν δὲ ὠχρόν, ὅμοιον τῳ διεθέντι λυκίῳ, ῥίζα",pending_llm_review,,,
SNRC-00205,DIOSC_DMM-1.101,DIOSC_DMM,Dioscorides,ακακια,ακανθα,unreviewed,"πόκιρρον δὲ ἐκ τοῦ ὠμοῦ. ἐκλέγου δὲ τὸ ἡρέμα ἔγκιρρον, εὐῶδες, ὡς ἐν ἀκακίᾳ. χυλίζουσι δέ τινες καὶ τὰ φύλλα σὺν τῳ καρπῷ· καὶ τὸ κόμμι δὲ ἐκ τῆς αὐτῆς ἀκάνθης γεννᾶται.",pending_llm_review,,,
SNRC-00206,DIOSC_DMM-1.101,DIOSC_DMM,Dioscorides,ακακια,θερμος,unreviewed,"πόκιρρον δὲ ἐκ τοῦ ὠμοῦ. ἐκλέγου δὲ τὸ ἡρέμα ἔγκιρρον, εὐῶδες, ὡς ἐν ἀκακίᾳ. χυλίζουσι δέ τινες καὶ τὰ φύλλα σὺν τῳ καρπῷ· καὶ τὸ κόμμι δὲ ἐκ τῆς αὐτῆς ἀκάνθης γεννᾶται.",pending_llm_review,,,
SNRC-00207,DIOSC_DMM-1.101,DIOSC_DMM,Dioscorides,ακακια,κομμι,unreviewed,"πόκιρρον δὲ ἐκ τοῦ ὠμοῦ. ἐκλέγου δὲ τὸ ἡρέμα ἔγκιρρον, εὐῶδες, ὡς ἐν ἀκακίᾳ. χυλίζουσι δέ τινες καὶ τὰ φύλλα σὺν τῳ καρπῷ· καὶ τὸ κόμμι δὲ ἐκ τῆς αὐτῆς ἀκάνθης γεννᾶται.",pending_llm_review,,,
SNRC-00208,DIOSC_DMM-1.101,DIOSC_DMM,Dioscorides,ακακια,ανθος,unreviewed,"πόκιρρον δὲ ἐκ τοῦ ὠμοῦ. ἐκλέγου δὲ τὸ ἡρέμα ἔγκιρρον, εὐῶδες, ὡς ἐν ἀκακίᾳ. χυλίζουσι δέ τινες καὶ τὰ φύλλα σὺν τῳ καρπῷ· καὶ τὸ κόμμι δὲ ἐκ τῆς αὐτῆς ἀκάνθης γεννᾶται.",pending_llm_review,,,
SNRC-00209,DIOSC_DMM-1.101,DIOSC_DMM,Dioscorides,ακακια,καρπον,unreviewed,"πόκιρρον δὲ ἐκ τοῦ ὠμοῦ. ἐκλέγου δὲ τὸ ἡρέμα ἔγκιρρον, εὐῶδες, ὡς ἐν ἀκακίᾳ. χυλίζουσι δέ τινες καὶ τὰ φύλλα σὺν τῳ καρπῷ· καὶ τὸ κόμμι δὲ ἐκ τῆς αὐτῆς ἀκάνθης γεννᾶται.",pending_llm_review,,,
SNRC-00210,DIOSC_DMM-1.101,DIOSC_DMM,Dioscorides,ακακια,λοβοις,unreviewed,"πόκιρρον δὲ ἐκ τοῦ ὠμοῦ. ἐκλέγου δὲ τὸ ἡρέμα ἔγκιρρον, εὐῶδες, ὡς ἐν ἀκακίᾳ. χυλίζουσι δέ τινες καὶ τὰ φύλλα σὺν τῳ καρπῷ· καὶ τὸ κόμμι δὲ ἐκ τῆς αὐτῆς ἀκάνθης γεννᾶται.",pending_llm_review,,,
SNRC-00211,DIOSC_DMM-1.101,DIOSC_DMM,Dioscorides,ακακια,φυλλα,unreviewed,"πόκιρρον δὲ ἐκ τοῦ ὠμοῦ. ἐκλέγου δὲ τὸ ἡρέμα ἔγκιρρον, εὐῶδες, ὡς ἐν ἀκακίᾳ. χυλίζουσι δέ τινες καὶ τὰ φύλλα σὺν τῳ καρπῷ· καὶ τὸ κόμμι δὲ ἐκ τῆς αὐτῆς ἀκάνθης γεννᾶται.",pending_llm_review,,,
SNRC-00212,DIOSC_DMM-1.101,DIOSC_DMM,Dioscorides,ακανθα,θερμος,unreviewed,"πόκιρρον δὲ ἐκ τοῦ ὠμοῦ. ἐκλέγου δὲ τὸ ἡρέμα ἔγκιρρον, εὐῶδες, ὡς ἐν ἀκακίᾳ. χυλίζουσι δέ τινες καὶ τὰ φύλλα σὺν τῳ καρπῷ· καὶ τὸ κόμμι δὲ ἐκ τῆς αὐτῆς ἀκάνθης γεννᾶται.",pending_llm_review,,,
SNRC-00213,DIOSC_DMM-1.101,DIOSC_DMM,Dioscorides,ακανθα,κομμι,unreviewed,"πόκιρρον δὲ ἐκ τοῦ ὠμοῦ. ἐκλέγου δὲ τὸ ἡρέμα ἔγκιρρον, εὐῶδες, ὡς ἐν ἀκακίᾳ. χυλίζουσι δέ τινες καὶ τὰ φύλλα σὺν τῳ καρπῷ· καὶ τὸ κόμμι δὲ ἐκ τῆς αὐτῆς ἀκάνθης γεννᾶται.",pending_llm_review,,,
SNRC-00214,DIOSC_DMM-1.101,DIOSC_DMM,Dioscorides,ακανθα,ανθος,unreviewed,"πόκιρρον δὲ ἐκ τοῦ ὠμοῦ. ἐκλέγου δὲ τὸ ἡρέμα ἔγκιρρον, εὐῶδες, ὡς ἐν ἀκακίᾳ. χυλίζουσι δέ τινες καὶ τὰ φύλλα σὺν τῳ καρπῷ· καὶ τὸ κόμμι δὲ ἐκ τῆς αὐτῆς ἀκάνθης γεννᾶται.",pending_llm_review,,,
SNRC-00215,DIOSC_DMM-1.101,DIOSC_DMM,Dioscorides,ακανθα,καρπον,unreviewed,"πόκιρρον δὲ ἐκ τοῦ ὠμοῦ. ἐκλέγου δὲ τὸ ἡρέμα ἔγκιρρον, εὐῶδες, ὡς ἐν ἀκακίᾳ. χυλίζουσι δέ τινες καὶ τὰ φύλλα σὺν τῳ καρπῷ· καὶ τὸ κόμμι δὲ ἐκ τῆς αὐτῆς ἀκάνθης γεννᾶται.",pending_llm_review,,,
SNRC-00216,DIOSC_DMM-1.101,DIOSC_DMM,Dioscorides,ακανθα,λοβοις,unreviewed,"πόκιρρον δὲ ἐκ τοῦ ὠμοῦ. ἐκλέγου δὲ τὸ ἡρέμα ἔγκιρρον, εὐῶδες, ὡς ἐν ἀκακίᾳ. χυλίζουσι δέ τινες καὶ τὰ φύλλα σὺν τῳ καρπῷ· καὶ τὸ κόμμι δὲ ἐκ τῆς αὐτῆς ἀκάνθης γεννᾶται.",pending_llm_review,,,
SNRC-00217,DIOSC_DMM-1.105,DIOSC_DMM,Dioscorides,αλευρον,αλμη,unreviewed," τῶν βλεφάρων διαβρώσεις εὐθετεῖ, χυλίζοντας δὲ δεῖ κόπτειν τὰ φύλλα καὶ παραχέοντας οἶνον ἢ ὕδωρ ἐκθλίβειν καὶ ξηράναντας ἐν ἡλίῳ ἀναπλάσσειν· ἔστι δʼ εὐτονώτερος ὁ διὰ τοῦ οἴνου ἐκθλιβόμενος καὶ εἰς ἀπόθεσιν μᾶλλον τοῦ διʼ ὕδατος ἁρμόζει· ποιεῖ δὲ καὶ",pending_llm_review,,,
SNRC-00218,DIOSC_DMM-1.105,DIOSC_DMM,Dioscorides,αλευρον,αγρια ελαια,unreviewed," τῶν βλεφάρων διαβρώσεις εὐθετεῖ, χυλίζοντας δὲ δεῖ κόπτειν τὰ φύλλα καὶ παραχέοντας οἶνον ἢ ὕδωρ ἐκθλίβειν καὶ ξηράναντας ἐν ἡλίῳ ἀναπλάσσειν· ἔστι δʼ εὐτονώτερος ὁ διὰ τοῦ οἴνου ἐκθλιβόμενος καὶ εἰς ἀπόθεσιν μᾶλλον τοῦ διʼ ὕδατος ἁρμόζει· ποιεῖ δὲ καὶ",pending_llm_review,,,
SNRC-00219,DIOSC_DMM-1.105,DIOSC_DMM,Dioscorides,αλευρον,αγριελαια,unreviewed," τῶν βλεφάρων διαβρώσεις εὐθετεῖ, χυλίζοντας δὲ δεῖ κόπτειν τὰ φύλλα καὶ παραχέοντας οἶνον ἢ ὕδωρ ἐκθλίβειν καὶ ξηράναντας ἐν ἡλίῳ ἀναπλάσσειν· ἔστι δʼ εὐτονώτερος ὁ διὰ τοῦ οἴνου ἐκθλιβόμενος καὶ εἰς ἀπόθεσιν μᾶλλον τοῦ διʼ ὕδατος ἁρμόζει· ποιεῖ δὲ καὶ",pending_llm_review,,,
SNRC-00220,DIOSC_DMM-1.105,DIOSC_DMM,Dioscorides,αλευρον,αιθιοπικη ελαια,unreviewed," τῶν βλεφάρων διαβρώσεις εὐθετεῖ, χυλίζοντας δὲ δεῖ κόπτειν τὰ φύλλα καὶ παραχέοντας οἶνον ἢ ὕδωρ ἐκθλίβειν καὶ ξηράναντας ἐν ἡλίῳ ἀναπλάσσειν· ἔστι δʼ εὐτονώτερος ὁ διὰ τοῦ οἴνου ἐκθλιβόμενος καὶ εἰς ἀπόθεσιν μᾶλλον τοῦ διʼ ὕδατος ἁρμόζει· ποιεῖ δὲ καὶ",pending_llm_review,,,
SNRC-00221,DIOSC_DMM-1.105,DIOSC_DMM,Dioscorides,αλευρον,κομμι,unreviewed," τῶν βλεφάρων διαβρώσεις εὐθετεῖ, χυλίζοντας δὲ δεῖ κόπτειν τὰ φύλλα καὶ παραχέοντας οἶνον ἢ ὕδωρ ἐκθλίβειν καὶ ξηράναντας ἐν ἡλίῳ ἀναπλάσσειν· ἔστι δʼ εὐτονώτερος ὁ διὰ τοῦ οἴνου ἐκθλιβόμενος καὶ εἰς ἀπόθεσιν μᾶλλον τοῦ διʼ ὕδατος ἁρμόζει· ποιεῖ δὲ καὶ",pending_llm_review,,,
SNRC-00222,DIOSC_DMM-1.105,DIOSC_DMM,Dioscorides,αλευρον,κοτινος,unreviewed," τῶν βλεφάρων διαβρώσεις εὐθετεῖ, χυλίζοντας δὲ δεῖ κόπτειν τὰ φύλλα καὶ παραχέοντας οἶνον ἢ ὕδωρ ἐκθλίβειν καὶ ξηράναντας ἐν ἡλίῳ ἀναπλάσσειν· ἔστι δʼ εὐτονώτερος ὁ διὰ τοῦ οἴνου ἐκθλιβόμενος καὶ εἰς ἀπόθεσιν μᾶλλον τοῦ διʼ ὕδατος ἁρμόζει· ποιεῖ δὲ καὶ",pending_llm_review,,,
SNRC-00223,DIOSC_DMM-1.105,DIOSC_DMM,Dioscorides,αλευρον,κολυμβας ελαια,unreviewed," τῶν βλεφάρων διαβρώσεις εὐθετεῖ, χυλίζοντας δὲ δεῖ κόπτειν τὰ φύλλα καὶ παραχέοντας οἶνον ἢ ὕδωρ ἐκθλίβειν καὶ ξηράναντας ἐν ἡλίῳ ἀναπλάσσειν· ἔστι δʼ εὐτονώτερος ὁ διὰ τοῦ οἴνου ἐκθλιβόμενος καὶ εἰς ἀπόθεσιν μᾶλλον τοῦ διʼ ὕδατος ἁρμόζει· ποιεῖ δὲ καὶ",pending_llm_review,,,
SNRC-00224,DIOSC_DMM-1.105,DIOSC_DMM,Dioscorides,αλευρον,μελι,unreviewed," τῶν βλεφάρων διαβρώσεις εὐθετεῖ, χυλίζοντας δὲ δεῖ κόπτειν τὰ φύλλα καὶ παραχέοντας οἶνον ἢ ὕδωρ ἐκθλίβειν καὶ ξηράναντας ἐν ἡλίῳ ἀναπλάσσειν· ἔστι δʼ εὐτονώτερος ὁ διὰ τοῦ οἴνου ἐκθλιβόμενος καὶ εἰς ἀπόθεσιν μᾶλλον τοῦ διʼ ὕδατος ἁρμόζει· ποιεῖ δὲ καὶ",pending_llm_review,,,
SNRC-00225,DIOSC_DMM-1.105,DIOSC_DMM,Dioscorides,αλευρον,μελαινα πεπειρος ελαια,unreviewed," τῶν βλεφάρων διαβρώσεις εὐθετεῖ, χυλίζοντας δὲ δεῖ κόπτειν τὰ φύλλα καὶ παραχέοντας οἶνον ἢ ὕδωρ ἐκθλίβειν καὶ ξηράναντας ἐν ἡλίῳ ἀναπλάσσειν· ἔστι δʼ εὐτονώτερος ὁ διὰ τοῦ οἴνου ἐκθλιβόμενος καὶ εἰς ἀπόθεσιν μᾶλλον τοῦ διʼ ὕδατος ἁρμόζει· ποιεῖ δὲ καὶ",pending_llm_review,,,
SNRC-00226,DIOSC_DMM-1.105,DIOSC_DMM,Dioscorides,αλευρον,οινος,unreviewed," τῶν βλεφάρων διαβρώσεις εὐθετεῖ, χυλίζοντας δὲ δεῖ κόπτειν τὰ φύλλα καὶ παραχέοντας οἶνον ἢ ὕδωρ ἐκθλίβειν καὶ ξηράναντας ἐν ἡλίῳ ἀναπλάσσειν· ἔστι δʼ εὐτονώτερος ὁ διὰ τοῦ οἴνου ἐκθλιβόμενος καὶ εἰς ἀπόθεσιν μᾶλλον τοῦ διʼ ὕδατος ἁρμόζει· ποιεῖ δὲ καὶ",pending_llm_review,,,
SNRC-00227,DIOSC_DMM-1.105,DIOSC_DMM,Dioscorides,αλευρον,ουρον,unreviewed," τῶν βλεφάρων διαβρώσεις εὐθετεῖ, χυλίζοντας δὲ δεῖ κόπτειν τὰ φύλλα καὶ παραχέοντας οἶνον ἢ ὕδωρ ἐκθλίβειν καὶ ξηράναντας ἐν ἡλίῳ ἀναπλάσσειν· ἔστι δʼ εὐτονώτερος ὁ διὰ τοῦ οἴνου ἐκθλιβόμενος καὶ εἰς ἀπόθεσιν μᾶλλον τοῦ διʼ ὕδατος ἁρμόζει· ποιεῖ δὲ καὶ",pending_llm_review,,,
SNRC-00228,DIOSC_DMM-1.105,DIOSC_DMM,Dioscorides,αλευρον,πηλος,unreviewed," τῶν βλεφάρων διαβρώσεις εὐθετεῖ, χυλίζοντας δὲ δεῖ κόπτειν τὰ φύλλα καὶ παραχέοντας οἶνον ἢ ὕδωρ ἐκθλίβειν καὶ ξηράναντας ἐν ἡλίῳ ἀναπλάσσειν· ἔστι δʼ εὐτονώτερος ὁ διὰ τοῦ οἴνου ἐκθλιβόμενος καὶ εἰς ἀπόθεσιν μᾶλλον τοῦ διʼ ὕδατος ἁρμόζει· ποιεῖ δὲ καὶ",pending_llm_review,,,
SNRC-00229,DIOSC_DMM-1.106,DIOSC_DMM,Dioscorides,βαλανος,γαλα,unreviewed," κοπέντα οἰδήμασι, καὶ τὰ ἄτονα δὲ μέρη κρατύνει. αἱ δὲ Σαρδιαναὶ βάλανοι, ἄς τινες λόπιμα ἢ καστανίας ἢ μότα ἡ Διὸς βαλάνους καλοῦσι, στύρουσι καὶ αὐταί, τῶν ὁμοίων τέ εἰσι δραστικαί, καὶ μάλιστα ὁ μεταξὺ τῆς σαρκὸς καὶ τοῦ λέπους φλοιός. ἡ δὲ σὰρξ καὶ",pending_llm_review,,,
SNRC-00230,DIOSC_DMM-1.106,DIOSC_DMM,Dioscorides,βαλανος,γαλα βοειον,unreviewed," κοπέντα οἰδήμασι, καὶ τὰ ἄτονα δὲ μέρη κρατύνει. αἱ δὲ Σαρδιαναὶ βάλανοι, ἄς τινες λόπιμα ἢ καστανίας ἢ μότα ἡ Διὸς βαλάνους καλοῦσι, στύρουσι καὶ αὐταί, τῶν ὁμοίων τέ εἰσι δραστικαί, καὶ μάλιστα ὁ μεταξὺ τῆς σαρκὸς καὶ τοῦ λέπους φλοιός. ἡ δὲ σὰρξ καὶ",pending_llm_review,,,
SNRC-00231,DIOSC_DMM-1.106,DIOSC_DMM,Dioscorides,βαλανος,γη,unreviewed," κοπέντα οἰδήμασι, καὶ τὰ ἄτονα δὲ μέρη κρατύνει. αἱ δὲ Σαρδιαναὶ βάλανοι, ἄς τινες λόπιμα ἢ καστανίας ἢ μότα ἡ Διὸς βαλάνους καλοῦσι, στύρουσι καὶ αὐταί, τῶν ὁμοίων τέ εἰσι δραστικαί, καὶ μάλιστα ὁ μεταξὺ τῆς σαρκὸς καὶ τοῦ λέπους φλοιός. ἡ δὲ σὰρξ καὶ",pending_llm_review,,,
SNRC-00232,DIOSC_DMM-1.106,DIOSC_DMM,Dioscorides,βαλανος,διος βαλανος,unreviewed," κοπέντα οἰδήμασι, καὶ τὰ ἄτονα δὲ μέρη κρατύνει. αἱ δὲ Σαρδιαναὶ βάλανοι, ἄς τινες λόπιμα ἢ καστανίας ἢ μότα ἡ Διὸς βαλάνους καλοῦσι, στύρουσι καὶ αὐταί, τῶν ὁμοίων τέ εἰσι δραστικαί, καὶ μάλιστα ὁ μεταξὺ τῆς σαρκὸς καὶ τοῦ λέπους φλοιός. ἡ δὲ σὰρξ καὶ",pending_llm_review,,,
SNRC-00233,DIOSC_DMM-1.106,DIOSC_DMM,Dioscorides,βαλανος,δρυς,unreviewed," κοπέντα οἰδήμασι, καὶ τὰ ἄτονα δὲ μέρη κρατύνει. αἱ δὲ Σαρδιαναὶ βάλανοι, ἄς τινες λόπιμα ἢ καστανίας ἢ μότα ἡ Διὸς βαλάνους καλοῦσι, στύρουσι καὶ αὐταί, τῶν ὁμοίων τέ εἰσι δραστικαί, καὶ μάλιστα ὁ μεταξὺ τῆς σαρκὸς καὶ τοῦ λέπους φλοιός. ἡ δὲ σὰρξ καὶ",pending_llm_review,,,
SNRC-00234,DIOSC_DMM-1.106,DIOSC_DMM,Dioscorides,βαλανος,εφημερον,unreviewed," κοπέντα οἰδήμασι, καὶ τὰ ἄτονα δὲ μέρη κρατύνει. αἱ δὲ Σαρδιαναὶ βάλανοι, ἄς τινες λόπιμα ἢ καστανίας ἢ μότα ἡ Διὸς βαλάνους καλοῦσι, στύρουσι καὶ αὐταί, τῶν ὁμοίων τέ εἰσι δραστικαί, καὶ μάλιστα ὁ μεταξὺ τῆς σαρκὸς καὶ τοῦ λέπους φλοιός. ἡ δὲ σὰρξ καὶ",pending_llm_review,,,
SNRC-00235,DIOSC_DMM-1.106,DIOSC_DMM,Dioscorides,βαλανος,καστανια,unreviewed," κοπέντα οἰδήμασι, καὶ τὰ ἄτονα δὲ μέρη κρατύνει. αἱ δὲ Σαρδιαναὶ βάλανοι, ἄς τινες λόπιμα ἢ καστανίας ἢ μότα ἡ Διὸς βαλάνους καλοῦσι, στύρουσι καὶ αὐταί, τῶν ὁμοίων τέ εἰσι δραστικαί, καὶ μάλιστα ὁ μεταξὺ τῆς σαρκὸς καὶ τοῦ λέπους φλοιός. ἡ δὲ σὰρξ καὶ",pending_llm_review,,,
SNRC-00236,DIOSC_DMM-1.106,DIOSC_DMM,Dioscorides,βαλανος,κιμωλια γη,unreviewed," κοπέντα οἰδήμασι, καὶ τὰ ἄτονα δὲ μέρη κρατύνει. αἱ δὲ Σαρδιαναὶ βάλανοι, ἄς τινες λόπιμα ἢ καστανίας ἢ μότα ἡ Διὸς βαλάνους καλοῦσι, στύρουσι καὶ αὐταί, τῶν ὁμοίων τέ εἰσι δραστικαί, καὶ μάλιστα ὁ μεταξὺ τῆς σαρκὸς καὶ τοῦ λέπους φλοιός. ἡ δὲ σὰρξ καὶ",pending_llm_review,,,
SNRC-00237,DIOSC_DMM-1.106,DIOSC_DMM,Dioscorides,βαλανος,λοπιμα,unreviewed," κοπέντα οἰδήμασι, καὶ τὰ ἄτονα δὲ μέρη κρατύνει. αἱ δὲ Σαρδιαναὶ βάλανοι, ἄς τινες λόπιμα ἢ καστανίας ἢ μότα ἡ Διὸς βαλάνους καλοῦσι, στύρουσι καὶ αὐταί, τῶν ὁμοίων τέ εἰσι δραστικαί, καὶ μάλιστα ὁ μεταξὺ τῆς σαρκὸς καὶ τοῦ λέπους φλοιός. ἡ δὲ σὰρξ καὶ",pending_llm_review,,,
SNRC-00238,DIOSC_DMM-1.106,DIOSC_DMM,Dioscorides,βαλανος,μοτα,unreviewed," κοπέντα οἰδήμασι, καὶ τὰ ἄτονα δὲ μέρη κρατύνει. αἱ δὲ Σαρδιαναὶ βάλανοι, ἄς τινες λόπιμα ἢ καστανίας ἢ μότα ἡ Διὸς βαλάνους καλοῦσι, στύρουσι καὶ αὐταί, τῶν ὁμοίων τέ εἰσι δραστικαί, καὶ μάλιστα ὁ μεταξὺ τῆς σαρκὸς καὶ τοῦ λέπους φλοιός. ἡ δὲ σὰρξ καὶ",pending_llm_review,,,
SNRC-00239,DIOSC_DMM-1.106,DIOSC_DMM,Dioscorides,βαλανος,πρινος,unreviewed," κοπέντα οἰδήμασι, καὶ τὰ ἄτονα δὲ μέρη κρατύνει. αἱ δὲ Σαρδιαναὶ βάλανοι, ἄς τινες λόπιμα ἢ καστανίας ἢ μότα ἡ Διὸς βαλάνους καλοῦσι, στύρουσι καὶ αὐταί, τῶν ὁμοίων τέ εἰσι δραστικαί, καὶ μάλιστα ὁ μεταξὺ τῆς σαρκὸς καὶ τοῦ λέπους φλοιός. ἡ δὲ σὰρξ καὶ",pending_llm_review,,,
SNRC-00240,DIOSC_DMM-1.106,DIOSC_DMM,Dioscorides,βαλανος,σαρδιανη βαλανος,unreviewed," κοπέντα οἰδήμασι, καὶ τὰ ἄτονα δὲ μέρη κρατύνει. αἱ δὲ Σαρδιαναὶ βάλανοι, ἄς τινες λόπιμα ἢ καστανίας ἢ μότα ἡ Διὸς βαλάνους καλοῦσι, στύρουσι καὶ αὐταί, τῶν ὁμοίων τέ εἰσι δραστικαί, καὶ μάλιστα ὁ μεταξὺ τῆς σαρκὸς καὶ τοῦ λέπους φλοιός. ἡ δὲ σὰρξ καὶ",pending_llm_review,,,
SNRC-00241,DIOSC_DMM-1.107,DIOSC_DMM,Dioscorides,δρυς,κηκις,unreviewed,"δύνας, γίνονταί τε καὶ ἴσχαιμοι καεῖσαι ἐπʼ ἀνθράκων ἄχρι πυρώσεως καὶ κατασβεσθεῖσαι οἴνῳ ἢ ὄξει ἢ ὀξάλμῃ. 2 τὸ δὲ ἀπόζεμα αὐτῶν ποιεῖ εἰς ἐγκαθίσματα πρὸς προπτώσεις ὑστέρας καὶ ῥευματισμούς. μελαίνουσι δὲ καὶ τρίχας ἀποβραχεῖσαι ἐν ὄξει ἢ ὕδατι· ἁρμό",pending_llm_review,,,
SNRC-00242,DIOSC_DMM-1.107,DIOSC_DMM,Dioscorides,δρυς,οινος,unreviewed,"δύνας, γίνονταί τε καὶ ἴσχαιμοι καεῖσαι ἐπʼ ἀνθράκων ἄχρι πυρώσεως καὶ κατασβεσθεῖσαι οἴνῳ ἢ ὄξει ἢ ὀξάλμῃ. 2 τὸ δὲ ἀπόζεμα αὐτῶν ποιεῖ εἰς ἐγκαθίσματα πρὸς προπτώσεις ὑστέρας καὶ ῥευματισμούς. μελαίνουσι δὲ καὶ τρίχας ἀποβραχεῖσαι ἐν ὄξει ἢ ὕδατι· ἁρμό",pending_llm_review,,,
SNRC-00243,DIOSC_DMM-1.107,DIOSC_DMM,Dioscorides,δρυς,ομφακιτις,unreviewed,"δύνας, γίνονταί τε καὶ ἴσχαιμοι καεῖσαι ἐπʼ ἀνθράκων ἄχρι πυρώσεως καὶ κατασβεσθεῖσαι οἴνῳ ἢ ὄξει ἢ ὀξάλμῃ. 2 τὸ δὲ ἀπόζεμα αὐτῶν ποιεῖ εἰς ἐγκαθίσματα πρὸς προπτώσεις ὑστέρας καὶ ῥευματισμούς. μελαίνουσι δὲ καὶ τρίχας ἀποβραχεῖσαι ἐν ὄξει ἢ ὕδατι· ἁρμό",pending_llm_review,,,
SNRC-00244,DIOSC_DMM-1.107,DIOSC_DMM,Dioscorides,δρυς,οξαλμη,unreviewed,"δύνας, γίνονταί τε καὶ ἴσχαιμοι καεῖσαι ἐπʼ ἀνθράκων ἄχρι πυρώσεως καὶ κατασβεσθεῖσαι οἴνῳ ἢ ὄξει ἢ ὀξάλμῃ. 2 τὸ δὲ ἀπόζεμα αὐτῶν ποιεῖ εἰς ἐγκαθίσματα πρὸς προπτώσεις ὑστέρας καὶ ῥευματισμούς. μελαίνουσι δὲ καὶ τρίχας ἀποβραχεῖσαι ἐν ὄξει ἢ ὕδατι· ἁρμό",pending_llm_review,,,
SNRC-00245,DIOSC_DMM-1.107,DIOSC_DMM,Dioscorides,δρυς,οξος,unreviewed,"δύνας, γίνονταί τε καὶ ἴσχαιμοι καεῖσαι ἐπʼ ἀνθράκων ἄχρι πυρώσεως καὶ κατασβεσθεῖσαι οἴνῳ ἢ ὄξει ἢ ὀξάλμῃ. 2 τὸ δὲ ἀπόζεμα αὐτῶν ποιεῖ εἰς ἐγκαθίσματα πρὸς προπτώσεις ὑστέρας καὶ ῥευματισμούς. μελαίνουσι δὲ καὶ τρίχας ἀποβραχεῖσαι ἐν ὄξει ἢ ὕδατι· ἁρμό",pending_llm_review,,,
SNRC-00246,DIOSC_DMM-1.107,DIOSC_DMM,Dioscorides,δρυς,υδωρ,unreviewed,"δύνας, γίνονταί τε καὶ ἴσχαιμοι καεῖσαι ἐπʼ ἀνθράκων ἄχρι πυρώσεως καὶ κατασβεσθεῖσαι οἴνῳ ἢ ὄξει ἢ ὀξάλμῃ. 2 τὸ δὲ ἀπόζεμα αὐτῶν ποιεῖ εἰς ἐγκαθίσματα πρὸς προπτώσεις ὑστέρας καὶ ῥευματισμούς. μελαίνουσι δὲ καὶ τρίχας ἀποβραχεῖσαι ἐν ὄξει ἢ ὕδατι· ἁρμό",pending_llm_review,,,
SNRC-00247,DIOSC_DMM-1.107,DIOSC_DMM,Dioscorides,δρυς,καρπος δρυος,unreviewed,"δύνας, γίνονταί τε καὶ ἴσχαιμοι καεῖσαι ἐπʼ ἀνθράκων ἄχρι πυρώσεως καὶ κατασβεσθεῖσαι οἴνῳ ἢ ὄξει ἢ ὀξάλμῃ. 2 τὸ δὲ ἀπόζεμα αὐτῶν ποιεῖ εἰς ἐγκαθίσματα πρὸς προπτώσεις ὑστέρας καὶ ῥευματισμούς. μελαίνουσι δὲ καὶ τρίχας ἀποβραχεῖσαι ἐν ὄξει ἢ ὕδατι· ἁρμό",pending_llm_review,,,
SNRC-00248,DIOSC_DMM-1.107,DIOSC_DMM,Dioscorides,κηκις,οινος,unreviewed,"δύνας, γίνονταί τε καὶ ἴσχαιμοι καεῖσαι ἐπʼ ἀνθράκων ἄχρι πυρώσεως καὶ κατασβεσθεῖσαι οἴνῳ ἢ ὄξει ἢ ὀξάλμῃ. 2 τὸ δὲ ἀπόζεμα αὐτῶν ποιεῖ εἰς ἐγκαθίσματα πρὸς προπτώσεις ὑστέρας καὶ ῥευματισμούς. μελαίνουσι δὲ καὶ τρίχας ἀποβραχεῖσαι ἐν ὄξει ἢ ὕδατι· ἁρμό",pending_llm_review,,,
SNRC-00249,DIOSC_DMM-1.107,DIOSC_DMM,Dioscorides,κηκις,ομφακιτις,unreviewed,"δύνας, γίνονταί τε καὶ ἴσχαιμοι καεῖσαι ἐπʼ ἀνθράκων ἄχρι πυρώσεως καὶ κατασβεσθεῖσαι οἴνῳ ἢ ὄξει ἢ ὀξάλμῃ. 2 τὸ δὲ ἀπόζεμα αὐτῶν ποιεῖ εἰς ἐγκαθίσματα πρὸς προπτώσεις ὑστέρας καὶ ῥευματισμούς. μελαίνουσι δὲ καὶ τρίχας ἀποβραχεῖσαι ἐν ὄξει ἢ ὕδατι· ἁρμό",pending_llm_review,,,
SNRC-00250,DIOSC_DMM-1.107,DIOSC_DMM,Dioscorides,κηκις,οξαλμη,unreviewed,"δύνας, γίνονταί τε καὶ ἴσχαιμοι καεῖσαι ἐπʼ ἀνθράκων ἄχρι πυρώσεως καὶ κατασβεσθεῖσαι οἴνῳ ἢ ὄξει ἢ ὀξάλμῃ. 2 τὸ δὲ ἀπόζεμα αὐτῶν ποιεῖ εἰς ἐγκαθίσματα πρὸς προπτώσεις ὑστέρας καὶ ῥευματισμούς. μελαίνουσι δὲ καὶ τρίχας ἀποβραχεῖσαι ἐν ὄξει ἢ ὕδατι· ἁρμό",pending_llm_review,,,
SNRC-00251,DIOSC_DMM-1.107,DIOSC_DMM,Dioscorides,κηκις,οξος,unreviewed,"δύνας, γίνονταί τε καὶ ἴσχαιμοι καεῖσαι ἐπʼ ἀνθράκων ἄχρι πυρώσεως καὶ κατασβεσθεῖσαι οἴνῳ ἢ ὄξει ἢ ὀξάλμῃ. 2 τὸ δὲ ἀπόζεμα αὐτῶν ποιεῖ εἰς ἐγκαθίσματα πρὸς προπτώσεις ὑστέρας καὶ ῥευματισμούς. μελαίνουσι δὲ καὶ τρίχας ἀποβραχεῖσαι ἐν ὄξει ἢ ὕδατι· ἁρμό",pending_llm_review,,,
SNRC-00252,DIOSC_DMM-1.107,DIOSC_DMM,Dioscorides,κηκις,υδωρ,unreviewed,"δύνας, γίνονταί τε καὶ ἴσχαιμοι καεῖσαι ἐπʼ ἀνθράκων ἄχρι πυρώσεως καὶ κατασβεσθεῖσαι οἴνῳ ἢ ὄξει ἢ ὀξάλμῃ. 2 τὸ δὲ ἀπόζεμα αὐτῶν ποιεῖ εἰς ἐγκαθίσματα πρὸς προπτώσεις ὑστέρας καὶ ῥευματισμούς. μελαίνουσι δὲ καὶ τρίχας ἀποβραχεῖσαι ἐν ὄξει ἢ ὕδατι· ἁρμό",pending_llm_review,,,
SNRC-00253,DIOSC_DMM-1.108,DIOSC_DMM,Dioscorides,ακακια,ανθραξ,unreviewed,"υορροούντων ἔγκλυσμα, πτερύγιά τε καὶ φαγεδαίνας ἐπέχει καταπλασσόμενα τὰ φύλλα μετʼ ὄξους ἢ μέλιτος. καὶ τὸ χύλισμα δὲ τῶν φύλλων, ξηρῶν ἑψομένων σὺν ὕδατι ὥσπερ τὸ λύκιον ἄχρι μελιτώδους συστάσεως, ἁρμόζει πρὸς ὅσα καὶ τὸ λύκιον. καὶ ὁ καρπὸς 3 δὲ τὰ ",pending_llm_review,,,
SNRC-00254,DIOSC_DMM-1.108,DIOSC_DMM,Dioscorides,ακακια,βυρσοδεψικη ρους,unreviewed,"υορροούντων ἔγκλυσμα, πτερύγιά τε καὶ φαγεδαίνας ἐπέχει καταπλασσόμενα τὰ φύλλα μετʼ ὄξους ἢ μέλιτος. καὶ τὸ χύλισμα δὲ τῶν φύλλων, ξηρῶν ἑψομένων σὺν ὕδατι ὥσπερ τὸ λύκιον ἄχρι μελιτώδους συστάσεως, ἁρμόζει πρὸς ὅσα καὶ τὸ λύκιον. καὶ ὁ καρπὸς 3 δὲ τὰ ",pending_llm_review,,,
SNRC-00255,DIOSC_DMM-1.108,DIOSC_DMM,Dioscorides,ακακια,δρυινος ανθραξ,unreviewed,"υορροούντων ἔγκλυσμα, πτερύγιά τε καὶ φαγεδαίνας ἐπέχει καταπλασσόμενα τὰ φύλλα μετʼ ὄξους ἢ μέλιτος. καὶ τὸ χύλισμα δὲ τῶν φύλλων, ξηρῶν ἑψομένων σὺν ὕδατι ὥσπερ τὸ λύκιον ἄχρι μελιτώδους συστάσεως, ἁρμόζει πρὸς ὅσα καὶ τὸ λύκιον. καὶ ὁ καρπὸς 3 δὲ τὰ ",pending_llm_review,,,
SNRC-00256,DIOSC_DMM-1.108,DIOSC_DMM,Dioscorides,ακακια,λυκιον,unreviewed,"υορροούντων ἔγκλυσμα, πτερύγιά τε καὶ φαγεδαίνας ἐπέχει καταπλασσόμενα τὰ φύλλα μετʼ ὄξους ἢ μέλιτος. καὶ τὸ χύλισμα δὲ τῶν φύλλων, ξηρῶν ἑψομένων σὺν ὕδατι ὥσπερ τὸ λύκιον ἄχρι μελιτώδους συστάσεως, ἁρμόζει πρὸς ὅσα καὶ τὸ λύκιον. καὶ ὁ καρπὸς 3 δὲ τὰ ",pending_llm_review,,,
SNRC-00257,DIOSC_DMM-1.108,DIOSC_DMM,Dioscorides,ακακια,μελι,unreviewed,"υορροούντων ἔγκλυσμα, πτερύγιά τε καὶ φαγεδαίνας ἐπέχει καταπλασσόμενα τὰ φύλλα μετʼ ὄξους ἢ μέλιτος. καὶ τὸ χύλισμα δὲ τῶν φύλλων, ξηρῶν ἑψομένων σὺν ὕδατι ὥσπερ τὸ λύκιον ἄχρι μελιτώδους συστάσεως, ἁρμόζει πρὸς ὅσα καὶ τὸ λύκιον. καὶ ὁ καρπὸς 3 δὲ τὰ ",pending_llm_review,,,
SNRC-00258,DIOSC_DMM-1.108,DIOSC_DMM,Dioscorides,ακακια,οξος,unreviewed,"υορροούντων ἔγκλυσμα, πτερύγιά τε καὶ φαγεδαίνας ἐπέχει καταπλασσόμενα τὰ φύλλα μετʼ ὄξους ἢ μέλιτος. καὶ τὸ χύλισμα δὲ τῶν φύλλων, ξηρῶν ἑψομένων σὺν ὕδατι ὥσπερ τὸ λύκιον ἄχρι μελιτώδους συστάσεως, ἁρμόζει πρὸς ὅσα καὶ τὸ λύκιον. καὶ ὁ καρπὸς 3 δὲ τὰ ",pending_llm_review,,,
SNRC-00259,DIOSC_DMM-1.108,DIOSC_DMM,Dioscorides,ακακια,ρους,unreviewed,"υορροούντων ἔγκλυσμα, πτερύγιά τε καὶ φαγεδαίνας ἐπέχει καταπλασσόμενα τὰ φύλλα μετʼ ὄξους ἢ μέλιτος. καὶ τὸ χύλισμα δὲ τῶν φύλλων, ξηρῶν ἑψομένων σὺν ὕδατι ὥσπερ τὸ λύκιον ἄχρι μελιτώδους συστάσεως, ἁρμόζει πρὸς ὅσα καὶ τὸ λύκιον. καὶ ὁ καρπὸς 3 δὲ τὰ ",pending_llm_review,,,
SNRC-00260,DIOSC_DMM-1.108,DIOSC_DMM,Dioscorides,ακακια,υδωρ,unreviewed,"υορροούντων ἔγκλυσμα, πτερύγιά τε καὶ φαγεδαίνας ἐπέχει καταπλασσόμενα τὰ φύλλα μετʼ ὄξους ἢ μέλιτος. καὶ τὸ χύλισμα δὲ τῶν φύλλων, ξηρῶν ἑψομένων σὺν ὕδατι ὥσπερ τὸ λύκιον ἄχρι μελιτώδους συστάσεως, ἁρμόζει πρὸς ὅσα καὶ τὸ λύκιον. καὶ ὁ καρπὸς 3 δὲ τὰ ",pending_llm_review,,,
SNRC-00261,DIOSC_DMM-1.108,DIOSC_DMM,Dioscorides,ακακια,καρπος,unreviewed,"υορροούντων ἔγκλυσμα, πτερύγιά τε καὶ φαγεδαίνας ἐπέχει καταπλασσόμενα τὰ φύλλα μετʼ ὄξους ἢ μέλιτος. καὶ τὸ χύλισμα δὲ τῶν φύλλων, ξηρῶν ἑψομένων σὺν ὕδατι ὥσπερ τὸ λύκιον ἄχρι μελιτώδους συστάσεως, ἁρμόζει πρὸς ὅσα καὶ τὸ λύκιον. καὶ ὁ καρπὸς 3 δὲ τὰ ",pending_llm_review,,,
SNRC-00262,DIOSC_DMM-1.108,DIOSC_DMM,Dioscorides,ακακια,κομμι,unreviewed,"υορροούντων ἔγκλυσμα, πτερύγιά τε καὶ φαγεδαίνας ἐπέχει καταπλασσόμενα τὰ φύλλα μετʼ ὄξους ἢ μέλιτος. καὶ τὸ χύλισμα δὲ τῶν φύλλων, ξηρῶν ἑψομένων σὺν ὕδατι ὥσπερ τὸ λύκιον ἄχρι μελιτώδους συστάσεως, ἁρμόζει πρὸς ὅσα καὶ τὸ λύκιον. καὶ ὁ καρπὸς 3 δὲ τὰ ",pending_llm_review,,,
SNRC-00263,DIOSC_DMM-1.108,DIOSC_DMM,Dioscorides,ακακια,φυλλα,unreviewed,"υορροούντων ἔγκλυσμα, πτερύγιά τε καὶ φαγεδαίνας ἐπέχει καταπλασσόμενα τὰ φύλλα μετʼ ὄξους ἢ μέλιτος. καὶ τὸ χύλισμα δὲ τῶν φύλλων, ξηρῶν ἑψομένων σὺν ὕδατι ὥσπερ τὸ λύκιον ἄχρι μελιτώδους συστάσεως, ἁρμόζει πρὸς ὅσα καὶ τὸ λύκιον. καὶ ὁ καρπὸς 3 δὲ τὰ ",pending_llm_review,,,
SNRC-00264,DIOSC_DMM-1.108,DIOSC_DMM,Dioscorides,ανθραξ,βυρσοδεψικη ρους,unreviewed,"υορροούντων ἔγκλυσμα, πτερύγιά τε καὶ φαγεδαίνας ἐπέχει καταπλασσόμενα τὰ φύλλα μετʼ ὄξους ἢ μέλιτος. καὶ τὸ χύλισμα δὲ τῶν φύλλων, ξηρῶν ἑψομένων σὺν ὕδατι ὥσπερ τὸ λύκιον ἄχρι μελιτώδους συστάσεως, ἁρμόζει πρὸς ὅσα καὶ τὸ λύκιον. καὶ ὁ καρπὸς 3 δὲ τὰ ",pending_llm_review,,,
SNRC-00265,DIOSC_DMM-1.109,DIOSC_DMM,Dioscorides,αραβικη μυροβαλανος,βορασσος,unreviewed,"ὐθετοῦσι δὲ μάλιστα οἱ ἀπ᾿ Αἰγύπτου οἱ ἐκ τῶν χαμαιζήλων φοινίκων. φοῖνιξ, ὃν ἔνιοι ἐλάτην ἢ σπάθην καλοῦσι, περικάλυμμά 4 ἐστι τοῦ καρποῦ τῶν φοινίκων ἀκμὴν ἀνθούντων χρῶνται δὲ αὐτῷ οἱ μυρεψοὶ εἰς τὰς τῶν μύρων στύψεις. ἔστι δὲ αὐτῆς κρατίστη ἡ εὐώδης",pending_llm_review,,,
SNRC-00266,DIOSC_DMM-1.109,DIOSC_DMM,Dioscorides,αραβικη μυροβαλανος,ελατη,unreviewed,"ὐθετοῦσι δὲ μάλιστα οἱ ἀπ᾿ Αἰγύπτου οἱ ἐκ τῶν χαμαιζήλων φοινίκων. φοῖνιξ, ὃν ἔνιοι ἐλάτην ἢ σπάθην καλοῦσι, περικάλυμμά 4 ἐστι τοῦ καρποῦ τῶν φοινίκων ἀκμὴν ἀνθούντων χρῶνται δὲ αὐτῷ οἱ μυρεψοὶ εἰς τὰς τῶν μύρων στύψεις. ἔστι δὲ αὐτῆς κρατίστη ἡ εὐώδης",pending_llm_review,,,
SNRC-00267,DIOSC_DMM-1.109,DIOSC_DMM,Dioscorides,αραβικη μυροβαλανος,καρυωτις,unreviewed,"ὐθετοῦσι δὲ μάλιστα οἱ ἀπ᾿ Αἰγύπτου οἱ ἐκ τῶν χαμαιζήλων φοινίκων. φοῖνιξ, ὃν ἔνιοι ἐλάτην ἢ σπάθην καλοῦσι, περικάλυμμά 4 ἐστι τοῦ καρποῦ τῶν φοινίκων ἀκμὴν ἀνθούντων χρῶνται δὲ αὐτῷ οἱ μυρεψοὶ εἰς τὰς τῶν μύρων στύψεις. ἔστι δὲ αὐτῆς κρατίστη ἡ εὐώδης",pending_llm_review,,,
SNRC-00268,DIOSC_DMM-1.109,DIOSC_DMM,Dioscorides,αραβικη μυροβαλανος,κηρος,unreviewed,"ὐθετοῦσι δὲ μάλιστα οἱ ἀπ᾿ Αἰγύπτου οἱ ἐκ τῶν χαμαιζήλων φοινίκων. φοῖνιξ, ὃν ἔνιοι ἐλάτην ἢ σπάθην καλοῦσι, περικάλυμμά 4 ἐστι τοῦ καρποῦ τῶν φοινίκων ἀκμὴν ἀνθούντων χρῶνται δὲ αὐτῷ οἱ μυρεψοὶ εἰς τὰς τῶν μύρων στύψεις. ἔστι δὲ αὐτῆς κρατίστη ἡ εὐώδης",pending_llm_review,,,
SNRC-00269,DIOSC_DMM-1.109,DIOSC_DMM,Dioscorides,αραβικη μυροβαλανος,κυδωνιον,unreviewed,"ὐθετοῦσι δὲ μάλιστα οἱ ἀπ᾿ Αἰγύπτου οἱ ἐκ τῶν χαμαιζήλων φοινίκων. φοῖνιξ, ὃν ἔνιοι ἐλάτην ἢ σπάθην καλοῦσι, περικάλυμμά 4 ἐστι τοῦ καρποῦ τῶν φοινίκων ἀκμὴν ἀνθούντων χρῶνται δὲ αὐτῷ οἱ μυρεψοὶ εἰς τὰς τῶν μύρων στύψεις. ἔστι δὲ αὐτῆς κρατίστη ἡ εὐώδης",pending_llm_review,,,
SNRC-00270,DIOSC_DMM-1.109,DIOSC_DMM,Dioscorides,αραβικη μυροβαλανος,μυροβαλανος,unreviewed,"ὐθετοῦσι δὲ μάλιστα οἱ ἀπ᾿ Αἰγύπτου οἱ ἐκ τῶν χαμαιζήλων φοινίκων. φοῖνιξ, ὃν ἔνιοι ἐλάτην ἢ σπάθην καλοῦσι, περικάλυμμά 4 ἐστι τοῦ καρποῦ τῶν φοινίκων ἀκμὴν ἀνθούντων χρῶνται δὲ αὐτῷ οἱ μυρεψοὶ εἰς τὰς τῶν μύρων στύψεις. ἔστι δὲ αὐτῆς κρατίστη ἡ εὐώδης",pending_llm_review,,,
SNRC-00271,DIOSC_DMM-1.109,DIOSC_DMM,Dioscorides,αραβικη μυροβαλανος,μυρον,unreviewed,"ὐθετοῦσι δὲ μάλιστα οἱ ἀπ᾿ Αἰγύπτου οἱ ἐκ τῶν χαμαιζήλων φοινίκων. φοῖνιξ, ὃν ἔνιοι ἐλάτην ἢ σπάθην καλοῦσι, περικάλυμμά 4 ἐστι τοῦ καρποῦ τῶν φοινίκων ἀκμὴν ἀνθούντων χρῶνται δὲ αὐτῷ οἱ μυρεψοὶ εἰς τὰς τῶν μύρων στύψεις. ἔστι δὲ αὐτῆς κρατίστη ἡ εὐώδης",pending_llm_review,,,
SNRC-00272,DIOSC_DMM-1.109,DIOSC_DMM,Dioscorides,αραβικη μυροβαλανος,ναρδος,unreviewed,"ὐθετοῦσι δὲ μάλιστα οἱ ἀπ᾿ Αἰγύπτου οἱ ἐκ τῶν χαμαιζήλων φοινίκων. φοῖνιξ, ὃν ἔνιοι ἐλάτην ἢ σπάθην καλοῦσι, περικάλυμμά 4 ἐστι τοῦ καρποῦ τῶν φοινίκων ἀκμὴν ἀνθούντων χρῶνται δὲ αὐτῷ οἱ μυρεψοὶ εἰς τὰς τῶν μύρων στύψεις. ἔστι δὲ αὐτῆς κρατίστη ἡ εὐώδης",pending_llm_review,,,
SNRC-00273,DIOSC_DMM-1.109,DIOSC_DMM,Dioscorides,αραβικη μυροβαλανος,οινος,unreviewed,"ὐθετοῦσι δὲ μάλιστα οἱ ἀπ᾿ Αἰγύπτου οἱ ἐκ τῶν χαμαιζήλων φοινίκων. φοῖνιξ, ὃν ἔνιοι ἐλάτην ἢ σπάθην καλοῦσι, περικάλυμμά 4 ἐστι τοῦ καρποῦ τῶν φοινίκων ἀκμὴν ἀνθούντων χρῶνται δὲ αὐτῷ οἱ μυρεψοὶ εἰς τὰς τῶν μύρων στύψεις. ἔστι δὲ αὐτῆς κρατίστη ἡ εὐώδης",pending_llm_review,,,
SNRC-00274,DIOSC_DMM-1.109,DIOSC_DMM,Dioscorides,αραβικη μυροβαλανος,οινος αυστηρος,unreviewed,"ὐθετοῦσι δὲ μάλιστα οἱ ἀπ᾿ Αἰγύπτου οἱ ἐκ τῶν χαμαιζήλων φοινίκων. φοῖνιξ, ὃν ἔνιοι ἐλάτην ἢ σπάθην καλοῦσι, περικάλυμμά 4 ἐστι τοῦ καρποῦ τῶν φοινίκων ἀκμὴν ἀνθούντων χρῶνται δὲ αὐτῷ οἱ μυρεψοὶ εἰς τὰς τῶν μύρων στύψεις. ἔστι δὲ αὐτῆς κρατίστη ἡ εὐώδης",pending_llm_review,,,
SNRC-00275,DIOSC_DMM-1.109,DIOSC_DMM,Dioscorides,αραβικη μυροβαλανος,πτωμα,unreviewed,"ὐθετοῦσι δὲ μάλιστα οἱ ἀπ᾿ Αἰγύπτου οἱ ἐκ τῶν χαμαιζήλων φοινίκων. φοῖνιξ, ὃν ἔνιοι ἐλάτην ἢ σπάθην καλοῦσι, περικάλυμμά 4 ἐστι τοῦ καρποῦ τῶν φοινίκων ἀκμὴν ἀνθούντων χρῶνται δὲ αὐτῷ οἱ μυρεψοὶ εἰς τὰς τῶν μύρων στύψεις. ἔστι δὲ αὐτῆς κρατίστη ἡ εὐώδης",pending_llm_review,,,
SNRC-00276,DIOSC_DMM-1.109,DIOSC_DMM,Dioscorides,αραβικη μυροβαλανος,ρητινη,unreviewed,"ὐθετοῦσι δὲ μάλιστα οἱ ἀπ᾿ Αἰγύπτου οἱ ἐκ τῶν χαμαιζήλων φοινίκων. φοῖνιξ, ὃν ἔνιοι ἐλάτην ἢ σπάθην καλοῦσι, περικάλυμμά 4 ἐστι τοῦ καρποῦ τῶν φοινίκων ἀκμὴν ἀνθούντων χρῶνται δὲ αὐτῷ οἱ μυρεψοὶ εἰς τὰς τῶν μύρων στύψεις. ἔστι δὲ αὐτῆς κρατίστη ἡ εὐώδης",pending_llm_review,,,
SNRC-00277,DIOSC_DMM-1.11,DIOSC_DMM,Dioscorides,ελαφοβοσκος,ελλεβορος,unreviewed,"φοῦ, οἱ δὲ καὶ τοῦτο ἀγρίαν νάρδον καλοῦσι· γεννᾶται μὲν ἐν Πόντῳ, φύλλα δὲ ἐλαφοβόσκῳ ἢ ἱπποσελίνῳ παραπλήσια ἔχει, καυλὸν πηχυαῖον ἢ μείζω, λεῖον, τρυφερόν, ἐμπόρφυρον, μεσόκοιλον, διειλημμένον γόνασιν, ἄνθη πρὸς τὰ τοῦ ναρκίσσου, μείζονα δὲ καὶ ἐ",pending_llm_review,,,
SNRC-00278,DIOSC_DMM-1.11,DIOSC_DMM,Dioscorides,ελαφοβοσκος,εμμηνα,unreviewed,"φοῦ, οἱ δὲ καὶ τοῦτο ἀγρίαν νάρδον καλοῦσι· γεννᾶται μὲν ἐν Πόντῳ, φύλλα δὲ ἐλαφοβόσκῳ ἢ ἱπποσελίνῳ παραπλήσια ἔχει, καυλὸν πηχυαῖον ἢ μείζω, λεῖον, τρυφερόν, ἐμπόρφυρον, μεσόκοιλον, διειλημμένον γόνασιν, ἄνθη πρὸς τὰ τοῦ ναρκίσσου, μείζονα δὲ καὶ ἐ",pending_llm_review,,,
SNRC-00279,DIOSC_DMM-1.11,DIOSC_DMM,Dioscorides,ελαφοβοσκος,ιπποσελινον,unreviewed,"φοῦ, οἱ δὲ καὶ τοῦτο ἀγρίαν νάρδον καλοῦσι· γεννᾶται μὲν ἐν Πόντῳ, φύλλα δὲ ἐλαφοβόσκῳ ἢ ἱπποσελίνῳ παραπλήσια ἔχει, καυλὸν πηχυαῖον ἢ μείζω, λεῖον, τρυφερόν, ἐμπόρφυρον, μεσόκοιλον, διειλημμένον γόνασιν, ἄνθη πρὸς τὰ τοῦ ναρκίσσου, μείζονα δὲ καὶ ἐ",pending_llm_review,,,
SNRC-00280,DIOSC_DMM-1.11,DIOSC_DMM,Dioscorides,ελαφοβοσκος,μελας ελλεβορος,unreviewed,"φοῦ, οἱ δὲ καὶ τοῦτο ἀγρίαν νάρδον καλοῦσι· γεννᾶται μὲν ἐν Πόντῳ, φύλλα δὲ ἐλαφοβόσκῳ ἢ ἱπποσελίνῳ παραπλήσια ἔχει, καυλὸν πηχυαῖον ἢ μείζω, λεῖον, τρυφερόν, ἐμπόρφυρον, μεσόκοιλον, διειλημμένον γόνασιν, ἄνθη πρὸς τὰ τοῦ ναρκίσσου, μείζονα δὲ καὶ ἐ",pending_llm_review,,,
SNRC-00281,DIOSC_DMM-1.11,DIOSC_DMM,Dioscorides,ελαφοβοσκος,ναρκισσος,unreviewed,"φοῦ, οἱ δὲ καὶ τοῦτο ἀγρίαν νάρδον καλοῦσι· γεννᾶται μὲν ἐν Πόντῳ, φύλλα δὲ ἐλαφοβόσκῳ ἢ ἱπποσελίνῳ παραπλήσια ἔχει, καυλὸν πηχυαῖον ἢ μείζω, λεῖον, τρυφερόν, ἐμπόρφυρον, μεσόκοιλον, διειλημμένον γόνασιν, ἄνθη πρὸς τὰ τοῦ ναρκίσσου, μείζονα δὲ καὶ ἐ",pending_llm_review,,,
SNRC-00282,DIOSC_DMM-1.11,DIOSC_DMM,Dioscorides,ελαφοβοσκος,ναρδος,unreviewed,"φοῦ, οἱ δὲ καὶ τοῦτο ἀγρίαν νάρδον καλοῦσι· γεννᾶται μὲν ἐν Πόντῳ, φύλλα δὲ ἐλαφοβόσκῳ ἢ ἱπποσελίνῳ παραπλήσια ἔχει, καυλὸν πηχυαῖον ἢ μείζω, λεῖον, τρυφερόν, ἐμπόρφυρον, μεσόκοιλον, διειλημμένον γόνασιν, ἄνθη πρὸς τὰ τοῦ ναρκίσσου, μείζονα δὲ καὶ ἐ",pending_llm_review,,,
SNRC-00283,DIOSC_DMM-1.11,DIOSC_DMM,Dioscorides,ελαφοβοσκος,ναρδος αγρια,unreviewed,"φοῦ, οἱ δὲ καὶ τοῦτο ἀγρίαν νάρδον καλοῦσι· γεννᾶται μὲν ἐν Πόντῳ, φύλλα δὲ ἐλαφοβόσκῳ ἢ ἱπποσελίνῳ παραπλήσια ἔχει, καυλὸν πηχυαῖον ἢ μείζω, λεῖον, τρυφερόν, ἐμπόρφυρον, μεσόκοιλον, διειλημμένον γόνασιν, ἄνθη πρὸς τὰ τοῦ ναρκίσσου, μείζονα δὲ καὶ ἐ",pending_llm_review,,,
SNRC-00284,DIOSC_DMM-1.11,DIOSC_DMM,Dioscorides,ελαφοβοσκος,οξυμυρσινη,unreviewed,"φοῦ, οἱ δὲ καὶ τοῦτο ἀγρίαν νάρδον καλοῦσι· γεννᾶται μὲν ἐν Πόντῳ, φύλλα δὲ ἐλαφοβόσκῳ ἢ ἱπποσελίνῳ παραπλήσια ἔχει, καυλὸν πηχυαῖον ἢ μείζω, λεῖον, τρυφερόν, ἐμπόρφυρον, μεσόκοιλον, διειλημμένον γόνασιν, ἄνθη πρὸς τὰ τοῦ ναρκίσσου, μείζονα δὲ καὶ ἐ",pending_llm_review,,,
SNRC-00285,DIOSC_DMM-1.11,DIOSC_DMM,Dioscorides,ελαφοβοσκος,ουρον,unreviewed,"φοῦ, οἱ δὲ καὶ τοῦτο ἀγρίαν νάρδον καλοῦσι· γεννᾶται μὲν ἐν Πόντῳ, φύλλα δὲ ἐλαφοβόσκῳ ἢ ἱπποσελίνῳ παραπλήσια ἔχει, καυλὸν πηχυαῖον ἢ μείζω, λεῖον, τρυφερόν, ἐμπόρφυρον, μεσόκοιλον, διειλημμένον γόνασιν, ἄνθη πρὸς τὰ τοῦ ναρκίσσου, μείζονα δὲ καὶ ἐ",pending_llm_review,,,
SNRC-00286,DIOSC_DMM-1.11,DIOSC_DMM,Dioscorides,ελαφοβοσκος,φου,unreviewed,"φοῦ, οἱ δὲ καὶ τοῦτο ἀγρίαν νάρδον καλοῦσι· γεννᾶται μὲν ἐν Πόντῳ, φύλλα δὲ ἐλαφοβόσκῳ ἢ ἱπποσελίνῳ παραπλήσια ἔχει, καυλὸν πηχυαῖον ἢ μείζω, λεῖον, τρυφερόν, ἐμπόρφυρον, μεσόκοιλον, διειλημμένον γόνασιν, ἄνθη πρὸς τὰ τοῦ ναρκίσσου, μείζονα δὲ καὶ ἐ",pending_llm_review,,,
SNRC-00287,DIOSC_DMM-1.11,DIOSC_DMM,Dioscorides,ελαφοβοσκος,σχοινος,unreviewed,"φοῦ, οἱ δὲ καὶ τοῦτο ἀγρίαν νάρδον καλοῦσι· γεννᾶται μὲν ἐν Πόντῳ, φύλλα δὲ ἐλαφοβόσκῳ ἢ ἱπποσελίνῳ παραπλήσια ἔχει, καυλὸν πηχυαῖον ἢ μείζω, λεῖον, τρυφερόν, ἐμπόρφυρον, μεσόκοιλον, διειλημμένον γόνασιν, ἄνθη πρὸς τὰ τοῦ ναρκίσσου, μείζονα δὲ καὶ ἐ",pending_llm_review,,,
SNRC-00288,DIOSC_DMM-1.11,DIOSC_DMM,Dioscorides,ελαφοβοσκος,ανθη,unreviewed,"φοῦ, οἱ δὲ καὶ τοῦτο ἀγρίαν νάρδον καλοῦσι· γεννᾶται μὲν ἐν Πόντῳ, φύλλα δὲ ἐλαφοβόσκῳ ἢ ἱπποσελίνῳ παραπλήσια ἔχει, καυλὸν πηχυαῖον ἢ μείζω, λεῖον, τρυφερόν, ἐμπόρφυρον, μεσόκοιλον, διειλημμένον γόνασιν, ἄνθη πρὸς τὰ τοῦ ναρκίσσου, μείζονα δὲ καὶ ἐ",pending_llm_review,,,
SNRC-00289,DIOSC_DMM-1.110,DIOSC_DMM,Dioscorides,γλυκειος,μελι,unreviewed,"ς ὡς ὅτι ἐλαχίστους. χυλίζονται δὲ ὡς ἡ ὑποκιστίς. καὶ τὰ λέπη δὲ τῆς ῥόας, ἅ τινες σίδια καλοῦσι, στυπτικὴν ἔχοντα καὶ αὐτὰ τὴν δύναμιν, πρὸς ὅσα καὶ οἱ κύτινοι ἁρμόζει. τὸ δὲ ἀφέψημα τῶν ῥιζῶν ἕλμεις τὰς πλατείας ποθὲν ἐκτινάσσει καὶ ἀποκτείνει.",pending_llm_review,,,
SNRC-00290,DIOSC_DMM-1.110,DIOSC_DMM,Dioscorides,γλυκειος,οινωδης,unreviewed,"ς ὡς ὅτι ἐλαχίστους. χυλίζονται δὲ ὡς ἡ ὑποκιστίς. καὶ τὰ λέπη δὲ τῆς ῥόας, ἅ τινες σίδια καλοῦσι, στυπτικὴν ἔχοντα καὶ αὐτὰ τὴν δύναμιν, πρὸς ὅσα καὶ οἱ κύτινοι ἁρμόζει. τὸ δὲ ἀφέψημα τῶν ῥιζῶν ἕλμεις τὰς πλατείας ποθὲν ἐκτινάσσει καὶ ἀποκτείνει.",pending_llm_review,,,
SNRC-00291,DIOSC_DMM-1.110,DIOSC_DMM,Dioscorides,γλυκειος,οξυς,unreviewed,"ς ὡς ὅτι ἐλαχίστους. χυλίζονται δὲ ὡς ἡ ὑποκιστίς. καὶ τὰ λέπη δὲ τῆς ῥόας, ἅ τινες σίδια καλοῦσι, στυπτικὴν ἔχοντα καὶ αὐτὰ τὴν δύναμιν, πρὸς ὅσα καὶ οἱ κύτινοι ἁρμόζει. τὸ δὲ ἀφέψημα τῶν ῥιζῶν ἕλμεις τὰς πλατείας ποθὲν ἐκτινάσσει καὶ ἀποκτείνει.",pending_llm_review,,,
SNRC-00292,DIOSC_DMM-1.110,DIOSC_DMM,Dioscorides,γλυκειος,ροα,unreviewed,"ς ὡς ὅτι ἐλαχίστους. χυλίζονται δὲ ὡς ἡ ὑποκιστίς. καὶ τὰ λέπη δὲ τῆς ῥόας, ἅ τινες σίδια καλοῦσι, στυπτικὴν ἔχοντα καὶ αὐτὰ τὴν δύναμιν, πρὸς ὅσα καὶ οἱ κύτινοι ἁρμόζει. τὸ δὲ ἀφέψημα τῶν ῥιζῶν ἕλμεις τὰς πλατείας ποθὲν ἐκτινάσσει καὶ ἀποκτείνει.",pending_llm_review,,,
SNRC-00293,DIOSC_DMM-1.110,DIOSC_DMM,Dioscorides,γλυκειος,υδωρ,unreviewed,"ς ὡς ὅτι ἐλαχίστους. χυλίζονται δὲ ὡς ἡ ὑποκιστίς. καὶ τὰ λέπη δὲ τῆς ῥόας, ἅ τινες σίδια καλοῦσι, στυπτικὴν ἔχοντα καὶ αὐτὰ τὴν δύναμιν, πρὸς ὅσα καὶ οἱ κύτινοι ἁρμόζει. τὸ δὲ ἀφέψημα τῶν ῥιζῶν ἕλμεις τὰς πλατείας ποθὲν ἐκτινάσσει καὶ ἀποκτείνει.",pending_llm_review,,,
SNRC-00294,DIOSC_DMM-1.110,DIOSC_DMM,Dioscorides,γλυκειος,υδωρ ομβριον,unreviewed,"ς ὡς ὅτι ἐλαχίστους. χυλίζονται δὲ ὡς ἡ ὑποκιστίς. καὶ τὰ λέπη δὲ τῆς ῥόας, ἅ τινες σίδια καλοῦσι, στυπτικὴν ἔχοντα καὶ αὐτὰ τὴν δύναμιν, πρὸς ὅσα καὶ οἱ κύτινοι ἁρμόζει. τὸ δὲ ἀφέψημα τῶν ῥιζῶν ἕλμεις τὰς πλατείας ποθὲν ἐκτινάσσει καὶ ἀποκτείνει.",pending_llm_review,,,
SNRC-00295,DIOSC_DMM-1.110,DIOSC_DMM,Dioscorides,γλυκειος,ανθη,unreviewed,"ς ὡς ὅτι ἐλαχίστους. χυλίζονται δὲ ὡς ἡ ὑποκιστίς. καὶ τὰ λέπη δὲ τῆς ῥόας, ἅ τινες σίδια καλοῦσι, στυπτικὴν ἔχοντα καὶ αὐτὰ τὴν δύναμιν, πρὸς ὅσα καὶ οἱ κύτινοι ἁρμόζει. τὸ δὲ ἀφέψημα τῶν ῥιζῶν ἕλμεις τὰς πλατείας ποθὲν ἐκτινάσσει καὶ ἀποκτείνει.",pending_llm_review,,,
SNRC-00296,DIOSC_DMM-1.110,DIOSC_DMM,Dioscorides,γλυκειος,κυτινοι,unreviewed,"ς ὡς ὅτι ἐλαχίστους. χυλίζονται δὲ ὡς ἡ ὑποκιστίς. καὶ τὰ λέπη δὲ τῆς ῥόας, ἅ τινες σίδια καλοῦσι, στυπτικὴν ἔχοντα καὶ αὐτὰ τὴν δύναμιν, πρὸς ὅσα καὶ οἱ κύτινοι ἁρμόζει. τὸ δὲ ἀφέψημα τῶν ῥιζῶν ἕλμεις τὰς πλατείας ποθὲν ἐκτινάσσει καὶ ἀποκτείνει.",pending_llm_review,,,
SNRC-00297,DIOSC_DMM-1.110,DIOSC_DMM,Dioscorides,γλυκειος,λεπη,unreviewed,"ς ὡς ὅτι ἐλαχίστους. χυλίζονται δὲ ὡς ἡ ὑποκιστίς. καὶ τὰ λέπη δὲ τῆς ῥόας, ἅ τινες σίδια καλοῦσι, στυπτικὴν ἔχοντα καὶ αὐτὰ τὴν δύναμιν, πρὸς ὅσα καὶ οἱ κύτινοι ἁρμόζει. τὸ δὲ ἀφέψημα τῶν ῥιζῶν ἕλμεις τὰς πλατείας ποθὲν ἐκτινάσσει καὶ ἀποκτείνει.",pending_llm_review,,,
SNRC-00298,DIOSC_DMM-1.110,DIOSC_DMM,Dioscorides,γλυκειος,πυρην,unreviewed,"ς ὡς ὅτι ἐλαχίστους. χυλίζονται δὲ ὡς ἡ ὑποκιστίς. καὶ τὰ λέπη δὲ τῆς ῥόας, ἅ τινες σίδια καλοῦσι, στυπτικὴν ἔχοντα καὶ αὐτὰ τὴν δύναμιν, πρὸς ὅσα καὶ οἱ κύτινοι ἁρμόζει. τὸ δὲ ἀφέψημα τῶν ῥιζῶν ἕλμεις τὰς πλατείας ποθὲν ἐκτινάσσει καὶ ἀποκτείνει.",pending_llm_review,,,
SNRC-00299,DIOSC_DMM-1.110,DIOSC_DMM,Dioscorides,γλυκειος,ριζων,unreviewed,"ς ὡς ὅτι ἐλαχίστους. χυλίζονται δὲ ὡς ἡ ὑποκιστίς. καὶ τὰ λέπη δὲ τῆς ῥόας, ἅ τινες σίδια καλοῦσι, στυπτικὴν ἔχοντα καὶ αὐτὰ τὴν δύναμιν, πρὸς ὅσα καὶ οἱ κύτινοι ἁρμόζει. τὸ δὲ ἀφέψημα τῶν ῥιζῶν ἕλμεις τὰς πλατείας ποθὲν ἐκτινάσσει καὶ ἀποκτείνει.",pending_llm_review,,,
SNRC-00300,DIOSC_DMM-1.110,DIOSC_DMM,Dioscorides,γλυκειος,σιδια,unreviewed,"ς ὡς ὅτι ἐλαχίστους. χυλίζονται δὲ ὡς ἡ ὑποκιστίς. καὶ τὰ λέπη δὲ τῆς ῥόας, ἅ τινες σίδια καλοῦσι, στυπτικὴν ἔχοντα καὶ αὐτὰ τὴν δύναμιν, πρὸς ὅσα καὶ οἱ κύτινοι ἁρμόζει. τὸ δὲ ἀφέψημα τῶν ῥιζῶν ἕλμεις τὰς πλατείας ποθὲν ἐκτινάσσει καὶ ἀποκτείνει.",pending_llm_review,,,
SNRC-00301,DIOSC_DMM-1.112,DIOSC_DMM,Dioscorides,αλφιτον,ελαιον,unreviewed," τοῖς καθύγροις τῶν ἑλκῶν καὶ ῥευματιζομένοις τόποις πᾶσι καὶ κοιλιακοῖς, ἐλαίου ὀμφακίνου ἢ ῥοδίνου ὀλίγου καὶ οἴνου μεμειγμένου καὶ ἕρπησι καὶ ἐρυσιπέλασι, διδύμων τε φλεγμοναῖς καὶ ἐπινυκτίσι καὶ κονδυλώμασι. ξηρὰ δὲ λεῖα παρωνυχίαις καὶ πτερυγίοις χ",pending_llm_review,,,
SNRC-00302,DIOSC_DMM-1.112,DIOSC_DMM,Dioscorides,αλφιτον,ελαιον ομφακινον,unreviewed," τοῖς καθύγροις τῶν ἑλκῶν καὶ ῥευματιζομένοις τόποις πᾶσι καὶ κοιλιακοῖς, ἐλαίου ὀμφακίνου ἢ ῥοδίνου ὀλίγου καὶ οἴνου μεμειγμένου καὶ ἕρπησι καὶ ἐρυσιπέλασι, διδύμων τε φλεγμοναῖς καὶ ἐπινυκτίσι καὶ κονδυλώμασι. ξηρὰ δὲ λεῖα παρωνυχίαις καὶ πτερυγίοις χ",pending_llm_review,,,
SNRC-00303,DIOSC_DMM-1.112,DIOSC_DMM,Dioscorides,αλφιτον,ελαιον ροδινον,unreviewed," τοῖς καθύγροις τῶν ἑλκῶν καὶ ῥευματιζομένοις τόποις πᾶσι καὶ κοιλιακοῖς, ἐλαίου ὀμφακίνου ἢ ῥοδίνου ὀλίγου καὶ οἴνου μεμειγμένου καὶ ἕρπησι καὶ ἐρυσιπέλασι, διδύμων τε φλεγμοναῖς καὶ ἐπινυκτίσι καὶ κονδυλώμασι. ξηρὰ δὲ λεῖα παρωνυχίαις καὶ πτερυγίοις χ",pending_llm_review,,,
SNRC-00304,DIOSC_DMM-1.112,DIOSC_DMM,Dioscorides,αλφιτον,μυρτος,unreviewed," τοῖς καθύγροις τῶν ἑλκῶν καὶ ῥευματιζομένοις τόποις πᾶσι καὶ κοιλιακοῖς, ἐλαίου ὀμφακίνου ἢ ῥοδίνου ὀλίγου καὶ οἴνου μεμειγμένου καὶ ἕρπησι καὶ ἐρυσιπέλασι, διδύμων τε φλεγμοναῖς καὶ ἐπινυκτίσι καὶ κονδυλώμασι. ξηρὰ δὲ λεῖα παρωνυχίαις καὶ πτερυγίοις χ",pending_llm_review,,,
SNRC-00305,DIOSC_DMM-1.112,DIOSC_DMM,Dioscorides,αλφιτον,μυρσινη,unreviewed," τοῖς καθύγροις τῶν ἑλκῶν καὶ ῥευματιζομένοις τόποις πᾶσι καὶ κοιλιακοῖς, ἐλαίου ὀμφακίνου ἢ ῥοδίνου ὀλίγου καὶ οἴνου μεμειγμένου καὶ ἕρπησι καὶ ἐρυσιπέλασι, διδύμων τε φλεγμοναῖς καὶ ἐπινυκτίσι καὶ κονδυλώμασι. ξηρὰ δὲ λεῖα παρωνυχίαις καὶ πτερυγίοις χ",pending_llm_review,,,
SNRC-00306,DIOSC_DMM-1.112,DIOSC_DMM,Dioscorides,αλφιτον,μυρσινη ημερος,unreviewed," τοῖς καθύγροις τῶν ἑλκῶν καὶ ῥευματιζομένοις τόποις πᾶσι καὶ κοιλιακοῖς, ἐλαίου ὀμφακίνου ἢ ῥοδίνου ὀλίγου καὶ οἴνου μεμειγμένου καὶ ἕρπησι καὶ ἐρυσιπέλασι, διδύμων τε φλεγμοναῖς καὶ ἐπινυκτίσι καὶ κονδυλώμασι. ξηρὰ δὲ λεῖα παρωνυχίαις καὶ πτερυγίοις χ",pending_llm_review,,,
SNRC-00307,DIOSC_DMM-1.112,DIOSC_DMM,Dioscorides,αλφιτον,μυρσινη λευκη,unreviewed," τοῖς καθύγροις τῶν ἑλκῶν καὶ ῥευματιζομένοις τόποις πᾶσι καὶ κοιλιακοῖς, ἐλαίου ὀμφακίνου ἢ ῥοδίνου ὀλίγου καὶ οἴνου μεμειγμένου καὶ ἕρπησι καὶ ἐρυσιπέλασι, διδύμων τε φλεγμοναῖς καὶ ἐπινυκτίσι καὶ κονδυλώμασι. ξηρὰ δὲ λεῖα παρωνυχίαις καὶ πτερυγίοις χ",pending_llm_review,,,
SNRC-00308,DIOSC_DMM-1.112,DIOSC_DMM,Dioscorides,αλφιτον,μυρσινη μελαινα,unreviewed," τοῖς καθύγροις τῶν ἑλκῶν καὶ ῥευματιζομένοις τόποις πᾶσι καὶ κοιλιακοῖς, ἐλαίου ὀμφακίνου ἢ ῥοδίνου ὀλίγου καὶ οἴνου μεμειγμένου καὶ ἕρπησι καὶ ἐρυσιπέλασι, διδύμων τε φλεγμοναῖς καὶ ἐπινυκτίσι καὶ κονδυλώμασι. ξηρὰ δὲ λεῖα παρωνυχίαις καὶ πτερυγίοις χ",pending_llm_review,,,
SNRC-00309,DIOSC_DMM-1.112,DIOSC_DMM,Dioscorides,αλφιτον,μυρσινη ορεινη,unreviewed," τοῖς καθύγροις τῶν ἑλκῶν καὶ ῥευματιζομένοις τόποις πᾶσι καὶ κοιλιακοῖς, ἐλαίου ὀμφακίνου ἢ ῥοδίνου ὀλίγου καὶ οἴνου μεμειγμένου καὶ ἕρπησι καὶ ἐρυσιπέλασι, διδύμων τε φλεγμοναῖς καὶ ἐπινυκτίσι καὶ κονδυλώμασι. ξηρὰ δὲ λεῖα παρωνυχίαις καὶ πτερυγίοις χ",pending_llm_review,,,
SNRC-00310,DIOSC_DMM-1.112,DIOSC_DMM,Dioscorides,αλφιτον,οινος,unreviewed," τοῖς καθύγροις τῶν ἑλκῶν καὶ ῥευματιζομένοις τόποις πᾶσι καὶ κοιλιακοῖς, ἐλαίου ὀμφακίνου ἢ ῥοδίνου ὀλίγου καὶ οἴνου μεμειγμένου καὶ ἕρπησι καὶ ἐρυσιπέλασι, διδύμων τε φλεγμοναῖς καὶ ἐπινυκτίσι καὶ κονδυλώμασι. ξηρὰ δὲ λεῖα παρωνυχίαις καὶ πτερυγίοις χ",pending_llm_review,,,
SNRC-00311,DIOSC_DMM-1.112,DIOSC_DMM,Dioscorides,αλφιτον,οινος αυστηρος,unreviewed," τοῖς καθύγροις τῶν ἑλκῶν καὶ ῥευματιζομένοις τόποις πᾶσι καὶ κοιλιακοῖς, ἐλαίου ὀμφακίνου ἢ ῥοδίνου ὀλίγου καὶ οἴνου μεμειγμένου καὶ ἕρπησι καὶ ἐρυσιπέλασι, διδύμων τε φλεγμοναῖς καὶ ἐπινυκτίσι καὶ κονδυλώμασι. ξηρὰ δὲ λεῖα παρωνυχίαις καὶ πτερυγίοις χ",pending_llm_review,,,
SNRC-00312,DIOSC_DMM-1.112,DIOSC_DMM,Dioscorides,αλφιτον,οινος παλαιος,unreviewed," τοῖς καθύγροις τῶν ἑλκῶν καὶ ῥευματιζομένοις τόποις πᾶσι καὶ κοιλιακοῖς, ἐλαίου ὀμφακίνου ἢ ῥοδίνου ὀλίγου καὶ οἴνου μεμειγμένου καὶ ἕρπησι καὶ ἐρυσιπέλασι, διδύμων τε φλεγμοναῖς καὶ ἐπινυκτίσι καὶ κονδυλώμασι. ξηρὰ δὲ λεῖα παρωνυχίαις καὶ πτερυγίοις χ",pending_llm_review,,,
SNRC-00313,DIOSC_DMM-1.115,DIOSC_DMM,Dioscorides,βρεκοκκιον,ελαιον,unreviewed,"ἱμοπτυικοῖς καὶ χολεριῶσι, μάλιστα δʼ ὠμά· καὶ τὸ ἀπόβρεγμα δὲ αὐτῶν ἁρμόζει τοῖς στόμαχον ἢ κοιλίαν δευματιζομένοις ἐν ποτῷ. ὁ δὲ χυλὸς ὠμῶν αὐτῶν λαμβανόμενος ἀρθοπνοικοὺς 2 ὠφελεῖ, τὸ δὲ ἀφέψημα πρόσκλυσμα δακτυλίου καὶ ὑστέρας προπτώσει. τὰ δὲ ἐκ το",pending_llm_review,,,
SNRC-00314,DIOSC_DMM-1.115,DIOSC_DMM,Dioscorides,βρεκοκκιον,κεδρομηλον,unreviewed,"ἱμοπτυικοῖς καὶ χολεριῶσι, μάλιστα δʼ ὠμά· καὶ τὸ ἀπόβρεγμα δὲ αὐτῶν ἁρμόζει τοῖς στόμαχον ἢ κοιλίαν δευματιζομένοις ἐν ποτῷ. ὁ δὲ χυλὸς ὠμῶν αὐτῶν λαμβανόμενος ἀρθοπνοικοὺς 2 ὠφελεῖ, τὸ δὲ ἀφέψημα πρόσκλυσμα δακτυλίου καὶ ὑστέρας προπτώσει. τὰ δὲ ἐκ το",pending_llm_review,,,
SNRC-00315,DIOSC_DMM-1.115,DIOSC_DMM,Dioscorides,βρεκοκκιον,κιτριον,unreviewed,"ἱμοπτυικοῖς καὶ χολεριῶσι, μάλιστα δʼ ὠμά· καὶ τὸ ἀπόβρεγμα δὲ αὐτῶν ἁρμόζει τοῖς στόμαχον ἢ κοιλίαν δευματιζομένοις ἐν ποτῷ. ὁ δὲ χυλὸς ὠμῶν αὐτῶν λαμβανόμενος ἀρθοπνοικοὺς 2 ὠφελεῖ, τὸ δὲ ἀφέψημα πρόσκλυσμα δακτυλίου καὶ ὑστέρας προπτώσει. τὰ δὲ ἐκ το",pending_llm_review,,,
SNRC-00316,DIOSC_DMM-1.115,DIOSC_DMM,Dioscorides,βρεκοκκιον,κυδωνια,unreviewed,"ἱμοπτυικοῖς καὶ χολεριῶσι, μάλιστα δʼ ὠμά· καὶ τὸ ἀπόβρεγμα δὲ αὐτῶν ἁρμόζει τοῖς στόμαχον ἢ κοιλίαν δευματιζομένοις ἐν ποτῷ. ὁ δὲ χυλὸς ὠμῶν αὐτῶν λαμβανόμενος ἀρθοπνοικοὺς 2 ὠφελεῖ, τὸ δὲ ἀφέψημα πρόσκλυσμα δακτυλίου καὶ ὑστέρας προπτώσει. τὰ δὲ ἐκ το",pending_llm_review,,,
SNRC-00317,DIOSC_DMM-1.115,DIOSC_DMM,Dioscorides,βρεκοκκιον,κυδωνιον,unreviewed,"ἱμοπτυικοῖς καὶ χολεριῶσι, μάλιστα δʼ ὠμά· καὶ τὸ ἀπόβρεγμα δὲ αὐτῶν ἁρμόζει τοῖς στόμαχον ἢ κοιλίαν δευματιζομένοις ἐν ποτῷ. ὁ δὲ χυλὸς ὠμῶν αὐτῶν λαμβανόμενος ἀρθοπνοικοὺς 2 ὠφελεῖ, τὸ δὲ ἀφέψημα πρόσκλυσμα δακτυλίου καὶ ὑστέρας προπτώσει. τὰ δὲ ἐκ το",pending_llm_review,,,
SNRC-00318,DIOSC_DMM-1.115,DIOSC_DMM,Dioscorides,βρεκοκκιον,μελι,unreviewed,"ἱμοπτυικοῖς καὶ χολεριῶσι, μάλιστα δʼ ὠμά· καὶ τὸ ἀπόβρεγμα δὲ αὐτῶν ἁρμόζει τοῖς στόμαχον ἢ κοιλίαν δευματιζομένοις ἐν ποτῷ. ὁ δὲ χυλὸς ὠμῶν αὐτῶν λαμβανόμενος ἀρθοπνοικοὺς 2 ὠφελεῖ, τὸ δὲ ἀφέψημα πρόσκλυσμα δακτυλίου καὶ ὑστέρας προπτώσει. τὰ δὲ ἐκ το",pending_llm_review,,,
SNRC-00319,DIOSC_DMM-1.115,DIOSC_DMM,Dioscorides,βρεκοκκιον,μηλεα,unreviewed,"ἱμοπτυικοῖς καὶ χολεριῶσι, μάλιστα δʼ ὠμά· καὶ τὸ ἀπόβρεγμα δὲ αὐτῶν ἁρμόζει τοῖς στόμαχον ἢ κοιλίαν δευματιζομένοις ἐν ποτῷ. ὁ δὲ χυλὸς ὠμῶν αὐτῶν λαμβανόμενος ἀρθοπνοικοὺς 2 ὠφελεῖ, τὸ δὲ ἀφέψημα πρόσκλυσμα δακτυλίου καὶ ὑστέρας προπτώσει. τὰ δὲ ἐκ το",pending_llm_review,,,
SNRC-00320,DIOSC_DMM-1.115,DIOSC_DMM,Dioscorides,βρεκοκκιον,μηλον,unreviewed,"ἱμοπτυικοῖς καὶ χολεριῶσι, μάλιστα δʼ ὠμά· καὶ τὸ ἀπόβρεγμα δὲ αὐτῶν ἁρμόζει τοῖς στόμαχον ἢ κοιλίαν δευματιζομένοις ἐν ποτῷ. ὁ δὲ χυλὸς ὠμῶν αὐτῶν λαμβανόμενος ἀρθοπνοικοὺς 2 ὠφελεῖ, τὸ δὲ ἀφέψημα πρόσκλυσμα δακτυλίου καὶ ὑστέρας προπτώσει. τὰ δὲ ἐκ το",pending_llm_review,,,
SNRC-00321,DIOSC_DMM-1.115,DIOSC_DMM,Dioscorides,βρεκοκκιον,οινος,unreviewed,"ἱμοπτυικοῖς καὶ χολεριῶσι, μάλιστα δʼ ὠμά· καὶ τὸ ἀπόβρεγμα δὲ αὐτῶν ἁρμόζει τοῖς στόμαχον ἢ κοιλίαν δευματιζομένοις ἐν ποτῷ. ὁ δὲ χυλὸς ὠμῶν αὐτῶν λαμβανόμενος ἀρθοπνοικοὺς 2 ὠφελεῖ, τὸ δὲ ἀφέψημα πρόσκλυσμα δακτυλίου καὶ ὑστέρας προπτώσει. τὰ δὲ ἐκ το",pending_llm_review,,,
SNRC-00322,DIOSC_DMM-1.115,DIOSC_DMM,Dioscorides,βρεκοκκιον,ορβικλατον,unreviewed,"ἱμοπτυικοῖς καὶ χολεριῶσι, μάλιστα δʼ ὠμά· καὶ τὸ ἀπόβρεγμα δὲ αὐτῶν ἁρμόζει τοῖς στόμαχον ἢ κοιλίαν δευματιζομένοις ἐν ποτῷ. ὁ δὲ χυλὸς ὠμῶν αὐτῶν λαμβανόμενος ἀρθοπνοικοὺς 2 ὠφελεῖ, τὸ δὲ ἀφέψημα πρόσκλυσμα δακτυλίου καὶ ὑστέρας προπτώσει. τὰ δὲ ἐκ το",pending_llm_review,,,
SNRC-00323,DIOSC_DMM-1.115,DIOSC_DMM,Dioscorides,βρεκοκκιον,περσικον μηλον,unreviewed,"ἱμοπτυικοῖς καὶ χολεριῶσι, μάλιστα δʼ ὠμά· καὶ τὸ ἀπόβρεγμα δὲ αὐτῶν ἁρμόζει τοῖς στόμαχον ἢ κοιλίαν δευματιζομένοις ἐν ποτῷ. ὁ δὲ χυλὸς ὠμῶν αὐτῶν λαμβανόμενος ἀρθοπνοικοὺς 2 ὠφελεῖ, τὸ δὲ ἀφέψημα πρόσκλυσμα δακτυλίου καὶ ὑστέρας προπτώσει. τὰ δὲ ἐκ το",pending_llm_review,,,
SNRC-00324,DIOSC_DMM-1.115,DIOSC_DMM,Dioscorides,βρεκοκκιον,στρουθιον,unreviewed,"ἱμοπτυικοῖς καὶ χολεριῶσι, μάλιστα δʼ ὠμά· καὶ τὸ ἀπόβρεγμα δὲ αὐτῶν ἁρμόζει τοῖς στόμαχον ἢ κοιλίαν δευματιζομένοις ἐν ποτῷ. ὁ δὲ χυλὸς ὠμῶν αὐτῶν λαμβανόμενος ἀρθοπνοικοὺς 2 ὠφελεῖ, τὸ δὲ ἀφέψημα πρόσκλυσμα δακτυλίου καὶ ὑστέρας προπτώσει. τὰ δὲ ἐκ το",pending_llm_review,,,
SNRC-00325,DIOSC_DMM-1.116,DIOSC_DMM,Dioscorides,αγρια απιος,αχρας,unreviewed,"αὐτῆς. ἡ δὲ ἐκ τοῦ ξύλου αὐτῶν τέφρα βοηθεῖ ἐνεργῶς τοῖς ὑπὸ μυκήτων πνιγομένοις. φασὶ δέ τινες ὅτι, κἂν συνεψήσῃ τις ἀχράδας μύκησιν, ἀβλαβεῖς αὐτοὺς γίνεσθαι.",pending_llm_review,,,
SNRC-00326,DIOSC_DMM-1.116,DIOSC_DMM,Dioscorides,αγρια απιος,απιος,unreviewed,"αὐτῆς. ἡ δὲ ἐκ τοῦ ξύλου αὐτῶν τέφρα βοηθεῖ ἐνεργῶς τοῖς ὑπὸ μυκήτων πνιγομένοις. φασὶ δέ τινες ὅτι, κἂν συνεψήσῃ τις ἀχράδας μύκησιν, ἀβλαβεῖς αὐτοὺς γίνεσθαι.",pending_llm_review,,,
SNRC-00327,DIOSC_DMM-1.116,DIOSC_DMM,Dioscorides,αγρια απιος,μυκης,unreviewed,"αὐτῆς. ἡ δὲ ἐκ τοῦ ξύλου αὐτῶν τέφρα βοηθεῖ ἐνεργῶς τοῖς ὑπὸ μυκήτων πνιγομένοις. φασὶ δέ τινες ὅτι, κἂν συνεψήσῃ τις ἀχράδας μύκησιν, ἀβλαβεῖς αὐτοὺς γίνεσθαι.",pending_llm_review,,,
SNRC-00328,DIOSC_DMM-1.116,DIOSC_DMM,Dioscorides,αγρια απιος,ξυλου,unreviewed,"αὐτῆς. ἡ δὲ ἐκ τοῦ ξύλου αὐτῶν τέφρα βοηθεῖ ἐνεργῶς τοῖς ὑπὸ μυκήτων πνιγομένοις. φασὶ δέ τινες ὅτι, κἂν συνεψήσῃ τις ἀχράδας μύκησιν, ἀβλαβεῖς αὐτοὺς γίνεσθαι.",pending_llm_review,,,
SNRC-00329,DIOSC_DMM-1.116,DIOSC_DMM,Dioscorides,αγρια απιος,φυλλα,unreviewed,"αὐτῆς. ἡ δὲ ἐκ τοῦ ξύλου αὐτῶν τέφρα βοηθεῖ ἐνεργῶς τοῖς ὑπὸ μυκήτων πνιγομένοις. φασὶ δέ τινες ὅτι, κἂν συνεψήσῃ τις ἀχράδας μύκησιν, ἀβλαβεῖς αὐτοὺς γίνεσθαι.",pending_llm_review,,,
SNRC-00330,DIOSC_DMM-1.116,DIOSC_DMM,Dioscorides,αχρας,απιος,unreviewed,"αὐτῆς. ἡ δὲ ἐκ τοῦ ξύλου αὐτῶν τέφρα βοηθεῖ ἐνεργῶς τοῖς ὑπὸ μυκήτων πνιγομένοις. φασὶ δέ τινες ὅτι, κἂν συνεψήσῃ τις ἀχράδας μύκησιν, ἀβλαβεῖς αὐτοὺς γίνεσθαι.",pending_llm_review,,,
SNRC-00331,DIOSC_DMM-1.116,DIOSC_DMM,Dioscorides,αχρας,μυκης,unreviewed,"αὐτῆς. ἡ δὲ ἐκ τοῦ ξύλου αὐτῶν τέφρα βοηθεῖ ἐνεργῶς τοῖς ὑπὸ μυκήτων πνιγομένοις. φασὶ δέ τινες ὅτι, κἂν συνεψήσῃ τις ἀχράδας μύκησιν, ἀβλαβεῖς αὐτοὺς γίνεσθαι.",pending_llm_review,,,
SNRC-00332,DIOSC_DMM-1.116,DIOSC_DMM,Dioscorides,αχρας,ξυλου,unreviewed,"αὐτῆς. ἡ δὲ ἐκ τοῦ ξύλου αὐτῶν τέφρα βοηθεῖ ἐνεργῶς τοῖς ὑπὸ μυκήτων πνιγομένοις. φασὶ δέ τινες ὅτι, κἂν συνεψήσῃ τις ἀχράδας μύκησιν, ἀβλαβεῖς αὐτοὺς γίνεσθαι.",pending_llm_review,,,
SNRC-00333,DIOSC_DMM-1.116,DIOSC_DMM,Dioscorides,αχρας,φυλλα,unreviewed,"αὐτῆς. ἡ δὲ ἐκ τοῦ ξύλου αὐτῶν τέφρα βοηθεῖ ἐνεργῶς τοῖς ὑπὸ μυκήτων πνιγομένοις. φασὶ δέ τινες ὅτι, κἂν συνεψήσῃ τις ἀχράδας μύκησιν, ἀβλαβεῖς αὐτοὺς γίνεσθαι.",pending_llm_review,,,
SNRC-00334,DIOSC_DMM-1.116,DIOSC_DMM,Dioscorides,απιος,μυκης,unreviewed,"αὐτῆς. ἡ δὲ ἐκ τοῦ ξύλου αὐτῶν τέφρα βοηθεῖ ἐνεργῶς τοῖς ὑπὸ μυκήτων πνιγομένοις. φασὶ δέ τινες ὅτι, κἂν συνεψήσῃ τις ἀχράδας μύκησιν, ἀβλαβεῖς αὐτοὺς γίνεσθαι.",pending_llm_review,,,
SNRC-00335,DIOSC_DMM-1.116,DIOSC_DMM,Dioscorides,απιος,ξυλου,unreviewed,"αὐτῆς. ἡ δὲ ἐκ τοῦ ξύλου αὐτῶν τέφρα βοηθεῖ ἐνεργῶς τοῖς ὑπὸ μυκήτων πνιγομένοις. φασὶ δέ τινες ὅτι, κἂν συνεψήσῃ τις ἀχράδας μύκησιν, ἀβλαβεῖς αὐτοὺς γίνεσθαι.",pending_llm_review,,,
SNRC-00336,DIOSC_DMM-1.116,DIOSC_DMM,Dioscorides,απιος,φυλλα,unreviewed,"αὐτῆς. ἡ δὲ ἐκ τοῦ ξύλου αὐτῶν τέφρα βοηθεῖ ἐνεργῶς τοῖς ὑπὸ μυκήτων πνιγομένοις. φασὶ δέ τινες ὅτι, κἂν συνεψήσῃ τις ἀχράδας μύκησιν, ἀβλαβεῖς αὐτοὺς γίνεσθαι.",pending_llm_review,,,
SNRC-00337,DIOSC_DMM-1.118,DIOSC_DMM,Dioscorides,αρωνια,μεσπιλον,unreviewed,"ς, κοιλίας στεγνωτικός. ἔστι δὲ καὶ ἕτερον εἷδος ἐν Ἰταλίᾳ γεννώμενον, ὃ ἔνιοι πιμηλ ίδα, οἱ δὲ σητάνιον ὀνομάζουσι· δένδρον μήλῳ ἐμφερὲς καὶ τοῖς φύλλοις, ὅτι μὴ μικρότερον. καρπὸν δὲ ἔχει καὶ τοῦτο στρογγύλον, βρώσιμον, πλατὺν ἔχοντα τὸν πυθμένα, ὑποστύ",pending_llm_review,,,
SNRC-00338,DIOSC_DMM-1.118,DIOSC_DMM,Dioscorides,αρωνια,πιμηλις,unreviewed,"ς, κοιλίας στεγνωτικός. ἔστι δὲ καὶ ἕτερον εἷδος ἐν Ἰταλίᾳ γεννώμενον, ὃ ἔνιοι πιμηλ ίδα, οἱ δὲ σητάνιον ὀνομάζουσι· δένδρον μήλῳ ἐμφερὲς καὶ τοῖς φύλλοις, ὅτι μὴ μικρότερον. καρπὸν δὲ ἔχει καὶ τοῦτο στρογγύλον, βρώσιμον, πλατὺν ἔχοντα τὸν πυθμένα, ὑποστύ",pending_llm_review,,,
SNRC-00339,DIOSC_DMM-1.118,DIOSC_DMM,Dioscorides,αρωνια,πυρακανθη,unreviewed,"ς, κοιλίας στεγνωτικός. ἔστι δὲ καὶ ἕτερον εἷδος ἐν Ἰταλίᾳ γεννώμενον, ὃ ἔνιοι πιμηλ ίδα, οἱ δὲ σητάνιον ὀνομάζουσι· δένδρον μήλῳ ἐμφερὲς καὶ τοῖς φύλλοις, ὅτι μὴ μικρότερον. καρπὸν δὲ ἔχει καὶ τοῦτο στρογγύλον, βρώσιμον, πλατὺν ἔχοντα τὸν πυθμένα, ὑποστύ",pending_llm_review,,,
SNRC-00340,DIOSC_DMM-1.118,DIOSC_DMM,Dioscorides,αρωνια,σητανιον,unreviewed,"ς, κοιλίας στεγνωτικός. ἔστι δὲ καὶ ἕτερον εἷδος ἐν Ἰταλίᾳ γεννώμενον, ὃ ἔνιοι πιμηλ ίδα, οἱ δὲ σητάνιον ὀνομάζουσι· δένδρον μήλῳ ἐμφερὲς καὶ τοῖς φύλλοις, ὅτι μὴ μικρότερον. καρπὸν δὲ ἔχει καὶ τοῦτο στρογγύλον, βρώσιμον, πλατὺν ἔχοντα τὸν πυθμένα, ὑποστύ",pending_llm_review,,,
SNRC-00341,DIOSC_DMM-1.118,DIOSC_DMM,Dioscorides,αρωνια,τρικοκκον,unreviewed,"ς, κοιλίας στεγνωτικός. ἔστι δὲ καὶ ἕτερον εἷδος ἐν Ἰταλίᾳ γεννώμενον, ὃ ἔνιοι πιμηλ ίδα, οἱ δὲ σητάνιον ὀνομάζουσι· δένδρον μήλῳ ἐμφερὲς καὶ τοῖς φύλλοις, ὅτι μὴ μικρότερον. καρπὸν δὲ ἔχει καὶ τοῦτο στρογγύλον, βρώσιμον, πλατὺν ἔχοντα τὸν πυθμένα, ὑποστύ",pending_llm_review,,,
SNRC-00342,DIOSC_DMM-1.118,DIOSC_DMM,Dioscorides,μεσπιλον,πιμηλις,unreviewed,"ς, κοιλίας στεγνωτικός. ἔστι δὲ καὶ ἕτερον εἷδος ἐν Ἰταλίᾳ γεννώμενον, ὃ ἔνιοι πιμηλ ίδα, οἱ δὲ σητάνιον ὀνομάζουσι· δένδρον μήλῳ ἐμφερὲς καὶ τοῖς φύλλοις, ὅτι μὴ μικρότερον. καρπὸν δὲ ἔχει καὶ τοῦτο στρογγύλον, βρώσιμον, πλατὺν ἔχοντα τὸν πυθμένα, ὑποστύ",pending_llm_review,,,
SNRC-00343,DIOSC_DMM-1.118,DIOSC_DMM,Dioscorides,μεσπιλον,πυρακανθη,unreviewed,"ς, κοιλίας στεγνωτικός. ἔστι δὲ καὶ ἕτερον εἷδος ἐν Ἰταλίᾳ γεννώμενον, ὃ ἔνιοι πιμηλ ίδα, οἱ δὲ σητάνιον ὀνομάζουσι· δένδρον μήλῳ ἐμφερὲς καὶ τοῖς φύλλοις, ὅτι μὴ μικρότερον. καρπὸν δὲ ἔχει καὶ τοῦτο στρογγύλον, βρώσιμον, πλατὺν ἔχοντα τὸν πυθμένα, ὑποστύ",pending_llm_review,,,
SNRC-00344,DIOSC_DMM-1.118,DIOSC_DMM,Dioscorides,μεσπιλον,σητανιον,unreviewed,"ς, κοιλίας στεγνωτικός. ἔστι δὲ καὶ ἕτερον εἷδος ἐν Ἰταλίᾳ γεννώμενον, ὃ ἔνιοι πιμηλ ίδα, οἱ δὲ σητάνιον ὀνομάζουσι· δένδρον μήλῳ ἐμφερὲς καὶ τοῖς φύλλοις, ὅτι μὴ μικρότερον. καρπὸν δὲ ἔχει καὶ τοῦτο στρογγύλον, βρώσιμον, πλατὺν ἔχοντα τὸν πυθμένα, ὑποστύ",pending_llm_review,,,
SNRC-00345,DIOSC_DMM-1.118,DIOSC_DMM,Dioscorides,μεσπιλον,τρικοκκον,unreviewed,"ς, κοιλίας στεγνωτικός. ἔστι δὲ καὶ ἕτερον εἷδος ἐν Ἰταλίᾳ γεννώμενον, ὃ ἔνιοι πιμηλ ίδα, οἱ δὲ σητάνιον ὀνομάζουσι· δένδρον μήλῳ ἐμφερὲς καὶ τοῖς φύλλοις, ὅτι μὴ μικρότερον. καρπὸν δὲ ἔχει καὶ τοῦτο στρογγύλον, βρώσιμον, πλατὺν ἔχοντα τὸν πυθμένα, ὑποστύ",pending_llm_review,,,
SNRC-00346,DIOSC_DMM-1.118,DIOSC_DMM,Dioscorides,πιμηλις,πυρακανθη,unreviewed,"ς, κοιλίας στεγνωτικός. ἔστι δὲ καὶ ἕτερον εἷδος ἐν Ἰταλίᾳ γεννώμενον, ὃ ἔνιοι πιμηλ ίδα, οἱ δὲ σητάνιον ὀνομάζουσι· δένδρον μήλῳ ἐμφερὲς καὶ τοῖς φύλλοις, ὅτι μὴ μικρότερον. καρπὸν δὲ ἔχει καὶ τοῦτο στρογγύλον, βρώσιμον, πλατὺν ἔχοντα τὸν πυθμένα, ὑποστύ",pending_llm_review,,,
SNRC-00347,DIOSC_DMM-1.118,DIOSC_DMM,Dioscorides,πιμηλις,σητανιον,unreviewed,"ς, κοιλίας στεγνωτικός. ἔστι δὲ καὶ ἕτερον εἷδος ἐν Ἰταλίᾳ γεννώμενον, ὃ ἔνιοι πιμηλ ίδα, οἱ δὲ σητάνιον ὀνομάζουσι· δένδρον μήλῳ ἐμφερὲς καὶ τοῖς φύλλοις, ὅτι μὴ μικρότερον. καρπὸν δὲ ἔχει καὶ τοῦτο στρογγύλον, βρώσιμον, πλατὺν ἔχοντα τὸν πυθμένα, ὑποστύ",pending_llm_review,,,
SNRC-00348,DIOSC_DMM-1.118,DIOSC_DMM,Dioscorides,πιμηλις,τρικοκκον,unreviewed,"ς, κοιλίας στεγνωτικός. ἔστι δὲ καὶ ἕτερον εἷδος ἐν Ἰταλίᾳ γεννώμενον, ὃ ἔνιοι πιμηλ ίδα, οἱ δὲ σητάνιον ὀνομάζουσι· δένδρον μήλῳ ἐμφερὲς καὶ τοῖς φύλλοις, ὅτι μὴ μικρότερον. καρπὸν δὲ ἔχει καὶ τοῦτο στρογγύλον, βρώσιμον, πλατὺν ἔχοντα τὸν πυθμένα, ὑποστύ",pending_llm_review,,,
SNRC-00349,DIOSC_DMM-1.119,DIOSC_DMM,Dioscorides,ελαια,κρανια,unreviewed,"ρον ἐστὶν ἁδρόν, καρπὸν φέρον ὡς ἐλαίας, ἐπιμήκη, χλωρὸν τὸ πρῶτον, πεπαινόμενον δὲ ξανθὸν ἢ κηροειδῆ, ἐδώδιμον, στύφοντα, ἁρμόζοντα πρὸς κοιλίας ῥύσιν καὶ δυσεντερίαν, συντιθέμενον καὶ εἰς ἕψημα καὶ εἰς βρῶσιν καὶ ἁλμεύεται δὲ ὡς ἐλαία. ὁ δʼ ἐκ τῶν χλω",pending_llm_review,,,
SNRC-00350,DIOSC_DMM-1.119,DIOSC_DMM,Dioscorides,ελαια,καρπον,unreviewed,"ρον ἐστὶν ἁδρόν, καρπὸν φέρον ὡς ἐλαίας, ἐπιμήκη, χλωρὸν τὸ πρῶτον, πεπαινόμενον δὲ ξανθὸν ἢ κηροειδῆ, ἐδώδιμον, στύφοντα, ἁρμόζοντα πρὸς κοιλίας ῥύσιν καὶ δυσεντερίαν, συντιθέμενον καὶ εἰς ἕψημα καὶ εἰς βρῶσιν καὶ ἁλμεύεται δὲ ὡς ἐλαία. ὁ δʼ ἐκ τῶν χλω",pending_llm_review,,,
SNRC-00351,DIOSC_DMM-1.119,DIOSC_DMM,Dioscorides,ελαια,ξυλων,unreviewed,"ρον ἐστὶν ἁδρόν, καρπὸν φέρον ὡς ἐλαίας, ἐπιμήκη, χλωρὸν τὸ πρῶτον, πεπαινόμενον δὲ ξανθὸν ἢ κηροειδῆ, ἐδώδιμον, στύφοντα, ἁρμόζοντα πρὸς κοιλίας ῥύσιν καὶ δυσεντερίαν, συντιθέμενον καὶ εἰς ἕψημα καὶ εἰς βρῶσιν καὶ ἁλμεύεται δὲ ὡς ἐλαία. ὁ δʼ ἐκ τῶν χλω",pending_llm_review,,,
SNRC-00352,DIOSC_DMM-1.119,DIOSC_DMM,Dioscorides,κρανια,καρπον,unreviewed,"ρον ἐστὶν ἁδρόν, καρπὸν φέρον ὡς ἐλαίας, ἐπιμήκη, χλωρὸν τὸ πρῶτον, πεπαινόμενον δὲ ξανθὸν ἢ κηροειδῆ, ἐδώδιμον, στύφοντα, ἁρμόζοντα πρὸς κοιλίας ῥύσιν καὶ δυσεντερίαν, συντιθέμενον καὶ εἰς ἕψημα καὶ εἰς βρῶσιν καὶ ἁλμεύεται δὲ ὡς ἐλαία. ὁ δʼ ἐκ τῶν χλω",pending_llm_review,,,
SNRC-00353,DIOSC_DMM-1.119,DIOSC_DMM,Dioscorides,κρανια,ξυλων,unreviewed,"ρον ἐστὶν ἁδρόν, καρπὸν φέρον ὡς ἐλαίας, ἐπιμήκη, χλωρὸν τὸ πρῶτον, πεπαινόμενον δὲ ξανθὸν ἢ κηροειδῆ, ἐδώδιμον, στύφοντα, ἁρμόζοντα πρὸς κοιλίας ῥύσιν καὶ δυσεντερίαν, συντιθέμενον καὶ εἰς ἕψημα καὶ εἰς βρῶσιν καὶ ἁλμεύεται δὲ ὡς ἐλαία. ὁ δʼ ἐκ τῶν χλω",pending_llm_review,,,
SNRC-00354,DIOSC_DMM-1.119,DIOSC_DMM,Dioscorides,καρπον,ξυλων,unreviewed,"ρον ἐστὶν ἁδρόν, καρπὸν φέρον ὡς ἐλαίας, ἐπιμήκη, χλωρὸν τὸ πρῶτον, πεπαινόμενον δὲ ξανθὸν ἢ κηροειδῆ, ἐδώδιμον, στύφοντα, ἁρμόζοντα πρὸς κοιλίας ῥύσιν καὶ δυσεντερίαν, συντιθέμενον καὶ εἰς ἕψημα καὶ εἰς βρῶσιν καὶ ἁλμεύεται δὲ ὡς ἐλαία. ὁ δʼ ἐκ τῶν χλω",pending_llm_review,,,
SNRC-00355,DIOSC_DMM-1.102,DIOSC_DMM,Dioscorides,αμοργη,,unreviewed,ἀμόργη,pending_llm_review,,,
SNRC-00356,DIOSC_DMM-1.103,DIOSC_DMM,Dioscorides,αγνος,,unreviewed,ἄγνος,pending_llm_review,,,
SNRC-00357,DIOSC_DMM-1.104,DIOSC_DMM,Dioscorides,ιτεα,,unreviewed,ἰτέα,pending_llm_review,,,
SNRC-00358,DIOSC_DMM-1.111,DIOSC_DMM,Dioscorides,αγρια ροα,,unreviewed,βαλαύστιον,pending_llm_review,,,
SNRC-00359,GAL_ALIM-1.11,GAL_ALIM,Galen,αυστηρος οινος,γλυκυς οινος,unreviewed,ὶ οἰνομέλιτι κεκραμένοις ἐν ὕδατι καί ποτε καὶ ὕδατι μόνῳ καὶ πίνειν ἐν τῷ θέρει πρὸ δυοῖν ἢ τριῶν ὡρῶν τοῦ λουτροῦ καί φασιν αἰσθάνεσθαι τοῦ πόματος ἀδίψου. δι' οἴνου γε μὴν αὐστηροῦ ποθέντα ξηραίνει γαστέρα. χρῶνται δ' ἀλφίτοις ἔν τισι τῶν ἐθνῶν ἐν ἄρ,pending_llm_review,,,
SNRC-00360,GAL_ALIM-1.11,GAL_ALIM,Galen,αυστηρος οινος,κριθη,unreviewed,ὶ οἰνομέλιτι κεκραμένοις ἐν ὕδατι καί ποτε καὶ ὕδατι μόνῳ καὶ πίνειν ἐν τῷ θέρει πρὸ δυοῖν ἢ τριῶν ὡρῶν τοῦ λουτροῦ καί φασιν αἰσθάνεσθαι τοῦ πόματος ἀδίψου. δι' οἴνου γε μὴν αὐστηροῦ ποθέντα ξηραίνει γαστέρα. χρῶνται δ' ἀλφίτοις ἔν τισι τῶν ἐθνῶν ἐν ἄρ,pending_llm_review,,,
SNRC-00361,GAL_ALIM-1.11,GAL_ALIM,Galen,αυστηρος οινος,νεα κριθη,unreviewed,ὶ οἰνομέλιτι κεκραμένοις ἐν ὕδατι καί ποτε καὶ ὕδατι μόνῳ καὶ πίνειν ἐν τῷ θέρει πρὸ δυοῖν ἢ τριῶν ὡρῶν τοῦ λουτροῦ καί φασιν αἰσθάνεσθαι τοῦ πόματος ἀδίψου. δι' οἴνου γε μὴν αὐστηροῦ ποθέντα ξηραίνει γαστέρα. χρῶνται δ' ἀλφίτοις ἔν τισι τῶν ἐθνῶν ἐν ἄρ,pending_llm_review,,,
SNRC-00362,GAL_ALIM-1.11,GAL_ALIM,Galen,αυστηρος οινος,οινος,unreviewed,ὶ οἰνομέλιτι κεκραμένοις ἐν ὕδατι καί ποτε καὶ ὕδατι μόνῳ καὶ πίνειν ἐν τῷ θέρει πρὸ δυοῖν ἢ τριῶν ὡρῶν τοῦ λουτροῦ καί φασιν αἰσθάνεσθαι τοῦ πόματος ἀδίψου. δι' οἴνου γε μὴν αὐστηροῦ ποθέντα ξηραίνει γαστέρα. χρῶνται δ' ἀλφίτοις ἔν τισι τῶν ἐθνῶν ἐν ἄρ,pending_llm_review,,,
SNRC-00363,GAL_ALIM-1.11,GAL_ALIM,Galen,αυστηρος οινος,σιτος,unreviewed,ὶ οἰνομέλιτι κεκραμένοις ἐν ὕδατι καί ποτε καὶ ὕδατι μόνῳ καὶ πίνειν ἐν τῷ θέρει πρὸ δυοῖν ἢ τριῶν ὡρῶν τοῦ λουτροῦ καί φασιν αἰσθάνεσθαι τοῦ πόματος ἀδίψου. δι' οἴνου γε μὴν αὐστηροῦ ποθέντα ξηραίνει γαστέρα. χρῶνται δ' ἀλφίτοις ἔν τισι τῶν ἐθνῶν ἐν ἄρ,pending_llm_review,,,
SNRC-00364,GAL_ALIM-1.11,GAL_ALIM,Galen,αυστηρος οινος,υδωρ,unreviewed,ὶ οἰνομέλιτι κεκραμένοις ἐν ὕδατι καί ποτε καὶ ὕδατι μόνῳ καὶ πίνειν ἐν τῷ θέρει πρὸ δυοῖν ἢ τριῶν ὡρῶν τοῦ λουτροῦ καί φασιν αἰσθάνεσθαι τοῦ πόματος ἀδίψου. δι' οἴνου γε μὴν αὐστηροῦ ποθέντα ξηραίνει γαστέρα. χρῶνται δ' ἀλφίτοις ἔν τισι τῶν ἐθνῶν ἐν ἄρ,pending_llm_review,,,
SNRC-00365,GAL_ALIM-1.11,GAL_ALIM,Galen,αυστηρος οινος,σταχυν,unreviewed,ὶ οἰνομέλιτι κεκραμένοις ἐν ὕδατι καί ποτε καὶ ὕδατι μόνῳ καὶ πίνειν ἐν τῷ θέρει πρὸ δυοῖν ἢ τριῶν ὡρῶν τοῦ λουτροῦ καί φασιν αἰσθάνεσθαι τοῦ πόματος ἀδίψου. δι' οἴνου γε μὴν αὐστηροῦ ποθέντα ξηραίνει γαστέρα. χρῶνται δ' ἀλφίτοις ἔν τισι τῶν ἐθνῶν ἐν ἄρ,pending_llm_review,,,
SNRC-00366,GAL_ALIM-1.11,GAL_ALIM,Galen,γλυκυς οινος,κριθη,unreviewed,ὶ οἰνομέλιτι κεκραμένοις ἐν ὕδατι καί ποτε καὶ ὕδατι μόνῳ καὶ πίνειν ἐν τῷ θέρει πρὸ δυοῖν ἢ τριῶν ὡρῶν τοῦ λουτροῦ καί φασιν αἰσθάνεσθαι τοῦ πόματος ἀδίψου. δι' οἴνου γε μὴν αὐστηροῦ ποθέντα ξηραίνει γαστέρα. χρῶνται δ' ἀλφίτοις ἔν τισι τῶν ἐθνῶν ἐν ἄρ,pending_llm_review,,,
SNRC-00367,GAL_ALIM-1.11,GAL_ALIM,Galen,γλυκυς οινος,νεα κριθη,unreviewed,ὶ οἰνομέλιτι κεκραμένοις ἐν ὕδατι καί ποτε καὶ ὕδατι μόνῳ καὶ πίνειν ἐν τῷ θέρει πρὸ δυοῖν ἢ τριῶν ὡρῶν τοῦ λουτροῦ καί φασιν αἰσθάνεσθαι τοῦ πόματος ἀδίψου. δι' οἴνου γε μὴν αὐστηροῦ ποθέντα ξηραίνει γαστέρα. χρῶνται δ' ἀλφίτοις ἔν τισι τῶν ἐθνῶν ἐν ἄρ,pending_llm_review,,,
SNRC-00368,GAL_ALIM-1.11,GAL_ALIM,Galen,γλυκυς οινος,οινος,unreviewed,ὶ οἰνομέλιτι κεκραμένοις ἐν ὕδατι καί ποτε καὶ ὕδατι μόνῳ καὶ πίνειν ἐν τῷ θέρει πρὸ δυοῖν ἢ τριῶν ὡρῶν τοῦ λουτροῦ καί φασιν αἰσθάνεσθαι τοῦ πόματος ἀδίψου. δι' οἴνου γε μὴν αὐστηροῦ ποθέντα ξηραίνει γαστέρα. χρῶνται δ' ἀλφίτοις ἔν τισι τῶν ἐθνῶν ἐν ἄρ,pending_llm_review,,,
SNRC-00369,GAL_ALIM-1.11,GAL_ALIM,Galen,γλυκυς οινος,σιτος,unreviewed,ὶ οἰνομέλιτι κεκραμένοις ἐν ὕδατι καί ποτε καὶ ὕδατι μόνῳ καὶ πίνειν ἐν τῷ θέρει πρὸ δυοῖν ἢ τριῶν ὡρῶν τοῦ λουτροῦ καί φασιν αἰσθάνεσθαι τοῦ πόματος ἀδίψου. δι' οἴνου γε μὴν αὐστηροῦ ποθέντα ξηραίνει γαστέρα. χρῶνται δ' ἀλφίτοις ἔν τισι τῶν ἐθνῶν ἐν ἄρ,pending_llm_review,,,
SNRC-00370,GAL_ALIM-1.11,GAL_ALIM,Galen,γλυκυς οινος,υδωρ,unreviewed,ὶ οἰνομέλιτι κεκραμένοις ἐν ὕδατι καί ποτε καὶ ὕδατι μόνῳ καὶ πίνειν ἐν τῷ θέρει πρὸ δυοῖν ἢ τριῶν ὡρῶν τοῦ λουτροῦ καί φασιν αἰσθάνεσθαι τοῦ πόματος ἀδίψου. δι' οἴνου γε μὴν αὐστηροῦ ποθέντα ξηραίνει γαστέρα. χρῶνται δ' ἀλφίτοις ἔν τισι τῶν ἐθνῶν ἐν ἄρ,pending_llm_review,,,
SNRC-00371,GAL_ALIM-1.12,GAL_ALIM,Galen,αλευρον,αλφιτον,unreviewed,"ν ἐξ ἁπάσης μάζης γεννᾶσθαι χυμόν, ὃν αὐτός τε καὶ ὁ διδάσκαλος αὐτοῦ Πραξαγόρας «ὑαλώδη» καλοῦσι. τὸ δ' οὐχ οὕτως ἔχει, μήτε τὸ γλίσχρον ἐχόντων | τῶν ἀλφίτων, ὅπερ ἐν χόνδρῳ μάλιστ' ἐστί, μήτε τὸ τρόφιμον. ἐξαπατᾷ δ' αὐτὸν ἡ ἐπὶ πλέον ἐν οἴνῳ γλυκεῖ καὶ σ",pending_llm_review,,,
SNRC-00372,GAL_ALIM-1.12,GAL_ALIM,Galen,αλευρον,κεγχρος,unreviewed,"ν ἐξ ἁπάσης μάζης γεννᾶσθαι χυμόν, ὃν αὐτός τε καὶ ὁ διδάσκαλος αὐτοῦ Πραξαγόρας «ὑαλώδη» καλοῦσι. τὸ δ' οὐχ οὕτως ἔχει, μήτε τὸ γλίσχρον ἐχόντων | τῶν ἀλφίτων, ὅπερ ἐν χόνδρῳ μάλιστ' ἐστί, μήτε τὸ τρόφιμον. ἐξαπατᾷ δ' αὐτὸν ἡ ἐπὶ πλέον ἐν οἴνῳ γλυκεῖ καὶ σ",pending_llm_review,,,
SNRC-00373,GAL_ALIM-1.12,GAL_ALIM,Galen,αλευρον,κριθη,unreviewed,"ν ἐξ ἁπάσης μάζης γεννᾶσθαι χυμόν, ὃν αὐτός τε καὶ ὁ διδάσκαλος αὐτοῦ Πραξαγόρας «ὑαλώδη» καλοῦσι. τὸ δ' οὐχ οὕτως ἔχει, μήτε τὸ γλίσχρον ἐχόντων | τῶν ἀλφίτων, ὅπερ ἐν χόνδρῳ μάλιστ' ἐστί, μήτε τὸ τρόφιμον. ἐξαπατᾷ δ' αὐτὸν ἡ ἐπὶ πλέον ἐν οἴνῳ γλυκεῖ καὶ σ",pending_llm_review,,,
SNRC-00374,GAL_ALIM-1.12,GAL_ALIM,Galen,αλευρον,κοπρωδες,unreviewed,"ν ἐξ ἁπάσης μάζης γεννᾶσθαι χυμόν, ὃν αὐτός τε καὶ ὁ διδάσκαλος αὐτοῦ Πραξαγόρας «ὑαλώδη» καλοῦσι. τὸ δ' οὐχ οὕτως ἔχει, μήτε τὸ γλίσχρον ἐχόντων | τῶν ἀλφίτων, ὅπερ ἐν χόνδρῳ μάλιστ' ἐστί, μήτε τὸ τρόφιμον. ἐξαπατᾷ δ' αὐτὸν ἡ ἐπὶ πλέον ἐν οἴνῳ γλυκεῖ καὶ σ",pending_llm_review,,,
SNRC-00375,GAL_ALIM-1.12,GAL_ALIM,Galen,αλευρον,μελι,unreviewed,"ν ἐξ ἁπάσης μάζης γεννᾶσθαι χυμόν, ὃν αὐτός τε καὶ ὁ διδάσκαλος αὐτοῦ Πραξαγόρας «ὑαλώδη» καλοῦσι. τὸ δ' οὐχ οὕτως ἔχει, μήτε τὸ γλίσχρον ἐχόντων | τῶν ἀλφίτων, ὅπερ ἐν χόνδρῳ μάλιστ' ἐστί, μήτε τὸ τρόφιμον. ἐξαπατᾷ δ' αὐτὸν ἡ ἐπὶ πλέον ἐν οἴνῳ γλυκεῖ καὶ σ",pending_llm_review,,,
SNRC-00376,GAL_ALIM-1.12,GAL_ALIM,Galen,αλευρον,οινος,unreviewed,"ν ἐξ ἁπάσης μάζης γεννᾶσθαι χυμόν, ὃν αὐτός τε καὶ ὁ διδάσκαλος αὐτοῦ Πραξαγόρας «ὑαλώδη» καλοῦσι. τὸ δ' οὐχ οὕτως ἔχει, μήτε τὸ γλίσχρον ἐχόντων | τῶν ἀλφίτων, ὅπερ ἐν χόνδρῳ μάλιστ' ἐστί, μήτε τὸ τρόφιμον. ἐξαπατᾷ δ' αὐτὸν ἡ ἐπὶ πλέον ἐν οἴνῳ γλυκεῖ καὶ σ",pending_llm_review,,,
SNRC-00377,GAL_ALIM-1.12,GAL_ALIM,Galen,αλευρον,οινος γλυκυς,unreviewed,"ν ἐξ ἁπάσης μάζης γεννᾶσθαι χυμόν, ὃν αὐτός τε καὶ ὁ διδάσκαλος αὐτοῦ Πραξαγόρας «ὑαλώδη» καλοῦσι. τὸ δ' οὐχ οὕτως ἔχει, μήτε τὸ γλίσχρον ἐχόντων | τῶν ἀλφίτων, ὅπερ ἐν χόνδρῳ μάλιστ' ἐστί, μήτε τὸ τρόφιμον. ἐξαπατᾷ δ' αὐτὸν ἡ ἐπὶ πλέον ἐν οἴνῳ γλυκεῖ καὶ σ",pending_llm_review,,,
SNRC-00378,GAL_ALIM-1.12,GAL_ALIM,Galen,αλευρον,πιτυρωδες,unreviewed,"ν ἐξ ἁπάσης μάζης γεννᾶσθαι χυμόν, ὃν αὐτός τε καὶ ὁ διδάσκαλος αὐτοῦ Πραξαγόρας «ὑαλώδη» καλοῦσι. τὸ δ' οὐχ οὕτως ἔχει, μήτε τὸ γλίσχρον ἐχόντων | τῶν ἀλφίτων, ὅπερ ἐν χόνδρῳ μάλιστ' ἐστί, μήτε τὸ τρόφιμον. ἐξαπατᾷ δ' αὐτὸν ἡ ἐπὶ πλέον ἐν οἴνῳ γλυκεῖ καὶ σ",pending_llm_review,,,
SNRC-00379,GAL_ALIM-1.12,GAL_ALIM,Galen,αλευρον,πυρος,unreviewed,"ν ἐξ ἁπάσης μάζης γεννᾶσθαι χυμόν, ὃν αὐτός τε καὶ ὁ διδάσκαλος αὐτοῦ Πραξαγόρας «ὑαλώδη» καλοῦσι. τὸ δ' οὐχ οὕτως ἔχει, μήτε τὸ γλίσχρον ἐχόντων | τῶν ἀλφίτων, ὅπερ ἐν χόνδρῳ μάλιστ' ἐστί, μήτε τὸ τρόφιμον. ἐξαπατᾷ δ' αὐτὸν ἡ ἐπὶ πλέον ἐν οἴνῳ γλυκεῖ καὶ σ",pending_llm_review,,,
SNRC-00380,GAL_ALIM-1.12,GAL_ALIM,Galen,αλευρον,ρυπος,unreviewed,"ν ἐξ ἁπάσης μάζης γεννᾶσθαι χυμόν, ὃν αὐτός τε καὶ ὁ διδάσκαλος αὐτοῦ Πραξαγόρας «ὑαλώδη» καλοῦσι. τὸ δ' οὐχ οὕτως ἔχει, μήτε τὸ γλίσχρον ἐχόντων | τῶν ἀλφίτων, ὅπερ ἐν χόνδρῳ μάλιστ' ἐστί, μήτε τὸ τρόφιμον. ἐξαπατᾷ δ' αὐτὸν ἡ ἐπὶ πλέον ἐν οἴνῳ γλυκεῖ καὶ σ",pending_llm_review,,,
SNRC-00381,GAL_ALIM-1.12,GAL_ALIM,Galen,αλευρον,σιραιον,unreviewed,"ν ἐξ ἁπάσης μάζης γεννᾶσθαι χυμόν, ὃν αὐτός τε καὶ ὁ διδάσκαλος αὐτοῦ Πραξαγόρας «ὑαλώδη» καλοῦσι. τὸ δ' οὐχ οὕτως ἔχει, μήτε τὸ γλίσχρον ἐχόντων | τῶν ἀλφίτων, ὅπερ ἐν χόνδρῳ μάλιστ' ἐστί, μήτε τὸ τρόφιμον. ἐξαπατᾷ δ' αὐτὸν ἡ ἐπὶ πλέον ἐν οἴνῳ γλυκεῖ καὶ σ",pending_llm_review,,,
SNRC-00382,GAL_ALIM-1.12,GAL_ALIM,Galen,αλευρον,υδωρ,unreviewed,"ν ἐξ ἁπάσης μάζης γεννᾶσθαι χυμόν, ὃν αὐτός τε καὶ ὁ διδάσκαλος αὐτοῦ Πραξαγόρας «ὑαλώδη» καλοῦσι. τὸ δ' οὐχ οὕτως ἔχει, μήτε τὸ γλίσχρον ἐχόντων | τῶν ἀλφίτων, ὅπερ ἐν χόνδρῳ μάλιστ' ἐστί, μήτε τὸ τρόφιμον. ἐξαπατᾷ δ' αὐτὸν ἡ ἐπὶ πλέον ἐν οἴνῳ γλυκεῖ καὶ σ",pending_llm_review,,,
SNRC-00383,GAL_ALIM-1.18,GAL_ALIM,Galen,αιμα,αλς,unreviewed,"αντίος τῷ στυπτικῷ. διὸ κἂν ἑψήσας τις αὐτοὺς ἐν ὕδατι προςενέγκηται τὸ ὕδωρ, ἡδύνας ἁλσὶν ἢ γάρῳ καὶ μετ' αὐτῶν ἐλαίῳ, διαχωρητικὸν γίγνεται τὸ πόμα. δὶς δ' ἑψηθέντων, ὡς εἴρηται, τῶν φακῶν ἡ ἐξ αὐτῶν σκευαζομένη φακῆ τὴν ἐναντίαν ἔχει δύναμιν τῷ χυλῷ,",pending_llm_review,,,
SNRC-00384,GAL_ALIM-1.18,GAL_ALIM,Galen,αιμα,ανηθον,unreviewed,"αντίος τῷ στυπτικῷ. διὸ κἂν ἑψήσας τις αὐτοὺς ἐν ὕδατι προςενέγκηται τὸ ὕδωρ, ἡδύνας ἁλσὶν ἢ γάρῳ καὶ μετ' αὐτῶν ἐλαίῳ, διαχωρητικὸν γίγνεται τὸ πόμα. δὶς δ' ἑψηθέντων, ὡς εἴρηται, τῶν φακῶν ἡ ἐξ αὐτῶν σκευαζομένη φακῆ τὴν ἐναντίαν ἔχει δύναμιν τῷ χυλῷ,",pending_llm_review,,,
SNRC-00385,GAL_ALIM-1.18,GAL_ALIM,Galen,αιμα,γαρος,unreviewed,"αντίος τῷ στυπτικῷ. διὸ κἂν ἑψήσας τις αὐτοὺς ἐν ὕδατι προςενέγκηται τὸ ὕδωρ, ἡδύνας ἁλσὶν ἢ γάρῳ καὶ μετ' αὐτῶν ἐλαίῳ, διαχωρητικὸν γίγνεται τὸ πόμα. δὶς δ' ἑψηθέντων, ὡς εἴρηται, τῶν φακῶν ἡ ἐξ αὐτῶν σκευαζομένη φακῆ τὴν ἐναντίαν ἔχει δύναμιν τῷ χυλῷ,",pending_llm_review,,,
SNRC-00386,GAL_ALIM-1.18,GAL_ALIM,Galen,αιμα,γληχων,unreviewed,"αντίος τῷ στυπτικῷ. διὸ κἂν ἑψήσας τις αὐτοὺς ἐν ὕδατι προςενέγκηται τὸ ὕδωρ, ἡδύνας ἁλσὶν ἢ γάρῳ καὶ μετ' αὐτῶν ἐλαίῳ, διαχωρητικὸν γίγνεται τὸ πόμα. δὶς δ' ἑψηθέντων, ὡς εἴρηται, τῶν φακῶν ἡ ἐξ αὐτῶν σκευαζομένη φακῆ τὴν ἐναντίαν ἔχει δύναμιν τῷ χυλῷ,",pending_llm_review,,,
SNRC-00387,GAL_ALIM-1.18,GAL_ALIM,Galen,αιμα,ελαιον,unreviewed,"αντίος τῷ στυπτικῷ. διὸ κἂν ἑψήσας τις αὐτοὺς ἐν ὕδατι προςενέγκηται τὸ ὕδωρ, ἡδύνας ἁλσὶν ἢ γάρῳ καὶ μετ' αὐτῶν ἐλαίῳ, διαχωρητικὸν γίγνεται τὸ πόμα. δὶς δ' ἑψηθέντων, ὡς εἴρηται, τῶν φακῶν ἡ ἐξ αὐτῶν σκευαζομένη φακῆ τὴν ἐναντίαν ἔχει δύναμιν τῷ χυλῷ,",pending_llm_review,,,
SNRC-00388,GAL_ALIM-1.18,GAL_ALIM,Galen,αιμα,κρεας,unreviewed,"αντίος τῷ στυπτικῷ. διὸ κἂν ἑψήσας τις αὐτοὺς ἐν ὕδατι προςενέγκηται τὸ ὕδωρ, ἡδύνας ἁλσὶν ἢ γάρῳ καὶ μετ' αὐτῶν ἐλαίῳ, διαχωρητικὸν γίγνεται τὸ πόμα. δὶς δ' ἑψηθέντων, ὡς εἴρηται, τῶν φακῶν ἡ ἐξ αὐτῶν σκευαζομένη φακῆ τὴν ἐναντίαν ἔχει δύναμιν τῷ χυλῷ,",pending_llm_review,,,
SNRC-00389,GAL_ALIM-1.18,GAL_ALIM,Galen,αιμα,κρεας χοιρειον,unreviewed,"αντίος τῷ στυπτικῷ. διὸ κἂν ἑψήσας τις αὐτοὺς ἐν ὕδατι προςενέγκηται τὸ ὕδωρ, ἡδύνας ἁλσὶν ἢ γάρῳ καὶ μετ' αὐτῶν ἐλαίῳ, διαχωρητικὸν γίγνεται τὸ πόμα. δὶς δ' ἑψηθέντων, ὡς εἴρηται, τῶν φακῶν ἡ ἐξ αὐτῶν σκευαζομένη φακῆ τὴν ἐναντίαν ἔχει δύναμιν τῷ χυλῷ,",pending_llm_review,,,
SNRC-00390,GAL_ALIM-1.18,GAL_ALIM,Galen,αιμα,μελαγχολικος χυμος,unreviewed,"αντίος τῷ στυπτικῷ. διὸ κἂν ἑψήσας τις αὐτοὺς ἐν ὕδατι προςενέγκηται τὸ ὕδωρ, ἡδύνας ἁλσὶν ἢ γάρῳ καὶ μετ' αὐτῶν ἐλαίῳ, διαχωρητικὸν γίγνεται τὸ πόμα. δὶς δ' ἑψηθέντων, ὡς εἴρηται, τῶν φακῶν ἡ ἐξ αὐτῶν σκευαζομένη φακῆ τὴν ἐναντίαν ἔχει δύναμιν τῷ χυλῷ,",pending_llm_review,,,
SNRC-00391,GAL_ALIM-1.18,GAL_ALIM,Galen,αιμα,μελι,unreviewed,"αντίος τῷ στυπτικῷ. διὸ κἂν ἑψήσας τις αὐτοὺς ἐν ὕδατι προςενέγκηται τὸ ὕδωρ, ἡδύνας ἁλσὶν ἢ γάρῳ καὶ μετ' αὐτῶν ἐλαίῳ, διαχωρητικὸν γίγνεται τὸ πόμα. δὶς δ' ἑψηθέντων, ὡς εἴρηται, τῶν φακῶν ἡ ἐξ αὐτῶν σκευαζομένη φακῆ τὴν ἐναντίαν ἔχει δύναμιν τῷ χυλῷ,",pending_llm_review,,,
SNRC-00392,GAL_ALIM-1.18,GAL_ALIM,Galen,αιμα,νεαλες,unreviewed,"αντίος τῷ στυπτικῷ. διὸ κἂν ἑψήσας τις αὐτοὺς ἐν ὕδατι προςενέγκηται τὸ ὕδωρ, ἡδύνας ἁλσὶν ἢ γάρῳ καὶ μετ' αὐτῶν ἐλαίῳ, διαχωρητικὸν γίγνεται τὸ πόμα. δὶς δ' ἑψηθέντων, ὡς εἴρηται, τῶν φακῶν ἡ ἐξ αὐτῶν σκευαζομένη φακῆ τὴν ἐναντίαν ἔχει δύναμιν τῷ χυλῷ,",pending_llm_review,,,
SNRC-00393,GAL_ALIM-1.18,GAL_ALIM,Galen,αιμα,πρασον,unreviewed,"αντίος τῷ στυπτικῷ. διὸ κἂν ἑψήσας τις αὐτοὺς ἐν ὕδατι προςενέγκηται τὸ ὕδωρ, ἡδύνας ἁλσὶν ἢ γάρῳ καὶ μετ' αὐτῶν ἐλαίῳ, διαχωρητικὸν γίγνεται τὸ πόμα. δὶς δ' ἑψηθέντων, ὡς εἴρηται, τῶν φακῶν ἡ ἐξ αὐτῶν σκευαζομένη φακῆ τὴν ἐναντίαν ἔχει δύναμιν τῷ χυλῷ,",pending_llm_review,,,
SNRC-00394,GAL_ALIM-1.18,GAL_ALIM,Galen,αιμα,σιραιον,unreviewed,"αντίος τῷ στυπτικῷ. διὸ κἂν ἑψήσας τις αὐτοὺς ἐν ὕδατι προςενέγκηται τὸ ὕδωρ, ἡδύνας ἁλσὶν ἢ γάρῳ καὶ μετ' αὐτῶν ἐλαίῳ, διαχωρητικὸν γίγνεται τὸ πόμα. δὶς δ' ἑψηθέντων, ὡς εἴρηται, τῶν φακῶν ἡ ἐξ αὐτῶν σκευαζομένη φακῆ τὴν ἐναντίαν ἔχει δύναμιν τῷ χυλῷ,",pending_llm_review,,,
SNRC-00395,GAL_ALIM-1.25,GAL_ALIM,Galen,αλς,ελαια,unreviewed,"ν τε καὶ πολυτρόφων. οὐδὲ γὰρ οὐδὲ ποιότητά τινα δραστήριον ἔχει, καθάπερ ἔνια τῶν δριμεῖς ἢ στρυφνοὺς ἢ ἁλυκοὺς ἢ γλυκεῖς ἢ πικροὺς ἐχόντων χυμούς.",pending_llm_review,,,
SNRC-00396,GAL_ALIM-1.25,GAL_ALIM,Galen,αλς,ελαιον,unreviewed,"ν τε καὶ πολυτρόφων. οὐδὲ γὰρ οὐδὲ ποιότητά τινα δραστήριον ἔχει, καθάπερ ἔνια τῶν δριμεῖς ἢ στρυφνοὺς ἢ ἁλυκοὺς ἢ γλυκεῖς ἢ πικροὺς ἐχόντων χυμούς.",pending_llm_review,,,
SNRC-00397,GAL_ALIM-1.25,GAL_ALIM,Galen,αλς,γαρος,unreviewed,"ν τε καὶ πολυτρόφων. οὐδὲ γὰρ οὐδὲ ποιότητά τινα δραστήριον ἔχει, καθάπερ ἔνια τῶν δριμεῖς ἢ στρυφνοὺς ἢ ἁλυκοὺς ἢ γλυκεῖς ἢ πικροὺς ἐχόντων χυμούς.",pending_llm_review,,,
SNRC-00398,GAL_ALIM-1.25,GAL_ALIM,Galen,αλς,καρπος,unreviewed,"ν τε καὶ πολυτρόφων. οὐδὲ γὰρ οὐδὲ ποιότητά τινα δραστήριον ἔχει, καθάπερ ἔνια τῶν δριμεῖς ἢ στρυφνοὺς ἢ ἁλυκοὺς ἢ γλυκεῖς ἢ πικροὺς ἐχόντων χυμούς.",pending_llm_review,,,
SNRC-00399,GAL_ALIM-1.25,GAL_ALIM,Galen,αλς,λαχανον,unreviewed,"ν τε καὶ πολυτρόφων. οὐδὲ γὰρ οὐδὲ ποιότητά τινα δραστήριον ἔχει, καθάπερ ἔνια τῶν δριμεῖς ἢ στρυφνοὺς ἢ ἁλυκοὺς ἢ γλυκεῖς ἢ πικροὺς ἐχόντων χυμούς.",pending_llm_review,,,
SNRC-00400,GAL_ALIM-1.25,GAL_ALIM,Galen,αλς,οξος,unreviewed,"ν τε καὶ πολυτρόφων. οὐδὲ γὰρ οὐδὲ ποιότητά τινα δραστήριον ἔχει, καθάπερ ἔνια τῶν δριμεῖς ἢ στρυφνοὺς ἢ ἁλυκοὺς ἢ γλυκεῖς ἢ πικροὺς ἐχόντων χυμούς.",pending_llm_review,,,
SNRC-00401,GAL_ALIM-1.25,GAL_ALIM,Galen,αλς,οινος,unreviewed,"ν τε καὶ πολυτρόφων. οὐδὲ γὰρ οὐδὲ ποιότητά τινα δραστήριον ἔχει, καθάπερ ἔνια τῶν δριμεῖς ἢ στρυφνοὺς ἢ ἁλυκοὺς ἢ γλυκεῖς ἢ πικροὺς ἐχόντων χυμούς.",pending_llm_review,,,
SNRC-00402,GAL_ALIM-1.25,GAL_ALIM,Galen,αλς,οχρος,unreviewed,"ν τε καὶ πολυτρόφων. οὐδὲ γὰρ οὐδὲ ποιότητά τινα δραστήριον ἔχει, καθάπερ ἔνια τῶν δριμεῖς ἢ στρυφνοὺς ἢ ἁλυκοὺς ἢ γλυκεῖς ἢ πικροὺς ἐχόντων χυμούς.",pending_llm_review,,,
SNRC-00403,GAL_ALIM-1.25,GAL_ALIM,Galen,αλς,θερμος,unreviewed,"ν τε καὶ πολυτρόφων. οὐδὲ γὰρ οὐδὲ ποιότητά τινα δραστήριον ἔχει, καθάπερ ἔνια τῶν δριμεῖς ἢ στρυφνοὺς ἢ ἁλυκοὺς ἢ γλυκεῖς ἢ πικροὺς ἐχόντων χυμούς.",pending_llm_review,,,
SNRC-00404,GAL_ALIM-1.25,GAL_ALIM,Galen,αλς,τηλις,unreviewed,"ν τε καὶ πολυτρόφων. οὐδὲ γὰρ οὐδὲ ποιότητά τινα δραστήριον ἔχει, καθάπερ ἔνια τῶν δριμεῖς ἢ στρυφνοὺς ἢ ἁλυκοὺς ἢ γλυκεῖς ἢ πικροὺς ἐχόντων χυμούς.",pending_llm_review,,,
SNRC-00405,GAL_ALIM-1.25,GAL_ALIM,Galen,αλς,φασηλος,unreviewed,"ν τε καὶ πολυτρόφων. οὐδὲ γὰρ οὐδὲ ποιότητά τινα δραστήριον ἔχει, καθάπερ ἔνια τῶν δριμεῖς ἢ στρυφνοὺς ἢ ἁλυκοὺς ἢ γλυκεῖς ἢ πικροὺς ἐχόντων χυμούς.",pending_llm_review,,,
SNRC-00406,GAL_ALIM-1.25,GAL_ALIM,Galen,αλς,χυμος,unreviewed,"ν τε καὶ πολυτρόφων. οὐδὲ γὰρ οὐδὲ ποιότητά τινα δραστήριον ἔχει, καθάπερ ἔνια τῶν δριμεῖς ἢ στρυφνοὺς ἢ ἁλυκοὺς ἢ γλυκεῖς ἢ πικροὺς ἐχόντων χυμούς.",pending_llm_review,,,
SNRC-00407,GAL_ALIM-1.28,GAL_ALIM,Galen,δολιχος,ερεβινθος,unreviewed,"μένου δὲ νῦν ὑπὸ τῶν πολλῶν κατὰ τὸν πληθυντικὸν ἀριθμὸν διττῶς. ἔνιοι μὲν γὰρ λοβούς, ἔνιοι δὲ φασηόλους ὀνομάζουσιν αὐτοὺς διὰ τεττάρων συλλαβῶν τὴν φωνὴν προφερόμενοι καὶ κατὰ τοῦτο ποιοῦντες ἕτερον ὄνομα τοῦ διὰ τριῶν συλλαβῶν λεγομένου φασήλου. τινὲς",pending_llm_review,,,
SNRC-00408,GAL_ALIM-1.28,GAL_ALIM,Galen,δολιχος,κριθη,unreviewed,"μένου δὲ νῦν ὑπὸ τῶν πολλῶν κατὰ τὸν πληθυντικὸν ἀριθμὸν διττῶς. ἔνιοι μὲν γὰρ λοβούς, ἔνιοι δὲ φασηόλους ὀνομάζουσιν αὐτοὺς διὰ τεττάρων συλλαβῶν τὴν φωνὴν προφερόμενοι καὶ κατὰ τοῦτο ποιοῦντες ἕτερον ὄνομα τοῦ διὰ τριῶν συλλαβῶν λεγομένου φασήλου. τινὲς",pending_llm_review,,,
SNRC-00409,GAL_ALIM-1.28,GAL_ALIM,Galen,δολιχος,κυαμος,unreviewed,"μένου δὲ νῦν ὑπὸ τῶν πολλῶν κατὰ τὸν πληθυντικὸν ἀριθμὸν διττῶς. ἔνιοι μὲν γὰρ λοβούς, ἔνιοι δὲ φασηόλους ὀνομάζουσιν αὐτοὺς διὰ τεττάρων συλλαβῶν τὴν φωνὴν προφερόμενοι καὶ κατὰ τοῦτο ποιοῦντες ἕτερον ὄνομα τοῦ διὰ τριῶν συλλαβῶν λεγομένου φασήλου. τινὲς",pending_llm_review,,,
SNRC-00410,GAL_ALIM-1.28,GAL_ALIM,Galen,δολιχος,λαθυρος,unreviewed,"μένου δὲ νῦν ὑπὸ τῶν πολλῶν κατὰ τὸν πληθυντικὸν ἀριθμὸν διττῶς. ἔνιοι μὲν γὰρ λοβούς, ἔνιοι δὲ φασηόλους ὀνομάζουσιν αὐτοὺς διὰ τεττάρων συλλαβῶν τὴν φωνὴν προφερόμενοι καὶ κατὰ τοῦτο ποιοῦντες ἕτερον ὄνομα τοῦ διὰ τριῶν συλλαβῶν λεγομένου φασήλου. τινὲς",pending_llm_review,,,
SNRC-00411,GAL_ALIM-1.28,GAL_ALIM,Galen,δολιχος,οροβος,unreviewed,"μένου δὲ νῦν ὑπὸ τῶν πολλῶν κατὰ τὸν πληθυντικὸν ἀριθμὸν διττῶς. ἔνιοι μὲν γὰρ λοβούς, ἔνιοι δὲ φασηόλους ὀνομάζουσιν αὐτοὺς διὰ τεττάρων συλλαβῶν τὴν φωνὴν προφερόμενοι καὶ κατὰ τοῦτο ποιοῦντες ἕτερον ὄνομα τοῦ διὰ τριῶν συλλαβῶν λεγομένου φασήλου. τινὲς",pending_llm_review,,,
SNRC-00412,GAL_ALIM-1.28,GAL_ALIM,Galen,δολιχος,οσπριον,unreviewed,"μένου δὲ νῦν ὑπὸ τῶν πολλῶν κατὰ τὸν πληθυντικὸν ἀριθμὸν διττῶς. ἔνιοι μὲν γὰρ λοβούς, ἔνιοι δὲ φασηόλους ὀνομάζουσιν αὐτοὺς διὰ τεττάρων συλλαβῶν τὴν φωνὴν προφερόμενοι καὶ κατὰ τοῦτο ποιοῦντες ἕτερον ὄνομα τοῦ διὰ τριῶν συλλαβῶν λεγομένου φασήλου. τινὲς",pending_llm_review,,,
SNRC-00413,GAL_ALIM-1.28,GAL_ALIM,Galen,δολιχος,πισος,unreviewed,"μένου δὲ νῦν ὑπὸ τῶν πολλῶν κατὰ τὸν πληθυντικὸν ἀριθμὸν διττῶς. ἔνιοι μὲν γὰρ λοβούς, ἔνιοι δὲ φασηόλους ὀνομάζουσιν αὐτοὺς διὰ τεττάρων συλλαβῶν τὴν φωνὴν προφερόμενοι καὶ κατὰ τοῦτο ποιοῦντες ἕτερον ὄνομα τοῦ διὰ τριῶν συλλαβῶν λεγομένου φασήλου. τινὲς",pending_llm_review,,,
SNRC-00414,GAL_ALIM-1.28,GAL_ALIM,Galen,δολιχος,πυρος,unreviewed,"μένου δὲ νῦν ὑπὸ τῶν πολλῶν κατὰ τὸν πληθυντικὸν ἀριθμὸν διττῶς. ἔνιοι μὲν γὰρ λοβούς, ἔνιοι δὲ φασηόλους ὀνομάζουσιν αὐτοὺς διὰ τεττάρων συλλαβῶν τὴν φωνὴν προφερόμενοι καὶ κατὰ τοῦτο ποιοῦντες ἕτερον ὄνομα τοῦ διὰ τριῶν συλλαβῶν λεγομένου φασήλου. τινὲς",pending_llm_review,,,
SNRC-00415,GAL_ALIM-1.28,GAL_ALIM,Galen,δολιχος,φακος,unreviewed,"μένου δὲ νῦν ὑπὸ τῶν πολλῶν κατὰ τὸν πληθυντικὸν ἀριθμὸν διττῶς. ἔνιοι μὲν γὰρ λοβούς, ἔνιοι δὲ φασηόλους ὀνομάζουσιν αὐτοὺς διὰ τεττάρων συλλαβῶν τὴν φωνὴν προφερόμενοι καὶ κατὰ τοῦτο ποιοῦντες ἕτερον ὄνομα τοῦ διὰ τριῶν συλλαβῶν λεγομένου φασήλου. τινὲς",pending_llm_review,,,
SNRC-00416,GAL_ALIM-1.28,GAL_ALIM,Galen,δολιχος,φασηλος,unreviewed,"μένου δὲ νῦν ὑπὸ τῶν πολλῶν κατὰ τὸν πληθυντικὸν ἀριθμὸν διττῶς. ἔνιοι μὲν γὰρ λοβούς, ἔνιοι δὲ φασηόλους ὀνομάζουσιν αὐτοὺς διὰ τεττάρων συλλαβῶν τὴν φωνὴν προφερόμενοι καὶ κατὰ τοῦτο ποιοῦντες ἕτερον ὄνομα τοῦ διὰ τριῶν συλλαβῶν λεγομένου φασήλου. τινὲς",pending_llm_review,,,
SNRC-00417,GAL_ALIM-1.28,GAL_ALIM,Galen,δολιχος,θερμος,unreviewed,"μένου δὲ νῦν ὑπὸ τῶν πολλῶν κατὰ τὸν πληθυντικὸν ἀριθμὸν διττῶς. ἔνιοι μὲν γὰρ λοβούς, ἔνιοι δὲ φασηόλους ὀνομάζουσιν αὐτοὺς διὰ τεττάρων συλλαβῶν τὴν φωνὴν προφερόμενοι καὶ κατὰ τοῦτο ποιοῦντες ἕτερον ὄνομα τοῦ διὰ τριῶν συλλαβῶν λεγομένου φασήλου. τινὲς",pending_llm_review,,,
SNRC-00418,GAL_ALIM-1.28,GAL_ALIM,Galen,δολιχος,ωχρος,unreviewed,"μένου δὲ νῦν ὑπὸ τῶν πολλῶν κατὰ τὸν πληθυντικὸν ἀριθμὸν διττῶς. ἔνιοι μὲν γὰρ λοβούς, ἔνιοι δὲ φασηόλους ὀνομάζουσιν αὐτοὺς διὰ τεττάρων συλλαβῶν τὴν φωνὴν προφερόμενοι καὶ κατὰ τοῦτο ποιοῦντες ἕτερον ὄνομα τοῦ διὰ τριῶν συλλαβῶν λεγομένου φασήλου. τινὲς",pending_llm_review,,,
SNRC-00419,GAL_ALIM-1.9,GAL_ALIM,Galen,αλς,αμυλον,unreviewed,"ημά τε καὶ σίραιον· ἔνιοι δὲ καὶ μέλι καὶ κύμινον ἅμα τούτοις ἐπεμβάλλουσι, κυκεῶνα μᾶλλον ἢ πτισάνην παρασκευάζοντες. ἀλλ' ἥ γε καλῶς σκευασθεῖσα τὰς ὑφ' Ἱπποκράτους εἰρημένας παρέχεται χρείας ὑγιαίνουσί τε καὶ νοσοῦσιν ἀνθρώποις. «τὸ γὰρ γλίχρασμα», φ",pending_llm_review,,,
SNRC-00420,GAL_ALIM-1.9,GAL_ALIM,Galen,αλς,ανηθον,unreviewed,"ημά τε καὶ σίραιον· ἔνιοι δὲ καὶ μέλι καὶ κύμινον ἅμα τούτοις ἐπεμβάλλουσι, κυκεῶνα μᾶλλον ἢ πτισάνην παρασκευάζοντες. ἀλλ' ἥ γε καλῶς σκευασθεῖσα τὰς ὑφ' Ἱπποκράτους εἰρημένας παρέχεται χρείας ὑγιαίνουσί τε καὶ νοσοῦσιν ἀνθρώποις. «τὸ γὰρ γλίχρασμα», φ",pending_llm_review,,,
SNRC-00421,GAL_ALIM-1.9,GAL_ALIM,Galen,αλς,αρτος,unreviewed,"ημά τε καὶ σίραιον· ἔνιοι δὲ καὶ μέλι καὶ κύμινον ἅμα τούτοις ἐπεμβάλλουσι, κυκεῶνα μᾶλλον ἢ πτισάνην παρασκευάζοντες. ἀλλ' ἥ γε καλῶς σκευασθεῖσα τὰς ὑφ' Ἱπποκράτους εἰρημένας παρέχεται χρείας ὑγιαίνουσί τε καὶ νοσοῦσιν ἀνθρώποις. «τὸ γὰρ γλίχρασμα», φ",pending_llm_review,,,
SNRC-00422,GAL_ALIM-1.9,GAL_ALIM,Galen,αλς,ελαιον,unreviewed,"ημά τε καὶ σίραιον· ἔνιοι δὲ καὶ μέλι καὶ κύμινον ἅμα τούτοις ἐπεμβάλλουσι, κυκεῶνα μᾶλλον ἢ πτισάνην παρασκευάζοντες. ἀλλ' ἥ γε καλῶς σκευασθεῖσα τὰς ὑφ' Ἱπποκράτους εἰρημένας παρέχεται χρείας ὑγιαίνουσί τε καὶ νοσοῦσιν ἀνθρώποις. «τὸ γὰρ γλίχρασμα», φ",pending_llm_review,,,
SNRC-00423,GAL_ALIM-1.9,GAL_ALIM,Galen,αλς,κριθη,unreviewed,"ημά τε καὶ σίραιον· ἔνιοι δὲ καὶ μέλι καὶ κύμινον ἅμα τούτοις ἐπεμβάλλουσι, κυκεῶνα μᾶλλον ἢ πτισάνην παρασκευάζοντες. ἀλλ' ἥ γε καλῶς σκευασθεῖσα τὰς ὑφ' Ἱπποκράτους εἰρημένας παρέχεται χρείας ὑγιαίνουσί τε καὶ νοσοῦσιν ἀνθρώποις. «τὸ γὰρ γλίχρασμα», φ",pending_llm_review,,,
SNRC-00424,GAL_ALIM-1.9,GAL_ALIM,Galen,αλς,κυμινον,unreviewed,"ημά τε καὶ σίραιον· ἔνιοι δὲ καὶ μέλι καὶ κύμινον ἅμα τούτοις ἐπεμβάλλουσι, κυκεῶνα μᾶλλον ἢ πτισάνην παρασκευάζοντες. ἀλλ' ἥ γε καλῶς σκευασθεῖσα τὰς ὑφ' Ἱπποκράτους εἰρημένας παρέχεται χρείας ὑγιαίνουσί τε καὶ νοσοῦσιν ἀνθρώποις. «τὸ γὰρ γλίχρασμα», φ",pending_llm_review,,,
SNRC-00425,GAL_ALIM-1.9,GAL_ALIM,Galen,αλς,μελι,unreviewed,"ημά τε καὶ σίραιον· ἔνιοι δὲ καὶ μέλι καὶ κύμινον ἅμα τούτοις ἐπεμβάλλουσι, κυκεῶνα μᾶλλον ἢ πτισάνην παρασκευάζοντες. ἀλλ' ἥ γε καλῶς σκευασθεῖσα τὰς ὑφ' Ἱπποκράτους εἰρημένας παρέχεται χρείας ὑγιαίνουσί τε καὶ νοσοῦσιν ἀνθρώποις. «τὸ γὰρ γλίχρασμα», φ",pending_llm_review,,,
SNRC-00426,GAL_ALIM-1.9,GAL_ALIM,Galen,αλς,οξος,unreviewed,"ημά τε καὶ σίραιον· ἔνιοι δὲ καὶ μέλι καὶ κύμινον ἅμα τούτοις ἐπεμβάλλουσι, κυκεῶνα μᾶλλον ἢ πτισάνην παρασκευάζοντες. ἀλλ' ἥ γε καλῶς σκευασθεῖσα τὰς ὑφ' Ἱπποκράτους εἰρημένας παρέχεται χρείας ὑγιαίνουσί τε καὶ νοσοῦσιν ἀνθρώποις. «τὸ γὰρ γλίχρασμα», φ",pending_llm_review,,,
SNRC-00427,GAL_ALIM-1.9,GAL_ALIM,Galen,αλς,πλυτος αρτος,unreviewed,"ημά τε καὶ σίραιον· ἔνιοι δὲ καὶ μέλι καὶ κύμινον ἅμα τούτοις ἐπεμβάλλουσι, κυκεῶνα μᾶλλον ἢ πτισάνην παρασκευάζοντες. ἀλλ' ἥ γε καλῶς σκευασθεῖσα τὰς ὑφ' Ἱπποκράτους εἰρημένας παρέχεται χρείας ὑγιαίνουσί τε καὶ νοσοῦσιν ἀνθρώποις. «τὸ γὰρ γλίχρασμα», φ",pending_llm_review,,,
SNRC-00428,GAL_ALIM-1.9,GAL_ALIM,Galen,αλς,πρασον,unreviewed,"ημά τε καὶ σίραιον· ἔνιοι δὲ καὶ μέλι καὶ κύμινον ἅμα τούτοις ἐπεμβάλλουσι, κυκεῶνα μᾶλλον ἢ πτισάνην παρασκευάζοντες. ἀλλ' ἥ γε καλῶς σκευασθεῖσα τὰς ὑφ' Ἱπποκράτους εἰρημένας παρέχεται χρείας ὑγιαίνουσί τε καὶ νοσοῦσιν ἀνθρώποις. «τὸ γὰρ γλίχρασμα», φ",pending_llm_review,,,
SNRC-00429,GAL_ALIM-1.9,GAL_ALIM,Galen,αλς,πυρος,unreviewed,"ημά τε καὶ σίραιον· ἔνιοι δὲ καὶ μέλι καὶ κύμινον ἅμα τούτοις ἐπεμβάλλουσι, κυκεῶνα μᾶλλον ἢ πτισάνην παρασκευάζοντες. ἀλλ' ἥ γε καλῶς σκευασθεῖσα τὰς ὑφ' Ἱπποκράτους εἰρημένας παρέχεται χρείας ὑγιαίνουσί τε καὶ νοσοῦσιν ἀνθρώποις. «τὸ γὰρ γλίχρασμα», φ",pending_llm_review,,,
SNRC-00430,GAL_ALIM-1.9,GAL_ALIM,Galen,αλς,σπαρτος,unreviewed,"ημά τε καὶ σίραιον· ἔνιοι δὲ καὶ μέλι καὶ κύμινον ἅμα τούτοις ἐπεμβάλλουσι, κυκεῶνα μᾶλλον ἢ πτισάνην παρασκευάζοντες. ἀλλ' ἥ γε καλῶς σκευασθεῖσα τὰς ὑφ' Ἱπποκράτους εἰρημένας παρέχεται χρείας ὑγιαίνουσί τε καὶ νοσοῦσιν ἀνθρώποις. «τὸ γὰρ γλίχρασμα», φ",pending_llm_review,,,
SNRC-00431,GAL_ALIM-2.10,GAL_ALIM,Galen,ισχας,οινος,unreviewed,"είνους δ' ἐν ταῖς σταφίσιν εἰσὶν αἱ λιπαρώτεραί τε καὶ τὸν οἷον φλοιὸν ἔχουσαι λεπτόν. ἔνιοι δὲ καλῶς ποιοῦντες ἐκ τῶν γλυκειῶν τῶν μεγάλων, οἷαίπέρ εἰσιν αἱ Σκυβελίτιδες, πρὶν ἐσθίειν ἐξαιροῦσι τὰ γίγαρτα. χρονισθεῖσαι δ' οὖν καὶ αὗται σκληρὸν ἔχουσι καὶ",pending_llm_review,,,
SNRC-00432,GAL_ALIM-2.10,GAL_ALIM,Galen,ισχας,ραξ,unreviewed,"είνους δ' ἐν ταῖς σταφίσιν εἰσὶν αἱ λιπαρώτεραί τε καὶ τὸν οἷον φλοιὸν ἔχουσαι λεπτόν. ἔνιοι δὲ καλῶς ποιοῦντες ἐκ τῶν γλυκειῶν τῶν μεγάλων, οἷαίπέρ εἰσιν αἱ Σκυβελίτιδες, πρὶν ἐσθίειν ἐξαιροῦσι τὰ γίγαρτα. χρονισθεῖσαι δ' οὖν καὶ αὗται σκληρὸν ἔχουσι καὶ",pending_llm_review,,,
SNRC-00433,GAL_ALIM-2.10,GAL_ALIM,Galen,ισχας,ρητινη,unreviewed,"είνους δ' ἐν ταῖς σταφίσιν εἰσὶν αἱ λιπαρώτεραί τε καὶ τὸν οἷον φλοιὸν ἔχουσαι λεπτόν. ἔνιοι δὲ καλῶς ποιοῦντες ἐκ τῶν γλυκειῶν τῶν μεγάλων, οἷαίπέρ εἰσιν αἱ Σκυβελίτιδες, πρὶν ἐσθίειν ἐξαιροῦσι τὰ γίγαρτα. χρονισθεῖσαι δ' οὖν καὶ αὗται σκληρὸν ἔχουσι καὶ",pending_llm_review,,,
SNRC-00434,GAL_ALIM-2.10,GAL_ALIM,Galen,ισχας,σκυβελιτις,unreviewed,"είνους δ' ἐν ταῖς σταφίσιν εἰσὶν αἱ λιπαρώτεραί τε καὶ τὸν οἷον φλοιὸν ἔχουσαι λεπτόν. ἔνιοι δὲ καλῶς ποιοῦντες ἐκ τῶν γλυκειῶν τῶν μεγάλων, οἷαίπέρ εἰσιν αἱ Σκυβελίτιδες, πρὶν ἐσθίειν ἐξαιροῦσι τὰ γίγαρτα. χρονισθεῖσαι δ' οὖν καὶ αὗται σκληρὸν ἔχουσι καὶ",pending_llm_review,,,
SNRC-00435,GAL_ALIM-2.10,GAL_ALIM,Galen,ισχας,σταφις,unreviewed,"είνους δ' ἐν ταῖς σταφίσιν εἰσὶν αἱ λιπαρώτεραί τε καὶ τὸν οἷον φλοιὸν ἔχουσαι λεπτόν. ἔνιοι δὲ καλῶς ποιοῦντες ἐκ τῶν γλυκειῶν τῶν μεγάλων, οἷαίπέρ εἰσιν αἱ Σκυβελίτιδες, πρὶν ἐσθίειν ἐξαιροῦσι τὰ γίγαρτα. χρονισθεῖσαι δ' οὖν καὶ αὗται σκληρὸν ἔχουσι καὶ",pending_llm_review,,,
SNRC-00436,GAL_ALIM-2.10,GAL_ALIM,Galen,ισχας,σταφις λιπαρα γλυκεια,unreviewed,"είνους δ' ἐν ταῖς σταφίσιν εἰσὶν αἱ λιπαρώτεραί τε καὶ τὸν οἷον φλοιὸν ἔχουσαι λεπτόν. ἔνιοι δὲ καλῶς ποιοῦντες ἐκ τῶν γλυκειῶν τῶν μεγάλων, οἷαίπέρ εἰσιν αἱ Σκυβελίτιδες, πρὶν ἐσθίειν ἐξαιροῦσι τὰ γίγαρτα. χρονισθεῖσαι δ' οὖν καὶ αὗται σκληρὸν ἔχουσι καὶ",pending_llm_review,,,
SNRC-00437,GAL_ALIM-2.10,GAL_ALIM,Galen,ισχας,σταφις μελαινα,unreviewed,"είνους δ' ἐν ταῖς σταφίσιν εἰσὶν αἱ λιπαρώτεραί τε καὶ τὸν οἷον φλοιὸν ἔχουσαι λεπτόν. ἔνιοι δὲ καλῶς ποιοῦντες ἐκ τῶν γλυκειῶν τῶν μεγάλων, οἷαίπέρ εἰσιν αἱ Σκυβελίτιδες, πρὶν ἐσθίειν ἐξαιροῦσι τὰ γίγαρτα. χρονισθεῖσαι δ' οὖν καὶ αὗται σκληρὸν ἔχουσι καὶ",pending_llm_review,,,
SNRC-00438,GAL_ALIM-2.10,GAL_ALIM,Galen,ισχας,σταφυλη,unreviewed,"είνους δ' ἐν ταῖς σταφίσιν εἰσὶν αἱ λιπαρώτεραί τε καὶ τὸν οἷον φλοιὸν ἔχουσαι λεπτόν. ἔνιοι δὲ καλῶς ποιοῦντες ἐκ τῶν γλυκειῶν τῶν μεγάλων, οἷαίπέρ εἰσιν αἱ Σκυβελίτιδες, πρὶν ἐσθίειν ἐξαιροῦσι τὰ γίγαρτα. χρονισθεῖσαι δ' οὖν καὶ αὗται σκληρὸν ἔχουσι καὶ",pending_llm_review,,,
SNRC-00439,GAL_ALIM-2.10,GAL_ALIM,Galen,ισχας,συκον,unreviewed,"είνους δ' ἐν ταῖς σταφίσιν εἰσὶν αἱ λιπαρώτεραί τε καὶ τὸν οἷον φλοιὸν ἔχουσαι λεπτόν. ἔνιοι δὲ καλῶς ποιοῦντες ἐκ τῶν γλυκειῶν τῶν μεγάλων, οἷαίπέρ εἰσιν αἱ Σκυβελίτιδες, πρὶν ἐσθίειν ἐξαιροῦσι τὰ γίγαρτα. χρονισθεῖσαι δ' οὖν καὶ αὗται σκληρὸν ἔχουσι καὶ",pending_llm_review,,,
SNRC-00440,GAL_ALIM-2.10,GAL_ALIM,Galen,ισχας,υδωρ,unreviewed,"είνους δ' ἐν ταῖς σταφίσιν εἰσὶν αἱ λιπαρώτεραί τε καὶ τὸν οἷον φλοιὸν ἔχουσαι λεπτόν. ἔνιοι δὲ καλῶς ποιοῦντες ἐκ τῶν γλυκειῶν τῶν μεγάλων, οἷαίπέρ εἰσιν αἱ Σκυβελίτιδες, πρὶν ἐσθίειν ἐξαιροῦσι τὰ γίγαρτα. χρονισθεῖσαι δ' οὖν καὶ αὗται σκληρὸν ἔχουσι καὶ",pending_llm_review,,,
SNRC-00441,GAL_ALIM-2.10,GAL_ALIM,Galen,ισχας,δερμα,unreviewed,"είνους δ' ἐν ταῖς σταφίσιν εἰσὶν αἱ λιπαρώτεραί τε καὶ τὸν οἷον φλοιὸν ἔχουσαι λεπτόν. ἔνιοι δὲ καλῶς ποιοῦντες ἐκ τῶν γλυκειῶν τῶν μεγάλων, οἷαίπέρ εἰσιν αἱ Σκυβελίτιδες, πρὶν ἐσθίειν ἐξαιροῦσι τὰ γίγαρτα. χρονισθεῖσαι δ' οὖν καὶ αὗται σκληρὸν ἔχουσι καὶ",pending_llm_review,,,
SNRC-00442,GAL_ALIM-2.10,GAL_ALIM,Galen,ισχας,γιγαρτα,unreviewed,"είνους δ' ἐν ταῖς σταφίσιν εἰσὶν αἱ λιπαρώτεραί τε καὶ τὸν οἷον φλοιὸν ἔχουσαι λεπτόν. ἔνιοι δὲ καλῶς ποιοῦντες ἐκ τῶν γλυκειῶν τῶν μεγάλων, οἷαίπέρ εἰσιν αἱ Σκυβελίτιδες, πρὶν ἐσθίειν ἐξαιροῦσι τὰ γίγαρτα. χρονισθεῖσαι δ' οὖν καὶ αὗται σκληρὸν ἔχουσι καὶ",pending_llm_review,,,
SNRC-00443,GAL_ALIM-2.11,GAL_ALIM,Galen,γαρος,ελαια,unreviewed,"Περὶ συκαμίνων, ἃ δὴ καὶ μόρα καλοῦσιν",pending_llm_review,,,
SNRC-00444,GAL_ALIM-2.11,GAL_ALIM,Galen,γαρος,ελαιον,unreviewed,"Περὶ συκαμίνων, ἃ δὴ καὶ μόρα καλοῦσιν",pending_llm_review,,,
SNRC-00445,GAL_ALIM-2.11,GAL_ALIM,Galen,γαρος,καρυον,unreviewed,"Περὶ συκαμίνων, ἃ δὴ καὶ μόρα καλοῦσιν",pending_llm_review,,,
SNRC-00446,GAL_ALIM-2.11,GAL_ALIM,Galen,γαρος,κολοκυνθη,unreviewed,"Περὶ συκαμίνων, ἃ δὴ καὶ μόρα καλοῦσιν",pending_llm_review,,,
SNRC-00447,GAL_ALIM-2.11,GAL_ALIM,Galen,γαρος,λαχανον,unreviewed,"Περὶ συκαμίνων, ἃ δὴ καὶ μόρα καλοῦσιν",pending_llm_review,,,
SNRC-00448,GAL_ALIM-2.11,GAL_ALIM,Galen,γαρος,μαλαχη,unreviewed,"Περὶ συκαμίνων, ἃ δὴ καὶ μόρα καλοῦσιν",pending_llm_review,,,
SNRC-00449,GAL_ALIM-2.11,GAL_ALIM,Galen,γαρος,μηλοπεπων,unreviewed,"Περὶ συκαμίνων, ἃ δὴ καὶ μόρα καλοῦσιν",pending_llm_review,,,
SNRC-00450,GAL_ALIM-2.11,GAL_ALIM,Galen,γαρος,μορον,unreviewed,"Περὶ συκαμίνων, ἃ δὴ καὶ μόρα καλοῦσιν",pending_llm_review,,,
SNRC-00451,GAL_ALIM-2.11,GAL_ALIM,Galen,γαρος,οινος,unreviewed,"Περὶ συκαμίνων, ἃ δὴ καὶ μόρα καλοῦσιν",pending_llm_review,,,
SNRC-00452,GAL_ALIM-2.11,GAL_ALIM,Galen,γαρος,πεπων,unreviewed,"Περὶ συκαμίνων, ἃ δὴ καὶ μόρα καλοῦσιν",pending_llm_review,,,
SNRC-00453,GAL_ALIM-2.11,GAL_ALIM,Galen,γαρος,περσικον,unreviewed,"Περὶ συκαμίνων, ἃ δὴ καὶ μόρα καλοῦσιν",pending_llm_review,,,
SNRC-00454,GAL_ALIM-2.11,GAL_ALIM,Galen,γαρος,πραικοκκιον,unreviewed,"Περὶ συκαμίνων, ἃ δὴ καὶ μόρα καλοῦσιν",pending_llm_review,,,
SNRC-00455,GAL_ALIM-2.20,GAL_ALIM,Galen,αρμενιακον,αρμενιον,unreviewed," ὑπάρχει, λέλεκται πρόσθεν. ἔστι μὲν οὖν ἀμείνω τὰ πραικόκκια καλούμενα τῶν Ἀρμενιακῶν. ὅσοι δὲ φεύγουσι τὴν τῶν πραικοκκίων προσηγορίαν, Ἀρμενιακὰ μῆλα καλοῦσιν ἀμφότερα, τινὲς δ' Ἀρμένια διὰ τεττάρων συλλαβῶν, οὐ πέντε.",pending_llm_review,,,
SNRC-00456,GAL_ALIM-2.20,GAL_ALIM,Galen,αρμενιακον,μηλον,unreviewed," ὑπάρχει, λέλεκται πρόσθεν. ἔστι μὲν οὖν ἀμείνω τὰ πραικόκκια καλούμενα τῶν Ἀρμενιακῶν. ὅσοι δὲ φεύγουσι τὴν τῶν πραικοκκίων προσηγορίαν, Ἀρμενιακὰ μῆλα καλοῦσιν ἀμφότερα, τινὲς δ' Ἀρμένια διὰ τεττάρων συλλαβῶν, οὐ πέντε.",pending_llm_review,,,
SNRC-00457,GAL_ALIM-2.20,GAL_ALIM,Galen,αρμενιακον,μηλον αρμενιακον,unreviewed," ὑπάρχει, λέλεκται πρόσθεν. ἔστι μὲν οὖν ἀμείνω τὰ πραικόκκια καλούμενα τῶν Ἀρμενιακῶν. ὅσοι δὲ φεύγουσι τὴν τῶν πραικοκκίων προσηγορίαν, Ἀρμενιακὰ μῆλα καλοῦσιν ἀμφότερα, τινὲς δ' Ἀρμένια διὰ τεττάρων συλλαβῶν, οὐ πέντε.",pending_llm_review,,,
SNRC-00458,GAL_ALIM-2.20,GAL_ALIM,Galen,αρμενιακον,περσικον,unreviewed," ὑπάρχει, λέλεκται πρόσθεν. ἔστι μὲν οὖν ἀμείνω τὰ πραικόκκια καλούμενα τῶν Ἀρμενιακῶν. ὅσοι δὲ φεύγουσι τὴν τῶν πραικοκκίων προσηγορίαν, Ἀρμενιακὰ μῆλα καλοῦσιν ἀμφότερα, τινὲς δ' Ἀρμένια διὰ τεττάρων συλλαβῶν, οὐ πέντε.",pending_llm_review,,,
SNRC-00459,GAL_ALIM-2.20,GAL_ALIM,Galen,αρμενιακον,πραικοκκιον,unreviewed," ὑπάρχει, λέλεκται πρόσθεν. ἔστι μὲν οὖν ἀμείνω τὰ πραικόκκια καλούμενα τῶν Ἀρμενιακῶν. ὅσοι δὲ φεύγουσι τὴν τῶν πραικοκκίων προσηγορίαν, Ἀρμενιακὰ μῆλα καλοῦσιν ἀμφότερα, τινὲς δ' Ἀρμένια διὰ τεττάρων συλλαβῶν, οὐ πέντε.",pending_llm_review,,,
SNRC-00460,GAL_ALIM-2.20,GAL_ALIM,Galen,αρμενιακον,χυμος,unreviewed," ὑπάρχει, λέλεκται πρόσθεν. ἔστι μὲν οὖν ἀμείνω τὰ πραικόκκια καλούμενα τῶν Ἀρμενιακῶν. ὅσοι δὲ φεύγουσι τὴν τῶν πραικοκκίων προσηγορίαν, Ἀρμενιακὰ μῆλα καλοῦσιν ἀμφότερα, τινὲς δ' Ἀρμένια διὰ τεττάρων συλλαβῶν, οὐ πέντε.",pending_llm_review,,,
SNRC-00461,GAL_ALIM-2.20,GAL_ALIM,Galen,αρμενιον,μηλον,unreviewed," ὑπάρχει, λέλεκται πρόσθεν. ἔστι μὲν οὖν ἀμείνω τὰ πραικόκκια καλούμενα τῶν Ἀρμενιακῶν. ὅσοι δὲ φεύγουσι τὴν τῶν πραικοκκίων προσηγορίαν, Ἀρμενιακὰ μῆλα καλοῦσιν ἀμφότερα, τινὲς δ' Ἀρμένια διὰ τεττάρων συλλαβῶν, οὐ πέντε.",pending_llm_review,,,
SNRC-00462,GAL_ALIM-2.20,GAL_ALIM,Galen,αρμενιον,μηλον αρμενιακον,unreviewed," ὑπάρχει, λέλεκται πρόσθεν. ἔστι μὲν οὖν ἀμείνω τὰ πραικόκκια καλούμενα τῶν Ἀρμενιακῶν. ὅσοι δὲ φεύγουσι τὴν τῶν πραικοκκίων προσηγορίαν, Ἀρμενιακὰ μῆλα καλοῦσιν ἀμφότερα, τινὲς δ' Ἀρμένια διὰ τεττάρων συλλαβῶν, οὐ πέντε.",pending_llm_review,,,
SNRC-00463,GAL_ALIM-2.20,GAL_ALIM,Galen,αρμενιον,περσικον,unreviewed," ὑπάρχει, λέλεκται πρόσθεν. ἔστι μὲν οὖν ἀμείνω τὰ πραικόκκια καλούμενα τῶν Ἀρμενιακῶν. ὅσοι δὲ φεύγουσι τὴν τῶν πραικοκκίων προσηγορίαν, Ἀρμενιακὰ μῆλα καλοῦσιν ἀμφότερα, τινὲς δ' Ἀρμένια διὰ τεττάρων συλλαβῶν, οὐ πέντε.",pending_llm_review,,,
SNRC-00464,GAL_ALIM-2.20,GAL_ALIM,Galen,αρμενιον,πραικοκκιον,unreviewed," ὑπάρχει, λέλεκται πρόσθεν. ἔστι μὲν οὖν ἀμείνω τὰ πραικόκκια καλούμενα τῶν Ἀρμενιακῶν. ὅσοι δὲ φεύγουσι τὴν τῶν πραικοκκίων προσηγορίαν, Ἀρμενιακὰ μῆλα καλοῦσιν ἀμφότερα, τινὲς δ' Ἀρμένια διὰ τεττάρων συλλαβῶν, οὐ πέντε.",pending_llm_review,,,
SNRC-00465,GAL_ALIM-2.20,GAL_ALIM,Galen,αρμενιον,χυμος,unreviewed," ὑπάρχει, λέλεκται πρόσθεν. ἔστι μὲν οὖν ἀμείνω τὰ πραικόκκια καλούμενα τῶν Ἀρμενιακῶν. ὅσοι δὲ φεύγουσι τὴν τῶν πραικοκκίων προσηγορίαν, Ἀρμενιακὰ μῆλα καλοῦσιν ἀμφότερα, τινὲς δ' Ἀρμένια διὰ τεττάρων συλλαβῶν, οὐ πέντε.",pending_llm_review,,,
SNRC-00466,GAL_ALIM-2.20,GAL_ALIM,Galen,μηλον,μηλον αρμενιακον,unreviewed," ὑπάρχει, λέλεκται πρόσθεν. ἔστι μὲν οὖν ἀμείνω τὰ πραικόκκια καλούμενα τῶν Ἀρμενιακῶν. ὅσοι δὲ φεύγουσι τὴν τῶν πραικοκκίων προσηγορίαν, Ἀρμενιακὰ μῆλα καλοῦσιν ἀμφότερα, τινὲς δ' Ἀρμένια διὰ τεττάρων συλλαβῶν, οὐ πέντε.",pending_llm_review,,,
SNRC-00467,GAL_ALIM-2.24,GAL_ALIM,Galen,αλφιτον,απιος,unreviewed,"ὸς ἔτι νεωτέρου περὶ αὐτῶν ἑτέρου δεήσῃ λόγου. καὶ γὰρ ἐν ταύταις ἔνιαι μὲν αὐστηραὶ μόνον ἢ στρυφναὶ φαίνονται, καθάπερ γε τινὲς μὲν ὀξεῖαι, τινὲς δὲ γλυκεῖαι, τινὲς δ' ἐκ τῆς τούτων μίξεως συγκείμεναι, καὶ τινὲς ὅλως οὐδεμίαν ἔχου|σαι τοιαύτην ἐπικρατ",pending_llm_review,,,
SNRC-00468,GAL_ALIM-2.24,GAL_ALIM,Galen,αλφιτον,μηλον,unreviewed,"ὸς ἔτι νεωτέρου περὶ αὐτῶν ἑτέρου δεήσῃ λόγου. καὶ γὰρ ἐν ταύταις ἔνιαι μὲν αὐστηραὶ μόνον ἢ στρυφναὶ φαίνονται, καθάπερ γε τινὲς μὲν ὀξεῖαι, τινὲς δὲ γλυκεῖαι, τινὲς δ' ἐκ τῆς τούτων μίξεως συγκείμεναι, καὶ τινὲς ὅλως οὐδεμίαν ἔχου|σαι τοιαύτην ἐπικρατ",pending_llm_review,,,
SNRC-00469,GAL_ALIM-2.24,GAL_ALIM,Galen,αλφιτον,μναια,unreviewed,"ὸς ἔτι νεωτέρου περὶ αὐτῶν ἑτέρου δεήσῃ λόγου. καὶ γὰρ ἐν ταύταις ἔνιαι μὲν αὐστηραὶ μόνον ἢ στρυφναὶ φαίνονται, καθάπερ γε τινὲς μὲν ὀξεῖαι, τινὲς δὲ γλυκεῖαι, τινὲς δ' ἐκ τῆς τούτων μίξεως συγκείμεναι, καὶ τινὲς ὅλως οὐδεμίαν ἔχου|σαι τοιαύτην ἐπικρατ",pending_llm_review,,,
SNRC-00470,GAL_ALIM-2.24,GAL_ALIM,Galen,αλφιτον,ουον,unreviewed,"ὸς ἔτι νεωτέρου περὶ αὐτῶν ἑτέρου δεήσῃ λόγου. καὶ γὰρ ἐν ταύταις ἔνιαι μὲν αὐστηραὶ μόνον ἢ στρυφναὶ φαίνονται, καθάπερ γε τινὲς μὲν ὀξεῖαι, τινὲς δὲ γλυκεῖαι, τινὲς δ' ἐκ τῆς τούτων μίξεως συγκείμεναι, καὶ τινὲς ὅλως οὐδεμίαν ἔχου|σαι τοιαύτην ἐπικρατ",pending_llm_review,,,
SNRC-00471,GAL_ALIM-2.24,GAL_ALIM,Galen,αλφιτον,ροια,unreviewed,"ὸς ἔτι νεωτέρου περὶ αὐτῶν ἑτέρου δεήσῃ λόγου. καὶ γὰρ ἐν ταύταις ἔνιαι μὲν αὐστηραὶ μόνον ἢ στρυφναὶ φαίνονται, καθάπερ γε τινὲς μὲν ὀξεῖαι, τινὲς δὲ γλυκεῖαι, τινὲς δ' ἐκ τῆς τούτων μίξεως συγκείμεναι, καὶ τινὲς ὅλως οὐδεμίαν ἔχου|σαι τοιαύτην ἐπικρατ",pending_llm_review,,,
SNRC-00472,GAL_ALIM-2.24,GAL_ALIM,Galen,αλφιτον,υδωρ,unreviewed,"ὸς ἔτι νεωτέρου περὶ αὐτῶν ἑτέρου δεήσῃ λόγου. καὶ γὰρ ἐν ταύταις ἔνιαι μὲν αὐστηραὶ μόνον ἢ στρυφναὶ φαίνονται, καθάπερ γε τινὲς μὲν ὀξεῖαι, τινὲς δὲ γλυκεῖαι, τινὲς δ' ἐκ τῆς τούτων μίξεως συγκείμεναι, καὶ τινὲς ὅλως οὐδεμίαν ἔχου|σαι τοιαύτην ἐπικρατ",pending_llm_review,,,
SNRC-00473,GAL_ALIM-2.24,GAL_ALIM,Galen,αλφιτον,χυμος,unreviewed,"ὸς ἔτι νεωτέρου περὶ αὐτῶν ἑτέρου δεήσῃ λόγου. καὶ γὰρ ἐν ταύταις ἔνιαι μὲν αὐστηραὶ μόνον ἢ στρυφναὶ φαίνονται, καθάπερ γε τινὲς μὲν ὀξεῖαι, τινὲς δὲ γλυκεῖαι, τινὲς δ' ἐκ τῆς τούτων μίξεως συγκείμεναι, καὶ τινὲς ὅλως οὐδεμίαν ἔχου|σαι τοιαύτην ἐπικρατ",pending_llm_review,,,
SNRC-00474,GAL_ALIM-2.24,GAL_ALIM,Galen,απιος,μηλον,unreviewed,"ὸς ἔτι νεωτέρου περὶ αὐτῶν ἑτέρου δεήσῃ λόγου. καὶ γὰρ ἐν ταύταις ἔνιαι μὲν αὐστηραὶ μόνον ἢ στρυφναὶ φαίνονται, καθάπερ γε τινὲς μὲν ὀξεῖαι, τινὲς δὲ γλυκεῖαι, τινὲς δ' ἐκ τῆς τούτων μίξεως συγκείμεναι, καὶ τινὲς ὅλως οὐδεμίαν ἔχου|σαι τοιαύτην ἐπικρατ",pending_llm_review,,,
SNRC-00475,GAL_ALIM-2.24,GAL_ALIM,Galen,απιος,μναια,unreviewed,"ὸς ἔτι νεωτέρου περὶ αὐτῶν ἑτέρου δεήσῃ λόγου. καὶ γὰρ ἐν ταύταις ἔνιαι μὲν αὐστηραὶ μόνον ἢ στρυφναὶ φαίνονται, καθάπερ γε τινὲς μὲν ὀξεῖαι, τινὲς δὲ γλυκεῖαι, τινὲς δ' ἐκ τῆς τούτων μίξεως συγκείμεναι, καὶ τινὲς ὅλως οὐδεμίαν ἔχου|σαι τοιαύτην ἐπικρατ",pending_llm_review,,,
SNRC-00476,GAL_ALIM-2.24,GAL_ALIM,Galen,απιος,ουον,unreviewed,"ὸς ἔτι νεωτέρου περὶ αὐτῶν ἑτέρου δεήσῃ λόγου. καὶ γὰρ ἐν ταύταις ἔνιαι μὲν αὐστηραὶ μόνον ἢ στρυφναὶ φαίνονται, καθάπερ γε τινὲς μὲν ὀξεῖαι, τινὲς δὲ γλυκεῖαι, τινὲς δ' ἐκ τῆς τούτων μίξεως συγκείμεναι, καὶ τινὲς ὅλως οὐδεμίαν ἔχου|σαι τοιαύτην ἐπικρατ",pending_llm_review,,,
SNRC-00477,GAL_ALIM-2.24,GAL_ALIM,Galen,απιος,ροια,unreviewed,"ὸς ἔτι νεωτέρου περὶ αὐτῶν ἑτέρου δεήσῃ λόγου. καὶ γὰρ ἐν ταύταις ἔνιαι μὲν αὐστηραὶ μόνον ἢ στρυφναὶ φαίνονται, καθάπερ γε τινὲς μὲν ὀξεῖαι, τινὲς δὲ γλυκεῖαι, τινὲς δ' ἐκ τῆς τούτων μίξεως συγκείμεναι, καὶ τινὲς ὅλως οὐδεμίαν ἔχου|σαι τοιαύτην ἐπικρατ",pending_llm_review,,,
SNRC-00478,GAL_ALIM-2.24,GAL_ALIM,Galen,απιος,υδωρ,unreviewed,"ὸς ἔτι νεωτέρου περὶ αὐτῶν ἑτέρου δεήσῃ λόγου. καὶ γὰρ ἐν ταύταις ἔνιαι μὲν αὐστηραὶ μόνον ἢ στρυφναὶ φαίνονται, καθάπερ γε τινὲς μὲν ὀξεῖαι, τινὲς δὲ γλυκεῖαι, τινὲς δ' ἐκ τῆς τούτων μίξεως συγκείμεναι, καὶ τινὲς ὅλως οὐδεμίαν ἔχου|σαι τοιαύτην ἐπικρατ",pending_llm_review,,,
SNRC-00479,GAL_ALIM-2.26,GAL_ALIM,Galen,βαλανος,βαλανος φοινικος,unreviewed,"φεκτικός. ἅπαντες δ' οἱ φοίνικες δύσπεπτοί τ' εἰσὶ καὶ κεφαλαλγεῖς πλείονες βρωθέντες. ἔνιοι δὲ καὶ δήξεώς τινος αἴσθησιν ἐμποιοῦσι τῷ στόματι τῆς κοιλίας, οἳ δὴ καὶ μᾶλλόν εἰσι κεφαλαλγεῖς. εἴρηται δὲ πολλάκις, ὅτι τὸ στόμα τῆς κοιλίας στόμαχον ὀνομάζουσ",pending_llm_review,,,
SNRC-00480,GAL_ALIM-2.26,GAL_ALIM,Galen,βαλανος,καρυωτος,unreviewed,"φεκτικός. ἅπαντες δ' οἱ φοίνικες δύσπεπτοί τ' εἰσὶ καὶ κεφαλαλγεῖς πλείονες βρωθέντες. ἔνιοι δὲ καὶ δήξεώς τινος αἴσθησιν ἐμποιοῦσι τῷ στόματι τῆς κοιλίας, οἳ δὴ καὶ μᾶλλόν εἰσι κεφαλαλγεῖς. εἴρηται δὲ πολλάκις, ὅτι τὸ στόμα τῆς κοιλίας στόμαχον ὀνομάζουσ",pending_llm_review,,,
SNRC-00481,GAL_ALIM-2.26,GAL_ALIM,Galen,βαλανος,ισχας,unreviewed,"φεκτικός. ἅπαντες δ' οἱ φοίνικες δύσπεπτοί τ' εἰσὶ καὶ κεφαλαλγεῖς πλείονες βρωθέντες. ἔνιοι δὲ καὶ δήξεώς τινος αἴσθησιν ἐμποιοῦσι τῷ στόματι τῆς κοιλίας, οἳ δὴ καὶ μᾶλλόν εἰσι κεφαλαλγεῖς. εἴρηται δὲ πολλάκις, ὅτι τὸ στόμα τῆς κοιλίας στόμαχον ὀνομάζουσ",pending_llm_review,,,
SNRC-00482,GAL_ALIM-2.26,GAL_ALIM,Galen,βαλανος,συκον,unreviewed,"φεκτικός. ἅπαντες δ' οἱ φοίνικες δύσπεπτοί τ' εἰσὶ καὶ κεφαλαλγεῖς πλείονες βρωθέντες. ἔνιοι δὲ καὶ δήξεώς τινος αἴσθησιν ἐμποιοῦσι τῷ στόματι τῆς κοιλίας, οἳ δὴ καὶ μᾶλλόν εἰσι κεφαλαλγεῖς. εἴρηται δὲ πολλάκις, ὅτι τὸ στόμα τῆς κοιλίας στόμαχον ὀνομάζουσ",pending_llm_review,,,
SNRC-00483,GAL_ALIM-2.26,GAL_ALIM,Galen,βαλανος,φοινιξ,unreviewed,"φεκτικός. ἅπαντες δ' οἱ φοίνικες δύσπεπτοί τ' εἰσὶ καὶ κεφαλαλγεῖς πλείονες βρωθέντες. ἔνιοι δὲ καὶ δήξεώς τινος αἴσθησιν ἐμποιοῦσι τῷ στόματι τῆς κοιλίας, οἳ δὴ καὶ μᾶλλόν εἰσι κεφαλαλγεῖς. εἴρηται δὲ πολλάκις, ὅτι τὸ στόμα τῆς κοιλίας στόμαχον ὀνομάζουσ",pending_llm_review,,,
SNRC-00484,GAL_ALIM-2.26,GAL_ALIM,Galen,βαλανος,χλωρος φοινιξ,unreviewed,"φεκτικός. ἅπαντες δ' οἱ φοίνικες δύσπεπτοί τ' εἰσὶ καὶ κεφαλαλγεῖς πλείονες βρωθέντες. ἔνιοι δὲ καὶ δήξεώς τινος αἴσθησιν ἐμποιοῦσι τῷ στόματι τῆς κοιλίας, οἳ δὴ καὶ μᾶλλόν εἰσι κεφαλαλγεῖς. εἴρηται δὲ πολλάκις, ὅτι τὸ στόμα τῆς κοιλίας στόμαχον ὀνομάζουσ",pending_llm_review,,,
SNRC-00485,GAL_ALIM-2.26,GAL_ALIM,Galen,βαλανος φοινικος,καρυωτος,unreviewed,"φεκτικός. ἅπαντες δ' οἱ φοίνικες δύσπεπτοί τ' εἰσὶ καὶ κεφαλαλγεῖς πλείονες βρωθέντες. ἔνιοι δὲ καὶ δήξεώς τινος αἴσθησιν ἐμποιοῦσι τῷ στόματι τῆς κοιλίας, οἳ δὴ καὶ μᾶλλόν εἰσι κεφαλαλγεῖς. εἴρηται δὲ πολλάκις, ὅτι τὸ στόμα τῆς κοιλίας στόμαχον ὀνομάζουσ",pending_llm_review,,,
SNRC-00486,GAL_ALIM-2.26,GAL_ALIM,Galen,βαλανος φοινικος,ισχας,unreviewed,"φεκτικός. ἅπαντες δ' οἱ φοίνικες δύσπεπτοί τ' εἰσὶ καὶ κεφαλαλγεῖς πλείονες βρωθέντες. ἔνιοι δὲ καὶ δήξεώς τινος αἴσθησιν ἐμποιοῦσι τῷ στόματι τῆς κοιλίας, οἳ δὴ καὶ μᾶλλόν εἰσι κεφαλαλγεῖς. εἴρηται δὲ πολλάκις, ὅτι τὸ στόμα τῆς κοιλίας στόμαχον ὀνομάζουσ",pending_llm_review,,,
SNRC-00487,GAL_ALIM-2.26,GAL_ALIM,Galen,βαλανος φοινικος,συκον,unreviewed,"φεκτικός. ἅπαντες δ' οἱ φοίνικες δύσπεπτοί τ' εἰσὶ καὶ κεφαλαλγεῖς πλείονες βρωθέντες. ἔνιοι δὲ καὶ δήξεώς τινος αἴσθησιν ἐμποιοῦσι τῷ στόματι τῆς κοιλίας, οἳ δὴ καὶ μᾶλλόν εἰσι κεφαλαλγεῖς. εἴρηται δὲ πολλάκις, ὅτι τὸ στόμα τῆς κοιλίας στόμαχον ὀνομάζουσ",pending_llm_review,,,
SNRC-00488,GAL_ALIM-2.26,GAL_ALIM,Galen,βαλανος φοινικος,φοινιξ,unreviewed,"φεκτικός. ἅπαντες δ' οἱ φοίνικες δύσπεπτοί τ' εἰσὶ καὶ κεφαλαλγεῖς πλείονες βρωθέντες. ἔνιοι δὲ καὶ δήξεώς τινος αἴσθησιν ἐμποιοῦσι τῷ στόματι τῆς κοιλίας, οἳ δὴ καὶ μᾶλλόν εἰσι κεφαλαλγεῖς. εἴρηται δὲ πολλάκις, ὅτι τὸ στόμα τῆς κοιλίας στόμαχον ὀνομάζουσ",pending_llm_review,,,
SNRC-00489,GAL_ALIM-2.26,GAL_ALIM,Galen,βαλανος φοινικος,χλωρος φοινιξ,unreviewed,"φεκτικός. ἅπαντες δ' οἱ φοίνικες δύσπεπτοί τ' εἰσὶ καὶ κεφαλαλγεῖς πλείονες βρωθέντες. ἔνιοι δὲ καὶ δήξεώς τινος αἴσθησιν ἐμποιοῦσι τῷ στόματι τῆς κοιλίας, οἳ δὴ καὶ μᾶλλόν εἰσι κεφαλαλγεῖς. εἴρηται δὲ πολλάκις, ὅτι τὸ στόμα τῆς κοιλίας στόμαχον ὀνομάζουσ",pending_llm_review,,,
SNRC-00490,GAL_ALIM-2.26,GAL_ALIM,Galen,καρυωτος,ισχας,unreviewed,"φεκτικός. ἅπαντες δ' οἱ φοίνικες δύσπεπτοί τ' εἰσὶ καὶ κεφαλαλγεῖς πλείονες βρωθέντες. ἔνιοι δὲ καὶ δήξεώς τινος αἴσθησιν ἐμποιοῦσι τῷ στόματι τῆς κοιλίας, οἳ δὴ καὶ μᾶλλόν εἰσι κεφαλαλγεῖς. εἴρηται δὲ πολλάκις, ὅτι τὸ στόμα τῆς κοιλίας στόμαχον ὀνομάζουσ",pending_llm_review,,,
SNRC-00491,GAL_ALIM-2.3,GAL_ALIM,Galen,κολοκυνθη,μηλον,unreviewed," καὶ ταύτην γοῦν καὶ ἄλλα πολλὰ τῶν ὡραίων ἅπαντες ἄνθρωποι μετὰ τὴν ἕψησιν ἤτοι γ' εὐθέως ἢ ταγηνίσαντες ἢ ὀπτήσαντες εἰώθασι προσφέρεσθαι. καί σοι καὶ οὗτος ἐν τῇ μνήμῃ φυλαττέσθω ὁ λόγος, κοινὸς ἐπὶ πᾶσι τοῖς δεομένοις ἀλλοιώσεως τυχεῖν τῆς διὰ πυρός",pending_llm_review,,,
SNRC-00492,GAL_ALIM-2.3,GAL_ALIM,Galen,κολοκυνθη,μηλον κυδωνιον,unreviewed," καὶ ταύτην γοῦν καὶ ἄλλα πολλὰ τῶν ὡραίων ἅπαντες ἄνθρωποι μετὰ τὴν ἕψησιν ἤτοι γ' εὐθέως ἢ ταγηνίσαντες ἢ ὀπτήσαντες εἰώθασι προσφέρεσθαι. καί σοι καὶ οὗτος ἐν τῇ μνήμῃ φυλαττέσθω ὁ λόγος, κοινὸς ἐπὶ πᾶσι τοῖς δεομένοις ἀλλοιώσεως τυχεῖν τῆς διὰ πυρός",pending_llm_review,,,
SNRC-00493,GAL_ALIM-2.3,GAL_ALIM,Galen,κολοκυνθη,μυλλος,unreviewed," καὶ ταύτην γοῦν καὶ ἄλλα πολλὰ τῶν ὡραίων ἅπαντες ἄνθρωποι μετὰ τὴν ἕψησιν ἤτοι γ' εὐθέως ἢ ταγηνίσαντες ἢ ὀπτήσαντες εἰώθασι προσφέρεσθαι. καί σοι καὶ οὗτος ἐν τῇ μνήμῃ φυλαττέσθω ὁ λόγος, κοινὸς ἐπὶ πᾶσι τοῖς δεομένοις ἀλλοιώσεως τυχεῖν τῆς διὰ πυρός",pending_llm_review,,,
SNRC-00494,GAL_ALIM-2.3,GAL_ALIM,Galen,κολοκυνθη,ναπυς,unreviewed," καὶ ταύτην γοῦν καὶ ἄλλα πολλὰ τῶν ὡραίων ἅπαντες ἄνθρωποι μετὰ τὴν ἕψησιν ἤτοι γ' εὐθέως ἢ ταγηνίσαντες ἢ ὀπτήσαντες εἰώθασι προσφέρεσθαι. καί σοι καὶ οὗτος ἐν τῇ μνήμῃ φυλαττέσθω ὁ λόγος, κοινὸς ἐπὶ πᾶσι τοῖς δεομένοις ἀλλοιώσεως τυχεῖν τῆς διὰ πυρός",pending_llm_review,,,
SNRC-00495,GAL_ALIM-2.3,GAL_ALIM,Galen,κολοκυνθη,οριγανον,unreviewed," καὶ ταύτην γοῦν καὶ ἄλλα πολλὰ τῶν ὡραίων ἅπαντες ἄνθρωποι μετὰ τὴν ἕψησιν ἤτοι γ' εὐθέως ἢ ταγηνίσαντες ἢ ὀπτήσαντες εἰώθασι προσφέρεσθαι. καί σοι καὶ οὗτος ἐν τῇ μνήμῃ φυλαττέσθω ὁ λόγος, κοινὸς ἐπὶ πᾶσι τοῖς δεομένοις ἀλλοιώσεως τυχεῖν τῆς διὰ πυρός",pending_llm_review,,,
SNRC-00496,GAL_ALIM-2.3,GAL_ALIM,Galen,κολοκυνθη,ταριχος,unreviewed," καὶ ταύτην γοῦν καὶ ἄλλα πολλὰ τῶν ὡραίων ἅπαντες ἄνθρωποι μετὰ τὴν ἕψησιν ἤτοι γ' εὐθέως ἢ ταγηνίσαντες ἢ ὀπτήσαντες εἰώθασι προσφέρεσθαι. καί σοι καὶ οὗτος ἐν τῇ μνήμῃ φυλαττέσθω ὁ λόγος, κοινὸς ἐπὶ πᾶσι τοῖς δεομένοις ἀλλοιώσεως τυχεῖν τῆς διὰ πυρός",pending_llm_review,,,
SNRC-00497,GAL_ALIM-2.3,GAL_ALIM,Galen,κολοκυνθη,υδωρ,unreviewed," καὶ ταύτην γοῦν καὶ ἄλλα πολλὰ τῶν ὡραίων ἅπαντες ἄνθρωποι μετὰ τὴν ἕψησιν ἤτοι γ' εὐθέως ἢ ταγηνίσαντες ἢ ὀπτήσαντες εἰώθασι προσφέρεσθαι. καί σοι καὶ οὗτος ἐν τῇ μνήμῃ φυλαττέσθω ὁ λόγος, κοινὸς ἐπὶ πᾶσι τοῖς δεομένοις ἀλλοιώσεως τυχεῖν τῆς διὰ πυρός",pending_llm_review,,,
SNRC-00498,GAL_ALIM-2.3,GAL_ALIM,Galen,κολοκυνθη,χυμος,unreviewed," καὶ ταύτην γοῦν καὶ ἄλλα πολλὰ τῶν ὡραίων ἅπαντες ἄνθρωποι μετὰ τὴν ἕψησιν ἤτοι γ' εὐθέως ἢ ταγηνίσαντες ἢ ὀπτήσαντες εἰώθασι προσφέρεσθαι. καί σοι καὶ οὗτος ἐν τῇ μνήμῃ φυλαττέσθω ὁ λόγος, κοινὸς ἐπὶ πᾶσι τοῖς δεομένοις ἀλλοιώσεως τυχεῖν τῆς διὰ πυρός",pending_llm_review,,,
SNRC-00499,GAL_ALIM-2.3,GAL_ALIM,Galen,μηλον,μηλον κυδωνιον,unreviewed," καὶ ταύτην γοῦν καὶ ἄλλα πολλὰ τῶν ὡραίων ἅπαντες ἄνθρωποι μετὰ τὴν ἕψησιν ἤτοι γ' εὐθέως ἢ ταγηνίσαντες ἢ ὀπτήσαντες εἰώθασι προσφέρεσθαι. καί σοι καὶ οὗτος ἐν τῇ μνήμῃ φυλαττέσθω ὁ λόγος, κοινὸς ἐπὶ πᾶσι τοῖς δεομένοις ἀλλοιώσεως τυχεῖν τῆς διὰ πυρός",pending_llm_review,,,
SNRC-00500,GAL_ALIM-2.3,GAL_ALIM,Galen,μηλον,μυλλος,unreviewed," καὶ ταύτην γοῦν καὶ ἄλλα πολλὰ τῶν ὡραίων ἅπαντες ἄνθρωποι μετὰ τὴν ἕψησιν ἤτοι γ' εὐθέως ἢ ταγηνίσαντες ἢ ὀπτήσαντες εἰώθασι προσφέρεσθαι. καί σοι καὶ οὗτος ἐν τῇ μνήμῃ φυλαττέσθω ὁ λόγος, κοινὸς ἐπὶ πᾶσι τοῖς δεομένοις ἀλλοιώσεως τυχεῖν τῆς διὰ πυρός",pending_llm_review,,,
SNRC-00501,GAL_ALIM-2.3,GAL_ALIM,Galen,μηλον,ναπυς,unreviewed," καὶ ταύτην γοῦν καὶ ἄλλα πολλὰ τῶν ὡραίων ἅπαντες ἄνθρωποι μετὰ τὴν ἕψησιν ἤτοι γ' εὐθέως ἢ ταγηνίσαντες ἢ ὀπτήσαντες εἰώθασι προσφέρεσθαι. καί σοι καὶ οὗτος ἐν τῇ μνήμῃ φυλαττέσθω ὁ λόγος, κοινὸς ἐπὶ πᾶσι τοῖς δεομένοις ἀλλοιώσεως τυχεῖν τῆς διὰ πυρός",pending_llm_review,,,
SNRC-00502,GAL_ALIM-2.3,GAL_ALIM,Galen,μηλον,οριγανον,unreviewed," καὶ ταύτην γοῦν καὶ ἄλλα πολλὰ τῶν ὡραίων ἅπαντες ἄνθρωποι μετὰ τὴν ἕψησιν ἤτοι γ' εὐθέως ἢ ταγηνίσαντες ἢ ὀπτήσαντες εἰώθασι προσφέρεσθαι. καί σοι καὶ οὗτος ἐν τῇ μνήμῃ φυλαττέσθω ὁ λόγος, κοινὸς ἐπὶ πᾶσι τοῖς δεομένοις ἀλλοιώσεως τυχεῖν τῆς διὰ πυρός",pending_llm_review,,,
SNRC-00503,GAL_ALIM-2.34,GAL_ALIM,Galen,αλς,καππαρις,unreviewed," ἐσθιόντων αὐτὴν σῶμα, καθάπερ καὶ τἄλλα πάνθ' ὅσα λεπτομερῆ. χρώμεθα δ' ὡς φαρμάκῳ μᾶλλον ἢ ὡς τροφῇ τῷ καρπῷ τοῦ φυτοῦ. κομίζεται γὰρ ὡς ἡμᾶς ἁλσὶ διαπασθεῖσα διὰ τὸ σήπεσθαι μόνην ἀποτιθεμένην. εὔδηλον οὖν, ὅτι χλωρὰ μὲν ἔτι πρὶν ταριχευθῆναι πλέον ἔ",pending_llm_review,,,
SNRC-00504,GAL_ALIM-2.34,GAL_ALIM,Galen,αλς,οξος,unreviewed," ἐσθιόντων αὐτὴν σῶμα, καθάπερ καὶ τἄλλα πάνθ' ὅσα λεπτομερῆ. χρώμεθα δ' ὡς φαρμάκῳ μᾶλλον ἢ ὡς τροφῇ τῷ καρπῷ τοῦ φυτοῦ. κομίζεται γὰρ ὡς ἡμᾶς ἁλσὶ διαπασθεῖσα διὰ τὸ σήπεσθαι μόνην ἀποτιθεμένην. εὔδηλον οὖν, ὅτι χλωρὰ μὲν ἔτι πρὶν ταριχευθῆναι πλέον ἔ",pending_llm_review,,,
SNRC-00505,GAL_ALIM-2.34,GAL_ALIM,Galen,αλς,τερμινθος,unreviewed," ἐσθιόντων αὐτὴν σῶμα, καθάπερ καὶ τἄλλα πάνθ' ὅσα λεπτομερῆ. χρώμεθα δ' ὡς φαρμάκῳ μᾶλλον ἢ ὡς τροφῇ τῷ καρπῷ τοῦ φυτοῦ. κομίζεται γὰρ ὡς ἡμᾶς ἁλσὶ διαπασθεῖσα διὰ τὸ σήπεσθαι μόνην ἀποτιθεμένην. εὔδηλον οὖν, ὅτι χλωρὰ μὲν ἔτι πρὶν ταριχευθῆναι πλέον ἔ",pending_llm_review,,,
SNRC-00506,GAL_ALIM-2.34,GAL_ALIM,Galen,αλς,φλεγμα,unreviewed," ἐσθιόντων αὐτὴν σῶμα, καθάπερ καὶ τἄλλα πάνθ' ὅσα λεπτομερῆ. χρώμεθα δ' ὡς φαρμάκῳ μᾶλλον ἢ ὡς τροφῇ τῷ καρπῷ τοῦ φυτοῦ. κομίζεται γὰρ ὡς ἡμᾶς ἁλσὶ διαπασθεῖσα διὰ τὸ σήπεσθαι μόνην ἀποτιθεμένην. εὔδηλον οὖν, ὅτι χλωρὰ μὲν ἔτι πρὶν ταριχευθῆναι πλέον ἔ",pending_llm_review,,,
SNRC-00507,GAL_ALIM-2.34,GAL_ALIM,Galen,αλς,ακρεμονας,unreviewed," ἐσθιόντων αὐτὴν σῶμα, καθάπερ καὶ τἄλλα πάνθ' ὅσα λεπτομερῆ. χρώμεθα δ' ὡς φαρμάκῳ μᾶλλον ἢ ὡς τροφῇ τῷ καρπῷ τοῦ φυτοῦ. κομίζεται γὰρ ὡς ἡμᾶς ἁλσὶ διαπασθεῖσα διὰ τὸ σήπεσθαι μόνην ἀποτιθεμένην. εὔδηλον οὖν, ὅτι χλωρὰ μὲν ἔτι πρὶν ταριχευθῆναι πλέον ἔ",pending_llm_review,,,
SNRC-00508,GAL_ALIM-2.34,GAL_ALIM,Galen,αλς,καρπω,unreviewed," ἐσθιόντων αὐτὴν σῶμα, καθάπερ καὶ τἄλλα πάνθ' ὅσα λεπτομερῆ. χρώμεθα δ' ὡς φαρμάκῳ μᾶλλον ἢ ὡς τροφῇ τῷ καρπῷ τοῦ φυτοῦ. κομίζεται γὰρ ὡς ἡμᾶς ἁλσὶ διαπασθεῖσα διὰ τὸ σήπεσθαι μόνην ἀποτιθεμένην. εὔδηλον οὖν, ὅτι χλωρὰ μὲν ἔτι πρὶν ταριχευθῆναι πλέον ἔ",pending_llm_review,,,
SNRC-00509,GAL_ALIM-2.34,GAL_ALIM,Galen,καππαρις,οξος,unreviewed," ἐσθιόντων αὐτὴν σῶμα, καθάπερ καὶ τἄλλα πάνθ' ὅσα λεπτομερῆ. χρώμεθα δ' ὡς φαρμάκῳ μᾶλλον ἢ ὡς τροφῇ τῷ καρπῷ τοῦ φυτοῦ. κομίζεται γὰρ ὡς ἡμᾶς ἁλσὶ διαπασθεῖσα διὰ τὸ σήπεσθαι μόνην ἀποτιθεμένην. εὔδηλον οὖν, ὅτι χλωρὰ μὲν ἔτι πρὶν ταριχευθῆναι πλέον ἔ",pending_llm_review,,,
SNRC-00510,GAL_ALIM-2.34,GAL_ALIM,Galen,καππαρις,τερμινθος,unreviewed," ἐσθιόντων αὐτὴν σῶμα, καθάπερ καὶ τἄλλα πάνθ' ὅσα λεπτομερῆ. χρώμεθα δ' ὡς φαρμάκῳ μᾶλλον ἢ ὡς τροφῇ τῷ καρπῷ τοῦ φυτοῦ. κομίζεται γὰρ ὡς ἡμᾶς ἁλσὶ διαπασθεῖσα διὰ τὸ σήπεσθαι μόνην ἀποτιθεμένην. εὔδηλον οὖν, ὅτι χλωρὰ μὲν ἔτι πρὶν ταριχευθῆναι πλέον ἔ",pending_llm_review,,,
SNRC-00511,GAL_ALIM-2.34,GAL_ALIM,Galen,καππαρις,φλεγμα,unreviewed," ἐσθιόντων αὐτὴν σῶμα, καθάπερ καὶ τἄλλα πάνθ' ὅσα λεπτομερῆ. χρώμεθα δ' ὡς φαρμάκῳ μᾶλλον ἢ ὡς τροφῇ τῷ καρπῷ τοῦ φυτοῦ. κομίζεται γὰρ ὡς ἡμᾶς ἁλσὶ διαπασθεῖσα διὰ τὸ σήπεσθαι μόνην ἀποτιθεμένην. εὔδηλον οὖν, ὅτι χλωρὰ μὲν ἔτι πρὶν ταριχευθῆναι πλέον ἔ",pending_llm_review,,,
SNRC-00512,GAL_ALIM-2.34,GAL_ALIM,Galen,καππαρις,ακρεμονας,unreviewed," ἐσθιόντων αὐτὴν σῶμα, καθάπερ καὶ τἄλλα πάνθ' ὅσα λεπτομερῆ. χρώμεθα δ' ὡς φαρμάκῳ μᾶλλον ἢ ὡς τροφῇ τῷ καρπῷ τοῦ φυτοῦ. κομίζεται γὰρ ὡς ἡμᾶς ἁλσὶ διαπασθεῖσα διὰ τὸ σήπεσθαι μόνην ἀποτιθεμένην. εὔδηλον οὖν, ὅτι χλωρὰ μὲν ἔτι πρὶν ταριχευθῆναι πλέον ἔ",pending_llm_review,,,
SNRC-00513,GAL_ALIM-2.34,GAL_ALIM,Galen,καππαρις,καρπω,unreviewed," ἐσθιόντων αὐτὴν σῶμα, καθάπερ καὶ τἄλλα πάνθ' ὅσα λεπτομερῆ. χρώμεθα δ' ὡς φαρμάκῳ μᾶλλον ἢ ὡς τροφῇ τῷ καρπῷ τοῦ φυτοῦ. κομίζεται γὰρ ὡς ἡμᾶς ἁλσὶ διαπασθεῖσα διὰ τὸ σήπεσθαι μόνην ἀποτιθεμένην. εὔδηλον οὖν, ὅτι χλωρὰ μὲν ἔτι πρὶν ταριχευθῆναι πλέον ἔ",pending_llm_review,,,
SNRC-00514,GAL_ALIM-2.34,GAL_ALIM,Galen,οξος,τερμινθος,unreviewed," ἐσθιόντων αὐτὴν σῶμα, καθάπερ καὶ τἄλλα πάνθ' ὅσα λεπτομερῆ. χρώμεθα δ' ὡς φαρμάκῳ μᾶλλον ἢ ὡς τροφῇ τῷ καρπῷ τοῦ φυτοῦ. κομίζεται γὰρ ὡς ἡμᾶς ἁλσὶ διαπασθεῖσα διὰ τὸ σήπεσθαι μόνην ἀποτιθεμένην. εὔδηλον οὖν, ὅτι χλωρὰ μὲν ἔτι πρὶν ταριχευθῆναι πλέον ἔ",pending_llm_review,,,
SNRC-00515,GAL_ALIM-2.40,GAL_ALIM,Galen,αιμα,γαρος,unreviewed,"η|ται θέρους ὥρᾳ, προεψήσαντες ἐν ὕδατι γλυκεῖ προσφέρονται δι' ἐλαίου καὶ γάρου καὶ ὄξους ἢ διά τινος τῶν ὑποτριμμάτων, καὶ μάλισθ' ὅσα διὰ τυροῦ σκευάζεται. χρῶνται δ' αὐτῇ καὶ πρὶν εἰς καυλὸν ἐξορμῆσαι πολλοὶ δι' ὕδατος ἕψοντες, ὥσπερ κἀγὼ νῦν ἠρξάμη",pending_llm_review,,,
SNRC-00516,GAL_ALIM-2.40,GAL_ALIM,Galen,αιμα,ελαιον,unreviewed,"η|ται θέρους ὥρᾳ, προεψήσαντες ἐν ὕδατι γλυκεῖ προσφέρονται δι' ἐλαίου καὶ γάρου καὶ ὄξους ἢ διά τινος τῶν ὑποτριμμάτων, καὶ μάλισθ' ὅσα διὰ τυροῦ σκευάζεται. χρῶνται δ' αὐτῇ καὶ πρὶν εἰς καυλὸν ἐξορμῆσαι πολλοὶ δι' ὕδατος ἕψοντες, ὥσπερ κἀγὼ νῦν ἠρξάμη",pending_llm_review,,,
SNRC-00517,GAL_ALIM-2.40,GAL_ALIM,Galen,αιμα,λαχανον,unreviewed,"η|ται θέρους ὥρᾳ, προεψήσαντες ἐν ὕδατι γλυκεῖ προσφέρονται δι' ἐλαίου καὶ γάρου καὶ ὄξους ἢ διά τινος τῶν ὑποτριμμάτων, καὶ μάλισθ' ὅσα διὰ τυροῦ σκευάζεται. χρῶνται δ' αὐτῇ καὶ πρὶν εἰς καυλὸν ἐξορμῆσαι πολλοὶ δι' ὕδατος ἕψοντες, ὥσπερ κἀγὼ νῦν ἠρξάμη",pending_llm_review,,,
SNRC-00518,GAL_ALIM-2.40,GAL_ALIM,Galen,αιμα,λαχανον αγριον,unreviewed,"η|ται θέρους ὥρᾳ, προεψήσαντες ἐν ὕδατι γλυκεῖ προσφέρονται δι' ἐλαίου καὶ γάρου καὶ ὄξους ἢ διά τινος τῶν ὑποτριμμάτων, καὶ μάλισθ' ὅσα διὰ τυροῦ σκευάζεται. χρῶνται δ' αὐτῇ καὶ πρὶν εἰς καυλὸν ἐξορμῆσαι πολλοὶ δι' ὕδατος ἕψοντες, ὥσπερ κἀγὼ νῦν ἠρξάμη",pending_llm_review,,,
SNRC-00519,GAL_ALIM-2.40,GAL_ALIM,Galen,αιμα,οξος,unreviewed,"η|ται θέρους ὥρᾳ, προεψήσαντες ἐν ὕδατι γλυκεῖ προσφέρονται δι' ἐλαίου καὶ γάρου καὶ ὄξους ἢ διά τινος τῶν ὑποτριμμάτων, καὶ μάλισθ' ὅσα διὰ τυροῦ σκευάζεται. χρῶνται δ' αὐτῇ καὶ πρὶν εἰς καυλὸν ἐξορμῆσαι πολλοὶ δι' ὕδατος ἕψοντες, ὥσπερ κἀγὼ νῦν ἠρξάμη",pending_llm_review,,,
SNRC-00520,GAL_ALIM-2.40,GAL_ALIM,Galen,αιμα,οπος,unreviewed,"η|ται θέρους ὥρᾳ, προεψήσαντες ἐν ὕδατι γλυκεῖ προσφέρονται δι' ἐλαίου καὶ γάρου καὶ ὄξους ἢ διά τινος τῶν ὑποτριμμάτων, καὶ μάλισθ' ὅσα διὰ τυροῦ σκευάζεται. χρῶνται δ' αὐτῇ καὶ πρὶν εἰς καυλὸν ἐξορμῆσαι πολλοὶ δι' ὕδατος ἕψοντες, ὥσπερ κἀγὼ νῦν ἠρξάμη",pending_llm_review,,,
SNRC-00521,GAL_ALIM-2.40,GAL_ALIM,Galen,αιμα,θριδακινη,unreviewed,"η|ται θέρους ὥρᾳ, προεψήσαντες ἐν ὕδατι γλυκεῖ προσφέρονται δι' ἐλαίου καὶ γάρου καὶ ὄξους ἢ διά τινος τῶν ὑποτριμμάτων, καὶ μάλισθ' ὅσα διὰ τυροῦ σκευάζεται. χρῶνται δ' αὐτῇ καὶ πρὶν εἰς καυλὸν ἐξορμῆσαι πολλοὶ δι' ὕδατος ἕψοντες, ὥσπερ κἀγὼ νῦν ἠρξάμη",pending_llm_review,,,
SNRC-00522,GAL_ALIM-2.40,GAL_ALIM,Galen,αιμα,θριδακινη κηπευομενη,unreviewed,"η|ται θέρους ὥρᾳ, προεψήσαντες ἐν ὕδατι γλυκεῖ προσφέρονται δι' ἐλαίου καὶ γάρου καὶ ὄξους ἢ διά τινος τῶν ὑποτριμμάτων, καὶ μάλισθ' ὅσα διὰ τυροῦ σκευάζεται. χρῶνται δ' αὐτῇ καὶ πρὶν εἰς καυλὸν ἐξορμῆσαι πολλοὶ δι' ὕδατος ἕψοντες, ὥσπερ κἀγὼ νῦν ἠρξάμη",pending_llm_review,,,
SNRC-00523,GAL_ALIM-2.40,GAL_ALIM,Galen,αιμα,θριδαξ,unreviewed,"η|ται θέρους ὥρᾳ, προεψήσαντες ἐν ὕδατι γλυκεῖ προσφέρονται δι' ἐλαίου καὶ γάρου καὶ ὄξους ἢ διά τινος τῶν ὑποτριμμάτων, καὶ μάλισθ' ὅσα διὰ τυροῦ σκευάζεται. χρῶνται δ' αὐτῇ καὶ πρὶν εἰς καυλὸν ἐξορμῆσαι πολλοὶ δι' ὕδατος ἕψοντες, ὥσπερ κἀγὼ νῦν ἠρξάμη",pending_llm_review,,,
SNRC-00524,GAL_ALIM-2.40,GAL_ALIM,Galen,αιμα,θριδαξ κηπευομενη,unreviewed,"η|ται θέρους ὥρᾳ, προεψήσαντες ἐν ὕδατι γλυκεῖ προσφέρονται δι' ἐλαίου καὶ γάρου καὶ ὄξους ἢ διά τινος τῶν ὑποτριμμάτων, καὶ μάλισθ' ὅσα διὰ τυροῦ σκευάζεται. χρῶνται δ' αὐτῇ καὶ πρὶν εἰς καυλὸν ἐξορμῆσαι πολλοὶ δι' ὕδατος ἕψοντες, ὥσπερ κἀγὼ νῦν ἠρξάμη",pending_llm_review,,,
SNRC-00525,GAL_ALIM-2.40,GAL_ALIM,Galen,αιμα,τιθυμαλλον,unreviewed,"η|ται θέρους ὥρᾳ, προεψήσαντες ἐν ὕδατι γλυκεῖ προσφέρονται δι' ἐλαίου καὶ γάρου καὶ ὄξους ἢ διά τινος τῶν ὑποτριμμάτων, καὶ μάλισθ' ὅσα διὰ τυροῦ σκευάζεται. χρῶνται δ' αὐτῇ καὶ πρὶν εἰς καυλὸν ἐξορμῆσαι πολλοὶ δι' ὕδατος ἕψοντες, ὥσπερ κἀγὼ νῦν ἠρξάμη",pending_llm_review,,,
SNRC-00526,GAL_ALIM-2.40,GAL_ALIM,Galen,αιμα,υδωρ,unreviewed,"η|ται θέρους ὥρᾳ, προεψήσαντες ἐν ὕδατι γλυκεῖ προσφέρονται δι' ἐλαίου καὶ γάρου καὶ ὄξους ἢ διά τινος τῶν ὑποτριμμάτων, καὶ μάλισθ' ὅσα διὰ τυροῦ σκευάζεται. χρῶνται δ' αὐτῇ καὶ πρὶν εἰς καυλὸν ἐξορμῆσαι πολλοὶ δι' ὕδατος ἕψοντες, ὥσπερ κἀγὼ νῦν ἠρξάμη",pending_llm_review,,,
SNRC-00527,GAL_ALIM-2.43,GAL_ALIM,Galen,αγρια μαλαχη,γληχων,unreviewed,"ηδειότερον δ' ἐστὶ μαλάχης εἰς τὰς κατὰ τὸ ἧπαρ ἐμφράξεις, ἔτι δὲ μᾶλλον, ὅταν μετὰ νάπυος ἢ πάντως γε μετ' ὄξους ἐσθίηται· καὶ τοῖς ὑποσπλήνοις δὲ τὸν αὐτὸν τρόπον ἐσθιόμενον ἀγαθὸν γίγνεται φάρμακον· εἰκότως γὰρ ἄν τις αὐτὸ φάρμακον εἴποι μᾶλλον ἢ τρο",pending_llm_review,,,
SNRC-00528,GAL_ALIM-2.43,GAL_ALIM,Galen,αγρια μαλαχη,καρδαμον,unreviewed,"ηδειότερον δ' ἐστὶ μαλάχης εἰς τὰς κατὰ τὸ ἧπαρ ἐμφράξεις, ἔτι δὲ μᾶλλον, ὅταν μετὰ νάπυος ἢ πάντως γε μετ' ὄξους ἐσθίηται· καὶ τοῖς ὑποσπλήνοις δὲ τὸν αὐτὸν τρόπον ἐσθιόμενον ἀγαθὸν γίγνεται φάρμακον· εἰκότως γὰρ ἄν τις αὐτὸ φάρμακον εἴποι μᾶλλον ἢ τρο",pending_llm_review,,,
SNRC-00529,GAL_ALIM-2.43,GAL_ALIM,Galen,αγρια μαλαχη,κρομυον,unreviewed,"ηδειότερον δ' ἐστὶ μαλάχης εἰς τὰς κατὰ τὸ ἧπαρ ἐμφράξεις, ἔτι δὲ μᾶλλον, ὅταν μετὰ νάπυος ἢ πάντως γε μετ' ὄξους ἐσθίηται· καὶ τοῖς ὑποσπλήνοις δὲ τὸν αὐτὸν τρόπον ἐσθιόμενον ἀγαθὸν γίγνεται φάρμακον· εἰκότως γὰρ ἄν τις αὐτὸ φάρμακον εἴποι μᾶλλον ἢ τρο",pending_llm_review,,,
SNRC-00530,GAL_ALIM-2.43,GAL_ALIM,Galen,αγρια μαλαχη,λαπαθον,unreviewed,"ηδειότερον δ' ἐστὶ μαλάχης εἰς τὰς κατὰ τὸ ἧπαρ ἐμφράξεις, ἔτι δὲ μᾶλλον, ὅταν μετὰ νάπυος ἢ πάντως γε μετ' ὄξους ἐσθίηται· καὶ τοῖς ὑποσπλήνοις δὲ τὸν αὐτὸν τρόπον ἐσθιόμενον ἀγαθὸν γίγνεται φάρμακον· εἰκότως γὰρ ἄν τις αὐτὸ φάρμακον εἴποι μᾶλλον ἢ τρο",pending_llm_review,,,
SNRC-00531,GAL_ALIM-2.43,GAL_ALIM,Galen,αγρια μαλαχη,μαλαχη,unreviewed,"ηδειότερον δ' ἐστὶ μαλάχης εἰς τὰς κατὰ τὸ ἧπαρ ἐμφράξεις, ἔτι δὲ μᾶλλον, ὅταν μετὰ νάπυος ἢ πάντως γε μετ' ὄξους ἐσθίηται· καὶ τοῖς ὑποσπλήνοις δὲ τὸν αὐτὸν τρόπον ἐσθιόμενον ἀγαθὸν γίγνεται φάρμακον· εἰκότως γὰρ ἄν τις αὐτὸ φάρμακον εἴποι μᾶλλον ἢ τρο",pending_llm_review,,,
SNRC-00532,GAL_ALIM-2.43,GAL_ALIM,Galen,αγρια μαλαχη,ημερος μαλαχη,unreviewed,"ηδειότερον δ' ἐστὶ μαλάχης εἰς τὰς κατὰ τὸ ἧπαρ ἐμφράξεις, ἔτι δὲ μᾶλλον, ὅταν μετὰ νάπυος ἢ πάντως γε μετ' ὄξους ἐσθίηται· καὶ τοῖς ὑποσπλήνοις δὲ τὸν αὐτὸν τρόπον ἐσθιόμενον ἀγαθὸν γίγνεται φάρμακον· εἰκότως γὰρ ἄν τις αὐτὸ φάρμακον εἴποι μᾶλλον ἢ τρο",pending_llm_review,,,
SNRC-00533,GAL_ALIM-2.43,GAL_ALIM,Galen,αγρια μαλαχη,ναπυς,unreviewed,"ηδειότερον δ' ἐστὶ μαλάχης εἰς τὰς κατὰ τὸ ἧπαρ ἐμφράξεις, ἔτι δὲ μᾶλλον, ὅταν μετὰ νάπυος ἢ πάντως γε μετ' ὄξους ἐσθίηται· καὶ τοῖς ὑποσπλήνοις δὲ τὸν αὐτὸν τρόπον ἐσθιόμενον ἀγαθὸν γίγνεται φάρμακον· εἰκότως γὰρ ἄν τις αὐτὸ φάρμακον εἴποι μᾶλλον ἢ τρο",pending_llm_review,,,
SNRC-00534,GAL_ALIM-2.43,GAL_ALIM,Galen,αγρια μαλαχη,οριγανον,unreviewed,"ηδειότερον δ' ἐστὶ μαλάχης εἰς τὰς κατὰ τὸ ἧπαρ ἐμφράξεις, ἔτι δὲ μᾶλλον, ὅταν μετὰ νάπυος ἢ πάντως γε μετ' ὄξους ἐσθίηται· καὶ τοῖς ὑποσπλήνοις δὲ τὸν αὐτὸν τρόπον ἐσθιόμενον ἀγαθὸν γίγνεται φάρμακον· εἰκότως γὰρ ἄν τις αὐτὸ φάρμακον εἴποι μᾶλλον ἢ τρο",pending_llm_review,,,
SNRC-00535,GAL_ALIM-2.43,GAL_ALIM,Galen,αγρια μαλαχη,οξος,unreviewed,"ηδειότερον δ' ἐστὶ μαλάχης εἰς τὰς κατὰ τὸ ἧπαρ ἐμφράξεις, ἔτι δὲ μᾶλλον, ὅταν μετὰ νάπυος ἢ πάντως γε μετ' ὄξους ἐσθίηται· καὶ τοῖς ὑποσπλήνοις δὲ τὸν αὐτὸν τρόπον ἐσθιόμενον ἀγαθὸν γίγνεται φάρμακον· εἰκότως γὰρ ἄν τις αὐτὸ φάρμακον εἴποι μᾶλλον ἢ τρο",pending_llm_review,,,
SNRC-00536,GAL_ALIM-2.43,GAL_ALIM,Galen,αγρια μαλαχη,πρασον,unreviewed,"ηδειότερον δ' ἐστὶ μαλάχης εἰς τὰς κατὰ τὸ ἧπαρ ἐμφράξεις, ἔτι δὲ μᾶλλον, ὅταν μετὰ νάπυος ἢ πάντως γε μετ' ὄξους ἐσθίηται· καὶ τοῖς ὑποσπλήνοις δὲ τὸν αὐτὸν τρόπον ἐσθιόμενον ἀγαθὸν γίγνεται φάρμακον· εἰκότως γὰρ ἄν τις αὐτὸ φάρμακον εἴποι μᾶλλον ἢ τρο",pending_llm_review,,,
SNRC-00537,GAL_ALIM-2.43,GAL_ALIM,Galen,αγρια μαλαχη,σκοροδον,unreviewed,"ηδειότερον δ' ἐστὶ μαλάχης εἰς τὰς κατὰ τὸ ἧπαρ ἐμφράξεις, ἔτι δὲ μᾶλλον, ὅταν μετὰ νάπυος ἢ πάντως γε μετ' ὄξους ἐσθίηται· καὶ τοῖς ὑποσπλήνοις δὲ τὸν αὐτὸν τρόπον ἐσθιόμενον ἀγαθὸν γίγνεται φάρμακον· εἰκότως γὰρ ἄν τις αὐτὸ φάρμακον εἴποι μᾶλλον ἢ τρο",pending_llm_review,,,
SNRC-00538,GAL_ALIM-2.43,GAL_ALIM,Galen,αγρια μαλαχη,τευτλον,unreviewed,"ηδειότερον δ' ἐστὶ μαλάχης εἰς τὰς κατὰ τὸ ἧπαρ ἐμφράξεις, ἔτι δὲ μᾶλλον, ὅταν μετὰ νάπυος ἢ πάντως γε μετ' ὄξους ἐσθίηται· καὶ τοῖς ὑποσπλήνοις δὲ τὸν αὐτὸν τρόπον ἐσθιόμενον ἀγαθὸν γίγνεται φάρμακον· εἰκότως γὰρ ἄν τις αὐτὸ φάρμακον εἴποι μᾶλλον ἢ τρο",pending_llm_review,,,
SNRC-00539,GAL_ALIM-2.50,GAL_ALIM,Galen,ατρακις,ατρακτυλις,unreviewed,"λουμένη λευκάκανθα δίψακός τε καὶ κνῆκος καὶ τραγάκανθα καὶ ἀτρακὶς ἥ τε τιμωμένη μειζόνως ἢ προσήκει κινάρα. καλοῦσι δ' αὐτὴν οἱ πάντῃ φεύγοντες τὸ σύνηθες οὐ διὰ τοῦ κ καὶ ι τὴν πρώτην συλλαβὴν ὀνομάζοντες, ἀλλὰ διὰ τοῦ κ καὶ υ. κακόχυμον δ' ἐστὶν ἔδε",pending_llm_review,,,
SNRC-00540,GAL_ALIM-2.50,GAL_ALIM,Galen,ατρακις,γαρος,unreviewed,"λουμένη λευκάκανθα δίψακός τε καὶ κνῆκος καὶ τραγάκανθα καὶ ἀτρακὶς ἥ τε τιμωμένη μειζόνως ἢ προσήκει κινάρα. καλοῦσι δ' αὐτὴν οἱ πάντῃ φεύγοντες τὸ σύνηθες οὐ διὰ τοῦ κ καὶ ι τὴν πρώτην συλλαβὴν ὀνομάζοντες, ἀλλὰ διὰ τοῦ κ καὶ υ. κακόχυμον δ' ἐστὶν ἔδε",pending_llm_review,,,
SNRC-00541,GAL_ALIM-2.50,GAL_ALIM,Galen,ατρακις,διψακος,unreviewed,"λουμένη λευκάκανθα δίψακός τε καὶ κνῆκος καὶ τραγάκανθα καὶ ἀτρακὶς ἥ τε τιμωμένη μειζόνως ἢ προσήκει κινάρα. καλοῦσι δ' αὐτὴν οἱ πάντῃ φεύγοντες τὸ σύνηθες οὐ διὰ τοῦ κ καὶ ι τὴν πρώτην συλλαβὴν ὀνομάζοντες, ἀλλὰ διὰ τοῦ κ καὶ υ. κακόχυμον δ' ἐστὶν ἔδε",pending_llm_review,,,
SNRC-00542,GAL_ALIM-2.50,GAL_ALIM,Galen,ατρακις,ελαιον,unreviewed,"λουμένη λευκάκανθα δίψακός τε καὶ κνῆκος καὶ τραγάκανθα καὶ ἀτρακὶς ἥ τε τιμωμένη μειζόνως ἢ προσήκει κινάρα. καλοῦσι δ' αὐτὴν οἱ πάντῃ φεύγοντες τὸ σύνηθες οὐ διὰ τοῦ κ καὶ ι τὴν πρώτην συλλαβὴν ὀνομάζοντες, ἀλλὰ διὰ τοῦ κ καὶ υ. κακόχυμον δ' ἐστὶν ἔδε",pending_llm_review,,,
SNRC-00543,GAL_ALIM-2.50,GAL_ALIM,Galen,ατρακις,κιναρα,unreviewed,"λουμένη λευκάκανθα δίψακός τε καὶ κνῆκος καὶ τραγάκανθα καὶ ἀτρακὶς ἥ τε τιμωμένη μειζόνως ἢ προσήκει κινάρα. καλοῦσι δ' αὐτὴν οἱ πάντῃ φεύγοντες τὸ σύνηθες οὐ διὰ τοῦ κ καὶ ι τὴν πρώτην συλλαβὴν ὀνομάζοντες, ἀλλὰ διὰ τοῦ κ καὶ υ. κακόχυμον δ' ἐστὶν ἔδε",pending_llm_review,,,
SNRC-00544,GAL_ALIM-2.50,GAL_ALIM,Galen,ατρακις,κνηκος,unreviewed,"λουμένη λευκάκανθα δίψακός τε καὶ κνῆκος καὶ τραγάκανθα καὶ ἀτρακὶς ἥ τε τιμωμένη μειζόνως ἢ προσήκει κινάρα. καλοῦσι δ' αὐτὴν οἱ πάντῃ φεύγοντες τὸ σύνηθες οὐ διὰ τοῦ κ καὶ ι τὴν πρώτην συλλαβὴν ὀνομάζοντες, ἀλλὰ διὰ τοῦ κ καὶ υ. κακόχυμον δ' ἐστὶν ἔδε",pending_llm_review,,,
SNRC-00545,GAL_ALIM-2.50,GAL_ALIM,Galen,ατρακις,κοριαννον,unreviewed,"λουμένη λευκάκανθα δίψακός τε καὶ κνῆκος καὶ τραγάκανθα καὶ ἀτρακὶς ἥ τε τιμωμένη μειζόνως ἢ προσήκει κινάρα. καλοῦσι δ' αὐτὴν οἱ πάντῃ φεύγοντες τὸ σύνηθες οὐ διὰ τοῦ κ καὶ ι τὴν πρώτην συλλαβὴν ὀνομάζοντες, ἀλλὰ διὰ τοῦ κ καὶ υ. κακόχυμον δ' ἐστὶν ἔδε",pending_llm_review,,,
SNRC-00546,GAL_ALIM-2.50,GAL_ALIM,Galen,ατρακις,κυναρα,unreviewed,"λουμένη λευκάκανθα δίψακός τε καὶ κνῆκος καὶ τραγάκανθα καὶ ἀτρακὶς ἥ τε τιμωμένη μειζόνως ἢ προσήκει κινάρα. καλοῦσι δ' αὐτὴν οἱ πάντῃ φεύγοντες τὸ σύνηθες οὐ διὰ τοῦ κ καὶ ι τὴν πρώτην συλλαβὴν ὀνομάζοντες, ἀλλὰ διὰ τοῦ κ καὶ υ. κακόχυμον δ' ἐστὶν ἔδε",pending_llm_review,,,
SNRC-00547,GAL_ALIM-2.50,GAL_ALIM,Galen,ατρακις,λαχανον,unreviewed,"λουμένη λευκάκανθα δίψακός τε καὶ κνῆκος καὶ τραγάκανθα καὶ ἀτρακὶς ἥ τε τιμωμένη μειζόνως ἢ προσήκει κινάρα. καλοῦσι δ' αὐτὴν οἱ πάντῃ φεύγοντες τὸ σύνηθες οὐ διὰ τοῦ κ καὶ ι τὴν πρώτην συλλαβὴν ὀνομάζοντες, ἀλλὰ διὰ τοῦ κ καὶ υ. κακόχυμον δ' ἐστὶν ἔδε",pending_llm_review,,,
SNRC-00548,GAL_ALIM-2.50,GAL_ALIM,Galen,ατρακις,λευκανθα,unreviewed,"λουμένη λευκάκανθα δίψακός τε καὶ κνῆκος καὶ τραγάκανθα καὶ ἀτρακὶς ἥ τε τιμωμένη μειζόνως ἢ προσήκει κινάρα. καλοῦσι δ' αὐτὴν οἱ πάντῃ φεύγοντες τὸ σύνηθες οὐ διὰ τοῦ κ καὶ ι τὴν πρώτην συλλαβὴν ὀνομάζοντες, ἀλλὰ διὰ τοῦ κ καὶ υ. κακόχυμον δ' ἐστὶν ἔδε",pending_llm_review,,,
SNRC-00549,GAL_ALIM-2.50,GAL_ALIM,Galen,ατρακις,οινος,unreviewed,"λουμένη λευκάκανθα δίψακός τε καὶ κνῆκος καὶ τραγάκανθα καὶ ἀτρακὶς ἥ τε τιμωμένη μειζόνως ἢ προσήκει κινάρα. καλοῦσι δ' αὐτὴν οἱ πάντῃ φεύγοντες τὸ σύνηθες οὐ διὰ τοῦ κ καὶ ι τὴν πρώτην συλλαβὴν ὀνομάζοντες, ἀλλὰ διὰ τοῦ κ καὶ υ. κακόχυμον δ' ἐστὶν ἔδε",pending_llm_review,,,
SNRC-00550,GAL_ALIM-2.50,GAL_ALIM,Galen,ατρακις,οξος,unreviewed,"λουμένη λευκάκανθα δίψακός τε καὶ κνῆκος καὶ τραγάκανθα καὶ ἀτρακὶς ἥ τε τιμωμένη μειζόνως ἢ προσήκει κινάρα. καλοῦσι δ' αὐτὴν οἱ πάντῃ φεύγοντες τὸ σύνηθες οὐ διὰ τοῦ κ καὶ ι τὴν πρώτην συλλαβὴν ὀνομάζοντες, ἀλλὰ διὰ τοῦ κ καὶ υ. κακόχυμον δ' ἐστὶν ἔδε",pending_llm_review,,,
SNRC-00551,GAL_ALIM-1.26,GAL_ALIM,Galen,λαθυρος,,unreviewed,Περὶ λαθύρων,pending_llm_review,,,
SNRC-00552,GAL_ALIM-1.27,GAL_ALIM,Galen,αιρα,,unreviewed,Περὶ ἀράκων,pending_llm_review,,,
SNRC-00553,GAL_ALIM-1.32,GAL_ALIM,Galen,αλς,,unreviewed,"Περὶ λίνου σπέρματος, ὃ καὶ συνθέτως ὀνομάζουσι λινόσπερμον",pending_llm_review,,,
SNRC-00554,GAL_ALIM-2.19,GAL_ALIM,Galen,περσικον,,unreviewed,Περὶ περσικῶν,pending_llm_review,,,
SNRC-00555,ORIB_CM-15.1.1.21,ORIB_CM,Oribasius,αιγειρος,αιγειρου ανθη,unreviewed, διαφορᾷ βραχύ τι τῶν εὐκράτων ἀποκεχώρηκεν ἐπὶ τὸ ξηρότερον· ἔστι δὲ καὶ λεπτομερῆ μᾶλλον ἢ παχυμερῆ.,pending_llm_review,,,
SNRC-00556,ORIB_CM-15.1.1.38,ORIB_CM,Oribasius,ακονιτον,παρδαλιαγχες,unreviewed,Ἀκόνιτον ἢ παρδαλιαγχές· σηπτικῆς τοῦτο καὶ δηλητηρίου δυνάμεώς ἐστιν· πρὸς μέντοι τὸ ἀποσῆψαί τινα τῶν ἐκτὸς τοῦ σώματος ἐπιτήδειός ἐστιν ἡ ῥίζα τῆς πόας.,pending_llm_review,,,
SNRC-00557,ORIB_CM-15.1.1.38,ORIB_CM,Oribasius,ακονιτον,ριζα της ποας,unreviewed,Ἀκόνιτον ἢ παρδαλιαγχές· σηπτικῆς τοῦτο καὶ δηλητηρίου δυνάμεώς ἐστιν· πρὸς μέντοι τὸ ἀποσῆψαί τινα τῶν ἐκτὸς τοῦ σώματος ἐπιτήδειός ἐστιν ἡ ῥίζα τῆς πόας.,pending_llm_review,,,
SNRC-00558,ORIB_CM-15.1.1.38,ORIB_CM,Oribasius,παρδαλιαγχες,ριζα της ποας,unreviewed,Ἀκόνιτον ἢ παρδαλιαγχές· σηπτικῆς τοῦτο καὶ δηλητηρίου δυνάμεώς ἐστιν· πρὸς μέντοι τὸ ἀποσῆψαί τινα τῶν ἐκτὸς τοῦ σώματος ἐπιτήδειός ἐστιν ἡ ῥίζα τῆς πόας.,pending_llm_review,,,
SNRC-00559,ORIB_CM-15.1.1.39,ORIB_CM,Oribasius,ακονιτον,λυκοκτονον,unreviewed,"Ἀκόνιτον ἢ λυκοκτόνον· ἔστι μὲν καὶ τοῦτο παραπλησίας θατέρῳ δυνάμεως, ἰδιαίτερον δ' ἀναιρεῖ λύκους, ὥσπερ ἐκεῖνο παρδάλεις.",pending_llm_review,,,
SNRC-00560,ORIB_CM-15.1.1.44,ORIB_CM,Oribasius,αλσινη,μυος ωτα,unreviewed,Ἀλσίνη ἢ μυὸς ὦτα οὐσίας ὑδατώδους ἐστὶ ψυχρᾶς· διὸ καὶ χωρὶς στύψεως ἐμψύχει.,pending_llm_review,,,
SNRC-00561,ORIB_CM-15.1.1.69,ORIB_CM,Oribasius,ανηθον,ελαιον,unreviewed,"Ἄνηθον θερμαίνει μὲν εἰς τοσοῦτον ὡς ἤτοι τῆς δευτέρας αὐτὸ τάξεως ἐπιτεταμένης ἢ τῆς τρίτης ἐκλελυμένης ὑπολαβεῖν· τῶν ξηραινόντων δ' ἐστὶ τῆς δευτέρας τάξεως, ὥστε εἰκότως ἐναφεψημένον ἐλαίῳ διαφορητικόν τε καὶ ἀνώδυνον καὶ ὑπνοποιὸν καὶ πε",pending_llm_review,,,
SNRC-00562,ORIB_CM-15.1.1.69,ORIB_CM,Oribasius,ανηθον,πεπτικον φαρμακον,unreviewed,"Ἄνηθον θερμαίνει μὲν εἰς τοσοῦτον ὡς ἤτοι τῆς δευτέρας αὐτὸ τάξεως ἐπιτεταμένης ἢ τῆς τρίτης ἐκλελυμένης ὑπολαβεῖν· τῶν ξηραινόντων δ' ἐστὶ τῆς δευτέρας τάξεως, ὥστε εἰκότως ἐναφεψημένον ἐλαίῳ διαφορητικόν τε καὶ ἀνώδυνον καὶ ὑπνοποιὸν καὶ πε",pending_llm_review,,,
SNRC-00563,ORIB_CM-15.1.1.69,ORIB_CM,Oribasius,ανηθον,πυοποιον φαρμακον,unreviewed,"Ἄνηθον θερμαίνει μὲν εἰς τοσοῦτον ὡς ἤτοι τῆς δευτέρας αὐτὸ τάξεως ἐπιτεταμένης ἢ τῆς τρίτης ἐκλελυμένης ὑπολαβεῖν· τῶν ξηραινόντων δ' ἐστὶ τῆς δευτέρας τάξεως, ὥστε εἰκότως ἐναφεψημένον ἐλαίῳ διαφορητικόν τε καὶ ἀνώδυνον καὶ ὑπνοποιὸν καὶ πε",pending_llm_review,,,
SNRC-00564,ORIB_CM-15.1.1.69,ORIB_CM,Oribasius,ανηθον,φαρμακον,unreviewed,"Ἄνηθον θερμαίνει μὲν εἰς τοσοῦτον ὡς ἤτοι τῆς δευτέρας αὐτὸ τάξεως ἐπιτεταμένης ἢ τῆς τρίτης ἐκλελυμένης ὑπολαβεῖν· τῶν ξηραινόντων δ' ἐστὶ τῆς δευτέρας τάξεως, ὥστε εἰκότως ἐναφεψημένον ἐλαίῳ διαφορητικόν τε καὶ ἀνώδυνον καὶ ὑπνοποιὸν καὶ πε",pending_llm_review,,,
SNRC-00565,ORIB_CM-15.1.1.69,ORIB_CM,Oribasius,ελαιον,πεπτικον φαρμακον,unreviewed,"Ἄνηθον θερμαίνει μὲν εἰς τοσοῦτον ὡς ἤτοι τῆς δευτέρας αὐτὸ τάξεως ἐπιτεταμένης ἢ τῆς τρίτης ἐκλελυμένης ὑπολαβεῖν· τῶν ξηραινόντων δ' ἐστὶ τῆς δευτέρας τάξεως, ὥστε εἰκότως ἐναφεψημένον ἐλαίῳ διαφορητικόν τε καὶ ἀνώδυνον καὶ ὑπνοποιὸν καὶ πε",pending_llm_review,,,
SNRC-00566,ORIB_CM-15.1.1.69,ORIB_CM,Oribasius,ελαιον,πυοποιον φαρμακον,unreviewed,"Ἄνηθον θερμαίνει μὲν εἰς τοσοῦτον ὡς ἤτοι τῆς δευτέρας αὐτὸ τάξεως ἐπιτεταμένης ἢ τῆς τρίτης ἐκλελυμένης ὑπολαβεῖν· τῶν ξηραινόντων δ' ἐστὶ τῆς δευτέρας τάξεως, ὥστε εἰκότως ἐναφεψημένον ἐλαίῳ διαφορητικόν τε καὶ ἀνώδυνον καὶ ὑπνοποιὸν καὶ πε",pending_llm_review,,,
SNRC-00567,ORIB_CM-15.1.1.69,ORIB_CM,Oribasius,ελαιον,φαρμακον,unreviewed,"Ἄνηθον θερμαίνει μὲν εἰς τοσοῦτον ὡς ἤτοι τῆς δευτέρας αὐτὸ τάξεως ἐπιτεταμένης ἢ τῆς τρίτης ἐκλελυμένης ὑπολαβεῖν· τῶν ξηραινόντων δ' ἐστὶ τῆς δευτέρας τάξεως, ὥστε εἰκότως ἐναφεψημένον ἐλαίῳ διαφορητικόν τε καὶ ἀνώδυνον καὶ ὑπνοποιὸν καὶ πε",pending_llm_review,,,
SNRC-00568,ORIB_CM-15.1.1.69,ORIB_CM,Oribasius,πεπτικον φαρμακον,πυοποιον φαρμακον,unreviewed,"Ἄνηθον θερμαίνει μὲν εἰς τοσοῦτον ὡς ἤτοι τῆς δευτέρας αὐτὸ τάξεως ἐπιτεταμένης ἢ τῆς τρίτης ἐκλελυμένης ὑπολαβεῖν· τῶν ξηραινόντων δ' ἐστὶ τῆς δευτέρας τάξεως, ὥστε εἰκότως ἐναφεψημένον ἐλαίῳ διαφορητικόν τε καὶ ἀνώδυνον καὶ ὑπνοποιὸν καὶ πε",pending_llm_review,,,
SNRC-00569,ORIB_CM-15.1.1.69,ORIB_CM,Oribasius,πεπτικον φαρμακον,φαρμακον,unreviewed,"Ἄνηθον θερμαίνει μὲν εἰς τοσοῦτον ὡς ἤτοι τῆς δευτέρας αὐτὸ τάξεως ἐπιτεταμένης ἢ τῆς τρίτης ἐκλελυμένης ὑπολαβεῖν· τῶν ξηραινόντων δ' ἐστὶ τῆς δευτέρας τάξεως, ὥστε εἰκότως ἐναφεψημένον ἐλαίῳ διαφορητικόν τε καὶ ἀνώδυνον καὶ ὑπνοποιὸν καὶ πε",pending_llm_review,,,
SNRC-00570,ORIB_CM-15.1.1.69,ORIB_CM,Oribasius,πυοποιον φαρμακον,φαρμακον,unreviewed,"Ἄνηθον θερμαίνει μὲν εἰς τοσοῦτον ὡς ἤτοι τῆς δευτέρας αὐτὸ τάξεως ἐπιτεταμένης ἢ τῆς τρίτης ἐκλελυμένης ὑπολαβεῖν· τῶν ξηραινόντων δ' ἐστὶ τῆς δευτέρας τάξεως, ὥστε εἰκότως ἐναφεψημένον ἐλαίῳ διαφορητικόν τε καὶ ἀνώδυνον καὶ ὑπνοποιὸν καὶ πε",pending_llm_review,,,
SNRC-00571,ORIB_CM-15.1.1.77,ORIB_CM,Oribasius,αποκυνον,κυνοκραμβη,unreviewed,"Ἀπόκυνον ἢ κυνοκράμβη ἐστὶ μὲν τῶν δηλητηρίων, ἱκανῶς δὲ δυσώδης· διὸ καὶ θερμὴ πάντως ἐστὶν οὐκ ἀγεννῶς, οὐ μὴν ἀνάλογόν γε ξηρά.",pending_llm_review,,,
SNRC-00572,ORIB_CM-15.1.1.99,ORIB_CM,Oribasius,αστηρ,αστηρ αττικος,unreviewed,"Ἀστὴρ Ἀττικός (οἱ δὲ βουβώνιον) ἔχει μέν τι καὶ διαφορητικόν, ἔχει δ' οὐχ ἥκιστα καὶ ψυκτικόν τι καὶ ἀποκρουστικόν, ὥστε μικτῆς εἶναι δυνάμεως, ὥσπερ καὶ τὸ ῥόδον, ἀλλ' οὐ στύφει γ",pending_llm_review,,,
SNRC-00573,ORIB_CM-15.1.1.99,ORIB_CM,Oribasius,αστηρ,βουβωνιον,unreviewed,"Ἀστὴρ Ἀττικός (οἱ δὲ βουβώνιον) ἔχει μέν τι καὶ διαφορητικόν, ἔχει δ' οὐχ ἥκιστα καὶ ψυκτικόν τι καὶ ἀποκρουστικόν, ὥστε μικτῆς εἶναι δυνάμεως, ὥσπερ καὶ τὸ ῥόδον, ἀλλ' οὐ στύφει γ",pending_llm_review,,,
SNRC-00574,ORIB_CM-15.1.1.99,ORIB_CM,Oribasius,αστηρ,ροδον,unreviewed,"Ἀστὴρ Ἀττικός (οἱ δὲ βουβώνιον) ἔχει μέν τι καὶ διαφορητικόν, ἔχει δ' οὐχ ἥκιστα καὶ ψυκτικόν τι καὶ ἀποκρουστικόν, ὥστε μικτῆς εἶναι δυνάμεως, ὥσπερ καὶ τὸ ῥόδον, ἀλλ' οὐ στύφει γ",pending_llm_review,,,
SNRC-00575,ORIB_CM-15.1.1.99,ORIB_CM,Oribasius,αστηρ αττικος,βουβωνιον,unreviewed,"Ἀστὴρ Ἀττικός (οἱ δὲ βουβώνιον) ἔχει μέν τι καὶ διαφορητικόν, ἔχει δ' οὐχ ἥκιστα καὶ ψυκτικόν τι καὶ ἀποκρουστικόν, ὥστε μικτῆς εἶναι δυνάμεως, ὥσπερ καὶ τὸ ῥόδον, ἀλλ' οὐ στύφει γ",pending_llm_review,,,
SNRC-00576,ORIB_CM-15.1.1.99,ORIB_CM,Oribasius,αστηρ αττικος,ροδον,unreviewed,"Ἀστὴρ Ἀττικός (οἱ δὲ βουβώνιον) ἔχει μέν τι καὶ διαφορητικόν, ἔχει δ' οὐχ ἥκιστα καὶ ψυκτικόν τι καὶ ἀποκρουστικόν, ὥστε μικτῆς εἶναι δυνάμεως, ὥσπερ καὶ τὸ ῥόδον, ἀλλ' οὐ στύφει γ",pending_llm_review,,,
SNRC-00577,ORIB_CM-15.1.1.99,ORIB_CM,Oribasius,βουβωνιον,ροδον,unreviewed,"Ἀστὴρ Ἀττικός (οἱ δὲ βουβώνιον) ἔχει μέν τι καὶ διαφορητικόν, ἔχει δ' οὐχ ἥκιστα καὶ ψυκτικόν τι καὶ ἀποκρουστικόν, ὥστε μικτῆς εἶναι δυνάμεως, ὥσπερ καὶ τὸ ῥόδον, ἀλλ' οὐ στύφει γ",pending_llm_review,,,
SNRC-00578,ORIB_CM-15.1.10.34,ORIB_CM,Oribasius,λυκιον,φαρμακον,unreviewed,"τὰ δ' αὐτὰ τῇ ῥίζῃ καὶ ὁ χυλὸς αὐτῆς ἐργάζεται, καί τινες ἀντὶ λυκίου χρῶνται τῷ φαρμάκῳ.",pending_llm_review,,,
SNRC-00579,ORIB_CM-15.1.10.35,ORIB_CM,Oribasius,κενταυρειον,μεγα κενταυρειον,unreviewed,"ὅσοι δὲ τὸ ῥῆόν φασιν εἶναι τὸ μέγα κενταύρειον, ἄμεινόν μοι δοκοῦσι γινώσκειν.",pending_llm_review,,,
SNRC-00580,ORIB_CM-15.1.10.35,ORIB_CM,Oribasius,κενταυρειον,ρηον,unreviewed,"ὅσοι δὲ τὸ ῥῆόν φασιν εἶναι τὸ μέγα κενταύρειον, ἄμεινόν μοι δοκοῦσι γινώσκειν.",pending_llm_review,,,
SNRC-00581,ORIB_CM-15.1.10.35,ORIB_CM,Oribasius,μεγα κενταυρειον,ρηον,unreviewed,"ὅσοι δὲ τὸ ῥῆόν φασιν εἶναι τὸ μέγα κενταύρειον, ἄμεινόν μοι δοκοῦσι γινώσκειν.",pending_llm_review,,,
SNRC-00582,ORIB_CM-15.1.10.50,ORIB_CM,Oribasius,κισθαρος,κισθος,unreviewed,Κίσθος ἢ κίσθαρος στυπτικὸς θάμνος.,pending_llm_review,,,
SNRC-00583,ORIB_CM-15.1.10.53,ORIB_CM,Oribasius,υποκιστις,υποσχιστις,unreviewed,ἡ δ' ὑποκιστὶς ἢ ὑποσχιστὶς πολύ τι καὶ τῶν φύλλων ἐστὶ στυπτικωτέρα.,pending_llm_review,,,
SNRC-00584,ORIB_CM-15.1.10.54,ORIB_CM,Oribasius,κισθος,λαδανον,unreviewed,"Κίσθος ἢ λάδανον· ἐν τοῖς θερμοτέροις χωρίοις οὗτος ὁ κίσθος γεννώμενος κατ' ἄμφω τοῦ παρ' ἡμῖν διήλλαξε, τῷ τε τὴν στῦψιν ἀποθέσθαι καὶ τῷ προσλαβεῖν θερμότητα.",pending_llm_review,,,
SNRC-00585,ORIB_CM-15.1.10.64,ORIB_CM,Oribasius,κοριαννον,κοριον,unreviewed,"Κορίαννον ἢ κόριον ἐξ ἐναντίων σύγκειται δυνάμεων, πολὺ μὲν ἔχουσα πικρᾶς οὐσίας, ἥτις ἐδείκνυτο λεπτομερὴς ὑπάρχειν θερμὴ γεώδης, οὐκ ὀλίγον δὲ καὶ ὑδατώδους ὑγρότητος χλι",pending_llm_review,,,
SNRC-00586,ORIB_CM-15.1.10.68,ORIB_CM,Oribasius,κραμβη,καυλοι της κραμβης,unreviewed,"Κράμβη ξηραντικῆς ἐστι δυνάμεως, οὐ μὴν ἤδη γέ πω δριμείας ἐναργῶς. οἱ δὲ καυλοὶ τῆς κράμβης καυθέντες ἰσχυρῶς ξηραίνουσαν ποιοῦσι τέφραν, ὡς ἤδη τι καὶ τῆς καυστικῆς μετέχειν δυνάμεως.",pending_llm_review,,,
SNRC-00587,ORIB_CM-15.1.11.17,ORIB_CM,Oribasius,αιθαλος,λιβανωτος,unreviewed,"ὁ δ' αἴθαλος αὐτοῦ ξηροτέρας καὶ θερμοτέρας ἢ κατὰ τὸν λιβανωτόν ἐστι δυνάμεως, ὡς εἰς τὴν τρίτην ἀπόστασιν ἀφικνεῖσθαι· ἔχει δέ τι καὶ ῥυπτικόν.",pending_llm_review,,,
SNRC-00588,ORIB_CM-15.1.11.27,ORIB_CM,Oribasius,λυχνις,λυχνις η εις τους στεφανους,unreviewed,Λυχνίδος τῆς εἰς τοὺς στεφάνους τὸ σπέρμα θερμόν ἐστι κατὰ τὴν δευτέραν που τάξιν ἢ καὶ τρίτην ἤδη καὶ ξηραῖνον κατὰ τὸν αὐτὸν τρόπον.,pending_llm_review,,,
SNRC-00589,ORIB_CM-15.1.11.27,ORIB_CM,Oribasius,λυχνις,σπερμα,unreviewed,Λυχνίδος τῆς εἰς τοὺς στεφάνους τὸ σπέρμα θερμόν ἐστι κατὰ τὴν δευτέραν που τάξιν ἢ καὶ τρίτην ἤδη καὶ ξηραῖνον κατὰ τὸν αὐτὸν τρόπον.,pending_llm_review,,,
SNRC-00590,ORIB_CM-15.1.11.27,ORIB_CM,Oribasius,λυχνις η εις τους στεφανους,σπερμα,unreviewed,Λυχνίδος τῆς εἰς τοὺς στεφάνους τὸ σπέρμα θερμόν ἐστι κατὰ τὴν δευτέραν που τάξιν ἢ καὶ τρίτην ἤδη καὶ ξηραῖνον κατὰ τὸν αὐτὸν τρόπον.,pending_llm_review,,,
SNRC-00591,ORIB_CM-15.1.1.10,ORIB_CM,Oribasius,αλκιβιαδειον,,unreviewed,Ἄγχουσα,pending_llm_review,,,
SNRC-00592,ORIB_CM-15.1.1.100,ORIB_CM,Oribasius,ασταφις,,unreviewed,Ἀσταφίς,pending_llm_review,,,
SNRC-00593,ORIB_CM-15.1.1.101,ORIB_CM,Oribasius,ασφοδελος,,unreviewed,Ἀσφόδελος,pending_llm_review,,,
SNRC-00594,ORIB_CM-15.1.1.102,ORIB_CM,Oribasius,ατρακτυλις,,unreviewed,Ἀτρακτυλίς,pending_llm_review,,,
SNRC-00595,PAUL_AEG-7.3.100,PAUL_AEG,Paul,αστηρ αττικος,αστηρ,unreviewed,"Ἀστὴρ Ἀττικός, οἱ δὲ βουβώνιον",pending_llm_review,,,
SNRC-00596,PAUL_AEG-7.3.100,PAUL_AEG,Paul,αστηρ αττικος,βουβωνιον,unreviewed,"Ἀστὴρ Ἀττικός, οἱ δὲ βουβώνιον",pending_llm_review,,,
SNRC-00597,PAUL_AEG-7.3.100,PAUL_AEG,Paul,αστηρ,βουβωνιον,unreviewed,"Ἀστὴρ Ἀττικός, οἱ δὲ βουβώνιον",pending_llm_review,,,
SNRC-00598,PAUL_AEG-7.3.104,PAUL_AEG,Paul,ατρακτυλις,κνηκος αγριος,unreviewed,Ἀτρακτυλὶς ἢ κνῆκος ἄγριος,pending_llm_review,,,
SNRC-00599,PAUL_AEG-7.3.104,PAUL_AEG,Paul,ατρακτυλις,κνηκος,unreviewed,Ἀτρακτυλὶς ἢ κνῆκος ἄγριος,pending_llm_review,,,
SNRC-00600,PAUL_AEG-7.3.104,PAUL_AEG,Paul,κνηκος αγριος,κνηκος,unreviewed,Ἀτρακτυλὶς ἢ κνῆκος ἄγριος,pending_llm_review,,,
SNRC-00601,PAUL_AEG-7.3.115,PAUL_AEG,Paul,βαλωτη,μελαν πρασιον,unreviewed,"Βαλωτή, οἱ δὲ μέλαν πράσιον",pending_llm_review,,,
SNRC-00602,PAUL_AEG-7.3.115,PAUL_AEG,Paul,βαλωτη,πρασιον,unreviewed,"Βαλωτή, οἱ δὲ μέλαν πράσιον",pending_llm_review,,,
SNRC-00603,PAUL_AEG-7.3.115,PAUL_AEG,Paul,βαλωτη,αλς,unreviewed,"Βαλωτή, οἱ δὲ μέλαν πράσιον",pending_llm_review,,,
SNRC-00604,PAUL_AEG-7.3.115,PAUL_AEG,Paul,μελαν πρασιον,πρασιον,unreviewed,"Βαλωτή, οἱ δὲ μέλαν πράσιον",pending_llm_review,,,
SNRC-00605,PAUL_AEG-7.3.115,PAUL_AEG,Paul,μελαν πρασιον,αλς,unreviewed,"Βαλωτή, οἱ δὲ μέλαν πράσιον",pending_llm_review,,,
SNRC-00606,PAUL_AEG-7.3.115,PAUL_AEG,Paul,πρασιον,αλς,unreviewed,"Βαλωτή, οἱ δὲ μέλαν πράσιον",pending_llm_review,,,
SNRC-00607,PAUL_AEG-7.3.12,PAUL_AEG,Paul,ζεια,σιτος,unreviewed,Ἀθήρα πολτάριόν ἐστι ῥοφηματῶδες ἐκ τῆς ἀληλεσμένης ζειᾶς ἢ ἀπὸ σίτου σκευαζόμενον παιδίοις ἁρμόζον· ποιεῖ δὲ καὶ εἰς κατάπλασμα.,pending_llm_review,,,
SNRC-00608,PAUL_AEG-7.3.120,PAUL_AEG,Paul,βεττονικη,ποα,unreviewed,"δὲ καὶ παρὰ Ῥωμαίοις ἄλλη τις βεττονίκη καλουμένη, ἣν ὁ Διοσκουρίδης κέστρον ὀνομάζει, ἄλλοι δὲ ψυχότροφον διὰ τὸ χαίρειν τοῖς ψυχροῖς τόποις, μηδὲν ὅμοιον ἔχουσα τῇ προειρημένῃ πλὴν τῆς ἐνεργείας· πρὸς δὲ τῷ κινεῖν οὖρα καὶ πρὸς ἄλλα πολλὰ ποιεῖ, καὶ μάλ",pending_llm_review,,,
SNRC-00609,PAUL_AEG-7.3.120,PAUL_AEG,Paul,βεττονικη,γληχων,unreviewed,"δὲ καὶ παρὰ Ῥωμαίοις ἄλλη τις βεττονίκη καλουμένη, ἣν ὁ Διοσκουρίδης κέστρον ὀνομάζει, ἄλλοι δὲ ψυχότροφον διὰ τὸ χαίρειν τοῖς ψυχροῖς τόποις, μηδὲν ὅμοιον ἔχουσα τῇ προειρημένῃ πλὴν τῆς ἐνεργείας· πρὸς δὲ τῷ κινεῖν οὖρα καὶ πρὸς ἄλλα πολλὰ ποιεῖ, καὶ μάλ",pending_llm_review,,,
SNRC-00610,PAUL_AEG-7.3.120,PAUL_AEG,Paul,βεττονικη,κεστρον,unreviewed,"δὲ καὶ παρὰ Ῥωμαίοις ἄλλη τις βεττονίκη καλουμένη, ἣν ὁ Διοσκουρίδης κέστρον ὀνομάζει, ἄλλοι δὲ ψυχότροφον διὰ τὸ χαίρειν τοῖς ψυχροῖς τόποις, μηδὲν ὅμοιον ἔχουσα τῇ προειρημένῃ πλὴν τῆς ἐνεργείας· πρὸς δὲ τῷ κινεῖν οὖρα καὶ πρὸς ἄλλα πολλὰ ποιεῖ, καὶ μάλ",pending_llm_review,,,
SNRC-00611,PAUL_AEG-7.3.120,PAUL_AEG,Paul,βεττονικη,ψυχοτροφος,unreviewed,"δὲ καὶ παρὰ Ῥωμαίοις ἄλλη τις βεττονίκη καλουμένη, ἣν ὁ Διοσκουρίδης κέστρον ὀνομάζει, ἄλλοι δὲ ψυχότροφον διὰ τὸ χαίρειν τοῖς ψυχροῖς τόποις, μηδὲν ὅμοιον ἔχουσα τῇ προειρημένῃ πλὴν τῆς ἐνεργείας· πρὸς δὲ τῷ κινεῖν οὖρα καὶ πρὸς ἄλλα πολλὰ ποιεῖ, καὶ μάλ",pending_llm_review,,,
SNRC-00612,PAUL_AEG-7.3.120,PAUL_AEG,Paul,βεττονικη,υδρομελι,unreviewed,"δὲ καὶ παρὰ Ῥωμαίοις ἄλλη τις βεττονίκη καλουμένη, ἣν ὁ Διοσκουρίδης κέστρον ὀνομάζει, ἄλλοι δὲ ψυχότροφον διὰ τὸ χαίρειν τοῖς ψυχροῖς τόποις, μηδὲν ὅμοιον ἔχουσα τῇ προειρημένῃ πλὴν τῆς ἐνεργείας· πρὸς δὲ τῷ κινεῖν οὖρα καὶ πρὸς ἄλλα πολλὰ ποιεῖ, καὶ μάλ",pending_llm_review,,,
SNRC-00613,PAUL_AEG-7.3.120,PAUL_AEG,Paul,βεττονικη,η μεν ριζα αυτης,unreviewed,"δὲ καὶ παρὰ Ῥωμαίοις ἄλλη τις βεττονίκη καλουμένη, ἣν ὁ Διοσκουρίδης κέστρον ὀνομάζει, ἄλλοι δὲ ψυχότροφον διὰ τὸ χαίρειν τοῖς ψυχροῖς τόποις, μηδὲν ὅμοιον ἔχουσα τῇ προειρημένῃ πλὴν τῆς ἐνεργείας· πρὸς δὲ τῷ κινεῖν οὖρα καὶ πρὸς ἄλλα πολλὰ ποιεῖ, καὶ μάλ",pending_llm_review,,,
SNRC-00614,PAUL_AEG-7.3.120,PAUL_AEG,Paul,βεττονικη,τα δε φυλλα,unreviewed,"δὲ καὶ παρὰ Ῥωμαίοις ἄλλη τις βεττονίκη καλουμένη, ἣν ὁ Διοσκουρίδης κέστρον ὀνομάζει, ἄλλοι δὲ ψυχότροφον διὰ τὸ χαίρειν τοῖς ψυχροῖς τόποις, μηδὲν ὅμοιον ἔχουσα τῇ προειρημένῃ πλὴν τῆς ἐνεργείας· πρὸς δὲ τῷ κινεῖν οὖρα καὶ πρὸς ἄλλα πολλὰ ποιεῖ, καὶ μάλ",pending_llm_review,,,
SNRC-00615,PAUL_AEG-7.3.120,PAUL_AEG,Paul,ποα,γληχων,unreviewed,"δὲ καὶ παρὰ Ῥωμαίοις ἄλλη τις βεττονίκη καλουμένη, ἣν ὁ Διοσκουρίδης κέστρον ὀνομάζει, ἄλλοι δὲ ψυχότροφον διὰ τὸ χαίρειν τοῖς ψυχροῖς τόποις, μηδὲν ὅμοιον ἔχουσα τῇ προειρημένῃ πλὴν τῆς ἐνεργείας· πρὸς δὲ τῷ κινεῖν οὖρα καὶ πρὸς ἄλλα πολλὰ ποιεῖ, καὶ μάλ",pending_llm_review,,,
SNRC-00616,PAUL_AEG-7.3.120,PAUL_AEG,Paul,ποα,κεστρον,unreviewed,"δὲ καὶ παρὰ Ῥωμαίοις ἄλλη τις βεττονίκη καλουμένη, ἣν ὁ Διοσκουρίδης κέστρον ὀνομάζει, ἄλλοι δὲ ψυχότροφον διὰ τὸ χαίρειν τοῖς ψυχροῖς τόποις, μηδὲν ὅμοιον ἔχουσα τῇ προειρημένῃ πλὴν τῆς ἐνεργείας· πρὸς δὲ τῷ κινεῖν οὖρα καὶ πρὸς ἄλλα πολλὰ ποιεῖ, καὶ μάλ",pending_llm_review,,,
SNRC-00617,PAUL_AEG-7.3.120,PAUL_AEG,Paul,ποα,ψυχοτροφος,unreviewed,"δὲ καὶ παρὰ Ῥωμαίοις ἄλλη τις βεττονίκη καλουμένη, ἣν ὁ Διοσκουρίδης κέστρον ὀνομάζει, ἄλλοι δὲ ψυχότροφον διὰ τὸ χαίρειν τοῖς ψυχροῖς τόποις, μηδὲν ὅμοιον ἔχουσα τῇ προειρημένῃ πλὴν τῆς ἐνεργείας· πρὸς δὲ τῷ κινεῖν οὖρα καὶ πρὸς ἄλλα πολλὰ ποιεῖ, καὶ μάλ",pending_llm_review,,,
SNRC-00618,PAUL_AEG-7.3.120,PAUL_AEG,Paul,ποα,υδρομελι,unreviewed,"δὲ καὶ παρὰ Ῥωμαίοις ἄλλη τις βεττονίκη καλουμένη, ἣν ὁ Διοσκουρίδης κέστρον ὀνομάζει, ἄλλοι δὲ ψυχότροφον διὰ τὸ χαίρειν τοῖς ψυχροῖς τόποις, μηδὲν ὅμοιον ἔχουσα τῇ προειρημένῃ πλὴν τῆς ἐνεργείας· πρὸς δὲ τῷ κινεῖν οὖρα καὶ πρὸς ἄλλα πολλὰ ποιεῖ, καὶ μάλ",pending_llm_review,,,
SNRC-00619,PAUL_AEG-7.3.120,PAUL_AEG,Paul,ποα,η μεν ριζα αυτης,unreviewed,"δὲ καὶ παρὰ Ῥωμαίοις ἄλλη τις βεττονίκη καλουμένη, ἣν ὁ Διοσκουρίδης κέστρον ὀνομάζει, ἄλλοι δὲ ψυχότροφον διὰ τὸ χαίρειν τοῖς ψυχροῖς τόποις, μηδὲν ὅμοιον ἔχουσα τῇ προειρημένῃ πλὴν τῆς ἐνεργείας· πρὸς δὲ τῷ κινεῖν οὖρα καὶ πρὸς ἄλλα πολλὰ ποιεῖ, καὶ μάλ",pending_llm_review,,,
SNRC-00620,PAUL_AEG-7.3.121,PAUL_AEG,Paul,βηχιον,βηχικος,unreviewed,"Βηχίον, οἱ δὲ βηχικόν",pending_llm_review,,,
SNRC-00621,PAUL_AEG-7.3.124,PAUL_AEG,Paul,βοτρυς,αμβροσια,unreviewed,"Βότρυς, οἱ δὲ ἀμβροσίαν, ἄλλοι ἀρτεμισίαν",pending_llm_review,,,
SNRC-00622,PAUL_AEG-7.3.124,PAUL_AEG,Paul,βοτρυς,αρτεμισια,unreviewed,"Βότρυς, οἱ δὲ ἀμβροσίαν, ἄλλοι ἀρτεμισίαν",pending_llm_review,,,
SNRC-00623,PAUL_AEG-7.3.124,PAUL_AEG,Paul,βοτρυς,οινος,unreviewed,"Βότρυς, οἱ δὲ ἀμβροσίαν, ἄλλοι ἀρτεμισίαν",pending_llm_review,,,
SNRC-00624,PAUL_AEG-7.3.124,PAUL_AEG,Paul,αμβροσια,αρτεμισια,unreviewed,"Βότρυς, οἱ δὲ ἀμβροσίαν, ἄλλοι ἀρτεμισίαν",pending_llm_review,,,
SNRC-00625,PAUL_AEG-7.3.124,PAUL_AEG,Paul,αμβροσια,οινος,unreviewed,"Βότρυς, οἱ δὲ ἀμβροσίαν, ἄλλοι ἀρτεμισίαν",pending_llm_review,,,
SNRC-00626,PAUL_AEG-7.3.124,PAUL_AEG,Paul,αρτεμισια,οινος,unreviewed,"Βότρυς, οἱ δὲ ἀμβροσίαν, ἄλλοι ἀρτεμισίαν",pending_llm_review,,,
SNRC-00627,PAUL_AEG-7.3.126,PAUL_AEG,Paul,βουγλωσσον,οινος,unreviewed,ν ὑγρὸν καὶ θερμόν ἐστι τὴν κρᾶσιν· ὅθεν καὶ τοῖς οἴνοις ἐμβαλλόμενον εὐφροσύνην ἐμποιεῖν λέγεται.,pending_llm_review,,,
SNRC-00628,PAUL_AEG-7.3.127,PAUL_AEG,Paul,βουνιον,αρκτιον,unreviewed,"Βούνιον, οἱ δὲ ἄρκτιον",pending_llm_review,,,
SNRC-00629,PAUL_AEG-7.3.127,PAUL_AEG,Paul,βουνιον,ψευδοβουνιον,unreviewed,"Βούνιον, οἱ δὲ ἄρκτιον",pending_llm_review,,,
SNRC-00630,PAUL_AEG-7.3.127,PAUL_AEG,Paul,αρκτιον,ψευδοβουνιον,unreviewed,"Βούνιον, οἱ δὲ ἄρκτιον",pending_llm_review,,,
SNRC-00631,PAUL_AEG-7.3.135,PAUL_AEG,Paul,βρυον,σπλαγχνον,unreviewed,"Βρύον, οἱ δὲ σπλάγχνον",pending_llm_review,,,
SNRC-00632,PAUL_AEG-7.3.137,PAUL_AEG,Paul,γαλα,τυρωδους,unreviewed, ἐμπλάττεται μᾶλλον καὶ διὰ τοῦτο δριμύτητας ἀμβλύνει. ἑψηθὲν δὲ τὸ γάλα ἤτοι διὰ καχλήκων ἢ ἄλλως πως ἄριστον γίνεται φάρμακον δυσεντερίας τε καὶ τῶν κατὰ γαστέρα δριμέων ῥευμάτων. ὅλον δὲ τὸ γάλα πρός τε τὰ κατ' ὀφθαλμοὺς δριμέα ῥεύματα καὶ τὰς ἄλλας ,pending_llm_review,,,
SNRC-00633,PAUL_AEG-7.3.137,PAUL_AEG,Paul,γαλα,λιπαρας,unreviewed, ἐμπλάττεται μᾶλλον καὶ διὰ τοῦτο δριμύτητας ἀμβλύνει. ἑψηθὲν δὲ τὸ γάλα ἤτοι διὰ καχλήκων ἢ ἄλλως πως ἄριστον γίνεται φάρμακον δυσεντερίας τε καὶ τῶν κατὰ γαστέρα δριμέων ῥευμάτων. ὅλον δὲ τὸ γάλα πρός τε τὰ κατ' ὀφθαλμοὺς δριμέα ῥεύματα καὶ τὰς ἄλλας ,pending_llm_review,,,
SNRC-00634,PAUL_AEG-7.3.137,PAUL_AEG,Paul,γαλα,ορος αυτου,unreviewed, ἐμπλάττεται μᾶλλον καὶ διὰ τοῦτο δριμύτητας ἀμβλύνει. ἑψηθὲν δὲ τὸ γάλα ἤτοι διὰ καχλήκων ἢ ἄλλως πως ἄριστον γίνεται φάρμακον δυσεντερίας τε καὶ τῶν κατὰ γαστέρα δριμέων ῥευμάτων. ὅλον δὲ τὸ γάλα πρός τε τὰ κατ' ὀφθαλμοὺς δριμέα ῥεύματα καὶ τὰς ἄλλας ,pending_llm_review,,,
SNRC-00635,PAUL_AEG-7.3.137,PAUL_AEG,Paul,γαλα,καχληξ,unreviewed, ἐμπλάττεται μᾶλλον καὶ διὰ τοῦτο δριμύτητας ἀμβλύνει. ἑψηθὲν δὲ τὸ γάλα ἤτοι διὰ καχλήκων ἢ ἄλλως πως ἄριστον γίνεται φάρμακον δυσεντερίας τε καὶ τῶν κατὰ γαστέρα δριμέων ῥευμάτων. ὅλον δὲ τὸ γάλα πρός τε τὰ κατ' ὀφθαλμοὺς δριμέα ῥεύματα καὶ τὰς ἄλλας ,pending_llm_review,,,
SNRC-00636,PAUL_AEG-7.3.137,PAUL_AEG,Paul,γαλα,γαλα γυναικος,unreviewed, ἐμπλάττεται μᾶλλον καὶ διὰ τοῦτο δριμύτητας ἀμβλύνει. ἑψηθὲν δὲ τὸ γάλα ἤτοι διὰ καχλήκων ἢ ἄλλως πως ἄριστον γίνεται φάρμακον δυσεντερίας τε καὶ τῶν κατὰ γαστέρα δριμέων ῥευμάτων. ὅλον δὲ τὸ γάλα πρός τε τὰ κατ' ὀφθαλμοὺς δριμέα ῥεύματα καὶ τὰς ἄλλας ,pending_llm_review,,,
SNRC-00637,PAUL_AEG-7.3.137,PAUL_AEG,Paul,γαλα,αιγειος,unreviewed, ἐμπλάττεται μᾶλλον καὶ διὰ τοῦτο δριμύτητας ἀμβλύνει. ἑψηθὲν δὲ τὸ γάλα ἤτοι διὰ καχλήκων ἢ ἄλλως πως ἄριστον γίνεται φάρμακον δυσεντερίας τε καὶ τῶν κατὰ γαστέρα δριμέων ῥευμάτων. ὅλον δὲ τὸ γάλα πρός τε τὰ κατ' ὀφθαλμοὺς δριμέα ῥεύματα καὶ τὰς ἄλλας ,pending_llm_review,,,
SNRC-00638,PAUL_AEG-7.3.137,PAUL_AEG,Paul,γαλα,ονειος,unreviewed, ἐμπλάττεται μᾶλλον καὶ διὰ τοῦτο δριμύτητας ἀμβλύνει. ἑψηθὲν δὲ τὸ γάλα ἤτοι διὰ καχλήκων ἢ ἄλλως πως ἄριστον γίνεται φάρμακον δυσεντερίας τε καὶ τῶν κατὰ γαστέρα δριμέων ῥευμάτων. ὅλον δὲ τὸ γάλα πρός τε τὰ κατ' ὀφθαλμοὺς δριμέα ῥεύματα καὶ τὰς ἄλλας ,pending_llm_review,,,
SNRC-00639,PAUL_AEG-7.3.137,PAUL_AEG,Paul,γαλα,προβατειος,unreviewed, ἐμπλάττεται μᾶλλον καὶ διὰ τοῦτο δριμύτητας ἀμβλύνει. ἑψηθὲν δὲ τὸ γάλα ἤτοι διὰ καχλήκων ἢ ἄλλως πως ἄριστον γίνεται φάρμακον δυσεντερίας τε καὶ τῶν κατὰ γαστέρα δριμέων ῥευμάτων. ὅλον δὲ τὸ γάλα πρός τε τὰ κατ' ὀφθαλμοὺς δριμέα ῥεύματα καὶ τὰς ἄλλας ,pending_llm_review,,,
SNRC-00640,PAUL_AEG-7.3.137,PAUL_AEG,Paul,γαλα,βοειος,unreviewed, ἐμπλάττεται μᾶλλον καὶ διὰ τοῦτο δριμύτητας ἀμβλύνει. ἑψηθὲν δὲ τὸ γάλα ἤτοι διὰ καχλήκων ἢ ἄλλως πως ἄριστον γίνεται φάρμακον δυσεντερίας τε καὶ τῶν κατὰ γαστέρα δριμέων ῥευμάτων. ὅλον δὲ τὸ γάλα πρός τε τὰ κατ' ὀφθαλμοὺς δριμέα ῥεύματα καὶ τὰς ἄλλας ,pending_llm_review,,,
SNRC-00641,PAUL_AEG-7.3.137,PAUL_AEG,Paul,τυρωδους,λιπαρας,unreviewed, ἐμπλάττεται μᾶλλον καὶ διὰ τοῦτο δριμύτητας ἀμβλύνει. ἑψηθὲν δὲ τὸ γάλα ἤτοι διὰ καχλήκων ἢ ἄλλως πως ἄριστον γίνεται φάρμακον δυσεντερίας τε καὶ τῶν κατὰ γαστέρα δριμέων ῥευμάτων. ὅλον δὲ τὸ γάλα πρός τε τὰ κατ' ὀφθαλμοὺς δριμέα ῥεύματα καὶ τὰς ἄλλας ,pending_llm_review,,,
SNRC-00642,PAUL_AEG-7.3.137,PAUL_AEG,Paul,τυρωδους,ορος αυτου,unreviewed, ἐμπλάττεται μᾶλλον καὶ διὰ τοῦτο δριμύτητας ἀμβλύνει. ἑψηθὲν δὲ τὸ γάλα ἤτοι διὰ καχλήκων ἢ ἄλλως πως ἄριστον γίνεται φάρμακον δυσεντερίας τε καὶ τῶν κατὰ γαστέρα δριμέων ῥευμάτων. ὅλον δὲ τὸ γάλα πρός τε τὰ κατ' ὀφθαλμοὺς δριμέα ῥεύματα καὶ τὰς ἄλλας ,pending_llm_review,,,
SNRC-00643,PAUL_AEG-7.3.137,PAUL_AEG,Paul,τυρωδους,καχληξ,unreviewed, ἐμπλάττεται μᾶλλον καὶ διὰ τοῦτο δριμύτητας ἀμβλύνει. ἑψηθὲν δὲ τὸ γάλα ἤτοι διὰ καχλήκων ἢ ἄλλως πως ἄριστον γίνεται φάρμακον δυσεντερίας τε καὶ τῶν κατὰ γαστέρα δριμέων ῥευμάτων. ὅλον δὲ τὸ γάλα πρός τε τὰ κατ' ὀφθαλμοὺς δριμέα ῥεύματα καὶ τὰς ἄλλας ,pending_llm_review,,,
SNRC-00644,PAUL_AEG-7.3.140,PAUL_AEG,Paul,γαλιψις,γαλιβδολον,unreviewed,"Γάλιψις, οἱ δὲ γαλίβδολον",pending_llm_review,,,
SNRC-00645,PAUL_AEG-7.3.140,PAUL_AEG,Paul,γαλιψις,ακαληφη,unreviewed,"Γάλιψις, οἱ δὲ γαλίβδολον",pending_llm_review,,,
SNRC-00646,PAUL_AEG-7.3.140,PAUL_AEG,Paul,γαλιβδολον,ακαληφη,unreviewed,"Γάλιψις, οἱ δὲ γαλίβδολον",pending_llm_review,,,
SNRC-00647,PAUL_AEG-7.3.144,PAUL_AEG,Paul,γη,πηλος,unreviewed," μετρίως, τῶν δηλητηρίων ἐστὶ φαρμάκων ἀλεξητήριος καὶ τὰ κακοήθη τῶν ἑλκῶν ἰᾶται σὺν ὄξει ἢ οἴνῳ καὶ τὰς αἱμορραγίας ἵστησιν ἁπάσας δυσεντερίαν τε παύει καὶ τὴν νομώδη προαποκλυσθέντος τοῦ ἐντέρου πρῶτον μελικράτῳ, ἔπειτα ἅλμῃ. ἡ δὲ Σινωπικὴ μίλτος σφο",pending_llm_review,,,
SNRC-00648,PAUL_AEG-7.3.144,PAUL_AEG,Paul,γη,μιλτος,unreviewed," μετρίως, τῶν δηλητηρίων ἐστὶ φαρμάκων ἀλεξητήριος καὶ τὰ κακοήθη τῶν ἑλκῶν ἰᾶται σὺν ὄξει ἢ οἴνῳ καὶ τὰς αἱμορραγίας ἵστησιν ἁπάσας δυσεντερίαν τε παύει καὶ τὴν νομώδη προαποκλυσθέντος τοῦ ἐντέρου πρῶτον μελικράτῳ, ἔπειτα ἅλμῃ. ἡ δὲ Σινωπικὴ μίλτος σφο",pending_llm_review,,,
SNRC-00649,PAUL_AEG-7.3.144,PAUL_AEG,Paul,γη,λημνια μιλτος,unreviewed," μετρίως, τῶν δηλητηρίων ἐστὶ φαρμάκων ἀλεξητήριος καὶ τὰ κακοήθη τῶν ἑλκῶν ἰᾶται σὺν ὄξει ἢ οἴνῳ καὶ τὰς αἱμορραγίας ἵστησιν ἁπάσας δυσεντερίαν τε παύει καὶ τὴν νομώδη προαποκλυσθέντος τοῦ ἐντέρου πρῶτον μελικράτῳ, ἔπειτα ἅλμῃ. ἡ δὲ Σινωπικὴ μίλτος σφο",pending_llm_review,,,
SNRC-00650,PAUL_AEG-7.3.144,PAUL_AEG,Paul,γη,σινωπικη μιλτος,unreviewed," μετρίως, τῶν δηλητηρίων ἐστὶ φαρμάκων ἀλεξητήριος καὶ τὰ κακοήθη τῶν ἑλκῶν ἰᾶται σὺν ὄξει ἢ οἴνῳ καὶ τὰς αἱμορραγίας ἵστησιν ἁπάσας δυσεντερίαν τε παύει καὶ τὴν νομώδη προαποκλυσθέντος τοῦ ἐντέρου πρῶτον μελικράτῳ, ἔπειτα ἅλμῃ. ἡ δὲ Σινωπικὴ μίλτος σφο",pending_llm_review,,,
SNRC-00651,PAUL_AEG-7.3.144,PAUL_AEG,Paul,γη,σαμια,unreviewed," μετρίως, τῶν δηλητηρίων ἐστὶ φαρμάκων ἀλεξητήριος καὶ τὰ κακοήθη τῶν ἑλκῶν ἰᾶται σὺν ὄξει ἢ οἴνῳ καὶ τὰς αἱμορραγίας ἵστησιν ἁπάσας δυσεντερίαν τε παύει καὶ τὴν νομώδη προαποκλυσθέντος τοῦ ἐντέρου πρῶτον μελικράτῳ, ἔπειτα ἅλμῃ. ἡ δὲ Σινωπικὴ μίλτος σφο",pending_llm_review,,,
SNRC-00652,PAUL_AEG-7.3.144,PAUL_AEG,Paul,γη,σελινουσια,unreviewed," μετρίως, τῶν δηλητηρίων ἐστὶ φαρμάκων ἀλεξητήριος καὶ τὰ κακοήθη τῶν ἑλκῶν ἰᾶται σὺν ὄξει ἢ οἴνῳ καὶ τὰς αἱμορραγίας ἵστησιν ἁπάσας δυσεντερίαν τε παύει καὶ τὴν νομώδη προαποκλυσθέντος τοῦ ἐντέρου πρῶτον μελικράτῳ, ἔπειτα ἅλμῃ. ἡ δὲ Σινωπικὴ μίλτος σφο",pending_llm_review,,,
SNRC-00653,PAUL_AEG-7.3.144,PAUL_AEG,Paul,γη,χια,unreviewed," μετρίως, τῶν δηλητηρίων ἐστὶ φαρμάκων ἀλεξητήριος καὶ τὰ κακοήθη τῶν ἑλκῶν ἰᾶται σὺν ὄξει ἢ οἴνῳ καὶ τὰς αἱμορραγίας ἵστησιν ἁπάσας δυσεντερίαν τε παύει καὶ τὴν νομώδη προαποκλυσθέντος τοῦ ἐντέρου πρῶτον μελικράτῳ, ἔπειτα ἅλμῃ. ἡ δὲ Σινωπικὴ μίλτος σφο",pending_llm_review,,,
SNRC-00654,PAUL_AEG-7.3.144,PAUL_AEG,Paul,γη,κιμωλια,unreviewed," μετρίως, τῶν δηλητηρίων ἐστὶ φαρμάκων ἀλεξητήριος καὶ τὰ κακοήθη τῶν ἑλκῶν ἰᾶται σὺν ὄξει ἢ οἴνῳ καὶ τὰς αἱμορραγίας ἵστησιν ἁπάσας δυσεντερίαν τε παύει καὶ τὴν νομώδη προαποκλυσθέντος τοῦ ἐντέρου πρῶτον μελικράτῳ, ἔπειτα ἅλμῃ. ἡ δὲ Σινωπικὴ μίλτος σφο",pending_llm_review,,,
SNRC-00655,PAUL_AEG-7.3.144,PAUL_AEG,Paul,γη,αμπελιτις,unreviewed," μετρίως, τῶν δηλητηρίων ἐστὶ φαρμάκων ἀλεξητήριος καὶ τὰ κακοήθη τῶν ἑλκῶν ἰᾶται σὺν ὄξει ἢ οἴνῳ καὶ τὰς αἱμορραγίας ἵστησιν ἁπάσας δυσεντερίαν τε παύει καὶ τὴν νομώδη προαποκλυσθέντος τοῦ ἐντέρου πρῶτον μελικράτῳ, ἔπειτα ἅλμῃ. ἡ δὲ Σινωπικὴ μίλτος σφο",pending_llm_review,,,
SNRC-00656,PAUL_AEG-7.3.144,PAUL_AEG,Paul,γη,κρητικη,unreviewed," μετρίως, τῶν δηλητηρίων ἐστὶ φαρμάκων ἀλεξητήριος καὶ τὰ κακοήθη τῶν ἑλκῶν ἰᾶται σὺν ὄξει ἢ οἴνῳ καὶ τὰς αἱμορραγίας ἵστησιν ἁπάσας δυσεντερίαν τε παύει καὶ τὴν νομώδη προαποκλυσθέντος τοῦ ἐντέρου πρῶτον μελικράτῳ, ἔπειτα ἅλμῃ. ἡ δὲ Σινωπικὴ μίλτος σφο",pending_llm_review,,,
SNRC-00657,PAUL_AEG-7.3.144,PAUL_AEG,Paul,γη,ερετριας,unreviewed," μετρίως, τῶν δηλητηρίων ἐστὶ φαρμάκων ἀλεξητήριος καὶ τὰ κακοήθη τῶν ἑλκῶν ἰᾶται σὺν ὄξει ἢ οἴνῳ καὶ τὰς αἱμορραγίας ἵστησιν ἁπάσας δυσεντερίαν τε παύει καὶ τὴν νομώδη προαποκλυσθέντος τοῦ ἐντέρου πρῶτον μελικράτῳ, ἔπειτα ἅλμῃ. ἡ δὲ Σινωπικὴ μίλτος σφο",pending_llm_review,,,
SNRC-00658,PAUL_AEG-7.3.144,PAUL_AEG,Paul,γη,πνιγιτις,unreviewed," μετρίως, τῶν δηλητηρίων ἐστὶ φαρμάκων ἀλεξητήριος καὶ τὰ κακοήθη τῶν ἑλκῶν ἰᾶται σὺν ὄξει ἢ οἴνῳ καὶ τὰς αἱμορραγίας ἵστησιν ἁπάσας δυσεντερίαν τε παύει καὶ τὴν νομώδη προαποκλυσθέντος τοῦ ἐντέρου πρῶτον μελικράτῳ, ἔπειτα ἅλμῃ. ἡ δὲ Σινωπικὴ μίλτος σφο",pending_llm_review,,,
SNRC-00659,PAUL_AEG-7.3.154,PAUL_AEG,Paul,γλυκυσιδη,πεντοροβον,unreviewed,"Γλυκυσίδη, οἱ δὲ πεντόροβον, οἱ δὲ παιονίαν",pending_llm_review,,,
SNRC-00660,PAUL_AEG-7.3.154,PAUL_AEG,Paul,γλυκυσιδη,παιωνια,unreviewed,"Γλυκυσίδη, οἱ δὲ πεντόροβον, οἱ δὲ παιονίαν",pending_llm_review,,,
SNRC-00661,PAUL_AEG-7.3.154,PAUL_AEG,Paul,γλυκυσιδη,ριζα,unreviewed,"Γλυκυσίδη, οἱ δὲ πεντόροβον, οἱ δὲ παιονίαν",pending_llm_review,,,
SNRC-00662,PAUL_AEG-7.3.154,PAUL_AEG,Paul,γλυκυσιδη,οινος,unreviewed,"Γλυκυσίδη, οἱ δὲ πεντόροβον, οἱ δὲ παιονίαν",pending_llm_review,,,
SNRC-00663,PAUL_AEG-7.3.154,PAUL_AEG,Paul,πεντοροβον,παιωνια,unreviewed,"Γλυκυσίδη, οἱ δὲ πεντόροβον, οἱ δὲ παιονίαν",pending_llm_review,,,
SNRC-00664,PAUL_AEG-7.3.154,PAUL_AEG,Paul,πεντοροβον,ριζα,unreviewed,"Γλυκυσίδη, οἱ δὲ πεντόροβον, οἱ δὲ παιονίαν",pending_llm_review,,,
SNRC-00665,PAUL_AEG-7.3.154,PAUL_AEG,Paul,πεντοροβον,οινος,unreviewed,"Γλυκυσίδη, οἱ δὲ πεντόροβον, οἱ δὲ παιονίαν",pending_llm_review,,,
SNRC-00666,PAUL_AEG-7.3.154,PAUL_AEG,Paul,παιωνια,ριζα,unreviewed,"Γλυκυσίδη, οἱ δὲ πεντόροβον, οἱ δὲ παιονίαν",pending_llm_review,,,
SNRC-00667,PAUL_AEG-7.3.154,PAUL_AEG,Paul,παιωνια,οινος,unreviewed,"Γλυκυσίδη, οἱ δὲ πεντόροβον, οἱ δὲ παιονίαν",pending_llm_review,,,
SNRC-00668,PAUL_AEG-7.3.154,PAUL_AEG,Paul,ριζα,οινος,unreviewed,"Γλυκυσίδη, οἱ δὲ πεντόροβον, οἱ δὲ παιονίαν",pending_llm_review,,,
SNRC-00669,PAUL_AEG-7.3.157,PAUL_AEG,Paul,γοργιλον,σεσελις,unreviewed,"Γόργιλον, οἱ δὲ σέσελι",pending_llm_review,,,
SNRC-00670,PAUL_AEG-7.3.157,PAUL_AEG,Paul,γοργιλον,ριζα,unreviewed,"Γόργιλον, οἱ δὲ σέσελι",pending_llm_review,,,
SNRC-00671,PAUL_AEG-7.3.157,PAUL_AEG,Paul,γοργιλον,μελι,unreviewed,"Γόργιλον, οἱ δὲ σέσελι",pending_llm_review,,,
SNRC-00672,PAUL_AEG-7.3.157,PAUL_AEG,Paul,σεσελις,ριζα,unreviewed,"Γόργιλον, οἱ δὲ σέσελι",pending_llm_review,,,
SNRC-00673,PAUL_AEG-7.3.157,PAUL_AEG,Paul,σεσελις,μελι,unreviewed,"Γόργιλον, οἱ δὲ σέσελι",pending_llm_review,,,
SNRC-00674,PAUL_AEG-7.3.157,PAUL_AEG,Paul,ριζα,μελι,unreviewed,"Γόργιλον, οἱ δὲ σέσελι",pending_llm_review,,,
SNRC-00675,PAUL_AEG-7.3.168,PAUL_AEG,Paul,δικταμνον,γληχων,unreviewed,"Δίκταμνον λεπτομερεστέρας ἐστὶ δυνάμεως ἢ κατὰ γλήχωνα, τὰ δὲ ἄλλα παραπλήσιον αὐτῇ. τὸ δὲ καλούμενον ψευδοδίκταμνον ἀσθενέστερόν ἐστιν.",pending_llm_review,,,
SNRC-00676,PAUL_AEG-7.3.168,PAUL_AEG,Paul,δικταμνον,ψευδοδικταμνον,unreviewed,"Δίκταμνον λεπτομερεστέρας ἐστὶ δυνάμεως ἢ κατὰ γλήχωνα, τὰ δὲ ἄλλα παραπλήσιον αὐτῇ. τὸ δὲ καλούμενον ψευδοδίκταμνον ἀσθενέστερόν ἐστιν.",pending_llm_review,,,
SNRC-00677,PAUL_AEG-7.3.168,PAUL_AEG,Paul,γληχων,ψευδοδικταμνον,unreviewed,"Δίκταμνον λεπτομερεστέρας ἐστὶ δυνάμεως ἢ κατὰ γλήχωνα, τὰ δὲ ἄλλα παραπλήσιον αὐτῇ. τὸ δὲ καλούμενον ψευδοδίκταμνον ἀσθενέστερόν ἐστιν.",pending_llm_review,,,
SNRC-00678,PAUL_AEG-7.3.1,PAUL_AEG,Paul,αβροτονον,,unreviewed,Ἀβρότονον,pending_llm_review,,,
SNRC-00679,PAUL_AEG-7.3.10,PAUL_AEG,Paul,αειζωον διττον,,unreviewed,Ἀείζῳον,pending_llm_review,,,
SNRC-00680,PAUL_AEG-7.3.101,PAUL_AEG,Paul,αστραγαλος,,unreviewed,Ἀστράγαλος,pending_llm_review,,,
SNRC-00681,PAUL_AEG-7.3.102,PAUL_AEG,Paul,ασφαλτος,,unreviewed,Ἄσφαλτος,pending_llm_review,,,
