candidate_id,author_group,entry_id,text_source,sample_type,candidate_method,trigger_pattern,left_term_key,left_display,right_term_key,right_display,relation_hint,evidence_display,review_status,review_confidence,review_note
SNRC-00001,Aetius,AET_LM-1.100,AET_LM,trigger,heading_eta,\s[ἤἢη]\s,γλυκυ,γλυκεῖ,ελαια,ἐλαίας,unreviewed,"ν δὲ συμμέτρως ἐστὶ τῆς μέσης κράσεως καὶ διαφορητικώτερον τοῦ ὠμοτριβοῦς. τὸ δὲ ὠμοτριβὲς ἢ ὀμφάκινον ὀνομαζόμενον εἰς ὅσον στύψεως μετείληφεν, εἰς τοσοῦτον καὶ ψύξεως. τὸ δὲ παλαιὸν ἔλαιον τὸ μὲν ἐκ τοῦ γλυκέος καλουμένου γιγνόμενον, θερμότερόν τε καὶ",pending_llm_review,,
SNRC-00002,Aetius,AET_LM-1.100,AET_LM,trigger,heading_eta,\s[ἤἢη]\s,γλυκυ,γλυκεῖ,ελαιον,ἔλαιον,unreviewed,"ν δὲ συμμέτρως ἐστὶ τῆς μέσης κράσεως καὶ διαφορητικώτερον τοῦ ὠμοτριβοῦς. τὸ δὲ ὠμοτριβὲς ἢ ὀμφάκινον ὀνομαζόμενον εἰς ὅσον στύψεως μετείληφεν, εἰς τοσοῦτον καὶ ψύξεως. τὸ δὲ παλαιὸν ἔλαιον τὸ μὲν ἐκ τοῦ γλυκέος καλουμένου γιγνόμενον, θερμότερόν τε καὶ",pending_llm_review,,
SNRC-00003,Aetius,AET_LM-1.100,AET_LM,trigger,heading_eta,\s[ἤἢη]\s,γλυκυ,γλυκεῖ,ελαιον παλαιον,παλαιὸν ἔλαιον,unreviewed,"ν δὲ συμμέτρως ἐστὶ τῆς μέσης κράσεως καὶ διαφορητικώτερον τοῦ ὠμοτριβοῦς. τὸ δὲ ὠμοτριβὲς ἢ ὀμφάκινον ὀνομαζόμενον εἰς ὅσον στύψεως μετείληφεν, εἰς τοσοῦτον καὶ ψύξεως. τὸ δὲ παλαιὸν ἔλαιον τὸ μὲν ἐκ τοῦ γλυκέος καλουμένου γιγνόμενον, θερμότερόν τε καὶ",pending_llm_review,,
SNRC-00004,Aetius,AET_LM-1.100,AET_LM,trigger,heading_eta,\s[ἤἢη]\s,γλυκυ,γλυκεῖ,λυχνιαιον,λυχνιαῖον,unreviewed,"ν δὲ συμμέτρως ἐστὶ τῆς μέσης κράσεως καὶ διαφορητικώτερον τοῦ ὠμοτριβοῦς. τὸ δὲ ὠμοτριβὲς ἢ ὀμφάκινον ὀνομαζόμενον εἰς ὅσον στύψεως μετείληφεν, εἰς τοσοῦτον καὶ ψύξεως. τὸ δὲ παλαιὸν ἔλαιον τὸ μὲν ἐκ τοῦ γλυκέος καλουμένου γιγνόμενον, θερμότερόν τε καὶ",pending_llm_review,,
SNRC-00005,Aetius,AET_LM-1.100,AET_LM,trigger,heading_eta,\s[ἤἢη]\s,γλυκυ,γλυκεῖ,ομφακινον,ὀμφάκινον,unreviewed,"ν δὲ συμμέτρως ἐστὶ τῆς μέσης κράσεως καὶ διαφορητικώτερον τοῦ ὠμοτριβοῦς. τὸ δὲ ὠμοτριβὲς ἢ ὀμφάκινον ὀνομαζόμενον εἰς ὅσον στύψεως μετείληφεν, εἰς τοσοῦτον καὶ ψύξεως. τὸ δὲ παλαιὸν ἔλαιον τὸ μὲν ἐκ τοῦ γλυκέος καλουμένου γιγνόμενον, θερμότερόν τε καὶ",pending_llm_review,,
SNRC-00006,Aetius,AET_LM-1.100,AET_LM,trigger,heading_eta,\s[ἤἢη]\s,γλυκυ,γλυκεῖ,σαβινος,σαβῖνον,unreviewed,"ν δὲ συμμέτρως ἐστὶ τῆς μέσης κράσεως καὶ διαφορητικώτερον τοῦ ὠμοτριβοῦς. τὸ δὲ ὠμοτριβὲς ἢ ὀμφάκινον ὀνομαζόμενον εἰς ὅσον στύψεως μετείληφεν, εἰς τοσοῦτον καὶ ψύξεως. τὸ δὲ παλαιὸν ἔλαιον τὸ μὲν ἐκ τοῦ γλυκέος καλουμένου γιγνόμενον, θερμότερόν τε καὶ",pending_llm_review,,
SNRC-00007,Aetius,AET_LM-1.100,AET_LM,trigger,heading_eta,\s[ἤἢη]\s,γλυκυ,γλυκεῖ,φαρμακον,φαρμάκων,unreviewed,"ν δὲ συμμέτρως ἐστὶ τῆς μέσης κράσεως καὶ διαφορητικώτερον τοῦ ὠμοτριβοῦς. τὸ δὲ ὠμοτριβὲς ἢ ὀμφάκινον ὀνομαζόμενον εἰς ὅσον στύψεως μετείληφεν, εἰς τοσοῦτον καὶ ψύξεως. τὸ δὲ παλαιὸν ἔλαιον τὸ μὲν ἐκ τοῦ γλυκέος καλουμένου γιγνόμενον, θερμότερόν τε καὶ",pending_llm_review,,
SNRC-00008,Aetius,AET_LM-1.100,AET_LM,trigger,heading_eta,\s[ἤἢη]\s,γλυκυ,γλυκεῖ,χυμος,χυμοῦ,unreviewed,"ν δὲ συμμέτρως ἐστὶ τῆς μέσης κράσεως καὶ διαφορητικώτερον τοῦ ὠμοτριβοῦς. τὸ δὲ ὠμοτριβὲς ἢ ὀμφάκινον ὀνομαζόμενον εἰς ὅσον στύψεως μετείληφεν, εἰς τοσοῦτον καὶ ψύξεως. τὸ δὲ παλαιὸν ἔλαιον τὸ μὲν ἐκ τοῦ γλυκέος καλουμένου γιγνόμενον, θερμότερόν τε καὶ",pending_llm_review,,
SNRC-00009,Aetius,AET_LM-1.100,AET_LM,trigger,heading_eta,\s[ἤἢη]\s,γλυκυ,γλυκεῖ,ωμοτριβες,ὠμοτριβὲς,unreviewed,"ν δὲ συμμέτρως ἐστὶ τῆς μέσης κράσεως καὶ διαφορητικώτερον τοῦ ὠμοτριβοῦς. τὸ δὲ ὠμοτριβὲς ἢ ὀμφάκινον ὀνομαζόμενον εἰς ὅσον στύψεως μετείληφεν, εἰς τοσοῦτον καὶ ψύξεως. τὸ δὲ παλαιὸν ἔλαιον τὸ μὲν ἐκ τοῦ γλυκέος καλουμένου γιγνόμενον, θερμότερόν τε καὶ",pending_llm_review,,
SNRC-00010,Aetius,AET_LM-1.100,AET_LM,trigger,heading_eta,\s[ἤἢη]\s,γλυκυ,γλυκεῖ,καρπου ελαιας,καρποῦ ἐλαίας,unreviewed,"ν δὲ συμμέτρως ἐστὶ τῆς μέσης κράσεως καὶ διαφορητικώτερον τοῦ ὠμοτριβοῦς. τὸ δὲ ὠμοτριβὲς ἢ ὀμφάκινον ὀνομαζόμενον εἰς ὅσον στύψεως μετείληφεν, εἰς τοσοῦτον καὶ ψύξεως. τὸ δὲ παλαιὸν ἔλαιον τὸ μὲν ἐκ τοῦ γλυκέος καλουμένου γιγνόμενον, θερμότερόν τε καὶ",pending_llm_review,,
SNRC-00011,Aetius,AET_LM-1.100,AET_LM,trigger,heading_eta,\s[ἤἢη]\s,ελαια,ἐλαίας,ελαιον,ἔλαιον,unreviewed,"ν δὲ συμμέτρως ἐστὶ τῆς μέσης κράσεως καὶ διαφορητικώτερον τοῦ ὠμοτριβοῦς. τὸ δὲ ὠμοτριβὲς ἢ ὀμφάκινον ὀνομαζόμενον εἰς ὅσον στύψεως μετείληφεν, εἰς τοσοῦτον καὶ ψύξεως. τὸ δὲ παλαιὸν ἔλαιον τὸ μὲν ἐκ τοῦ γλυκέος καλουμένου γιγνόμενον, θερμότερόν τε καὶ",pending_llm_review,,
SNRC-00012,Aetius,AET_LM-1.100,AET_LM,trigger,heading_eta,\s[ἤἢη]\s,ελαια,ἐλαίας,ελαιον παλαιον,παλαιὸν ἔλαιον,unreviewed,"ν δὲ συμμέτρως ἐστὶ τῆς μέσης κράσεως καὶ διαφορητικώτερον τοῦ ὠμοτριβοῦς. τὸ δὲ ὠμοτριβὲς ἢ ὀμφάκινον ὀνομαζόμενον εἰς ὅσον στύψεως μετείληφεν, εἰς τοσοῦτον καὶ ψύξεως. τὸ δὲ παλαιὸν ἔλαιον τὸ μὲν ἐκ τοῦ γλυκέος καλουμένου γιγνόμενον, θερμότερόν τε καὶ",pending_llm_review,,
SNRC-00013,Aetius,AET_LM-1.101,AET_LM,trigger,heading_eta,\s[ἤἢη]\s,ελαιον,ἔλαιον,ελαιον κικινον,ἔλαιον κίκινον,variant," κίκινον κατ' Αἴγυπτον γίγνεται, τοῦ σπέρματος τῆς κίκεως, ὃ καλεῖται κρότωνες, κοπτομένου ἢ θλιβομένου ἢ δι' ὕδατος θερμοῦ ἀναλεγομένου. ἐστὶ δὲ λεπτομερὲς καὶ διαφορητικὸν ὡς τὸ παλαιὸν ἔλαιον. σμήχει δὲ ἀλφοὺς ἐφήλεις φακοὺς συνεχῶς χριόμενον. παραπλ",pending_llm_review,,
SNRC-00014,Aetius,AET_LM-1.101,AET_LM,trigger,heading_eta,\s[ἤἢη]\s,ελαιον,ἔλαιον,ελαιον παλαιον,παλαιὸν ἔλαιον,variant," κίκινον κατ' Αἴγυπτον γίγνεται, τοῦ σπέρματος τῆς κίκεως, ὃ καλεῖται κρότωνες, κοπτομένου ἢ θλιβομένου ἢ δι' ὕδατος θερμοῦ ἀναλεγομένου. ἐστὶ δὲ λεπτομερὲς καὶ διαφορητικὸν ὡς τὸ παλαιὸν ἔλαιον. σμήχει δὲ ἀλφοὺς ἐφήλεις φακοὺς συνεχῶς χριόμενον. παραπλ",pending_llm_review,,
SNRC-00015,Aetius,AET_LM-1.101,AET_LM,trigger,heading_eta,\s[ἤἢη]\s,ελαιον,ἔλαιον,κικις,κίκεως,unreviewed," κίκινον κατ' Αἴγυπτον γίγνεται, τοῦ σπέρματος τῆς κίκεως, ὃ καλεῖται κρότωνες, κοπτομένου ἢ θλιβομένου ἢ δι' ὕδατος θερμοῦ ἀναλεγομένου. ἐστὶ δὲ λεπτομερὲς καὶ διαφορητικὸν ὡς τὸ παλαιὸν ἔλαιον. σμήχει δὲ ἀλφοὺς ἐφήλεις φακοὺς συνεχῶς χριόμενον. παραπλ",pending_llm_review,,
SNRC-00016,Aetius,AET_LM-1.101,AET_LM,trigger,heading_eta,\s[ἤἢη]\s,ελαιον,ἔλαιον,κροτων,κρότωνες,unreviewed," κίκινον κατ' Αἴγυπτον γίγνεται, τοῦ σπέρματος τῆς κίκεως, ὃ καλεῖται κρότωνες, κοπτομένου ἢ θλιβομένου ἢ δι' ὕδατος θερμοῦ ἀναλεγομένου. ἐστὶ δὲ λεπτομερὲς καὶ διαφορητικὸν ὡς τὸ παλαιὸν ἔλαιον. σμήχει δὲ ἀλφοὺς ἐφήλεις φακοὺς συνεχῶς χριόμενον. παραπλ",pending_llm_review,,
SNRC-00017,Aetius,AET_LM-1.101,AET_LM,trigger,heading_eta,\s[ἤἢη]\s,ελαιον,ἔλαιον,ραφανινος,ῥαφανίνῳ,unreviewed," κίκινον κατ' Αἴγυπτον γίγνεται, τοῦ σπέρματος τῆς κίκεως, ὃ καλεῖται κρότωνες, κοπτομένου ἢ θλιβομένου ἢ δι' ὕδατος θερμοῦ ἀναλεγομένου. ἐστὶ δὲ λεπτομερὲς καὶ διαφορητικὸν ὡς τὸ παλαιὸν ἔλαιον. σμήχει δὲ ἀλφοὺς ἐφήλεις φακοὺς συνεχῶς χριόμενον. παραπλ",pending_llm_review,,
SNRC-00018,Aetius,AET_LM-1.101,AET_LM,trigger,heading_eta,\s[ἤἢη]\s,ελαιον,ἔλαιον,υδωρ,ὕδατος,unreviewed," κίκινον κατ' Αἴγυπτον γίγνεται, τοῦ σπέρματος τῆς κίκεως, ὃ καλεῖται κρότωνες, κοπτομένου ἢ θλιβομένου ἢ δι' ὕδατος θερμοῦ ἀναλεγομένου. ἐστὶ δὲ λεπτομερὲς καὶ διαφορητικὸν ὡς τὸ παλαιὸν ἔλαιον. σμήχει δὲ ἀλφοὺς ἐφήλεις φακοὺς συνεχῶς χριόμενον. παραπλ",pending_llm_review,,
SNRC-00019,Aetius,AET_LM-1.101,AET_LM,trigger,heading_eta,\s[ἤἢη]\s,ελαιον,ἔλαιον,υδωρ θερμον,ὕδατος θερμοῦ,unreviewed," κίκινον κατ' Αἴγυπτον γίγνεται, τοῦ σπέρματος τῆς κίκεως, ὃ καλεῖται κρότωνες, κοπτομένου ἢ θλιβομένου ἢ δι' ὕδατος θερμοῦ ἀναλεγομένου. ἐστὶ δὲ λεπτομερὲς καὶ διαφορητικὸν ὡς τὸ παλαιὸν ἔλαιον. σμήχει δὲ ἀλφοὺς ἐφήλεις φακοὺς συνεχῶς χριόμενον. παραπλ",pending_llm_review,,
SNRC-00020,Aetius,AET_LM-1.101,AET_LM,trigger,heading_eta,\s[ἤἢη]\s,ελαιον,ἔλαιον,σπερματος της κικεως,σπέρματος τῆς κίκεως,unreviewed," κίκινον κατ' Αἴγυπτον γίγνεται, τοῦ σπέρματος τῆς κίκεως, ὃ καλεῖται κρότωνες, κοπτομένου ἢ θλιβομένου ἢ δι' ὕδατος θερμοῦ ἀναλεγομένου. ἐστὶ δὲ λεπτομερὲς καὶ διαφορητικὸν ὡς τὸ παλαιὸν ἔλαιον. σμήχει δὲ ἀλφοὺς ἐφήλεις φακοὺς συνεχῶς χριόμενον. παραπλ",pending_llm_review,,
SNRC-00021,Aetius,AET_LM-1.101,AET_LM,trigger,heading_eta,\s[ἤἢη]\s,ελαιον κικινον,ἔλαιον κίκινον,ελαιον παλαιον,παλαιὸν ἔλαιον,unreviewed," κίκινον κατ' Αἴγυπτον γίγνεται, τοῦ σπέρματος τῆς κίκεως, ὃ καλεῖται κρότωνες, κοπτομένου ἢ θλιβομένου ἢ δι' ὕδατος θερμοῦ ἀναλεγομένου. ἐστὶ δὲ λεπτομερὲς καὶ διαφορητικὸν ὡς τὸ παλαιὸν ἔλαιον. σμήχει δὲ ἀλφοὺς ἐφήλεις φακοὺς συνεχῶς χριόμενον. παραπλ",pending_llm_review,,
SNRC-00022,Aetius,AET_LM-1.101,AET_LM,trigger,heading_eta,\s[ἤἢη]\s,ελαιον κικινον,ἔλαιον κίκινον,κικις,κίκεως,unreviewed," κίκινον κατ' Αἴγυπτον γίγνεται, τοῦ σπέρματος τῆς κίκεως, ὃ καλεῖται κρότωνες, κοπτομένου ἢ θλιβομένου ἢ δι' ὕδατος θερμοῦ ἀναλεγομένου. ἐστὶ δὲ λεπτομερὲς καὶ διαφορητικὸν ὡς τὸ παλαιὸν ἔλαιον. σμήχει δὲ ἀλφοὺς ἐφήλεις φακοὺς συνεχῶς χριόμενον. παραπλ",pending_llm_review,,
SNRC-00023,Aetius,AET_LM-1.101,AET_LM,trigger,heading_eta,\s[ἤἢη]\s,ελαιον κικινον,ἔλαιον κίκινον,κροτων,κρότωνες,unreviewed," κίκινον κατ' Αἴγυπτον γίγνεται, τοῦ σπέρματος τῆς κίκεως, ὃ καλεῖται κρότωνες, κοπτομένου ἢ θλιβομένου ἢ δι' ὕδατος θερμοῦ ἀναλεγομένου. ἐστὶ δὲ λεπτομερὲς καὶ διαφορητικὸν ὡς τὸ παλαιὸν ἔλαιον. σμήχει δὲ ἀλφοὺς ἐφήλεις φακοὺς συνεχῶς χριόμενον. παραπλ",pending_llm_review,,
SNRC-00024,Aetius,AET_LM-1.101,AET_LM,trigger,heading_eta,\s[ἤἢη]\s,ελαιον κικινον,ἔλαιον κίκινον,ραφανινος,ῥαφανίνῳ,unreviewed," κίκινον κατ' Αἴγυπτον γίγνεται, τοῦ σπέρματος τῆς κίκεως, ὃ καλεῖται κρότωνες, κοπτομένου ἢ θλιβομένου ἢ δι' ὕδατος θερμοῦ ἀναλεγομένου. ἐστὶ δὲ λεπτομερὲς καὶ διαφορητικὸν ὡς τὸ παλαιὸν ἔλαιον. σμήχει δὲ ἀλφοὺς ἐφήλεις φακοὺς συνεχῶς χριόμενον. παραπλ",pending_llm_review,,
SNRC-00025,Aetius,AET_LM-1.106,AET_LM,trigger,heading_eta,\s[ἤἢη]\s,ζεον υδωρ,ζέον ὕδωρ,υδωρ,ὕδωρ,variant,καρύινον. Ὁμοίως τῷ ἀμυγδαλίνῳ καὶ τοῦτο σκευάζεται ἢ κοπτομένῳ καὶ πιεζομένῳ ἢ εἰς ζέον ὕδωρ ἐμβαλλομένῳ μετὰ τὸ κοπῆναι καὶ ἁρμόζει δὲ τοῖς αὐτοῖς· περιττὸν δὲ ἔχει τὸ χρησιμεύειν τοῖς χρυσοῦσιν ἢ ἐγκαίουσι· ξηρα,pending_llm_review,,
SNRC-00026,Aetius,AET_LM-1.108,AET_LM,trigger,heading_eta,\s[ἤἢη]\s,αλευρον,ἀλεύροις,δαφνη,δάφνης,unreviewed,χεῖς χριόμενον ἐν βαλανείοις ἀποθεραπεύει. φευκτέον δὲ αὐτὸ ἐπὶ τῶν φλεγμαινόντων λειχήνων ἢ ψωρῶν καὶ ἐπὶ τῶν θερμῶν κράσεων καὶ χολωδῶν. τοῖς γὰρ ὑγροῖς καὶ φλεγματικοῖς ἁρμόττει καὶ πᾶσι τοῖς ὑπὸ ψύξεως ἐνοχλουμένοις τὰ ἄρθρα καὶ ἰσχιαδικοῖς κατάλληλ,pending_llm_review,,
SNRC-00027,Aetius,AET_LM-1.108,AET_LM,trigger,heading_eta,\s[ἤἢη]\s,αλευρον,ἀλεύροις,δαφνις,δαφνίδων,unreviewed,χεῖς χριόμενον ἐν βαλανείοις ἀποθεραπεύει. φευκτέον δὲ αὐτὸ ἐπὶ τῶν φλεγμαινόντων λειχήνων ἢ ψωρῶν καὶ ἐπὶ τῶν θερμῶν κράσεων καὶ χολωδῶν. τοῖς γὰρ ὑγροῖς καὶ φλεγματικοῖς ἁρμόττει καὶ πᾶσι τοῖς ὑπὸ ψύξεως ἐνοχλουμένοις τὰ ἄρθρα καὶ ἰσχιαδικοῖς κατάλληλ,pending_llm_review,,
SNRC-00028,Aetius,AET_LM-1.108,AET_LM,trigger,heading_eta,\s[ἤἢη]\s,αλευρον,ἀλεύροις,ελαιον,ἔλαιον,unreviewed,χεῖς χριόμενον ἐν βαλανείοις ἀποθεραπεύει. φευκτέον δὲ αὐτὸ ἐπὶ τῶν φλεγμαινόντων λειχήνων ἢ ψωρῶν καὶ ἐπὶ τῶν θερμῶν κράσεων καὶ χολωδῶν. τοῖς γὰρ ὑγροῖς καὶ φλεγματικοῖς ἁρμόττει καὶ πᾶσι τοῖς ὑπὸ ψύξεως ἐνοχλουμένοις τὰ ἄρθρα καὶ ἰσχιαδικοῖς κατάλληλ,pending_llm_review,,
SNRC-00029,Aetius,AET_LM-1.108,AET_LM,trigger,heading_eta,\s[ἤἢη]\s,αλευρον,ἀλεύροις,μελι,μέλιτι,unreviewed,χεῖς χριόμενον ἐν βαλανείοις ἀποθεραπεύει. φευκτέον δὲ αὐτὸ ἐπὶ τῶν φλεγμαινόντων λειχήνων ἢ ψωρῶν καὶ ἐπὶ τῶν θερμῶν κράσεων καὶ χολωδῶν. τοῖς γὰρ ὑγροῖς καὶ φλεγματικοῖς ἁρμόττει καὶ πᾶσι τοῖς ὑπὸ ψύξεως ἐνοχλουμένοις τὰ ἄρθρα καὶ ἰσχιαδικοῖς κατάλληλ,pending_llm_review,,
SNRC-00030,Aetius,AET_LM-1.108,AET_LM,trigger,heading_eta,\s[ἤἢη]\s,αλευρον,ἀλεύροις,πεπεμμενον ελαιον,πεπεμμένων ἐλαίων,unreviewed,χεῖς χριόμενον ἐν βαλανείοις ἀποθεραπεύει. φευκτέον δὲ αὐτὸ ἐπὶ τῶν φλεγμαινόντων λειχήνων ἢ ψωρῶν καὶ ἐπὶ τῶν θερμῶν κράσεων καὶ χολωδῶν. τοῖς γὰρ ὑγροῖς καὶ φλεγματικοῖς ἁρμόττει καὶ πᾶσι τοῖς ὑπὸ ψύξεως ἐνοχλουμένοις τὰ ἄρθρα καὶ ἰσχιαδικοῖς κατάλληλ,pending_llm_review,,
SNRC-00031,Aetius,AET_LM-1.108,AET_LM,trigger,heading_eta,\s[ἤἢη]\s,αλευρον,ἀλεύροις,τηλις αλευρον,τήλεως ἀλεύροις,variant,χεῖς χριόμενον ἐν βαλανείοις ἀποθεραπεύει. φευκτέον δὲ αὐτὸ ἐπὶ τῶν φλεγμαινόντων λειχήνων ἢ ψωρῶν καὶ ἐπὶ τῶν θερμῶν κράσεων καὶ χολωδῶν. τοῖς γὰρ ὑγροῖς καὶ φλεγματικοῖς ἁρμόττει καὶ πᾶσι τοῖς ὑπὸ ψύξεως ἐνοχλουμένοις τὰ ἄρθρα καὶ ἰσχιαδικοῖς κατάλληλ,pending_llm_review,,
SNRC-00032,Aetius,AET_LM-1.108,AET_LM,trigger,heading_eta,\s[ἤἢη]\s,αλευρον,ἀλεύροις,ωον,ὠῷ,unreviewed,χεῖς χριόμενον ἐν βαλανείοις ἀποθεραπεύει. φευκτέον δὲ αὐτὸ ἐπὶ τῶν φλεγμαινόντων λειχήνων ἢ ψωρῶν καὶ ἐπὶ τῶν θερμῶν κράσεων καὶ χολωδῶν. τοῖς γὰρ ὑγροῖς καὶ φλεγματικοῖς ἁρμόττει καὶ πᾶσι τοῖς ὑπὸ ψύξεως ἐνοχλουμένοις τὰ ἄρθρα καὶ ἰσχιαδικοῖς κατάλληλ,pending_llm_review,,
SNRC-00033,Aetius,AET_LM-1.108,AET_LM,trigger,heading_eta,\s[ἤἢη]\s,αλευρον,ἀλεύροις,εκ του καρπου της δαφνης,ἐκ τοῦ καρποῦ τῆς δάφνης,unreviewed,χεῖς χριόμενον ἐν βαλανείοις ἀποθεραπεύει. φευκτέον δὲ αὐτὸ ἐπὶ τῶν φλεγμαινόντων λειχήνων ἢ ψωρῶν καὶ ἐπὶ τῶν θερμῶν κράσεων καὶ χολωδῶν. τοῖς γὰρ ὑγροῖς καὶ φλεγματικοῖς ἁρμόττει καὶ πᾶσι τοῖς ὑπὸ ψύξεως ἐνοχλουμένοις τὰ ἄρθρα καὶ ἰσχιαδικοῖς κατάλληλ,pending_llm_review,,
SNRC-00034,Aetius,AET_LM-1.108,AET_LM,trigger,heading_eta,\s[ἤἢη]\s,αλευρον,ἀλεύροις,του καρπου των δαφνιδων,τοῦ καρποῦ τῶν δαφνίδων,unreviewed,χεῖς χριόμενον ἐν βαλανείοις ἀποθεραπεύει. φευκτέον δὲ αὐτὸ ἐπὶ τῶν φλεγμαινόντων λειχήνων ἢ ψωρῶν καὶ ἐπὶ τῶν θερμῶν κράσεων καὶ χολωδῶν. τοῖς γὰρ ὑγροῖς καὶ φλεγματικοῖς ἁρμόττει καὶ πᾶσι τοῖς ὑπὸ ψύξεως ἐνοχλουμένοις τὰ ἄρθρα καὶ ἰσχιαδικοῖς κατάλληλ,pending_llm_review,,
SNRC-00035,Aetius,AET_LM-1.108,AET_LM,trigger,heading_eta,\s[ἤἢη]\s,δαφνη,δάφνης,δαφνις,δαφνίδων,unreviewed,χεῖς χριόμενον ἐν βαλανείοις ἀποθεραπεύει. φευκτέον δὲ αὐτὸ ἐπὶ τῶν φλεγμαινόντων λειχήνων ἢ ψωρῶν καὶ ἐπὶ τῶν θερμῶν κράσεων καὶ χολωδῶν. τοῖς γὰρ ὑγροῖς καὶ φλεγματικοῖς ἁρμόττει καὶ πᾶσι τοῖς ὑπὸ ψύξεως ἐνοχλουμένοις τὰ ἄρθρα καὶ ἰσχιαδικοῖς κατάλληλ,pending_llm_review,,
SNRC-00036,Aetius,AET_LM-1.108,AET_LM,trigger,heading_eta,\s[ἤἢη]\s,δαφνη,δάφνης,ελαιον,ἔλαιον,unreviewed,χεῖς χριόμενον ἐν βαλανείοις ἀποθεραπεύει. φευκτέον δὲ αὐτὸ ἐπὶ τῶν φλεγμαινόντων λειχήνων ἢ ψωρῶν καὶ ἐπὶ τῶν θερμῶν κράσεων καὶ χολωδῶν. τοῖς γὰρ ὑγροῖς καὶ φλεγματικοῖς ἁρμόττει καὶ πᾶσι τοῖς ὑπὸ ψύξεως ἐνοχλουμένοις τὰ ἄρθρα καὶ ἰσχιαδικοῖς κατάλληλ,pending_llm_review,,
SNRC-00037,Aetius,AET_LM-1.108,AET_LM,trigger,heading_eta,\s[ἤἢη]\s,δαφνη,δάφνης,μελι,μέλιτι,unreviewed,χεῖς χριόμενον ἐν βαλανείοις ἀποθεραπεύει. φευκτέον δὲ αὐτὸ ἐπὶ τῶν φλεγμαινόντων λειχήνων ἢ ψωρῶν καὶ ἐπὶ τῶν θερμῶν κράσεων καὶ χολωδῶν. τοῖς γὰρ ὑγροῖς καὶ φλεγματικοῖς ἁρμόττει καὶ πᾶσι τοῖς ὑπὸ ψύξεως ἐνοχλουμένοις τὰ ἄρθρα καὶ ἰσχιαδικοῖς κατάλληλ,pending_llm_review,,
SNRC-00038,Aetius,AET_LM-1.113,AET_LM,trigger,heading_eta,\s[ἤἢη]\s,ελαιον,ἐλαίου,ελαιον ομφακινον,ἐλαίου ὀμφακίνου,variant,τὸν βίκον εἰς φρέαρ ὕδατος ψυχροῦ ἡμέρας <μ>. ἁρμόζει δὲ κεφαλῇ θερμανθείσῃ καὶ ξηρανθείσῃ ἢ ἐξ ἡλιώσεως ἢ ἐκ πυρετῶν ἤ τινος ἄλλης τοιαύτης προφάσεως. ὑγραίνει γὰρ καὶ παρηγορεῖ καὶ ὕπνον ἐπάγει. καὶ ἐπὶ σπλάγχνων δὲ ἐν πυρετοῖς ἐκθερμαινομένων ἁρμοδία,pending_llm_review,,
SNRC-00039,Aetius,AET_LM-1.113,AET_LM,trigger,heading_eta,\s[ἤἢη]\s,ελαιον,ἐλαίου,κηρος,κηροῦ,unreviewed,τὸν βίκον εἰς φρέαρ ὕδατος ψυχροῦ ἡμέρας <μ>. ἁρμόζει δὲ κεφαλῇ θερμανθείσῃ καὶ ξηρανθείσῃ ἢ ἐξ ἡλιώσεως ἢ ἐκ πυρετῶν ἤ τινος ἄλλης τοιαύτης προφάσεως. ὑγραίνει γὰρ καὶ παρηγορεῖ καὶ ὕπνον ἐπάγει. καὶ ἐπὶ σπλάγχνων δὲ ἐν πυρετοῖς ἐκθερμαινομένων ἁρμοδία,pending_llm_review,,
SNRC-00040,Aetius,AET_LM-1.113,AET_LM,trigger,heading_eta,\s[ἤἢη]\s,ελαιον,ἐλαίου,οξος,ὄξος,unreviewed,τὸν βίκον εἰς φρέαρ ὕδατος ψυχροῦ ἡμέρας <μ>. ἁρμόζει δὲ κεφαλῇ θερμανθείσῃ καὶ ξηρανθείσῃ ἢ ἐξ ἡλιώσεως ἢ ἐκ πυρετῶν ἤ τινος ἄλλης τοιαύτης προφάσεως. ὑγραίνει γὰρ καὶ παρηγορεῖ καὶ ὕπνον ἐπάγει. καὶ ἐπὶ σπλάγχνων δὲ ἐν πυρετοῖς ἐκθερμαινομένων ἁρμοδία,pending_llm_review,,
SNRC-00041,Aetius,AET_LM-1.113,AET_LM,trigger,heading_eta,\s[ἤἢη]\s,ελαιον,ἐλαίου,ροδον,ῥόδοις,unreviewed,τὸν βίκον εἰς φρέαρ ὕδατος ψυχροῦ ἡμέρας <μ>. ἁρμόζει δὲ κεφαλῇ θερμανθείσῃ καὶ ξηρανθείσῃ ἢ ἐξ ἡλιώσεως ἢ ἐκ πυρετῶν ἤ τινος ἄλλης τοιαύτης προφάσεως. ὑγραίνει γὰρ καὶ παρηγορεῖ καὶ ὕπνον ἐπάγει. καὶ ἐπὶ σπλάγχνων δὲ ἐν πυρετοῖς ἐκθερμαινομένων ἁρμοδία,pending_llm_review,,
SNRC-00042,Aetius,AET_LM-1.113,AET_LM,trigger,heading_eta,\s[ἤἢη]\s,ελαιον,ἐλαίου,ροδον ερυθρον,ῥόδων ἐρυθρῶν,unreviewed,τὸν βίκον εἰς φρέαρ ὕδατος ψυχροῦ ἡμέρας <μ>. ἁρμόζει δὲ κεφαλῇ θερμανθείσῃ καὶ ξηρανθείσῃ ἢ ἐξ ἡλιώσεως ἢ ἐκ πυρετῶν ἤ τινος ἄλλης τοιαύτης προφάσεως. ὑγραίνει γὰρ καὶ παρηγορεῖ καὶ ὕπνον ἐπάγει. καὶ ἐπὶ σπλάγχνων δὲ ἐν πυρετοῖς ἐκθερμαινομένων ἁρμοδία,pending_llm_review,,
SNRC-00043,Aetius,AET_LM-1.113,AET_LM,trigger,heading_eta,\s[ἤἢη]\s,ελαιον,ἐλαίου,υδωρ,ὕδατος,unreviewed,τὸν βίκον εἰς φρέαρ ὕδατος ψυχροῦ ἡμέρας <μ>. ἁρμόζει δὲ κεφαλῇ θερμανθείσῃ καὶ ξηρανθείσῃ ἢ ἐξ ἡλιώσεως ἢ ἐκ πυρετῶν ἤ τινος ἄλλης τοιαύτης προφάσεως. ὑγραίνει γὰρ καὶ παρηγορεῖ καὶ ὕπνον ἐπάγει. καὶ ἐπὶ σπλάγχνων δὲ ἐν πυρετοῖς ἐκθερμαινομένων ἁρμοδία,pending_llm_review,,
SNRC-00044,Aetius,AET_LM-1.113,AET_LM,trigger,heading_eta,\s[ἤἢη]\s,ελαιον ομφακινον,ἐλαίου ὀμφακίνου,κηρος,κηροῦ,unreviewed,τὸν βίκον εἰς φρέαρ ὕδατος ψυχροῦ ἡμέρας <μ>. ἁρμόζει δὲ κεφαλῇ θερμανθείσῃ καὶ ξηρανθείσῃ ἢ ἐξ ἡλιώσεως ἢ ἐκ πυρετῶν ἤ τινος ἄλλης τοιαύτης προφάσεως. ὑγραίνει γὰρ καὶ παρηγορεῖ καὶ ὕπνον ἐπάγει. καὶ ἐπὶ σπλάγχνων δὲ ἐν πυρετοῖς ἐκθερμαινομένων ἁρμοδία,pending_llm_review,,
SNRC-00045,Aetius,AET_LM-1.113,AET_LM,trigger,heading_eta,\s[ἤἢη]\s,ελαιον ομφακινον,ἐλαίου ὀμφακίνου,οξος,ὄξος,unreviewed,τὸν βίκον εἰς φρέαρ ὕδατος ψυχροῦ ἡμέρας <μ>. ἁρμόζει δὲ κεφαλῇ θερμανθείσῃ καὶ ξηρανθείσῃ ἢ ἐξ ἡλιώσεως ἢ ἐκ πυρετῶν ἤ τινος ἄλλης τοιαύτης προφάσεως. ὑγραίνει γὰρ καὶ παρηγορεῖ καὶ ὕπνον ἐπάγει. καὶ ἐπὶ σπλάγχνων δὲ ἐν πυρετοῖς ἐκθερμαινομένων ἁρμοδία,pending_llm_review,,
SNRC-00046,Aetius,AET_LM-1.113,AET_LM,trigger,heading_eta,\s[ἤἢη]\s,ελαιον ομφακινον,ἐλαίου ὀμφακίνου,ροδον,ῥόδοις,unreviewed,τὸν βίκον εἰς φρέαρ ὕδατος ψυχροῦ ἡμέρας <μ>. ἁρμόζει δὲ κεφαλῇ θερμανθείσῃ καὶ ξηρανθείσῃ ἢ ἐξ ἡλιώσεως ἢ ἐκ πυρετῶν ἤ τινος ἄλλης τοιαύτης προφάσεως. ὑγραίνει γὰρ καὶ παρηγορεῖ καὶ ὕπνον ἐπάγει. καὶ ἐπὶ σπλάγχνων δὲ ἐν πυρετοῖς ἐκθερμαινομένων ἁρμοδία,pending_llm_review,,
SNRC-00047,Aetius,AET_LM-1.113,AET_LM,trigger,heading_eta,\s[ἤἢη]\s,ελαιον ομφακινον,ἐλαίου ὀμφακίνου,ροδον ερυθρον,ῥόδων ἐρυθρῶν,unreviewed,τὸν βίκον εἰς φρέαρ ὕδατος ψυχροῦ ἡμέρας <μ>. ἁρμόζει δὲ κεφαλῇ θερμανθείσῃ καὶ ξηρανθείσῃ ἢ ἐξ ἡλιώσεως ἢ ἐκ πυρετῶν ἤ τινος ἄλλης τοιαύτης προφάσεως. ὑγραίνει γὰρ καὶ παρηγορεῖ καὶ ὕπνον ἐπάγει. καὶ ἐπὶ σπλάγχνων δὲ ἐν πυρετοῖς ἐκθερμαινομένων ἁρμοδία,pending_llm_review,,
SNRC-00048,Aetius,AET_LM-1.113,AET_LM,trigger,heading_eta,\s[ἤἢη]\s,ελαιον ομφακινον,ἐλαίου ὀμφακίνου,υδωρ,ὕδατος,unreviewed,τὸν βίκον εἰς φρέαρ ὕδατος ψυχροῦ ἡμέρας <μ>. ἁρμόζει δὲ κεφαλῇ θερμανθείσῃ καὶ ξηρανθείσῃ ἢ ἐξ ἡλιώσεως ἢ ἐκ πυρετῶν ἤ τινος ἄλλης τοιαύτης προφάσεως. ὑγραίνει γὰρ καὶ παρηγορεῖ καὶ ὕπνον ἐπάγει. καὶ ἐπὶ σπλάγχνων δὲ ἐν πυρετοῖς ἐκθερμαινομένων ἁρμοδία,pending_llm_review,,
SNRC-00049,Aetius,AET_LM-1.113,AET_LM,trigger,heading_eta,\s[ἤἢη]\s,κηρος,κηροῦ,οξος,ὄξος,unreviewed,τὸν βίκον εἰς φρέαρ ὕδατος ψυχροῦ ἡμέρας <μ>. ἁρμόζει δὲ κεφαλῇ θερμανθείσῃ καὶ ξηρανθείσῃ ἢ ἐξ ἡλιώσεως ἢ ἐκ πυρετῶν ἤ τινος ἄλλης τοιαύτης προφάσεως. ὑγραίνει γὰρ καὶ παρηγορεῖ καὶ ὕπνον ἐπάγει. καὶ ἐπὶ σπλάγχνων δὲ ἐν πυρετοῖς ἐκθερμαινομένων ἁρμοδία,pending_llm_review,,
SNRC-00050,Aetius,AET_LM-1.115,AET_LM,trigger,heading_eta,\s[ἤἢη]\s,ανηθος,ἀνήθου,γλυκυ ελαιον,γλυκέος ἐλαίου,unreviewed,"ἀνήθινον γίνεται ἐκ τῆς κόμης τοῦ ἀνήθου χλωρᾶς ἔτι οὔσης, πρὶν ἢ τὸ σπερμάτιον στερεὸν γένηται καὶ δριμὺ, ἀσύμφορον γὰρ γίνεται εἰς τὴν χρῆσιν διὰ τὴν ἀποβολὴν τοῦ ἄνθους. ἀποτέμνοντα δὲ μόνους τοὺς καλαθίσκους τῶν βλαστῶν κα",pending_llm_review,,
SNRC-00051,Aetius,AET_LM-1.115,AET_LM,trigger,heading_eta,\s[ἤἢη]\s,ανηθος,ἀνήθου,ελαιον,ἐλαίου,unreviewed,"ἀνήθινον γίνεται ἐκ τῆς κόμης τοῦ ἀνήθου χλωρᾶς ἔτι οὔσης, πρὶν ἢ τὸ σπερμάτιον στερεὸν γένηται καὶ δριμὺ, ἀσύμφορον γὰρ γίνεται εἰς τὴν χρῆσιν διὰ τὴν ἀποβολὴν τοῦ ἄνθους. ἀποτέμνοντα δὲ μόνους τοὺς καλαθίσκους τῶν βλαστῶν κα",pending_llm_review,,
SNRC-00052,Aetius,AET_LM-1.115,AET_LM,trigger,heading_eta,\s[ἤἢη]\s,ανηθος,ἀνήθου,φλεγμα,φλέγματος,unreviewed,"ἀνήθινον γίνεται ἐκ τῆς κόμης τοῦ ἀνήθου χλωρᾶς ἔτι οὔσης, πρὶν ἢ τὸ σπερμάτιον στερεὸν γένηται καὶ δριμὺ, ἀσύμφορον γὰρ γίνεται εἰς τὴν χρῆσιν διὰ τὴν ἀποβολὴν τοῦ ἄνθους. ἀποτέμνοντα δὲ μόνους τοὺς καλαθίσκους τῶν βλαστῶν κα",pending_llm_review,,
SNRC-00053,Aetius,AET_LM-1.115,AET_LM,trigger,heading_eta,\s[ἤἢη]\s,ανηθος,ἀνήθου,ανθους,ἄνθους,unreviewed,"ἀνήθινον γίνεται ἐκ τῆς κόμης τοῦ ἀνήθου χλωρᾶς ἔτι οὔσης, πρὶν ἢ τὸ σπερμάτιον στερεὸν γένηται καὶ δριμὺ, ἀσύμφορον γὰρ γίνεται εἰς τὴν χρῆσιν διὰ τὴν ἀποβολὴν τοῦ ἄνθους. ἀποτέμνοντα δὲ μόνους τοὺς καλαθίσκους τῶν βλαστῶν κα",pending_llm_review,,
SNRC-00054,Aetius,AET_LM-1.115,AET_LM,trigger,heading_eta,\s[ἤἢη]\s,ανηθος,ἀνήθου,κομης του ανηθου,κόμης τοῦ ἀνήθου,unreviewed,"ἀνήθινον γίνεται ἐκ τῆς κόμης τοῦ ἀνήθου χλωρᾶς ἔτι οὔσης, πρὶν ἢ τὸ σπερμάτιον στερεὸν γένηται καὶ δριμὺ, ἀσύμφορον γὰρ γίνεται εἰς τὴν χρῆσιν διὰ τὴν ἀποβολὴν τοῦ ἄνθους. ἀποτέμνοντα δὲ μόνους τοὺς καλαθίσκους τῶν βλαστῶν κα",pending_llm_review,,
SNRC-00055,Aetius,AET_LM-1.115,AET_LM,trigger,heading_eta,\s[ἤἢη]\s,ανηθος,ἀνήθου,σπερματιον,σπερμάτιον,unreviewed,"ἀνήθινον γίνεται ἐκ τῆς κόμης τοῦ ἀνήθου χλωρᾶς ἔτι οὔσης, πρὶν ἢ τὸ σπερμάτιον στερεὸν γένηται καὶ δριμὺ, ἀσύμφορον γὰρ γίνεται εἰς τὴν χρῆσιν διὰ τὴν ἀποβολὴν τοῦ ἄνθους. ἀποτέμνοντα δὲ μόνους τοὺς καλαθίσκους τῶν βλαστῶν κα",pending_llm_review,,
SNRC-00056,Aetius,AET_LM-1.115,AET_LM,trigger,heading_eta,\s[ἤἢη]\s,γλυκυ ελαιον,γλυκέος ἐλαίου,ελαιον,ἐλαίου,variant,"ἀνήθινον γίνεται ἐκ τῆς κόμης τοῦ ἀνήθου χλωρᾶς ἔτι οὔσης, πρὶν ἢ τὸ σπερμάτιον στερεὸν γένηται καὶ δριμὺ, ἀσύμφορον γὰρ γίνεται εἰς τὴν χρῆσιν διὰ τὴν ἀποβολὴν τοῦ ἄνθους. ἀποτέμνοντα δὲ μόνους τοὺς καλαθίσκους τῶν βλαστῶν κα",pending_llm_review,,
SNRC-00057,Aetius,AET_LM-1.115,AET_LM,trigger,heading_eta,\s[ἤἢη]\s,γλυκυ ελαιον,γλυκέος ἐλαίου,φλεγμα,φλέγματος,unreviewed,"ἀνήθινον γίνεται ἐκ τῆς κόμης τοῦ ἀνήθου χλωρᾶς ἔτι οὔσης, πρὶν ἢ τὸ σπερμάτιον στερεὸν γένηται καὶ δριμὺ, ἀσύμφορον γὰρ γίνεται εἰς τὴν χρῆσιν διὰ τὴν ἀποβολὴν τοῦ ἄνθους. ἀποτέμνοντα δὲ μόνους τοὺς καλαθίσκους τῶν βλαστῶν κα",pending_llm_review,,
SNRC-00058,Aetius,AET_LM-1.115,AET_LM,trigger,heading_eta,\s[ἤἢη]\s,γλυκυ ελαιον,γλυκέος ἐλαίου,ανθους,ἄνθους,unreviewed,"ἀνήθινον γίνεται ἐκ τῆς κόμης τοῦ ἀνήθου χλωρᾶς ἔτι οὔσης, πρὶν ἢ τὸ σπερμάτιον στερεὸν γένηται καὶ δριμὺ, ἀσύμφορον γὰρ γίνεται εἰς τὴν χρῆσιν διὰ τὴν ἀποβολὴν τοῦ ἄνθους. ἀποτέμνοντα δὲ μόνους τοὺς καλαθίσκους τῶν βλαστῶν κα",pending_llm_review,,
SNRC-00059,Aetius,AET_LM-1.115,AET_LM,trigger,heading_eta,\s[ἤἢη]\s,γλυκυ ελαιον,γλυκέος ἐλαίου,κομης του ανηθου,κόμης τοῦ ἀνήθου,unreviewed,"ἀνήθινον γίνεται ἐκ τῆς κόμης τοῦ ἀνήθου χλωρᾶς ἔτι οὔσης, πρὶν ἢ τὸ σπερμάτιον στερεὸν γένηται καὶ δριμὺ, ἀσύμφορον γὰρ γίνεται εἰς τὴν χρῆσιν διὰ τὴν ἀποβολὴν τοῦ ἄνθους. ἀποτέμνοντα δὲ μόνους τοὺς καλαθίσκους τῶν βλαστῶν κα",pending_llm_review,,
SNRC-00060,Aetius,AET_LM-1.115,AET_LM,trigger,heading_eta,\s[ἤἢη]\s,γλυκυ ελαιον,γλυκέος ἐλαίου,σπερματιον,σπερμάτιον,unreviewed,"ἀνήθινον γίνεται ἐκ τῆς κόμης τοῦ ἀνήθου χλωρᾶς ἔτι οὔσης, πρὶν ἢ τὸ σπερμάτιον στερεὸν γένηται καὶ δριμὺ, ἀσύμφορον γὰρ γίνεται εἰς τὴν χρῆσιν διὰ τὴν ἀποβολὴν τοῦ ἄνθους. ἀποτέμνοντα δὲ μόνους τοὺς καλαθίσκους τῶν βλαστῶν κα",pending_llm_review,,
SNRC-00061,Aetius,AET_LM-1.115,AET_LM,trigger,heading_eta,\s[ἤἢη]\s,ελαιον,ἐλαίου,φλεγμα,φλέγματος,unreviewed,"ἀνήθινον γίνεται ἐκ τῆς κόμης τοῦ ἀνήθου χλωρᾶς ἔτι οὔσης, πρὶν ἢ τὸ σπερμάτιον στερεὸν γένηται καὶ δριμὺ, ἀσύμφορον γὰρ γίνεται εἰς τὴν χρῆσιν διὰ τὴν ἀποβολὴν τοῦ ἄνθους. ἀποτέμνοντα δὲ μόνους τοὺς καλαθίσκους τῶν βλαστῶν κα",pending_llm_review,,
SNRC-00062,Aetius,AET_LM-1.116,AET_LM,trigger,heading_eta,\s[ἤἢη]\s,γλυκυτατον ελαιον,γλυκυτάτου ἐλαίου,ελαιον,ἐλαίῳ,variant,κρίνινον ἢ σούσινον ἢ λίρινον γίγνεται τῶν λευκῶν τοῦ κρίνου πετάλων ἐξωνυχισμένων καὶ μόνων ἐμβαλλομένων χωρὶς τοῦ ἐν αὐτοῖς κροκώδους εἰς τὸν ἰταλικὸν ξέστην τοῦ καλλίστ,pending_llm_review,,
SNRC-00063,Aetius,AET_LM-1.116,AET_LM,trigger,heading_eta,\s[ἤἢη]\s,γλυκυτατον ελαιον,γλυκυτάτου ἐλαίου,κρινον,κρίνου,unreviewed,κρίνινον ἢ σούσινον ἢ λίρινον γίγνεται τῶν λευκῶν τοῦ κρίνου πετάλων ἐξωνυχισμένων καὶ μόνων ἐμβαλλομένων χωρὶς τοῦ ἐν αὐτοῖς κροκώδους εἰς τὸν ἰταλικὸν ξέστην τοῦ καλλίστ,pending_llm_review,,
SNRC-00064,Aetius,AET_LM-1.116,AET_LM,trigger,heading_eta,\s[ἤἢη]\s,γλυκυτατον ελαιον,γλυκυτάτου ἐλαίου,του κρινου πεταλων,τοῦ κρίνου πετάλων,unreviewed,κρίνινον ἢ σούσινον ἢ λίρινον γίγνεται τῶν λευκῶν τοῦ κρίνου πετάλων ἐξωνυχισμένων καὶ μόνων ἐμβαλλομένων χωρὶς τοῦ ἐν αὐτοῖς κροκώδους εἰς τὸν ἰταλικὸν ξέστην τοῦ καλλίστ,pending_llm_review,,
SNRC-00065,Aetius,AET_LM-1.116,AET_LM,trigger,heading_eta,\s[ἤἢη]\s,γλυκυτατον ελαιον,γλυκυτάτου ἐλαίου,των κρινων φυλλων,τῶν κρίνων φύλλων,unreviewed,κρίνινον ἢ σούσινον ἢ λίρινον γίγνεται τῶν λευκῶν τοῦ κρίνου πετάλων ἐξωνυχισμένων καὶ μόνων ἐμβαλλομένων χωρὶς τοῦ ἐν αὐτοῖς κροκώδους εἰς τὸν ἰταλικὸν ξέστην τοῦ καλλίστ,pending_llm_review,,
SNRC-00066,Aetius,AET_LM-1.116,AET_LM,trigger,heading_eta,\s[ἤἢη]\s,ελαιον,ἐλαίῳ,κρινον,κρίνου,unreviewed,κρίνινον ἢ σούσινον ἢ λίρινον γίγνεται τῶν λευκῶν τοῦ κρίνου πετάλων ἐξωνυχισμένων καὶ μόνων ἐμβαλλομένων χωρὶς τοῦ ἐν αὐτοῖς κροκώδους εἰς τὸν ἰταλικὸν ξέστην τοῦ καλλίστ,pending_llm_review,,
SNRC-00067,Aetius,AET_LM-1.116,AET_LM,trigger,heading_eta,\s[ἤἢη]\s,ελαιον,ἐλαίῳ,του κρινου πεταλων,τοῦ κρίνου πετάλων,unreviewed,κρίνινον ἢ σούσινον ἢ λίρινον γίγνεται τῶν λευκῶν τοῦ κρίνου πετάλων ἐξωνυχισμένων καὶ μόνων ἐμβαλλομένων χωρὶς τοῦ ἐν αὐτοῖς κροκώδους εἰς τὸν ἰταλικὸν ξέστην τοῦ καλλίστ,pending_llm_review,,
SNRC-00068,Aetius,AET_LM-1.116,AET_LM,trigger,heading_eta,\s[ἤἢη]\s,ελαιον,ἐλαίῳ,των κρινων φυλλων,τῶν κρίνων φύλλων,unreviewed,κρίνινον ἢ σούσινον ἢ λίρινον γίγνεται τῶν λευκῶν τοῦ κρίνου πετάλων ἐξωνυχισμένων καὶ μόνων ἐμβαλλομένων χωρὶς τοῦ ἐν αὐτοῖς κροκώδους εἰς τὸν ἰταλικὸν ξέστην τοῦ καλλίστ,pending_llm_review,,
SNRC-00069,Aetius,AET_LM-1.116,AET_LM,trigger,heading_eta,\s[ἤἢη]\s,κρινον,κρίνου,του κρινου πεταλων,τοῦ κρίνου πετάλων,unreviewed,κρίνινον ἢ σούσινον ἢ λίρινον γίγνεται τῶν λευκῶν τοῦ κρίνου πετάλων ἐξωνυχισμένων καὶ μόνων ἐμβαλλομένων χωρὶς τοῦ ἐν αὐτοῖς κροκώδους εἰς τὸν ἰταλικὸν ξέστην τοῦ καλλίστ,pending_llm_review,,
SNRC-00070,Aetius,AET_LM-1.116,AET_LM,trigger,heading_eta,\s[ἤἢη]\s,κρινον,κρίνου,των κρινων φυλλων,τῶν κρίνων φύλλων,unreviewed,κρίνινον ἢ σούσινον ἢ λίρινον γίγνεται τῶν λευκῶν τοῦ κρίνου πετάλων ἐξωνυχισμένων καὶ μόνων ἐμβαλλομένων χωρὶς τοῦ ἐν αὐτοῖς κροκώδους εἰς τὸν ἰταλικὸν ξέστην τοῦ καλλίστ,pending_llm_review,,
SNRC-00071,Aetius,AET_LM-1.116,AET_LM,trigger,heading_eta,\s[ἤἢη]\s,του κρινου πεταλων,τοῦ κρίνου πετάλων,των κρινων φυλλων,τῶν κρίνων φύλλων,unreviewed,κρίνινον ἢ σούσινον ἢ λίρινον γίγνεται τῶν λευκῶν τοῦ κρίνου πετάλων ἐξωνυχισμένων καὶ μόνων ἐμβαλλομένων χωρὶς τοῦ ἐν αὐτοῖς κροκώδους εἰς τὸν ἰταλικὸν ξέστην τοῦ καλλίστ,pending_llm_review,,
SNRC-00072,Aetius,AET_LM-1.118,AET_LM,trigger,heading_eta,\s[ἤἢη]\s,γλυκυτατον ελαιον,τοῦ γλυκυτάτου ἐλαίου,ελαιον,ἐλαίου,variant,"νεται εὐῶδες τὸ ἔλαιον, μάλιστα εἰ συμμέτρως ἡλιωθῇ. εἰ γὰρ ἐπὶ πλέον ἡλιωθείη τὸ κρίνινον ἢ τὸ ναρκίσσινον ἢ τὸ ἰάτον ἢ ἄλλο τι τῶν μὴ ἰσχυρὰν καὶ μόνιμον ἐχόντων τὴν εὐωδίαν, ἄνοσμον ἀποτελεῖται. δύναμιν δὲ ἔχει τὸ ναρκίσσινον θερμοτέραν τοῦ ἀνηθίνου,",pending_llm_review,,
SNRC-00073,Aetius,AET_LM-1.118,AET_LM,trigger,heading_eta,\s[ἤἢη]\s,γλυκυτατον ελαιον,τοῦ γλυκυτάτου ἐλαίου,ναρκισσος,τῆς ναρκίσσου,unreviewed,"νεται εὐῶδες τὸ ἔλαιον, μάλιστα εἰ συμμέτρως ἡλιωθῇ. εἰ γὰρ ἐπὶ πλέον ἡλιωθείη τὸ κρίνινον ἢ τὸ ναρκίσσινον ἢ τὸ ἰάτον ἢ ἄλλο τι τῶν μὴ ἰσχυρὰν καὶ μόνιμον ἐχόντων τὴν εὐωδίαν, ἄνοσμον ἀποτελεῖται. δύναμιν δὲ ἔχει τὸ ναρκίσσινον θερμοτέραν τοῦ ἀνηθίνου,",pending_llm_review,,
SNRC-00074,Aetius,AET_LM-1.118,AET_LM,trigger,heading_eta,\s[ἤἢη]\s,γλυκυτατον ελαιον,τοῦ γλυκυτάτου ἐλαίου,ανθων της ναρκισσου,ἀνθῶν τῆς ναρκίσσου,unreviewed,"νεται εὐῶδες τὸ ἔλαιον, μάλιστα εἰ συμμέτρως ἡλιωθῇ. εἰ γὰρ ἐπὶ πλέον ἡλιωθείη τὸ κρίνινον ἢ τὸ ναρκίσσινον ἢ τὸ ἰάτον ἢ ἄλλο τι τῶν μὴ ἰσχυρὰν καὶ μόνιμον ἐχόντων τὴν εὐωδίαν, ἄνοσμον ἀποτελεῖται. δύναμιν δὲ ἔχει τὸ ναρκίσσινον θερμοτέραν τοῦ ἀνηθίνου,",pending_llm_review,,
SNRC-00075,Aetius,AET_LM-1.118,AET_LM,trigger,heading_eta,\s[ἤἢη]\s,ελαιον,ἐλαίου,ναρκισσος,τῆς ναρκίσσου,unreviewed,"νεται εὐῶδες τὸ ἔλαιον, μάλιστα εἰ συμμέτρως ἡλιωθῇ. εἰ γὰρ ἐπὶ πλέον ἡλιωθείη τὸ κρίνινον ἢ τὸ ναρκίσσινον ἢ τὸ ἰάτον ἢ ἄλλο τι τῶν μὴ ἰσχυρὰν καὶ μόνιμον ἐχόντων τὴν εὐωδίαν, ἄνοσμον ἀποτελεῖται. δύναμιν δὲ ἔχει τὸ ναρκίσσινον θερμοτέραν τοῦ ἀνηθίνου,",pending_llm_review,,
SNRC-00076,Aetius,AET_LM-1.118,AET_LM,trigger,heading_eta,\s[ἤἢη]\s,ελαιον,ἐλαίου,ανθων της ναρκισσου,ἀνθῶν τῆς ναρκίσσου,unreviewed,"νεται εὐῶδες τὸ ἔλαιον, μάλιστα εἰ συμμέτρως ἡλιωθῇ. εἰ γὰρ ἐπὶ πλέον ἡλιωθείη τὸ κρίνινον ἢ τὸ ναρκίσσινον ἢ τὸ ἰάτον ἢ ἄλλο τι τῶν μὴ ἰσχυρὰν καὶ μόνιμον ἐχόντων τὴν εὐωδίαν, ἄνοσμον ἀποτελεῖται. δύναμιν δὲ ἔχει τὸ ναρκίσσινον θερμοτέραν τοῦ ἀνηθίνου,",pending_llm_review,,
SNRC-00077,Aetius,AET_LM-1.118,AET_LM,trigger,heading_eta,\s[ἤἢη]\s,ναρκισσος,τῆς ναρκίσσου,ανθων της ναρκισσου,ἀνθῶν τῆς ναρκίσσου,unreviewed,"νεται εὐῶδες τὸ ἔλαιον, μάλιστα εἰ συμμέτρως ἡλιωθῇ. εἰ γὰρ ἐπὶ πλέον ἡλιωθείη τὸ κρίνινον ἢ τὸ ναρκίσσινον ἢ τὸ ἰάτον ἢ ἄλλο τι τῶν μὴ ἰσχυρὰν καὶ μόνιμον ἐχόντων τὴν εὐωδίαν, ἄνοσμον ἀποτελεῖται. δύναμιν δὲ ἔχει τὸ ναρκίσσινον θερμοτέραν τοῦ ἀνηθίνου,",pending_llm_review,,
SNRC-00078,Aetius,AET_LM-1.125,AET_LM,trigger,body_kaleitai,καλε[ῖι]ται|καλο[ῦυ]σι|καλο[ύυ]μεν,αμυγδαλον,ἀμυγδάλων,αμυγδαλον πικρον,ἀμυγδάλων πικρῶν,variant,"μετώπιον ἐν Αἰγύπτῳ σκευάζεται, καλεῖται δὲ μετώπιον διὰ τὸ τῆς χαλβάνης ξύλον. σκευάζεται δὲ δι' ἐλαίου ὀμφακίνου καὶ ἀμυγδάλων πικρῶν καὶ καρδαμώμου καὶ σχίνου καὶ καλάμου καὶ μέλιτος καὶ οἴνου καὶ ",pending_llm_review,,
SNRC-00079,Aetius,AET_LM-1.125,AET_LM,trigger,body_kaleitai,καλε[ῖι]ται|καλο[ῦυ]σι|καλο[ύυ]μεν,αμυγδαλον,ἀμυγδάλων,ελαιον,ἐλαίου,unreviewed,"μετώπιον ἐν Αἰγύπτῳ σκευάζεται, καλεῖται δὲ μετώπιον διὰ τὸ τῆς χαλβάνης ξύλον. σκευάζεται δὲ δι' ἐλαίου ὀμφακίνου καὶ ἀμυγδάλων πικρῶν καὶ καρδαμώμου καὶ σχίνου καὶ καλάμου καὶ μέλιτος καὶ οἴνου καὶ ",pending_llm_review,,
SNRC-00080,Aetius,AET_LM-1.125,AET_LM,trigger,body_kaleitai,καλε[ῖι]ται|καλο[ῦυ]σι|καλο[ύυ]μεν,αμυγδαλον,ἀμυγδάλων,ελαιον ομφακινον,ἐλαίου ὀμφακίνου,unreviewed,"μετώπιον ἐν Αἰγύπτῳ σκευάζεται, καλεῖται δὲ μετώπιον διὰ τὸ τῆς χαλβάνης ξύλον. σκευάζεται δὲ δι' ἐλαίου ὀμφακίνου καὶ ἀμυγδάλων πικρῶν καὶ καρδαμώμου καὶ σχίνου καὶ καλάμου καὶ μέλιτος καὶ οἴνου καὶ ",pending_llm_review,,
SNRC-00081,Aetius,AET_LM-1.125,AET_LM,trigger,body_kaleitai,καλε[ῖι]ται|καλο[ῦυ]σι|καλο[ύυ]μεν,αμυγδαλον,ἀμυγδάλων,καλαμος,καλάμου,unreviewed,"μετώπιον ἐν Αἰγύπτῳ σκευάζεται, καλεῖται δὲ μετώπιον διὰ τὸ τῆς χαλβάνης ξύλον. σκευάζεται δὲ δι' ἐλαίου ὀμφακίνου καὶ ἀμυγδάλων πικρῶν καὶ καρδαμώμου καὶ σχίνου καὶ καλάμου καὶ μέλιτος καὶ οἴνου καὶ ",pending_llm_review,,
SNRC-00082,Aetius,AET_LM-1.125,AET_LM,trigger,body_kaleitai,καλε[ῖι]ται|καλο[ῦυ]σι|καλο[ύυ]μεν,αμυγδαλον,ἀμυγδάλων,καρδαμωμον,καρδαμώμου,unreviewed,"μετώπιον ἐν Αἰγύπτῳ σκευάζεται, καλεῖται δὲ μετώπιον διὰ τὸ τῆς χαλβάνης ξύλον. σκευάζεται δὲ δι' ἐλαίου ὀμφακίνου καὶ ἀμυγδάλων πικρῶν καὶ καρδαμώμου καὶ σχίνου καὶ καλάμου καὶ μέλιτος καὶ οἴνου καὶ ",pending_llm_review,,
SNRC-00083,Aetius,AET_LM-1.125,AET_LM,trigger,body_kaleitai,καλε[ῖι]ται|καλο[ῦυ]σι|καλο[ύυ]μεν,αμυγδαλον,ἀμυγδάλων,καρποβαλσαμον,καρποβαλσάμου,unreviewed,"μετώπιον ἐν Αἰγύπτῳ σκευάζεται, καλεῖται δὲ μετώπιον διὰ τὸ τῆς χαλβάνης ξύλον. σκευάζεται δὲ δι' ἐλαίου ὀμφακίνου καὶ ἀμυγδάλων πικρῶν καὶ καρδαμώμου καὶ σχίνου καὶ καλάμου καὶ μέλιτος καὶ οἴνου καὶ ",pending_llm_review,,
SNRC-00084,Aetius,AET_LM-1.125,AET_LM,trigger,body_kaleitai,καλε[ῖι]ται|καλο[ῦυ]σι|καλο[ύυ]μεν,αμυγδαλον,ἀμυγδάλων,μελι,μέλιτος,unreviewed,"μετώπιον ἐν Αἰγύπτῳ σκευάζεται, καλεῖται δὲ μετώπιον διὰ τὸ τῆς χαλβάνης ξύλον. σκευάζεται δὲ δι' ἐλαίου ὀμφακίνου καὶ ἀμυγδάλων πικρῶν καὶ καρδαμώμου καὶ σχίνου καὶ καλάμου καὶ μέλιτος καὶ οἴνου καὶ ",pending_llm_review,,
SNRC-00085,Aetius,AET_LM-1.125,AET_LM,trigger,body_kaleitai,καλε[ῖι]ται|καλο[ῦυ]σι|καλο[ύυ]μεν,αμυγδαλον,ἀμυγδάλων,οινος,οἴνου,unreviewed,"μετώπιον ἐν Αἰγύπτῳ σκευάζεται, καλεῖται δὲ μετώπιον διὰ τὸ τῆς χαλβάνης ξύλον. σκευάζεται δὲ δι' ἐλαίου ὀμφακίνου καὶ ἀμυγδάλων πικρῶν καὶ καρδαμώμου καὶ σχίνου καὶ καλάμου καὶ μέλιτος καὶ οἴνου καὶ ",pending_llm_review,,
SNRC-00086,Aetius,AET_LM-1.125,AET_LM,trigger,body_kaleitai,καλε[ῖι]ται|καλο[ῦυ]σι|καλο[ύυ]μεν,αμυγδαλον,ἀμυγδάλων,ρητινη,ῥητίνης,unreviewed,"μετώπιον ἐν Αἰγύπτῳ σκευάζεται, καλεῖται δὲ μετώπιον διὰ τὸ τῆς χαλβάνης ξύλον. σκευάζεται δὲ δι' ἐλαίου ὀμφακίνου καὶ ἀμυγδάλων πικρῶν καὶ καρδαμώμου καὶ σχίνου καὶ καλάμου καὶ μέλιτος καὶ οἴνου καὶ ",pending_llm_review,,
SNRC-00087,Aetius,AET_LM-1.125,AET_LM,trigger,body_kaleitai,καλε[ῖι]ται|καλο[ῦυ]σι|καλο[ύυ]μεν,αμυγδαλον,ἀμυγδάλων,σχινος,σχίνου,unreviewed,"μετώπιον ἐν Αἰγύπτῳ σκευάζεται, καλεῖται δὲ μετώπιον διὰ τὸ τῆς χαλβάνης ξύλον. σκευάζεται δὲ δι' ἐλαίου ὀμφακίνου καὶ ἀμυγδάλων πικρῶν καὶ καρδαμώμου καὶ σχίνου καὶ καλάμου καὶ μέλιτος καὶ οἴνου καὶ ",pending_llm_review,,
SNRC-00088,Aetius,AET_LM-1.125,AET_LM,trigger,body_kaleitai,καλε[ῖι]ται|καλο[ῦυ]σι|καλο[ύυ]μεν,αμυγδαλον,ἀμυγδάλων,χαλβανη,χαλβάνης,unreviewed,"μετώπιον ἐν Αἰγύπτῳ σκευάζεται, καλεῖται δὲ μετώπιον διὰ τὸ τῆς χαλβάνης ξύλον. σκευάζεται δὲ δι' ἐλαίου ὀμφακίνου καὶ ἀμυγδάλων πικρῶν καὶ καρδαμώμου καὶ σχίνου καὶ καλάμου καὶ μέλιτος καὶ οἴνου καὶ ",pending_llm_review,,
SNRC-00089,Aetius,AET_LM-1.125,AET_LM,trigger,body_kaleitai,καλε[ῖι]ται|καλο[ῦυ]σι|καλο[ύυ]μεν,αμυγδαλον,ἀμυγδάλων,το της χαλβανης ξυλον,τὸ τῆς χαλβάνης ξύλον,unreviewed,"μετώπιον ἐν Αἰγύπτῳ σκευάζεται, καλεῖται δὲ μετώπιον διὰ τὸ τῆς χαλβάνης ξύλον. σκευάζεται δὲ δι' ἐλαίου ὀμφακίνου καὶ ἀμυγδάλων πικρῶν καὶ καρδαμώμου καὶ σχίνου καὶ καλάμου καὶ μέλιτος καὶ οἴνου καὶ ",pending_llm_review,,
SNRC-00090,Aetius,AET_LM-1.126,AET_LM,trigger,heading_hoi_de,ο[ἱι]\s+δ[ὲε],ελαιον,ἐλαίου,κασια,κασίας,unreviewed,αὶ πυοποιόν· συντίθεται δὲ ἐκ μυροβαλανίνου ἐλαίου καὶ σμύρνης καὶ κασίας καὶ ῥητίνης. ἔνιοι δὲ μετὰ τὸ ἀποστύψαι καὶ κιννάμωμον ἐμπάσσουσι.,pending_llm_review,,
SNRC-00091,Aetius,AET_LM-1.126,AET_LM,trigger,heading_hoi_de,ο[ἱι]\s+δ[ὲε],ελαιον,ἐλαίου,κινναμωμον,κιννάμωμον,unreviewed,αὶ πυοποιόν· συντίθεται δὲ ἐκ μυροβαλανίνου ἐλαίου καὶ σμύρνης καὶ κασίας καὶ ῥητίνης. ἔνιοι δὲ μετὰ τὸ ἀποστύψαι καὶ κιννάμωμον ἐμπάσσουσι.,pending_llm_review,,
SNRC-00092,Aetius,AET_LM-1.126,AET_LM,trigger,heading_hoi_de,ο[ἱι]\s+δ[ὲε],ελαιον,ἐλαίου,μυροβαλανινον ελαιον,μυροβαλανίνου ἐλαίου,variant,αὶ πυοποιόν· συντίθεται δὲ ἐκ μυροβαλανίνου ἐλαίου καὶ σμύρνης καὶ κασίας καὶ ῥητίνης. ἔνιοι δὲ μετὰ τὸ ἀποστύψαι καὶ κιννάμωμον ἐμπάσσουσι.,pending_llm_review,,
SNRC-00093,Aetius,AET_LM-1.126,AET_LM,trigger,heading_hoi_de,ο[ἱι]\s+δ[ὲε],ελαιον,ἐλαίου,ρητινη,ῥητίνης,unreviewed,αὶ πυοποιόν· συντίθεται δὲ ἐκ μυροβαλανίνου ἐλαίου καὶ σμύρνης καὶ κασίας καὶ ῥητίνης. ἔνιοι δὲ μετὰ τὸ ἀποστύψαι καὶ κιννάμωμον ἐμπάσσουσι.,pending_llm_review,,
SNRC-00094,Aetius,AET_LM-1.126,AET_LM,trigger,heading_hoi_de,ο[ἱι]\s+δ[ὲε],ελαιον,ἐλαίου,σμυρνα,σμύρνης,unreviewed,αὶ πυοποιόν· συντίθεται δὲ ἐκ μυροβαλανίνου ἐλαίου καὶ σμύρνης καὶ κασίας καὶ ῥητίνης. ἔνιοι δὲ μετὰ τὸ ἀποστύψαι καὶ κιννάμωμον ἐμπάσσουσι.,pending_llm_review,,
SNRC-00095,Aetius,AET_LM-1.126,AET_LM,trigger,heading_hoi_de,ο[ἱι]\s+δ[ὲε],κασια,κασίας,κινναμωμον,κιννάμωμον,unreviewed,αὶ πυοποιόν· συντίθεται δὲ ἐκ μυροβαλανίνου ἐλαίου καὶ σμύρνης καὶ κασίας καὶ ῥητίνης. ἔνιοι δὲ μετὰ τὸ ἀποστύψαι καὶ κιννάμωμον ἐμπάσσουσι.,pending_llm_review,,
SNRC-00096,Aetius,AET_LM-1.126,AET_LM,trigger,heading_hoi_de,ο[ἱι]\s+δ[ὲε],κασια,κασίας,μυροβαλανινον ελαιον,μυροβαλανίνου ἐλαίου,unreviewed,αὶ πυοποιόν· συντίθεται δὲ ἐκ μυροβαλανίνου ἐλαίου καὶ σμύρνης καὶ κασίας καὶ ῥητίνης. ἔνιοι δὲ μετὰ τὸ ἀποστύψαι καὶ κιννάμωμον ἐμπάσσουσι.,pending_llm_review,,
SNRC-00097,Aetius,AET_LM-1.126,AET_LM,trigger,heading_hoi_de,ο[ἱι]\s+δ[ὲε],κασια,κασίας,ρητινη,ῥητίνης,unreviewed,αὶ πυοποιόν· συντίθεται δὲ ἐκ μυροβαλανίνου ἐλαίου καὶ σμύρνης καὶ κασίας καὶ ῥητίνης. ἔνιοι δὲ μετὰ τὸ ἀποστύψαι καὶ κιννάμωμον ἐμπάσσουσι.,pending_llm_review,,
SNRC-00098,Aetius,AET_LM-1.126,AET_LM,trigger,heading_hoi_de,ο[ἱι]\s+δ[ὲε],κασια,κασίας,σμυρνα,σμύρνης,unreviewed,αὶ πυοποιόν· συντίθεται δὲ ἐκ μυροβαλανίνου ἐλαίου καὶ σμύρνης καὶ κασίας καὶ ῥητίνης. ἔνιοι δὲ μετὰ τὸ ἀποστύψαι καὶ κιννάμωμον ἐμπάσσουσι.,pending_llm_review,,
SNRC-00099,Aetius,AET_LM-1.126,AET_LM,trigger,heading_hoi_de,ο[ἱι]\s+δ[ὲε],κινναμωμον,κιννάμωμον,μυροβαλανινον ελαιον,μυροβαλανίνου ἐλαίου,unreviewed,αὶ πυοποιόν· συντίθεται δὲ ἐκ μυροβαλανίνου ἐλαίου καὶ σμύρνης καὶ κασίας καὶ ῥητίνης. ἔνιοι δὲ μετὰ τὸ ἀποστύψαι καὶ κιννάμωμον ἐμπάσσουσι.,pending_llm_review,,
SNRC-00100,Aetius,AET_LM-1.126,AET_LM,trigger,heading_hoi_de,ο[ἱι]\s+δ[ὲε],κινναμωμον,κιννάμωμον,ρητινη,ῥητίνης,unreviewed,αὶ πυοποιόν· συντίθεται δὲ ἐκ μυροβαλανίνου ἐλαίου καὶ σμύρνης καὶ κασίας καὶ ῥητίνης. ἔνιοι δὲ μετὰ τὸ ἀποστύψαι καὶ κιννάμωμον ἐμπάσσουσι.,pending_llm_review,,
SNRC-00101,Aetius,AET_LM-1.126,AET_LM,trigger,heading_hoi_de,ο[ἱι]\s+δ[ὲε],κινναμωμον,κιννάμωμον,σμυρνα,σμύρνης,unreviewed,αὶ πυοποιόν· συντίθεται δὲ ἐκ μυροβαλανίνου ἐλαίου καὶ σμύρνης καὶ κασίας καὶ ῥητίνης. ἔνιοι δὲ μετὰ τὸ ἀποστύψαι καὶ κιννάμωμον ἐμπάσσουσι.,pending_llm_review,,
SNRC-00102,Aetius,AET_LM-1.13,AET_LM,trigger,heading_eta,\s[ἤἢη]\s,ακαληφη,ἀκαλήφη,γλυκυ,γλυκέος,unreviewed,ἀκαλήφη ἢ κνίδη,pending_llm_review,,
SNRC-00103,Aetius,AET_LM-1.13,AET_LM,trigger,heading_eta,\s[ἤἢη]\s,ακαληφη,ἀκαλήφη,κνιδη,κνίδη,unreviewed,ἀκαλήφη ἢ κνίδη,pending_llm_review,,
SNRC-00104,Aetius,AET_LM-1.13,AET_LM,trigger,heading_eta,\s[ἤἢη]\s,ακαληφη,ἀκαλήφη,υγρον,ὑγρῶν,unreviewed,ἀκαλήφη ἢ κνίδη,pending_llm_review,,
SNRC-00105,Aetius,AET_LM-1.13,AET_LM,trigger,heading_eta,\s[ἤἢη]\s,ακαληφη,ἀκαλήφη,ακαληφης καρπος,Ἀκαλήφης καρπός,unreviewed,ἀκαλήφη ἢ κνίδη,pending_llm_review,,
SNRC-00106,Aetius,AET_LM-1.13,AET_LM,trigger,heading_eta,\s[ἤἢη]\s,ακαληφη,ἀκαλήφη,ακαληφης φυλλα,Ἀκαλήφης φύλλα,unreviewed,ἀκαλήφη ἢ κνίδη,pending_llm_review,,
SNRC-00107,Aetius,AET_LM-1.13,AET_LM,trigger,heading_eta,\s[ἤἢη]\s,ακαληφη,ἀκαλήφη,το σπερμα,τὸ σπέρμα,unreviewed,ἀκαλήφη ἢ κνίδη,pending_llm_review,,
SNRC-00108,Aetius,AET_LM-1.13,AET_LM,trigger,heading_eta,\s[ἤἢη]\s,γλυκυ,γλυκέος,κνιδη,κνίδη,unreviewed,ἀκαλήφη ἢ κνίδη,pending_llm_review,,
SNRC-00109,Aetius,AET_LM-1.13,AET_LM,trigger,heading_eta,\s[ἤἢη]\s,γλυκυ,γλυκέος,υγρον,ὑγρῶν,unreviewed,ἀκαλήφη ἢ κνίδη,pending_llm_review,,
SNRC-00110,Aetius,AET_LM-1.13,AET_LM,trigger,heading_eta,\s[ἤἢη]\s,γλυκυ,γλυκέος,ακαληφης καρπος,Ἀκαλήφης καρπός,unreviewed,ἀκαλήφη ἢ κνίδη,pending_llm_review,,
SNRC-00111,Aetius,AET_LM-1.13,AET_LM,trigger,heading_eta,\s[ἤἢη]\s,γλυκυ,γλυκέος,ακαληφης φυλλα,Ἀκαλήφης φύλλα,unreviewed,ἀκαλήφη ἢ κνίδη,pending_llm_review,,
SNRC-00112,Aetius,AET_LM-1.13,AET_LM,trigger,heading_eta,\s[ἤἢη]\s,γλυκυ,γλυκέος,το σπερμα,τὸ σπέρμα,unreviewed,ἀκαλήφη ἢ κνίδη,pending_llm_review,,
SNRC-00113,Aetius,AET_LM-1.13,AET_LM,trigger,heading_eta,\s[ἤἢη]\s,κνιδη,κνίδη,υγρον,ὑγρῶν,unreviewed,ἀκαλήφη ἢ κνίδη,pending_llm_review,,
SNRC-00114,Aetius,AET_LM-1.130,AET_LM,trigger,body_some_call,τιν[ὲε]ς|ο[ἱι]\s+δ[ὲε],αγχουσα,ἀγχούσης,ασπαλαθος,ἀσπαλάθου,unreviewed,"ἰρίνου σκευασία· ἴρεως ἀσπαλάθου κυπέρου ἑλενίου ἀνὰ λίτρας <ε> ὀποπάνακος 𐆄 ϛʹ, τινὲς δὲ 𐆄 <γ>, ἀγχούσης 𐆄 <β> ἐλαίου ξέστας <λ> ὕδατος ξέστας εʹ κόπτε πάντα ἁδρομερῶς καὶ βρέχε ἡμέρας <β> ἔπειτα ἕψε ὥρας ϛʹ καὶ οὕτως ἐπίβαλλε τὸν ὀποπάνακα προβ",pending_llm_review,,
SNRC-00115,Aetius,AET_LM-1.130,AET_LM,trigger,body_some_call,τιν[ὲε]ς|ο[ἱι]\s+δ[ὲε],αγχουσα,ἀγχούσης,ελαιον,ἐλαίου,unreviewed,"ἰρίνου σκευασία· ἴρεως ἀσπαλάθου κυπέρου ἑλενίου ἀνὰ λίτρας <ε> ὀποπάνακος 𐆄 ϛʹ, τινὲς δὲ 𐆄 <γ>, ἀγχούσης 𐆄 <β> ἐλαίου ξέστας <λ> ὕδατος ξέστας εʹ κόπτε πάντα ἁδρομερῶς καὶ βρέχε ἡμέρας <β> ἔπειτα ἕψε ὥρας ϛʹ καὶ οὕτως ἐπίβαλλε τὸν ὀποπάνακα προβ",pending_llm_review,,
SNRC-00116,Aetius,AET_LM-1.130,AET_LM,trigger,body_some_call,τιν[ὲε]ς|ο[ἱι]\s+δ[ὲε],αγχουσα,ἀγχούσης,ελενιον,ἑλενίου,unreviewed,"ἰρίνου σκευασία· ἴρεως ἀσπαλάθου κυπέρου ἑλενίου ἀνὰ λίτρας <ε> ὀποπάνακος 𐆄 ϛʹ, τινὲς δὲ 𐆄 <γ>, ἀγχούσης 𐆄 <β> ἐλαίου ξέστας <λ> ὕδατος ξέστας εʹ κόπτε πάντα ἁδρομερῶς καὶ βρέχε ἡμέρας <β> ἔπειτα ἕψε ὥρας ϛʹ καὶ οὕτως ἐπίβαλλε τὸν ὀποπάνακα προβ",pending_llm_review,,
SNRC-00117,Aetius,AET_LM-1.130,AET_LM,trigger,body_some_call,τιν[ὲε]ς|ο[ἱι]\s+δ[ὲε],αγχουσα,ἀγχούσης,ιρις,ἴρεως,unreviewed,"ἰρίνου σκευασία· ἴρεως ἀσπαλάθου κυπέρου ἑλενίου ἀνὰ λίτρας <ε> ὀποπάνακος 𐆄 ϛʹ, τινὲς δὲ 𐆄 <γ>, ἀγχούσης 𐆄 <β> ἐλαίου ξέστας <λ> ὕδατος ξέστας εʹ κόπτε πάντα ἁδρομερῶς καὶ βρέχε ἡμέρας <β> ἔπειτα ἕψε ὥρας ϛʹ καὶ οὕτως ἐπίβαλλε τὸν ὀποπάνακα προβ",pending_llm_review,,
SNRC-00118,Aetius,AET_LM-1.130,AET_LM,trigger,body_some_call,τιν[ὲε]ς|ο[ἱι]\s+δ[ὲε],αγχουσα,ἀγχούσης,κασια,κασίας,unreviewed,"ἰρίνου σκευασία· ἴρεως ἀσπαλάθου κυπέρου ἑλενίου ἀνὰ λίτρας <ε> ὀποπάνακος 𐆄 ϛʹ, τινὲς δὲ 𐆄 <γ>, ἀγχούσης 𐆄 <β> ἐλαίου ξέστας <λ> ὕδατος ξέστας εʹ κόπτε πάντα ἁδρομερῶς καὶ βρέχε ἡμέρας <β> ἔπειτα ἕψε ὥρας ϛʹ καὶ οὕτως ἐπίβαλλε τὸν ὀποπάνακα προβ",pending_llm_review,,
SNRC-00119,Aetius,AET_LM-1.130,AET_LM,trigger,body_some_call,τιν[ὲε]ς|ο[ἱι]\s+δ[ὲε],αγχουσα,ἀγχούσης,κυπερος,κυπέρου,unreviewed,"ἰρίνου σκευασία· ἴρεως ἀσπαλάθου κυπέρου ἑλενίου ἀνὰ λίτρας <ε> ὀποπάνακος 𐆄 ϛʹ, τινὲς δὲ 𐆄 <γ>, ἀγχούσης 𐆄 <β> ἐλαίου ξέστας <λ> ὕδατος ξέστας εʹ κόπτε πάντα ἁδρομερῶς καὶ βρέχε ἡμέρας <β> ἔπειτα ἕψε ὥρας ϛʹ καὶ οὕτως ἐπίβαλλε τὸν ὀποπάνακα προβ",pending_llm_review,,
SNRC-00120,Aetius,AET_LM-1.130,AET_LM,trigger,body_some_call,τιν[ὲε]ς|ο[ἱι]\s+δ[ὲε],αγχουσα,ἀγχούσης,ναρδος,νάρδου,unreviewed,"ἰρίνου σκευασία· ἴρεως ἀσπαλάθου κυπέρου ἑλενίου ἀνὰ λίτρας <ε> ὀποπάνακος 𐆄 ϛʹ, τινὲς δὲ 𐆄 <γ>, ἀγχούσης 𐆄 <β> ἐλαίου ξέστας <λ> ὕδατος ξέστας εʹ κόπτε πάντα ἁδρομερῶς καὶ βρέχε ἡμέρας <β> ἔπειτα ἕψε ὥρας ϛʹ καὶ οὕτως ἐπίβαλλε τὸν ὀποπάνακα προβ",pending_llm_review,,
SNRC-00121,Aetius,AET_LM-1.130,AET_LM,trigger,body_some_call,τιν[ὲε]ς|ο[ἱι]\s+δ[ὲε],αγχουσα,ἀγχούσης,ναρδος κελτικη,νάρδου κελτικῆς,place_qualified_variant,"ἰρίνου σκευασία· ἴρεως ἀσπαλάθου κυπέρου ἑλενίου ἀνὰ λίτρας <ε> ὀποπάνακος 𐆄 ϛʹ, τινὲς δὲ 𐆄 <γ>, ἀγχούσης 𐆄 <β> ἐλαίου ξέστας <λ> ὕδατος ξέστας εʹ κόπτε πάντα ἁδρομερῶς καὶ βρέχε ἡμέρας <β> ἔπειτα ἕψε ὥρας ϛʹ καὶ οὕτως ἐπίβαλλε τὸν ὀποπάνακα προβ",pending_llm_review,,
SNRC-00122,Aetius,AET_LM-1.130,AET_LM,trigger,body_some_call,τιν[ὲε]ς|ο[ἱι]\s+δ[ὲε],αγχουσα,ἀγχούσης,ξυλοβαλσαμον,ξυλοβαλσάμου,unreviewed,"ἰρίνου σκευασία· ἴρεως ἀσπαλάθου κυπέρου ἑλενίου ἀνὰ λίτρας <ε> ὀποπάνακος 𐆄 ϛʹ, τινὲς δὲ 𐆄 <γ>, ἀγχούσης 𐆄 <β> ἐλαίου ξέστας <λ> ὕδατος ξέστας εʹ κόπτε πάντα ἁδρομερῶς καὶ βρέχε ἡμέρας <β> ἔπειτα ἕψε ὥρας ϛʹ καὶ οὕτως ἐπίβαλλε τὸν ὀποπάνακα προβ",pending_llm_review,,
SNRC-00123,Aetius,AET_LM-1.130,AET_LM,trigger,body_some_call,τιν[ὲε]ς|ο[ἱι]\s+δ[ὲε],αγχουσα,ἀγχούσης,οινος,οἴνῳ,unreviewed,"ἰρίνου σκευασία· ἴρεως ἀσπαλάθου κυπέρου ἑλενίου ἀνὰ λίτρας <ε> ὀποπάνακος 𐆄 ϛʹ, τινὲς δὲ 𐆄 <γ>, ἀγχούσης 𐆄 <β> ἐλαίου ξέστας <λ> ὕδατος ξέστας εʹ κόπτε πάντα ἁδρομερῶς καὶ βρέχε ἡμέρας <β> ἔπειτα ἕψε ὥρας ϛʹ καὶ οὕτως ἐπίβαλλε τὸν ὀποπάνακα προβ",pending_llm_review,,
SNRC-00124,Aetius,AET_LM-1.130,AET_LM,trigger,body_some_call,τιν[ὲε]ς|ο[ἱι]\s+δ[ὲε],αγχουσα,ἀγχούσης,οποπαναξ,ὀποπάνακος,unreviewed,"ἰρίνου σκευασία· ἴρεως ἀσπαλάθου κυπέρου ἑλενίου ἀνὰ λίτρας <ε> ὀποπάνακος 𐆄 ϛʹ, τινὲς δὲ 𐆄 <γ>, ἀγχούσης 𐆄 <β> ἐλαίου ξέστας <λ> ὕδατος ξέστας εʹ κόπτε πάντα ἁδρομερῶς καὶ βρέχε ἡμέρας <β> ἔπειτα ἕψε ὥρας ϛʹ καὶ οὕτως ἐπίβαλλε τὸν ὀποπάνακα προβ",pending_llm_review,,
SNRC-00125,Aetius,AET_LM-1.130,AET_LM,trigger,body_some_call,τιν[ὲε]ς|ο[ἱι]\s+δ[ὲε],αγχουσα,ἀγχούσης,σχοινος,σχοίνου,unreviewed,"ἰρίνου σκευασία· ἴρεως ἀσπαλάθου κυπέρου ἑλενίου ἀνὰ λίτρας <ε> ὀποπάνακος 𐆄 ϛʹ, τινὲς δὲ 𐆄 <γ>, ἀγχούσης 𐆄 <β> ἐλαίου ξέστας <λ> ὕδατος ξέστας εʹ κόπτε πάντα ἁδρομερῶς καὶ βρέχε ἡμέρας <β> ἔπειτα ἕψε ὥρας ϛʹ καὶ οὕτως ἐπίβαλλε τὸν ὀποπάνακα προβ",pending_llm_review,,
SNRC-00126,Aetius,AET_LM-1.131,AET_LM,trigger,heading_eta,\s[ἤἢη]\s,αμπαρ,ἄμπαρ,αμωμον,ἀμώμου,unreviewed,"ν συνεχῶς ἐπιβάλλων ὕδωρ κατὰ βραχὺ πρὸς ὃ τὸ πρῶτον ἀναλίσκεται, εἶτα ἑψήσας ἐπὶ ὥρας <γ> ἢ καὶ πλέον σκεπάσας ἔα διανυκτερεῦσαι· τῇ δὲ ἑξῆς ἀνασπάσας τὰ ἤδη ἑψηθέντα καὶ ἀποχωρίσας τοῦ ἐλαίου τὸ ὕδωρ, εἶτ' ἐπιβαλὼν ἕτερον ὕδωρ καὶ οἴνου βραχὺ ἕψε. ὅτα",pending_llm_review,,
SNRC-00127,Aetius,AET_LM-1.131,AET_LM,trigger,heading_eta,\s[ἤἢη]\s,αμπαρ,ἄμπαρ,αριστολοχια,ἀριστολοχίας,unreviewed,"ν συνεχῶς ἐπιβάλλων ὕδωρ κατὰ βραχὺ πρὸς ὃ τὸ πρῶτον ἀναλίσκεται, εἶτα ἑψήσας ἐπὶ ὥρας <γ> ἢ καὶ πλέον σκεπάσας ἔα διανυκτερεῦσαι· τῇ δὲ ἑξῆς ἀνασπάσας τὰ ἤδη ἑψηθέντα καὶ ἀποχωρίσας τοῦ ἐλαίου τὸ ὕδωρ, εἶτ' ἐπιβαλὼν ἕτερον ὕδωρ καὶ οἴνου βραχὺ ἕψε. ὅτα",pending_llm_review,,
SNRC-00128,Aetius,AET_LM-1.131,AET_LM,trigger,heading_eta,\s[ἤἢη]\s,αμπαρ,ἄμπαρ,αριστολοχια μακρα,ἀριστολοχίας μακρᾶς,unreviewed,"ν συνεχῶς ἐπιβάλλων ὕδωρ κατὰ βραχὺ πρὸς ὃ τὸ πρῶτον ἀναλίσκεται, εἶτα ἑψήσας ἐπὶ ὥρας <γ> ἢ καὶ πλέον σκεπάσας ἔα διανυκτερεῦσαι· τῇ δὲ ἑξῆς ἀνασπάσας τὰ ἤδη ἑψηθέντα καὶ ἀποχωρίσας τοῦ ἐλαίου τὸ ὕδωρ, εἶτ' ἐπιβαλὼν ἕτερον ὕδωρ καὶ οἴνου βραχὺ ἕψε. ὅτα",pending_llm_review,,
SNRC-00129,Aetius,AET_LM-1.131,AET_LM,trigger,heading_eta,\s[ἤἢη]\s,αμπαρ,ἄμπαρ,ασαρον,ἄσαρ,unreviewed,"ν συνεχῶς ἐπιβάλλων ὕδωρ κατὰ βραχὺ πρὸς ὃ τὸ πρῶτον ἀναλίσκεται, εἶτα ἑψήσας ἐπὶ ὥρας <γ> ἢ καὶ πλέον σκεπάσας ἔα διανυκτερεῦσαι· τῇ δὲ ἑξῆς ἀνασπάσας τὰ ἤδη ἑψηθέντα καὶ ἀποχωρίσας τοῦ ἐλαίου τὸ ὕδωρ, εἶτ' ἐπιβαλὼν ἕτερον ὕδωρ καὶ οἴνου βραχὺ ἕψε. ὅτα",pending_llm_review,,
SNRC-00130,Aetius,AET_LM-1.131,AET_LM,trigger,heading_eta,\s[ἤἢη]\s,αμπαρ,ἄμπαρ,ασαρον χαλδαικον,ἄσαρ χαλδαικοῦ,place_qualified_variant,"ν συνεχῶς ἐπιβάλλων ὕδωρ κατὰ βραχὺ πρὸς ὃ τὸ πρῶτον ἀναλίσκεται, εἶτα ἑψήσας ἐπὶ ὥρας <γ> ἢ καὶ πλέον σκεπάσας ἔα διανυκτερεῦσαι· τῇ δὲ ἑξῆς ἀνασπάσας τὰ ἤδη ἑψηθέντα καὶ ἀποχωρίσας τοῦ ἐλαίου τὸ ὕδωρ, εἶτ' ἐπιβαλὼν ἕτερον ὕδωρ καὶ οἴνου βραχὺ ἕψε. ὅτα",pending_llm_review,,
SNRC-00131,Aetius,AET_LM-1.131,AET_LM,trigger,heading_eta,\s[ἤἢη]\s,αμπαρ,ἄμπαρ,ασπαλαθος,ἀσπαλάθου,unreviewed,"ν συνεχῶς ἐπιβάλλων ὕδωρ κατὰ βραχὺ πρὸς ὃ τὸ πρῶτον ἀναλίσκεται, εἶτα ἑψήσας ἐπὶ ὥρας <γ> ἢ καὶ πλέον σκεπάσας ἔα διανυκτερεῦσαι· τῇ δὲ ἑξῆς ἀνασπάσας τὰ ἤδη ἑψηθέντα καὶ ἀποχωρίσας τοῦ ἐλαίου τὸ ὕδωρ, εἶτ' ἐπιβαλὼν ἕτερον ὕδωρ καὶ οἴνου βραχὺ ἕψε. ὅτα",pending_llm_review,,
SNRC-00132,Aetius,AET_LM-1.131,AET_LM,trigger,heading_eta,\s[ἤἢη]\s,αμπαρ,ἄμπαρ,βαλσαμον,βαλσάμου,unreviewed,"ν συνεχῶς ἐπιβάλλων ὕδωρ κατὰ βραχὺ πρὸς ὃ τὸ πρῶτον ἀναλίσκεται, εἶτα ἑψήσας ἐπὶ ὥρας <γ> ἢ καὶ πλέον σκεπάσας ἔα διανυκτερεῦσαι· τῇ δὲ ἑξῆς ἀνασπάσας τὰ ἤδη ἑψηθέντα καὶ ἀποχωρίσας τοῦ ἐλαίου τὸ ὕδωρ, εἶτ' ἐπιβαλὼν ἕτερον ὕδωρ καὶ οἴνου βραχὺ ἕψε. ὅτα",pending_llm_review,,
SNRC-00133,Aetius,AET_LM-1.131,AET_LM,trigger,heading_eta,\s[ἤἢη]\s,αμπαρ,ἄμπαρ,βραθυς,βράθυος,unreviewed,"ν συνεχῶς ἐπιβάλλων ὕδωρ κατὰ βραχὺ πρὸς ὃ τὸ πρῶτον ἀναλίσκεται, εἶτα ἑψήσας ἐπὶ ὥρας <γ> ἢ καὶ πλέον σκεπάσας ἔα διανυκτερεῦσαι· τῇ δὲ ἑξῆς ἀνασπάσας τὰ ἤδη ἑψηθέντα καὶ ἀποχωρίσας τοῦ ἐλαίου τὸ ὕδωρ, εἶτ' ἐπιβαλὼν ἕτερον ὕδωρ καὶ οἴνου βραχὺ ἕψε. ὅτα",pending_llm_review,,
SNRC-00134,Aetius,AET_LM-1.131,AET_LM,trigger,heading_eta,\s[ἤἢη]\s,αμπαρ,ἄμπαρ,βρουλλοκυπερον,βρουλλοκυπέρου,unreviewed,"ν συνεχῶς ἐπιβάλλων ὕδωρ κατὰ βραχὺ πρὸς ὃ τὸ πρῶτον ἀναλίσκεται, εἶτα ἑψήσας ἐπὶ ὥρας <γ> ἢ καὶ πλέον σκεπάσας ἔα διανυκτερεῦσαι· τῇ δὲ ἑξῆς ἀνασπάσας τὰ ἤδη ἑψηθέντα καὶ ἀποχωρίσας τοῦ ἐλαίου τὸ ὕδωρ, εἶτ' ἐπιβαλὼν ἕτερον ὕδωρ καὶ οἴνου βραχὺ ἕψε. ὅτα",pending_llm_review,,
SNRC-00135,Aetius,AET_LM-1.131,AET_LM,trigger,heading_eta,\s[ἤἢη]\s,αμπαρ,ἄμπαρ,γαλαγγα,γαλαγγὰ,unreviewed,"ν συνεχῶς ἐπιβάλλων ὕδωρ κατὰ βραχὺ πρὸς ὃ τὸ πρῶτον ἀναλίσκεται, εἶτα ἑψήσας ἐπὶ ὥρας <γ> ἢ καὶ πλέον σκεπάσας ἔα διανυκτερεῦσαι· τῇ δὲ ἑξῆς ἀνασπάσας τὰ ἤδη ἑψηθέντα καὶ ἀποχωρίσας τοῦ ἐλαίου τὸ ὕδωρ, εἶτ' ἐπιβαλὼν ἕτερον ὕδωρ καὶ οἴνου βραχὺ ἕψε. ὅτα",pending_llm_review,,
SNRC-00136,Aetius,AET_LM-1.131,AET_LM,trigger,heading_eta,\s[ἤἢη]\s,αμπαρ,ἄμπαρ,γομφιτης,γομφίτου,unreviewed,"ν συνεχῶς ἐπιβάλλων ὕδωρ κατὰ βραχὺ πρὸς ὃ τὸ πρῶτον ἀναλίσκεται, εἶτα ἑψήσας ἐπὶ ὥρας <γ> ἢ καὶ πλέον σκεπάσας ἔα διανυκτερεῦσαι· τῇ δὲ ἑξῆς ἀνασπάσας τὰ ἤδη ἑψηθέντα καὶ ἀποχωρίσας τοῦ ἐλαίου τὸ ὕδωρ, εἶτ' ἐπιβαλὼν ἕτερον ὕδωρ καὶ οἴνου βραχὺ ἕψε. ὅτα",pending_llm_review,,
SNRC-00137,Aetius,AET_LM-1.131,AET_LM,trigger,heading_eta,\s[ἤἢη]\s,αμπαρ,ἄμπαρ,δενδρολιβανον,δενδρολιβάνου,unreviewed,"ν συνεχῶς ἐπιβάλλων ὕδωρ κατὰ βραχὺ πρὸς ὃ τὸ πρῶτον ἀναλίσκεται, εἶτα ἑψήσας ἐπὶ ὥρας <γ> ἢ καὶ πλέον σκεπάσας ἔα διανυκτερεῦσαι· τῇ δὲ ἑξῆς ἀνασπάσας τὰ ἤδη ἑψηθέντα καὶ ἀποχωρίσας τοῦ ἐλαίου τὸ ὕδωρ, εἶτ' ἐπιβαλὼν ἕτερον ὕδωρ καὶ οἴνου βραχὺ ἕψε. ὅτα",pending_llm_review,,
SNRC-00138,Aetius,AET_LM-1.132,AET_LM,trigger,heading_eta,\s[ἤἢη]\s,αμωμον,ἀμώμου,αρναβω,ἀρνάβω,unreviewed,"ίου ξυλοκασίας ἀποφλοισθέντων καὶ ἁδρομερῶς κοπέντων καὶ προβραχέντων ὕδατι ἐπὶ ἡμέρας <β> ἢ <γ>, ἐν δὲ τῇ δευτέρᾳ ἑψήσει ἐμβάλλεται κάλαμος σχοῖνος ὕπνον προνοτισθέντα οἴνῳ παλαιῷ εὐώδει, ἐν δὲ τῇ τρίτῃ τὰ λοιπά. γίγνεται δὲ καὶ δευτέριον οὕτως· τοῖς κ",pending_llm_review,,
SNRC-00139,Aetius,AET_LM-1.132,AET_LM,trigger,heading_eta,\s[ἤἢη]\s,αμωμον,ἀμώμου,ασπαλαθος,ἀσπαλάθου,unreviewed,"ίου ξυλοκασίας ἀποφλοισθέντων καὶ ἁδρομερῶς κοπέντων καὶ προβραχέντων ὕδατι ἐπὶ ἡμέρας <β> ἢ <γ>, ἐν δὲ τῇ δευτέρᾳ ἑψήσει ἐμβάλλεται κάλαμος σχοῖνος ὕπνον προνοτισθέντα οἴνῳ παλαιῷ εὐώδει, ἐν δὲ τῇ τρίτῃ τὰ λοιπά. γίγνεται δὲ καὶ δευτέριον οὕτως· τοῖς κ",pending_llm_review,,
SNRC-00140,Aetius,AET_LM-1.132,AET_LM,trigger,heading_eta,\s[ἤἢη]\s,αμωμον,ἀμώμου,ελαιον,ἐλαίου,unreviewed,"ίου ξυλοκασίας ἀποφλοισθέντων καὶ ἁδρομερῶς κοπέντων καὶ προβραχέντων ὕδατι ἐπὶ ἡμέρας <β> ἢ <γ>, ἐν δὲ τῇ δευτέρᾳ ἑψήσει ἐμβάλλεται κάλαμος σχοῖνος ὕπνον προνοτισθέντα οἴνῳ παλαιῷ εὐώδει, ἐν δὲ τῇ τρίτῃ τὰ λοιπά. γίγνεται δὲ καὶ δευτέριον οὕτως· τοῖς κ",pending_llm_review,,
SNRC-00141,Aetius,AET_LM-1.132,AET_LM,trigger,heading_eta,\s[ἤἢη]\s,αμωμον,ἀμώμου,ελενιον,ἑλενίου,unreviewed,"ίου ξυλοκασίας ἀποφλοισθέντων καὶ ἁδρομερῶς κοπέντων καὶ προβραχέντων ὕδατι ἐπὶ ἡμέρας <β> ἢ <γ>, ἐν δὲ τῇ δευτέρᾳ ἑψήσει ἐμβάλλεται κάλαμος σχοῖνος ὕπνον προνοτισθέντα οἴνῳ παλαιῷ εὐώδει, ἐν δὲ τῇ τρίτῃ τὰ λοιπά. γίγνεται δὲ καὶ δευτέριον οὕτως· τοῖς κ",pending_llm_review,,
SNRC-00142,Aetius,AET_LM-1.132,AET_LM,trigger,heading_eta,\s[ἤἢη]\s,αμωμον,ἀμώμου,ζιγγιβερις,ζιγγιβέρεως,unreviewed,"ίου ξυλοκασίας ἀποφλοισθέντων καὶ ἁδρομερῶς κοπέντων καὶ προβραχέντων ὕδατι ἐπὶ ἡμέρας <β> ἢ <γ>, ἐν δὲ τῇ δευτέρᾳ ἑψήσει ἐμβάλλεται κάλαμος σχοῖνος ὕπνον προνοτισθέντα οἴνῳ παλαιῷ εὐώδει, ἐν δὲ τῇ τρίτῃ τὰ λοιπά. γίγνεται δὲ καὶ δευτέριον οὕτως· τοῖς κ",pending_llm_review,,
SNRC-00143,Aetius,AET_LM-1.132,AET_LM,trigger,heading_eta,\s[ἤἢη]\s,αμωμον,ἀμώμου,ιρις,ἴρεως,unreviewed,"ίου ξυλοκασίας ἀποφλοισθέντων καὶ ἁδρομερῶς κοπέντων καὶ προβραχέντων ὕδατι ἐπὶ ἡμέρας <β> ἢ <γ>, ἐν δὲ τῇ δευτέρᾳ ἑψήσει ἐμβάλλεται κάλαμος σχοῖνος ὕπνον προνοτισθέντα οἴνῳ παλαιῷ εὐώδει, ἐν δὲ τῇ τρίτῃ τὰ λοιπά. γίγνεται δὲ καὶ δευτέριον οὕτως· τοῖς κ",pending_llm_review,,
SNRC-00144,Aetius,AET_LM-1.132,AET_LM,trigger,heading_eta,\s[ἤἢη]\s,αμωμον,ἀμώμου,καλαμος,κάλαμος,unreviewed,"ίου ξυλοκασίας ἀποφλοισθέντων καὶ ἁδρομερῶς κοπέντων καὶ προβραχέντων ὕδατι ἐπὶ ἡμέρας <β> ἢ <γ>, ἐν δὲ τῇ δευτέρᾳ ἑψήσει ἐμβάλλεται κάλαμος σχοῖνος ὕπνον προνοτισθέντα οἴνῳ παλαιῷ εὐώδει, ἐν δὲ τῇ τρίτῃ τὰ λοιπά. γίγνεται δὲ καὶ δευτέριον οὕτως· τοῖς κ",pending_llm_review,,
SNRC-00145,Aetius,AET_LM-1.132,AET_LM,trigger,heading_eta,\s[ἤἢη]\s,αμωμον,ἀμώμου,καρυον,κάρυα,unreviewed,"ίου ξυλοκασίας ἀποφλοισθέντων καὶ ἁδρομερῶς κοπέντων καὶ προβραχέντων ὕδατι ἐπὶ ἡμέρας <β> ἢ <γ>, ἐν δὲ τῇ δευτέρᾳ ἑψήσει ἐμβάλλεται κάλαμος σχοῖνος ὕπνον προνοτισθέντα οἴνῳ παλαιῷ εὐώδει, ἐν δὲ τῇ τρίτῃ τὰ λοιπά. γίγνεται δὲ καὶ δευτέριον οὕτως· τοῖς κ",pending_llm_review,,
SNRC-00146,Aetius,AET_LM-1.132,AET_LM,trigger,heading_eta,\s[ἤἢη]\s,αμωμον,ἀμώμου,καρυον ινδικον,κάρυα ἰνδικὰ,unreviewed,"ίου ξυλοκασίας ἀποφλοισθέντων καὶ ἁδρομερῶς κοπέντων καὶ προβραχέντων ὕδατι ἐπὶ ἡμέρας <β> ἢ <γ>, ἐν δὲ τῇ δευτέρᾳ ἑψήσει ἐμβάλλεται κάλαμος σχοῖνος ὕπνον προνοτισθέντα οἴνῳ παλαιῷ εὐώδει, ἐν δὲ τῇ τρίτῃ τὰ λοιπά. γίγνεται δὲ καὶ δευτέριον οὕτως· τοῖς κ",pending_llm_review,,
SNRC-00147,Aetius,AET_LM-1.132,AET_LM,trigger,heading_eta,\s[ἤἢη]\s,αμωμον,ἀμώμου,καρυοφυλλον,καρυοφύλλου,unreviewed,"ίου ξυλοκασίας ἀποφλοισθέντων καὶ ἁδρομερῶς κοπέντων καὶ προβραχέντων ὕδατι ἐπὶ ἡμέρας <β> ἢ <γ>, ἐν δὲ τῇ δευτέρᾳ ἑψήσει ἐμβάλλεται κάλαμος σχοῖνος ὕπνον προνοτισθέντα οἴνῳ παλαιῷ εὐώδει, ἐν δὲ τῇ τρίτῃ τὰ λοιπά. γίγνεται δὲ καὶ δευτέριον οὕτως· τοῖς κ",pending_llm_review,,
SNRC-00148,Aetius,AET_LM-1.132,AET_LM,trigger,heading_eta,\s[ἤἢη]\s,αμωμον,ἀμώμου,καρποβαλσαμον,καρποβαλσάμου,unreviewed,"ίου ξυλοκασίας ἀποφλοισθέντων καὶ ἁδρομερῶς κοπέντων καὶ προβραχέντων ὕδατι ἐπὶ ἡμέρας <β> ἢ <γ>, ἐν δὲ τῇ δευτέρᾳ ἑψήσει ἐμβάλλεται κάλαμος σχοῖνος ὕπνον προνοτισθέντα οἴνῳ παλαιῷ εὐώδει, ἐν δὲ τῇ τρίτῃ τὰ λοιπά. γίγνεται δὲ καὶ δευτέριον οὕτως· τοῖς κ",pending_llm_review,,
SNRC-00149,Aetius,AET_LM-1.132,AET_LM,trigger,heading_eta,\s[ἤἢη]\s,αμωμον,ἀμώμου,κασια,κασίας,unreviewed,"ίου ξυλοκασίας ἀποφλοισθέντων καὶ ἁδρομερῶς κοπέντων καὶ προβραχέντων ὕδατι ἐπὶ ἡμέρας <β> ἢ <γ>, ἐν δὲ τῇ δευτέρᾳ ἑψήσει ἐμβάλλεται κάλαμος σχοῖνος ὕπνον προνοτισθέντα οἴνῳ παλαιῷ εὐώδει, ἐν δὲ τῇ τρίτῃ τὰ λοιπά. γίγνεται δὲ καὶ δευτέριον οὕτως· τοῖς κ",pending_llm_review,,
SNRC-00150,Aetius,AET_LM-1.134,AET_LM,trigger,heading_eta,\s[ἤἢη]\s,ελαιον,ἐλαίῳ,ομφακινος,ὀμφακίνῳ,unreviewed,"ν ἁρμόδια τὰ εὐώδη μύρα. Τὰ δὲ εὐώδη τῶν μύρων ταῖς ψυχροτέραις τῶν κεφαλῶν μᾶλλον ἁρμόδια ἢ ταῖς μέσως θερμαῖς ἐν χειμῶνι, ταῖς γὰρ θερμοτέραις οὐκ ἐπιτήδεια. εἰ δὲ τις διὰ τὸ εὐῶδες βούληται χρῆσθαι τοῖς τοιούτοις, προσμιγνύτω ῥόδινον ἶσον ἴσῳ· οὕτως ",pending_llm_review,,
SNRC-00151,Aetius,AET_LM-1.134,AET_LM,trigger,heading_eta,\s[ἤἢη]\s,ελαιον,ἐλαίῳ,ροδινος,ῥόδινον,unreviewed,"ν ἁρμόδια τὰ εὐώδη μύρα. Τὰ δὲ εὐώδη τῶν μύρων ταῖς ψυχροτέραις τῶν κεφαλῶν μᾶλλον ἁρμόδια ἢ ταῖς μέσως θερμαῖς ἐν χειμῶνι, ταῖς γὰρ θερμοτέραις οὐκ ἐπιτήδεια. εἰ δὲ τις διὰ τὸ εὐῶδες βούληται χρῆσθαι τοῖς τοιούτοις, προσμιγνύτω ῥόδινον ἶσον ἴσῳ· οὕτως ",pending_llm_review,,
SNRC-00152,Aetius,AET_LM-1.134,AET_LM,trigger,heading_eta,\s[ἤἢη]\s,ομφακινος,ὀμφακίνῳ,ροδινος,ῥόδινον,unreviewed,"ν ἁρμόδια τὰ εὐώδη μύρα. Τὰ δὲ εὐώδη τῶν μύρων ταῖς ψυχροτέραις τῶν κεφαλῶν μᾶλλον ἁρμόδια ἢ ταῖς μέσως θερμαῖς ἐν χειμῶνι, ταῖς γὰρ θερμοτέραις οὐκ ἐπιτήδεια. εἰ δὲ τις διὰ τὸ εὐῶδες βούληται χρῆσθαι τοῖς τοιούτοις, προσμιγνύτω ῥόδινον ἶσον ἴσῳ· οὕτως ",pending_llm_review,,
SNRC-00153,Aetius,AET_LM-1.135,AET_LM,trigger,heading_eta,\s[ἤἢη]\s,ασπαλαθος,ἀσπαλάθου,βδελλιον,βδελλίου,unreviewed,"μὴ ἔχοντι ὠτίον· εἶτα σκεπάσας ποσῷ τὸ στόμιον ὕπνῳ καὶ ἔξωθεν τοῦ ὕπνου ξυλάρια ἀσπαλάθου ἤ τινος τῶν εὐωδῶν περιφράξας, ὥστε μὴ ἐκπεσεῖν τὰ ἐν τῷ ξεστίῳ, εἶτα ἕτερον ὀστράκινον ἀγγεῖον ἄωτον λαβὼν μακροτράχηλον στόμιον ἔχον ἁρμόδιον τῷ στομίῳ τοῦ περι",pending_llm_review,,
SNRC-00154,Aetius,AET_LM-1.135,AET_LM,trigger,heading_eta,\s[ἤἢη]\s,ασπαλαθος,ἀσπαλάθου,βδελλιον καθαρον,βδελλίου καθαροῦ,unreviewed,"μὴ ἔχοντι ὠτίον· εἶτα σκεπάσας ποσῷ τὸ στόμιον ὕπνῳ καὶ ἔξωθεν τοῦ ὕπνου ξυλάρια ἀσπαλάθου ἤ τινος τῶν εὐωδῶν περιφράξας, ὥστε μὴ ἐκπεσεῖν τὰ ἐν τῷ ξεστίῳ, εἶτα ἕτερον ὀστράκινον ἀγγεῖον ἄωτον λαβὼν μακροτράχηλον στόμιον ἔχον ἁρμόδιον τῷ στομίῳ τοῦ περι",pending_llm_review,,
SNRC-00155,Aetius,AET_LM-1.135,AET_LM,trigger,heading_eta,\s[ἤἢη]\s,ασπαλαθος,ἀσπαλάθου,καρβων,κάρβωνας,unreviewed,"μὴ ἔχοντι ὠτίον· εἶτα σκεπάσας ποσῷ τὸ στόμιον ὕπνῳ καὶ ἔξωθεν τοῦ ὕπνου ξυλάρια ἀσπαλάθου ἤ τινος τῶν εὐωδῶν περιφράξας, ὥστε μὴ ἐκπεσεῖν τὰ ἐν τῷ ξεστίῳ, εἶτα ἕτερον ὀστράκινον ἀγγεῖον ἄωτον λαβὼν μακροτράχηλον στόμιον ἔχον ἁρμόδιον τῷ στομίῳ τοῦ περι",pending_llm_review,,
SNRC-00156,Aetius,AET_LM-1.135,AET_LM,trigger,heading_eta,\s[ἤἢη]\s,ασπαλαθος,ἀσπαλάθου,καταμηνια,καταμήνια,unreviewed,"μὴ ἔχοντι ὠτίον· εἶτα σκεπάσας ποσῷ τὸ στόμιον ὕπνῳ καὶ ἔξωθεν τοῦ ὕπνου ξυλάρια ἀσπαλάθου ἤ τινος τῶν εὐωδῶν περιφράξας, ὥστε μὴ ἐκπεσεῖν τὰ ἐν τῷ ξεστίῳ, εἶτα ἕτερον ὀστράκινον ἀγγεῖον ἄωτον λαβὼν μακροτράχηλον στόμιον ἔχον ἁρμόδιον τῷ στομίῳ τοῦ περι",pending_llm_review,,
SNRC-00157,Aetius,AET_LM-1.135,AET_LM,trigger,heading_eta,\s[ἤἢη]\s,ασπαλαθος,ἀσπαλάθου,κοστος,κόστου,unreviewed,"μὴ ἔχοντι ὠτίον· εἶτα σκεπάσας ποσῷ τὸ στόμιον ὕπνῳ καὶ ἔξωθεν τοῦ ὕπνου ξυλάρια ἀσπαλάθου ἤ τινος τῶν εὐωδῶν περιφράξας, ὥστε μὴ ἐκπεσεῖν τὰ ἐν τῷ ξεστίῳ, εἶτα ἕτερον ὀστράκινον ἀγγεῖον ἄωτον λαβὼν μακροτράχηλον στόμιον ἔχον ἁρμόδιον τῷ στομίῳ τοῦ περι",pending_llm_review,,
SNRC-00158,Aetius,AET_LM-1.135,AET_LM,trigger,heading_eta,\s[ἤἢη]\s,ασπαλαθος,ἀσπαλάθου,ονυξ,ὀνύχων,unreviewed,"μὴ ἔχοντι ὠτίον· εἶτα σκεπάσας ποσῷ τὸ στόμιον ὕπνῳ καὶ ἔξωθεν τοῦ ὕπνου ξυλάρια ἀσπαλάθου ἤ τινος τῶν εὐωδῶν περιφράξας, ὥστε μὴ ἐκπεσεῖν τὰ ἐν τῷ ξεστίῳ, εἶτα ἕτερον ὀστράκινον ἀγγεῖον ἄωτον λαβὼν μακροτράχηλον στόμιον ἔχον ἁρμόδιον τῷ στομίῳ τοῦ περι",pending_llm_review,,
SNRC-00159,Aetius,AET_LM-1.135,AET_LM,trigger,heading_eta,\s[ἤἢη]\s,ασπαλαθος,ἀσπαλάθου,ονυξ αρωματικος μεγας,ὀνύχων ἀρωματικῶν μεγάλων,unreviewed,"μὴ ἔχοντι ὠτίον· εἶτα σκεπάσας ποσῷ τὸ στόμιον ὕπνῳ καὶ ἔξωθεν τοῦ ὕπνου ξυλάρια ἀσπαλάθου ἤ τινος τῶν εὐωδῶν περιφράξας, ὥστε μὴ ἐκπεσεῖν τὰ ἐν τῷ ξεστίῳ, εἶτα ἕτερον ὀστράκινον ἀγγεῖον ἄωτον λαβὼν μακροτράχηλον στόμιον ἔχον ἁρμόδιον τῷ στομίῳ τοῦ περι",pending_llm_review,,
SNRC-00160,Aetius,AET_LM-1.135,AET_LM,trigger,heading_eta,\s[ἤἢη]\s,ασπαλαθος,ἀσπαλάθου,πηλος,πηλῷ,unreviewed,"μὴ ἔχοντι ὠτίον· εἶτα σκεπάσας ποσῷ τὸ στόμιον ὕπνῳ καὶ ἔξωθεν τοῦ ὕπνου ξυλάρια ἀσπαλάθου ἤ τινος τῶν εὐωδῶν περιφράξας, ὥστε μὴ ἐκπεσεῖν τὰ ἐν τῷ ξεστίῳ, εἶτα ἕτερον ὀστράκινον ἀγγεῖον ἄωτον λαβὼν μακροτράχηλον στόμιον ἔχον ἁρμόδιον τῷ στομίῳ τοῦ περι",pending_llm_review,,
SNRC-00161,Aetius,AET_LM-1.135,AET_LM,trigger,heading_eta,\s[ἤἢη]\s,ασπαλαθος,ἀσπαλάθου,στυραξ,στύρακος,unreviewed,"μὴ ἔχοντι ὠτίον· εἶτα σκεπάσας ποσῷ τὸ στόμιον ὕπνῳ καὶ ἔξωθεν τοῦ ὕπνου ξυλάρια ἀσπαλάθου ἤ τινος τῶν εὐωδῶν περιφράξας, ὥστε μὴ ἐκπεσεῖν τὰ ἐν τῷ ξεστίῳ, εἶτα ἕτερον ὀστράκινον ἀγγεῖον ἄωτον λαβὼν μακροτράχηλον στόμιον ἔχον ἁρμόδιον τῷ στομίῳ τοῦ περι",pending_llm_review,,
SNRC-00162,Aetius,AET_LM-1.135,AET_LM,trigger,heading_eta,\s[ἤἢη]\s,ασπαλαθος,ἀσπαλάθου,στυραξ πρωτειος,στύρακος πρωτείου,unreviewed,"μὴ ἔχοντι ὠτίον· εἶτα σκεπάσας ποσῷ τὸ στόμιον ὕπνῳ καὶ ἔξωθεν τοῦ ὕπνου ξυλάρια ἀσπαλάθου ἤ τινος τῶν εὐωδῶν περιφράξας, ὥστε μὴ ἐκπεσεῖν τὰ ἐν τῷ ξεστίῳ, εἶτα ἕτερον ὀστράκινον ἀγγεῖον ἄωτον λαβὼν μακροτράχηλον στόμιον ἔχον ἁρμόδιον τῷ στομίῳ τοῦ περι",pending_llm_review,,
SNRC-00163,Aetius,AET_LM-1.135,AET_LM,trigger,heading_eta,\s[ἤἢη]\s,ασπαλαθος,ἀσπαλάθου,υπνος,ὕπνῳ,unreviewed,"μὴ ἔχοντι ὠτίον· εἶτα σκεπάσας ποσῷ τὸ στόμιον ὕπνῳ καὶ ἔξωθεν τοῦ ὕπνου ξυλάρια ἀσπαλάθου ἤ τινος τῶν εὐωδῶν περιφράξας, ὥστε μὴ ἐκπεσεῖν τὰ ἐν τῷ ξεστίῳ, εἶτα ἕτερον ὀστράκινον ἀγγεῖον ἄωτον λαβὼν μακροτράχηλον στόμιον ἔχον ἁρμόδιον τῷ στομίῳ τοῦ περι",pending_llm_review,,
SNRC-00164,Aetius,AET_LM-1.135,AET_LM,trigger,heading_eta,\s[ἤἢη]\s,ασπαλαθος,ἀσπαλάθου,ελαιον,ἐλαίου,unreviewed,"μὴ ἔχοντι ὠτίον· εἶτα σκεπάσας ποσῷ τὸ στόμιον ὕπνῳ καὶ ἔξωθεν τοῦ ὕπνου ξυλάρια ἀσπαλάθου ἤ τινος τῶν εὐωδῶν περιφράξας, ὥστε μὴ ἐκπεσεῖν τὰ ἐν τῷ ξεστίῳ, εἶτα ἕτερον ὀστράκινον ἀγγεῖον ἄωτον λαβὼν μακροτράχηλον στόμιον ἔχον ἁρμόδιον τῷ στομίῳ τοῦ περι",pending_llm_review,,
SNRC-00165,Aetius,AET_LM-1.1,AET_LM,control,control_no_trigger,,αβροτονον,ἀβρότονον,,,unreviewed,ἀβρότονον,pending_llm_review,,Control entry: reviewer should add any missed name relations or confirm none.
SNRC-00166,Aetius,AET_LM-1.10,AET_LM,control,control_no_trigger,,αιρα,αἶρα,,,unreviewed,αἶρα,pending_llm_review,,Control entry: reviewer should add any missed name relations or confirm none.
SNRC-00167,Aetius,AET_LM-1.102,AET_LM,control,control_no_trigger,,ελαιον,ἔλαιον,,,unreviewed,ἔλ. λινοσπέρμινον,pending_llm_review,,Control entry: reviewer should add any missed name relations or confirm none.
SNRC-00168,Aetius,AET_LM-1.103,AET_LM,control,control_no_trigger,,κικινον,κικίνῳ,,,unreviewed,ῥαφάνινον ἔλαιον,pending_llm_review,,Control entry: reviewer should add any missed name relations or confirm none.
SNRC-00169,Dioscorides,DIOSC_DMM-1.1,DIOSC_DMM,trigger,heading_semicolon,;,ελλεβορος,ἐλλεβόρῳ,ελλεβορος λευκος,ἐλλεβόρῳ λευκῷ,variant,ἶρις Ἰλλυρική; ἶρις Μακεδονική; ἶρις Λιβυκὴ,pending_llm_review,,
SNRC-00170,Dioscorides,DIOSC_DMM-1.1,DIOSC_DMM,trigger,heading_semicolon,;,ελλεβορος,ἐλλεβόρῳ,εμμηνον,ἔμμηνα,unreviewed,ἶρις Ἰλλυρική; ἶρις Μακεδονική; ἶρις Λιβυκὴ,pending_llm_review,,
SNRC-00171,Dioscorides,DIOSC_DMM-1.1,DIOSC_DMM,trigger,heading_semicolon,;,ελλεβορος,ἐλλεβόρῳ,ιρις,ἶρις,unreviewed,ἶρις Ἰλλυρική; ἶρις Μακεδονική; ἶρις Λιβυκὴ,pending_llm_review,,
SNRC-00172,Dioscorides,DIOSC_DMM-1.1,DIOSC_DMM,trigger,heading_semicolon,;,ελλεβορος,ἐλλεβόρῳ,ιρις ιλλυρικη,ἶρις Ἰλλυρικὴ,place_qualified_variant,ἶρις Ἰλλυρική; ἶρις Μακεδονική; ἶρις Λιβυκὴ,pending_llm_review,,
SNRC-00173,Dioscorides,DIOSC_DMM-1.1,DIOSC_DMM,trigger,heading_semicolon,;,ελλεβορος,ἐλλεβόρῳ,μελι,μέλιτος,unreviewed,ἶρις Ἰλλυρική; ἶρις Μακεδονική; ἶρις Λιβυκὴ,pending_llm_review,,
SNRC-00174,Dioscorides,DIOSC_DMM-1.1,DIOSC_DMM,trigger,heading_semicolon,;,ελλεβορος,ἐλλεβόρῳ,οινος,οἴνῳ,unreviewed,ἶρις Ἰλλυρική; ἶρις Μακεδονική; ἶρις Λιβυκὴ,pending_llm_review,,
SNRC-00175,Dioscorides,DIOSC_DMM-1.1,DIOSC_DMM,trigger,heading_semicolon,;,ελλεβορος,ἐλλεβόρῳ,οξος,ὄξους,unreviewed,ἶρις Ἰλλυρική; ἶρις Μακεδονική; ἶρις Λιβυκὴ,pending_llm_review,,
SNRC-00176,Dioscorides,DIOSC_DMM-1.1,DIOSC_DMM,trigger,heading_semicolon,;,ελλεβορος,ἐλλεβόρῳ,υδρομελι,ὑδρομέλιτος,unreviewed,ἶρις Ἰλλυρική; ἶρις Μακεδονική; ἶρις Λιβυκὴ,pending_llm_review,,
SNRC-00177,Dioscorides,DIOSC_DMM-1.1,DIOSC_DMM,trigger,heading_semicolon,;,ελλεβορος,ἐλλεβόρῳ,χολη,χολὰς,unreviewed,ἶρις Ἰλλυρική; ἶρις Μακεδονική; ἶρις Λιβυκὴ,pending_llm_review,,
SNRC-00178,Dioscorides,DIOSC_DMM-1.1,DIOSC_DMM,trigger,heading_semicolon,;,ελλεβορος,ἐλλεβόρῳ,ξιφιον,ξιφίῳ,unreviewed,ἶρις Ἰλλυρική; ἶρις Μακεδονική; ἶρις Λιβυκὴ,pending_llm_review,,
SNRC-00179,Dioscorides,DIOSC_DMM-1.1,DIOSC_DMM,trigger,heading_semicolon,;,ελλεβορος,ἐλλεβόρῳ,ανθη,ἄνθη,unreviewed,ἶρις Ἰλλυρική; ἶρις Μακεδονική; ἶρις Λιβυκὴ,pending_llm_review,,
SNRC-00180,Dioscorides,DIOSC_DMM-1.1,DIOSC_DMM,trigger,heading_semicolon,;,ελλεβορος,ἐλλεβόρῳ,καυλων,καυλῶν,unreviewed,ἶρις Ἰλλυρική; ἶρις Μακεδονική; ἶρις Λιβυκὴ,pending_llm_review,,
SNRC-00181,Dioscorides,DIOSC_DMM-1.10,DIOSC_DMM,trigger,heading_hoi_de,ο[ἱι]\s+δ[ὲε],αγρωστις,ἀγρώστει,ασαρον,ἄσαρον,unreviewed,"ἄσαρον, οἱ δὲ νάρδον ἀγρίαν καλοῦσι· φύλλα ἔχει κισσῷ ὅμοια, μαλακώτερα δὲ πολλῷ καὶ στρογγυλώτερα, ἄνθος τῶν φύλλων πρὸς τῇ ῥίζῃ πορφυροῦν, ὑοσκυάμου κυτίνῳ ἐμφερές, ἐφ᾿ ᾧ ",pending_llm_review,,
SNRC-00182,Dioscorides,DIOSC_DMM-1.10,DIOSC_DMM,trigger,heading_hoi_de,ο[ἱι]\s+δ[ὲε],αγρωστις,ἀγρώστει,ελλεβορος,ἐλλέβορος,unreviewed,"ἄσαρον, οἱ δὲ νάρδον ἀγρίαν καλοῦσι· φύλλα ἔχει κισσῷ ὅμοια, μαλακώτερα δὲ πολλῷ καὶ στρογγυλώτερα, ἄνθος τῶν φύλλων πρὸς τῇ ῥίζῃ πορφυροῦν, ὑοσκυάμου κυτίνῳ ἐμφερές, ἐφ᾿ ᾧ ",pending_llm_review,,
SNRC-00183,Dioscorides,DIOSC_DMM-1.10,DIOSC_DMM,trigger,heading_hoi_de,ο[ἱι]\s+δ[ὲε],αγρωστις,ἀγρώστει,ελλεβορος λευκος,ἐλλέβορος λευκὸς,unreviewed,"ἄσαρον, οἱ δὲ νάρδον ἀγρίαν καλοῦσι· φύλλα ἔχει κισσῷ ὅμοια, μαλακώτερα δὲ πολλῷ καὶ στρογγυλώτερα, ἄνθος τῶν φύλλων πρὸς τῇ ῥίζῃ πορφυροῦν, ὑοσκυάμου κυτίνῳ ἐμφερές, ἐφ᾿ ᾧ ",pending_llm_review,,
SNRC-00184,Dioscorides,DIOSC_DMM-1.10,DIOSC_DMM,trigger,heading_hoi_de,ο[ἱι]\s+δ[ὲε],αγρωστις,ἀγρώστει,εμμηνον,ἔμμηνα,unreviewed,"ἄσαρον, οἱ δὲ νάρδον ἀγρίαν καλοῦσι· φύλλα ἔχει κισσῷ ὅμοια, μαλακώτερα δὲ πολλῷ καὶ στρογγυλώτερα, ἄνθος τῶν φύλλων πρὸς τῇ ῥίζῃ πορφυροῦν, ὑοσκυάμου κυτίνῳ ἐμφερές, ἐφ᾿ ᾧ ",pending_llm_review,,
SNRC-00185,Dioscorides,DIOSC_DMM-1.10,DIOSC_DMM,trigger,heading_hoi_de,ο[ἱι]\s+δ[ὲε],αγρωστις,ἀγρώστει,κισσος,κισσῷ,unreviewed,"ἄσαρον, οἱ δὲ νάρδον ἀγρίαν καλοῦσι· φύλλα ἔχει κισσῷ ὅμοια, μαλακώτερα δὲ πολλῷ καὶ στρογγυλώτερα, ἄνθος τῶν φύλλων πρὸς τῇ ῥίζῃ πορφυροῦν, ὑοσκυάμου κυτίνῳ ἐμφερές, ἐφ᾿ ᾧ ",pending_llm_review,,
SNRC-00186,Dioscorides,DIOSC_DMM-1.10,DIOSC_DMM,trigger,heading_hoi_de,ο[ἱι]\s+δ[ὲε],αγρωστις,ἀγρώστει,μελικρατον,μελικράτου,unreviewed,"ἄσαρον, οἱ δὲ νάρδον ἀγρίαν καλοῦσι· φύλλα ἔχει κισσῷ ὅμοια, μαλακώτερα δὲ πολλῷ καὶ στρογγυλώτερα, ἄνθος τῶν φύλλων πρὸς τῇ ῥίζῃ πορφυροῦν, ὑοσκυάμου κυτίνῳ ἐμφερές, ἐφ᾿ ᾧ ",pending_llm_review,,
SNRC-00187,Dioscorides,DIOSC_DMM-1.10,DIOSC_DMM,trigger,heading_hoi_de,ο[ἱι]\s+δ[ὲε],αγρωστις,ἀγρώστει,ναρδος,νάρδον,unreviewed,"ἄσαρον, οἱ δὲ νάρδον ἀγρίαν καλοῦσι· φύλλα ἔχει κισσῷ ὅμοια, μαλακώτερα δὲ πολλῷ καὶ στρογγυλώτερα, ἄνθος τῶν φύλλων πρὸς τῇ ῥίζῃ πορφυροῦν, ὑοσκυάμου κυτίνῳ ἐμφερές, ἐφ᾿ ᾧ ",pending_llm_review,,
SNRC-00188,Dioscorides,DIOSC_DMM-1.10,DIOSC_DMM,trigger,heading_hoi_de,ο[ἱι]\s+δ[ὲε],αγρωστις,ἀγρώστει,ναρδος αγρια,νάρδον ἀγρίαν,unreviewed,"ἄσαρον, οἱ δὲ νάρδον ἀγρίαν καλοῦσι· φύλλα ἔχει κισσῷ ὅμοια, μαλακώτερα δὲ πολλῷ καὶ στρογγυλώτερα, ἄνθος τῶν φύλλων πρὸς τῇ ῥίζῃ πορφυροῦν, ὑοσκυάμου κυτίνῳ ἐμφερές, ἐφ᾿ ᾧ ",pending_llm_review,,
SNRC-00189,Dioscorides,DIOSC_DMM-1.10,DIOSC_DMM,trigger,heading_hoi_de,ο[ἱι]\s+δ[ὲε],αγρωστις,ἀγρώστει,υοσκυαμος,ὑοσκυάμου,unreviewed,"ἄσαρον, οἱ δὲ νάρδον ἀγρίαν καλοῦσι· φύλλα ἔχει κισσῷ ὅμοια, μαλακώτερα δὲ πολλῷ καὶ στρογγυλώτερα, ἄνθος τῶν φύλλων πρὸς τῇ ῥίζῃ πορφυροῦν, ὑοσκυάμου κυτίνῳ ἐμφερές, ἐφ᾿ ᾧ ",pending_llm_review,,
SNRC-00190,Dioscorides,DIOSC_DMM-1.10,DIOSC_DMM,trigger,heading_hoi_de,ο[ἱι]\s+δ[ὲε],αγρωστις,ἀγρώστει,ανθος,ἄνθος,unreviewed,"ἄσαρον, οἱ δὲ νάρδον ἀγρίαν καλοῦσι· φύλλα ἔχει κισσῷ ὅμοια, μαλακώτερα δὲ πολλῷ καὶ στρογγυλώτερα, ἄνθος τῶν φύλλων πρὸς τῇ ῥίζῃ πορφυροῦν, ὑοσκυάμου κυτίνῳ ἐμφερές, ἐφ᾿ ᾧ ",pending_llm_review,,
SNRC-00191,Dioscorides,DIOSC_DMM-1.10,DIOSC_DMM,trigger,heading_hoi_de,ο[ἱι]\s+δ[ὲε],αγρωστις,ἀγρώστει,κυτινω,κυτίνῳ,unreviewed,"ἄσαρον, οἱ δὲ νάρδον ἀγρίαν καλοῦσι· φύλλα ἔχει κισσῷ ὅμοια, μαλακώτερα δὲ πολλῷ καὶ στρογγυλώτερα, ἄνθος τῶν φύλλων πρὸς τῇ ῥίζῃ πορφυροῦν, ὑοσκυάμου κυτίνῳ ἐμφερές, ἐφ᾿ ᾧ ",pending_llm_review,,
SNRC-00192,Dioscorides,DIOSC_DMM-1.10,DIOSC_DMM,trigger,heading_hoi_de,ο[ἱι]\s+δ[ὲε],αγρωστις,ἀγρώστει,φυλλα,φύλλα,unreviewed,"ἄσαρον, οἱ δὲ νάρδον ἀγρίαν καλοῦσι· φύλλα ἔχει κισσῷ ὅμοια, μαλακώτερα δὲ πολλῷ καὶ στρογγυλώτερα, ἄνθος τῶν φύλλων πρὸς τῇ ῥίζῃ πορφυροῦν, ὑοσκυάμου κυτίνῳ ἐμφερές, ἐφ᾿ ᾧ ",pending_llm_review,,
SNRC-00193,Dioscorides,DIOSC_DMM-1.100,DIOSC_DMM,trigger,heading_eta,\s[ἤἢη]\s,ακανθα,ἀκάνθης,αμοργη,ἀμόργης,unreviewed,"λύκιον, ὃ ἔνιοι πυξάκανθαν καλοῦσι, δένδρον ἐστὶν ἀκανθῶδες, ῥάβδους ἔχον τριπήχεις ἢ καὶ μείζονας, περὶ ἃς τὰ φύλλα πύξῳ ὅμοια, πυκνά. καρπὸν δὲ ἔχει ὡς πέπερι, μέλανα, πυκνόν, πικρὸν λίαν, καὶ τὸν φλοιὸν δὲ ὠχρόν, ὅμοιον τῳ διεθέντι λυκίῳ, ῥίζα",pending_llm_review,,
SNRC-00194,Dioscorides,DIOSC_DMM-1.100,DIOSC_DMM,trigger,heading_eta,\s[ἤἢη]\s,ακανθα,ἀκάνθης,αψινθιον,ἀψινθίου,unreviewed,"λύκιον, ὃ ἔνιοι πυξάκανθαν καλοῦσι, δένδρον ἐστὶν ἀκανθῶδες, ῥάβδους ἔχον τριπήχεις ἢ καὶ μείζονας, περὶ ἃς τὰ φύλλα πύξῳ ὅμοια, πυκνά. καρπὸν δὲ ἔχει ὡς πέπερι, μέλανα, πυκνόν, πικρὸν λίαν, καὶ τὸν φλοιὸν δὲ ὠχρόν, ὅμοιον τῳ διεθέντι λυκίῳ, ῥίζα",pending_llm_review,,
SNRC-00195,Dioscorides,DIOSC_DMM-1.100,DIOSC_DMM,trigger,heading_eta,\s[ἤἢη]\s,ακανθα,ἀκάνθης,βοεια χολη,βοείας χολῆς,unreviewed,"λύκιον, ὃ ἔνιοι πυξάκανθαν καλοῦσι, δένδρον ἐστὶν ἀκανθῶδες, ῥάβδους ἔχον τριπήχεις ἢ καὶ μείζονας, περὶ ἃς τὰ φύλλα πύξῳ ὅμοια, πυκνά. καρπὸν δὲ ἔχει ὡς πέπερι, μέλανα, πυκνόν, πικρὸν λίαν, καὶ τὸν φλοιὸν δὲ ὠχρόν, ὅμοιον τῳ διεθέντι λυκίῳ, ῥίζα",pending_llm_review,,
SNRC-00196,Dioscorides,DIOSC_DMM-1.100,DIOSC_DMM,trigger,heading_eta,\s[ἤἢη]\s,ακανθα,ἀκάνθης,ινδικον λυκιον,Ἰνδικὸν λὐκιον,unreviewed,"λύκιον, ὃ ἔνιοι πυξάκανθαν καλοῦσι, δένδρον ἐστὶν ἀκανθῶδες, ῥάβδους ἔχον τριπήχεις ἢ καὶ μείζονας, περὶ ἃς τὰ φύλλα πύξῳ ὅμοια, πυκνά. καρπὸν δὲ ἔχει ὡς πέπερι, μέλανα, πυκνόν, πικρὸν λίαν, καὶ τὸν φλοιὸν δὲ ὠχρόν, ὅμοιον τῳ διεθέντι λυκίῳ, ῥίζα",pending_llm_review,,
SNRC-00197,Dioscorides,DIOSC_DMM-1.100,DIOSC_DMM,trigger,heading_eta,\s[ἤἢη]\s,ακανθα,ἀκάνθης,λογχιτις,λογχίτιδος,unreviewed,"λύκιον, ὃ ἔνιοι πυξάκανθαν καλοῦσι, δένδρον ἐστὶν ἀκανθῶδες, ῥάβδους ἔχον τριπήχεις ἢ καὶ μείζονας, περὶ ἃς τὰ φύλλα πύξῳ ὅμοια, πυκνά. καρπὸν δὲ ἔχει ὡς πέπερι, μέλανα, πυκνόν, πικρὸν λίαν, καὶ τὸν φλοιὸν δὲ ὠχρόν, ὅμοιον τῳ διεθέντι λυκίῳ, ῥίζα",pending_llm_review,,
SNRC-00198,Dioscorides,DIOSC_DMM-1.100,DIOSC_DMM,trigger,heading_eta,\s[ἤἢη]\s,ακανθα,ἀκάνθης,λυκιον,λύκιον,unreviewed,"λύκιον, ὃ ἔνιοι πυξάκανθαν καλοῦσι, δένδρον ἐστὶν ἀκανθῶδες, ῥάβδους ἔχον τριπήχεις ἢ καὶ μείζονας, περὶ ἃς τὰ φύλλα πύξῳ ὅμοια, πυκνά. καρπὸν δὲ ἔχει ὡς πέπερι, μέλανα, πυκνόν, πικρὸν λίαν, καὶ τὸν φλοιὸν δὲ ὠχρόν, ὅμοιον τῳ διεθέντι λυκίῳ, ῥίζα",pending_llm_review,,
SNRC-00199,Dioscorides,DIOSC_DMM-1.100,DIOSC_DMM,trigger,heading_eta,\s[ἤἢη]\s,ακανθα,ἀκάνθης,οξος,ὄξει,unreviewed,"λύκιον, ὃ ἔνιοι πυξάκανθαν καλοῦσι, δένδρον ἐστὶν ἀκανθῶδες, ῥάβδους ἔχον τριπήχεις ἢ καὶ μείζονας, περὶ ἃς τὰ φύλλα πύξῳ ὅμοια, πυκνά. καρπὸν δὲ ἔχει ὡς πέπερι, μέλανα, πυκνόν, πικρὸν λίαν, καὶ τὸν φλοιὸν δὲ ὠχρόν, ὅμοιον τῳ διεθέντι λυκίῳ, ῥίζα",pending_llm_review,,
SNRC-00200,Dioscorides,DIOSC_DMM-1.100,DIOSC_DMM,trigger,heading_eta,\s[ἤἢη]\s,ακανθα,ἀκάνθης,πεπερι,πέπερι,unreviewed,"λύκιον, ὃ ἔνιοι πυξάκανθαν καλοῦσι, δένδρον ἐστὶν ἀκανθῶδες, ῥάβδους ἔχον τριπήχεις ἢ καὶ μείζονας, περὶ ἃς τὰ φύλλα πύξῳ ὅμοια, πυκνά. καρπὸν δὲ ἔχει ὡς πέπερι, μέλανα, πυκνόν, πικρὸν λίαν, καὶ τὸν φλοιὸν δὲ ὠχρόν, ὅμοιον τῳ διεθέντι λυκίῳ, ῥίζα",pending_llm_review,,
SNRC-00201,Dioscorides,DIOSC_DMM-1.100,DIOSC_DMM,trigger,heading_eta,\s[ἤἢη]\s,ακανθα,ἀκάνθης,πυξακανθα,πυξάκανθαν,unreviewed,"λύκιον, ὃ ἔνιοι πυξάκανθαν καλοῦσι, δένδρον ἐστὶν ἀκανθῶδες, ῥάβδους ἔχον τριπήχεις ἢ καὶ μείζονας, περὶ ἃς τὰ φύλλα πύξῳ ὅμοια, πυκνά. καρπὸν δὲ ἔχει ὡς πέπερι, μέλανα, πυκνόν, πικρὸν λίαν, καὶ τὸν φλοιὸν δὲ ὠχρόν, ὅμοιον τῳ διεθέντι λυκίῳ, ῥίζα",pending_llm_review,,
SNRC-00202,Dioscorides,DIOSC_DMM-1.100,DIOSC_DMM,trigger,heading_eta,\s[ἤἢη]\s,ακανθα,ἀκάνθης,υδωρ,ὕδατι,unreviewed,"λύκιον, ὃ ἔνιοι πυξάκανθαν καλοῦσι, δένδρον ἐστὶν ἀκανθῶδες, ῥάβδους ἔχον τριπήχεις ἢ καὶ μείζονας, περὶ ἃς τὰ φύλλα πύξῳ ὅμοια, πυκνά. καρπὸν δὲ ἔχει ὡς πέπερι, μέλανα, πυκνόν, πικρὸν λίαν, καὶ τὸν φλοιὸν δὲ ὠχρόν, ὅμοιον τῳ διεθέντι λυκίῳ, ῥίζα",pending_llm_review,,
SNRC-00203,Dioscorides,DIOSC_DMM-1.100,DIOSC_DMM,trigger,heading_eta,\s[ἤἢη]\s,ακανθα,ἀκάνθης,χολη,χολῆς,unreviewed,"λύκιον, ὃ ἔνιοι πυξάκανθαν καλοῦσι, δένδρον ἐστὶν ἀκανθῶδες, ῥάβδους ἔχον τριπήχεις ἢ καὶ μείζονας, περὶ ἃς τὰ φύλλα πύξῳ ὅμοια, πυκνά. καρπὸν δὲ ἔχει ὡς πέπερι, μέλανα, πυκνόν, πικρὸν λίαν, καὶ τὸν φλοιὸν δὲ ὠχρόν, ὅμοιον τῳ διεθέντι λυκίῳ, ῥίζα",pending_llm_review,,
SNRC-00204,Dioscorides,DIOSC_DMM-1.100,DIOSC_DMM,trigger,heading_eta,\s[ἤἢη]\s,ακανθα,ἀκάνθης,η ποα,ἡ πόα,unreviewed,"λύκιον, ὃ ἔνιοι πυξάκανθαν καλοῦσι, δένδρον ἐστὶν ἀκανθῶδες, ῥάβδους ἔχον τριπήχεις ἢ καὶ μείζονας, περὶ ἃς τὰ φύλλα πύξῳ ὅμοια, πυκνά. καρπὸν δὲ ἔχει ὡς πέπερι, μέλανα, πυκνόν, πικρὸν λίαν, καὶ τὸν φλοιὸν δὲ ὠχρόν, ὅμοιον τῳ διεθέντι λυκίῳ, ῥίζα",pending_llm_review,,
SNRC-00205,Dioscorides,DIOSC_DMM-1.101,DIOSC_DMM,trigger,body_some_call,τιν[ὲε]ς|ο[ἱι]\s+δ[ὲε],ακακια,ἀκακία,ακανθα,ἄκανθα,place_qualified_variant,"πόκιρρον δὲ ἐκ τοῦ ὠμοῦ. ἐκλέγου δὲ τὸ ἡρέμα ἔγκιρρον, εὐῶδες, ὡς ἐν ἀκακίᾳ. χυλίζουσι δέ τινες καὶ τὰ φύλλα σὺν τῳ καρπῷ· καὶ τὸ κόμμι δὲ ἐκ τῆς αὐτῆς ἀκάνθης γεννᾶται.",pending_llm_review,,
SNRC-00206,Dioscorides,DIOSC_DMM-1.101,DIOSC_DMM,trigger,body_some_call,τιν[ὲε]ς|ο[ἱι]\s+δ[ὲε],ακακια,ἀκακία,θερμος,θέρμου,place_qualified_variant,"πόκιρρον δὲ ἐκ τοῦ ὠμοῦ. ἐκλέγου δὲ τὸ ἡρέμα ἔγκιρρον, εὐῶδες, ὡς ἐν ἀκακίᾳ. χυλίζουσι δέ τινες καὶ τὰ φύλλα σὺν τῳ καρπῷ· καὶ τὸ κόμμι δὲ ἐκ τῆς αὐτῆς ἀκάνθης γεννᾶται.",pending_llm_review,,
SNRC-00207,Dioscorides,DIOSC_DMM-1.101,DIOSC_DMM,trigger,body_some_call,τιν[ὲε]ς|ο[ἱι]\s+δ[ὲε],ακακια,ἀκακία,κομμι,κόμμι,place_qualified_variant,"πόκιρρον δὲ ἐκ τοῦ ὠμοῦ. ἐκλέγου δὲ τὸ ἡρέμα ἔγκιρρον, εὐῶδες, ὡς ἐν ἀκακίᾳ. χυλίζουσι δέ τινες καὶ τὰ φύλλα σὺν τῳ καρπῷ· καὶ τὸ κόμμι δὲ ἐκ τῆς αὐτῆς ἀκάνθης γεννᾶται.",pending_llm_review,,
SNRC-00208,Dioscorides,DIOSC_DMM-1.101,DIOSC_DMM,trigger,body_some_call,τιν[ὲε]ς|ο[ἱι]\s+δ[ὲε],ακακια,ἀκακία,ανθος,ἄνθος,place_qualified_variant,"πόκιρρον δὲ ἐκ τοῦ ὠμοῦ. ἐκλέγου δὲ τὸ ἡρέμα ἔγκιρρον, εὐῶδες, ὡς ἐν ἀκακίᾳ. χυλίζουσι δέ τινες καὶ τὰ φύλλα σὺν τῳ καρπῷ· καὶ τὸ κόμμι δὲ ἐκ τῆς αὐτῆς ἀκάνθης γεννᾶται.",pending_llm_review,,
SNRC-00209,Dioscorides,DIOSC_DMM-1.101,DIOSC_DMM,trigger,body_some_call,τιν[ὲε]ς|ο[ἱι]\s+δ[ὲε],ακακια,ἀκακία,καρπον,καρπὸν,place_qualified_variant,"πόκιρρον δὲ ἐκ τοῦ ὠμοῦ. ἐκλέγου δὲ τὸ ἡρέμα ἔγκιρρον, εὐῶδες, ὡς ἐν ἀκακίᾳ. χυλίζουσι δέ τινες καὶ τὰ φύλλα σὺν τῳ καρπῷ· καὶ τὸ κόμμι δὲ ἐκ τῆς αὐτῆς ἀκάνθης γεννᾶται.",pending_llm_review,,
SNRC-00210,Dioscorides,DIOSC_DMM-1.101,DIOSC_DMM,trigger,body_some_call,τιν[ὲε]ς|ο[ἱι]\s+δ[ὲε],ακακια,ἀκακία,λοβοις,λοβοῖς,place_qualified_variant,"πόκιρρον δὲ ἐκ τοῦ ὠμοῦ. ἐκλέγου δὲ τὸ ἡρέμα ἔγκιρρον, εὐῶδες, ὡς ἐν ἀκακίᾳ. χυλίζουσι δέ τινες καὶ τὰ φύλλα σὺν τῳ καρπῷ· καὶ τὸ κόμμι δὲ ἐκ τῆς αὐτῆς ἀκάνθης γεννᾶται.",pending_llm_review,,
SNRC-00211,Dioscorides,DIOSC_DMM-1.101,DIOSC_DMM,trigger,body_some_call,τιν[ὲε]ς|ο[ἱι]\s+δ[ὲε],ακακια,ἀκακία,φυλλα,φύλλα,place_qualified_variant,"πόκιρρον δὲ ἐκ τοῦ ὠμοῦ. ἐκλέγου δὲ τὸ ἡρέμα ἔγκιρρον, εὐῶδες, ὡς ἐν ἀκακίᾳ. χυλίζουσι δέ τινες καὶ τὰ φύλλα σὺν τῳ καρπῷ· καὶ τὸ κόμμι δὲ ἐκ τῆς αὐτῆς ἀκάνθης γεννᾶται.",pending_llm_review,,
SNRC-00212,Dioscorides,DIOSC_DMM-1.101,DIOSC_DMM,trigger,body_some_call,τιν[ὲε]ς|ο[ἱι]\s+δ[ὲε],ακανθα,ἄκανθα,θερμος,θέρμου,unreviewed,"πόκιρρον δὲ ἐκ τοῦ ὠμοῦ. ἐκλέγου δὲ τὸ ἡρέμα ἔγκιρρον, εὐῶδες, ὡς ἐν ἀκακίᾳ. χυλίζουσι δέ τινες καὶ τὰ φύλλα σὺν τῳ καρπῷ· καὶ τὸ κόμμι δὲ ἐκ τῆς αὐτῆς ἀκάνθης γεννᾶται.",pending_llm_review,,
SNRC-00213,Dioscorides,DIOSC_DMM-1.101,DIOSC_DMM,trigger,body_some_call,τιν[ὲε]ς|ο[ἱι]\s+δ[ὲε],ακανθα,ἄκανθα,κομμι,κόμμι,unreviewed,"πόκιρρον δὲ ἐκ τοῦ ὠμοῦ. ἐκλέγου δὲ τὸ ἡρέμα ἔγκιρρον, εὐῶδες, ὡς ἐν ἀκακίᾳ. χυλίζουσι δέ τινες καὶ τὰ φύλλα σὺν τῳ καρπῷ· καὶ τὸ κόμμι δὲ ἐκ τῆς αὐτῆς ἀκάνθης γεννᾶται.",pending_llm_review,,
SNRC-00214,Dioscorides,DIOSC_DMM-1.101,DIOSC_DMM,trigger,body_some_call,τιν[ὲε]ς|ο[ἱι]\s+δ[ὲε],ακανθα,ἄκανθα,ανθος,ἄνθος,unreviewed,"πόκιρρον δὲ ἐκ τοῦ ὠμοῦ. ἐκλέγου δὲ τὸ ἡρέμα ἔγκιρρον, εὐῶδες, ὡς ἐν ἀκακίᾳ. χυλίζουσι δέ τινες καὶ τὰ φύλλα σὺν τῳ καρπῷ· καὶ τὸ κόμμι δὲ ἐκ τῆς αὐτῆς ἀκάνθης γεννᾶται.",pending_llm_review,,
SNRC-00215,Dioscorides,DIOSC_DMM-1.101,DIOSC_DMM,trigger,body_some_call,τιν[ὲε]ς|ο[ἱι]\s+δ[ὲε],ακανθα,ἄκανθα,καρπον,καρπὸν,unreviewed,"πόκιρρον δὲ ἐκ τοῦ ὠμοῦ. ἐκλέγου δὲ τὸ ἡρέμα ἔγκιρρον, εὐῶδες, ὡς ἐν ἀκακίᾳ. χυλίζουσι δέ τινες καὶ τὰ φύλλα σὺν τῳ καρπῷ· καὶ τὸ κόμμι δὲ ἐκ τῆς αὐτῆς ἀκάνθης γεννᾶται.",pending_llm_review,,
SNRC-00216,Dioscorides,DIOSC_DMM-1.101,DIOSC_DMM,trigger,body_some_call,τιν[ὲε]ς|ο[ἱι]\s+δ[ὲε],ακανθα,ἄκανθα,λοβοις,λοβοῖς,unreviewed,"πόκιρρον δὲ ἐκ τοῦ ὠμοῦ. ἐκλέγου δὲ τὸ ἡρέμα ἔγκιρρον, εὐῶδες, ὡς ἐν ἀκακίᾳ. χυλίζουσι δέ τινες καὶ τὰ φύλλα σὺν τῳ καρπῷ· καὶ τὸ κόμμι δὲ ἐκ τῆς αὐτῆς ἀκάνθης γεννᾶται.",pending_llm_review,,
SNRC-00217,Dioscorides,DIOSC_DMM-1.105,DIOSC_DMM,trigger,heading_eta,\s[ἤἢη]\s,αλευρον,ἀλεύρου,αλμη,ἅλμης,unreviewed," τῶν βλεφάρων διαβρώσεις εὐθετεῖ, χυλίζοντας δὲ δεῖ κόπτειν τὰ φύλλα καὶ παραχέοντας οἶνον ἢ ὕδωρ ἐκθλίβειν καὶ ξηράναντας ἐν ἡλίῳ ἀναπλάσσειν· ἔστι δʼ εὐτονώτερος ὁ διὰ τοῦ οἴνου ἐκθλιβόμενος καὶ εἰς ἀπόθεσιν μᾶλλον τοῦ διʼ ὕδατος ἁρμόζει· ποιεῖ δὲ καὶ",pending_llm_review,,
SNRC-00218,Dioscorides,DIOSC_DMM-1.105,DIOSC_DMM,trigger,heading_eta,\s[ἤἢη]\s,αλευρον,ἀλεύρου,αγρια ελαια,ἀγρίας ἔλαίας,unreviewed," τῶν βλεφάρων διαβρώσεις εὐθετεῖ, χυλίζοντας δὲ δεῖ κόπτειν τὰ φύλλα καὶ παραχέοντας οἶνον ἢ ὕδωρ ἐκθλίβειν καὶ ξηράναντας ἐν ἡλίῳ ἀναπλάσσειν· ἔστι δʼ εὐτονώτερος ὁ διὰ τοῦ οἴνου ἐκθλιβόμενος καὶ εἰς ἀπόθεσιν μᾶλλον τοῦ διʼ ὕδατος ἁρμόζει· ποιεῖ δὲ καὶ",pending_llm_review,,
SNRC-00219,Dioscorides,DIOSC_DMM-1.105,DIOSC_DMM,trigger,heading_eta,\s[ἤἢη]\s,αλευρον,ἀλεύρου,αγριελαια,ἄγριελαία,unreviewed," τῶν βλεφάρων διαβρώσεις εὐθετεῖ, χυλίζοντας δὲ δεῖ κόπτειν τὰ φύλλα καὶ παραχέοντας οἶνον ἢ ὕδωρ ἐκθλίβειν καὶ ξηράναντας ἐν ἡλίῳ ἀναπλάσσειν· ἔστι δʼ εὐτονώτερος ὁ διὰ τοῦ οἴνου ἐκθλιβόμενος καὶ εἰς ἀπόθεσιν μᾶλλον τοῦ διʼ ὕδατος ἁρμόζει· ποιεῖ δὲ καὶ",pending_llm_review,,
SNRC-00220,Dioscorides,DIOSC_DMM-1.105,DIOSC_DMM,trigger,heading_eta,\s[ἤἢη]\s,αλευρον,ἀλεύρου,αιθιοπικη ελαια,Αἰθιοπικὴ ἐλαία,place_qualified_variant," τῶν βλεφάρων διαβρώσεις εὐθετεῖ, χυλίζοντας δὲ δεῖ κόπτειν τὰ φύλλα καὶ παραχέοντας οἶνον ἢ ὕδωρ ἐκθλίβειν καὶ ξηράναντας ἐν ἡλίῳ ἀναπλάσσειν· ἔστι δʼ εὐτονώτερος ὁ διὰ τοῦ οἴνου ἐκθλιβόμενος καὶ εἰς ἀπόθεσιν μᾶλλον τοῦ διʼ ὕδατος ἁρμόζει· ποιεῖ δὲ καὶ",pending_llm_review,,
SNRC-00221,Dioscorides,DIOSC_DMM-1.105,DIOSC_DMM,trigger,heading_eta,\s[ἤἢη]\s,αλευρον,ἀλεύρου,κομμι,κόμμει,unreviewed," τῶν βλεφάρων διαβρώσεις εὐθετεῖ, χυλίζοντας δὲ δεῖ κόπτειν τὰ φύλλα καὶ παραχέοντας οἶνον ἢ ὕδωρ ἐκθλίβειν καὶ ξηράναντας ἐν ἡλίῳ ἀναπλάσσειν· ἔστι δʼ εὐτονώτερος ὁ διὰ τοῦ οἴνου ἐκθλιβόμενος καὶ εἰς ἀπόθεσιν μᾶλλον τοῦ διʼ ὕδατος ἁρμόζει· ποιεῖ δὲ καὶ",pending_llm_review,,
SNRC-00222,Dioscorides,DIOSC_DMM-1.105,DIOSC_DMM,trigger,heading_eta,\s[ἤἢη]\s,αλευρον,ἀλεύρου,κοτινος,κότινον,unreviewed," τῶν βλεφάρων διαβρώσεις εὐθετεῖ, χυλίζοντας δὲ δεῖ κόπτειν τὰ φύλλα καὶ παραχέοντας οἶνον ἢ ὕδωρ ἐκθλίβειν καὶ ξηράναντας ἐν ἡλίῳ ἀναπλάσσειν· ἔστι δʼ εὐτονώτερος ὁ διὰ τοῦ οἴνου ἐκθλιβόμενος καὶ εἰς ἀπόθεσιν μᾶλλον τοῦ διʼ ὕδατος ἁρμόζει· ποιεῖ δὲ καὶ",pending_llm_review,,
SNRC-00223,Dioscorides,DIOSC_DMM-1.105,DIOSC_DMM,trigger,heading_eta,\s[ἤἢη]\s,αλευρον,ἀλεύρου,κολυμβας ελαια,κολυμβάδες ἐλαῖαι,unreviewed," τῶν βλεφάρων διαβρώσεις εὐθετεῖ, χυλίζοντας δὲ δεῖ κόπτειν τὰ φύλλα καὶ παραχέοντας οἶνον ἢ ὕδωρ ἐκθλίβειν καὶ ξηράναντας ἐν ἡλίῳ ἀναπλάσσειν· ἔστι δʼ εὐτονώτερος ὁ διὰ τοῦ οἴνου ἐκθλιβόμενος καὶ εἰς ἀπόθεσιν μᾶλλον τοῦ διʼ ὕδατος ἁρμόζει· ποιεῖ δὲ καὶ",pending_llm_review,,
SNRC-00224,Dioscorides,DIOSC_DMM-1.105,DIOSC_DMM,trigger,heading_eta,\s[ἤἢη]\s,αλευρον,ἀλεύρου,μελι,μέλιτι,unreviewed," τῶν βλεφάρων διαβρώσεις εὐθετεῖ, χυλίζοντας δὲ δεῖ κόπτειν τὰ φύλλα καὶ παραχέοντας οἶνον ἢ ὕδωρ ἐκθλίβειν καὶ ξηράναντας ἐν ἡλίῳ ἀναπλάσσειν· ἔστι δʼ εὐτονώτερος ὁ διὰ τοῦ οἴνου ἐκθλιβόμενος καὶ εἰς ἀπόθεσιν μᾶλλον τοῦ διʼ ὕδατος ἁρμόζει· ποιεῖ δὲ καὶ",pending_llm_review,,
SNRC-00225,Dioscorides,DIOSC_DMM-1.105,DIOSC_DMM,trigger,heading_eta,\s[ἤἢη]\s,αλευρον,ἀλεύρου,μελαινα πεπειρος ελαια,μέλαινα καὶ πέπειρος ἐλαία,unreviewed," τῶν βλεφάρων διαβρώσεις εὐθετεῖ, χυλίζοντας δὲ δεῖ κόπτειν τὰ φύλλα καὶ παραχέοντας οἶνον ἢ ὕδωρ ἐκθλίβειν καὶ ξηράναντας ἐν ἡλίῳ ἀναπλάσσειν· ἔστι δʼ εὐτονώτερος ὁ διὰ τοῦ οἴνου ἐκθλιβόμενος καὶ εἰς ἀπόθεσιν μᾶλλον τοῦ διʼ ὕδατος ἁρμόζει· ποιεῖ δὲ καὶ",pending_llm_review,,
SNRC-00226,Dioscorides,DIOSC_DMM-1.105,DIOSC_DMM,trigger,heading_eta,\s[ἤἢη]\s,αλευρον,ἀλεύρου,οινος,οἴνῳ,unreviewed," τῶν βλεφάρων διαβρώσεις εὐθετεῖ, χυλίζοντας δὲ δεῖ κόπτειν τὰ φύλλα καὶ παραχέοντας οἶνον ἢ ὕδωρ ἐκθλίβειν καὶ ξηράναντας ἐν ἡλίῳ ἀναπλάσσειν· ἔστι δʼ εὐτονώτερος ὁ διὰ τοῦ οἴνου ἐκθλιβόμενος καὶ εἰς ἀπόθεσιν μᾶλλον τοῦ διʼ ὕδατος ἁρμόζει· ποιεῖ δὲ καὶ",pending_llm_review,,
SNRC-00227,Dioscorides,DIOSC_DMM-1.105,DIOSC_DMM,trigger,heading_eta,\s[ἤἢη]\s,αλευρον,ἀλεύρου,ουρον,οὖρά,unreviewed," τῶν βλεφάρων διαβρώσεις εὐθετεῖ, χυλίζοντας δὲ δεῖ κόπτειν τὰ φύλλα καὶ παραχέοντας οἶνον ἢ ὕδωρ ἐκθλίβειν καὶ ξηράναντας ἐν ἡλίῳ ἀναπλάσσειν· ἔστι δʼ εὐτονώτερος ὁ διὰ τοῦ οἴνου ἐκθλιβόμενος καὶ εἰς ἀπόθεσιν μᾶλλον τοῦ διʼ ὕδατος ἁρμόζει· ποιεῖ δὲ καὶ",pending_llm_review,,
SNRC-00228,Dioscorides,DIOSC_DMM-1.105,DIOSC_DMM,trigger,heading_eta,\s[ἤἢη]\s,αλευρον,ἀλεύρου,πηλος,πηλῷ,unreviewed," τῶν βλεφάρων διαβρώσεις εὐθετεῖ, χυλίζοντας δὲ δεῖ κόπτειν τὰ φύλλα καὶ παραχέοντας οἶνον ἢ ὕδωρ ἐκθλίβειν καὶ ξηράναντας ἐν ἡλίῳ ἀναπλάσσειν· ἔστι δʼ εὐτονώτερος ὁ διὰ τοῦ οἴνου ἐκθλιβόμενος καὶ εἰς ἀπόθεσιν μᾶλλον τοῦ διʼ ὕδατος ἁρμόζει· ποιεῖ δὲ καὶ",pending_llm_review,,
SNRC-00229,Dioscorides,DIOSC_DMM-1.106,DIOSC_DMM,trigger,heading_eta,\s[ἤἢη]\s,βαλανος,βάλανοι,γαλα,γάλακτος,unreviewed," κοπέντα οἰδήμασι, καὶ τὰ ἄτονα δὲ μέρη κρατύνει. αἱ δὲ Σαρδιαναὶ βάλανοι, ἄς τινες λόπιμα ἢ καστανίας ἢ μότα ἡ Διὸς βαλάνους καλοῦσι, στύρουσι καὶ αὐταί, τῶν ὁμοίων τέ εἰσι δραστικαί, καὶ μάλιστα ὁ μεταξὺ τῆς σαρκὸς καὶ τοῦ λέπους φλοιός. ἡ δὲ σὰρξ καὶ",pending_llm_review,,
SNRC-00230,Dioscorides,DIOSC_DMM-1.106,DIOSC_DMM,trigger,heading_eta,\s[ἤἢη]\s,βαλανος,βάλανοι,γαλα βοειον,γάλακτος βοείου,unreviewed," κοπέντα οἰδήμασι, καὶ τὰ ἄτονα δὲ μέρη κρατύνει. αἱ δὲ Σαρδιαναὶ βάλανοι, ἄς τινες λόπιμα ἢ καστανίας ἢ μότα ἡ Διὸς βαλάνους καλοῦσι, στύρουσι καὶ αὐταί, τῶν ὁμοίων τέ εἰσι δραστικαί, καὶ μάλιστα ὁ μεταξὺ τῆς σαρκὸς καὶ τοῦ λέπους φλοιός. ἡ δὲ σὰρξ καὶ",pending_llm_review,,
SNRC-00231,Dioscorides,DIOSC_DMM-1.106,DIOSC_DMM,trigger,heading_eta,\s[ἤἢη]\s,βαλανος,βάλανοι,γη,γῇ,unreviewed," κοπέντα οἰδήμασι, καὶ τὰ ἄτονα δὲ μέρη κρατύνει. αἱ δὲ Σαρδιαναὶ βάλανοι, ἄς τινες λόπιμα ἢ καστανίας ἢ μότα ἡ Διὸς βαλάνους καλοῦσι, στύρουσι καὶ αὐταί, τῶν ὁμοίων τέ εἰσι δραστικαί, καὶ μάλιστα ὁ μεταξὺ τῆς σαρκὸς καὶ τοῦ λέπους φλοιός. ἡ δὲ σὰρξ καὶ",pending_llm_review,,
SNRC-00232,Dioscorides,DIOSC_DMM-1.106,DIOSC_DMM,trigger,heading_eta,\s[ἤἢη]\s,βαλανος,βάλανοι,διος βαλανος,Διὸς βαλάνους,variant," κοπέντα οἰδήμασι, καὶ τὰ ἄτονα δὲ μέρη κρατύνει. αἱ δὲ Σαρδιαναὶ βάλανοι, ἄς τινες λόπιμα ἢ καστανίας ἢ μότα ἡ Διὸς βαλάνους καλοῦσι, στύρουσι καὶ αὐταί, τῶν ὁμοίων τέ εἰσι δραστικαί, καὶ μάλιστα ὁ μεταξὺ τῆς σαρκὸς καὶ τοῦ λέπους φλοιός. ἡ δὲ σὰρξ καὶ",pending_llm_review,,
SNRC-00233,Dioscorides,DIOSC_DMM-1.106,DIOSC_DMM,trigger,heading_eta,\s[ἤἢη]\s,βαλανος,βάλανοι,δρυς,δρῦς,unreviewed," κοπέντα οἰδήμασι, καὶ τὰ ἄτονα δὲ μέρη κρατύνει. αἱ δὲ Σαρδιαναὶ βάλανοι, ἄς τινες λόπιμα ἢ καστανίας ἢ μότα ἡ Διὸς βαλάνους καλοῦσι, στύρουσι καὶ αὐταί, τῶν ὁμοίων τέ εἰσι δραστικαί, καὶ μάλιστα ὁ μεταξὺ τῆς σαρκὸς καὶ τοῦ λέπους φλοιός. ἡ δὲ σὰρξ καὶ",pending_llm_review,,
SNRC-00234,Dioscorides,DIOSC_DMM-1.106,DIOSC_DMM,trigger,heading_eta,\s[ἤἢη]\s,βαλανος,βάλανοι,εφημερον,ἐφήμερον,unreviewed," κοπέντα οἰδήμασι, καὶ τὰ ἄτονα δὲ μέρη κρατύνει. αἱ δὲ Σαρδιαναὶ βάλανοι, ἄς τινες λόπιμα ἢ καστανίας ἢ μότα ἡ Διὸς βαλάνους καλοῦσι, στύρουσι καὶ αὐταί, τῶν ὁμοίων τέ εἰσι δραστικαί, καὶ μάλιστα ὁ μεταξὺ τῆς σαρκὸς καὶ τοῦ λέπους φλοιός. ἡ δὲ σὰρξ καὶ",pending_llm_review,,
SNRC-00235,Dioscorides,DIOSC_DMM-1.106,DIOSC_DMM,trigger,heading_eta,\s[ἤἢη]\s,βαλανος,βάλανοι,καστανια,καστανίας,unreviewed," κοπέντα οἰδήμασι, καὶ τὰ ἄτονα δὲ μέρη κρατύνει. αἱ δὲ Σαρδιαναὶ βάλανοι, ἄς τινες λόπιμα ἢ καστανίας ἢ μότα ἡ Διὸς βαλάνους καλοῦσι, στύρουσι καὶ αὐταί, τῶν ὁμοίων τέ εἰσι δραστικαί, καὶ μάλιστα ὁ μεταξὺ τῆς σαρκὸς καὶ τοῦ λέπους φλοιός. ἡ δὲ σὰρξ καὶ",pending_llm_review,,
SNRC-00236,Dioscorides,DIOSC_DMM-1.106,DIOSC_DMM,trigger,heading_eta,\s[ἤἢη]\s,βαλανος,βάλανοι,κιμωλια γη,Κιμωλίᾳ γῇ,place_qualified_variant," κοπέντα οἰδήμασι, καὶ τὰ ἄτονα δὲ μέρη κρατύνει. αἱ δὲ Σαρδιαναὶ βάλανοι, ἄς τινες λόπιμα ἢ καστανίας ἢ μότα ἡ Διὸς βαλάνους καλοῦσι, στύρουσι καὶ αὐταί, τῶν ὁμοίων τέ εἰσι δραστικαί, καὶ μάλιστα ὁ μεταξὺ τῆς σαρκὸς καὶ τοῦ λέπους φλοιός. ἡ δὲ σὰρξ καὶ",pending_llm_review,,
SNRC-00237,Dioscorides,DIOSC_DMM-1.106,DIOSC_DMM,trigger,heading_eta,\s[ἤἢη]\s,βαλανος,βάλανοι,λοπιμα,λόπιμα,unreviewed," κοπέντα οἰδήμασι, καὶ τὰ ἄτονα δὲ μέρη κρατύνει. αἱ δὲ Σαρδιαναὶ βάλανοι, ἄς τινες λόπιμα ἢ καστανίας ἢ μότα ἡ Διὸς βαλάνους καλοῦσι, στύρουσι καὶ αὐταί, τῶν ὁμοίων τέ εἰσι δραστικαί, καὶ μάλιστα ὁ μεταξὺ τῆς σαρκὸς καὶ τοῦ λέπους φλοιός. ἡ δὲ σὰρξ καὶ",pending_llm_review,,
SNRC-00238,Dioscorides,DIOSC_DMM-1.106,DIOSC_DMM,trigger,heading_eta,\s[ἤἢη]\s,βαλανος,βάλανοι,μοτα,μότα,unreviewed," κοπέντα οἰδήμασι, καὶ τὰ ἄτονα δὲ μέρη κρατύνει. αἱ δὲ Σαρδιαναὶ βάλανοι, ἄς τινες λόπιμα ἢ καστανίας ἢ μότα ἡ Διὸς βαλάνους καλοῦσι, στύρουσι καὶ αὐταί, τῶν ὁμοίων τέ εἰσι δραστικαί, καὶ μάλιστα ὁ μεταξὺ τῆς σαρκὸς καὶ τοῦ λέπους φλοιός. ἡ δὲ σὰρξ καὶ",pending_llm_review,,
SNRC-00239,Dioscorides,DIOSC_DMM-1.106,DIOSC_DMM,trigger,heading_eta,\s[ἤἢη]\s,βαλανος,βάλανοι,πρινος,πρῖνος,unreviewed," κοπέντα οἰδήμασι, καὶ τὰ ἄτονα δὲ μέρη κρατύνει. αἱ δὲ Σαρδιαναὶ βάλανοι, ἄς τινες λόπιμα ἢ καστανίας ἢ μότα ἡ Διὸς βαλάνους καλοῦσι, στύρουσι καὶ αὐταί, τῶν ὁμοίων τέ εἰσι δραστικαί, καὶ μάλιστα ὁ μεταξὺ τῆς σαρκὸς καὶ τοῦ λέπους φλοιός. ἡ δὲ σὰρξ καὶ",pending_llm_review,,
SNRC-00240,Dioscorides,DIOSC_DMM-1.106,DIOSC_DMM,trigger,heading_eta,\s[ἤἢη]\s,βαλανος,βάλανοι,σαρδιανη βαλανος,Σαρδιαναὶ βάλανοι,variant," κοπέντα οἰδήμασι, καὶ τὰ ἄτονα δὲ μέρη κρατύνει. αἱ δὲ Σαρδιαναὶ βάλανοι, ἄς τινες λόπιμα ἢ καστανίας ἢ μότα ἡ Διὸς βαλάνους καλοῦσι, στύρουσι καὶ αὐταί, τῶν ὁμοίων τέ εἰσι δραστικαί, καὶ μάλιστα ὁ μεταξὺ τῆς σαρκὸς καὶ τοῦ λέπους φλοιός. ἡ δὲ σὰρξ καὶ",pending_llm_review,,
SNRC-00241,Dioscorides,DIOSC_DMM-1.107,DIOSC_DMM,trigger,heading_eta,\s[ἤἢη]\s,δρυς,δρυός,κηκις,κηκὶς,unreviewed,"δύνας, γίνονταί τε καὶ ἴσχαιμοι καεῖσαι ἐπʼ ἀνθράκων ἄχρι πυρώσεως καὶ κατασβεσθεῖσαι οἴνῳ ἢ ὄξει ἢ ὀξάλμῃ. 2 τὸ δὲ ἀπόζεμα αὐτῶν ποιεῖ εἰς ἐγκαθίσματα πρὸς προπτώσεις ὑστέρας καὶ ῥευματισμούς. μελαίνουσι δὲ καὶ τρίχας ἀποβραχεῖσαι ἐν ὄξει ἢ ὕδατι· ἁρμό",pending_llm_review,,
SNRC-00242,Dioscorides,DIOSC_DMM-1.107,DIOSC_DMM,trigger,heading_eta,\s[ἤἢη]\s,δρυς,δρυός,οινος,οἴνῳ,unreviewed,"δύνας, γίνονταί τε καὶ ἴσχαιμοι καεῖσαι ἐπʼ ἀνθράκων ἄχρι πυρώσεως καὶ κατασβεσθεῖσαι οἴνῳ ἢ ὄξει ἢ ὀξάλμῃ. 2 τὸ δὲ ἀπόζεμα αὐτῶν ποιεῖ εἰς ἐγκαθίσματα πρὸς προπτώσεις ὑστέρας καὶ ῥευματισμούς. μελαίνουσι δὲ καὶ τρίχας ἀποβραχεῖσαι ἐν ὄξει ἢ ὕδατι· ἁρμό",pending_llm_review,,
SNRC-00243,Dioscorides,DIOSC_DMM-1.107,DIOSC_DMM,trigger,heading_eta,\s[ἤἢη]\s,δρυς,δρυός,ομφακιτις,ὀμφακῖτιν,unreviewed,"δύνας, γίνονταί τε καὶ ἴσχαιμοι καεῖσαι ἐπʼ ἀνθράκων ἄχρι πυρώσεως καὶ κατασβεσθεῖσαι οἴνῳ ἢ ὄξει ἢ ὀξάλμῃ. 2 τὸ δὲ ἀπόζεμα αὐτῶν ποιεῖ εἰς ἐγκαθίσματα πρὸς προπτώσεις ὑστέρας καὶ ῥευματισμούς. μελαίνουσι δὲ καὶ τρίχας ἀποβραχεῖσαι ἐν ὄξει ἢ ὕδατι· ἁρμό",pending_llm_review,,
SNRC-00244,Dioscorides,DIOSC_DMM-1.107,DIOSC_DMM,trigger,heading_eta,\s[ἤἢη]\s,δρυς,δρυός,οξαλμη,ὀξάλμῃ,unreviewed,"δύνας, γίνονταί τε καὶ ἴσχαιμοι καεῖσαι ἐπʼ ἀνθράκων ἄχρι πυρώσεως καὶ κατασβεσθεῖσαι οἴνῳ ἢ ὄξει ἢ ὀξάλμῃ. 2 τὸ δὲ ἀπόζεμα αὐτῶν ποιεῖ εἰς ἐγκαθίσματα πρὸς προπτώσεις ὑστέρας καὶ ῥευματισμούς. μελαίνουσι δὲ καὶ τρίχας ἀποβραχεῖσαι ἐν ὄξει ἢ ὕδατι· ἁρμό",pending_llm_review,,
SNRC-00245,Dioscorides,DIOSC_DMM-1.107,DIOSC_DMM,trigger,heading_eta,\s[ἤἢη]\s,δρυς,δρυός,οξος,ὄξει,unreviewed,"δύνας, γίνονταί τε καὶ ἴσχαιμοι καεῖσαι ἐπʼ ἀνθράκων ἄχρι πυρώσεως καὶ κατασβεσθεῖσαι οἴνῳ ἢ ὄξει ἢ ὀξάλμῃ. 2 τὸ δὲ ἀπόζεμα αὐτῶν ποιεῖ εἰς ἐγκαθίσματα πρὸς προπτώσεις ὑστέρας καὶ ῥευματισμούς. μελαίνουσι δὲ καὶ τρίχας ἀποβραχεῖσαι ἐν ὄξει ἢ ὕδατι· ἁρμό",pending_llm_review,,
SNRC-00246,Dioscorides,DIOSC_DMM-1.107,DIOSC_DMM,trigger,heading_eta,\s[ἤἢη]\s,δρυς,δρυός,υδωρ,ὕδατι,unreviewed,"δύνας, γίνονταί τε καὶ ἴσχαιμοι καεῖσαι ἐπʼ ἀνθράκων ἄχρι πυρώσεως καὶ κατασβεσθεῖσαι οἴνῳ ἢ ὄξει ἢ ὀξάλμῃ. 2 τὸ δὲ ἀπόζεμα αὐτῶν ποιεῖ εἰς ἐγκαθίσματα πρὸς προπτώσεις ὑστέρας καὶ ῥευματισμούς. μελαίνουσι δὲ καὶ τρίχας ἀποβραχεῖσαι ἐν ὄξει ἢ ὕδατι· ἁρμό",pending_llm_review,,
SNRC-00247,Dioscorides,DIOSC_DMM-1.107,DIOSC_DMM,trigger,heading_eta,\s[ἤἢη]\s,δρυς,δρυός,καρπος δρυος,καρπὸς δρυός,unreviewed,"δύνας, γίνονταί τε καὶ ἴσχαιμοι καεῖσαι ἐπʼ ἀνθράκων ἄχρι πυρώσεως καὶ κατασβεσθεῖσαι οἴνῳ ἢ ὄξει ἢ ὀξάλμῃ. 2 τὸ δὲ ἀπόζεμα αὐτῶν ποιεῖ εἰς ἐγκαθίσματα πρὸς προπτώσεις ὑστέρας καὶ ῥευματισμούς. μελαίνουσι δὲ καὶ τρίχας ἀποβραχεῖσαι ἐν ὄξει ἢ ὕδατι· ἁρμό",pending_llm_review,,
SNRC-00248,Dioscorides,DIOSC_DMM-1.107,DIOSC_DMM,trigger,heading_eta,\s[ἤἢη]\s,κηκις,κηκὶς,οινος,οἴνῳ,unreviewed,"δύνας, γίνονταί τε καὶ ἴσχαιμοι καεῖσαι ἐπʼ ἀνθράκων ἄχρι πυρώσεως καὶ κατασβεσθεῖσαι οἴνῳ ἢ ὄξει ἢ ὀξάλμῃ. 2 τὸ δὲ ἀπόζεμα αὐτῶν ποιεῖ εἰς ἐγκαθίσματα πρὸς προπτώσεις ὑστέρας καὶ ῥευματισμούς. μελαίνουσι δὲ καὶ τρίχας ἀποβραχεῖσαι ἐν ὄξει ἢ ὕδατι· ἁρμό",pending_llm_review,,
SNRC-00249,Dioscorides,DIOSC_DMM-1.107,DIOSC_DMM,trigger,heading_eta,\s[ἤἢη]\s,κηκις,κηκὶς,ομφακιτις,ὀμφακῖτιν,unreviewed,"δύνας, γίνονταί τε καὶ ἴσχαιμοι καεῖσαι ἐπʼ ἀνθράκων ἄχρι πυρώσεως καὶ κατασβεσθεῖσαι οἴνῳ ἢ ὄξει ἢ ὀξάλμῃ. 2 τὸ δὲ ἀπόζεμα αὐτῶν ποιεῖ εἰς ἐγκαθίσματα πρὸς προπτώσεις ὑστέρας καὶ ῥευματισμούς. μελαίνουσι δὲ καὶ τρίχας ἀποβραχεῖσαι ἐν ὄξει ἢ ὕδατι· ἁρμό",pending_llm_review,,
SNRC-00250,Dioscorides,DIOSC_DMM-1.107,DIOSC_DMM,trigger,heading_eta,\s[ἤἢη]\s,κηκις,κηκὶς,οξαλμη,ὀξάλμῃ,unreviewed,"δύνας, γίνονταί τε καὶ ἴσχαιμοι καεῖσαι ἐπʼ ἀνθράκων ἄχρι πυρώσεως καὶ κατασβεσθεῖσαι οἴνῳ ἢ ὄξει ἢ ὀξάλμῃ. 2 τὸ δὲ ἀπόζεμα αὐτῶν ποιεῖ εἰς ἐγκαθίσματα πρὸς προπτώσεις ὑστέρας καὶ ῥευματισμούς. μελαίνουσι δὲ καὶ τρίχας ἀποβραχεῖσαι ἐν ὄξει ἢ ὕδατι· ἁρμό",pending_llm_review,,
SNRC-00251,Dioscorides,DIOSC_DMM-1.107,DIOSC_DMM,trigger,heading_eta,\s[ἤἢη]\s,κηκις,κηκὶς,οξος,ὄξει,unreviewed,"δύνας, γίνονταί τε καὶ ἴσχαιμοι καεῖσαι ἐπʼ ἀνθράκων ἄχρι πυρώσεως καὶ κατασβεσθεῖσαι οἴνῳ ἢ ὄξει ἢ ὀξάλμῃ. 2 τὸ δὲ ἀπόζεμα αὐτῶν ποιεῖ εἰς ἐγκαθίσματα πρὸς προπτώσεις ὑστέρας καὶ ῥευματισμούς. μελαίνουσι δὲ καὶ τρίχας ἀποβραχεῖσαι ἐν ὄξει ἢ ὕδατι· ἁρμό",pending_llm_review,,
SNRC-00252,Dioscorides,DIOSC_DMM-1.107,DIOSC_DMM,trigger,heading_eta,\s[ἤἢη]\s,κηκις,κηκὶς,υδωρ,ὕδατι,unreviewed,"δύνας, γίνονταί τε καὶ ἴσχαιμοι καεῖσαι ἐπʼ ἀνθράκων ἄχρι πυρώσεως καὶ κατασβεσθεῖσαι οἴνῳ ἢ ὄξει ἢ ὀξάλμῃ. 2 τὸ δὲ ἀπόζεμα αὐτῶν ποιεῖ εἰς ἐγκαθίσματα πρὸς προπτώσεις ὑστέρας καὶ ῥευματισμούς. μελαίνουσι δὲ καὶ τρίχας ἀποβραχεῖσαι ἐν ὄξει ἢ ὕδατι· ἁρμό",pending_llm_review,,
SNRC-00253,Dioscorides,DIOSC_DMM-1.108,DIOSC_DMM,trigger,heading_eta,\s[ἤἢη]\s,ακακια,ἀκακία,ανθραξ,ἄνθρακος,unreviewed,"υορροούντων ἔγκλυσμα, πτερύγιά τε καὶ φαγεδαίνας ἐπέχει καταπλασσόμενα τὰ φύλλα μετʼ ὄξους ἢ μέλιτος. καὶ τὸ χύλισμα δὲ τῶν φύλλων, ξηρῶν ἑψομένων σὺν ὕδατι ὥσπερ τὸ λύκιον ἄχρι μελιτώδους συστάσεως, ἁρμόζει πρὸς ὅσα καὶ τὸ λύκιον. καὶ ὁ καρπὸς 3 δὲ τὰ ",pending_llm_review,,
SNRC-00254,Dioscorides,DIOSC_DMM-1.108,DIOSC_DMM,trigger,heading_eta,\s[ἤἢη]\s,ακακια,ἀκακία,βυρσοδεψικη ρους,βυρσοδεψικῆς ῥοός,unreviewed,"υορροούντων ἔγκλυσμα, πτερύγιά τε καὶ φαγεδαίνας ἐπέχει καταπλασσόμενα τὰ φύλλα μετʼ ὄξους ἢ μέλιτος. καὶ τὸ χύλισμα δὲ τῶν φύλλων, ξηρῶν ἑψομένων σὺν ὕδατι ὥσπερ τὸ λύκιον ἄχρι μελιτώδους συστάσεως, ἁρμόζει πρὸς ὅσα καὶ τὸ λύκιον. καὶ ὁ καρπὸς 3 δὲ τὰ ",pending_llm_review,,
SNRC-00255,Dioscorides,DIOSC_DMM-1.108,DIOSC_DMM,trigger,heading_eta,\s[ἤἢη]\s,ακακια,ἀκακία,δρυινος ανθραξ,δρυίνου ἄνθρακος,unreviewed,"υορροούντων ἔγκλυσμα, πτερύγιά τε καὶ φαγεδαίνας ἐπέχει καταπλασσόμενα τὰ φύλλα μετʼ ὄξους ἢ μέλιτος. καὶ τὸ χύλισμα δὲ τῶν φύλλων, ξηρῶν ἑψομένων σὺν ὕδατι ὥσπερ τὸ λύκιον ἄχρι μελιτώδους συστάσεως, ἁρμόζει πρὸς ὅσα καὶ τὸ λύκιον. καὶ ὁ καρπὸς 3 δὲ τὰ ",pending_llm_review,,
SNRC-00256,Dioscorides,DIOSC_DMM-1.108,DIOSC_DMM,trigger,heading_eta,\s[ἤἢη]\s,ακακια,ἀκακία,λυκιον,λύκιον,unreviewed,"υορροούντων ἔγκλυσμα, πτερύγιά τε καὶ φαγεδαίνας ἐπέχει καταπλασσόμενα τὰ φύλλα μετʼ ὄξους ἢ μέλιτος. καὶ τὸ χύλισμα δὲ τῶν φύλλων, ξηρῶν ἑψομένων σὺν ὕδατι ὥσπερ τὸ λύκιον ἄχρι μελιτώδους συστάσεως, ἁρμόζει πρὸς ὅσα καὶ τὸ λύκιον. καὶ ὁ καρπὸς 3 δὲ τὰ ",pending_llm_review,,
SNRC-00257,Dioscorides,DIOSC_DMM-1.108,DIOSC_DMM,trigger,heading_eta,\s[ἤἢη]\s,ακακια,ἀκακία,μελι,μέλιτος,unreviewed,"υορροούντων ἔγκλυσμα, πτερύγιά τε καὶ φαγεδαίνας ἐπέχει καταπλασσόμενα τὰ φύλλα μετʼ ὄξους ἢ μέλιτος. καὶ τὸ χύλισμα δὲ τῶν φύλλων, ξηρῶν ἑψομένων σὺν ὕδατι ὥσπερ τὸ λύκιον ἄχρι μελιτώδους συστάσεως, ἁρμόζει πρὸς ὅσα καὶ τὸ λύκιον. καὶ ὁ καρπὸς 3 δὲ τὰ ",pending_llm_review,,
SNRC-00258,Dioscorides,DIOSC_DMM-1.108,DIOSC_DMM,trigger,heading_eta,\s[ἤἢη]\s,ακακια,ἀκακία,οξος,ὄξους,unreviewed,"υορροούντων ἔγκλυσμα, πτερύγιά τε καὶ φαγεδαίνας ἐπέχει καταπλασσόμενα τὰ φύλλα μετʼ ὄξους ἢ μέλιτος. καὶ τὸ χύλισμα δὲ τῶν φύλλων, ξηρῶν ἑψομένων σὺν ὕδατι ὥσπερ τὸ λύκιον ἄχρι μελιτώδους συστάσεως, ἁρμόζει πρὸς ὅσα καὶ τὸ λύκιον. καὶ ὁ καρπὸς 3 δὲ τὰ ",pending_llm_review,,
SNRC-00259,Dioscorides,DIOSC_DMM-1.108,DIOSC_DMM,trigger,heading_eta,\s[ἤἢη]\s,ακακια,ἀκακία,ρους,ῥοῦς,unreviewed,"υορροούντων ἔγκλυσμα, πτερύγιά τε καὶ φαγεδαίνας ἐπέχει καταπλασσόμενα τὰ φύλλα μετʼ ὄξους ἢ μέλιτος. καὶ τὸ χύλισμα δὲ τῶν φύλλων, ξηρῶν ἑψομένων σὺν ὕδατι ὥσπερ τὸ λύκιον ἄχρι μελιτώδους συστάσεως, ἁρμόζει πρὸς ὅσα καὶ τὸ λύκιον. καὶ ὁ καρπὸς 3 δὲ τὰ ",pending_llm_review,,
SNRC-00260,Dioscorides,DIOSC_DMM-1.108,DIOSC_DMM,trigger,heading_eta,\s[ἤἢη]\s,ακακια,ἀκακία,υδωρ,ὕδατι,unreviewed,"υορροούντων ἔγκλυσμα, πτερύγιά τε καὶ φαγεδαίνας ἐπέχει καταπλασσόμενα τὰ φύλλα μετʼ ὄξους ἢ μέλιτος. καὶ τὸ χύλισμα δὲ τῶν φύλλων, ξηρῶν ἑψομένων σὺν ὕδατι ὥσπερ τὸ λύκιον ἄχρι μελιτώδους συστάσεως, ἁρμόζει πρὸς ὅσα καὶ τὸ λύκιον. καὶ ὁ καρπὸς 3 δὲ τὰ ",pending_llm_review,,
SNRC-00261,Dioscorides,DIOSC_DMM-1.108,DIOSC_DMM,trigger,heading_eta,\s[ἤἢη]\s,ακακια,ἀκακία,καρπος,καρπός,unreviewed,"υορροούντων ἔγκλυσμα, πτερύγιά τε καὶ φαγεδαίνας ἐπέχει καταπλασσόμενα τὰ φύλλα μετʼ ὄξους ἢ μέλιτος. καὶ τὸ χύλισμα δὲ τῶν φύλλων, ξηρῶν ἑψομένων σὺν ὕδατι ὥσπερ τὸ λύκιον ἄχρι μελιτώδους συστάσεως, ἁρμόζει πρὸς ὅσα καὶ τὸ λύκιον. καὶ ὁ καρπὸς 3 δὲ τὰ ",pending_llm_review,,
SNRC-00262,Dioscorides,DIOSC_DMM-1.108,DIOSC_DMM,trigger,heading_eta,\s[ἤἢη]\s,ακακια,ἀκακία,κομμι,κόμμι,unreviewed,"υορροούντων ἔγκλυσμα, πτερύγιά τε καὶ φαγεδαίνας ἐπέχει καταπλασσόμενα τὰ φύλλα μετʼ ὄξους ἢ μέλιτος. καὶ τὸ χύλισμα δὲ τῶν φύλλων, ξηρῶν ἑψομένων σὺν ὕδατι ὥσπερ τὸ λύκιον ἄχρι μελιτώδους συστάσεως, ἁρμόζει πρὸς ὅσα καὶ τὸ λύκιον. καὶ ὁ καρπὸς 3 δὲ τὰ ",pending_llm_review,,
SNRC-00263,Dioscorides,DIOSC_DMM-1.108,DIOSC_DMM,trigger,heading_eta,\s[ἤἢη]\s,ακακια,ἀκακία,φυλλα,φύλλα,unreviewed,"υορροούντων ἔγκλυσμα, πτερύγιά τε καὶ φαγεδαίνας ἐπέχει καταπλασσόμενα τὰ φύλλα μετʼ ὄξους ἢ μέλιτος. καὶ τὸ χύλισμα δὲ τῶν φύλλων, ξηρῶν ἑψομένων σὺν ὕδατι ὥσπερ τὸ λύκιον ἄχρι μελιτώδους συστάσεως, ἁρμόζει πρὸς ὅσα καὶ τὸ λύκιον. καὶ ὁ καρπὸς 3 δὲ τὰ ",pending_llm_review,,
SNRC-00264,Dioscorides,DIOSC_DMM-1.108,DIOSC_DMM,trigger,heading_eta,\s[ἤἢη]\s,ανθραξ,ἄνθρακος,βυρσοδεψικη ρους,βυρσοδεψικῆς ῥοός,unreviewed,"υορροούντων ἔγκλυσμα, πτερύγιά τε καὶ φαγεδαίνας ἐπέχει καταπλασσόμενα τὰ φύλλα μετʼ ὄξους ἢ μέλιτος. καὶ τὸ χύλισμα δὲ τῶν φύλλων, ξηρῶν ἑψομένων σὺν ὕδατι ὥσπερ τὸ λύκιον ἄχρι μελιτώδους συστάσεως, ἁρμόζει πρὸς ὅσα καὶ τὸ λύκιον. καὶ ὁ καρπὸς 3 δὲ τὰ ",pending_llm_review,,
SNRC-00265,Dioscorides,DIOSC_DMM-1.109,DIOSC_DMM,trigger,heading_eta,\s[ἤἢη]\s,αραβικη μυροβαλανος,Ἀραβικῇ μυροβαλάνῳ,βορασσος,βόρασσος,place_qualified_variant,"ὐθετοῦσι δὲ μάλιστα οἱ ἀπ᾿ Αἰγύπτου οἱ ἐκ τῶν χαμαιζήλων φοινίκων. φοῖνιξ, ὃν ἔνιοι ἐλάτην ἢ σπάθην καλοῦσι, περικάλυμμά 4 ἐστι τοῦ καρποῦ τῶν φοινίκων ἀκμὴν ἀνθούντων χρῶνται δὲ αὐτῷ οἱ μυρεψοὶ εἰς τὰς τῶν μύρων στύψεις. ἔστι δὲ αὐτῆς κρατίστη ἡ εὐώδης",pending_llm_review,,
SNRC-00266,Dioscorides,DIOSC_DMM-1.109,DIOSC_DMM,trigger,heading_eta,\s[ἤἢη]\s,αραβικη μυροβαλανος,Ἀραβικῇ μυροβαλάνῳ,ελατη,ἐλάτη,place_qualified_variant,"ὐθετοῦσι δὲ μάλιστα οἱ ἀπ᾿ Αἰγύπτου οἱ ἐκ τῶν χαμαιζήλων φοινίκων. φοῖνιξ, ὃν ἔνιοι ἐλάτην ἢ σπάθην καλοῦσι, περικάλυμμά 4 ἐστι τοῦ καρποῦ τῶν φοινίκων ἀκμὴν ἀνθούντων χρῶνται δὲ αὐτῷ οἱ μυρεψοὶ εἰς τὰς τῶν μύρων στύψεις. ἔστι δὲ αὐτῆς κρατίστη ἡ εὐώδης",pending_llm_review,,
SNRC-00267,Dioscorides,DIOSC_DMM-1.109,DIOSC_DMM,trigger,heading_eta,\s[ἤἢη]\s,αραβικη μυροβαλανος,Ἀραβικῇ μυροβαλάνῳ,καρυωτις,καρυὼτιδες,place_qualified_variant,"ὐθετοῦσι δὲ μάλιστα οἱ ἀπ᾿ Αἰγύπτου οἱ ἐκ τῶν χαμαιζήλων φοινίκων. φοῖνιξ, ὃν ἔνιοι ἐλάτην ἢ σπάθην καλοῦσι, περικάλυμμά 4 ἐστι τοῦ καρποῦ τῶν φοινίκων ἀκμὴν ἀνθούντων χρῶνται δὲ αὐτῷ οἱ μυρεψοὶ εἰς τὰς τῶν μύρων στύψεις. ἔστι δὲ αὐτῆς κρατίστη ἡ εὐώδης",pending_llm_review,,
SNRC-00268,Dioscorides,DIOSC_DMM-1.109,DIOSC_DMM,trigger,heading_eta,\s[ἤἢη]\s,αραβικη μυροβαλανος,Ἀραβικῇ μυροβαλάνῳ,κηρος,κηρῷ,place_qualified_variant,"ὐθετοῦσι δὲ μάλιστα οἱ ἀπ᾿ Αἰγύπτου οἱ ἐκ τῶν χαμαιζήλων φοινίκων. φοῖνιξ, ὃν ἔνιοι ἐλάτην ἢ σπάθην καλοῦσι, περικάλυμμά 4 ἐστι τοῦ καρποῦ τῶν φοινίκων ἀκμὴν ἀνθούντων χρῶνται δὲ αὐτῷ οἱ μυρεψοὶ εἰς τὰς τῶν μύρων στύψεις. ἔστι δὲ αὐτῆς κρατίστη ἡ εὐώδης",pending_llm_review,,
SNRC-00269,Dioscorides,DIOSC_DMM-1.109,DIOSC_DMM,trigger,heading_eta,\s[ἤἢη]\s,αραβικη μυροβαλανος,Ἀραβικῇ μυροβαλάνῳ,κυδωνιον,κυδωνίου,place_qualified_variant,"ὐθετοῦσι δὲ μάλιστα οἱ ἀπ᾿ Αἰγύπτου οἱ ἐκ τῶν χαμαιζήλων φοινίκων. φοῖνιξ, ὃν ἔνιοι ἐλάτην ἢ σπάθην καλοῦσι, περικάλυμμά 4 ἐστι τοῦ καρποῦ τῶν φοινίκων ἀκμὴν ἀνθούντων χρῶνται δὲ αὐτῷ οἱ μυρεψοὶ εἰς τὰς τῶν μύρων στύψεις. ἔστι δὲ αὐτῆς κρατίστη ἡ εὐώδης",pending_llm_review,,
SNRC-00270,Dioscorides,DIOSC_DMM-1.109,DIOSC_DMM,trigger,heading_eta,\s[ἤἢη]\s,αραβικη μυροβαλανος,Ἀραβικῇ μυροβαλάνῳ,μυροβαλανος,μυροβαλάνῳ,variant,"ὐθετοῦσι δὲ μάλιστα οἱ ἀπ᾿ Αἰγύπτου οἱ ἐκ τῶν χαμαιζήλων φοινίκων. φοῖνιξ, ὃν ἔνιοι ἐλάτην ἢ σπάθην καλοῦσι, περικάλυμμά 4 ἐστι τοῦ καρποῦ τῶν φοινίκων ἀκμὴν ἀνθούντων χρῶνται δὲ αὐτῷ οἱ μυρεψοὶ εἰς τὰς τῶν μύρων στύψεις. ἔστι δὲ αὐτῆς κρατίστη ἡ εὐώδης",pending_llm_review,,
SNRC-00271,Dioscorides,DIOSC_DMM-1.109,DIOSC_DMM,trigger,heading_eta,\s[ἤἢη]\s,αραβικη μυροβαλανος,Ἀραβικῇ μυροβαλάνῳ,μυρον,μύρων,place_qualified_variant,"ὐθετοῦσι δὲ μάλιστα οἱ ἀπ᾿ Αἰγύπτου οἱ ἐκ τῶν χαμαιζήλων φοινίκων. φοῖνιξ, ὃν ἔνιοι ἐλάτην ἢ σπάθην καλοῦσι, περικάλυμμά 4 ἐστι τοῦ καρποῦ τῶν φοινίκων ἀκμὴν ἀνθούντων χρῶνται δὲ αὐτῷ οἱ μυρεψοὶ εἰς τὰς τῶν μύρων στύψεις. ἔστι δὲ αὐτῆς κρατίστη ἡ εὐώδης",pending_llm_review,,
SNRC-00272,Dioscorides,DIOSC_DMM-1.109,DIOSC_DMM,trigger,heading_eta,\s[ἤἢη]\s,αραβικη μυροβαλανος,Ἀραβικῇ μυροβαλάνῳ,ναρδος,νάρδῳ,place_qualified_variant,"ὐθετοῦσι δὲ μάλιστα οἱ ἀπ᾿ Αἰγύπτου οἱ ἐκ τῶν χαμαιζήλων φοινίκων. φοῖνιξ, ὃν ἔνιοι ἐλάτην ἢ σπάθην καλοῦσι, περικάλυμμά 4 ἐστι τοῦ καρποῦ τῶν φοινίκων ἀκμὴν ἀνθούντων χρῶνται δὲ αὐτῷ οἱ μυρεψοὶ εἰς τὰς τῶν μύρων στύψεις. ἔστι δὲ αὐτῆς κρατίστη ἡ εὐώδης",pending_llm_review,,
SNRC-00273,Dioscorides,DIOSC_DMM-1.109,DIOSC_DMM,trigger,heading_eta,\s[ἤἢη]\s,αραβικη μυροβαλανος,Ἀραβικῇ μυροβαλάνῳ,οινος,οἶνος,place_qualified_variant,"ὐθετοῦσι δὲ μάλιστα οἱ ἀπ᾿ Αἰγύπτου οἱ ἐκ τῶν χαμαιζήλων φοινίκων. φοῖνιξ, ὃν ἔνιοι ἐλάτην ἢ σπάθην καλοῦσι, περικάλυμμά 4 ἐστι τοῦ καρποῦ τῶν φοινίκων ἀκμὴν ἀνθούντων χρῶνται δὲ αὐτῷ οἱ μυρεψοὶ εἰς τὰς τῶν μύρων στύψεις. ἔστι δὲ αὐτῆς κρατίστη ἡ εὐώδης",pending_llm_review,,
SNRC-00274,Dioscorides,DIOSC_DMM-1.109,DIOSC_DMM,trigger,heading_eta,\s[ἤἢη]\s,αραβικη μυροβαλανος,Ἀραβικῇ μυροβαλάνῳ,οινος αυστηρος,οἴνῳ αὐστηρῷ,place_qualified_variant,"ὐθετοῦσι δὲ μάλιστα οἱ ἀπ᾿ Αἰγύπτου οἱ ἐκ τῶν χαμαιζήλων φοινίκων. φοῖνιξ, ὃν ἔνιοι ἐλάτην ἢ σπάθην καλοῦσι, περικάλυμμά 4 ἐστι τοῦ καρποῦ τῶν φοινίκων ἀκμὴν ἀνθούντων χρῶνται δὲ αὐτῷ οἱ μυρεψοὶ εἰς τὰς τῶν μύρων στύψεις. ἔστι δὲ αὐτῆς κρατίστη ἡ εὐώδης",pending_llm_review,,
SNRC-00275,Dioscorides,DIOSC_DMM-1.109,DIOSC_DMM,trigger,heading_eta,\s[ἤἢη]\s,αραβικη μυροβαλανος,Ἀραβικῇ μυροβαλάνῳ,πτωμα,πτῶμα,place_qualified_variant,"ὐθετοῦσι δὲ μάλιστα οἱ ἀπ᾿ Αἰγύπτου οἱ ἐκ τῶν χαμαιζήλων φοινίκων. φοῖνιξ, ὃν ἔνιοι ἐλάτην ἢ σπάθην καλοῦσι, περικάλυμμά 4 ἐστι τοῦ καρποῦ τῶν φοινίκων ἀκμὴν ἀνθούντων χρῶνται δὲ αὐτῷ οἱ μυρεψοὶ εἰς τὰς τῶν μύρων στύψεις. ἔστι δὲ αὐτῆς κρατίστη ἡ εὐώδης",pending_llm_review,,
SNRC-00276,Dioscorides,DIOSC_DMM-1.109,DIOSC_DMM,trigger,heading_eta,\s[ἤἢη]\s,αραβικη μυροβαλανος,Ἀραβικῇ μυροβαλάνῳ,ρητινη,ῥητίνῃ,place_qualified_variant,"ὐθετοῦσι δὲ μάλιστα οἱ ἀπ᾿ Αἰγύπτου οἱ ἐκ τῶν χαμαιζήλων φοινίκων. φοῖνιξ, ὃν ἔνιοι ἐλάτην ἢ σπάθην καλοῦσι, περικάλυμμά 4 ἐστι τοῦ καρποῦ τῶν φοινίκων ἀκμὴν ἀνθούντων χρῶνται δὲ αὐτῷ οἱ μυρεψοὶ εἰς τὰς τῶν μύρων στύψεις. ἔστι δὲ αὐτῆς κρατίστη ἡ εὐώδης",pending_llm_review,,
SNRC-00277,Dioscorides,DIOSC_DMM-1.11,DIOSC_DMM,trigger,heading_eta,\s[ἤἢη]\s,ελαφοβοσκος,ἐλαφοβόσκῳ,ελλεβορος,ἐλλέβορος,unreviewed,"φοῦ, οἱ δὲ καὶ τοῦτο ἀγρίαν νάρδον καλοῦσι· γεννᾶται μὲν ἐν Πόντῳ, φύλλα δὲ ἐλαφοβόσκῳ ἢ ἱπποσελίνῳ παραπλήσια ἔχει, καυλὸν πηχυαῖον ἢ μείζω, λεῖον, τρυφερόν, ἐμπόρφυρον, μεσόκοιλον, διειλημμένον γόνασιν, ἄνθη πρὸς τὰ τοῦ ναρκίσσου, μείζονα δὲ καὶ ἐ",pending_llm_review,,
SNRC-00278,Dioscorides,DIOSC_DMM-1.11,DIOSC_DMM,trigger,heading_eta,\s[ἤἢη]\s,ελαφοβοσκος,ἐλαφοβόσκῳ,εμμηνα,ἔμμηνά,unreviewed,"φοῦ, οἱ δὲ καὶ τοῦτο ἀγρίαν νάρδον καλοῦσι· γεννᾶται μὲν ἐν Πόντῳ, φύλλα δὲ ἐλαφοβόσκῳ ἢ ἱπποσελίνῳ παραπλήσια ἔχει, καυλὸν πηχυαῖον ἢ μείζω, λεῖον, τρυφερόν, ἐμπόρφυρον, μεσόκοιλον, διειλημμένον γόνασιν, ἄνθη πρὸς τὰ τοῦ ναρκίσσου, μείζονα δὲ καὶ ἐ",pending_llm_review,,
SNRC-00279,Dioscorides,DIOSC_DMM-1.11,DIOSC_DMM,trigger,heading_eta,\s[ἤἢη]\s,ελαφοβοσκος,ἐλαφοβόσκῳ,ιπποσελινον,ἱπποσελίνῳ,unreviewed,"φοῦ, οἱ δὲ καὶ τοῦτο ἀγρίαν νάρδον καλοῦσι· γεννᾶται μὲν ἐν Πόντῳ, φύλλα δὲ ἐλαφοβόσκῳ ἢ ἱπποσελίνῳ παραπλήσια ἔχει, καυλὸν πηχυαῖον ἢ μείζω, λεῖον, τρυφερόν, ἐμπόρφυρον, μεσόκοιλον, διειλημμένον γόνασιν, ἄνθη πρὸς τὰ τοῦ ναρκίσσου, μείζονα δὲ καὶ ἐ",pending_llm_review,,
SNRC-00280,Dioscorides,DIOSC_DMM-1.11,DIOSC_DMM,trigger,heading_eta,\s[ἤἢη]\s,ελαφοβοσκος,ἐλαφοβόσκῳ,μελας ελλεβορος,μέλας ἐλλέβορος,unreviewed,"φοῦ, οἱ δὲ καὶ τοῦτο ἀγρίαν νάρδον καλοῦσι· γεννᾶται μὲν ἐν Πόντῳ, φύλλα δὲ ἐλαφοβόσκῳ ἢ ἱπποσελίνῳ παραπλήσια ἔχει, καυλὸν πηχυαῖον ἢ μείζω, λεῖον, τρυφερόν, ἐμπόρφυρον, μεσόκοιλον, διειλημμένον γόνασιν, ἄνθη πρὸς τὰ τοῦ ναρκίσσου, μείζονα δὲ καὶ ἐ",pending_llm_review,,
SNRC-00281,Dioscorides,DIOSC_DMM-1.11,DIOSC_DMM,trigger,heading_eta,\s[ἤἢη]\s,ελαφοβοσκος,ἐλαφοβόσκῳ,ναρκισσος,ναρκίσσου,unreviewed,"φοῦ, οἱ δὲ καὶ τοῦτο ἀγρίαν νάρδον καλοῦσι· γεννᾶται μὲν ἐν Πόντῳ, φύλλα δὲ ἐλαφοβόσκῳ ἢ ἱπποσελίνῳ παραπλήσια ἔχει, καυλὸν πηχυαῖον ἢ μείζω, λεῖον, τρυφερόν, ἐμπόρφυρον, μεσόκοιλον, διειλημμένον γόνασιν, ἄνθη πρὸς τὰ τοῦ ναρκίσσου, μείζονα δὲ καὶ ἐ",pending_llm_review,,
SNRC-00282,Dioscorides,DIOSC_DMM-1.11,DIOSC_DMM,trigger,heading_eta,\s[ἤἢη]\s,ελαφοβοσκος,ἐλαφοβόσκῳ,ναρδος,νάρδον,place_qualified_variant,"φοῦ, οἱ δὲ καὶ τοῦτο ἀγρίαν νάρδον καλοῦσι· γεννᾶται μὲν ἐν Πόντῳ, φύλλα δὲ ἐλαφοβόσκῳ ἢ ἱπποσελίνῳ παραπλήσια ἔχει, καυλὸν πηχυαῖον ἢ μείζω, λεῖον, τρυφερόν, ἐμπόρφυρον, μεσόκοιλον, διειλημμένον γόνασιν, ἄνθη πρὸς τὰ τοῦ ναρκίσσου, μείζονα δὲ καὶ ἐ",pending_llm_review,,
SNRC-00283,Dioscorides,DIOSC_DMM-1.11,DIOSC_DMM,trigger,heading_eta,\s[ἤἢη]\s,ελαφοβοσκος,ἐλαφοβόσκῳ,ναρδος αγρια,ἀγρίαν νάρδον,place_qualified_variant,"φοῦ, οἱ δὲ καὶ τοῦτο ἀγρίαν νάρδον καλοῦσι· γεννᾶται μὲν ἐν Πόντῳ, φύλλα δὲ ἐλαφοβόσκῳ ἢ ἱπποσελίνῳ παραπλήσια ἔχει, καυλὸν πηχυαῖον ἢ μείζω, λεῖον, τρυφερόν, ἐμπόρφυρον, μεσόκοιλον, διειλημμένον γόνασιν, ἄνθη πρὸς τὰ τοῦ ναρκίσσου, μείζονα δὲ καὶ ἐ",pending_llm_review,,
SNRC-00284,Dioscorides,DIOSC_DMM-1.11,DIOSC_DMM,trigger,heading_eta,\s[ἤἢη]\s,ελαφοβοσκος,ἐλαφοβόσκῳ,οξυμυρσινη,ὀξυμυρσίνης,unreviewed,"φοῦ, οἱ δὲ καὶ τοῦτο ἀγρίαν νάρδον καλοῦσι· γεννᾶται μὲν ἐν Πόντῳ, φύλλα δὲ ἐλαφοβόσκῳ ἢ ἱπποσελίνῳ παραπλήσια ἔχει, καυλὸν πηχυαῖον ἢ μείζω, λεῖον, τρυφερόν, ἐμπόρφυρον, μεσόκοιλον, διειλημμένον γόνασιν, ἄνθη πρὸς τὰ τοῦ ναρκίσσου, μείζονα δὲ καὶ ἐ",pending_llm_review,,
SNRC-00285,Dioscorides,DIOSC_DMM-1.11,DIOSC_DMM,trigger,heading_eta,\s[ἤἢη]\s,ελαφοβοσκος,ἐλαφοβόσκῳ,ουρον,οὖρα,unreviewed,"φοῦ, οἱ δὲ καὶ τοῦτο ἀγρίαν νάρδον καλοῦσι· γεννᾶται μὲν ἐν Πόντῳ, φύλλα δὲ ἐλαφοβόσκῳ ἢ ἱπποσελίνῳ παραπλήσια ἔχει, καυλὸν πηχυαῖον ἢ μείζω, λεῖον, τρυφερόν, ἐμπόρφυρον, μεσόκοιλον, διειλημμένον γόνασιν, ἄνθη πρὸς τὰ τοῦ ναρκίσσου, μείζονα δὲ καὶ ἐ",pending_llm_review,,
SNRC-00286,Dioscorides,DIOSC_DMM-1.11,DIOSC_DMM,trigger,heading_eta,\s[ἤἢη]\s,ελαφοβοσκος,ἐλαφοβόσκῳ,φου,φοῦ,place_qualified_variant,"φοῦ, οἱ δὲ καὶ τοῦτο ἀγρίαν νάρδον καλοῦσι· γεννᾶται μὲν ἐν Πόντῳ, φύλλα δὲ ἐλαφοβόσκῳ ἢ ἱπποσελίνῳ παραπλήσια ἔχει, καυλὸν πηχυαῖον ἢ μείζω, λεῖον, τρυφερόν, ἐμπόρφυρον, μεσόκοιλον, διειλημμένον γόνασιν, ἄνθη πρὸς τὰ τοῦ ναρκίσσου, μείζονα δὲ καὶ ἐ",pending_llm_review,,
SNRC-00287,Dioscorides,DIOSC_DMM-1.11,DIOSC_DMM,trigger,heading_eta,\s[ἤἢη]\s,ελαφοβοσκος,ἐλαφοβόσκῳ,σχοινος,σχοῖνος,unreviewed,"φοῦ, οἱ δὲ καὶ τοῦτο ἀγρίαν νάρδον καλοῦσι· γεννᾶται μὲν ἐν Πόντῳ, φύλλα δὲ ἐλαφοβόσκῳ ἢ ἱπποσελίνῳ παραπλήσια ἔχει, καυλὸν πηχυαῖον ἢ μείζω, λεῖον, τρυφερόν, ἐμπόρφυρον, μεσόκοιλον, διειλημμένον γόνασιν, ἄνθη πρὸς τὰ τοῦ ναρκίσσου, μείζονα δὲ καὶ ἐ",pending_llm_review,,
SNRC-00288,Dioscorides,DIOSC_DMM-1.11,DIOSC_DMM,trigger,heading_eta,\s[ἤἢη]\s,ελαφοβοσκος,ἐλαφοβόσκῳ,ανθη,ἄνθη,unreviewed,"φοῦ, οἱ δὲ καὶ τοῦτο ἀγρίαν νάρδον καλοῦσι· γεννᾶται μὲν ἐν Πόντῳ, φύλλα δὲ ἐλαφοβόσκῳ ἢ ἱπποσελίνῳ παραπλήσια ἔχει, καυλὸν πηχυαῖον ἢ μείζω, λεῖον, τρυφερόν, ἐμπόρφυρον, μεσόκοιλον, διειλημμένον γόνασιν, ἄνθη πρὸς τὰ τοῦ ναρκίσσου, μείζονα δὲ καὶ ἐ",pending_llm_review,,
SNRC-00289,Dioscorides,DIOSC_DMM-1.110,DIOSC_DMM,trigger,body_kaleitai,καλε[ῖι]ται|καλο[ῦυ]σι|καλο[ύυ]μεν,γλυκειος,γλυκεῖα,μελι,μέλιτι,unreviewed,"ς ὡς ὅτι ἐλαχίστους. χυλίζονται δὲ ὡς ἡ ὑποκιστίς. καὶ τὰ λέπη δὲ τῆς ῥόας, ἅ τινες σίδια καλοῦσι, στυπτικὴν ἔχοντα καὶ αὐτὰ τὴν δύναμιν, πρὸς ὅσα καὶ οἱ κύτινοι ἁρμόζει. τὸ δὲ ἀφέψημα τῶν ῥιζῶν ἕλμεις τὰς πλατείας ποθὲν ἐκτινάσσει καὶ ἀποκτείνει.",pending_llm_review,,
SNRC-00290,Dioscorides,DIOSC_DMM-1.110,DIOSC_DMM,trigger,body_kaleitai,καλε[ῖι]ται|καλο[ῦυ]σι|καλο[ύυ]μεν,γλυκειος,γλυκεῖα,οινωδης,οἰνώδης,unreviewed,"ς ὡς ὅτι ἐλαχίστους. χυλίζονται δὲ ὡς ἡ ὑποκιστίς. καὶ τὰ λέπη δὲ τῆς ῥόας, ἅ τινες σίδια καλοῦσι, στυπτικὴν ἔχοντα καὶ αὐτὰ τὴν δύναμιν, πρὸς ὅσα καὶ οἱ κύτινοι ἁρμόζει. τὸ δὲ ἀφέψημα τῶν ῥιζῶν ἕλμεις τὰς πλατείας ποθὲν ἐκτινάσσει καὶ ἀποκτείνει.",pending_llm_review,,
SNRC-00291,Dioscorides,DIOSC_DMM-1.110,DIOSC_DMM,trigger,body_kaleitai,καλε[ῖι]ται|καλο[ῦυ]σι|καλο[ύυ]μεν,γλυκειος,γλυκεῖα,οξυς,ὀξεῖα,unreviewed,"ς ὡς ὅτι ἐλαχίστους. χυλίζονται δὲ ὡς ἡ ὑποκιστίς. καὶ τὰ λέπη δὲ τῆς ῥόας, ἅ τινες σίδια καλοῦσι, στυπτικὴν ἔχοντα καὶ αὐτὰ τὴν δύναμιν, πρὸς ὅσα καὶ οἱ κύτινοι ἁρμόζει. τὸ δὲ ἀφέψημα τῶν ῥιζῶν ἕλμεις τὰς πλατείας ποθὲν ἐκτινάσσει καὶ ἀποκτείνει.",pending_llm_review,,
SNRC-00292,Dioscorides,DIOSC_DMM-1.110,DIOSC_DMM,trigger,body_kaleitai,καλε[ῖι]ται|καλο[ῦυ]σι|καλο[ύυ]μεν,γλυκειος,γλυκεῖα,ροα,ῥόα,unreviewed,"ς ὡς ὅτι ἐλαχίστους. χυλίζονται δὲ ὡς ἡ ὑποκιστίς. καὶ τὰ λέπη δὲ τῆς ῥόας, ἅ τινες σίδια καλοῦσι, στυπτικὴν ἔχοντα καὶ αὐτὰ τὴν δύναμιν, πρὸς ὅσα καὶ οἱ κύτινοι ἁρμόζει. τὸ δὲ ἀφέψημα τῶν ῥιζῶν ἕλμεις τὰς πλατείας ποθὲν ἐκτινάσσει καὶ ἀποκτείνει.",pending_llm_review,,
SNRC-00293,Dioscorides,DIOSC_DMM-1.110,DIOSC_DMM,trigger,body_kaleitai,καλε[ῖι]ται|καλο[ῦυ]σι|καλο[ύυ]μεν,γλυκειος,γλυκεῖα,υδωρ,ὕδατι,unreviewed,"ς ὡς ὅτι ἐλαχίστους. χυλίζονται δὲ ὡς ἡ ὑποκιστίς. καὶ τὰ λέπη δὲ τῆς ῥόας, ἅ τινες σίδια καλοῦσι, στυπτικὴν ἔχοντα καὶ αὐτὰ τὴν δύναμιν, πρὸς ὅσα καὶ οἱ κύτινοι ἁρμόζει. τὸ δὲ ἀφέψημα τῶν ῥιζῶν ἕλμεις τὰς πλατείας ποθὲν ἐκτινάσσει καὶ ἀποκτείνει.",pending_llm_review,,
SNRC-00294,Dioscorides,DIOSC_DMM-1.110,DIOSC_DMM,trigger,body_kaleitai,καλε[ῖι]ται|καλο[ῦυ]σι|καλο[ύυ]μεν,γλυκειος,γλυκεῖα,υδωρ ομβριον,ὀμβρίῳ ὕδατι,unreviewed,"ς ὡς ὅτι ἐλαχίστους. χυλίζονται δὲ ὡς ἡ ὑποκιστίς. καὶ τὰ λέπη δὲ τῆς ῥόας, ἅ τινες σίδια καλοῦσι, στυπτικὴν ἔχοντα καὶ αὐτὰ τὴν δύναμιν, πρὸς ὅσα καὶ οἱ κύτινοι ἁρμόζει. τὸ δὲ ἀφέψημα τῶν ῥιζῶν ἕλμεις τὰς πλατείας ποθὲν ἐκτινάσσει καὶ ἀποκτείνει.",pending_llm_review,,
SNRC-00295,Dioscorides,DIOSC_DMM-1.110,DIOSC_DMM,trigger,body_kaleitai,καλε[ῖι]ται|καλο[ῦυ]σι|καλο[ύυ]μεν,γλυκειος,γλυκεῖα,ανθη,ἄνθη,unreviewed,"ς ὡς ὅτι ἐλαχίστους. χυλίζονται δὲ ὡς ἡ ὑποκιστίς. καὶ τὰ λέπη δὲ τῆς ῥόας, ἅ τινες σίδια καλοῦσι, στυπτικὴν ἔχοντα καὶ αὐτὰ τὴν δύναμιν, πρὸς ὅσα καὶ οἱ κύτινοι ἁρμόζει. τὸ δὲ ἀφέψημα τῶν ῥιζῶν ἕλμεις τὰς πλατείας ποθὲν ἐκτινάσσει καὶ ἀποκτείνει.",pending_llm_review,,
SNRC-00296,Dioscorides,DIOSC_DMM-1.110,DIOSC_DMM,trigger,body_kaleitai,καλε[ῖι]ται|καλο[ῦυ]σι|καλο[ύυ]μεν,γλυκειος,γλυκεῖα,κυτινοι,κύτινοι,unreviewed,"ς ὡς ὅτι ἐλαχίστους. χυλίζονται δὲ ὡς ἡ ὑποκιστίς. καὶ τὰ λέπη δὲ τῆς ῥόας, ἅ τινες σίδια καλοῦσι, στυπτικὴν ἔχοντα καὶ αὐτὰ τὴν δύναμιν, πρὸς ὅσα καὶ οἱ κύτινοι ἁρμόζει. τὸ δὲ ἀφέψημα τῶν ῥιζῶν ἕλμεις τὰς πλατείας ποθὲν ἐκτινάσσει καὶ ἀποκτείνει.",pending_llm_review,,
SNRC-00297,Dioscorides,DIOSC_DMM-1.110,DIOSC_DMM,trigger,body_kaleitai,καλε[ῖι]ται|καλο[ῦυ]σι|καλο[ύυ]μεν,γλυκειος,γλυκεῖα,λεπη,λέπη,unreviewed,"ς ὡς ὅτι ἐλαχίστους. χυλίζονται δὲ ὡς ἡ ὑποκιστίς. καὶ τὰ λέπη δὲ τῆς ῥόας, ἅ τινες σίδια καλοῦσι, στυπτικὴν ἔχοντα καὶ αὐτὰ τὴν δύναμιν, πρὸς ὅσα καὶ οἱ κύτινοι ἁρμόζει. τὸ δὲ ἀφέψημα τῶν ῥιζῶν ἕλμεις τὰς πλατείας ποθὲν ἐκτινάσσει καὶ ἀποκτείνει.",pending_llm_review,,
SNRC-00298,Dioscorides,DIOSC_DMM-1.110,DIOSC_DMM,trigger,body_kaleitai,καλε[ῖι]ται|καλο[ῦυ]σι|καλο[ύυ]μεν,γλυκειος,γλυκεῖα,πυρην,πυρὴν,unreviewed,"ς ὡς ὅτι ἐλαχίστους. χυλίζονται δὲ ὡς ἡ ὑποκιστίς. καὶ τὰ λέπη δὲ τῆς ῥόας, ἅ τινες σίδια καλοῦσι, στυπτικὴν ἔχοντα καὶ αὐτὰ τὴν δύναμιν, πρὸς ὅσα καὶ οἱ κύτινοι ἁρμόζει. τὸ δὲ ἀφέψημα τῶν ῥιζῶν ἕλμεις τὰς πλατείας ποθὲν ἐκτινάσσει καὶ ἀποκτείνει.",pending_llm_review,,
SNRC-00299,Dioscorides,DIOSC_DMM-1.110,DIOSC_DMM,trigger,body_kaleitai,καλε[ῖι]ται|καλο[ῦυ]σι|καλο[ύυ]μεν,γλυκειος,γλυκεῖα,ριζων,ῥιζῶν,unreviewed,"ς ὡς ὅτι ἐλαχίστους. χυλίζονται δὲ ὡς ἡ ὑποκιστίς. καὶ τὰ λέπη δὲ τῆς ῥόας, ἅ τινες σίδια καλοῦσι, στυπτικὴν ἔχοντα καὶ αὐτὰ τὴν δύναμιν, πρὸς ὅσα καὶ οἱ κύτινοι ἁρμόζει. τὸ δὲ ἀφέψημα τῶν ῥιζῶν ἕλμεις τὰς πλατείας ποθὲν ἐκτινάσσει καὶ ἀποκτείνει.",pending_llm_review,,
SNRC-00300,Dioscorides,DIOSC_DMM-1.110,DIOSC_DMM,trigger,body_kaleitai,καλε[ῖι]ται|καλο[ῦυ]σι|καλο[ύυ]μεν,γλυκειος,γλυκεῖα,σιδια,σίδια,unreviewed,"ς ὡς ὅτι ἐλαχίστους. χυλίζονται δὲ ὡς ἡ ὑποκιστίς. καὶ τὰ λέπη δὲ τῆς ῥόας, ἅ τινες σίδια καλοῦσι, στυπτικὴν ἔχοντα καὶ αὐτὰ τὴν δύναμιν, πρὸς ὅσα καὶ οἱ κύτινοι ἁρμόζει. τὸ δὲ ἀφέψημα τῶν ῥιζῶν ἕλμεις τὰς πλατείας ποθὲν ἐκτινάσσει καὶ ἀποκτείνει.",pending_llm_review,,
SNRC-00301,Dioscorides,DIOSC_DMM-1.112,DIOSC_DMM,trigger,heading_eta,\s[ἤἢη]\s,αλφιτον,ἄλφιτον,ελαιον,ἔλαιον,unreviewed," τοῖς καθύγροις τῶν ἑλκῶν καὶ ῥευματιζομένοις τόποις πᾶσι καὶ κοιλιακοῖς, ἐλαίου ὀμφακίνου ἢ ῥοδίνου ὀλίγου καὶ οἴνου μεμειγμένου καὶ ἕρπησι καὶ ἐρυσιπέλασι, διδύμων τε φλεγμοναῖς καὶ ἐπινυκτίσι καὶ κονδυλώμασι. ξηρὰ δὲ λεῖα παρωνυχίαις καὶ πτερυγίοις χ",pending_llm_review,,
SNRC-00302,Dioscorides,DIOSC_DMM-1.112,DIOSC_DMM,trigger,heading_eta,\s[ἤἢη]\s,αλφιτον,ἄλφιτον,ελαιον ομφακινον,ἔλαιον ὀμφακῖνον,unreviewed," τοῖς καθύγροις τῶν ἑλκῶν καὶ ῥευματιζομένοις τόποις πᾶσι καὶ κοιλιακοῖς, ἐλαίου ὀμφακίνου ἢ ῥοδίνου ὀλίγου καὶ οἴνου μεμειγμένου καὶ ἕρπησι καὶ ἐρυσιπέλασι, διδύμων τε φλεγμοναῖς καὶ ἐπινυκτίσι καὶ κονδυλώμασι. ξηρὰ δὲ λεῖα παρωνυχίαις καὶ πτερυγίοις χ",pending_llm_review,,
SNRC-00303,Dioscorides,DIOSC_DMM-1.112,DIOSC_DMM,trigger,heading_eta,\s[ἤἢη]\s,αλφιτον,ἄλφιτον,ελαιον ροδινον,ἔλαιον ῥόδινον,unreviewed," τοῖς καθύγροις τῶν ἑλκῶν καὶ ῥευματιζομένοις τόποις πᾶσι καὶ κοιλιακοῖς, ἐλαίου ὀμφακίνου ἢ ῥοδίνου ὀλίγου καὶ οἴνου μεμειγμένου καὶ ἕρπησι καὶ ἐρυσιπέλασι, διδύμων τε φλεγμοναῖς καὶ ἐπινυκτίσι καὶ κονδυλώμασι. ξηρὰ δὲ λεῖα παρωνυχίαις καὶ πτερυγίοις χ",pending_llm_review,,
SNRC-00304,Dioscorides,DIOSC_DMM-1.112,DIOSC_DMM,trigger,heading_eta,\s[ἤἢη]\s,αλφιτον,ἄλφιτον,μυρτος,μύρτων,unreviewed," τοῖς καθύγροις τῶν ἑλκῶν καὶ ῥευματιζομένοις τόποις πᾶσι καὶ κοιλιακοῖς, ἐλαίου ὀμφακίνου ἢ ῥοδίνου ὀλίγου καὶ οἴνου μεμειγμένου καὶ ἕρπησι καὶ ἐρυσιπέλασι, διδύμων τε φλεγμοναῖς καὶ ἐπινυκτίσι καὶ κονδυλώμασι. ξηρὰ δὲ λεῖα παρωνυχίαις καὶ πτερυγίοις χ",pending_llm_review,,
SNRC-00305,Dioscorides,DIOSC_DMM-1.112,DIOSC_DMM,trigger,heading_eta,\s[ἤἢη]\s,αλφιτον,ἄλφιτον,μυρσινη,μυρσίνη,unreviewed," τοῖς καθύγροις τῶν ἑλκῶν καὶ ῥευματιζομένοις τόποις πᾶσι καὶ κοιλιακοῖς, ἐλαίου ὀμφακίνου ἢ ῥοδίνου ὀλίγου καὶ οἴνου μεμειγμένου καὶ ἕρπησι καὶ ἐρυσιπέλασι, διδύμων τε φλεγμοναῖς καὶ ἐπινυκτίσι καὶ κονδυλώμασι. ξηρὰ δὲ λεῖα παρωνυχίαις καὶ πτερυγίοις χ",pending_llm_review,,
SNRC-00306,Dioscorides,DIOSC_DMM-1.112,DIOSC_DMM,trigger,heading_eta,\s[ἤἢη]\s,αλφιτον,ἄλφιτον,μυρσινη ημερος,μυρσίνη ἥμερος,unreviewed," τοῖς καθύγροις τῶν ἑλκῶν καὶ ῥευματιζομένοις τόποις πᾶσι καὶ κοιλιακοῖς, ἐλαίου ὀμφακίνου ἢ ῥοδίνου ὀλίγου καὶ οἴνου μεμειγμένου καὶ ἕρπησι καὶ ἐρυσιπέλασι, διδύμων τε φλεγμοναῖς καὶ ἐπινυκτίσι καὶ κονδυλώμασι. ξηρὰ δὲ λεῖα παρωνυχίαις καὶ πτερυγίοις χ",pending_llm_review,,
SNRC-00307,Dioscorides,DIOSC_DMM-1.112,DIOSC_DMM,trigger,heading_eta,\s[ἤἢη]\s,αλφιτον,ἄλφιτον,μυρσινη λευκη,μυρσίνη λευκή,unreviewed," τοῖς καθύγροις τῶν ἑλκῶν καὶ ῥευματιζομένοις τόποις πᾶσι καὶ κοιλιακοῖς, ἐλαίου ὀμφακίνου ἢ ῥοδίνου ὀλίγου καὶ οἴνου μεμειγμένου καὶ ἕρπησι καὶ ἐρυσιπέλασι, διδύμων τε φλεγμοναῖς καὶ ἐπινυκτίσι καὶ κονδυλώμασι. ξηρὰ δὲ λεῖα παρωνυχίαις καὶ πτερυγίοις χ",pending_llm_review,,
SNRC-00308,Dioscorides,DIOSC_DMM-1.112,DIOSC_DMM,trigger,heading_eta,\s[ἤἢη]\s,αλφιτον,ἄλφιτον,μυρσινη μελαινα,μυρσίνη μέλαινα,unreviewed," τοῖς καθύγροις τῶν ἑλκῶν καὶ ῥευματιζομένοις τόποις πᾶσι καὶ κοιλιακοῖς, ἐλαίου ὀμφακίνου ἢ ῥοδίνου ὀλίγου καὶ οἴνου μεμειγμένου καὶ ἕρπησι καὶ ἐρυσιπέλασι, διδύμων τε φλεγμοναῖς καὶ ἐπινυκτίσι καὶ κονδυλώμασι. ξηρὰ δὲ λεῖα παρωνυχίαις καὶ πτερυγίοις χ",pending_llm_review,,
SNRC-00309,Dioscorides,DIOSC_DMM-1.112,DIOSC_DMM,trigger,heading_eta,\s[ἤἢη]\s,αλφιτον,ἄλφιτον,μυρσινη ορεινη,μυρσίνη ὀρεινή,unreviewed," τοῖς καθύγροις τῶν ἑλκῶν καὶ ῥευματιζομένοις τόποις πᾶσι καὶ κοιλιακοῖς, ἐλαίου ὀμφακίνου ἢ ῥοδίνου ὀλίγου καὶ οἴνου μεμειγμένου καὶ ἕρπησι καὶ ἐρυσιπέλασι, διδύμων τε φλεγμοναῖς καὶ ἐπινυκτίσι καὶ κονδυλώμασι. ξηρὰ δὲ λεῖα παρωνυχίαις καὶ πτερυγίοις χ",pending_llm_review,,
SNRC-00310,Dioscorides,DIOSC_DMM-1.112,DIOSC_DMM,trigger,heading_eta,\s[ἤἢη]\s,αλφιτον,ἄλφιτον,οινος,οἶνος,unreviewed," τοῖς καθύγροις τῶν ἑλκῶν καὶ ῥευματιζομένοις τόποις πᾶσι καὶ κοιλιακοῖς, ἐλαίου ὀμφακίνου ἢ ῥοδίνου ὀλίγου καὶ οἴνου μεμειγμένου καὶ ἕρπησι καὶ ἐρυσιπέλασι, διδύμων τε φλεγμοναῖς καὶ ἐπινυκτίσι καὶ κονδυλώμασι. ξηρὰ δὲ λεῖα παρωνυχίαις καὶ πτερυγίοις χ",pending_llm_review,,
SNRC-00311,Dioscorides,DIOSC_DMM-1.112,DIOSC_DMM,trigger,heading_eta,\s[ἤἢη]\s,αλφιτον,ἄλφιτον,οινος αυστηρος,οἶνος αὐστηρός,unreviewed," τοῖς καθύγροις τῶν ἑλκῶν καὶ ῥευματιζομένοις τόποις πᾶσι καὶ κοιλιακοῖς, ἐλαίου ὀμφακίνου ἢ ῥοδίνου ὀλίγου καὶ οἴνου μεμειγμένου καὶ ἕρπησι καὶ ἐρυσιπέλασι, διδύμων τε φλεγμοναῖς καὶ ἐπινυκτίσι καὶ κονδυλώμασι. ξηρὰ δὲ λεῖα παρωνυχίαις καὶ πτερυγίοις χ",pending_llm_review,,
SNRC-00312,Dioscorides,DIOSC_DMM-1.112,DIOSC_DMM,trigger,heading_eta,\s[ἤἢη]\s,αλφιτον,ἄλφιτον,οινος παλαιος,οἶνος παλαιός,unreviewed," τοῖς καθύγροις τῶν ἑλκῶν καὶ ῥευματιζομένοις τόποις πᾶσι καὶ κοιλιακοῖς, ἐλαίου ὀμφακίνου ἢ ῥοδίνου ὀλίγου καὶ οἴνου μεμειγμένου καὶ ἕρπησι καὶ ἐρυσιπέλασι, διδύμων τε φλεγμοναῖς καὶ ἐπινυκτίσι καὶ κονδυλώμασι. ξηρὰ δὲ λεῖα παρωνυχίαις καὶ πτερυγίοις χ",pending_llm_review,,
SNRC-00313,Dioscorides,DIOSC_DMM-1.115,DIOSC_DMM,trigger,heading_eta,\s[ἤἢη]\s,βρεκοκκιον,βρεκόκκια,ελαιον,ἔλαιον,unreviewed,"ἱμοπτυικοῖς καὶ χολεριῶσι, μάλιστα δʼ ὠμά· καὶ τὸ ἀπόβρεγμα δὲ αὐτῶν ἁρμόζει τοῖς στόμαχον ἢ κοιλίαν δευματιζομένοις ἐν ποτῷ. ὁ δὲ χυλὸς ὠμῶν αὐτῶν λαμβανόμενος ἀρθοπνοικοὺς 2 ὠφελεῖ, τὸ δὲ ἀφέψημα πρόσκλυσμα δακτυλίου καὶ ὑστέρας προπτώσει. τὰ δὲ ἐκ το",pending_llm_review,,
SNRC-00314,Dioscorides,DIOSC_DMM-1.115,DIOSC_DMM,trigger,heading_eta,\s[ἤἢη]\s,βρεκοκκιον,βρεκόκκια,κεδρομηλον,κεδρόμηλα,unreviewed,"ἱμοπτυικοῖς καὶ χολεριῶσι, μάλιστα δʼ ὠμά· καὶ τὸ ἀπόβρεγμα δὲ αὐτῶν ἁρμόζει τοῖς στόμαχον ἢ κοιλίαν δευματιζομένοις ἐν ποτῷ. ὁ δὲ χυλὸς ὠμῶν αὐτῶν λαμβανόμενος ἀρθοπνοικοὺς 2 ὠφελεῖ, τὸ δὲ ἀφέψημα πρόσκλυσμα δακτυλίου καὶ ὑστέρας προπτώσει. τὰ δὲ ἐκ το",pending_llm_review,,
SNRC-00315,Dioscorides,DIOSC_DMM-1.115,DIOSC_DMM,trigger,heading_eta,\s[ἤἢη]\s,βρεκοκκιον,βρεκόκκια,κιτριον,κίτρια,unreviewed,"ἱμοπτυικοῖς καὶ χολεριῶσι, μάλιστα δʼ ὠμά· καὶ τὸ ἀπόβρεγμα δὲ αὐτῶν ἁρμόζει τοῖς στόμαχον ἢ κοιλίαν δευματιζομένοις ἐν ποτῷ. ὁ δὲ χυλὸς ὠμῶν αὐτῶν λαμβανόμενος ἀρθοπνοικοὺς 2 ὠφελεῖ, τὸ δὲ ἀφέψημα πρόσκλυσμα δακτυλίου καὶ ὑστέρας προπτώσει. τὰ δὲ ἐκ το",pending_llm_review,,
SNRC-00316,Dioscorides,DIOSC_DMM-1.115,DIOSC_DMM,trigger,heading_eta,\s[ἤἢη]\s,βρεκοκκιον,βρεκόκκια,κυδωνια,κυδωνία,unreviewed,"ἱμοπτυικοῖς καὶ χολεριῶσι, μάλιστα δʼ ὠμά· καὶ τὸ ἀπόβρεγμα δὲ αὐτῶν ἁρμόζει τοῖς στόμαχον ἢ κοιλίαν δευματιζομένοις ἐν ποτῷ. ὁ δὲ χυλὸς ὠμῶν αὐτῶν λαμβανόμενος ἀρθοπνοικοὺς 2 ὠφελεῖ, τὸ δὲ ἀφέψημα πρόσκλυσμα δακτυλίου καὶ ὑστέρας προπτώσει. τὰ δὲ ἐκ το",pending_llm_review,,
SNRC-00317,Dioscorides,DIOSC_DMM-1.115,DIOSC_DMM,trigger,heading_eta,\s[ἤἢη]\s,βρεκοκκιον,βρεκόκκια,κυδωνιον,κυδώνια,unreviewed,"ἱμοπτυικοῖς καὶ χολεριῶσι, μάλιστα δʼ ὠμά· καὶ τὸ ἀπόβρεγμα δὲ αὐτῶν ἁρμόζει τοῖς στόμαχον ἢ κοιλίαν δευματιζομένοις ἐν ποτῷ. ὁ δὲ χυλὸς ὠμῶν αὐτῶν λαμβανόμενος ἀρθοπνοικοὺς 2 ὠφελεῖ, τὸ δὲ ἀφέψημα πρόσκλυσμα δακτυλίου καὶ ὑστέρας προπτώσει. τὰ δὲ ἐκ το",pending_llm_review,,
SNRC-00318,Dioscorides,DIOSC_DMM-1.115,DIOSC_DMM,trigger,heading_eta,\s[ἤἢη]\s,βρεκοκκιον,βρεκόκκια,μελι,μέλι,unreviewed,"ἱμοπτυικοῖς καὶ χολεριῶσι, μάλιστα δʼ ὠμά· καὶ τὸ ἀπόβρεγμα δὲ αὐτῶν ἁρμόζει τοῖς στόμαχον ἢ κοιλίαν δευματιζομένοις ἐν ποτῷ. ὁ δὲ χυλὸς ὠμῶν αὐτῶν λαμβανόμενος ἀρθοπνοικοὺς 2 ὠφελεῖ, τὸ δὲ ἀφέψημα πρόσκλυσμα δακτυλίου καὶ ὑστέρας προπτώσει. τὰ δὲ ἐκ το",pending_llm_review,,
SNRC-00319,Dioscorides,DIOSC_DMM-1.115,DIOSC_DMM,trigger,heading_eta,\s[ἤἢη]\s,βρεκοκκιον,βρεκόκκια,μηλεα,μηλέας,unreviewed,"ἱμοπτυικοῖς καὶ χολεριῶσι, μάλιστα δʼ ὠμά· καὶ τὸ ἀπόβρεγμα δὲ αὐτῶν ἁρμόζει τοῖς στόμαχον ἢ κοιλίαν δευματιζομένοις ἐν ποτῷ. ὁ δὲ χυλὸς ὠμῶν αὐτῶν λαμβανόμενος ἀρθοπνοικοὺς 2 ὠφελεῖ, τὸ δὲ ἀφέψημα πρόσκλυσμα δακτυλίου καὶ ὑστέρας προπτώσει. τὰ δὲ ἐκ το",pending_llm_review,,
SNRC-00320,Dioscorides,DIOSC_DMM-1.115,DIOSC_DMM,trigger,heading_eta,\s[ἤἢη]\s,βρεκοκκιον,βρεκόκκια,μηλον,μῆλα,unreviewed,"ἱμοπτυικοῖς καὶ χολεριῶσι, μάλιστα δʼ ὠμά· καὶ τὸ ἀπόβρεγμα δὲ αὐτῶν ἁρμόζει τοῖς στόμαχον ἢ κοιλίαν δευματιζομένοις ἐν ποτῷ. ὁ δὲ χυλὸς ὠμῶν αὐτῶν λαμβανόμενος ἀρθοπνοικοὺς 2 ὠφελεῖ, τὸ δὲ ἀφέψημα πρόσκλυσμα δακτυλίου καὶ ὑστέρας προπτώσει. τὰ δὲ ἐκ το",pending_llm_review,,
SNRC-00321,Dioscorides,DIOSC_DMM-1.115,DIOSC_DMM,trigger,heading_eta,\s[ἤἢη]\s,βρεκοκκιον,βρεκόκκια,οινος,οἶνος,unreviewed,"ἱμοπτυικοῖς καὶ χολεριῶσι, μάλιστα δʼ ὠμά· καὶ τὸ ἀπόβρεγμα δὲ αὐτῶν ἁρμόζει τοῖς στόμαχον ἢ κοιλίαν δευματιζομένοις ἐν ποτῷ. ὁ δὲ χυλὸς ὠμῶν αὐτῶν λαμβανόμενος ἀρθοπνοικοὺς 2 ὠφελεῖ, τὸ δὲ ἀφέψημα πρόσκλυσμα δακτυλίου καὶ ὑστέρας προπτώσει. τὰ δὲ ἐκ το",pending_llm_review,,
SNRC-00322,Dioscorides,DIOSC_DMM-1.115,DIOSC_DMM,trigger,heading_eta,\s[ἤἢη]\s,βρεκοκκιον,βρεκόκκια,ορβικλατον,ὀρβικλᾶτα,unreviewed,"ἱμοπτυικοῖς καὶ χολεριῶσι, μάλιστα δʼ ὠμά· καὶ τὸ ἀπόβρεγμα δὲ αὐτῶν ἁρμόζει τοῖς στόμαχον ἢ κοιλίαν δευματιζομένοις ἐν ποτῷ. ὁ δὲ χυλὸς ὠμῶν αὐτῶν λαμβανόμενος ἀρθοπνοικοὺς 2 ὠφελεῖ, τὸ δὲ ἀφέψημα πρόσκλυσμα δακτυλίου καὶ ὑστέρας προπτώσει. τὰ δὲ ἐκ το",pending_llm_review,,
SNRC-00323,Dioscorides,DIOSC_DMM-1.115,DIOSC_DMM,trigger,heading_eta,\s[ἤἢη]\s,βρεκοκκιον,βρεκόκκια,περσικον μηλον,Περσικὰ μῆλα,place_qualified_variant,"ἱμοπτυικοῖς καὶ χολεριῶσι, μάλιστα δʼ ὠμά· καὶ τὸ ἀπόβρεγμα δὲ αὐτῶν ἁρμόζει τοῖς στόμαχον ἢ κοιλίαν δευματιζομένοις ἐν ποτῷ. ὁ δὲ χυλὸς ὠμῶν αὐτῶν λαμβανόμενος ἀρθοπνοικοὺς 2 ὠφελεῖ, τὸ δὲ ἀφέψημα πρόσκλυσμα δακτυλίου καὶ ὑστέρας προπτώσει. τὰ δὲ ἐκ το",pending_llm_review,,
SNRC-00324,Dioscorides,DIOSC_DMM-1.115,DIOSC_DMM,trigger,heading_eta,\s[ἤἢη]\s,βρεκοκκιον,βρεκόκκια,στρουθιον,στρουθία,unreviewed,"ἱμοπτυικοῖς καὶ χολεριῶσι, μάλιστα δʼ ὠμά· καὶ τὸ ἀπόβρεγμα δὲ αὐτῶν ἁρμόζει τοῖς στόμαχον ἢ κοιλίαν δευματιζομένοις ἐν ποτῷ. ὁ δὲ χυλὸς ὠμῶν αὐτῶν λαμβανόμενος ἀρθοπνοικοὺς 2 ὠφελεῖ, τὸ δὲ ἀφέψημα πρόσκλυσμα δακτυλίου καὶ ὑστέρας προπτώσει. τὰ δὲ ἐκ το",pending_llm_review,,
SNRC-00325,Dioscorides,DIOSC_DMM-1.116,DIOSC_DMM,trigger,body_some_call,τιν[ὲε]ς|ο[ἱι]\s+δ[ὲε],αγρια απιος,ἀγρίας ἀπίου,αχρας,ἀχρὰς,unreviewed,"αὐτῆς. ἡ δὲ ἐκ τοῦ ξύλου αὐτῶν τέφρα βοηθεῖ ἐνεργῶς τοῖς ὑπὸ μυκήτων πνιγομένοις. φασὶ δέ τινες ὅτι, κἂν συνεψήσῃ τις ἀχράδας μύκησιν, ἀβλαβεῖς αὐτοὺς γίνεσθαι.",pending_llm_review,,
SNRC-00326,Dioscorides,DIOSC_DMM-1.116,DIOSC_DMM,trigger,body_some_call,τιν[ὲε]ς|ο[ἱι]\s+δ[ὲε],αγρια απιος,ἀγρίας ἀπίου,απιος,ἀπίου,variant,"αὐτῆς. ἡ δὲ ἐκ τοῦ ξύλου αὐτῶν τέφρα βοηθεῖ ἐνεργῶς τοῖς ὑπὸ μυκήτων πνιγομένοις. φασὶ δέ τινες ὅτι, κἂν συνεψήσῃ τις ἀχράδας μύκησιν, ἀβλαβεῖς αὐτοὺς γίνεσθαι.",pending_llm_review,,
SNRC-00327,Dioscorides,DIOSC_DMM-1.116,DIOSC_DMM,trigger,body_some_call,τιν[ὲε]ς|ο[ἱι]\s+δ[ὲε],αγρια απιος,ἀγρίας ἀπίου,μυκης,μυκήτων,unreviewed,"αὐτῆς. ἡ δὲ ἐκ τοῦ ξύλου αὐτῶν τέφρα βοηθεῖ ἐνεργῶς τοῖς ὑπὸ μυκήτων πνιγομένοις. φασὶ δέ τινες ὅτι, κἂν συνεψήσῃ τις ἀχράδας μύκησιν, ἀβλαβεῖς αὐτοὺς γίνεσθαι.",pending_llm_review,,
SNRC-00328,Dioscorides,DIOSC_DMM-1.116,DIOSC_DMM,trigger,body_some_call,τιν[ὲε]ς|ο[ἱι]\s+δ[ὲε],αγρια απιος,ἀγρίας ἀπίου,ξυλου,ξύλου,unreviewed,"αὐτῆς. ἡ δὲ ἐκ τοῦ ξύλου αὐτῶν τέφρα βοηθεῖ ἐνεργῶς τοῖς ὑπὸ μυκήτων πνιγομένοις. φασὶ δέ τινες ὅτι, κἂν συνεψήσῃ τις ἀχράδας μύκησιν, ἀβλαβεῖς αὐτοὺς γίνεσθαι.",pending_llm_review,,
SNRC-00329,Dioscorides,DIOSC_DMM-1.116,DIOSC_DMM,trigger,body_some_call,τιν[ὲε]ς|ο[ἱι]\s+δ[ὲε],αγρια απιος,ἀγρίας ἀπίου,φυλλα,φύλλα,unreviewed,"αὐτῆς. ἡ δὲ ἐκ τοῦ ξύλου αὐτῶν τέφρα βοηθεῖ ἐνεργῶς τοῖς ὑπὸ μυκήτων πνιγομένοις. φασὶ δέ τινες ὅτι, κἂν συνεψήσῃ τις ἀχράδας μύκησιν, ἀβλαβεῖς αὐτοὺς γίνεσθαι.",pending_llm_review,,
SNRC-00330,Dioscorides,DIOSC_DMM-1.116,DIOSC_DMM,trigger,body_some_call,τιν[ὲε]ς|ο[ἱι]\s+δ[ὲε],αχρας,ἀχρὰς,απιος,ἀπίου,unreviewed,"αὐτῆς. ἡ δὲ ἐκ τοῦ ξύλου αὐτῶν τέφρα βοηθεῖ ἐνεργῶς τοῖς ὑπὸ μυκήτων πνιγομένοις. φασὶ δέ τινες ὅτι, κἂν συνεψήσῃ τις ἀχράδας μύκησιν, ἀβλαβεῖς αὐτοὺς γίνεσθαι.",pending_llm_review,,
SNRC-00331,Dioscorides,DIOSC_DMM-1.116,DIOSC_DMM,trigger,body_some_call,τιν[ὲε]ς|ο[ἱι]\s+δ[ὲε],αχρας,ἀχρὰς,μυκης,μυκήτων,unreviewed,"αὐτῆς. ἡ δὲ ἐκ τοῦ ξύλου αὐτῶν τέφρα βοηθεῖ ἐνεργῶς τοῖς ὑπὸ μυκήτων πνιγομένοις. φασὶ δέ τινες ὅτι, κἂν συνεψήσῃ τις ἀχράδας μύκησιν, ἀβλαβεῖς αὐτοὺς γίνεσθαι.",pending_llm_review,,
SNRC-00332,Dioscorides,DIOSC_DMM-1.116,DIOSC_DMM,trigger,body_some_call,τιν[ὲε]ς|ο[ἱι]\s+δ[ὲε],αχρας,ἀχρὰς,ξυλου,ξύλου,unreviewed,"αὐτῆς. ἡ δὲ ἐκ τοῦ ξύλου αὐτῶν τέφρα βοηθεῖ ἐνεργῶς τοῖς ὑπὸ μυκήτων πνιγομένοις. φασὶ δέ τινες ὅτι, κἂν συνεψήσῃ τις ἀχράδας μύκησιν, ἀβλαβεῖς αὐτοὺς γίνεσθαι.",pending_llm_review,,
SNRC-00333,Dioscorides,DIOSC_DMM-1.116,DIOSC_DMM,trigger,body_some_call,τιν[ὲε]ς|ο[ἱι]\s+δ[ὲε],αχρας,ἀχρὰς,φυλλα,φύλλα,unreviewed,"αὐτῆς. ἡ δὲ ἐκ τοῦ ξύλου αὐτῶν τέφρα βοηθεῖ ἐνεργῶς τοῖς ὑπὸ μυκήτων πνιγομένοις. φασὶ δέ τινες ὅτι, κἂν συνεψήσῃ τις ἀχράδας μύκησιν, ἀβλαβεῖς αὐτοὺς γίνεσθαι.",pending_llm_review,,
SNRC-00334,Dioscorides,DIOSC_DMM-1.116,DIOSC_DMM,trigger,body_some_call,τιν[ὲε]ς|ο[ἱι]\s+δ[ὲε],απιος,ἀπίου,μυκης,μυκήτων,unreviewed,"αὐτῆς. ἡ δὲ ἐκ τοῦ ξύλου αὐτῶν τέφρα βοηθεῖ ἐνεργῶς τοῖς ὑπὸ μυκήτων πνιγομένοις. φασὶ δέ τινες ὅτι, κἂν συνεψήσῃ τις ἀχράδας μύκησιν, ἀβλαβεῖς αὐτοὺς γίνεσθαι.",pending_llm_review,,
SNRC-00335,Dioscorides,DIOSC_DMM-1.116,DIOSC_DMM,trigger,body_some_call,τιν[ὲε]ς|ο[ἱι]\s+δ[ὲε],απιος,ἀπίου,ξυλου,ξύλου,unreviewed,"αὐτῆς. ἡ δὲ ἐκ τοῦ ξύλου αὐτῶν τέφρα βοηθεῖ ἐνεργῶς τοῖς ὑπὸ μυκήτων πνιγομένοις. φασὶ δέ τινες ὅτι, κἂν συνεψήσῃ τις ἀχράδας μύκησιν, ἀβλαβεῖς αὐτοὺς γίνεσθαι.",pending_llm_review,,
SNRC-00336,Dioscorides,DIOSC_DMM-1.116,DIOSC_DMM,trigger,body_some_call,τιν[ὲε]ς|ο[ἱι]\s+δ[ὲε],απιος,ἀπίου,φυλλα,φύλλα,unreviewed,"αὐτῆς. ἡ δὲ ἐκ τοῦ ξύλου αὐτῶν τέφρα βοηθεῖ ἐνεργῶς τοῖς ὑπὸ μυκήτων πνιγομένοις. φασὶ δέ τινες ὅτι, κἂν συνεψήσῃ τις ἀχράδας μύκησιν, ἀβλαβεῖς αὐτοὺς γίνεσθαι.",pending_llm_review,,
SNRC-00337,Dioscorides,DIOSC_DMM-1.118,DIOSC_DMM,trigger,heading_hoi_de,ο[ἱι]\s+δ[ὲε],αρωνια,ἀρωνία,μεσπιλον,μέσπιλον,unreviewed,"ς, κοιλίας στεγνωτικός. ἔστι δὲ καὶ ἕτερον εἷδος ἐν Ἰταλίᾳ γεννώμενον, ὃ ἔνιοι πιμηλ ίδα, οἱ δὲ σητάνιον ὀνομάζουσι· δένδρον μήλῳ ἐμφερὲς καὶ τοῖς φύλλοις, ὅτι μὴ μικρότερον. καρπὸν δὲ ἔχει καὶ τοῦτο στρογγύλον, βρώσιμον, πλατὺν ἔχοντα τὸν πυθμένα, ὑποστύ",pending_llm_review,,
SNRC-00338,Dioscorides,DIOSC_DMM-1.118,DIOSC_DMM,trigger,heading_hoi_de,ο[ἱι]\s+δ[ὲε],αρωνια,ἀρωνία,πιμηλις,πιμηλίδα,place_qualified_variant,"ς, κοιλίας στεγνωτικός. ἔστι δὲ καὶ ἕτερον εἷδος ἐν Ἰταλίᾳ γεννώμενον, ὃ ἔνιοι πιμηλ ίδα, οἱ δὲ σητάνιον ὀνομάζουσι· δένδρον μήλῳ ἐμφερὲς καὶ τοῖς φύλλοις, ὅτι μὴ μικρότερον. καρπὸν δὲ ἔχει καὶ τοῦτο στρογγύλον, βρώσιμον, πλατὺν ἔχοντα τὸν πυθμένα, ὑποστύ",pending_llm_review,,
SNRC-00339,Dioscorides,DIOSC_DMM-1.118,DIOSC_DMM,trigger,heading_hoi_de,ο[ἱι]\s+δ[ὲε],αρωνια,ἀρωνία,πυρακανθη,πυρακάνθῃ,unreviewed,"ς, κοιλίας στεγνωτικός. ἔστι δὲ καὶ ἕτερον εἷδος ἐν Ἰταλίᾳ γεννώμενον, ὃ ἔνιοι πιμηλ ίδα, οἱ δὲ σητάνιον ὀνομάζουσι· δένδρον μήλῳ ἐμφερὲς καὶ τοῖς φύλλοις, ὅτι μὴ μικρότερον. καρπὸν δὲ ἔχει καὶ τοῦτο στρογγύλον, βρώσιμον, πλατὺν ἔχοντα τὸν πυθμένα, ὑποστύ",pending_llm_review,,
SNRC-00340,Dioscorides,DIOSC_DMM-1.118,DIOSC_DMM,trigger,heading_hoi_de,ο[ἱι]\s+δ[ὲε],αρωνια,ἀρωνία,σητανιον,σητάνιον,place_qualified_variant,"ς, κοιλίας στεγνωτικός. ἔστι δὲ καὶ ἕτερον εἷδος ἐν Ἰταλίᾳ γεννώμενον, ὃ ἔνιοι πιμηλ ίδα, οἱ δὲ σητάνιον ὀνομάζουσι· δένδρον μήλῳ ἐμφερὲς καὶ τοῖς φύλλοις, ὅτι μὴ μικρότερον. καρπὸν δὲ ἔχει καὶ τοῦτο στρογγύλον, βρώσιμον, πλατὺν ἔχοντα τὸν πυθμένα, ὑποστύ",pending_llm_review,,
SNRC-00341,Dioscorides,DIOSC_DMM-1.118,DIOSC_DMM,trigger,heading_hoi_de,ο[ἱι]\s+δ[ὲε],αρωνια,ἀρωνία,τρικοκκον,τρίκοκκόν,unreviewed,"ς, κοιλίας στεγνωτικός. ἔστι δὲ καὶ ἕτερον εἷδος ἐν Ἰταλίᾳ γεννώμενον, ὃ ἔνιοι πιμηλ ίδα, οἱ δὲ σητάνιον ὀνομάζουσι· δένδρον μήλῳ ἐμφερὲς καὶ τοῖς φύλλοις, ὅτι μὴ μικρότερον. καρπὸν δὲ ἔχει καὶ τοῦτο στρογγύλον, βρώσιμον, πλατὺν ἔχοντα τὸν πυθμένα, ὑποστύ",pending_llm_review,,
SNRC-00342,Dioscorides,DIOSC_DMM-1.118,DIOSC_DMM,trigger,heading_hoi_de,ο[ἱι]\s+δ[ὲε],μεσπιλον,μέσπιλον,πιμηλις,πιμηλίδα,place_qualified_variant,"ς, κοιλίας στεγνωτικός. ἔστι δὲ καὶ ἕτερον εἷδος ἐν Ἰταλίᾳ γεννώμενον, ὃ ἔνιοι πιμηλ ίδα, οἱ δὲ σητάνιον ὀνομάζουσι· δένδρον μήλῳ ἐμφερὲς καὶ τοῖς φύλλοις, ὅτι μὴ μικρότερον. καρπὸν δὲ ἔχει καὶ τοῦτο στρογγύλον, βρώσιμον, πλατὺν ἔχοντα τὸν πυθμένα, ὑποστύ",pending_llm_review,,
SNRC-00343,Dioscorides,DIOSC_DMM-1.118,DIOSC_DMM,trigger,heading_hoi_de,ο[ἱι]\s+δ[ὲε],μεσπιλον,μέσπιλον,πυρακανθη,πυρακάνθῃ,unreviewed,"ς, κοιλίας στεγνωτικός. ἔστι δὲ καὶ ἕτερον εἷδος ἐν Ἰταλίᾳ γεννώμενον, ὃ ἔνιοι πιμηλ ίδα, οἱ δὲ σητάνιον ὀνομάζουσι· δένδρον μήλῳ ἐμφερὲς καὶ τοῖς φύλλοις, ὅτι μὴ μικρότερον. καρπὸν δὲ ἔχει καὶ τοῦτο στρογγύλον, βρώσιμον, πλατὺν ἔχοντα τὸν πυθμένα, ὑποστύ",pending_llm_review,,
SNRC-00344,Dioscorides,DIOSC_DMM-1.118,DIOSC_DMM,trigger,heading_hoi_de,ο[ἱι]\s+δ[ὲε],μεσπιλον,μέσπιλον,σητανιον,σητάνιον,place_qualified_variant,"ς, κοιλίας στεγνωτικός. ἔστι δὲ καὶ ἕτερον εἷδος ἐν Ἰταλίᾳ γεννώμενον, ὃ ἔνιοι πιμηλ ίδα, οἱ δὲ σητάνιον ὀνομάζουσι· δένδρον μήλῳ ἐμφερὲς καὶ τοῖς φύλλοις, ὅτι μὴ μικρότερον. καρπὸν δὲ ἔχει καὶ τοῦτο στρογγύλον, βρώσιμον, πλατὺν ἔχοντα τὸν πυθμένα, ὑποστύ",pending_llm_review,,
SNRC-00345,Dioscorides,DIOSC_DMM-1.118,DIOSC_DMM,trigger,heading_hoi_de,ο[ἱι]\s+δ[ὲε],μεσπιλον,μέσπιλον,τρικοκκον,τρίκοκκόν,unreviewed,"ς, κοιλίας στεγνωτικός. ἔστι δὲ καὶ ἕτερον εἷδος ἐν Ἰταλίᾳ γεννώμενον, ὃ ἔνιοι πιμηλ ίδα, οἱ δὲ σητάνιον ὀνομάζουσι· δένδρον μήλῳ ἐμφερὲς καὶ τοῖς φύλλοις, ὅτι μὴ μικρότερον. καρπὸν δὲ ἔχει καὶ τοῦτο στρογγύλον, βρώσιμον, πλατὺν ἔχοντα τὸν πυθμένα, ὑποστύ",pending_llm_review,,
SNRC-00346,Dioscorides,DIOSC_DMM-1.118,DIOSC_DMM,trigger,heading_hoi_de,ο[ἱι]\s+δ[ὲε],πιμηλις,πιμηλίδα,πυρακανθη,πυρακάνθῃ,place_qualified_variant,"ς, κοιλίας στεγνωτικός. ἔστι δὲ καὶ ἕτερον εἷδος ἐν Ἰταλίᾳ γεννώμενον, ὃ ἔνιοι πιμηλ ίδα, οἱ δὲ σητάνιον ὀνομάζουσι· δένδρον μήλῳ ἐμφερὲς καὶ τοῖς φύλλοις, ὅτι μὴ μικρότερον. καρπὸν δὲ ἔχει καὶ τοῦτο στρογγύλον, βρώσιμον, πλατὺν ἔχοντα τὸν πυθμένα, ὑποστύ",pending_llm_review,,
SNRC-00347,Dioscorides,DIOSC_DMM-1.118,DIOSC_DMM,trigger,heading_hoi_de,ο[ἱι]\s+δ[ὲε],πιμηλις,πιμηλίδα,σητανιον,σητάνιον,place_qualified_variant,"ς, κοιλίας στεγνωτικός. ἔστι δὲ καὶ ἕτερον εἷδος ἐν Ἰταλίᾳ γεννώμενον, ὃ ἔνιοι πιμηλ ίδα, οἱ δὲ σητάνιον ὀνομάζουσι· δένδρον μήλῳ ἐμφερὲς καὶ τοῖς φύλλοις, ὅτι μὴ μικρότερον. καρπὸν δὲ ἔχει καὶ τοῦτο στρογγύλον, βρώσιμον, πλατὺν ἔχοντα τὸν πυθμένα, ὑποστύ",pending_llm_review,,
SNRC-00348,Dioscorides,DIOSC_DMM-1.118,DIOSC_DMM,trigger,heading_hoi_de,ο[ἱι]\s+δ[ὲε],πιμηλις,πιμηλίδα,τρικοκκον,τρίκοκκόν,place_qualified_variant,"ς, κοιλίας στεγνωτικός. ἔστι δὲ καὶ ἕτερον εἷδος ἐν Ἰταλίᾳ γεννώμενον, ὃ ἔνιοι πιμηλ ίδα, οἱ δὲ σητάνιον ὀνομάζουσι· δένδρον μήλῳ ἐμφερὲς καὶ τοῖς φύλλοις, ὅτι μὴ μικρότερον. καρπὸν δὲ ἔχει καὶ τοῦτο στρογγύλον, βρώσιμον, πλατὺν ἔχοντα τὸν πυθμένα, ὑποστύ",pending_llm_review,,
SNRC-00349,Dioscorides,DIOSC_DMM-1.119,DIOSC_DMM,trigger,heading_eta,\s[ἤἢη]\s,ελαια,ἐλαίας,κρανια,κρανία,unreviewed,"ρον ἐστὶν ἁδρόν, καρπὸν φέρον ὡς ἐλαίας, ἐπιμήκη, χλωρὸν τὸ πρῶτον, πεπαινόμενον δὲ ξανθὸν ἢ κηροειδῆ, ἐδώδιμον, στύφοντα, ἁρμόζοντα πρὸς κοιλίας ῥύσιν καὶ δυσεντερίαν, συντιθέμενον καὶ εἰς ἕψημα καὶ εἰς βρῶσιν καὶ ἁλμεύεται δὲ ὡς ἐλαία. ὁ δʼ ἐκ τῶν χλω",pending_llm_review,,
SNRC-00350,Dioscorides,DIOSC_DMM-1.119,DIOSC_DMM,trigger,heading_eta,\s[ἤἢη]\s,ελαια,ἐλαίας,καρπον,καρπὸν,unreviewed,"ρον ἐστὶν ἁδρόν, καρπὸν φέρον ὡς ἐλαίας, ἐπιμήκη, χλωρὸν τὸ πρῶτον, πεπαινόμενον δὲ ξανθὸν ἢ κηροειδῆ, ἐδώδιμον, στύφοντα, ἁρμόζοντα πρὸς κοιλίας ῥύσιν καὶ δυσεντερίαν, συντιθέμενον καὶ εἰς ἕψημα καὶ εἰς βρῶσιν καὶ ἁλμεύεται δὲ ὡς ἐλαία. ὁ δʼ ἐκ τῶν χλω",pending_llm_review,,
SNRC-00351,Dioscorides,DIOSC_DMM-1.119,DIOSC_DMM,trigger,heading_eta,\s[ἤἢη]\s,ελαια,ἐλαίας,ξυλων,ξύλων,unreviewed,"ρον ἐστὶν ἁδρόν, καρπὸν φέρον ὡς ἐλαίας, ἐπιμήκη, χλωρὸν τὸ πρῶτον, πεπαινόμενον δὲ ξανθὸν ἢ κηροειδῆ, ἐδώδιμον, στύφοντα, ἁρμόζοντα πρὸς κοιλίας ῥύσιν καὶ δυσεντερίαν, συντιθέμενον καὶ εἰς ἕψημα καὶ εἰς βρῶσιν καὶ ἁλμεύεται δὲ ὡς ἐλαία. ὁ δʼ ἐκ τῶν χλω",pending_llm_review,,
SNRC-00352,Dioscorides,DIOSC_DMM-1.119,DIOSC_DMM,trigger,heading_eta,\s[ἤἢη]\s,κρανια,κρανία,καρπον,καρπὸν,unreviewed,"ρον ἐστὶν ἁδρόν, καρπὸν φέρον ὡς ἐλαίας, ἐπιμήκη, χλωρὸν τὸ πρῶτον, πεπαινόμενον δὲ ξανθὸν ἢ κηροειδῆ, ἐδώδιμον, στύφοντα, ἁρμόζοντα πρὸς κοιλίας ῥύσιν καὶ δυσεντερίαν, συντιθέμενον καὶ εἰς ἕψημα καὶ εἰς βρῶσιν καὶ ἁλμεύεται δὲ ὡς ἐλαία. ὁ δʼ ἐκ τῶν χλω",pending_llm_review,,
SNRC-00353,Dioscorides,DIOSC_DMM-1.119,DIOSC_DMM,trigger,heading_eta,\s[ἤἢη]\s,κρανια,κρανία,ξυλων,ξύλων,unreviewed,"ρον ἐστὶν ἁδρόν, καρπὸν φέρον ὡς ἐλαίας, ἐπιμήκη, χλωρὸν τὸ πρῶτον, πεπαινόμενον δὲ ξανθὸν ἢ κηροειδῆ, ἐδώδιμον, στύφοντα, ἁρμόζοντα πρὸς κοιλίας ῥύσιν καὶ δυσεντερίαν, συντιθέμενον καὶ εἰς ἕψημα καὶ εἰς βρῶσιν καὶ ἁλμεύεται δὲ ὡς ἐλαία. ὁ δʼ ἐκ τῶν χλω",pending_llm_review,,
SNRC-00354,Dioscorides,DIOSC_DMM-1.119,DIOSC_DMM,trigger,heading_eta,\s[ἤἢη]\s,καρπον,καρπὸν,ξυλων,ξύλων,unreviewed,"ρον ἐστὶν ἁδρόν, καρπὸν φέρον ὡς ἐλαίας, ἐπιμήκη, χλωρὸν τὸ πρῶτον, πεπαινόμενον δὲ ξανθὸν ἢ κηροειδῆ, ἐδώδιμον, στύφοντα, ἁρμόζοντα πρὸς κοιλίας ῥύσιν καὶ δυσεντερίαν, συντιθέμενον καὶ εἰς ἕψημα καὶ εἰς βρῶσιν καὶ ἁλμεύεται δὲ ὡς ἐλαία. ὁ δʼ ἐκ τῶν χλω",pending_llm_review,,
SNRC-00355,Dioscorides,DIOSC_DMM-1.102,DIOSC_DMM,control,control_no_trigger,,αμοργη,ἀμόργη,,,unreviewed,ἀμόργη,pending_llm_review,,Control entry: reviewer should add any missed name relations or confirm none.
SNRC-00356,Dioscorides,DIOSC_DMM-1.103,DIOSC_DMM,control,control_no_trigger,,αγνος,ἄγνος,,,unreviewed,ἄγνος,pending_llm_review,,Control entry: reviewer should add any missed name relations or confirm none.
SNRC-00357,Dioscorides,DIOSC_DMM-1.104,DIOSC_DMM,control,control_no_trigger,,ιτεα,ἰτέα,,,unreviewed,ἰτέα,pending_llm_review,,Control entry: reviewer should add any missed name relations or confirm none.
SNRC-00358,Dioscorides,DIOSC_DMM-1.111,DIOSC_DMM,control,control_no_trigger,,αγρια ροα,ἀγρίας ῥόας,,,unreviewed,βαλαύστιον,pending_llm_review,,Control entry: reviewer should add any missed name relations or confirm none.
SNRC-00359,Galen,GAL_ALIM-1.11,GAL_ALIM,trigger,heading_eta,\s[ἤἢη]\s,αυστηρος οινος,οἴνου αὐστηροῦ,γλυκυς οινος,οἴνῳ γλυκεῖ,unreviewed,ὶ οἰνομέλιτι κεκραμένοις ἐν ὕδατι καί ποτε καὶ ὕδατι μόνῳ καὶ πίνειν ἐν τῷ θέρει πρὸ δυοῖν ἢ τριῶν ὡρῶν τοῦ λουτροῦ καί φασιν αἰσθάνεσθαι τοῦ πόματος ἀδίψου. δι' οἴνου γε μὴν αὐστηροῦ ποθέντα ξηραίνει γαστέρα. χρῶνται δ' ἀλφίτοις ἔν τισι τῶν ἐθνῶν ἐν ἄρ,pending_llm_review,,
SNRC-00360,Galen,GAL_ALIM-1.11,GAL_ALIM,trigger,heading_eta,\s[ἤἢη]\s,αυστηρος οινος,οἴνου αὐστηροῦ,κριθη,κριθῶν,unreviewed,ὶ οἰνομέλιτι κεκραμένοις ἐν ὕδατι καί ποτε καὶ ὕδατι μόνῳ καὶ πίνειν ἐν τῷ θέρει πρὸ δυοῖν ἢ τριῶν ὡρῶν τοῦ λουτροῦ καί φασιν αἰσθάνεσθαι τοῦ πόματος ἀδίψου. δι' οἴνου γε μὴν αὐστηροῦ ποθέντα ξηραίνει γαστέρα. χρῶνται δ' ἀλφίτοις ἔν τισι τῶν ἐθνῶν ἐν ἄρ,pending_llm_review,,
SNRC-00361,Galen,GAL_ALIM-1.11,GAL_ALIM,trigger,heading_eta,\s[ἤἢη]\s,αυστηρος οινος,οἴνου αὐστηροῦ,νεα κριθη,νέων κριθῶν,unreviewed,ὶ οἰνομέλιτι κεκραμένοις ἐν ὕδατι καί ποτε καὶ ὕδατι μόνῳ καὶ πίνειν ἐν τῷ θέρει πρὸ δυοῖν ἢ τριῶν ὡρῶν τοῦ λουτροῦ καί φασιν αἰσθάνεσθαι τοῦ πόματος ἀδίψου. δι' οἴνου γε μὴν αὐστηροῦ ποθέντα ξηραίνει γαστέρα. χρῶνται δ' ἀλφίτοις ἔν τισι τῶν ἐθνῶν ἐν ἄρ,pending_llm_review,,
SNRC-00362,Galen,GAL_ALIM-1.11,GAL_ALIM,trigger,heading_eta,\s[ἤἢη]\s,αυστηρος οινος,οἴνου αὐστηροῦ,οινος,οἴνῳ,variant,ὶ οἰνομέλιτι κεκραμένοις ἐν ὕδατι καί ποτε καὶ ὕδατι μόνῳ καὶ πίνειν ἐν τῷ θέρει πρὸ δυοῖν ἢ τριῶν ὡρῶν τοῦ λουτροῦ καί φασιν αἰσθάνεσθαι τοῦ πόματος ἀδίψου. δι' οἴνου γε μὴν αὐστηροῦ ποθέντα ξηραίνει γαστέρα. χρῶνται δ' ἀλφίτοις ἔν τισι τῶν ἐθνῶν ἐν ἄρ,pending_llm_review,,
SNRC-00363,Galen,GAL_ALIM-1.11,GAL_ALIM,trigger,heading_eta,\s[ἤἢη]\s,αυστηρος οινος,οἴνου αὐστηροῦ,σιτος,σῖτον,unreviewed,ὶ οἰνομέλιτι κεκραμένοις ἐν ὕδατι καί ποτε καὶ ὕδατι μόνῳ καὶ πίνειν ἐν τῷ θέρει πρὸ δυοῖν ἢ τριῶν ὡρῶν τοῦ λουτροῦ καί φασιν αἰσθάνεσθαι τοῦ πόματος ἀδίψου. δι' οἴνου γε μὴν αὐστηροῦ ποθέντα ξηραίνει γαστέρα. χρῶνται δ' ἀλφίτοις ἔν τισι τῶν ἐθνῶν ἐν ἄρ,pending_llm_review,,
SNRC-00364,Galen,GAL_ALIM-1.11,GAL_ALIM,trigger,heading_eta,\s[ἤἢη]\s,αυστηρος οινος,οἴνου αὐστηροῦ,υδωρ,ὕδατι,unreviewed,ὶ οἰνομέλιτι κεκραμένοις ἐν ὕδατι καί ποτε καὶ ὕδατι μόνῳ καὶ πίνειν ἐν τῷ θέρει πρὸ δυοῖν ἢ τριῶν ὡρῶν τοῦ λουτροῦ καί φασιν αἰσθάνεσθαι τοῦ πόματος ἀδίψου. δι' οἴνου γε μὴν αὐστηροῦ ποθέντα ξηραίνει γαστέρα. χρῶνται δ' ἀλφίτοις ἔν τισι τῶν ἐθνῶν ἐν ἄρ,pending_llm_review,,
SNRC-00365,Galen,GAL_ALIM-1.11,GAL_ALIM,trigger,heading_eta,\s[ἤἢη]\s,αυστηρος οινος,οἴνου αὐστηροῦ,σταχυν,στάχυν,unreviewed,ὶ οἰνομέλιτι κεκραμένοις ἐν ὕδατι καί ποτε καὶ ὕδατι μόνῳ καὶ πίνειν ἐν τῷ θέρει πρὸ δυοῖν ἢ τριῶν ὡρῶν τοῦ λουτροῦ καί φασιν αἰσθάνεσθαι τοῦ πόματος ἀδίψου. δι' οἴνου γε μὴν αὐστηροῦ ποθέντα ξηραίνει γαστέρα. χρῶνται δ' ἀλφίτοις ἔν τισι τῶν ἐθνῶν ἐν ἄρ,pending_llm_review,,
SNRC-00366,Galen,GAL_ALIM-1.11,GAL_ALIM,trigger,heading_eta,\s[ἤἢη]\s,γλυκυς οινος,οἴνῳ γλυκεῖ,κριθη,κριθῶν,unreviewed,ὶ οἰνομέλιτι κεκραμένοις ἐν ὕδατι καί ποτε καὶ ὕδατι μόνῳ καὶ πίνειν ἐν τῷ θέρει πρὸ δυοῖν ἢ τριῶν ὡρῶν τοῦ λουτροῦ καί φασιν αἰσθάνεσθαι τοῦ πόματος ἀδίψου. δι' οἴνου γε μὴν αὐστηροῦ ποθέντα ξηραίνει γαστέρα. χρῶνται δ' ἀλφίτοις ἔν τισι τῶν ἐθνῶν ἐν ἄρ,pending_llm_review,,
SNRC-00367,Galen,GAL_ALIM-1.11,GAL_ALIM,trigger,heading_eta,\s[ἤἢη]\s,γλυκυς οινος,οἴνῳ γλυκεῖ,νεα κριθη,νέων κριθῶν,unreviewed,ὶ οἰνομέλιτι κεκραμένοις ἐν ὕδατι καί ποτε καὶ ὕδατι μόνῳ καὶ πίνειν ἐν τῷ θέρει πρὸ δυοῖν ἢ τριῶν ὡρῶν τοῦ λουτροῦ καί φασιν αἰσθάνεσθαι τοῦ πόματος ἀδίψου. δι' οἴνου γε μὴν αὐστηροῦ ποθέντα ξηραίνει γαστέρα. χρῶνται δ' ἀλφίτοις ἔν τισι τῶν ἐθνῶν ἐν ἄρ,pending_llm_review,,
SNRC-00368,Galen,GAL_ALIM-1.11,GAL_ALIM,trigger,heading_eta,\s[ἤἢη]\s,γλυκυς οινος,οἴνῳ γλυκεῖ,οινος,οἴνῳ,variant,ὶ οἰνομέλιτι κεκραμένοις ἐν ὕδατι καί ποτε καὶ ὕδατι μόνῳ καὶ πίνειν ἐν τῷ θέρει πρὸ δυοῖν ἢ τριῶν ὡρῶν τοῦ λουτροῦ καί φασιν αἰσθάνεσθαι τοῦ πόματος ἀδίψου. δι' οἴνου γε μὴν αὐστηροῦ ποθέντα ξηραίνει γαστέρα. χρῶνται δ' ἀλφίτοις ἔν τισι τῶν ἐθνῶν ἐν ἄρ,pending_llm_review,,
SNRC-00369,Galen,GAL_ALIM-1.11,GAL_ALIM,trigger,heading_eta,\s[ἤἢη]\s,γλυκυς οινος,οἴνῳ γλυκεῖ,σιτος,σῖτον,unreviewed,ὶ οἰνομέλιτι κεκραμένοις ἐν ὕδατι καί ποτε καὶ ὕδατι μόνῳ καὶ πίνειν ἐν τῷ θέρει πρὸ δυοῖν ἢ τριῶν ὡρῶν τοῦ λουτροῦ καί φασιν αἰσθάνεσθαι τοῦ πόματος ἀδίψου. δι' οἴνου γε μὴν αὐστηροῦ ποθέντα ξηραίνει γαστέρα. χρῶνται δ' ἀλφίτοις ἔν τισι τῶν ἐθνῶν ἐν ἄρ,pending_llm_review,,
SNRC-00370,Galen,GAL_ALIM-1.11,GAL_ALIM,trigger,heading_eta,\s[ἤἢη]\s,γλυκυς οινος,οἴνῳ γλυκεῖ,υδωρ,ὕδατι,unreviewed,ὶ οἰνομέλιτι κεκραμένοις ἐν ὕδατι καί ποτε καὶ ὕδατι μόνῳ καὶ πίνειν ἐν τῷ θέρει πρὸ δυοῖν ἢ τριῶν ὡρῶν τοῦ λουτροῦ καί φασιν αἰσθάνεσθαι τοῦ πόματος ἀδίψου. δι' οἴνου γε μὴν αὐστηροῦ ποθέντα ξηραίνει γαστέρα. χρῶνται δ' ἀλφίτοις ἔν τισι τῶν ἐθνῶν ἐν ἄρ,pending_llm_review,,
SNRC-00371,Galen,GAL_ALIM-1.12,GAL_ALIM,trigger,body_kaleitai,καλε[ῖι]ται|καλο[ῦυ]σι|καλο[ύυ]μεν,αλευρον,ἄλευρον,αλφιτον,ἀλφίτοις,unreviewed,"ν ἐξ ἁπάσης μάζης γεννᾶσθαι χυμόν, ὃν αὐτός τε καὶ ὁ διδάσκαλος αὐτοῦ Πραξαγόρας «ὑαλώδη» καλοῦσι. τὸ δ' οὐχ οὕτως ἔχει, μήτε τὸ γλίσχρον ἐχόντων | τῶν ἀλφίτων, ὅπερ ἐν χόνδρῳ μάλιστ' ἐστί, μήτε τὸ τρόφιμον. ἐξαπατᾷ δ' αὐτὸν ἡ ἐπὶ πλέον ἐν οἴνῳ γλυκεῖ καὶ σ",pending_llm_review,,
SNRC-00372,Galen,GAL_ALIM-1.12,GAL_ALIM,trigger,body_kaleitai,καλε[ῖι]ται|καλο[ῦυ]σι|καλο[ύυ]μεν,αλευρον,ἄλευρον,κεγχρος,κέγχρων,unreviewed,"ν ἐξ ἁπάσης μάζης γεννᾶσθαι χυμόν, ὃν αὐτός τε καὶ ὁ διδάσκαλος αὐτοῦ Πραξαγόρας «ὑαλώδη» καλοῦσι. τὸ δ' οὐχ οὕτως ἔχει, μήτε τὸ γλίσχρον ἐχόντων | τῶν ἀλφίτων, ὅπερ ἐν χόνδρῳ μάλιστ' ἐστί, μήτε τὸ τρόφιμον. ἐξαπατᾷ δ' αὐτὸν ἡ ἐπὶ πλέον ἐν οἴνῳ γλυκεῖ καὶ σ",pending_llm_review,,
SNRC-00373,Galen,GAL_ALIM-1.12,GAL_ALIM,trigger,body_kaleitai,καλε[ῖι]ται|καλο[ῦυ]σι|καλο[ύυ]μεν,αλευρον,ἄλευρον,κριθη,κριθῆς,unreviewed,"ν ἐξ ἁπάσης μάζης γεννᾶσθαι χυμόν, ὃν αὐτός τε καὶ ὁ διδάσκαλος αὐτοῦ Πραξαγόρας «ὑαλώδη» καλοῦσι. τὸ δ' οὐχ οὕτως ἔχει, μήτε τὸ γλίσχρον ἐχόντων | τῶν ἀλφίτων, ὅπερ ἐν χόνδρῳ μάλιστ' ἐστί, μήτε τὸ τρόφιμον. ἐξαπατᾷ δ' αὐτὸν ἡ ἐπὶ πλέον ἐν οἴνῳ γλυκεῖ καὶ σ",pending_llm_review,,
SNRC-00374,Galen,GAL_ALIM-1.12,GAL_ALIM,trigger,body_kaleitai,καλε[ῖι]ται|καλο[ῦυ]σι|καλο[ύυ]μεν,αλευρον,ἄλευρον,κοπρωδες,κοπρῶδες,unreviewed,"ν ἐξ ἁπάσης μάζης γεννᾶσθαι χυμόν, ὃν αὐτός τε καὶ ὁ διδάσκαλος αὐτοῦ Πραξαγόρας «ὑαλώδη» καλοῦσι. τὸ δ' οὐχ οὕτως ἔχει, μήτε τὸ γλίσχρον ἐχόντων | τῶν ἀλφίτων, ὅπερ ἐν χόνδρῳ μάλιστ' ἐστί, μήτε τὸ τρόφιμον. ἐξαπατᾷ δ' αὐτὸν ἡ ἐπὶ πλέον ἐν οἴνῳ γλυκεῖ καὶ σ",pending_llm_review,,
SNRC-00375,Galen,GAL_ALIM-1.12,GAL_ALIM,trigger,body_kaleitai,καλε[ῖι]ται|καλο[ῦυ]σι|καλο[ύυ]μεν,αλευρον,ἄλευρον,μελι,μέλι,unreviewed,"ν ἐξ ἁπάσης μάζης γεννᾶσθαι χυμόν, ὃν αὐτός τε καὶ ὁ διδάσκαλος αὐτοῦ Πραξαγόρας «ὑαλώδη» καλοῦσι. τὸ δ' οὐχ οὕτως ἔχει, μήτε τὸ γλίσχρον ἐχόντων | τῶν ἀλφίτων, ὅπερ ἐν χόνδρῳ μάλιστ' ἐστί, μήτε τὸ τρόφιμον. ἐξαπατᾷ δ' αὐτὸν ἡ ἐπὶ πλέον ἐν οἴνῳ γλυκεῖ καὶ σ",pending_llm_review,,
SNRC-00376,Galen,GAL_ALIM-1.12,GAL_ALIM,trigger,body_kaleitai,καλε[ῖι]ται|καλο[ῦυ]σι|καλο[ύυ]μεν,αλευρον,ἄλευρον,οινος,οἴνῳ,unreviewed,"ν ἐξ ἁπάσης μάζης γεννᾶσθαι χυμόν, ὃν αὐτός τε καὶ ὁ διδάσκαλος αὐτοῦ Πραξαγόρας «ὑαλώδη» καλοῦσι. τὸ δ' οὐχ οὕτως ἔχει, μήτε τὸ γλίσχρον ἐχόντων | τῶν ἀλφίτων, ὅπερ ἐν χόνδρῳ μάλιστ' ἐστί, μήτε τὸ τρόφιμον. ἐξαπατᾷ δ' αὐτὸν ἡ ἐπὶ πλέον ἐν οἴνῳ γλυκεῖ καὶ σ",pending_llm_review,,
SNRC-00377,Galen,GAL_ALIM-1.12,GAL_ALIM,trigger,body_kaleitai,καλε[ῖι]ται|καλο[ῦυ]σι|καλο[ύυ]μεν,αλευρον,ἄλευρον,οινος γλυκυς,οἴνῳ γλυκεῖ,unreviewed,"ν ἐξ ἁπάσης μάζης γεννᾶσθαι χυμόν, ὃν αὐτός τε καὶ ὁ διδάσκαλος αὐτοῦ Πραξαγόρας «ὑαλώδη» καλοῦσι. τὸ δ' οὐχ οὕτως ἔχει, μήτε τὸ γλίσχρον ἐχόντων | τῶν ἀλφίτων, ὅπερ ἐν χόνδρῳ μάλιστ' ἐστί, μήτε τὸ τρόφιμον. ἐξαπατᾷ δ' αὐτὸν ἡ ἐπὶ πλέον ἐν οἴνῳ γλυκεῖ καὶ σ",pending_llm_review,,
SNRC-00378,Galen,GAL_ALIM-1.12,GAL_ALIM,trigger,body_kaleitai,καλε[ῖι]ται|καλο[ῦυ]σι|καλο[ύυ]μεν,αλευρον,ἄλευρον,πιτυρωδες,πιτυρῶδες,unreviewed,"ν ἐξ ἁπάσης μάζης γεννᾶσθαι χυμόν, ὃν αὐτός τε καὶ ὁ διδάσκαλος αὐτοῦ Πραξαγόρας «ὑαλώδη» καλοῦσι. τὸ δ' οὐχ οὕτως ἔχει, μήτε τὸ γλίσχρον ἐχόντων | τῶν ἀλφίτων, ὅπερ ἐν χόνδρῳ μάλιστ' ἐστί, μήτε τὸ τρόφιμον. ἐξαπατᾷ δ' αὐτὸν ἡ ἐπὶ πλέον ἐν οἴνῳ γλυκεῖ καὶ σ",pending_llm_review,,
SNRC-00379,Galen,GAL_ALIM-1.12,GAL_ALIM,trigger,body_kaleitai,καλε[ῖι]ται|καλο[ῦυ]σι|καλο[ύυ]μεν,αλευρον,ἄλευρον,πυρος,πυρίνων,unreviewed,"ν ἐξ ἁπάσης μάζης γεννᾶσθαι χυμόν, ὃν αὐτός τε καὶ ὁ διδάσκαλος αὐτοῦ Πραξαγόρας «ὑαλώδη» καλοῦσι. τὸ δ' οὐχ οὕτως ἔχει, μήτε τὸ γλίσχρον ἐχόντων | τῶν ἀλφίτων, ὅπερ ἐν χόνδρῳ μάλιστ' ἐστί, μήτε τὸ τρόφιμον. ἐξαπατᾷ δ' αὐτὸν ἡ ἐπὶ πλέον ἐν οἴνῳ γλυκεῖ καὶ σ",pending_llm_review,,
SNRC-00380,Galen,GAL_ALIM-1.12,GAL_ALIM,trigger,body_kaleitai,καλε[ῖι]ται|καλο[ῦυ]σι|καλο[ύυ]μεν,αλευρον,ἄλευρον,ρυπος,ῥύπον,unreviewed,"ν ἐξ ἁπάσης μάζης γεννᾶσθαι χυμόν, ὃν αὐτός τε καὶ ὁ διδάσκαλος αὐτοῦ Πραξαγόρας «ὑαλώδη» καλοῦσι. τὸ δ' οὐχ οὕτως ἔχει, μήτε τὸ γλίσχρον ἐχόντων | τῶν ἀλφίτων, ὅπερ ἐν χόνδρῳ μάλιστ' ἐστί, μήτε τὸ τρόφιμον. ἐξαπατᾷ δ' αὐτὸν ἡ ἐπὶ πλέον ἐν οἴνῳ γλυκεῖ καὶ σ",pending_llm_review,,
SNRC-00381,Galen,GAL_ALIM-1.12,GAL_ALIM,trigger,body_kaleitai,καλε[ῖι]ται|καλο[ῦυ]σι|καλο[ύυ]μεν,αλευρον,ἄλευρον,σιραιον,σιραίῳ,unreviewed,"ν ἐξ ἁπάσης μάζης γεννᾶσθαι χυμόν, ὃν αὐτός τε καὶ ὁ διδάσκαλος αὐτοῦ Πραξαγόρας «ὑαλώδη» καλοῦσι. τὸ δ' οὐχ οὕτως ἔχει, μήτε τὸ γλίσχρον ἐχόντων | τῶν ἀλφίτων, ὅπερ ἐν χόνδρῳ μάλιστ' ἐστί, μήτε τὸ τρόφιμον. ἐξαπατᾷ δ' αὐτὸν ἡ ἐπὶ πλέον ἐν οἴνῳ γλυκεῖ καὶ σ",pending_llm_review,,
SNRC-00382,Galen,GAL_ALIM-1.12,GAL_ALIM,trigger,body_kaleitai,καλε[ῖι]ται|καλο[ῦυ]σι|καλο[ύυ]μεν,αλευρον,ἄλευρον,υδωρ,ὕδατι,unreviewed,"ν ἐξ ἁπάσης μάζης γεννᾶσθαι χυμόν, ὃν αὐτός τε καὶ ὁ διδάσκαλος αὐτοῦ Πραξαγόρας «ὑαλώδη» καλοῦσι. τὸ δ' οὐχ οὕτως ἔχει, μήτε τὸ γλίσχρον ἐχόντων | τῶν ἀλφίτων, ὅπερ ἐν χόνδρῳ μάλιστ' ἐστί, μήτε τὸ τρόφιμον. ἐξαπατᾷ δ' αὐτὸν ἡ ἐπὶ πλέον ἐν οἴνῳ γλυκεῖ καὶ σ",pending_llm_review,,
SNRC-00383,Galen,GAL_ALIM-1.18,GAL_ALIM,trigger,heading_eta,\s[ἤἢη]\s,αιμα,αἷμα,αλς,ἁλσὶν,unreviewed,"αντίος τῷ στυπτικῷ. διὸ κἂν ἑψήσας τις αὐτοὺς ἐν ὕδατι προςενέγκηται τὸ ὕδωρ, ἡδύνας ἁλσὶν ἢ γάρῳ καὶ μετ' αὐτῶν ἐλαίῳ, διαχωρητικὸν γίγνεται τὸ πόμα. δὶς δ' ἑψηθέντων, ὡς εἴρηται, τῶν φακῶν ἡ ἐξ αὐτῶν σκευαζομένη φακῆ τὴν ἐναντίαν ἔχει δύναμιν τῷ χυλῷ,",pending_llm_review,,
SNRC-00384,Galen,GAL_ALIM-1.18,GAL_ALIM,trigger,heading_eta,\s[ἤἢη]\s,αιμα,αἷμα,ανηθον,ἀνήθῳ,unreviewed,"αντίος τῷ στυπτικῷ. διὸ κἂν ἑψήσας τις αὐτοὺς ἐν ὕδατι προςενέγκηται τὸ ὕδωρ, ἡδύνας ἁλσὶν ἢ γάρῳ καὶ μετ' αὐτῶν ἐλαίῳ, διαχωρητικὸν γίγνεται τὸ πόμα. δὶς δ' ἑψηθέντων, ὡς εἴρηται, τῶν φακῶν ἡ ἐξ αὐτῶν σκευαζομένη φακῆ τὴν ἐναντίαν ἔχει δύναμιν τῷ χυλῷ,",pending_llm_review,,
SNRC-00385,Galen,GAL_ALIM-1.18,GAL_ALIM,trigger,heading_eta,\s[ἤἢη]\s,αιμα,αἷμα,γαρος,γάρῳ,unreviewed,"αντίος τῷ στυπτικῷ. διὸ κἂν ἑψήσας τις αὐτοὺς ἐν ὕδατι προςενέγκηται τὸ ὕδωρ, ἡδύνας ἁλσὶν ἢ γάρῳ καὶ μετ' αὐτῶν ἐλαίῳ, διαχωρητικὸν γίγνεται τὸ πόμα. δὶς δ' ἑψηθέντων, ὡς εἴρηται, τῶν φακῶν ἡ ἐξ αὐτῶν σκευαζομένη φακῆ τὴν ἐναντίαν ἔχει δύναμιν τῷ χυλῷ,",pending_llm_review,,
SNRC-00386,Galen,GAL_ALIM-1.18,GAL_ALIM,trigger,heading_eta,\s[ἤἢη]\s,αιμα,αἷμα,γληχων,γλήχωνος,unreviewed,"αντίος τῷ στυπτικῷ. διὸ κἂν ἑψήσας τις αὐτοὺς ἐν ὕδατι προςενέγκηται τὸ ὕδωρ, ἡδύνας ἁλσὶν ἢ γάρῳ καὶ μετ' αὐτῶν ἐλαίῳ, διαχωρητικὸν γίγνεται τὸ πόμα. δὶς δ' ἑψηθέντων, ὡς εἴρηται, τῶν φακῶν ἡ ἐξ αὐτῶν σκευαζομένη φακῆ τὴν ἐναντίαν ἔχει δύναμιν τῷ χυλῷ,",pending_llm_review,,
SNRC-00387,Galen,GAL_ALIM-1.18,GAL_ALIM,trigger,heading_eta,\s[ἤἢη]\s,αιμα,αἷμα,ελαιον,ἔλαιον,unreviewed,"αντίος τῷ στυπτικῷ. διὸ κἂν ἑψήσας τις αὐτοὺς ἐν ὕδατι προςενέγκηται τὸ ὕδωρ, ἡδύνας ἁλσὶν ἢ γάρῳ καὶ μετ' αὐτῶν ἐλαίῳ, διαχωρητικὸν γίγνεται τὸ πόμα. δὶς δ' ἑψηθέντων, ὡς εἴρηται, τῶν φακῶν ἡ ἐξ αὐτῶν σκευαζομένη φακῆ τὴν ἐναντίαν ἔχει δύναμιν τῷ χυλῷ,",pending_llm_review,,
SNRC-00388,Galen,GAL_ALIM-1.18,GAL_ALIM,trigger,heading_eta,\s[ἤἢη]\s,αιμα,αἷμα,κρεας,κρέας,unreviewed,"αντίος τῷ στυπτικῷ. διὸ κἂν ἑψήσας τις αὐτοὺς ἐν ὕδατι προςενέγκηται τὸ ὕδωρ, ἡδύνας ἁλσὶν ἢ γάρῳ καὶ μετ' αὐτῶν ἐλαίῳ, διαχωρητικὸν γίγνεται τὸ πόμα. δὶς δ' ἑψηθέντων, ὡς εἴρηται, τῶν φακῶν ἡ ἐξ αὐτῶν σκευαζομένη φακῆ τὴν ἐναντίαν ἔχει δύναμιν τῷ χυλῷ,",pending_llm_review,,
SNRC-00389,Galen,GAL_ALIM-1.18,GAL_ALIM,trigger,heading_eta,\s[ἤἢη]\s,αιμα,αἷμα,κρεας χοιρειον,κρέας χοίρειον,unreviewed,"αντίος τῷ στυπτικῷ. διὸ κἂν ἑψήσας τις αὐτοὺς ἐν ὕδατι προςενέγκηται τὸ ὕδωρ, ἡδύνας ἁλσὶν ἢ γάρῳ καὶ μετ' αὐτῶν ἐλαίῳ, διαχωρητικὸν γίγνεται τὸ πόμα. δὶς δ' ἑψηθέντων, ὡς εἴρηται, τῶν φακῶν ἡ ἐξ αὐτῶν σκευαζομένη φακῆ τὴν ἐναντίαν ἔχει δύναμιν τῷ χυλῷ,",pending_llm_review,,
SNRC-00390,Galen,GAL_ALIM-1.18,GAL_ALIM,trigger,heading_eta,\s[ἤἢη]\s,αιμα,αἷμα,μελαγχολικος χυμος,μελαγχολικὸν χυμόν,unreviewed,"αντίος τῷ στυπτικῷ. διὸ κἂν ἑψήσας τις αὐτοὺς ἐν ὕδατι προςενέγκηται τὸ ὕδωρ, ἡδύνας ἁλσὶν ἢ γάρῳ καὶ μετ' αὐτῶν ἐλαίῳ, διαχωρητικὸν γίγνεται τὸ πόμα. δὶς δ' ἑψηθέντων, ὡς εἴρηται, τῶν φακῶν ἡ ἐξ αὐτῶν σκευαζομένη φακῆ τὴν ἐναντίαν ἔχει δύναμιν τῷ χυλῷ,",pending_llm_review,,
SNRC-00391,Galen,GAL_ALIM-1.18,GAL_ALIM,trigger,heading_eta,\s[ἤἢη]\s,αιμα,αἷμα,μελι,μέλιτός,unreviewed,"αντίος τῷ στυπτικῷ. διὸ κἂν ἑψήσας τις αὐτοὺς ἐν ὕδατι προςενέγκηται τὸ ὕδωρ, ἡδύνας ἁλσὶν ἢ γάρῳ καὶ μετ' αὐτῶν ἐλαίῳ, διαχωρητικὸν γίγνεται τὸ πόμα. δὶς δ' ἑψηθέντων, ὡς εἴρηται, τῶν φακῶν ἡ ἐξ αὐτῶν σκευαζομένη φακῆ τὴν ἐναντίαν ἔχει δύναμιν τῷ χυλῷ,",pending_llm_review,,
SNRC-00392,Galen,GAL_ALIM-1.18,GAL_ALIM,trigger,heading_eta,\s[ἤἢη]\s,αιμα,αἷμα,νεαλες,νεαλὲς,unreviewed,"αντίος τῷ στυπτικῷ. διὸ κἂν ἑψήσας τις αὐτοὺς ἐν ὕδατι προςενέγκηται τὸ ὕδωρ, ἡδύνας ἁλσὶν ἢ γάρῳ καὶ μετ' αὐτῶν ἐλαίῳ, διαχωρητικὸν γίγνεται τὸ πόμα. δὶς δ' ἑψηθέντων, ὡς εἴρηται, τῶν φακῶν ἡ ἐξ αὐτῶν σκευαζομένη φακῆ τὴν ἐναντίαν ἔχει δύναμιν τῷ χυλῷ,",pending_llm_review,,
SNRC-00393,Galen,GAL_ALIM-1.18,GAL_ALIM,trigger,heading_eta,\s[ἤἢη]\s,αιμα,αἷμα,πρασον,πράσῳ,unreviewed,"αντίος τῷ στυπτικῷ. διὸ κἂν ἑψήσας τις αὐτοὺς ἐν ὕδατι προςενέγκηται τὸ ὕδωρ, ἡδύνας ἁλσὶν ἢ γάρῳ καὶ μετ' αὐτῶν ἐλαίῳ, διαχωρητικὸν γίγνεται τὸ πόμα. δὶς δ' ἑψηθέντων, ὡς εἴρηται, τῶν φακῶν ἡ ἐξ αὐτῶν σκευαζομένη φακῆ τὴν ἐναντίαν ἔχει δύναμιν τῷ χυλῷ,",pending_llm_review,,
SNRC-00394,Galen,GAL_ALIM-1.18,GAL_ALIM,trigger,heading_eta,\s[ἤἢη]\s,αιμα,αἷμα,σιραιον,σιραίου,unreviewed,"αντίος τῷ στυπτικῷ. διὸ κἂν ἑψήσας τις αὐτοὺς ἐν ὕδατι προςενέγκηται τὸ ὕδωρ, ἡδύνας ἁλσὶν ἢ γάρῳ καὶ μετ' αὐτῶν ἐλαίῳ, διαχωρητικὸν γίγνεται τὸ πόμα. δὶς δ' ἑψηθέντων, ὡς εἴρηται, τῶν φακῶν ἡ ἐξ αὐτῶν σκευαζομένη φακῆ τὴν ἐναντίαν ἔχει δύναμιν τῷ χυλῷ,",pending_llm_review,,
SNRC-00395,Galen,GAL_ALIM-1.25,GAL_ALIM,trigger,heading_eta,\s[ἤἢη]\s,αλς,ἁλῶν,ελαια,ἐλαιῶν,place_qualified_variant,"ν τε καὶ πολυτρόφων. οὐδὲ γὰρ οὐδὲ ποιότητά τινα δραστήριον ἔχει, καθάπερ ἔνια τῶν δριμεῖς ἢ στρυφνοὺς ἢ ἁλυκοὺς ἢ γλυκεῖς ἢ πικροὺς ἐχόντων χυμούς.",pending_llm_review,,
SNRC-00396,Galen,GAL_ALIM-1.25,GAL_ALIM,trigger,heading_eta,\s[ἤἢη]\s,αλς,ἁλῶν,ελαιον,ἔλαιον,unreviewed,"ν τε καὶ πολυτρόφων. οὐδὲ γὰρ οὐδὲ ποιότητά τινα δραστήριον ἔχει, καθάπερ ἔνια τῶν δριμεῖς ἢ στρυφνοὺς ἢ ἁλυκοὺς ἢ γλυκεῖς ἢ πικροὺς ἐχόντων χυμούς.",pending_llm_review,,
SNRC-00397,Galen,GAL_ALIM-1.25,GAL_ALIM,trigger,heading_eta,\s[ἤἢη]\s,αλς,ἁλῶν,γαρος,γάρῳ,unreviewed,"ν τε καὶ πολυτρόφων. οὐδὲ γὰρ οὐδὲ ποιότητά τινα δραστήριον ἔχει, καθάπερ ἔνια τῶν δριμεῖς ἢ στρυφνοὺς ἢ ἁλυκοὺς ἢ γλυκεῖς ἢ πικροὺς ἐχόντων χυμούς.",pending_llm_review,,
SNRC-00398,Galen,GAL_ALIM-1.25,GAL_ALIM,trigger,heading_eta,\s[ἤἢη]\s,αλς,ἁλῶν,καρπος,καρπῶν,unreviewed,"ν τε καὶ πολυτρόφων. οὐδὲ γὰρ οὐδὲ ποιότητά τινα δραστήριον ἔχει, καθάπερ ἔνια τῶν δριμεῖς ἢ στρυφνοὺς ἢ ἁλυκοὺς ἢ γλυκεῖς ἢ πικροὺς ἐχόντων χυμούς.",pending_llm_review,,
SNRC-00399,Galen,GAL_ALIM-1.25,GAL_ALIM,trigger,heading_eta,\s[ἤἢη]\s,αλς,ἁλῶν,λαχανον,λαχάνων,unreviewed,"ν τε καὶ πολυτρόφων. οὐδὲ γὰρ οὐδὲ ποιότητά τινα δραστήριον ἔχει, καθάπερ ἔνια τῶν δριμεῖς ἢ στρυφνοὺς ἢ ἁλυκοὺς ἢ γλυκεῖς ἢ πικροὺς ἐχόντων χυμούς.",pending_llm_review,,
SNRC-00400,Galen,GAL_ALIM-1.25,GAL_ALIM,trigger,heading_eta,\s[ἤἢη]\s,αλς,ἁλῶν,οξος,ὄξος,unreviewed,"ν τε καὶ πολυτρόφων. οὐδὲ γὰρ οὐδὲ ποιότητά τινα δραστήριον ἔχει, καθάπερ ἔνια τῶν δριμεῖς ἢ στρυφνοὺς ἢ ἁλυκοὺς ἢ γλυκεῖς ἢ πικροὺς ἐχόντων χυμούς.",pending_llm_review,,
SNRC-00401,Galen,GAL_ALIM-1.25,GAL_ALIM,trigger,heading_eta,\s[ἤἢη]\s,αλς,ἁλῶν,οινος,οἶνον,unreviewed,"ν τε καὶ πολυτρόφων. οὐδὲ γὰρ οὐδὲ ποιότητά τινα δραστήριον ἔχει, καθάπερ ἔνια τῶν δριμεῖς ἢ στρυφνοὺς ἢ ἁλυκοὺς ἢ γλυκεῖς ἢ πικροὺς ἐχόντων χυμούς.",pending_llm_review,,
SNRC-00402,Galen,GAL_ALIM-1.25,GAL_ALIM,trigger,heading_eta,\s[ἤἢη]\s,αλς,ἁλῶν,οχρος,ὤχροις,unreviewed,"ν τε καὶ πολυτρόφων. οὐδὲ γὰρ οὐδὲ ποιότητά τινα δραστήριον ἔχει, καθάπερ ἔνια τῶν δριμεῖς ἢ στρυφνοὺς ἢ ἁλυκοὺς ἢ γλυκεῖς ἢ πικροὺς ἐχόντων χυμούς.",pending_llm_review,,
SNRC-00403,Galen,GAL_ALIM-1.25,GAL_ALIM,trigger,heading_eta,\s[ἤἢη]\s,αλς,ἁλῶν,θερμος,θέρμοις,unreviewed,"ν τε καὶ πολυτρόφων. οὐδὲ γὰρ οὐδὲ ποιότητά τινα δραστήριον ἔχει, καθάπερ ἔνια τῶν δριμεῖς ἢ στρυφνοὺς ἢ ἁλυκοὺς ἢ γλυκεῖς ἢ πικροὺς ἐχόντων χυμούς.",pending_llm_review,,
SNRC-00404,Galen,GAL_ALIM-1.25,GAL_ALIM,trigger,heading_eta,\s[ἤἢη]\s,αλς,ἁλῶν,τηλις,τήλει,unreviewed,"ν τε καὶ πολυτρόφων. οὐδὲ γὰρ οὐδὲ ποιότητά τινα δραστήριον ἔχει, καθάπερ ἔνια τῶν δριμεῖς ἢ στρυφνοὺς ἢ ἁλυκοὺς ἢ γλυκεῖς ἢ πικροὺς ἐχόντων χυμούς.",pending_llm_review,,
SNRC-00405,Galen,GAL_ALIM-1.25,GAL_ALIM,trigger,heading_eta,\s[ἤἢη]\s,αλς,ἁλῶν,φασηλος,φασήλοις,unreviewed,"ν τε καὶ πολυτρόφων. οὐδὲ γὰρ οὐδὲ ποιότητά τινα δραστήριον ἔχει, καθάπερ ἔνια τῶν δριμεῖς ἢ στρυφνοὺς ἢ ἁλυκοὺς ἢ γλυκεῖς ἢ πικροὺς ἐχόντων χυμούς.",pending_llm_review,,
SNRC-00406,Galen,GAL_ALIM-1.25,GAL_ALIM,trigger,heading_eta,\s[ἤἢη]\s,αλς,ἁλῶν,χυμος,χυμόν,unreviewed,"ν τε καὶ πολυτρόφων. οὐδὲ γὰρ οὐδὲ ποιότητά τινα δραστήριον ἔχει, καθάπερ ἔνια τῶν δριμεῖς ἢ στρυφνοὺς ἢ ἁλυκοὺς ἢ γλυκεῖς ἢ πικροὺς ἐχόντων χυμούς.",pending_llm_review,,
SNRC-00407,Galen,GAL_ALIM-1.28,GAL_ALIM,trigger,heading_hoi_de,ο[ἱι]\s+δ[ὲε],δολιχος,δόλιχος,ερεβινθος,ἐρέβινθος,unreviewed,"μένου δὲ νῦν ὑπὸ τῶν πολλῶν κατὰ τὸν πληθυντικὸν ἀριθμὸν διττῶς. ἔνιοι μὲν γὰρ λοβούς, ἔνιοι δὲ φασηόλους ὀνομάζουσιν αὐτοὺς διὰ τεττάρων συλλαβῶν τὴν φωνὴν προφερόμενοι καὶ κατὰ τοῦτο ποιοῦντες ἕτερον ὄνομα τοῦ διὰ τριῶν συλλαβῶν λεγομένου φασήλου. τινὲς",pending_llm_review,,
SNRC-00408,Galen,GAL_ALIM-1.28,GAL_ALIM,trigger,heading_hoi_de,ο[ἱι]\s+δ[ὲε],δολιχος,δόλιχος,κριθη,κριθὴ,unreviewed,"μένου δὲ νῦν ὑπὸ τῶν πολλῶν κατὰ τὸν πληθυντικὸν ἀριθμὸν διττῶς. ἔνιοι μὲν γὰρ λοβούς, ἔνιοι δὲ φασηόλους ὀνομάζουσιν αὐτοὺς διὰ τεττάρων συλλαβῶν τὴν φωνὴν προφερόμενοι καὶ κατὰ τοῦτο ποιοῦντες ἕτερον ὄνομα τοῦ διὰ τριῶν συλλαβῶν λεγομένου φασήλου. τινὲς",pending_llm_review,,
SNRC-00409,Galen,GAL_ALIM-1.28,GAL_ALIM,trigger,heading_hoi_de,ο[ἱι]\s+δ[ὲε],δολιχος,δόλιχος,κυαμος,κύαμος,unreviewed,"μένου δὲ νῦν ὑπὸ τῶν πολλῶν κατὰ τὸν πληθυντικὸν ἀριθμὸν διττῶς. ἔνιοι μὲν γὰρ λοβούς, ἔνιοι δὲ φασηόλους ὀνομάζουσιν αὐτοὺς διὰ τεττάρων συλλαβῶν τὴν φωνὴν προφερόμενοι καὶ κατὰ τοῦτο ποιοῦντες ἕτερον ὄνομα τοῦ διὰ τριῶν συλλαβῶν λεγομένου φασήλου. τινὲς",pending_llm_review,,
SNRC-00410,Galen,GAL_ALIM-1.28,GAL_ALIM,trigger,heading_hoi_de,ο[ἱι]\s+δ[ὲε],δολιχος,δόλιχος,λαθυρος,λάθυρος,unreviewed,"μένου δὲ νῦν ὑπὸ τῶν πολλῶν κατὰ τὸν πληθυντικὸν ἀριθμὸν διττῶς. ἔνιοι μὲν γὰρ λοβούς, ἔνιοι δὲ φασηόλους ὀνομάζουσιν αὐτοὺς διὰ τεττάρων συλλαβῶν τὴν φωνὴν προφερόμενοι καὶ κατὰ τοῦτο ποιοῦντες ἕτερον ὄνομα τοῦ διὰ τριῶν συλλαβῶν λεγομένου φασήλου. τινὲς",pending_llm_review,,
SNRC-00411,Galen,GAL_ALIM-1.28,GAL_ALIM,trigger,heading_hoi_de,ο[ἱι]\s+δ[ὲε],δολιχος,δόλιχος,οροβος,ὄροβος,unreviewed,"μένου δὲ νῦν ὑπὸ τῶν πολλῶν κατὰ τὸν πληθυντικὸν ἀριθμὸν διττῶς. ἔνιοι μὲν γὰρ λοβούς, ἔνιοι δὲ φασηόλους ὀνομάζουσιν αὐτοὺς διὰ τεττάρων συλλαβῶν τὴν φωνὴν προφερόμενοι καὶ κατὰ τοῦτο ποιοῦντες ἕτερον ὄνομα τοῦ διὰ τριῶν συλλαβῶν λεγομένου φασήλου. τινὲς",pending_llm_review,,
SNRC-00412,Galen,GAL_ALIM-1.28,GAL_ALIM,trigger,heading_hoi_de,ο[ἱι]\s+δ[ὲε],δολιχος,δόλιχος,οσπριον,ὀσπρίων,unreviewed,"μένου δὲ νῦν ὑπὸ τῶν πολλῶν κατὰ τὸν πληθυντικὸν ἀριθμὸν διττῶς. ἔνιοι μὲν γὰρ λοβούς, ἔνιοι δὲ φασηόλους ὀνομάζουσιν αὐτοὺς διὰ τεττάρων συλλαβῶν τὴν φωνὴν προφερόμενοι καὶ κατὰ τοῦτο ποιοῦντες ἕτερον ὄνομα τοῦ διὰ τριῶν συλλαβῶν λεγομένου φασήλου. τινὲς",pending_llm_review,,
SNRC-00413,Galen,GAL_ALIM-1.28,GAL_ALIM,trigger,heading_hoi_de,ο[ἱι]\s+δ[ὲε],δολιχος,δόλιχος,πισος,πισὸς,unreviewed,"μένου δὲ νῦν ὑπὸ τῶν πολλῶν κατὰ τὸν πληθυντικὸν ἀριθμὸν διττῶς. ἔνιοι μὲν γὰρ λοβούς, ἔνιοι δὲ φασηόλους ὀνομάζουσιν αὐτοὺς διὰ τεττάρων συλλαβῶν τὴν φωνὴν προφερόμενοι καὶ κατὰ τοῦτο ποιοῦντες ἕτερον ὄνομα τοῦ διὰ τριῶν συλλαβῶν λεγομένου φασήλου. τινὲς",pending_llm_review,,
SNRC-00414,Galen,GAL_ALIM-1.28,GAL_ALIM,trigger,heading_hoi_de,ο[ἱι]\s+δ[ὲε],δολιχος,δόλιχος,πυρος,πυρὸς,unreviewed,"μένου δὲ νῦν ὑπὸ τῶν πολλῶν κατὰ τὸν πληθυντικὸν ἀριθμὸν διττῶς. ἔνιοι μὲν γὰρ λοβούς, ἔνιοι δὲ φασηόλους ὀνομάζουσιν αὐτοὺς διὰ τεττάρων συλλαβῶν τὴν φωνὴν προφερόμενοι καὶ κατὰ τοῦτο ποιοῦντες ἕτερον ὄνομα τοῦ διὰ τριῶν συλλαβῶν λεγομένου φασήλου. τινὲς",pending_llm_review,,
SNRC-00415,Galen,GAL_ALIM-1.28,GAL_ALIM,trigger,heading_hoi_de,ο[ἱι]\s+δ[ὲε],δολιχος,δόλιχος,φακος,φακὸς,unreviewed,"μένου δὲ νῦν ὑπὸ τῶν πολλῶν κατὰ τὸν πληθυντικὸν ἀριθμὸν διττῶς. ἔνιοι μὲν γὰρ λοβούς, ἔνιοι δὲ φασηόλους ὀνομάζουσιν αὐτοὺς διὰ τεττάρων συλλαβῶν τὴν φωνὴν προφερόμενοι καὶ κατὰ τοῦτο ποιοῦντες ἕτερον ὄνομα τοῦ διὰ τριῶν συλλαβῶν λεγομένου φασήλου. τινὲς",pending_llm_review,,
SNRC-00416,Galen,GAL_ALIM-1.28,GAL_ALIM,trigger,heading_hoi_de,ο[ἱι]\s+δ[ὲε],δολιχος,δόλιχος,φασηλος,φάσηλος,unreviewed,"μένου δὲ νῦν ὑπὸ τῶν πολλῶν κατὰ τὸν πληθυντικὸν ἀριθμὸν διττῶς. ἔνιοι μὲν γὰρ λοβούς, ἔνιοι δὲ φασηόλους ὀνομάζουσιν αὐτοὺς διὰ τεττάρων συλλαβῶν τὴν φωνὴν προφερόμενοι καὶ κατὰ τοῦτο ποιοῦντες ἕτερον ὄνομα τοῦ διὰ τριῶν συλλαβῶν λεγομένου φασήλου. τινὲς",pending_llm_review,,
SNRC-00417,Galen,GAL_ALIM-1.28,GAL_ALIM,trigger,heading_hoi_de,ο[ἱι]\s+δ[ὲε],δολιχος,δόλιχος,θερμος,θέρμος,unreviewed,"μένου δὲ νῦν ὑπὸ τῶν πολλῶν κατὰ τὸν πληθυντικὸν ἀριθμὸν διττῶς. ἔνιοι μὲν γὰρ λοβούς, ἔνιοι δὲ φασηόλους ὀνομάζουσιν αὐτοὺς διὰ τεττάρων συλλαβῶν τὴν φωνὴν προφερόμενοι καὶ κατὰ τοῦτο ποιοῦντες ἕτερον ὄνομα τοῦ διὰ τριῶν συλλαβῶν λεγομένου φασήλου. τινὲς",pending_llm_review,,
SNRC-00418,Galen,GAL_ALIM-1.28,GAL_ALIM,trigger,heading_hoi_de,ο[ἱι]\s+δ[ὲε],δολιχος,δόλιχος,ωχρος,ὦχρος,unreviewed,"μένου δὲ νῦν ὑπὸ τῶν πολλῶν κατὰ τὸν πληθυντικὸν ἀριθμὸν διττῶς. ἔνιοι μὲν γὰρ λοβούς, ἔνιοι δὲ φασηόλους ὀνομάζουσιν αὐτοὺς διὰ τεττάρων συλλαβῶν τὴν φωνὴν προφερόμενοι καὶ κατὰ τοῦτο ποιοῦντες ἕτερον ὄνομα τοῦ διὰ τριῶν συλλαβῶν λεγομένου φασήλου. τινὲς",pending_llm_review,,
SNRC-00419,Galen,GAL_ALIM-1.9,GAL_ALIM,trigger,heading_eta,\s[ἤἢη]\s,αλς,ἅλας,αμυλον,ἄμυλόν,unreviewed,"ημά τε καὶ σίραιον· ἔνιοι δὲ καὶ μέλι καὶ κύμινον ἅμα τούτοις ἐπεμβάλλουσι, κυκεῶνα μᾶλλον ἢ πτισάνην παρασκευάζοντες. ἀλλ' ἥ γε καλῶς σκευασθεῖσα τὰς ὑφ' Ἱπποκράτους εἰρημένας παρέχεται χρείας ὑγιαίνουσί τε καὶ νοσοῦσιν ἀνθρώποις. «τὸ γὰρ γλίχρασμα», φ",pending_llm_review,,
SNRC-00420,Galen,GAL_ALIM-1.9,GAL_ALIM,trigger,heading_eta,\s[ἤἢη]\s,αλς,ἅλας,ανηθον,ἀνήθου,unreviewed,"ημά τε καὶ σίραιον· ἔνιοι δὲ καὶ μέλι καὶ κύμινον ἅμα τούτοις ἐπεμβάλλουσι, κυκεῶνα μᾶλλον ἢ πτισάνην παρασκευάζοντες. ἀλλ' ἥ γε καλῶς σκευασθεῖσα τὰς ὑφ' Ἱπποκράτους εἰρημένας παρέχεται χρείας ὑγιαίνουσί τε καὶ νοσοῦσιν ἀνθρώποις. «τὸ γὰρ γλίχρασμα», φ",pending_llm_review,,
SNRC-00421,Galen,GAL_ALIM-1.9,GAL_ALIM,trigger,heading_eta,\s[ἤἢη]\s,αλς,ἅλας,αρτος,ἄρτος,unreviewed,"ημά τε καὶ σίραιον· ἔνιοι δὲ καὶ μέλι καὶ κύμινον ἅμα τούτοις ἐπεμβάλλουσι, κυκεῶνα μᾶλλον ἢ πτισάνην παρασκευάζοντες. ἀλλ' ἥ γε καλῶς σκευασθεῖσα τὰς ὑφ' Ἱπποκράτους εἰρημένας παρέχεται χρείας ὑγιαίνουσί τε καὶ νοσοῦσιν ἀνθρώποις. «τὸ γὰρ γλίχρασμα», φ",pending_llm_review,,
SNRC-00422,Galen,GAL_ALIM-1.9,GAL_ALIM,trigger,heading_eta,\s[ἤἢη]\s,αλς,ἅλας,ελαιον,ἔλαιον,unreviewed,"ημά τε καὶ σίραιον· ἔνιοι δὲ καὶ μέλι καὶ κύμινον ἅμα τούτοις ἐπεμβάλλουσι, κυκεῶνα μᾶλλον ἢ πτισάνην παρασκευάζοντες. ἀλλ' ἥ γε καλῶς σκευασθεῖσα τὰς ὑφ' Ἱπποκράτους εἰρημένας παρέχεται χρείας ὑγιαίνουσί τε καὶ νοσοῦσιν ἀνθρώποις. «τὸ γὰρ γλίχρασμα», φ",pending_llm_review,,
SNRC-00423,Galen,GAL_ALIM-1.9,GAL_ALIM,trigger,heading_eta,\s[ἤἢη]\s,αλς,ἅλας,κριθη,κριθαί,unreviewed,"ημά τε καὶ σίραιον· ἔνιοι δὲ καὶ μέλι καὶ κύμινον ἅμα τούτοις ἐπεμβάλλουσι, κυκεῶνα μᾶλλον ἢ πτισάνην παρασκευάζοντες. ἀλλ' ἥ γε καλῶς σκευασθεῖσα τὰς ὑφ' Ἱπποκράτους εἰρημένας παρέχεται χρείας ὑγιαίνουσί τε καὶ νοσοῦσιν ἀνθρώποις. «τὸ γὰρ γλίχρασμα», φ",pending_llm_review,,
SNRC-00424,Galen,GAL_ALIM-1.9,GAL_ALIM,trigger,heading_eta,\s[ἤἢη]\s,αλς,ἅλας,κυμινον,κύμινον,unreviewed,"ημά τε καὶ σίραιον· ἔνιοι δὲ καὶ μέλι καὶ κύμινον ἅμα τούτοις ἐπεμβάλλουσι, κυκεῶνα μᾶλλον ἢ πτισάνην παρασκευάζοντες. ἀλλ' ἥ γε καλῶς σκευασθεῖσα τὰς ὑφ' Ἱπποκράτους εἰρημένας παρέχεται χρείας ὑγιαίνουσί τε καὶ νοσοῦσιν ἀνθρώποις. «τὸ γὰρ γλίχρασμα», φ",pending_llm_review,,
SNRC-00425,Galen,GAL_ALIM-1.9,GAL_ALIM,trigger,heading_eta,\s[ἤἢη]\s,αλς,ἅλας,μελι,μέλι,unreviewed,"ημά τε καὶ σίραιον· ἔνιοι δὲ καὶ μέλι καὶ κύμινον ἅμα τούτοις ἐπεμβάλλουσι, κυκεῶνα μᾶλλον ἢ πτισάνην παρασκευάζοντες. ἀλλ' ἥ γε καλῶς σκευασθεῖσα τὰς ὑφ' Ἱπποκράτους εἰρημένας παρέχεται χρείας ὑγιαίνουσί τε καὶ νοσοῦσιν ἀνθρώποις. «τὸ γὰρ γλίχρασμα», φ",pending_llm_review,,
SNRC-00426,Galen,GAL_ALIM-1.9,GAL_ALIM,trigger,heading_eta,\s[ἤἢη]\s,αλς,ἅλας,οξος,ὄξος,unreviewed,"ημά τε καὶ σίραιον· ἔνιοι δὲ καὶ μέλι καὶ κύμινον ἅμα τούτοις ἐπεμβάλλουσι, κυκεῶνα μᾶλλον ἢ πτισάνην παρασκευάζοντες. ἀλλ' ἥ γε καλῶς σκευασθεῖσα τὰς ὑφ' Ἱπποκράτους εἰρημένας παρέχεται χρείας ὑγιαίνουσί τε καὶ νοσοῦσιν ἀνθρώποις. «τὸ γὰρ γλίχρασμα», φ",pending_llm_review,,
SNRC-00427,Galen,GAL_ALIM-1.9,GAL_ALIM,trigger,heading_eta,\s[ἤἢη]\s,αλς,ἅλας,πλυτος αρτος,πλυτὸς ἄρτος,unreviewed,"ημά τε καὶ σίραιον· ἔνιοι δὲ καὶ μέλι καὶ κύμινον ἅμα τούτοις ἐπεμβάλλουσι, κυκεῶνα μᾶλλον ἢ πτισάνην παρασκευάζοντες. ἀλλ' ἥ γε καλῶς σκευασθεῖσα τὰς ὑφ' Ἱπποκράτους εἰρημένας παρέχεται χρείας ὑγιαίνουσί τε καὶ νοσοῦσιν ἀνθρώποις. «τὸ γὰρ γλίχρασμα», φ",pending_llm_review,,
SNRC-00428,Galen,GAL_ALIM-1.9,GAL_ALIM,trigger,heading_eta,\s[ἤἢη]\s,αλς,ἅλας,πρασον,πράσου,unreviewed,"ημά τε καὶ σίραιον· ἔνιοι δὲ καὶ μέλι καὶ κύμινον ἅμα τούτοις ἐπεμβάλλουσι, κυκεῶνα μᾶλλον ἢ πτισάνην παρασκευάζοντες. ἀλλ' ἥ γε καλῶς σκευασθεῖσα τὰς ὑφ' Ἱπποκράτους εἰρημένας παρέχεται χρείας ὑγιαίνουσί τε καὶ νοσοῦσιν ἀνθρώποις. «τὸ γὰρ γλίχρασμα», φ",pending_llm_review,,
SNRC-00429,Galen,GAL_ALIM-1.9,GAL_ALIM,trigger,heading_eta,\s[ἤἢη]\s,αλς,ἅλας,πυρος,πυροί,unreviewed,"ημά τε καὶ σίραιον· ἔνιοι δὲ καὶ μέλι καὶ κύμινον ἅμα τούτοις ἐπεμβάλλουσι, κυκεῶνα μᾶλλον ἢ πτισάνην παρασκευάζοντες. ἀλλ' ἥ γε καλῶς σκευασθεῖσα τὰς ὑφ' Ἱπποκράτους εἰρημένας παρέχεται χρείας ὑγιαίνουσί τε καὶ νοσοῦσιν ἀνθρώποις. «τὸ γὰρ γλίχρασμα», φ",pending_llm_review,,
SNRC-00430,Galen,GAL_ALIM-1.9,GAL_ALIM,trigger,heading_eta,\s[ἤἢη]\s,αλς,ἅλας,σπαρτος,σπάρτος,unreviewed,"ημά τε καὶ σίραιον· ἔνιοι δὲ καὶ μέλι καὶ κύμινον ἅμα τούτοις ἐπεμβάλλουσι, κυκεῶνα μᾶλλον ἢ πτισάνην παρασκευάζοντες. ἀλλ' ἥ γε καλῶς σκευασθεῖσα τὰς ὑφ' Ἱπποκράτους εἰρημένας παρέχεται χρείας ὑγιαίνουσί τε καὶ νοσοῦσιν ἀνθρώποις. «τὸ γὰρ γλίχρασμα», φ",pending_llm_review,,
SNRC-00431,Galen,GAL_ALIM-2.10,GAL_ALIM,trigger,heading_hoi_de,ο[ἱι]\s+δ[ὲε],ισχας,ἰσχάδες,οινος,οἴνοις,unreviewed,"είνους δ' ἐν ταῖς σταφίσιν εἰσὶν αἱ λιπαρώτεραί τε καὶ τὸν οἷον φλοιὸν ἔχουσαι λεπτόν. ἔνιοι δὲ καλῶς ποιοῦντες ἐκ τῶν γλυκειῶν τῶν μεγάλων, οἷαίπέρ εἰσιν αἱ Σκυβελίτιδες, πρὶν ἐσθίειν ἐξαιροῦσι τὰ γίγαρτα. χρονισθεῖσαι δ' οὖν καὶ αὗται σκληρὸν ἔχουσι καὶ",pending_llm_review,,
SNRC-00432,Galen,GAL_ALIM-2.10,GAL_ALIM,trigger,heading_hoi_de,ο[ἱι]\s+δ[ὲε],ισχας,ἰσχάδες,ραξ,ῥαγῶν,unreviewed,"είνους δ' ἐν ταῖς σταφίσιν εἰσὶν αἱ λιπαρώτεραί τε καὶ τὸν οἷον φλοιὸν ἔχουσαι λεπτόν. ἔνιοι δὲ καλῶς ποιοῦντες ἐκ τῶν γλυκειῶν τῶν μεγάλων, οἷαίπέρ εἰσιν αἱ Σκυβελίτιδες, πρὶν ἐσθίειν ἐξαιροῦσι τὰ γίγαρτα. χρονισθεῖσαι δ' οὖν καὶ αὗται σκληρὸν ἔχουσι καὶ",pending_llm_review,,
SNRC-00433,Galen,GAL_ALIM-2.10,GAL_ALIM,trigger,heading_hoi_de,ο[ἱι]\s+δ[ὲε],ισχας,ἰσχάδες,ρητινη,ῥητίνης,unreviewed,"είνους δ' ἐν ταῖς σταφίσιν εἰσὶν αἱ λιπαρώτεραί τε καὶ τὸν οἷον φλοιὸν ἔχουσαι λεπτόν. ἔνιοι δὲ καλῶς ποιοῦντες ἐκ τῶν γλυκειῶν τῶν μεγάλων, οἷαίπέρ εἰσιν αἱ Σκυβελίτιδες, πρὶν ἐσθίειν ἐξαιροῦσι τὰ γίγαρτα. χρονισθεῖσαι δ' οὖν καὶ αὗται σκληρὸν ἔχουσι καὶ",pending_llm_review,,
SNRC-00434,Galen,GAL_ALIM-2.10,GAL_ALIM,trigger,heading_hoi_de,ο[ἱι]\s+δ[ὲε],ισχας,ἰσχάδες,σκυβελιτις,Σκυβελίτιδες,unreviewed,"είνους δ' ἐν ταῖς σταφίσιν εἰσὶν αἱ λιπαρώτεραί τε καὶ τὸν οἷον φλοιὸν ἔχουσαι λεπτόν. ἔνιοι δὲ καλῶς ποιοῦντες ἐκ τῶν γλυκειῶν τῶν μεγάλων, οἷαίπέρ εἰσιν αἱ Σκυβελίτιδες, πρὶν ἐσθίειν ἐξαιροῦσι τὰ γίγαρτα. χρονισθεῖσαι δ' οὖν καὶ αὗται σκληρὸν ἔχουσι καὶ",pending_llm_review,,
SNRC-00435,Galen,GAL_ALIM-2.10,GAL_ALIM,trigger,heading_hoi_de,ο[ἱι]\s+δ[ὲε],ισχας,ἰσχάδες,σταφις,σταφίδες,unreviewed,"είνους δ' ἐν ταῖς σταφίσιν εἰσὶν αἱ λιπαρώτεραί τε καὶ τὸν οἷον φλοιὸν ἔχουσαι λεπτόν. ἔνιοι δὲ καλῶς ποιοῦντες ἐκ τῶν γλυκειῶν τῶν μεγάλων, οἷαίπέρ εἰσιν αἱ Σκυβελίτιδες, πρὶν ἐσθίειν ἐξαιροῦσι τὰ γίγαρτα. χρονισθεῖσαι δ' οὖν καὶ αὗται σκληρὸν ἔχουσι καὶ",pending_llm_review,,
SNRC-00436,Galen,GAL_ALIM-2.10,GAL_ALIM,trigger,heading_hoi_de,ο[ἱι]\s+δ[ὲε],ισχας,ἰσχάδες,σταφις λιπαρα γλυκεια,σταφίδος λιπαρᾶς γλυκείας,unreviewed,"είνους δ' ἐν ταῖς σταφίσιν εἰσὶν αἱ λιπαρώτεραί τε καὶ τὸν οἷον φλοιὸν ἔχουσαι λεπτόν. ἔνιοι δὲ καλῶς ποιοῦντες ἐκ τῶν γλυκειῶν τῶν μεγάλων, οἷαίπέρ εἰσιν αἱ Σκυβελίτιδες, πρὶν ἐσθίειν ἐξαιροῦσι τὰ γίγαρτα. χρονισθεῖσαι δ' οὖν καὶ αὗται σκληρὸν ἔχουσι καὶ",pending_llm_review,,
SNRC-00437,Galen,GAL_ALIM-2.10,GAL_ALIM,trigger,heading_hoi_de,ο[ἱι]\s+δ[ὲε],ισχας,ἰσχάδες,σταφις μελαινα,μελαινῶν σταφίδων,unreviewed,"είνους δ' ἐν ταῖς σταφίσιν εἰσὶν αἱ λιπαρώτεραί τε καὶ τὸν οἷον φλοιὸν ἔχουσαι λεπτόν. ἔνιοι δὲ καλῶς ποιοῦντες ἐκ τῶν γλυκειῶν τῶν μεγάλων, οἷαίπέρ εἰσιν αἱ Σκυβελίτιδες, πρὶν ἐσθίειν ἐξαιροῦσι τὰ γίγαρτα. χρονισθεῖσαι δ' οὖν καὶ αὗται σκληρὸν ἔχουσι καὶ",pending_llm_review,,
SNRC-00438,Galen,GAL_ALIM-2.10,GAL_ALIM,trigger,heading_hoi_de,ο[ἱι]\s+δ[ὲε],ισχας,ἰσχάδες,σταφυλη,σταφυλὰς,unreviewed,"είνους δ' ἐν ταῖς σταφίσιν εἰσὶν αἱ λιπαρώτεραί τε καὶ τὸν οἷον φλοιὸν ἔχουσαι λεπτόν. ἔνιοι δὲ καλῶς ποιοῦντες ἐκ τῶν γλυκειῶν τῶν μεγάλων, οἷαίπέρ εἰσιν αἱ Σκυβελίτιδες, πρὶν ἐσθίειν ἐξαιροῦσι τὰ γίγαρτα. χρονισθεῖσαι δ' οὖν καὶ αὗται σκληρὸν ἔχουσι καὶ",pending_llm_review,,
SNRC-00439,Galen,GAL_ALIM-2.10,GAL_ALIM,trigger,heading_hoi_de,ο[ἱι]\s+δ[ὲε],ισχας,ἰσχάδες,συκον,σῦκα,unreviewed,"είνους δ' ἐν ταῖς σταφίσιν εἰσὶν αἱ λιπαρώτεραί τε καὶ τὸν οἷον φλοιὸν ἔχουσαι λεπτόν. ἔνιοι δὲ καλῶς ποιοῦντες ἐκ τῶν γλυκειῶν τῶν μεγάλων, οἷαίπέρ εἰσιν αἱ Σκυβελίτιδες, πρὶν ἐσθίειν ἐξαιροῦσι τὰ γίγαρτα. χρονισθεῖσαι δ' οὖν καὶ αὗται σκληρὸν ἔχουσι καὶ",pending_llm_review,,
SNRC-00440,Galen,GAL_ALIM-2.10,GAL_ALIM,trigger,heading_hoi_de,ο[ἱι]\s+δ[ὲε],ισχας,ἰσχάδες,υδωρ,ὕδατι,unreviewed,"είνους δ' ἐν ταῖς σταφίσιν εἰσὶν αἱ λιπαρώτεραί τε καὶ τὸν οἷον φλοιὸν ἔχουσαι λεπτόν. ἔνιοι δὲ καλῶς ποιοῦντες ἐκ τῶν γλυκειῶν τῶν μεγάλων, οἷαίπέρ εἰσιν αἱ Σκυβελίτιδες, πρὶν ἐσθίειν ἐξαιροῦσι τὰ γίγαρτα. χρονισθεῖσαι δ' οὖν καὶ αὗται σκληρὸν ἔχουσι καὶ",pending_llm_review,,
SNRC-00441,Galen,GAL_ALIM-2.10,GAL_ALIM,trigger,heading_hoi_de,ο[ἱι]\s+δ[ὲε],ισχας,ἰσχάδες,δερμα,δέρμα,unreviewed,"είνους δ' ἐν ταῖς σταφίσιν εἰσὶν αἱ λιπαρώτεραί τε καὶ τὸν οἷον φλοιὸν ἔχουσαι λεπτόν. ἔνιοι δὲ καλῶς ποιοῦντες ἐκ τῶν γλυκειῶν τῶν μεγάλων, οἷαίπέρ εἰσιν αἱ Σκυβελίτιδες, πρὶν ἐσθίειν ἐξαιροῦσι τὰ γίγαρτα. χρονισθεῖσαι δ' οὖν καὶ αὗται σκληρὸν ἔχουσι καὶ",pending_llm_review,,
SNRC-00442,Galen,GAL_ALIM-2.10,GAL_ALIM,trigger,heading_hoi_de,ο[ἱι]\s+δ[ὲε],ισχας,ἰσχάδες,γιγαρτα,γίγαρτα,unreviewed,"είνους δ' ἐν ταῖς σταφίσιν εἰσὶν αἱ λιπαρώτεραί τε καὶ τὸν οἷον φλοιὸν ἔχουσαι λεπτόν. ἔνιοι δὲ καλῶς ποιοῦντες ἐκ τῶν γλυκειῶν τῶν μεγάλων, οἷαίπέρ εἰσιν αἱ Σκυβελίτιδες, πρὶν ἐσθίειν ἐξαιροῦσι τὰ γίγαρτα. χρονισθεῖσαι δ' οὖν καὶ αὗται σκληρὸν ἔχουσι καὶ",pending_llm_review,,
SNRC-00443,Galen,GAL_ALIM-2.11,GAL_ALIM,trigger,body_kaleitai,καλε[ῖι]ται|καλο[ῦυ]σι|καλο[ύυ]μεν,γαρος,γάρου,ελαια,ἐλαίας,unreviewed,"Περὶ συκαμίνων, ἃ δὴ καὶ μόρα καλοῦσιν",pending_llm_review,,
SNRC-00444,Galen,GAL_ALIM-2.11,GAL_ALIM,trigger,body_kaleitai,καλε[ῖι]ται|καλο[ῦυ]σι|καλο[ύυ]μεν,γαρος,γάρου,ελαιον,ἐλαίου,unreviewed,"Περὶ συκαμίνων, ἃ δὴ καὶ μόρα καλοῦσιν",pending_llm_review,,
SNRC-00445,Galen,GAL_ALIM-2.11,GAL_ALIM,trigger,body_kaleitai,καλε[ῖι]ται|καλο[ῦυ]σι|καλο[ύυ]μεν,γαρος,γάρου,καρυον,τὰ κάρυα,unreviewed,"Περὶ συκαμίνων, ἃ δὴ καὶ μόρα καλοῦσιν",pending_llm_review,,
SNRC-00446,Galen,GAL_ALIM-2.11,GAL_ALIM,trigger,body_kaleitai,καλε[ῖι]ται|καλο[ῦυ]σι|καλο[ύυ]μεν,γαρος,γάρου,κολοκυνθη,κολοκύνθῃ,unreviewed,"Περὶ συκαμίνων, ἃ δὴ καὶ μόρα καλοῦσιν",pending_llm_review,,
SNRC-00447,Galen,GAL_ALIM-2.11,GAL_ALIM,trigger,body_kaleitai,καλε[ῖι]ται|καλο[ῦυ]σι|καλο[ύυ]μεν,γαρος,γάρου,λαχανον,λάχανα,unreviewed,"Περὶ συκαμίνων, ἃ δὴ καὶ μόρα καλοῦσιν",pending_llm_review,,
SNRC-00448,Galen,GAL_ALIM-2.11,GAL_ALIM,trigger,body_kaleitai,καλε[ῖι]ται|καλο[ῦυ]σι|καλο[ύυ]μεν,γαρος,γάρου,μαλαχη,μαλάχας,unreviewed,"Περὶ συκαμίνων, ἃ δὴ καὶ μόρα καλοῦσιν",pending_llm_review,,
SNRC-00449,Galen,GAL_ALIM-2.11,GAL_ALIM,trigger,body_kaleitai,καλε[ῖι]ται|καλο[ῦυ]σι|καλο[ύυ]μεν,γαρος,γάρου,μηλοπεπων,μηλοπέπονι,unreviewed,"Περὶ συκαμίνων, ἃ δὴ καὶ μόρα καλοῦσιν",pending_llm_review,,
SNRC-00450,Galen,GAL_ALIM-2.11,GAL_ALIM,trigger,body_kaleitai,καλε[ῖι]ται|καλο[ῦυ]σι|καλο[ύυ]μεν,γαρος,γάρου,μορον,τὰ μόρα,unreviewed,"Περὶ συκαμίνων, ἃ δὴ καὶ μόρα καλοῦσιν",pending_llm_review,,
SNRC-00451,Galen,GAL_ALIM-2.11,GAL_ALIM,trigger,body_kaleitai,καλε[ῖι]ται|καλο[ῦυ]σι|καλο[ύυ]μεν,γαρος,γάρου,οινος,οἴνοις,unreviewed,"Περὶ συκαμίνων, ἃ δὴ καὶ μόρα καλοῦσιν",pending_llm_review,,
SNRC-00452,Galen,GAL_ALIM-2.11,GAL_ALIM,trigger,body_kaleitai,καλε[ῖι]ται|καλο[ῦυ]σι|καλο[ύυ]μεν,γαρος,γάρου,πεπων,πέποσιν,unreviewed,"Περὶ συκαμίνων, ἃ δὴ καὶ μόρα καλοῦσιν",pending_llm_review,,
SNRC-00453,Galen,GAL_ALIM-2.11,GAL_ALIM,trigger,body_kaleitai,καλε[ῖι]ται|καλο[ῦυ]σι|καλο[ύυ]μεν,γαρος,γάρου,περσικον,τὰ περσικὰ,unreviewed,"Περὶ συκαμίνων, ἃ δὴ καὶ μόρα καλοῦσιν",pending_llm_review,,
SNRC-00454,Galen,GAL_ALIM-2.11,GAL_ALIM,trigger,body_kaleitai,καλε[ῖι]ται|καλο[ῦυ]σι|καλο[ύυ]μεν,γαρος,γάρου,πραικοκκιον,τὰ πραικόκκια,unreviewed,"Περὶ συκαμίνων, ἃ δὴ καὶ μόρα καλοῦσιν",pending_llm_review,,
SNRC-00455,Galen,GAL_ALIM-2.20,GAL_ALIM,trigger,heading_hoi_de,ο[ἱι]\s+δ[ὲε],αρμενιακον,Ἀρμενιακῶν,αρμενιον,Ἀρμένια,unreviewed," ὑπάρχει, λέλεκται πρόσθεν. ἔστι μὲν οὖν ἀμείνω τὰ πραικόκκια καλούμενα τῶν Ἀρμενιακῶν. ὅσοι δὲ φεύγουσι τὴν τῶν πραικοκκίων προσηγορίαν, Ἀρμενιακὰ μῆλα καλοῦσιν ἀμφότερα, τινὲς δ' Ἀρμένια διὰ τεττάρων συλλαβῶν, οὐ πέντε.",pending_llm_review,,
SNRC-00456,Galen,GAL_ALIM-2.20,GAL_ALIM,trigger,heading_hoi_de,ο[ἱι]\s+δ[ὲε],αρμενιακον,Ἀρμενιακῶν,μηλον,μῆλα,unreviewed," ὑπάρχει, λέλεκται πρόσθεν. ἔστι μὲν οὖν ἀμείνω τὰ πραικόκκια καλούμενα τῶν Ἀρμενιακῶν. ὅσοι δὲ φεύγουσι τὴν τῶν πραικοκκίων προσηγορίαν, Ἀρμενιακὰ μῆλα καλοῦσιν ἀμφότερα, τινὲς δ' Ἀρμένια διὰ τεττάρων συλλαβῶν, οὐ πέντε.",pending_llm_review,,
SNRC-00457,Galen,GAL_ALIM-2.20,GAL_ALIM,trigger,heading_hoi_de,ο[ἱι]\s+δ[ὲε],αρμενιακον,Ἀρμενιακῶν,μηλον αρμενιακον,Ἀρμενιακὰ μῆλα,unreviewed," ὑπάρχει, λέλεκται πρόσθεν. ἔστι μὲν οὖν ἀμείνω τὰ πραικόκκια καλούμενα τῶν Ἀρμενιακῶν. ὅσοι δὲ φεύγουσι τὴν τῶν πραικοκκίων προσηγορίαν, Ἀρμενιακὰ μῆλα καλοῦσιν ἀμφότερα, τινὲς δ' Ἀρμένια διὰ τεττάρων συλλαβῶν, οὐ πέντε.",pending_llm_review,,
SNRC-00458,Galen,GAL_ALIM-2.20,GAL_ALIM,trigger,heading_hoi_de,ο[ἱι]\s+δ[ὲε],αρμενιακον,Ἀρμενιακῶν,περσικον,περσικῶν,unreviewed," ὑπάρχει, λέλεκται πρόσθεν. ἔστι μὲν οὖν ἀμείνω τὰ πραικόκκια καλούμενα τῶν Ἀρμενιακῶν. ὅσοι δὲ φεύγουσι τὴν τῶν πραικοκκίων προσηγορίαν, Ἀρμενιακὰ μῆλα καλοῦσιν ἀμφότερα, τινὲς δ' Ἀρμένια διὰ τεττάρων συλλαβῶν, οὐ πέντε.",pending_llm_review,,
SNRC-00459,Galen,GAL_ALIM-2.20,GAL_ALIM,trigger,heading_hoi_de,ο[ἱι]\s+δ[ὲε],αρμενιακον,Ἀρμενιακῶν,πραικοκκιον,πραικόκκια,unreviewed," ὑπάρχει, λέλεκται πρόσθεν. ἔστι μὲν οὖν ἀμείνω τὰ πραικόκκια καλούμενα τῶν Ἀρμενιακῶν. ὅσοι δὲ φεύγουσι τὴν τῶν πραικοκκίων προσηγορίαν, Ἀρμενιακὰ μῆλα καλοῦσιν ἀμφότερα, τινὲς δ' Ἀρμένια διὰ τεττάρων συλλαβῶν, οὐ πέντε.",pending_llm_review,,
SNRC-00460,Galen,GAL_ALIM-2.20,GAL_ALIM,trigger,heading_hoi_de,ο[ἱι]\s+δ[ὲε],αρμενιακον,Ἀρμενιακῶν,χυμος,χυμῶν,unreviewed," ὑπάρχει, λέλεκται πρόσθεν. ἔστι μὲν οὖν ἀμείνω τὰ πραικόκκια καλούμενα τῶν Ἀρμενιακῶν. ὅσοι δὲ φεύγουσι τὴν τῶν πραικοκκίων προσηγορίαν, Ἀρμενιακὰ μῆλα καλοῦσιν ἀμφότερα, τινὲς δ' Ἀρμένια διὰ τεττάρων συλλαβῶν, οὐ πέντε.",pending_llm_review,,
SNRC-00461,Galen,GAL_ALIM-2.20,GAL_ALIM,trigger,heading_hoi_de,ο[ἱι]\s+δ[ὲε],αρμενιον,Ἀρμένια,μηλον,μῆλα,unreviewed," ὑπάρχει, λέλεκται πρόσθεν. ἔστι μὲν οὖν ἀμείνω τὰ πραικόκκια καλούμενα τῶν Ἀρμενιακῶν. ὅσοι δὲ φεύγουσι τὴν τῶν πραικοκκίων προσηγορίαν, Ἀρμενιακὰ μῆλα καλοῦσιν ἀμφότερα, τινὲς δ' Ἀρμένια διὰ τεττάρων συλλαβῶν, οὐ πέντε.",pending_llm_review,,
SNRC-00462,Galen,GAL_ALIM-2.20,GAL_ALIM,trigger,heading_hoi_de,ο[ἱι]\s+δ[ὲε],αρμενιον,Ἀρμένια,μηλον αρμενιακον,Ἀρμενιακὰ μῆλα,unreviewed," ὑπάρχει, λέλεκται πρόσθεν. ἔστι μὲν οὖν ἀμείνω τὰ πραικόκκια καλούμενα τῶν Ἀρμενιακῶν. ὅσοι δὲ φεύγουσι τὴν τῶν πραικοκκίων προσηγορίαν, Ἀρμενιακὰ μῆλα καλοῦσιν ἀμφότερα, τινὲς δ' Ἀρμένια διὰ τεττάρων συλλαβῶν, οὐ πέντε.",pending_llm_review,,
SNRC-00463,Galen,GAL_ALIM-2.20,GAL_ALIM,trigger,heading_hoi_de,ο[ἱι]\s+δ[ὲε],αρμενιον,Ἀρμένια,περσικον,περσικῶν,unreviewed," ὑπάρχει, λέλεκται πρόσθεν. ἔστι μὲν οὖν ἀμείνω τὰ πραικόκκια καλούμενα τῶν Ἀρμενιακῶν. ὅσοι δὲ φεύγουσι τὴν τῶν πραικοκκίων προσηγορίαν, Ἀρμενιακὰ μῆλα καλοῦσιν ἀμφότερα, τινὲς δ' Ἀρμένια διὰ τεττάρων συλλαβῶν, οὐ πέντε.",pending_llm_review,,
SNRC-00464,Galen,GAL_ALIM-2.20,GAL_ALIM,trigger,heading_hoi_de,ο[ἱι]\s+δ[ὲε],αρμενιον,Ἀρμένια,πραικοκκιον,πραικόκκια,unreviewed," ὑπάρχει, λέλεκται πρόσθεν. ἔστι μὲν οὖν ἀμείνω τὰ πραικόκκια καλούμενα τῶν Ἀρμενιακῶν. ὅσοι δὲ φεύγουσι τὴν τῶν πραικοκκίων προσηγορίαν, Ἀρμενιακὰ μῆλα καλοῦσιν ἀμφότερα, τινὲς δ' Ἀρμένια διὰ τεττάρων συλλαβῶν, οὐ πέντε.",pending_llm_review,,
SNRC-00465,Galen,GAL_ALIM-2.20,GAL_ALIM,trigger,heading_hoi_de,ο[ἱι]\s+δ[ὲε],αρμενιον,Ἀρμένια,χυμος,χυμῶν,unreviewed," ὑπάρχει, λέλεκται πρόσθεν. ἔστι μὲν οὖν ἀμείνω τὰ πραικόκκια καλούμενα τῶν Ἀρμενιακῶν. ὅσοι δὲ φεύγουσι τὴν τῶν πραικοκκίων προσηγορίαν, Ἀρμενιακὰ μῆλα καλοῦσιν ἀμφότερα, τινὲς δ' Ἀρμένια διὰ τεττάρων συλλαβῶν, οὐ πέντε.",pending_llm_review,,
SNRC-00466,Galen,GAL_ALIM-2.20,GAL_ALIM,trigger,heading_hoi_de,ο[ἱι]\s+δ[ὲε],μηλον,μῆλα,μηλον αρμενιακον,Ἀρμενιακὰ μῆλα,variant," ὑπάρχει, λέλεκται πρόσθεν. ἔστι μὲν οὖν ἀμείνω τὰ πραικόκκια καλούμενα τῶν Ἀρμενιακῶν. ὅσοι δὲ φεύγουσι τὴν τῶν πραικοκκίων προσηγορίαν, Ἀρμενιακὰ μῆλα καλοῦσιν ἀμφότερα, τινὲς δ' Ἀρμένια διὰ τεττάρων συλλαβῶν, οὐ πέντε.",pending_llm_review,,
SNRC-00467,Galen,GAL_ALIM-2.24,GAL_ALIM,trigger,heading_eta,\s[ἤἢη]\s,αλφιτον,ἄλφιτον,απιος,ἄπιοι,unreviewed,"ὸς ἔτι νεωτέρου περὶ αὐτῶν ἑτέρου δεήσῃ λόγου. καὶ γὰρ ἐν ταύταις ἔνιαι μὲν αὐστηραὶ μόνον ἢ στρυφναὶ φαίνονται, καθάπερ γε τινὲς μὲν ὀξεῖαι, τινὲς δὲ γλυκεῖαι, τινὲς δ' ἐκ τῆς τούτων μίξεως συγκείμεναι, καὶ τινὲς ὅλως οὐδεμίαν ἔχου|σαι τοιαύτην ἐπικρατ",pending_llm_review,,
SNRC-00468,Galen,GAL_ALIM-2.24,GAL_ALIM,trigger,heading_eta,\s[ἤἢη]\s,αλφιτον,ἄλφιτον,μηλον,μήλων,unreviewed,"ὸς ἔτι νεωτέρου περὶ αὐτῶν ἑτέρου δεήσῃ λόγου. καὶ γὰρ ἐν ταύταις ἔνιαι μὲν αὐστηραὶ μόνον ἢ στρυφναὶ φαίνονται, καθάπερ γε τινὲς μὲν ὀξεῖαι, τινὲς δὲ γλυκεῖαι, τινὲς δ' ἐκ τῆς τούτων μίξεως συγκείμεναι, καὶ τινὲς ὅλως οὐδεμίαν ἔχου|σαι τοιαύτην ἐπικρατ",pending_llm_review,,
SNRC-00469,Galen,GAL_ALIM-2.24,GAL_ALIM,trigger,heading_eta,\s[ἤἢη]\s,αλφιτον,ἄλφιτον,μναια,μναίας,unreviewed,"ὸς ἔτι νεωτέρου περὶ αὐτῶν ἑτέρου δεήσῃ λόγου. καὶ γὰρ ἐν ταύταις ἔνιαι μὲν αὐστηραὶ μόνον ἢ στρυφναὶ φαίνονται, καθάπερ γε τινὲς μὲν ὀξεῖαι, τινὲς δὲ γλυκεῖαι, τινὲς δ' ἐκ τῆς τούτων μίξεως συγκείμεναι, καὶ τινὲς ὅλως οὐδεμίαν ἔχου|σαι τοιαύτην ἐπικρατ",pending_llm_review,,
SNRC-00470,Galen,GAL_ALIM-2.24,GAL_ALIM,trigger,heading_eta,\s[ἤἢη]\s,αλφιτον,ἄλφιτον,ουον,οὔων,unreviewed,"ὸς ἔτι νεωτέρου περὶ αὐτῶν ἑτέρου δεήσῃ λόγου. καὶ γὰρ ἐν ταύταις ἔνιαι μὲν αὐστηραὶ μόνον ἢ στρυφναὶ φαίνονται, καθάπερ γε τινὲς μὲν ὀξεῖαι, τινὲς δὲ γλυκεῖαι, τινὲς δ' ἐκ τῆς τούτων μίξεως συγκείμεναι, καὶ τινὲς ὅλως οὐδεμίαν ἔχου|σαι τοιαύτην ἐπικρατ",pending_llm_review,,
SNRC-00471,Galen,GAL_ALIM-2.24,GAL_ALIM,trigger,heading_eta,\s[ἤἢη]\s,αλφιτον,ἄλφιτον,ροια,ῥόαι,unreviewed,"ὸς ἔτι νεωτέρου περὶ αὐτῶν ἑτέρου δεήσῃ λόγου. καὶ γὰρ ἐν ταύταις ἔνιαι μὲν αὐστηραὶ μόνον ἢ στρυφναὶ φαίνονται, καθάπερ γε τινὲς μὲν ὀξεῖαι, τινὲς δὲ γλυκεῖαι, τινὲς δ' ἐκ τῆς τούτων μίξεως συγκείμεναι, καὶ τινὲς ὅλως οὐδεμίαν ἔχου|σαι τοιαύτην ἐπικρατ",pending_llm_review,,
SNRC-00472,Galen,GAL_ALIM-2.24,GAL_ALIM,trigger,heading_eta,\s[ἤἢη]\s,αλφιτον,ἄλφιτον,υδωρ,ὕδατος,unreviewed,"ὸς ἔτι νεωτέρου περὶ αὐτῶν ἑτέρου δεήσῃ λόγου. καὶ γὰρ ἐν ταύταις ἔνιαι μὲν αὐστηραὶ μόνον ἢ στρυφναὶ φαίνονται, καθάπερ γε τινὲς μὲν ὀξεῖαι, τινὲς δὲ γλυκεῖαι, τινὲς δ' ἐκ τῆς τούτων μίξεως συγκείμεναι, καὶ τινὲς ὅλως οὐδεμίαν ἔχου|σαι τοιαύτην ἐπικρατ",pending_llm_review,,
SNRC-00473,Galen,GAL_ALIM-2.24,GAL_ALIM,trigger,heading_eta,\s[ἤἢη]\s,αλφιτον,ἄλφιτον,χυμος,χυμῶν,unreviewed,"ὸς ἔτι νεωτέρου περὶ αὐτῶν ἑτέρου δεήσῃ λόγου. καὶ γὰρ ἐν ταύταις ἔνιαι μὲν αὐστηραὶ μόνον ἢ στρυφναὶ φαίνονται, καθάπερ γε τινὲς μὲν ὀξεῖαι, τινὲς δὲ γλυκεῖαι, τινὲς δ' ἐκ τῆς τούτων μίξεως συγκείμεναι, καὶ τινὲς ὅλως οὐδεμίαν ἔχου|σαι τοιαύτην ἐπικρατ",pending_llm_review,,
SNRC-00474,Galen,GAL_ALIM-2.24,GAL_ALIM,trigger,heading_eta,\s[ἤἢη]\s,απιος,ἄπιοι,μηλον,μήλων,unreviewed,"ὸς ἔτι νεωτέρου περὶ αὐτῶν ἑτέρου δεήσῃ λόγου. καὶ γὰρ ἐν ταύταις ἔνιαι μὲν αὐστηραὶ μόνον ἢ στρυφναὶ φαίνονται, καθάπερ γε τινὲς μὲν ὀξεῖαι, τινὲς δὲ γλυκεῖαι, τινὲς δ' ἐκ τῆς τούτων μίξεως συγκείμεναι, καὶ τινὲς ὅλως οὐδεμίαν ἔχου|σαι τοιαύτην ἐπικρατ",pending_llm_review,,
SNRC-00475,Galen,GAL_ALIM-2.24,GAL_ALIM,trigger,heading_eta,\s[ἤἢη]\s,απιος,ἄπιοι,μναια,μναίας,unreviewed,"ὸς ἔτι νεωτέρου περὶ αὐτῶν ἑτέρου δεήσῃ λόγου. καὶ γὰρ ἐν ταύταις ἔνιαι μὲν αὐστηραὶ μόνον ἢ στρυφναὶ φαίνονται, καθάπερ γε τινὲς μὲν ὀξεῖαι, τινὲς δὲ γλυκεῖαι, τινὲς δ' ἐκ τῆς τούτων μίξεως συγκείμεναι, καὶ τινὲς ὅλως οὐδεμίαν ἔχου|σαι τοιαύτην ἐπικρατ",pending_llm_review,,
SNRC-00476,Galen,GAL_ALIM-2.24,GAL_ALIM,trigger,heading_eta,\s[ἤἢη]\s,απιος,ἄπιοι,ουον,οὔων,unreviewed,"ὸς ἔτι νεωτέρου περὶ αὐτῶν ἑτέρου δεήσῃ λόγου. καὶ γὰρ ἐν ταύταις ἔνιαι μὲν αὐστηραὶ μόνον ἢ στρυφναὶ φαίνονται, καθάπερ γε τινὲς μὲν ὀξεῖαι, τινὲς δὲ γλυκεῖαι, τινὲς δ' ἐκ τῆς τούτων μίξεως συγκείμεναι, καὶ τινὲς ὅλως οὐδεμίαν ἔχου|σαι τοιαύτην ἐπικρατ",pending_llm_review,,
SNRC-00477,Galen,GAL_ALIM-2.24,GAL_ALIM,trigger,heading_eta,\s[ἤἢη]\s,απιος,ἄπιοι,ροια,ῥόαι,unreviewed,"ὸς ἔτι νεωτέρου περὶ αὐτῶν ἑτέρου δεήσῃ λόγου. καὶ γὰρ ἐν ταύταις ἔνιαι μὲν αὐστηραὶ μόνον ἢ στρυφναὶ φαίνονται, καθάπερ γε τινὲς μὲν ὀξεῖαι, τινὲς δὲ γλυκεῖαι, τινὲς δ' ἐκ τῆς τούτων μίξεως συγκείμεναι, καὶ τινὲς ὅλως οὐδεμίαν ἔχου|σαι τοιαύτην ἐπικρατ",pending_llm_review,,
SNRC-00478,Galen,GAL_ALIM-2.24,GAL_ALIM,trigger,heading_eta,\s[ἤἢη]\s,απιος,ἄπιοι,υδωρ,ὕδατος,unreviewed,"ὸς ἔτι νεωτέρου περὶ αὐτῶν ἑτέρου δεήσῃ λόγου. καὶ γὰρ ἐν ταύταις ἔνιαι μὲν αὐστηραὶ μόνον ἢ στρυφναὶ φαίνονται, καθάπερ γε τινὲς μὲν ὀξεῖαι, τινὲς δὲ γλυκεῖαι, τινὲς δ' ἐκ τῆς τούτων μίξεως συγκείμεναι, καὶ τινὲς ὅλως οὐδεμίαν ἔχου|σαι τοιαύτην ἐπικρατ",pending_llm_review,,
SNRC-00479,Galen,GAL_ALIM-2.26,GAL_ALIM,trigger,heading_hoi_de,ο[ἱι]\s+δ[ὲε],βαλανος,βαλάνους,βαλανος φοινικος,βαλάνους φοινίκων,variant,"φεκτικός. ἅπαντες δ' οἱ φοίνικες δύσπεπτοί τ' εἰσὶ καὶ κεφαλαλγεῖς πλείονες βρωθέντες. ἔνιοι δὲ καὶ δήξεώς τινος αἴσθησιν ἐμποιοῦσι τῷ στόματι τῆς κοιλίας, οἳ δὴ καὶ μᾶλλόν εἰσι κεφαλαλγεῖς. εἴρηται δὲ πολλάκις, ὅτι τὸ στόμα τῆς κοιλίας στόμαχον ὀνομάζουσ",pending_llm_review,,
SNRC-00480,Galen,GAL_ALIM-2.26,GAL_ALIM,trigger,heading_hoi_de,ο[ἱι]\s+δ[ὲε],βαλανος,βαλάνους,καρυωτος,καρυωτοί,unreviewed,"φεκτικός. ἅπαντες δ' οἱ φοίνικες δύσπεπτοί τ' εἰσὶ καὶ κεφαλαλγεῖς πλείονες βρωθέντες. ἔνιοι δὲ καὶ δήξεώς τινος αἴσθησιν ἐμποιοῦσι τῷ στόματι τῆς κοιλίας, οἳ δὴ καὶ μᾶλλόν εἰσι κεφαλαλγεῖς. εἴρηται δὲ πολλάκις, ὅτι τὸ στόμα τῆς κοιλίας στόμαχον ὀνομάζουσ",pending_llm_review,,
SNRC-00481,Galen,GAL_ALIM-2.26,GAL_ALIM,trigger,heading_hoi_de,ο[ἱι]\s+δ[ὲε],βαλανος,βαλάνους,ισχας,ἰσχάδας,unreviewed,"φεκτικός. ἅπαντες δ' οἱ φοίνικες δύσπεπτοί τ' εἰσὶ καὶ κεφαλαλγεῖς πλείονες βρωθέντες. ἔνιοι δὲ καὶ δήξεώς τινος αἴσθησιν ἐμποιοῦσι τῷ στόματι τῆς κοιλίας, οἳ δὴ καὶ μᾶλλόν εἰσι κεφαλαλγεῖς. εἴρηται δὲ πολλάκις, ὅτι τὸ στόμα τῆς κοιλίας στόμαχον ὀνομάζουσ",pending_llm_review,,
SNRC-00482,Galen,GAL_ALIM-2.26,GAL_ALIM,trigger,heading_hoi_de,ο[ἱι]\s+δ[ὲε],βαλανος,βαλάνους,συκον,σῦκα,unreviewed,"φεκτικός. ἅπαντες δ' οἱ φοίνικες δύσπεπτοί τ' εἰσὶ καὶ κεφαλαλγεῖς πλείονες βρωθέντες. ἔνιοι δὲ καὶ δήξεώς τινος αἴσθησιν ἐμποιοῦσι τῷ στόματι τῆς κοιλίας, οἳ δὴ καὶ μᾶλλόν εἰσι κεφαλαλγεῖς. εἴρηται δὲ πολλάκις, ὅτι τὸ στόμα τῆς κοιλίας στόμαχον ὀνομάζουσ",pending_llm_review,,
SNRC-00483,Galen,GAL_ALIM-2.26,GAL_ALIM,trigger,heading_hoi_de,ο[ἱι]\s+δ[ὲε],βαλανος,βαλάνους,φοινιξ,φοίνικες,unreviewed,"φεκτικός. ἅπαντες δ' οἱ φοίνικες δύσπεπτοί τ' εἰσὶ καὶ κεφαλαλγεῖς πλείονες βρωθέντες. ἔνιοι δὲ καὶ δήξεώς τινος αἴσθησιν ἐμποιοῦσι τῷ στόματι τῆς κοιλίας, οἳ δὴ καὶ μᾶλλόν εἰσι κεφαλαλγεῖς. εἴρηται δὲ πολλάκις, ὅτι τὸ στόμα τῆς κοιλίας στόμαχον ὀνομάζουσ",pending_llm_review,,
SNRC-00484,Galen,GAL_ALIM-2.26,GAL_ALIM,trigger,heading_hoi_de,ο[ἱι]\s+δ[ὲε],βαλανος,βαλάνους,χλωρος φοινιξ,χλωροὶ φοίνικες,unreviewed,"φεκτικός. ἅπαντες δ' οἱ φοίνικες δύσπεπτοί τ' εἰσὶ καὶ κεφαλαλγεῖς πλείονες βρωθέντες. ἔνιοι δὲ καὶ δήξεώς τινος αἴσθησιν ἐμποιοῦσι τῷ στόματι τῆς κοιλίας, οἳ δὴ καὶ μᾶλλόν εἰσι κεφαλαλγεῖς. εἴρηται δὲ πολλάκις, ὅτι τὸ στόμα τῆς κοιλίας στόμαχον ὀνομάζουσ",pending_llm_review,,
SNRC-00485,Galen,GAL_ALIM-2.26,GAL_ALIM,trigger,heading_hoi_de,ο[ἱι]\s+δ[ὲε],βαλανος φοινικος,βαλάνους φοινίκων,καρυωτος,καρυωτοί,unreviewed,"φεκτικός. ἅπαντες δ' οἱ φοίνικες δύσπεπτοί τ' εἰσὶ καὶ κεφαλαλγεῖς πλείονες βρωθέντες. ἔνιοι δὲ καὶ δήξεώς τινος αἴσθησιν ἐμποιοῦσι τῷ στόματι τῆς κοιλίας, οἳ δὴ καὶ μᾶλλόν εἰσι κεφαλαλγεῖς. εἴρηται δὲ πολλάκις, ὅτι τὸ στόμα τῆς κοιλίας στόμαχον ὀνομάζουσ",pending_llm_review,,
SNRC-00486,Galen,GAL_ALIM-2.26,GAL_ALIM,trigger,heading_hoi_de,ο[ἱι]\s+δ[ὲε],βαλανος φοινικος,βαλάνους φοινίκων,ισχας,ἰσχάδας,unreviewed,"φεκτικός. ἅπαντες δ' οἱ φοίνικες δύσπεπτοί τ' εἰσὶ καὶ κεφαλαλγεῖς πλείονες βρωθέντες. ἔνιοι δὲ καὶ δήξεώς τινος αἴσθησιν ἐμποιοῦσι τῷ στόματι τῆς κοιλίας, οἳ δὴ καὶ μᾶλλόν εἰσι κεφαλαλγεῖς. εἴρηται δὲ πολλάκις, ὅτι τὸ στόμα τῆς κοιλίας στόμαχον ὀνομάζουσ",pending_llm_review,,
SNRC-00487,Galen,GAL_ALIM-2.26,GAL_ALIM,trigger,heading_hoi_de,ο[ἱι]\s+δ[ὲε],βαλανος φοινικος,βαλάνους φοινίκων,συκον,σῦκα,unreviewed,"φεκτικός. ἅπαντες δ' οἱ φοίνικες δύσπεπτοί τ' εἰσὶ καὶ κεφαλαλγεῖς πλείονες βρωθέντες. ἔνιοι δὲ καὶ δήξεώς τινος αἴσθησιν ἐμποιοῦσι τῷ στόματι τῆς κοιλίας, οἳ δὴ καὶ μᾶλλόν εἰσι κεφαλαλγεῖς. εἴρηται δὲ πολλάκις, ὅτι τὸ στόμα τῆς κοιλίας στόμαχον ὀνομάζουσ",pending_llm_review,,
SNRC-00488,Galen,GAL_ALIM-2.26,GAL_ALIM,trigger,heading_hoi_de,ο[ἱι]\s+δ[ὲε],βαλανος φοινικος,βαλάνους φοινίκων,φοινιξ,φοίνικες,unreviewed,"φεκτικός. ἅπαντες δ' οἱ φοίνικες δύσπεπτοί τ' εἰσὶ καὶ κεφαλαλγεῖς πλείονες βρωθέντες. ἔνιοι δὲ καὶ δήξεώς τινος αἴσθησιν ἐμποιοῦσι τῷ στόματι τῆς κοιλίας, οἳ δὴ καὶ μᾶλλόν εἰσι κεφαλαλγεῖς. εἴρηται δὲ πολλάκις, ὅτι τὸ στόμα τῆς κοιλίας στόμαχον ὀνομάζουσ",pending_llm_review,,
SNRC-00489,Galen,GAL_ALIM-2.26,GAL_ALIM,trigger,heading_hoi_de,ο[ἱι]\s+δ[ὲε],βαλανος φοινικος,βαλάνους φοινίκων,χλωρος φοινιξ,χλωροὶ φοίνικες,unreviewed,"φεκτικός. ἅπαντες δ' οἱ φοίνικες δύσπεπτοί τ' εἰσὶ καὶ κεφαλαλγεῖς πλείονες βρωθέντες. ἔνιοι δὲ καὶ δήξεώς τινος αἴσθησιν ἐμποιοῦσι τῷ στόματι τῆς κοιλίας, οἳ δὴ καὶ μᾶλλόν εἰσι κεφαλαλγεῖς. εἴρηται δὲ πολλάκις, ὅτι τὸ στόμα τῆς κοιλίας στόμαχον ὀνομάζουσ",pending_llm_review,,
SNRC-00490,Galen,GAL_ALIM-2.26,GAL_ALIM,trigger,heading_hoi_de,ο[ἱι]\s+δ[ὲε],καρυωτος,καρυωτοί,ισχας,ἰσχάδας,unreviewed,"φεκτικός. ἅπαντες δ' οἱ φοίνικες δύσπεπτοί τ' εἰσὶ καὶ κεφαλαλγεῖς πλείονες βρωθέντες. ἔνιοι δὲ καὶ δήξεώς τινος αἴσθησιν ἐμποιοῦσι τῷ στόματι τῆς κοιλίας, οἳ δὴ καὶ μᾶλλόν εἰσι κεφαλαλγεῖς. εἴρηται δὲ πολλάκις, ὅτι τὸ στόμα τῆς κοιλίας στόμαχον ὀνομάζουσ",pending_llm_review,,
SNRC-00491,Galen,GAL_ALIM-2.3,GAL_ALIM,trigger,heading_eta,\s[ἤἢη]\s,κολοκυνθη,κολοκύνθη,μηλον,μῆλοις,unreviewed," καὶ ταύτην γοῦν καὶ ἄλλα πολλὰ τῶν ὡραίων ἅπαντες ἄνθρωποι μετὰ τὴν ἕψησιν ἤτοι γ' εὐθέως ἢ ταγηνίσαντες ἢ ὀπτήσαντες εἰώθασι προσφέρεσθαι. καί σοι καὶ οὗτος ἐν τῇ μνήμῃ φυλαττέσθω ὁ λόγος, κοινὸς ἐπὶ πᾶσι τοῖς δεομένοις ἀλλοιώσεως τυχεῖν τῆς διὰ πυρός",pending_llm_review,,
SNRC-00492,Galen,GAL_ALIM-2.3,GAL_ALIM,trigger,heading_eta,\s[ἤἢη]\s,κολοκυνθη,κολοκύνθη,μηλον κυδωνιον,μήλοις κυδωνίοις,unreviewed," καὶ ταύτην γοῦν καὶ ἄλλα πολλὰ τῶν ὡραίων ἅπαντες ἄνθρωποι μετὰ τὴν ἕψησιν ἤτοι γ' εὐθέως ἢ ταγηνίσαντες ἢ ὀπτήσαντες εἰώθασι προσφέρεσθαι. καί σοι καὶ οὗτος ἐν τῇ μνήμῃ φυλαττέσθω ὁ λόγος, κοινὸς ἐπὶ πᾶσι τοῖς δεομένοις ἀλλοιώσεως τυχεῖν τῆς διὰ πυρός",pending_llm_review,,
SNRC-00493,Galen,GAL_ALIM-2.3,GAL_ALIM,trigger,heading_eta,\s[ἤἢη]\s,κολοκυνθη,κολοκύνθη,μυλλος,μύλλους,place_qualified_variant," καὶ ταύτην γοῦν καὶ ἄλλα πολλὰ τῶν ὡραίων ἅπαντες ἄνθρωποι μετὰ τὴν ἕψησιν ἤτοι γ' εὐθέως ἢ ταγηνίσαντες ἢ ὀπτήσαντες εἰώθασι προσφέρεσθαι. καί σοι καὶ οὗτος ἐν τῇ μνήμῃ φυλαττέσθω ὁ λόγος, κοινὸς ἐπὶ πᾶσι τοῖς δεομένοις ἀλλοιώσεως τυχεῖν τῆς διὰ πυρός",pending_llm_review,,
SNRC-00494,Galen,GAL_ALIM-2.3,GAL_ALIM,trigger,heading_eta,\s[ἤἢη]\s,κολοκυνθη,κολοκύνθη,ναπυς,νάπυος,unreviewed," καὶ ταύτην γοῦν καὶ ἄλλα πολλὰ τῶν ὡραίων ἅπαντες ἄνθρωποι μετὰ τὴν ἕψησιν ἤτοι γ' εὐθέως ἢ ταγηνίσαντες ἢ ὀπτήσαντες εἰώθασι προσφέρεσθαι. καί σοι καὶ οὗτος ἐν τῇ μνήμῃ φυλαττέσθω ὁ λόγος, κοινὸς ἐπὶ πᾶσι τοῖς δεομένοις ἀλλοιώσεως τυχεῖν τῆς διὰ πυρός",pending_llm_review,,
SNRC-00495,Galen,GAL_ALIM-2.3,GAL_ALIM,trigger,heading_eta,\s[ἤἢη]\s,κολοκυνθη,κολοκύνθη,οριγανον,ὀριγάνῳ,unreviewed," καὶ ταύτην γοῦν καὶ ἄλλα πολλὰ τῶν ὡραίων ἅπαντες ἄνθρωποι μετὰ τὴν ἕψησιν ἤτοι γ' εὐθέως ἢ ταγηνίσαντες ἢ ὀπτήσαντες εἰώθασι προσφέρεσθαι. καί σοι καὶ οὗτος ἐν τῇ μνήμῃ φυλαττέσθω ὁ λόγος, κοινὸς ἐπὶ πᾶσι τοῖς δεομένοις ἀλλοιώσεως τυχεῖν τῆς διὰ πυρός",pending_llm_review,,
SNRC-00496,Galen,GAL_ALIM-2.3,GAL_ALIM,trigger,heading_eta,\s[ἤἢη]\s,κολοκυνθη,κολοκύνθη,ταριχος,τάριχος,place_qualified_variant," καὶ ταύτην γοῦν καὶ ἄλλα πολλὰ τῶν ὡραίων ἅπαντες ἄνθρωποι μετὰ τὴν ἕψησιν ἤτοι γ' εὐθέως ἢ ταγηνίσαντες ἢ ὀπτήσαντες εἰώθασι προσφέρεσθαι. καί σοι καὶ οὗτος ἐν τῇ μνήμῃ φυλαττέσθω ὁ λόγος, κοινὸς ἐπὶ πᾶσι τοῖς δεομένοις ἀλλοιώσεως τυχεῖν τῆς διὰ πυρός",pending_llm_review,,
SNRC-00497,Galen,GAL_ALIM-2.3,GAL_ALIM,trigger,heading_eta,\s[ἤἢη]\s,κολοκυνθη,κολοκύνθη,υδωρ,ὕδωρ,unreviewed," καὶ ταύτην γοῦν καὶ ἄλλα πολλὰ τῶν ὡραίων ἅπαντες ἄνθρωποι μετὰ τὴν ἕψησιν ἤτοι γ' εὐθέως ἢ ταγηνίσαντες ἢ ὀπτήσαντες εἰώθασι προσφέρεσθαι. καί σοι καὶ οὗτος ἐν τῇ μνήμῃ φυλαττέσθω ὁ λόγος, κοινὸς ἐπὶ πᾶσι τοῖς δεομένοις ἀλλοιώσεως τυχεῖν τῆς διὰ πυρός",pending_llm_review,,
SNRC-00498,Galen,GAL_ALIM-2.3,GAL_ALIM,trigger,heading_eta,\s[ἤἢη]\s,κολοκυνθη,κολοκύνθη,χυμος,χυμὸν,unreviewed," καὶ ταύτην γοῦν καὶ ἄλλα πολλὰ τῶν ὡραίων ἅπαντες ἄνθρωποι μετὰ τὴν ἕψησιν ἤτοι γ' εὐθέως ἢ ταγηνίσαντες ἢ ὀπτήσαντες εἰώθασι προσφέρεσθαι. καί σοι καὶ οὗτος ἐν τῇ μνήμῃ φυλαττέσθω ὁ λόγος, κοινὸς ἐπὶ πᾶσι τοῖς δεομένοις ἀλλοιώσεως τυχεῖν τῆς διὰ πυρός",pending_llm_review,,
SNRC-00499,Galen,GAL_ALIM-2.3,GAL_ALIM,trigger,heading_eta,\s[ἤἢη]\s,μηλον,μῆλοις,μηλον κυδωνιον,μήλοις κυδωνίοις,variant," καὶ ταύτην γοῦν καὶ ἄλλα πολλὰ τῶν ὡραίων ἅπαντες ἄνθρωποι μετὰ τὴν ἕψησιν ἤτοι γ' εὐθέως ἢ ταγηνίσαντες ἢ ὀπτήσαντες εἰώθασι προσφέρεσθαι. καί σοι καὶ οὗτος ἐν τῇ μνήμῃ φυλαττέσθω ὁ λόγος, κοινὸς ἐπὶ πᾶσι τοῖς δεομένοις ἀλλοιώσεως τυχεῖν τῆς διὰ πυρός",pending_llm_review,,
SNRC-00500,Galen,GAL_ALIM-2.3,GAL_ALIM,trigger,heading_eta,\s[ἤἢη]\s,μηλον,μῆλοις,μυλλος,μύλλους,place_qualified_variant," καὶ ταύτην γοῦν καὶ ἄλλα πολλὰ τῶν ὡραίων ἅπαντες ἄνθρωποι μετὰ τὴν ἕψησιν ἤτοι γ' εὐθέως ἢ ταγηνίσαντες ἢ ὀπτήσαντες εἰώθασι προσφέρεσθαι. καί σοι καὶ οὗτος ἐν τῇ μνήμῃ φυλαττέσθω ὁ λόγος, κοινὸς ἐπὶ πᾶσι τοῖς δεομένοις ἀλλοιώσεως τυχεῖν τῆς διὰ πυρός",pending_llm_review,,
SNRC-00501,Galen,GAL_ALIM-2.3,GAL_ALIM,trigger,heading_eta,\s[ἤἢη]\s,μηλον,μῆλοις,ναπυς,νάπυος,unreviewed," καὶ ταύτην γοῦν καὶ ἄλλα πολλὰ τῶν ὡραίων ἅπαντες ἄνθρωποι μετὰ τὴν ἕψησιν ἤτοι γ' εὐθέως ἢ ταγηνίσαντες ἢ ὀπτήσαντες εἰώθασι προσφέρεσθαι. καί σοι καὶ οὗτος ἐν τῇ μνήμῃ φυλαττέσθω ὁ λόγος, κοινὸς ἐπὶ πᾶσι τοῖς δεομένοις ἀλλοιώσεως τυχεῖν τῆς διὰ πυρός",pending_llm_review,,
SNRC-00502,Galen,GAL_ALIM-2.3,GAL_ALIM,trigger,heading_eta,\s[ἤἢη]\s,μηλον,μῆλοις,οριγανον,ὀριγάνῳ,unreviewed," καὶ ταύτην γοῦν καὶ ἄλλα πολλὰ τῶν ὡραίων ἅπαντες ἄνθρωποι μετὰ τὴν ἕψησιν ἤτοι γ' εὐθέως ἢ ταγηνίσαντες ἢ ὀπτήσαντες εἰώθασι προσφέρεσθαι. καί σοι καὶ οὗτος ἐν τῇ μνήμῃ φυλαττέσθω ὁ λόγος, κοινὸς ἐπὶ πᾶσι τοῖς δεομένοις ἀλλοιώσεως τυχεῖν τῆς διὰ πυρός",pending_llm_review,,
SNRC-00503,Galen,GAL_ALIM-2.34,GAL_ALIM,trigger,heading_eta,\s[ἤἢη]\s,αλς,ἁλσὶ,καππαρις,κάππαρις,unreviewed," ἐσθιόντων αὐτὴν σῶμα, καθάπερ καὶ τἄλλα πάνθ' ὅσα λεπτομερῆ. χρώμεθα δ' ὡς φαρμάκῳ μᾶλλον ἢ ὡς τροφῇ τῷ καρπῷ τοῦ φυτοῦ. κομίζεται γὰρ ὡς ἡμᾶς ἁλσὶ διαπασθεῖσα διὰ τὸ σήπεσθαι μόνην ἀποτιθεμένην. εὔδηλον οὖν, ὅτι χλωρὰ μὲν ἔτι πρὶν ταριχευθῆναι πλέον ἔ",pending_llm_review,,
SNRC-00504,Galen,GAL_ALIM-2.34,GAL_ALIM,trigger,heading_eta,\s[ἤἢη]\s,αλς,ἁλσὶ,οξος,ὄξει,unreviewed," ἐσθιόντων αὐτὴν σῶμα, καθάπερ καὶ τἄλλα πάνθ' ὅσα λεπτομερῆ. χρώμεθα δ' ὡς φαρμάκῳ μᾶλλον ἢ ὡς τροφῇ τῷ καρπῷ τοῦ φυτοῦ. κομίζεται γὰρ ὡς ἡμᾶς ἁλσὶ διαπασθεῖσα διὰ τὸ σήπεσθαι μόνην ἀποτιθεμένην. εὔδηλον οὖν, ὅτι χλωρὰ μὲν ἔτι πρὶν ταριχευθῆναι πλέον ἔ",pending_llm_review,,
SNRC-00505,Galen,GAL_ALIM-2.34,GAL_ALIM,trigger,heading_eta,\s[ἤἢη]\s,αλς,ἁλσὶ,τερμινθος,τερμίνθου,unreviewed," ἐσθιόντων αὐτὴν σῶμα, καθάπερ καὶ τἄλλα πάνθ' ὅσα λεπτομερῆ. χρώμεθα δ' ὡς φαρμάκῳ μᾶλλον ἢ ὡς τροφῇ τῷ καρπῷ τοῦ φυτοῦ. κομίζεται γὰρ ὡς ἡμᾶς ἁλσὶ διαπασθεῖσα διὰ τὸ σήπεσθαι μόνην ἀποτιθεμένην. εὔδηλον οὖν, ὅτι χλωρὰ μὲν ἔτι πρὶν ταριχευθῆναι πλέον ἔ",pending_llm_review,,
SNRC-00506,Galen,GAL_ALIM-2.34,GAL_ALIM,trigger,heading_eta,\s[ἤἢη]\s,αλς,ἁλσὶ,φλεγμα,φλέγμα,unreviewed," ἐσθιόντων αὐτὴν σῶμα, καθάπερ καὶ τἄλλα πάνθ' ὅσα λεπτομερῆ. χρώμεθα δ' ὡς φαρμάκῳ μᾶλλον ἢ ὡς τροφῇ τῷ καρπῷ τοῦ φυτοῦ. κομίζεται γὰρ ὡς ἡμᾶς ἁλσὶ διαπασθεῖσα διὰ τὸ σήπεσθαι μόνην ἀποτιθεμένην. εὔδηλον οὖν, ὅτι χλωρὰ μὲν ἔτι πρὶν ταριχευθῆναι πλέον ἔ",pending_llm_review,,
SNRC-00507,Galen,GAL_ALIM-2.34,GAL_ALIM,trigger,heading_eta,\s[ἤἢη]\s,αλς,ἁλσὶ,ακρεμονας,ἀκρέμονας,unreviewed," ἐσθιόντων αὐτὴν σῶμα, καθάπερ καὶ τἄλλα πάνθ' ὅσα λεπτομερῆ. χρώμεθα δ' ὡς φαρμάκῳ μᾶλλον ἢ ὡς τροφῇ τῷ καρπῷ τοῦ φυτοῦ. κομίζεται γὰρ ὡς ἡμᾶς ἁλσὶ διαπασθεῖσα διὰ τὸ σήπεσθαι μόνην ἀποτιθεμένην. εὔδηλον οὖν, ὅτι χλωρὰ μὲν ἔτι πρὶν ταριχευθῆναι πλέον ἔ",pending_llm_review,,
SNRC-00508,Galen,GAL_ALIM-2.34,GAL_ALIM,trigger,heading_eta,\s[ἤἢη]\s,αλς,ἁλσὶ,καρπω,καρπῷ,unreviewed," ἐσθιόντων αὐτὴν σῶμα, καθάπερ καὶ τἄλλα πάνθ' ὅσα λεπτομερῆ. χρώμεθα δ' ὡς φαρμάκῳ μᾶλλον ἢ ὡς τροφῇ τῷ καρπῷ τοῦ φυτοῦ. κομίζεται γὰρ ὡς ἡμᾶς ἁλσὶ διαπασθεῖσα διὰ τὸ σήπεσθαι μόνην ἀποτιθεμένην. εὔδηλον οὖν, ὅτι χλωρὰ μὲν ἔτι πρὶν ταριχευθῆναι πλέον ἔ",pending_llm_review,,
SNRC-00509,Galen,GAL_ALIM-2.34,GAL_ALIM,trigger,heading_eta,\s[ἤἢη]\s,καππαρις,κάππαρις,οξος,ὄξει,unreviewed," ἐσθιόντων αὐτὴν σῶμα, καθάπερ καὶ τἄλλα πάνθ' ὅσα λεπτομερῆ. χρώμεθα δ' ὡς φαρμάκῳ μᾶλλον ἢ ὡς τροφῇ τῷ καρπῷ τοῦ φυτοῦ. κομίζεται γὰρ ὡς ἡμᾶς ἁλσὶ διαπασθεῖσα διὰ τὸ σήπεσθαι μόνην ἀποτιθεμένην. εὔδηλον οὖν, ὅτι χλωρὰ μὲν ἔτι πρὶν ταριχευθῆναι πλέον ἔ",pending_llm_review,,
SNRC-00510,Galen,GAL_ALIM-2.34,GAL_ALIM,trigger,heading_eta,\s[ἤἢη]\s,καππαρις,κάππαρις,τερμινθος,τερμίνθου,unreviewed," ἐσθιόντων αὐτὴν σῶμα, καθάπερ καὶ τἄλλα πάνθ' ὅσα λεπτομερῆ. χρώμεθα δ' ὡς φαρμάκῳ μᾶλλον ἢ ὡς τροφῇ τῷ καρπῷ τοῦ φυτοῦ. κομίζεται γὰρ ὡς ἡμᾶς ἁλσὶ διαπασθεῖσα διὰ τὸ σήπεσθαι μόνην ἀποτιθεμένην. εὔδηλον οὖν, ὅτι χλωρὰ μὲν ἔτι πρὶν ταριχευθῆναι πλέον ἔ",pending_llm_review,,
SNRC-00511,Galen,GAL_ALIM-2.34,GAL_ALIM,trigger,heading_eta,\s[ἤἢη]\s,καππαρις,κάππαρις,φλεγμα,φλέγμα,unreviewed," ἐσθιόντων αὐτὴν σῶμα, καθάπερ καὶ τἄλλα πάνθ' ὅσα λεπτομερῆ. χρώμεθα δ' ὡς φαρμάκῳ μᾶλλον ἢ ὡς τροφῇ τῷ καρπῷ τοῦ φυτοῦ. κομίζεται γὰρ ὡς ἡμᾶς ἁλσὶ διαπασθεῖσα διὰ τὸ σήπεσθαι μόνην ἀποτιθεμένην. εὔδηλον οὖν, ὅτι χλωρὰ μὲν ἔτι πρὶν ταριχευθῆναι πλέον ἔ",pending_llm_review,,
SNRC-00512,Galen,GAL_ALIM-2.34,GAL_ALIM,trigger,heading_eta,\s[ἤἢη]\s,καππαρις,κάππαρις,ακρεμονας,ἀκρέμονας,unreviewed," ἐσθιόντων αὐτὴν σῶμα, καθάπερ καὶ τἄλλα πάνθ' ὅσα λεπτομερῆ. χρώμεθα δ' ὡς φαρμάκῳ μᾶλλον ἢ ὡς τροφῇ τῷ καρπῷ τοῦ φυτοῦ. κομίζεται γὰρ ὡς ἡμᾶς ἁλσὶ διαπασθεῖσα διὰ τὸ σήπεσθαι μόνην ἀποτιθεμένην. εὔδηλον οὖν, ὅτι χλωρὰ μὲν ἔτι πρὶν ταριχευθῆναι πλέον ἔ",pending_llm_review,,
SNRC-00513,Galen,GAL_ALIM-2.34,GAL_ALIM,trigger,heading_eta,\s[ἤἢη]\s,καππαρις,κάππαρις,καρπω,καρπῷ,unreviewed," ἐσθιόντων αὐτὴν σῶμα, καθάπερ καὶ τἄλλα πάνθ' ὅσα λεπτομερῆ. χρώμεθα δ' ὡς φαρμάκῳ μᾶλλον ἢ ὡς τροφῇ τῷ καρπῷ τοῦ φυτοῦ. κομίζεται γὰρ ὡς ἡμᾶς ἁλσὶ διαπασθεῖσα διὰ τὸ σήπεσθαι μόνην ἀποτιθεμένην. εὔδηλον οὖν, ὅτι χλωρὰ μὲν ἔτι πρὶν ταριχευθῆναι πλέον ἔ",pending_llm_review,,
SNRC-00514,Galen,GAL_ALIM-2.34,GAL_ALIM,trigger,heading_eta,\s[ἤἢη]\s,οξος,ὄξει,τερμινθος,τερμίνθου,unreviewed," ἐσθιόντων αὐτὴν σῶμα, καθάπερ καὶ τἄλλα πάνθ' ὅσα λεπτομερῆ. χρώμεθα δ' ὡς φαρμάκῳ μᾶλλον ἢ ὡς τροφῇ τῷ καρπῷ τοῦ φυτοῦ. κομίζεται γὰρ ὡς ἡμᾶς ἁλσὶ διαπασθεῖσα διὰ τὸ σήπεσθαι μόνην ἀποτιθεμένην. εὔδηλον οὖν, ὅτι χλωρὰ μὲν ἔτι πρὶν ταριχευθῆναι πλέον ἔ",pending_llm_review,,
SNRC-00515,Galen,GAL_ALIM-2.40,GAL_ALIM,trigger,heading_eta,\s[ἤἢη]\s,αιμα,αἷμα,γαρος,γάρου,unreviewed,"η|ται θέρους ὥρᾳ, προεψήσαντες ἐν ὕδατι γλυκεῖ προσφέρονται δι' ἐλαίου καὶ γάρου καὶ ὄξους ἢ διά τινος τῶν ὑποτριμμάτων, καὶ μάλισθ' ὅσα διὰ τυροῦ σκευάζεται. χρῶνται δ' αὐτῇ καὶ πρὶν εἰς καυλὸν ἐξορμῆσαι πολλοὶ δι' ὕδατος ἕψοντες, ὥσπερ κἀγὼ νῦν ἠρξάμη",pending_llm_review,,
SNRC-00516,Galen,GAL_ALIM-2.40,GAL_ALIM,trigger,heading_eta,\s[ἤἢη]\s,αιμα,αἷμα,ελαιον,ἐλαίου,unreviewed,"η|ται θέρους ὥρᾳ, προεψήσαντες ἐν ὕδατι γλυκεῖ προσφέρονται δι' ἐλαίου καὶ γάρου καὶ ὄξους ἢ διά τινος τῶν ὑποτριμμάτων, καὶ μάλισθ' ὅσα διὰ τυροῦ σκευάζεται. χρῶνται δ' αὐτῇ καὶ πρὶν εἰς καυλὸν ἐξορμῆσαι πολλοὶ δι' ὕδατος ἕψοντες, ὥσπερ κἀγὼ νῦν ἠρξάμη",pending_llm_review,,
SNRC-00517,Galen,GAL_ALIM-2.40,GAL_ALIM,trigger,heading_eta,\s[ἤἢη]\s,αιμα,αἷμα,λαχανον,λάχανον,unreviewed,"η|ται θέρους ὥρᾳ, προεψήσαντες ἐν ὕδατι γλυκεῖ προσφέρονται δι' ἐλαίου καὶ γάρου καὶ ὄξους ἢ διά τινος τῶν ὑποτριμμάτων, καὶ μάλισθ' ὅσα διὰ τυροῦ σκευάζεται. χρῶνται δ' αὐτῇ καὶ πρὶν εἰς καυλὸν ἐξορμῆσαι πολλοὶ δι' ὕδατος ἕψοντες, ὥσπερ κἀγὼ νῦν ἠρξάμη",pending_llm_review,,
SNRC-00518,Galen,GAL_ALIM-2.40,GAL_ALIM,trigger,heading_eta,\s[ἤἢη]\s,αιμα,αἷμα,λαχανον αγριον,λάχανον ἄγριον,unreviewed,"η|ται θέρους ὥρᾳ, προεψήσαντες ἐν ὕδατι γλυκεῖ προσφέρονται δι' ἐλαίου καὶ γάρου καὶ ὄξους ἢ διά τινος τῶν ὑποτριμμάτων, καὶ μάλισθ' ὅσα διὰ τυροῦ σκευάζεται. χρῶνται δ' αὐτῇ καὶ πρὶν εἰς καυλὸν ἐξορμῆσαι πολλοὶ δι' ὕδατος ἕψοντες, ὥσπερ κἀγὼ νῦν ἠρξάμη",pending_llm_review,,
SNRC-00519,Galen,GAL_ALIM-2.40,GAL_ALIM,trigger,heading_eta,\s[ἤἢη]\s,αιμα,αἷμα,οξος,ὄξους,unreviewed,"η|ται θέρους ὥρᾳ, προεψήσαντες ἐν ὕδατι γλυκεῖ προσφέρονται δι' ἐλαίου καὶ γάρου καὶ ὄξους ἢ διά τινος τῶν ὑποτριμμάτων, καὶ μάλισθ' ὅσα διὰ τυροῦ σκευάζεται. χρῶνται δ' αὐτῇ καὶ πρὶν εἰς καυλὸν ἐξορμῆσαι πολλοὶ δι' ὕδατος ἕψοντες, ὥσπερ κἀγὼ νῦν ἠρξάμη",pending_llm_review,,
SNRC-00520,Galen,GAL_ALIM-2.40,GAL_ALIM,trigger,heading_eta,\s[ἤἢη]\s,αιμα,αἷμα,οπος,ὀπὸν,unreviewed,"η|ται θέρους ὥρᾳ, προεψήσαντες ἐν ὕδατι γλυκεῖ προσφέρονται δι' ἐλαίου καὶ γάρου καὶ ὄξους ἢ διά τινος τῶν ὑποτριμμάτων, καὶ μάλισθ' ὅσα διὰ τυροῦ σκευάζεται. χρῶνται δ' αὐτῇ καὶ πρὶν εἰς καυλὸν ἐξορμῆσαι πολλοὶ δι' ὕδατος ἕψοντες, ὥσπερ κἀγὼ νῦν ἠρξάμη",pending_llm_review,,
SNRC-00521,Galen,GAL_ALIM-2.40,GAL_ALIM,trigger,heading_eta,\s[ἤἢη]\s,αιμα,αἷμα,θριδακινη,θριδακίνην,unreviewed,"η|ται θέρους ὥρᾳ, προεψήσαντες ἐν ὕδατι γλυκεῖ προσφέρονται δι' ἐλαίου καὶ γάρου καὶ ὄξους ἢ διά τινος τῶν ὑποτριμμάτων, καὶ μάλισθ' ὅσα διὰ τυροῦ σκευάζεται. χρῶνται δ' αὐτῇ καὶ πρὶν εἰς καυλὸν ἐξορμῆσαι πολλοὶ δι' ὕδατος ἕψοντες, ὥσπερ κἀγὼ νῦν ἠρξάμη",pending_llm_review,,
SNRC-00522,Galen,GAL_ALIM-2.40,GAL_ALIM,trigger,heading_eta,\s[ἤἢη]\s,αιμα,αἷμα,θριδακινη κηπευομενη,κηπευομένης θριδακίνης,unreviewed,"η|ται θέρους ὥρᾳ, προεψήσαντες ἐν ὕδατι γλυκεῖ προσφέρονται δι' ἐλαίου καὶ γάρου καὶ ὄξους ἢ διά τινος τῶν ὑποτριμμάτων, καὶ μάλισθ' ὅσα διὰ τυροῦ σκευάζεται. χρῶνται δ' αὐτῇ καὶ πρὶν εἰς καυλὸν ἐξορμῆσαι πολλοὶ δι' ὕδατος ἕψοντες, ὥσπερ κἀγὼ νῦν ἠρξάμη",pending_llm_review,,
SNRC-00523,Galen,GAL_ALIM-2.40,GAL_ALIM,trigger,heading_eta,\s[ἤἢη]\s,αιμα,αἷμα,θριδαξ,θρίδακα,unreviewed,"η|ται θέρους ὥρᾳ, προεψήσαντες ἐν ὕδατι γλυκεῖ προσφέρονται δι' ἐλαίου καὶ γάρου καὶ ὄξους ἢ διά τινος τῶν ὑποτριμμάτων, καὶ μάλισθ' ὅσα διὰ τυροῦ σκευάζεται. χρῶνται δ' αὐτῇ καὶ πρὶν εἰς καυλὸν ἐξορμῆσαι πολλοὶ δι' ὕδατος ἕψοντες, ὥσπερ κἀγὼ νῦν ἠρξάμη",pending_llm_review,,
SNRC-00524,Galen,GAL_ALIM-2.40,GAL_ALIM,trigger,heading_eta,\s[ἤἢη]\s,αιμα,αἷμα,θριδαξ κηπευομενη,θρῖδαξ κηπευομένη,unreviewed,"η|ται θέρους ὥρᾳ, προεψήσαντες ἐν ὕδατι γλυκεῖ προσφέρονται δι' ἐλαίου καὶ γάρου καὶ ὄξους ἢ διά τινος τῶν ὑποτριμμάτων, καὶ μάλισθ' ὅσα διὰ τυροῦ σκευάζεται. χρῶνται δ' αὐτῇ καὶ πρὶν εἰς καυλὸν ἐξορμῆσαι πολλοὶ δι' ὕδατος ἕψοντες, ὥσπερ κἀγὼ νῦν ἠρξάμη",pending_llm_review,,
SNRC-00525,Galen,GAL_ALIM-2.40,GAL_ALIM,trigger,heading_eta,\s[ἤἢη]\s,αιμα,αἷμα,τιθυμαλλον,τιθυμάλλων,unreviewed,"η|ται θέρους ὥρᾳ, προεψήσαντες ἐν ὕδατι γλυκεῖ προσφέρονται δι' ἐλαίου καὶ γάρου καὶ ὄξους ἢ διά τινος τῶν ὑποτριμμάτων, καὶ μάλισθ' ὅσα διὰ τυροῦ σκευάζεται. χρῶνται δ' αὐτῇ καὶ πρὶν εἰς καυλὸν ἐξορμῆσαι πολλοὶ δι' ὕδατος ἕψοντες, ὥσπερ κἀγὼ νῦν ἠρξάμη",pending_llm_review,,
SNRC-00526,Galen,GAL_ALIM-2.40,GAL_ALIM,trigger,heading_eta,\s[ἤἢη]\s,αιμα,αἷμα,υδωρ,ὕδατι,unreviewed,"η|ται θέρους ὥρᾳ, προεψήσαντες ἐν ὕδατι γλυκεῖ προσφέρονται δι' ἐλαίου καὶ γάρου καὶ ὄξους ἢ διά τινος τῶν ὑποτριμμάτων, καὶ μάλισθ' ὅσα διὰ τυροῦ σκευάζεται. χρῶνται δ' αὐτῇ καὶ πρὶν εἰς καυλὸν ἐξορμῆσαι πολλοὶ δι' ὕδατος ἕψοντες, ὥσπερ κἀγὼ νῦν ἠρξάμη",pending_llm_review,,
SNRC-00527,Galen,GAL_ALIM-2.43,GAL_ALIM,trigger,heading_eta,\s[ἤἢη]\s,αγρια μαλαχη,μαλάχην ἀγρίαν,γληχων,γλήχωνα,unreviewed,"ηδειότερον δ' ἐστὶ μαλάχης εἰς τὰς κατὰ τὸ ἧπαρ ἐμφράξεις, ἔτι δὲ μᾶλλον, ὅταν μετὰ νάπυος ἢ πάντως γε μετ' ὄξους ἐσθίηται· καὶ τοῖς ὑποσπλήνοις δὲ τὸν αὐτὸν τρόπον ἐσθιόμενον ἀγαθὸν γίγνεται φάρμακον· εἰκότως γὰρ ἄν τις αὐτὸ φάρμακον εἴποι μᾶλλον ἢ τρο",pending_llm_review,,
SNRC-00528,Galen,GAL_ALIM-2.43,GAL_ALIM,trigger,heading_eta,\s[ἤἢη]\s,αγρια μαλαχη,μαλάχην ἀγρίαν,καρδαμον,κάρδαμον,unreviewed,"ηδειότερον δ' ἐστὶ μαλάχης εἰς τὰς κατὰ τὸ ἧπαρ ἐμφράξεις, ἔτι δὲ μᾶλλον, ὅταν μετὰ νάπυος ἢ πάντως γε μετ' ὄξους ἐσθίηται· καὶ τοῖς ὑποσπλήνοις δὲ τὸν αὐτὸν τρόπον ἐσθιόμενον ἀγαθὸν γίγνεται φάρμακον· εἰκότως γὰρ ἄν τις αὐτὸ φάρμακον εἴποι μᾶλλον ἢ τρο",pending_llm_review,,
SNRC-00529,Galen,GAL_ALIM-2.43,GAL_ALIM,trigger,heading_eta,\s[ἤἢη]\s,αγρια μαλαχη,μαλάχην ἀγρίαν,κρομυον,κρόμυον,unreviewed,"ηδειότερον δ' ἐστὶ μαλάχης εἰς τὰς κατὰ τὸ ἧπαρ ἐμφράξεις, ἔτι δὲ μᾶλλον, ὅταν μετὰ νάπυος ἢ πάντως γε μετ' ὄξους ἐσθίηται· καὶ τοῖς ὑποσπλήνοις δὲ τὸν αὐτὸν τρόπον ἐσθιόμενον ἀγαθὸν γίγνεται φάρμακον· εἰκότως γὰρ ἄν τις αὐτὸ φάρμακον εἴποι μᾶλλον ἢ τρο",pending_llm_review,,
SNRC-00530,Galen,GAL_ALIM-2.43,GAL_ALIM,trigger,heading_eta,\s[ἤἢη]\s,αγρια μαλαχη,μαλάχην ἀγρίαν,λαπαθον,λάπαθον,unreviewed,"ηδειότερον δ' ἐστὶ μαλάχης εἰς τὰς κατὰ τὸ ἧπαρ ἐμφράξεις, ἔτι δὲ μᾶλλον, ὅταν μετὰ νάπυος ἢ πάντως γε μετ' ὄξους ἐσθίηται· καὶ τοῖς ὑποσπλήνοις δὲ τὸν αὐτὸν τρόπον ἐσθιόμενον ἀγαθὸν γίγνεται φάρμακον· εἰκότως γὰρ ἄν τις αὐτὸ φάρμακον εἴποι μᾶλλον ἢ τρο",pending_llm_review,,
SNRC-00531,Galen,GAL_ALIM-2.43,GAL_ALIM,trigger,heading_eta,\s[ἤἢη]\s,αγρια μαλαχη,μαλάχην ἀγρίαν,μαλαχη,Μαλάχην,variant,"ηδειότερον δ' ἐστὶ μαλάχης εἰς τὰς κατὰ τὸ ἧπαρ ἐμφράξεις, ἔτι δὲ μᾶλλον, ὅταν μετὰ νάπυος ἢ πάντως γε μετ' ὄξους ἐσθίηται· καὶ τοῖς ὑποσπλήνοις δὲ τὸν αὐτὸν τρόπον ἐσθιόμενον ἀγαθὸν γίγνεται φάρμακον· εἰκότως γὰρ ἄν τις αὐτὸ φάρμακον εἴποι μᾶλλον ἢ τρο",pending_llm_review,,
SNRC-00532,Galen,GAL_ALIM-2.43,GAL_ALIM,trigger,heading_eta,\s[ἤἢη]\s,αγρια μαλαχη,μαλάχην ἀγρίαν,ημερος μαλαχη,μαλάχην ἥμερον,unreviewed,"ηδειότερον δ' ἐστὶ μαλάχης εἰς τὰς κατὰ τὸ ἧπαρ ἐμφράξεις, ἔτι δὲ μᾶλλον, ὅταν μετὰ νάπυος ἢ πάντως γε μετ' ὄξους ἐσθίηται· καὶ τοῖς ὑποσπλήνοις δὲ τὸν αὐτὸν τρόπον ἐσθιόμενον ἀγαθὸν γίγνεται φάρμακον· εἰκότως γὰρ ἄν τις αὐτὸ φάρμακον εἴποι μᾶλλον ἢ τρο",pending_llm_review,,
SNRC-00533,Galen,GAL_ALIM-2.43,GAL_ALIM,trigger,heading_eta,\s[ἤἢη]\s,αγρια μαλαχη,μαλάχην ἀγρίαν,ναπυς,νάπυος,unreviewed,"ηδειότερον δ' ἐστὶ μαλάχης εἰς τὰς κατὰ τὸ ἧπαρ ἐμφράξεις, ἔτι δὲ μᾶλλον, ὅταν μετὰ νάπυος ἢ πάντως γε μετ' ὄξους ἐσθίηται· καὶ τοῖς ὑποσπλήνοις δὲ τὸν αὐτὸν τρόπον ἐσθιόμενον ἀγαθὸν γίγνεται φάρμακον· εἰκότως γὰρ ἄν τις αὐτὸ φάρμακον εἴποι μᾶλλον ἢ τρο",pending_llm_review,,
SNRC-00534,Galen,GAL_ALIM-2.43,GAL_ALIM,trigger,heading_eta,\s[ἤἢη]\s,αγρια μαλαχη,μαλάχην ἀγρίαν,οριγανον,ὀρίγανον,unreviewed,"ηδειότερον δ' ἐστὶ μαλάχης εἰς τὰς κατὰ τὸ ἧπαρ ἐμφράξεις, ἔτι δὲ μᾶλλον, ὅταν μετὰ νάπυος ἢ πάντως γε μετ' ὄξους ἐσθίηται· καὶ τοῖς ὑποσπλήνοις δὲ τὸν αὐτὸν τρόπον ἐσθιόμενον ἀγαθὸν γίγνεται φάρμακον· εἰκότως γὰρ ἄν τις αὐτὸ φάρμακον εἴποι μᾶλλον ἢ τρο",pending_llm_review,,
SNRC-00535,Galen,GAL_ALIM-2.43,GAL_ALIM,trigger,heading_eta,\s[ἤἢη]\s,αγρια μαλαχη,μαλάχην ἀγρίαν,οξος,ὄξους,unreviewed,"ηδειότερον δ' ἐστὶ μαλάχης εἰς τὰς κατὰ τὸ ἧπαρ ἐμφράξεις, ἔτι δὲ μᾶλλον, ὅταν μετὰ νάπυος ἢ πάντως γε μετ' ὄξους ἐσθίηται· καὶ τοῖς ὑποσπλήνοις δὲ τὸν αὐτὸν τρόπον ἐσθιόμενον ἀγαθὸν γίγνεται φάρμακον· εἰκότως γὰρ ἄν τις αὐτὸ φάρμακον εἴποι μᾶλλον ἢ τρο",pending_llm_review,,
SNRC-00536,Galen,GAL_ALIM-2.43,GAL_ALIM,trigger,heading_eta,\s[ἤἢη]\s,αγρια μαλαχη,μαλάχην ἀγρίαν,πρασον,πράσον,unreviewed,"ηδειότερον δ' ἐστὶ μαλάχης εἰς τὰς κατὰ τὸ ἧπαρ ἐμφράξεις, ἔτι δὲ μᾶλλον, ὅταν μετὰ νάπυος ἢ πάντως γε μετ' ὄξους ἐσθίηται· καὶ τοῖς ὑποσπλήνοις δὲ τὸν αὐτὸν τρόπον ἐσθιόμενον ἀγαθὸν γίγνεται φάρμακον· εἰκότως γὰρ ἄν τις αὐτὸ φάρμακον εἴποι μᾶλλον ἢ τρο",pending_llm_review,,
SNRC-00537,Galen,GAL_ALIM-2.43,GAL_ALIM,trigger,heading_eta,\s[ἤἢη]\s,αγρια μαλαχη,μαλάχην ἀγρίαν,σκοροδον,σκόροδον,unreviewed,"ηδειότερον δ' ἐστὶ μαλάχης εἰς τὰς κατὰ τὸ ἧπαρ ἐμφράξεις, ἔτι δὲ μᾶλλον, ὅταν μετὰ νάπυος ἢ πάντως γε μετ' ὄξους ἐσθίηται· καὶ τοῖς ὑποσπλήνοις δὲ τὸν αὐτὸν τρόπον ἐσθιόμενον ἀγαθὸν γίγνεται φάρμακον· εἰκότως γὰρ ἄν τις αὐτὸ φάρμακον εἴποι μᾶλλον ἢ τρο",pending_llm_review,,
SNRC-00538,Galen,GAL_ALIM-2.43,GAL_ALIM,trigger,heading_eta,\s[ἤἢη]\s,αγρια μαλαχη,μαλάχην ἀγρίαν,τευτλον,τεῦτλον,unreviewed,"ηδειότερον δ' ἐστὶ μαλάχης εἰς τὰς κατὰ τὸ ἧπαρ ἐμφράξεις, ἔτι δὲ μᾶλλον, ὅταν μετὰ νάπυος ἢ πάντως γε μετ' ὄξους ἐσθίηται· καὶ τοῖς ὑποσπλήνοις δὲ τὸν αὐτὸν τρόπον ἐσθιόμενον ἀγαθὸν γίγνεται φάρμακον· εἰκότως γὰρ ἄν τις αὐτὸ φάρμακον εἴποι μᾶλλον ἢ τρο",pending_llm_review,,
SNRC-00539,Galen,GAL_ALIM-2.50,GAL_ALIM,trigger,heading_eta,\s[ἤἢη]\s,ατρακις,ἀτρακὶς,ατρακτυλις,ἀτρακτυλὶς,unreviewed,"λουμένη λευκάκανθα δίψακός τε καὶ κνῆκος καὶ τραγάκανθα καὶ ἀτρακὶς ἥ τε τιμωμένη μειζόνως ἢ προσήκει κινάρα. καλοῦσι δ' αὐτὴν οἱ πάντῃ φεύγοντες τὸ σύνηθες οὐ διὰ τοῦ κ καὶ ι τὴν πρώτην συλλαβὴν ὀνομάζοντες, ἀλλὰ διὰ τοῦ κ καὶ υ. κακόχυμον δ' ἐστὶν ἔδε",pending_llm_review,,
SNRC-00540,Galen,GAL_ALIM-2.50,GAL_ALIM,trigger,heading_eta,\s[ἤἢη]\s,ατρακις,ἀτρακὶς,γαρος,γάρῳ,unreviewed,"λουμένη λευκάκανθα δίψακός τε καὶ κνῆκος καὶ τραγάκανθα καὶ ἀτρακὶς ἥ τε τιμωμένη μειζόνως ἢ προσήκει κινάρα. καλοῦσι δ' αὐτὴν οἱ πάντῃ φεύγοντες τὸ σύνηθες οὐ διὰ τοῦ κ καὶ ι τὴν πρώτην συλλαβὴν ὀνομάζοντες, ἀλλὰ διὰ τοῦ κ καὶ υ. κακόχυμον δ' ἐστὶν ἔδε",pending_llm_review,,
SNRC-00541,Galen,GAL_ALIM-2.50,GAL_ALIM,trigger,heading_eta,\s[ἤἢη]\s,ατρακις,ἀτρακὶς,διψακος,δίψακός,unreviewed,"λουμένη λευκάκανθα δίψακός τε καὶ κνῆκος καὶ τραγάκανθα καὶ ἀτρακὶς ἥ τε τιμωμένη μειζόνως ἢ προσήκει κινάρα. καλοῦσι δ' αὐτὴν οἱ πάντῃ φεύγοντες τὸ σύνηθες οὐ διὰ τοῦ κ καὶ ι τὴν πρώτην συλλαβὴν ὀνομάζοντες, ἀλλὰ διὰ τοῦ κ καὶ υ. κακόχυμον δ' ἐστὶν ἔδε",pending_llm_review,,
SNRC-00542,Galen,GAL_ALIM-2.50,GAL_ALIM,trigger,heading_eta,\s[ἤἢη]\s,ατρακις,ἀτρακὶς,ελαιον,ἔλαιον,unreviewed,"λουμένη λευκάκανθα δίψακός τε καὶ κνῆκος καὶ τραγάκανθα καὶ ἀτρακὶς ἥ τε τιμωμένη μειζόνως ἢ προσήκει κινάρα. καλοῦσι δ' αὐτὴν οἱ πάντῃ φεύγοντες τὸ σύνηθες οὐ διὰ τοῦ κ καὶ ι τὴν πρώτην συλλαβὴν ὀνομάζοντες, ἀλλὰ διὰ τοῦ κ καὶ υ. κακόχυμον δ' ἐστὶν ἔδε",pending_llm_review,,
SNRC-00543,Galen,GAL_ALIM-2.50,GAL_ALIM,trigger,heading_eta,\s[ἤἢη]\s,ατρακις,ἀτρακὶς,κιναρα,κινάρα,unreviewed,"λουμένη λευκάκανθα δίψακός τε καὶ κνῆκος καὶ τραγάκανθα καὶ ἀτρακὶς ἥ τε τιμωμένη μειζόνως ἢ προσήκει κινάρα. καλοῦσι δ' αὐτὴν οἱ πάντῃ φεύγοντες τὸ σύνηθες οὐ διὰ τοῦ κ καὶ ι τὴν πρώτην συλλαβὴν ὀνομάζοντες, ἀλλὰ διὰ τοῦ κ καὶ υ. κακόχυμον δ' ἐστὶν ἔδε",pending_llm_review,,
SNRC-00544,Galen,GAL_ALIM-2.50,GAL_ALIM,trigger,heading_eta,\s[ἤἢη]\s,ατρακις,ἀτρακὶς,κνηκος,κνῆκος,unreviewed,"λουμένη λευκάκανθα δίψακός τε καὶ κνῆκος καὶ τραγάκανθα καὶ ἀτρακὶς ἥ τε τιμωμένη μειζόνως ἢ προσήκει κινάρα. καλοῦσι δ' αὐτὴν οἱ πάντῃ φεύγοντες τὸ σύνηθες οὐ διὰ τοῦ κ καὶ ι τὴν πρώτην συλλαβὴν ὀνομάζοντες, ἀλλὰ διὰ τοῦ κ καὶ υ. κακόχυμον δ' ἐστὶν ἔδε",pending_llm_review,,
SNRC-00545,Galen,GAL_ALIM-2.50,GAL_ALIM,trigger,heading_eta,\s[ἤἢη]\s,ατρακις,ἀτρακὶς,κοριαννον,κορίαννον,unreviewed,"λουμένη λευκάκανθα δίψακός τε καὶ κνῆκος καὶ τραγάκανθα καὶ ἀτρακὶς ἥ τε τιμωμένη μειζόνως ἢ προσήκει κινάρα. καλοῦσι δ' αὐτὴν οἱ πάντῃ φεύγοντες τὸ σύνηθες οὐ διὰ τοῦ κ καὶ ι τὴν πρώτην συλλαβὴν ὀνομάζοντες, ἀλλὰ διὰ τοῦ κ καὶ υ. κακόχυμον δ' ἐστὶν ἔδε",pending_llm_review,,
SNRC-00546,Galen,GAL_ALIM-2.50,GAL_ALIM,trigger,heading_eta,\s[ἤἢη]\s,ατρακις,ἀτρακὶς,κυναρα,κυνάρα,unreviewed,"λουμένη λευκάκανθα δίψακός τε καὶ κνῆκος καὶ τραγάκανθα καὶ ἀτρακὶς ἥ τε τιμωμένη μειζόνως ἢ προσήκει κινάρα. καλοῦσι δ' αὐτὴν οἱ πάντῃ φεύγοντες τὸ σύνηθες οὐ διὰ τοῦ κ καὶ ι τὴν πρώτην συλλαβὴν ὀνομάζοντες, ἀλλὰ διὰ τοῦ κ καὶ υ. κακόχυμον δ' ἐστὶν ἔδε",pending_llm_review,,
SNRC-00547,Galen,GAL_ALIM-2.50,GAL_ALIM,trigger,heading_eta,\s[ἤἢη]\s,ατρακις,ἀτρακὶς,λαχανον,τὰ λάχανα,unreviewed,"λουμένη λευκάκανθα δίψακός τε καὶ κνῆκος καὶ τραγάκανθα καὶ ἀτρακὶς ἥ τε τιμωμένη μειζόνως ἢ προσήκει κινάρα. καλοῦσι δ' αὐτὴν οἱ πάντῃ φεύγοντες τὸ σύνηθες οὐ διὰ τοῦ κ καὶ ι τὴν πρώτην συλλαβὴν ὀνομάζοντες, ἀλλὰ διὰ τοῦ κ καὶ υ. κακόχυμον δ' ἐστὶν ἔδε",pending_llm_review,,
SNRC-00548,Galen,GAL_ALIM-2.50,GAL_ALIM,trigger,heading_eta,\s[ἤἢη]\s,ατρακις,ἀτρακὶς,λευκανθα,λευκάκανθα,unreviewed,"λουμένη λευκάκανθα δίψακός τε καὶ κνῆκος καὶ τραγάκανθα καὶ ἀτρακὶς ἥ τε τιμωμένη μειζόνως ἢ προσήκει κινάρα. καλοῦσι δ' αὐτὴν οἱ πάντῃ φεύγοντες τὸ σύνηθες οὐ διὰ τοῦ κ καὶ ι τὴν πρώτην συλλαβὴν ὀνομάζοντες, ἀλλὰ διὰ τοῦ κ καὶ υ. κακόχυμον δ' ἐστὶν ἔδε",pending_llm_review,,
SNRC-00549,Galen,GAL_ALIM-2.50,GAL_ALIM,trigger,heading_eta,\s[ἤἢη]\s,ατρακις,ἀτρακὶς,οινος,οἴνου,unreviewed,"λουμένη λευκάκανθα δίψακός τε καὶ κνῆκος καὶ τραγάκανθα καὶ ἀτρακὶς ἥ τε τιμωμένη μειζόνως ἢ προσήκει κινάρα. καλοῦσι δ' αὐτὴν οἱ πάντῃ φεύγοντες τὸ σύνηθες οὐ διὰ τοῦ κ καὶ ι τὴν πρώτην συλλαβὴν ὀνομάζοντες, ἀλλὰ διὰ τοῦ κ καὶ υ. κακόχυμον δ' ἐστὶν ἔδε",pending_llm_review,,
SNRC-00550,Galen,GAL_ALIM-2.50,GAL_ALIM,trigger,heading_eta,\s[ἤἢη]\s,ατρακις,ἀτρακὶς,οξος,ὄξει,unreviewed,"λουμένη λευκάκανθα δίψακός τε καὶ κνῆκος καὶ τραγάκανθα καὶ ἀτρακὶς ἥ τε τιμωμένη μειζόνως ἢ προσήκει κινάρα. καλοῦσι δ' αὐτὴν οἱ πάντῃ φεύγοντες τὸ σύνηθες οὐ διὰ τοῦ κ καὶ ι τὴν πρώτην συλλαβὴν ὀνομάζοντες, ἀλλὰ διὰ τοῦ κ καὶ υ. κακόχυμον δ' ἐστὶν ἔδε",pending_llm_review,,
SNRC-00551,Galen,GAL_ALIM-1.26,GAL_ALIM,control,control_no_trigger,,λαθυρος,λάθυροι,,,unreviewed,Περὶ λαθύρων,pending_llm_review,,Control entry: reviewer should add any missed name relations or confirm none.
SNRC-00552,Galen,GAL_ALIM-1.27,GAL_ALIM,control,control_no_trigger,,αιρα,αἴρας,,,unreviewed,Περὶ ἀράκων,pending_llm_review,,Control entry: reviewer should add any missed name relations or confirm none.
SNRC-00553,Galen,GAL_ALIM-1.32,GAL_ALIM,control,control_no_trigger,,αλς,ἁλσίν,,,unreviewed,"Περὶ λίνου σπέρματος, ὃ καὶ συνθέτως ὀνομάζουσι λινόσπερμον",pending_llm_review,,Control entry: reviewer should add any missed name relations or confirm none.
SNRC-00554,Galen,GAL_ALIM-2.19,GAL_ALIM,control,control_no_trigger,,περσικον,περσικὰ,,,unreviewed,Περὶ περσικῶν,pending_llm_review,,Control entry: reviewer should add any missed name relations or confirm none.
SNRC-00555,Oribasius,ORIB_CM-15.1.1.21,ORIB_CM,trigger,heading_eta,\s[ἤἢη]\s,αιγειρος,Αἰγείρου,αιγειρου ανθη,Αἰγείρου ἄνθη,unreviewed, διαφορᾷ βραχύ τι τῶν εὐκράτων ἀποκεχώρηκεν ἐπὶ τὸ ξηρότερον· ἔστι δὲ καὶ λεπτομερῆ μᾶλλον ἢ παχυμερῆ.,pending_llm_review,,
SNRC-00556,Oribasius,ORIB_CM-15.1.1.38,ORIB_CM,trigger,heading_eta,\s[ἤἢη]\s,ακονιτον,Ἀκόνιτον,παρδαλιαγχες,παρδαλιαγχές,unreviewed,Ἀκόνιτον ἢ παρδαλιαγχές· σηπτικῆς τοῦτο καὶ δηλητηρίου δυνάμεώς ἐστιν· πρὸς μέντοι τὸ ἀποσῆψαί τινα τῶν ἐκτὸς τοῦ σώματος ἐπιτήδειός ἐστιν ἡ ῥίζα τῆς πόας.,pending_llm_review,,
SNRC-00557,Oribasius,ORIB_CM-15.1.1.38,ORIB_CM,trigger,heading_eta,\s[ἤἢη]\s,ακονιτον,Ἀκόνιτον,ριζα της ποας,ῥίζα τῆς πόας,unreviewed,Ἀκόνιτον ἢ παρδαλιαγχές· σηπτικῆς τοῦτο καὶ δηλητηρίου δυνάμεώς ἐστιν· πρὸς μέντοι τὸ ἀποσῆψαί τινα τῶν ἐκτὸς τοῦ σώματος ἐπιτήδειός ἐστιν ἡ ῥίζα τῆς πόας.,pending_llm_review,,
SNRC-00558,Oribasius,ORIB_CM-15.1.1.38,ORIB_CM,trigger,heading_eta,\s[ἤἢη]\s,παρδαλιαγχες,παρδαλιαγχές,ριζα της ποας,ῥίζα τῆς πόας,unreviewed,Ἀκόνιτον ἢ παρδαλιαγχές· σηπτικῆς τοῦτο καὶ δηλητηρίου δυνάμεώς ἐστιν· πρὸς μέντοι τὸ ἀποσῆψαί τινα τῶν ἐκτὸς τοῦ σώματος ἐπιτήδειός ἐστιν ἡ ῥίζα τῆς πόας.,pending_llm_review,,
SNRC-00559,Oribasius,ORIB_CM-15.1.1.39,ORIB_CM,trigger,heading_eta,\s[ἤἢη]\s,ακονιτον,Ἀκόνιτον,λυκοκτονον,λυκοκτόνον,unreviewed,"Ἀκόνιτον ἢ λυκοκτόνον· ἔστι μὲν καὶ τοῦτο παραπλησίας θατέρῳ δυνάμεως, ἰδιαίτερον δ' ἀναιρεῖ λύκους, ὥσπερ ἐκεῖνο παρδάλεις.",pending_llm_review,,
SNRC-00560,Oribasius,ORIB_CM-15.1.1.44,ORIB_CM,trigger,heading_eta,\s[ἤἢη]\s,αλσινη,Ἀλσίνη,μυος ωτα,μυὸς ὦτα,unreviewed,Ἀλσίνη ἢ μυὸς ὦτα οὐσίας ὑδατώδους ἐστὶ ψυχρᾶς· διὸ καὶ χωρὶς στύψεως ἐμψύχει.,pending_llm_review,,
SNRC-00561,Oribasius,ORIB_CM-15.1.1.69,ORIB_CM,trigger,heading_eta,\s[ἤἢη]\s,ανηθον,Ἄνηθον,ελαιον,ἐλαίῳ,unreviewed,"Ἄνηθον θερμαίνει μὲν εἰς τοσοῦτον ὡς ἤτοι τῆς δευτέρας αὐτὸ τάξεως ἐπιτεταμένης ἢ τῆς τρίτης ἐκλελυμένης ὑπολαβεῖν· τῶν ξηραινόντων δ' ἐστὶ τῆς δευτέρας τάξεως, ὥστε εἰκότως ἐναφεψημένον ἐλαίῳ διαφορητικόν τε καὶ ἀνώδυνον καὶ ὑπνοποιὸν καὶ πε",pending_llm_review,,
SNRC-00562,Oribasius,ORIB_CM-15.1.1.69,ORIB_CM,trigger,heading_eta,\s[ἤἢη]\s,ανηθον,Ἄνηθον,πεπτικον φαρμακον,πεπτικοῖς φαρμάκοις,unreviewed,"Ἄνηθον θερμαίνει μὲν εἰς τοσοῦτον ὡς ἤτοι τῆς δευτέρας αὐτὸ τάξεως ἐπιτεταμένης ἢ τῆς τρίτης ἐκλελυμένης ὑπολαβεῖν· τῶν ξηραινόντων δ' ἐστὶ τῆς δευτέρας τάξεως, ὥστε εἰκότως ἐναφεψημένον ἐλαίῳ διαφορητικόν τε καὶ ἀνώδυνον καὶ ὑπνοποιὸν καὶ πε",pending_llm_review,,
SNRC-00563,Oribasius,ORIB_CM-15.1.1.69,ORIB_CM,trigger,heading_eta,\s[ἤἢη]\s,ανηθον,Ἄνηθον,πυοποιον φαρμακον,πυοποιοῖς φαρμάκοις,unreviewed,"Ἄνηθον θερμαίνει μὲν εἰς τοσοῦτον ὡς ἤτοι τῆς δευτέρας αὐτὸ τάξεως ἐπιτεταμένης ἢ τῆς τρίτης ἐκλελυμένης ὑπολαβεῖν· τῶν ξηραινόντων δ' ἐστὶ τῆς δευτέρας τάξεως, ὥστε εἰκότως ἐναφεψημένον ἐλαίῳ διαφορητικόν τε καὶ ἀνώδυνον καὶ ὑπνοποιὸν καὶ πε",pending_llm_review,,
SNRC-00564,Oribasius,ORIB_CM-15.1.1.69,ORIB_CM,trigger,heading_eta,\s[ἤἢη]\s,ανηθον,Ἄνηθον,φαρμακον,φαρμάκοις,unreviewed,"Ἄνηθον θερμαίνει μὲν εἰς τοσοῦτον ὡς ἤτοι τῆς δευτέρας αὐτὸ τάξεως ἐπιτεταμένης ἢ τῆς τρίτης ἐκλελυμένης ὑπολαβεῖν· τῶν ξηραινόντων δ' ἐστὶ τῆς δευτέρας τάξεως, ὥστε εἰκότως ἐναφεψημένον ἐλαίῳ διαφορητικόν τε καὶ ἀνώδυνον καὶ ὑπνοποιὸν καὶ πε",pending_llm_review,,
SNRC-00565,Oribasius,ORIB_CM-15.1.1.69,ORIB_CM,trigger,heading_eta,\s[ἤἢη]\s,ελαιον,ἐλαίῳ,πεπτικον φαρμακον,πεπτικοῖς φαρμάκοις,unreviewed,"Ἄνηθον θερμαίνει μὲν εἰς τοσοῦτον ὡς ἤτοι τῆς δευτέρας αὐτὸ τάξεως ἐπιτεταμένης ἢ τῆς τρίτης ἐκλελυμένης ὑπολαβεῖν· τῶν ξηραινόντων δ' ἐστὶ τῆς δευτέρας τάξεως, ὥστε εἰκότως ἐναφεψημένον ἐλαίῳ διαφορητικόν τε καὶ ἀνώδυνον καὶ ὑπνοποιὸν καὶ πε",pending_llm_review,,
SNRC-00566,Oribasius,ORIB_CM-15.1.1.69,ORIB_CM,trigger,heading_eta,\s[ἤἢη]\s,ελαιον,ἐλαίῳ,πυοποιον φαρμακον,πυοποιοῖς φαρμάκοις,unreviewed,"Ἄνηθον θερμαίνει μὲν εἰς τοσοῦτον ὡς ἤτοι τῆς δευτέρας αὐτὸ τάξεως ἐπιτεταμένης ἢ τῆς τρίτης ἐκλελυμένης ὑπολαβεῖν· τῶν ξηραινόντων δ' ἐστὶ τῆς δευτέρας τάξεως, ὥστε εἰκότως ἐναφεψημένον ἐλαίῳ διαφορητικόν τε καὶ ἀνώδυνον καὶ ὑπνοποιὸν καὶ πε",pending_llm_review,,
SNRC-00567,Oribasius,ORIB_CM-15.1.1.69,ORIB_CM,trigger,heading_eta,\s[ἤἢη]\s,ελαιον,ἐλαίῳ,φαρμακον,φαρμάκοις,unreviewed,"Ἄνηθον θερμαίνει μὲν εἰς τοσοῦτον ὡς ἤτοι τῆς δευτέρας αὐτὸ τάξεως ἐπιτεταμένης ἢ τῆς τρίτης ἐκλελυμένης ὑπολαβεῖν· τῶν ξηραινόντων δ' ἐστὶ τῆς δευτέρας τάξεως, ὥστε εἰκότως ἐναφεψημένον ἐλαίῳ διαφορητικόν τε καὶ ἀνώδυνον καὶ ὑπνοποιὸν καὶ πε",pending_llm_review,,
SNRC-00568,Oribasius,ORIB_CM-15.1.1.69,ORIB_CM,trigger,heading_eta,\s[ἤἢη]\s,πεπτικον φαρμακον,πεπτικοῖς φαρμάκοις,πυοποιον φαρμακον,πυοποιοῖς φαρμάκοις,unreviewed,"Ἄνηθον θερμαίνει μὲν εἰς τοσοῦτον ὡς ἤτοι τῆς δευτέρας αὐτὸ τάξεως ἐπιτεταμένης ἢ τῆς τρίτης ἐκλελυμένης ὑπολαβεῖν· τῶν ξηραινόντων δ' ἐστὶ τῆς δευτέρας τάξεως, ὥστε εἰκότως ἐναφεψημένον ἐλαίῳ διαφορητικόν τε καὶ ἀνώδυνον καὶ ὑπνοποιὸν καὶ πε",pending_llm_review,,
SNRC-00569,Oribasius,ORIB_CM-15.1.1.69,ORIB_CM,trigger,heading_eta,\s[ἤἢη]\s,πεπτικον φαρμακον,πεπτικοῖς φαρμάκοις,φαρμακον,φαρμάκοις,variant,"Ἄνηθον θερμαίνει μὲν εἰς τοσοῦτον ὡς ἤτοι τῆς δευτέρας αὐτὸ τάξεως ἐπιτεταμένης ἢ τῆς τρίτης ἐκλελυμένης ὑπολαβεῖν· τῶν ξηραινόντων δ' ἐστὶ τῆς δευτέρας τάξεως, ὥστε εἰκότως ἐναφεψημένον ἐλαίῳ διαφορητικόν τε καὶ ἀνώδυνον καὶ ὑπνοποιὸν καὶ πε",pending_llm_review,,
SNRC-00570,Oribasius,ORIB_CM-15.1.1.69,ORIB_CM,trigger,heading_eta,\s[ἤἢη]\s,πυοποιον φαρμακον,πυοποιοῖς φαρμάκοις,φαρμακον,φαρμάκοις,variant,"Ἄνηθον θερμαίνει μὲν εἰς τοσοῦτον ὡς ἤτοι τῆς δευτέρας αὐτὸ τάξεως ἐπιτεταμένης ἢ τῆς τρίτης ἐκλελυμένης ὑπολαβεῖν· τῶν ξηραινόντων δ' ἐστὶ τῆς δευτέρας τάξεως, ὥστε εἰκότως ἐναφεψημένον ἐλαίῳ διαφορητικόν τε καὶ ἀνώδυνον καὶ ὑπνοποιὸν καὶ πε",pending_llm_review,,
SNRC-00571,Oribasius,ORIB_CM-15.1.1.77,ORIB_CM,trigger,heading_eta,\s[ἤἢη]\s,αποκυνον,Ἀπόκυνον,κυνοκραμβη,κυνοκράμβη,unreviewed,"Ἀπόκυνον ἢ κυνοκράμβη ἐστὶ μὲν τῶν δηλητηρίων, ἱκανῶς δὲ δυσώδης· διὸ καὶ θερμὴ πάντως ἐστὶν οὐκ ἀγεννῶς, οὐ μὴν ἀνάλογόν γε ξηρά.",pending_llm_review,,
SNRC-00572,Oribasius,ORIB_CM-15.1.1.99,ORIB_CM,trigger,heading_hoi_de,ο[ἱι]\s+δ[ὲε],αστηρ,Ἀστὴρ,αστηρ αττικος,Ἀστὴρ Ἀττικός,variant,"Ἀστὴρ Ἀττικός (οἱ δὲ βουβώνιον) ἔχει μέν τι καὶ διαφορητικόν, ἔχει δ' οὐχ ἥκιστα καὶ ψυκτικόν τι καὶ ἀποκρουστικόν, ὥστε μικτῆς εἶναι δυνάμεως, ὥσπερ καὶ τὸ ῥόδον, ἀλλ' οὐ στύφει γ",pending_llm_review,,
SNRC-00573,Oribasius,ORIB_CM-15.1.1.99,ORIB_CM,trigger,heading_hoi_de,ο[ἱι]\s+δ[ὲε],αστηρ,Ἀστὴρ,βουβωνιον,βουβώνιον,unreviewed,"Ἀστὴρ Ἀττικός (οἱ δὲ βουβώνιον) ἔχει μέν τι καὶ διαφορητικόν, ἔχει δ' οὐχ ἥκιστα καὶ ψυκτικόν τι καὶ ἀποκρουστικόν, ὥστε μικτῆς εἶναι δυνάμεως, ὥσπερ καὶ τὸ ῥόδον, ἀλλ' οὐ στύφει γ",pending_llm_review,,
SNRC-00574,Oribasius,ORIB_CM-15.1.1.99,ORIB_CM,trigger,heading_hoi_de,ο[ἱι]\s+δ[ὲε],αστηρ,Ἀστὴρ,ροδον,ῥόδον,unreviewed,"Ἀστὴρ Ἀττικός (οἱ δὲ βουβώνιον) ἔχει μέν τι καὶ διαφορητικόν, ἔχει δ' οὐχ ἥκιστα καὶ ψυκτικόν τι καὶ ἀποκρουστικόν, ὥστε μικτῆς εἶναι δυνάμεως, ὥσπερ καὶ τὸ ῥόδον, ἀλλ' οὐ στύφει γ",pending_llm_review,,
SNRC-00575,Oribasius,ORIB_CM-15.1.1.99,ORIB_CM,trigger,heading_hoi_de,ο[ἱι]\s+δ[ὲε],αστηρ αττικος,Ἀστὴρ Ἀττικός,βουβωνιον,βουβώνιον,unreviewed,"Ἀστὴρ Ἀττικός (οἱ δὲ βουβώνιον) ἔχει μέν τι καὶ διαφορητικόν, ἔχει δ' οὐχ ἥκιστα καὶ ψυκτικόν τι καὶ ἀποκρουστικόν, ὥστε μικτῆς εἶναι δυνάμεως, ὥσπερ καὶ τὸ ῥόδον, ἀλλ' οὐ στύφει γ",pending_llm_review,,
SNRC-00576,Oribasius,ORIB_CM-15.1.1.99,ORIB_CM,trigger,heading_hoi_de,ο[ἱι]\s+δ[ὲε],αστηρ αττικος,Ἀστὴρ Ἀττικός,ροδον,ῥόδον,unreviewed,"Ἀστὴρ Ἀττικός (οἱ δὲ βουβώνιον) ἔχει μέν τι καὶ διαφορητικόν, ἔχει δ' οὐχ ἥκιστα καὶ ψυκτικόν τι καὶ ἀποκρουστικόν, ὥστε μικτῆς εἶναι δυνάμεως, ὥσπερ καὶ τὸ ῥόδον, ἀλλ' οὐ στύφει γ",pending_llm_review,,
SNRC-00577,Oribasius,ORIB_CM-15.1.1.99,ORIB_CM,trigger,heading_hoi_de,ο[ἱι]\s+δ[ὲε],βουβωνιον,βουβώνιον,ροδον,ῥόδον,unreviewed,"Ἀστὴρ Ἀττικός (οἱ δὲ βουβώνιον) ἔχει μέν τι καὶ διαφορητικόν, ἔχει δ' οὐχ ἥκιστα καὶ ψυκτικόν τι καὶ ἀποκρουστικόν, ὥστε μικτῆς εἶναι δυνάμεως, ὥσπερ καὶ τὸ ῥόδον, ἀλλ' οὐ στύφει γ",pending_llm_review,,
SNRC-00578,Oribasius,ORIB_CM-15.1.10.34,ORIB_CM,trigger,body_some_call,τιν[ὲε]ς|ο[ἱι]\s+δ[ὲε],λυκιον,λυκίου,φαρμακον,φαρμάκῳ,unreviewed,"τὰ δ' αὐτὰ τῇ ῥίζῃ καὶ ὁ χυλὸς αὐτῆς ἐργάζεται, καί τινες ἀντὶ λυκίου χρῶνται τῷ φαρμάκῳ.",pending_llm_review,,
SNRC-00579,Oribasius,ORIB_CM-15.1.10.35,ORIB_CM,trigger,heading_hoi_de,ο[ἱι]\s+δ[ὲε],κενταυρειον,κενταύρειον,μεγα κενταυρειον,μέγα κενταύρειον,variant,"ὅσοι δὲ τὸ ῥῆόν φασιν εἶναι τὸ μέγα κενταύρειον, ἄμεινόν μοι δοκοῦσι γινώσκειν.",pending_llm_review,,
SNRC-00580,Oribasius,ORIB_CM-15.1.10.35,ORIB_CM,trigger,heading_hoi_de,ο[ἱι]\s+δ[ὲε],κενταυρειον,κενταύρειον,ρηον,ῥῆόν,unreviewed,"ὅσοι δὲ τὸ ῥῆόν φασιν εἶναι τὸ μέγα κενταύρειον, ἄμεινόν μοι δοκοῦσι γινώσκειν.",pending_llm_review,,
SNRC-00581,Oribasius,ORIB_CM-15.1.10.35,ORIB_CM,trigger,heading_hoi_de,ο[ἱι]\s+δ[ὲε],μεγα κενταυρειον,μέγα κενταύρειον,ρηον,ῥῆόν,unreviewed,"ὅσοι δὲ τὸ ῥῆόν φασιν εἶναι τὸ μέγα κενταύρειον, ἄμεινόν μοι δοκοῦσι γινώσκειν.",pending_llm_review,,
SNRC-00582,Oribasius,ORIB_CM-15.1.10.50,ORIB_CM,trigger,heading_eta,\s[ἤἢη]\s,κισθαρος,κίσθαρος,κισθος,Κίσθος,unreviewed,Κίσθος ἢ κίσθαρος στυπτικὸς θάμνος.,pending_llm_review,,
SNRC-00583,Oribasius,ORIB_CM-15.1.10.53,ORIB_CM,trigger,heading_eta,\s[ἤἢη]\s,υποκιστις,ὑποκιστὶς,υποσχιστις,ὑποσχιστὶς,unreviewed,ἡ δ' ὑποκιστὶς ἢ ὑποσχιστὶς πολύ τι καὶ τῶν φύλλων ἐστὶ στυπτικωτέρα.,pending_llm_review,,
SNRC-00584,Oribasius,ORIB_CM-15.1.10.54,ORIB_CM,trigger,heading_eta,\s[ἤἢη]\s,κισθος,κίσθος,λαδανον,λάδανον,unreviewed,"Κίσθος ἢ λάδανον· ἐν τοῖς θερμοτέροις χωρίοις οὗτος ὁ κίσθος γεννώμενος κατ' ἄμφω τοῦ παρ' ἡμῖν διήλλαξε, τῷ τε τὴν στῦψιν ἀποθέσθαι καὶ τῷ προσλαβεῖν θερμότητα.",pending_llm_review,,
SNRC-00585,Oribasius,ORIB_CM-15.1.10.64,ORIB_CM,trigger,heading_eta,\s[ἤἢη]\s,κοριαννον,Κορίαννον,κοριον,κόριον,unreviewed,"Κορίαννον ἢ κόριον ἐξ ἐναντίων σύγκειται δυνάμεων, πολὺ μὲν ἔχουσα πικρᾶς οὐσίας, ἥτις ἐδείκνυτο λεπτομερὴς ὑπάρχειν θερμὴ γεώδης, οὐκ ὀλίγον δὲ καὶ ὑδατώδους ὑγρότητος χλι",pending_llm_review,,
SNRC-00586,Oribasius,ORIB_CM-15.1.10.68,ORIB_CM,trigger,heading_hoi_de,ο[ἱι]\s+δ[ὲε],κραμβη,Κράμβη,καυλοι της κραμβης,καυλοὶ τῆς κράμβης,unreviewed,"Κράμβη ξηραντικῆς ἐστι δυνάμεως, οὐ μὴν ἤδη γέ πω δριμείας ἐναργῶς. οἱ δὲ καυλοὶ τῆς κράμβης καυθέντες ἰσχυρῶς ξηραίνουσαν ποιοῦσι τέφραν, ὡς ἤδη τι καὶ τῆς καυστικῆς μετέχειν δυνάμεως.",pending_llm_review,,
SNRC-00587,Oribasius,ORIB_CM-15.1.11.17,ORIB_CM,trigger,heading_eta,\s[ἤἢη]\s,αιθαλος,αἴθαλος,λιβανωτος,λιβανωτόν,unreviewed,"ὁ δ' αἴθαλος αὐτοῦ ξηροτέρας καὶ θερμοτέρας ἢ κατὰ τὸν λιβανωτόν ἐστι δυνάμεως, ὡς εἰς τὴν τρίτην ἀπόστασιν ἀφικνεῖσθαι· ἔχει δέ τι καὶ ῥυπτικόν.",pending_llm_review,,
SNRC-00588,Oribasius,ORIB_CM-15.1.11.27,ORIB_CM,trigger,heading_eta,\s[ἤἢη]\s,λυχνις,Λυχνίδος,λυχνις η εις τους στεφανους,Λυχνίδος τῆς εἰς τοὺς στεφάνους,variant,Λυχνίδος τῆς εἰς τοὺς στεφάνους τὸ σπέρμα θερμόν ἐστι κατὰ τὴν δευτέραν που τάξιν ἢ καὶ τρίτην ἤδη καὶ ξηραῖνον κατὰ τὸν αὐτὸν τρόπον.,pending_llm_review,,
SNRC-00589,Oribasius,ORIB_CM-15.1.11.27,ORIB_CM,trigger,heading_eta,\s[ἤἢη]\s,λυχνις,Λυχνίδος,σπερμα,σπέρμα,unreviewed,Λυχνίδος τῆς εἰς τοὺς στεφάνους τὸ σπέρμα θερμόν ἐστι κατὰ τὴν δευτέραν που τάξιν ἢ καὶ τρίτην ἤδη καὶ ξηραῖνον κατὰ τὸν αὐτὸν τρόπον.,pending_llm_review,,
SNRC-00590,Oribasius,ORIB_CM-15.1.11.27,ORIB_CM,trigger,heading_eta,\s[ἤἢη]\s,λυχνις η εις τους στεφανους,Λυχνίδος τῆς εἰς τοὺς στεφάνους,σπερμα,σπέρμα,unreviewed,Λυχνίδος τῆς εἰς τοὺς στεφάνους τὸ σπέρμα θερμόν ἐστι κατὰ τὴν δευτέραν που τάξιν ἢ καὶ τρίτην ἤδη καὶ ξηραῖνον κατὰ τὸν αὐτὸν τρόπον.,pending_llm_review,,
SNRC-00591,Oribasius,ORIB_CM-15.1.1.10,ORIB_CM,control,control_no_trigger,,αλκιβιαδειον,Ἀλκιβιαδείου,,,unreviewed,Ἄγχουσα,pending_llm_review,,Control entry: reviewer should add any missed name relations or confirm none.
SNRC-00592,Oribasius,ORIB_CM-15.1.1.100,ORIB_CM,control,control_no_trigger,,ασταφις,Ἀσταφὶς,,,unreviewed,Ἀσταφίς,pending_llm_review,,Control entry: reviewer should add any missed name relations or confirm none.
SNRC-00593,Oribasius,ORIB_CM-15.1.1.101,ORIB_CM,control,control_no_trigger,,ασφοδελος,Ἀσφοδέλου,,,unreviewed,Ἀσφόδελος,pending_llm_review,,Control entry: reviewer should add any missed name relations or confirm none.
SNRC-00594,Oribasius,ORIB_CM-15.1.1.102,ORIB_CM,control,control_no_trigger,,ατρακτυλις,Ἀτρακτυλὶς,,,unreviewed,Ἀτρακτυλίς,pending_llm_review,,Control entry: reviewer should add any missed name relations or confirm none.
SNRC-00595,Paul,PAUL_AEG-7.3.100,PAUL_AEG,trigger,heading_hoi_de,ο[ἱι]\s+δ[ὲε],αστηρ αττικος,Ἀστὴρ Ἀττικός,αστηρ,Ἀστὴρ,variant,"Ἀστὴρ Ἀττικός, οἱ δὲ βουβώνιον",pending_llm_review,,
SNRC-00596,Paul,PAUL_AEG-7.3.100,PAUL_AEG,trigger,heading_hoi_de,ο[ἱι]\s+δ[ὲε],αστηρ αττικος,Ἀστὴρ Ἀττικός,βουβωνιον,βουβώνιον,place_qualified_variant,"Ἀστὴρ Ἀττικός, οἱ δὲ βουβώνιον",pending_llm_review,,
SNRC-00597,Paul,PAUL_AEG-7.3.100,PAUL_AEG,trigger,heading_hoi_de,ο[ἱι]\s+δ[ὲε],αστηρ,Ἀστὴρ,βουβωνιον,βουβώνιον,unreviewed,"Ἀστὴρ Ἀττικός, οἱ δὲ βουβώνιον",pending_llm_review,,
SNRC-00598,Paul,PAUL_AEG-7.3.104,PAUL_AEG,trigger,heading_eta,\s[ἤἢη]\s,ατρακτυλις,Ἀτρακτυλὶς,κνηκος αγριος,κνῆκος ἄγριος,unreviewed,Ἀτρακτυλὶς ἢ κνῆκος ἄγριος,pending_llm_review,,
SNRC-00599,Paul,PAUL_AEG-7.3.104,PAUL_AEG,trigger,heading_eta,\s[ἤἢη]\s,ατρακτυλις,Ἀτρακτυλὶς,κνηκος,κνῆκος,unreviewed,Ἀτρακτυλὶς ἢ κνῆκος ἄγριος,pending_llm_review,,
SNRC-00600,Paul,PAUL_AEG-7.3.104,PAUL_AEG,trigger,heading_eta,\s[ἤἢη]\s,κνηκος αγριος,κνῆκος ἄγριος,κνηκος,κνῆκος,variant,Ἀτρακτυλὶς ἢ κνῆκος ἄγριος,pending_llm_review,,
SNRC-00601,Paul,PAUL_AEG-7.3.115,PAUL_AEG,trigger,heading_hoi_de,ο[ἱι]\s+δ[ὲε],βαλωτη,Βαλωτή,μελαν πρασιον,μέλαν πράσιον,unreviewed,"Βαλωτή, οἱ δὲ μέλαν πράσιον",pending_llm_review,,
SNRC-00602,Paul,PAUL_AEG-7.3.115,PAUL_AEG,trigger,heading_hoi_de,ο[ἱι]\s+δ[ὲε],βαλωτη,Βαλωτή,πρασιον,πράσιον,unreviewed,"Βαλωτή, οἱ δὲ μέλαν πράσιον",pending_llm_review,,
SNRC-00603,Paul,PAUL_AEG-7.3.115,PAUL_AEG,trigger,heading_hoi_de,ο[ἱι]\s+δ[ὲε],βαλωτη,Βαλωτή,αλς,ἁλσὶν,unreviewed,"Βαλωτή, οἱ δὲ μέλαν πράσιον",pending_llm_review,,
SNRC-00604,Paul,PAUL_AEG-7.3.115,PAUL_AEG,trigger,heading_hoi_de,ο[ἱι]\s+δ[ὲε],μελαν πρασιον,μέλαν πράσιον,πρασιον,πράσιον,variant,"Βαλωτή, οἱ δὲ μέλαν πράσιον",pending_llm_review,,
SNRC-00605,Paul,PAUL_AEG-7.3.115,PAUL_AEG,trigger,heading_hoi_de,ο[ἱι]\s+δ[ὲε],μελαν πρασιον,μέλαν πράσιον,αλς,ἁλσὶν,unreviewed,"Βαλωτή, οἱ δὲ μέλαν πράσιον",pending_llm_review,,
SNRC-00606,Paul,PAUL_AEG-7.3.115,PAUL_AEG,trigger,heading_hoi_de,ο[ἱι]\s+δ[ὲε],πρασιον,πράσιον,αλς,ἁλσὶν,unreviewed,"Βαλωτή, οἱ δὲ μέλαν πράσιον",pending_llm_review,,
SNRC-00607,Paul,PAUL_AEG-7.3.12,PAUL_AEG,trigger,heading_eta,\s[ἤἢη]\s,ζεια,ζειᾶς,σιτος,σίτου,unreviewed,Ἀθήρα πολτάριόν ἐστι ῥοφηματῶδες ἐκ τῆς ἀληλεσμένης ζειᾶς ἢ ἀπὸ σίτου σκευαζόμενον παιδίοις ἁρμόζον· ποιεῖ δὲ καὶ εἰς κατάπλασμα.,pending_llm_review,,
SNRC-00608,Paul,PAUL_AEG-7.3.120,PAUL_AEG,trigger,heading_hoi_de,ο[ἱι]\s+δ[ὲε],βεττονικη,Βεττονίκη,ποα,πόα,unreviewed,"δὲ καὶ παρὰ Ῥωμαίοις ἄλλη τις βεττονίκη καλουμένη, ἣν ὁ Διοσκουρίδης κέστρον ὀνομάζει, ἄλλοι δὲ ψυχότροφον διὰ τὸ χαίρειν τοῖς ψυχροῖς τόποις, μηδὲν ὅμοιον ἔχουσα τῇ προειρημένῃ πλὴν τῆς ἐνεργείας· πρὸς δὲ τῷ κινεῖν οὖρα καὶ πρὸς ἄλλα πολλὰ ποιεῖ, καὶ μάλ",pending_llm_review,,
SNRC-00609,Paul,PAUL_AEG-7.3.120,PAUL_AEG,trigger,heading_hoi_de,ο[ἱι]\s+δ[ὲε],βεττονικη,Βεττονίκη,γληχων,γλήχωνος,unreviewed,"δὲ καὶ παρὰ Ῥωμαίοις ἄλλη τις βεττονίκη καλουμένη, ἣν ὁ Διοσκουρίδης κέστρον ὀνομάζει, ἄλλοι δὲ ψυχότροφον διὰ τὸ χαίρειν τοῖς ψυχροῖς τόποις, μηδὲν ὅμοιον ἔχουσα τῇ προειρημένῃ πλὴν τῆς ἐνεργείας· πρὸς δὲ τῷ κινεῖν οὖρα καὶ πρὸς ἄλλα πολλὰ ποιεῖ, καὶ μάλ",pending_llm_review,,
SNRC-00610,Paul,PAUL_AEG-7.3.120,PAUL_AEG,trigger,heading_hoi_de,ο[ἱι]\s+δ[ὲε],βεττονικη,Βεττονίκη,κεστρον,κέστρον,unreviewed,"δὲ καὶ παρὰ Ῥωμαίοις ἄλλη τις βεττονίκη καλουμένη, ἣν ὁ Διοσκουρίδης κέστρον ὀνομάζει, ἄλλοι δὲ ψυχότροφον διὰ τὸ χαίρειν τοῖς ψυχροῖς τόποις, μηδὲν ὅμοιον ἔχουσα τῇ προειρημένῃ πλὴν τῆς ἐνεργείας· πρὸς δὲ τῷ κινεῖν οὖρα καὶ πρὸς ἄλλα πολλὰ ποιεῖ, καὶ μάλ",pending_llm_review,,
SNRC-00611,Paul,PAUL_AEG-7.3.120,PAUL_AEG,trigger,heading_hoi_de,ο[ἱι]\s+δ[ὲε],βεττονικη,Βεττονίκη,ψυχοτροφος,ψυχότροφον,unreviewed,"δὲ καὶ παρὰ Ῥωμαίοις ἄλλη τις βεττονίκη καλουμένη, ἣν ὁ Διοσκουρίδης κέστρον ὀνομάζει, ἄλλοι δὲ ψυχότροφον διὰ τὸ χαίρειν τοῖς ψυχροῖς τόποις, μηδὲν ὅμοιον ἔχουσα τῇ προειρημένῃ πλὴν τῆς ἐνεργείας· πρὸς δὲ τῷ κινεῖν οὖρα καὶ πρὸς ἄλλα πολλὰ ποιεῖ, καὶ μάλ",pending_llm_review,,
SNRC-00612,Paul,PAUL_AEG-7.3.120,PAUL_AEG,trigger,heading_hoi_de,ο[ἱι]\s+δ[ὲε],βεττονικη,Βεττονίκη,υδρομελι,ὑδρομέλιτος,unreviewed,"δὲ καὶ παρὰ Ῥωμαίοις ἄλλη τις βεττονίκη καλουμένη, ἣν ὁ Διοσκουρίδης κέστρον ὀνομάζει, ἄλλοι δὲ ψυχότροφον διὰ τὸ χαίρειν τοῖς ψυχροῖς τόποις, μηδὲν ὅμοιον ἔχουσα τῇ προειρημένῃ πλὴν τῆς ἐνεργείας· πρὸς δὲ τῷ κινεῖν οὖρα καὶ πρὸς ἄλλα πολλὰ ποιεῖ, καὶ μάλ",pending_llm_review,,
SNRC-00613,Paul,PAUL_AEG-7.3.120,PAUL_AEG,trigger,heading_hoi_de,ο[ἱι]\s+δ[ὲε],βεττονικη,Βεττονίκη,η μεν ριζα αυτης,ἡ μὲν ῥίζα αὐτῆς,unreviewed,"δὲ καὶ παρὰ Ῥωμαίοις ἄλλη τις βεττονίκη καλουμένη, ἣν ὁ Διοσκουρίδης κέστρον ὀνομάζει, ἄλλοι δὲ ψυχότροφον διὰ τὸ χαίρειν τοῖς ψυχροῖς τόποις, μηδὲν ὅμοιον ἔχουσα τῇ προειρημένῃ πλὴν τῆς ἐνεργείας· πρὸς δὲ τῷ κινεῖν οὖρα καὶ πρὸς ἄλλα πολλὰ ποιεῖ, καὶ μάλ",pending_llm_review,,
SNRC-00614,Paul,PAUL_AEG-7.3.120,PAUL_AEG,trigger,heading_hoi_de,ο[ἱι]\s+δ[ὲε],βεττονικη,Βεττονίκη,τα δε φυλλα,τὰ δὲ φύλλα,unreviewed,"δὲ καὶ παρὰ Ῥωμαίοις ἄλλη τις βεττονίκη καλουμένη, ἣν ὁ Διοσκουρίδης κέστρον ὀνομάζει, ἄλλοι δὲ ψυχότροφον διὰ τὸ χαίρειν τοῖς ψυχροῖς τόποις, μηδὲν ὅμοιον ἔχουσα τῇ προειρημένῃ πλὴν τῆς ἐνεργείας· πρὸς δὲ τῷ κινεῖν οὖρα καὶ πρὸς ἄλλα πολλὰ ποιεῖ, καὶ μάλ",pending_llm_review,,
SNRC-00615,Paul,PAUL_AEG-7.3.120,PAUL_AEG,trigger,heading_hoi_de,ο[ἱι]\s+δ[ὲε],ποα,πόα,γληχων,γλήχωνος,unreviewed,"δὲ καὶ παρὰ Ῥωμαίοις ἄλλη τις βεττονίκη καλουμένη, ἣν ὁ Διοσκουρίδης κέστρον ὀνομάζει, ἄλλοι δὲ ψυχότροφον διὰ τὸ χαίρειν τοῖς ψυχροῖς τόποις, μηδὲν ὅμοιον ἔχουσα τῇ προειρημένῃ πλὴν τῆς ἐνεργείας· πρὸς δὲ τῷ κινεῖν οὖρα καὶ πρὸς ἄλλα πολλὰ ποιεῖ, καὶ μάλ",pending_llm_review,,
SNRC-00616,Paul,PAUL_AEG-7.3.120,PAUL_AEG,trigger,heading_hoi_de,ο[ἱι]\s+δ[ὲε],ποα,πόα,κεστρον,κέστρον,unreviewed,"δὲ καὶ παρὰ Ῥωμαίοις ἄλλη τις βεττονίκη καλουμένη, ἣν ὁ Διοσκουρίδης κέστρον ὀνομάζει, ἄλλοι δὲ ψυχότροφον διὰ τὸ χαίρειν τοῖς ψυχροῖς τόποις, μηδὲν ὅμοιον ἔχουσα τῇ προειρημένῃ πλὴν τῆς ἐνεργείας· πρὸς δὲ τῷ κινεῖν οὖρα καὶ πρὸς ἄλλα πολλὰ ποιεῖ, καὶ μάλ",pending_llm_review,,
SNRC-00617,Paul,PAUL_AEG-7.3.120,PAUL_AEG,trigger,heading_hoi_de,ο[ἱι]\s+δ[ὲε],ποα,πόα,ψυχοτροφος,ψυχότροφον,unreviewed,"δὲ καὶ παρὰ Ῥωμαίοις ἄλλη τις βεττονίκη καλουμένη, ἣν ὁ Διοσκουρίδης κέστρον ὀνομάζει, ἄλλοι δὲ ψυχότροφον διὰ τὸ χαίρειν τοῖς ψυχροῖς τόποις, μηδὲν ὅμοιον ἔχουσα τῇ προειρημένῃ πλὴν τῆς ἐνεργείας· πρὸς δὲ τῷ κινεῖν οὖρα καὶ πρὸς ἄλλα πολλὰ ποιεῖ, καὶ μάλ",pending_llm_review,,
SNRC-00618,Paul,PAUL_AEG-7.3.120,PAUL_AEG,trigger,heading_hoi_de,ο[ἱι]\s+δ[ὲε],ποα,πόα,υδρομελι,ὑδρομέλιτος,unreviewed,"δὲ καὶ παρὰ Ῥωμαίοις ἄλλη τις βεττονίκη καλουμένη, ἣν ὁ Διοσκουρίδης κέστρον ὀνομάζει, ἄλλοι δὲ ψυχότροφον διὰ τὸ χαίρειν τοῖς ψυχροῖς τόποις, μηδὲν ὅμοιον ἔχουσα τῇ προειρημένῃ πλὴν τῆς ἐνεργείας· πρὸς δὲ τῷ κινεῖν οὖρα καὶ πρὸς ἄλλα πολλὰ ποιεῖ, καὶ μάλ",pending_llm_review,,
SNRC-00619,Paul,PAUL_AEG-7.3.120,PAUL_AEG,trigger,heading_hoi_de,ο[ἱι]\s+δ[ὲε],ποα,πόα,η μεν ριζα αυτης,ἡ μὲν ῥίζα αὐτῆς,unreviewed,"δὲ καὶ παρὰ Ῥωμαίοις ἄλλη τις βεττονίκη καλουμένη, ἣν ὁ Διοσκουρίδης κέστρον ὀνομάζει, ἄλλοι δὲ ψυχότροφον διὰ τὸ χαίρειν τοῖς ψυχροῖς τόποις, μηδὲν ὅμοιον ἔχουσα τῇ προειρημένῃ πλὴν τῆς ἐνεργείας· πρὸς δὲ τῷ κινεῖν οὖρα καὶ πρὸς ἄλλα πολλὰ ποιεῖ, καὶ μάλ",pending_llm_review,,
SNRC-00620,Paul,PAUL_AEG-7.3.121,PAUL_AEG,trigger,heading_hoi_de,ο[ἱι]\s+δ[ὲε],βηχιον,Βηχίον,βηχικος,βηχικόν,unreviewed,"Βηχίον, οἱ δὲ βηχικόν",pending_llm_review,,
SNRC-00621,Paul,PAUL_AEG-7.3.124,PAUL_AEG,trigger,heading_hoi_de,ο[ἱι]\s+δ[ὲε],βοτρυς,Βότρυς,αμβροσια,ἀμβροσίαν,unreviewed,"Βότρυς, οἱ δὲ ἀμβροσίαν, ἄλλοι ἀρτεμισίαν",pending_llm_review,,
SNRC-00622,Paul,PAUL_AEG-7.3.124,PAUL_AEG,trigger,heading_hoi_de,ο[ἱι]\s+δ[ὲε],βοτρυς,Βότρυς,αρτεμισια,ἀρτεμισίαν,unreviewed,"Βότρυς, οἱ δὲ ἀμβροσίαν, ἄλλοι ἀρτεμισίαν",pending_llm_review,,
SNRC-00623,Paul,PAUL_AEG-7.3.124,PAUL_AEG,trigger,heading_hoi_de,ο[ἱι]\s+δ[ὲε],βοτρυς,Βότρυς,οινος,οἴνῳ,unreviewed,"Βότρυς, οἱ δὲ ἀμβροσίαν, ἄλλοι ἀρτεμισίαν",pending_llm_review,,
SNRC-00624,Paul,PAUL_AEG-7.3.124,PAUL_AEG,trigger,heading_hoi_de,ο[ἱι]\s+δ[ὲε],αμβροσια,ἀμβροσίαν,αρτεμισια,ἀρτεμισίαν,unreviewed,"Βότρυς, οἱ δὲ ἀμβροσίαν, ἄλλοι ἀρτεμισίαν",pending_llm_review,,
SNRC-00625,Paul,PAUL_AEG-7.3.124,PAUL_AEG,trigger,heading_hoi_de,ο[ἱι]\s+δ[ὲε],αμβροσια,ἀμβροσίαν,οινος,οἴνῳ,unreviewed,"Βότρυς, οἱ δὲ ἀμβροσίαν, ἄλλοι ἀρτεμισίαν",pending_llm_review,,
SNRC-00626,Paul,PAUL_AEG-7.3.124,PAUL_AEG,trigger,heading_hoi_de,ο[ἱι]\s+δ[ὲε],αρτεμισια,ἀρτεμισίαν,οινος,οἴνῳ,unreviewed,"Βότρυς, οἱ δὲ ἀμβροσίαν, ἄλλοι ἀρτεμισίαν",pending_llm_review,,
SNRC-00627,Paul,PAUL_AEG-7.3.126,PAUL_AEG,trigger,body_legetai,λ[έέε]γεται|λεγ[όόο]μεν|λ[έέε]γουσι,βουγλωσσον,Βούγλωσσον,οινος,οἴνοις,unreviewed,ν ὑγρὸν καὶ θερμόν ἐστι τὴν κρᾶσιν· ὅθεν καὶ τοῖς οἴνοις ἐμβαλλόμενον εὐφροσύνην ἐμποιεῖν λέγεται.,pending_llm_review,,
SNRC-00628,Paul,PAUL_AEG-7.3.127,PAUL_AEG,trigger,heading_hoi_de,ο[ἱι]\s+δ[ὲε],βουνιον,Βούνιον,αρκτιον,ἄρκτιον,unreviewed,"Βούνιον, οἱ δὲ ἄρκτιον",pending_llm_review,,
SNRC-00629,Paul,PAUL_AEG-7.3.127,PAUL_AEG,trigger,heading_hoi_de,ο[ἱι]\s+δ[ὲε],βουνιον,Βούνιον,ψευδοβουνιον,ψευδοβούνιον,unreviewed,"Βούνιον, οἱ δὲ ἄρκτιον",pending_llm_review,,
SNRC-00630,Paul,PAUL_AEG-7.3.127,PAUL_AEG,trigger,heading_hoi_de,ο[ἱι]\s+δ[ὲε],αρκτιον,ἄρκτιον,ψευδοβουνιον,ψευδοβούνιον,unreviewed,"Βούνιον, οἱ δὲ ἄρκτιον",pending_llm_review,,
SNRC-00631,Paul,PAUL_AEG-7.3.135,PAUL_AEG,trigger,heading_hoi_de,ο[ἱι]\s+δ[ὲε],βρυον,Βρύον,σπλαγχνον,σπλάγχνον,unreviewed,"Βρύον, οἱ δὲ σπλάγχνον",pending_llm_review,,
SNRC-00632,Paul,PAUL_AEG-7.3.137,PAUL_AEG,trigger,heading_eta,\s[ἤἢη]\s,γαλα,Γάλα,τυρωδους,τυρώδους,unreviewed, ἐμπλάττεται μᾶλλον καὶ διὰ τοῦτο δριμύτητας ἀμβλύνει. ἑψηθὲν δὲ τὸ γάλα ἤτοι διὰ καχλήκων ἢ ἄλλως πως ἄριστον γίνεται φάρμακον δυσεντερίας τε καὶ τῶν κατὰ γαστέρα δριμέων ῥευμάτων. ὅλον δὲ τὸ γάλα πρός τε τὰ κατ' ὀφθαλμοὺς δριμέα ῥεύματα καὶ τὰς ἄλλας ,pending_llm_review,,
SNRC-00633,Paul,PAUL_AEG-7.3.137,PAUL_AEG,trigger,heading_eta,\s[ἤἢη]\s,γαλα,Γάλα,λιπαρας,λιπαρᾶς,unreviewed, ἐμπλάττεται μᾶλλον καὶ διὰ τοῦτο δριμύτητας ἀμβλύνει. ἑψηθὲν δὲ τὸ γάλα ἤτοι διὰ καχλήκων ἢ ἄλλως πως ἄριστον γίνεται φάρμακον δυσεντερίας τε καὶ τῶν κατὰ γαστέρα δριμέων ῥευμάτων. ὅλον δὲ τὸ γάλα πρός τε τὰ κατ' ὀφθαλμοὺς δριμέα ῥεύματα καὶ τὰς ἄλλας ,pending_llm_review,,
SNRC-00634,Paul,PAUL_AEG-7.3.137,PAUL_AEG,trigger,heading_eta,\s[ἤἢη]\s,γαλα,Γάλα,ορος αυτου,ὀρὸς αὐτοῦ,unreviewed, ἐμπλάττεται μᾶλλον καὶ διὰ τοῦτο δριμύτητας ἀμβλύνει. ἑψηθὲν δὲ τὸ γάλα ἤτοι διὰ καχλήκων ἢ ἄλλως πως ἄριστον γίνεται φάρμακον δυσεντερίας τε καὶ τῶν κατὰ γαστέρα δριμέων ῥευμάτων. ὅλον δὲ τὸ γάλα πρός τε τὰ κατ' ὀφθαλμοὺς δριμέα ῥεύματα καὶ τὰς ἄλλας ,pending_llm_review,,
SNRC-00635,Paul,PAUL_AEG-7.3.137,PAUL_AEG,trigger,heading_eta,\s[ἤἢη]\s,γαλα,Γάλα,καχληξ,καχλήκων,unreviewed, ἐμπλάττεται μᾶλλον καὶ διὰ τοῦτο δριμύτητας ἀμβλύνει. ἑψηθὲν δὲ τὸ γάλα ἤτοι διὰ καχλήκων ἢ ἄλλως πως ἄριστον γίνεται φάρμακον δυσεντερίας τε καὶ τῶν κατὰ γαστέρα δριμέων ῥευμάτων. ὅλον δὲ τὸ γάλα πρός τε τὰ κατ' ὀφθαλμοὺς δριμέα ῥεύματα καὶ τὰς ἄλλας ,pending_llm_review,,
SNRC-00636,Paul,PAUL_AEG-7.3.137,PAUL_AEG,trigger,heading_eta,\s[ἤἢη]\s,γαλα,Γάλα,γαλα γυναικος,γάλα τὸ τῆς γυναικός,variant, ἐμπλάττεται μᾶλλον καὶ διὰ τοῦτο δριμύτητας ἀμβλύνει. ἑψηθὲν δὲ τὸ γάλα ἤτοι διὰ καχλήκων ἢ ἄλλως πως ἄριστον γίνεται φάρμακον δυσεντερίας τε καὶ τῶν κατὰ γαστέρα δριμέων ῥευμάτων. ὅλον δὲ τὸ γάλα πρός τε τὰ κατ' ὀφθαλμοὺς δριμέα ῥεύματα καὶ τὰς ἄλλας ,pending_llm_review,,
SNRC-00637,Paul,PAUL_AEG-7.3.137,PAUL_AEG,trigger,heading_eta,\s[ἤἢη]\s,γαλα,Γάλα,αιγειος,τὸ αἴγειον,variant, ἐμπλάττεται μᾶλλον καὶ διὰ τοῦτο δριμύτητας ἀμβλύνει. ἑψηθὲν δὲ τὸ γάλα ἤτοι διὰ καχλήκων ἢ ἄλλως πως ἄριστον γίνεται φάρμακον δυσεντερίας τε καὶ τῶν κατὰ γαστέρα δριμέων ῥευμάτων. ὅλον δὲ τὸ γάλα πρός τε τὰ κατ' ὀφθαλμοὺς δριμέα ῥεύματα καὶ τὰς ἄλλας ,pending_llm_review,,
SNRC-00638,Paul,PAUL_AEG-7.3.137,PAUL_AEG,trigger,heading_eta,\s[ἤἢη]\s,γαλα,Γάλα,ονειος,τὸ ὄνειόν,variant, ἐμπλάττεται μᾶλλον καὶ διὰ τοῦτο δριμύτητας ἀμβλύνει. ἑψηθὲν δὲ τὸ γάλα ἤτοι διὰ καχλήκων ἢ ἄλλως πως ἄριστον γίνεται φάρμακον δυσεντερίας τε καὶ τῶν κατὰ γαστέρα δριμέων ῥευμάτων. ὅλον δὲ τὸ γάλα πρός τε τὰ κατ' ὀφθαλμοὺς δριμέα ῥεύματα καὶ τὰς ἄλλας ,pending_llm_review,,
SNRC-00639,Paul,PAUL_AEG-7.3.137,PAUL_AEG,trigger,heading_eta,\s[ἤἢη]\s,γαλα,Γάλα,προβατειος,προβάτειον,unreviewed, ἐμπλάττεται μᾶλλον καὶ διὰ τοῦτο δριμύτητας ἀμβλύνει. ἑψηθὲν δὲ τὸ γάλα ἤτοι διὰ καχλήκων ἢ ἄλλως πως ἄριστον γίνεται φάρμακον δυσεντερίας τε καὶ τῶν κατὰ γαστέρα δριμέων ῥευμάτων. ὅλον δὲ τὸ γάλα πρός τε τὰ κατ' ὀφθαλμοὺς δριμέα ῥεύματα καὶ τὰς ἄλλας ,pending_llm_review,,
SNRC-00640,Paul,PAUL_AEG-7.3.137,PAUL_AEG,trigger,heading_eta,\s[ἤἢη]\s,γαλα,Γάλα,βοειος,τὸ βόειον,variant, ἐμπλάττεται μᾶλλον καὶ διὰ τοῦτο δριμύτητας ἀμβλύνει. ἑψηθὲν δὲ τὸ γάλα ἤτοι διὰ καχλήκων ἢ ἄλλως πως ἄριστον γίνεται φάρμακον δυσεντερίας τε καὶ τῶν κατὰ γαστέρα δριμέων ῥευμάτων. ὅλον δὲ τὸ γάλα πρός τε τὰ κατ' ὀφθαλμοὺς δριμέα ῥεύματα καὶ τὰς ἄλλας ,pending_llm_review,,
SNRC-00641,Paul,PAUL_AEG-7.3.137,PAUL_AEG,trigger,heading_eta,\s[ἤἢη]\s,τυρωδους,τυρώδους,λιπαρας,λιπαρᾶς,unreviewed, ἐμπλάττεται μᾶλλον καὶ διὰ τοῦτο δριμύτητας ἀμβλύνει. ἑψηθὲν δὲ τὸ γάλα ἤτοι διὰ καχλήκων ἢ ἄλλως πως ἄριστον γίνεται φάρμακον δυσεντερίας τε καὶ τῶν κατὰ γαστέρα δριμέων ῥευμάτων. ὅλον δὲ τὸ γάλα πρός τε τὰ κατ' ὀφθαλμοὺς δριμέα ῥεύματα καὶ τὰς ἄλλας ,pending_llm_review,,
SNRC-00642,Paul,PAUL_AEG-7.3.137,PAUL_AEG,trigger,heading_eta,\s[ἤἢη]\s,τυρωδους,τυρώδους,ορος αυτου,ὀρὸς αὐτοῦ,unreviewed, ἐμπλάττεται μᾶλλον καὶ διὰ τοῦτο δριμύτητας ἀμβλύνει. ἑψηθὲν δὲ τὸ γάλα ἤτοι διὰ καχλήκων ἢ ἄλλως πως ἄριστον γίνεται φάρμακον δυσεντερίας τε καὶ τῶν κατὰ γαστέρα δριμέων ῥευμάτων. ὅλον δὲ τὸ γάλα πρός τε τὰ κατ' ὀφθαλμοὺς δριμέα ῥεύματα καὶ τὰς ἄλλας ,pending_llm_review,,
SNRC-00643,Paul,PAUL_AEG-7.3.137,PAUL_AEG,trigger,heading_eta,\s[ἤἢη]\s,τυρωδους,τυρώδους,καχληξ,καχλήκων,unreviewed, ἐμπλάττεται μᾶλλον καὶ διὰ τοῦτο δριμύτητας ἀμβλύνει. ἑψηθὲν δὲ τὸ γάλα ἤτοι διὰ καχλήκων ἢ ἄλλως πως ἄριστον γίνεται φάρμακον δυσεντερίας τε καὶ τῶν κατὰ γαστέρα δριμέων ῥευμάτων. ὅλον δὲ τὸ γάλα πρός τε τὰ κατ' ὀφθαλμοὺς δριμέα ῥεύματα καὶ τὰς ἄλλας ,pending_llm_review,,
SNRC-00644,Paul,PAUL_AEG-7.3.140,PAUL_AEG,trigger,heading_hoi_de,ο[ἱι]\s+δ[ὲε],γαλιψις,Γάλιψις,γαλιβδολον,γαλίβδολον,unreviewed,"Γάλιψις, οἱ δὲ γαλίβδολον",pending_llm_review,,
SNRC-00645,Paul,PAUL_AEG-7.3.140,PAUL_AEG,trigger,heading_hoi_de,ο[ἱι]\s+δ[ὲε],γαλιψις,Γάλιψις,ακαληφη,ἀκαλήφῃ,unreviewed,"Γάλιψις, οἱ δὲ γαλίβδολον",pending_llm_review,,
SNRC-00646,Paul,PAUL_AEG-7.3.140,PAUL_AEG,trigger,heading_hoi_de,ο[ἱι]\s+δ[ὲε],γαλιβδολον,γαλίβδολον,ακαληφη,ἀκαλήφῃ,unreviewed,"Γάλιψις, οἱ δὲ γαλίβδολον",pending_llm_review,,
SNRC-00647,Paul,PAUL_AEG-7.3.144,PAUL_AEG,trigger,heading_eta,\s[ἤἢη]\s,γη,Γῆ,πηλος,πηλῷ,unreviewed," μετρίως, τῶν δηλητηρίων ἐστὶ φαρμάκων ἀλεξητήριος καὶ τὰ κακοήθη τῶν ἑλκῶν ἰᾶται σὺν ὄξει ἢ οἴνῳ καὶ τὰς αἱμορραγίας ἵστησιν ἁπάσας δυσεντερίαν τε παύει καὶ τὴν νομώδη προαποκλυσθέντος τοῦ ἐντέρου πρῶτον μελικράτῳ, ἔπειτα ἅλμῃ. ἡ δὲ Σινωπικὴ μίλτος σφο",pending_llm_review,,
SNRC-00648,Paul,PAUL_AEG-7.3.144,PAUL_AEG,trigger,heading_eta,\s[ἤἢη]\s,γη,Γῆ,μιλτος,μίλτος,unreviewed," μετρίως, τῶν δηλητηρίων ἐστὶ φαρμάκων ἀλεξητήριος καὶ τὰ κακοήθη τῶν ἑλκῶν ἰᾶται σὺν ὄξει ἢ οἴνῳ καὶ τὰς αἱμορραγίας ἵστησιν ἁπάσας δυσεντερίαν τε παύει καὶ τὴν νομώδη προαποκλυσθέντος τοῦ ἐντέρου πρῶτον μελικράτῳ, ἔπειτα ἅλμῃ. ἡ δὲ Σινωπικὴ μίλτος σφο",pending_llm_review,,
SNRC-00649,Paul,PAUL_AEG-7.3.144,PAUL_AEG,trigger,heading_eta,\s[ἤἢη]\s,γη,Γῆ,λημνια μιλτος,Λημνία μίλτος,place_qualified_variant," μετρίως, τῶν δηλητηρίων ἐστὶ φαρμάκων ἀλεξητήριος καὶ τὰ κακοήθη τῶν ἑλκῶν ἰᾶται σὺν ὄξει ἢ οἴνῳ καὶ τὰς αἱμορραγίας ἵστησιν ἁπάσας δυσεντερίαν τε παύει καὶ τὴν νομώδη προαποκλυσθέντος τοῦ ἐντέρου πρῶτον μελικράτῳ, ἔπειτα ἅλμῃ. ἡ δὲ Σινωπικὴ μίλτος σφο",pending_llm_review,,
SNRC-00650,Paul,PAUL_AEG-7.3.144,PAUL_AEG,trigger,heading_eta,\s[ἤἢη]\s,γη,Γῆ,σινωπικη μιλτος,Σινωπικὴ μίλτος,place_qualified_variant," μετρίως, τῶν δηλητηρίων ἐστὶ φαρμάκων ἀλεξητήριος καὶ τὰ κακοήθη τῶν ἑλκῶν ἰᾶται σὺν ὄξει ἢ οἴνῳ καὶ τὰς αἱμορραγίας ἵστησιν ἁπάσας δυσεντερίαν τε παύει καὶ τὴν νομώδη προαποκλυσθέντος τοῦ ἐντέρου πρῶτον μελικράτῳ, ἔπειτα ἅλμῃ. ἡ δὲ Σινωπικὴ μίλτος σφο",pending_llm_review,,
SNRC-00651,Paul,PAUL_AEG-7.3.144,PAUL_AEG,trigger,heading_eta,\s[ἤἢη]\s,γη,Γῆ,σαμια,Σαμία,place_qualified_variant," μετρίως, τῶν δηλητηρίων ἐστὶ φαρμάκων ἀλεξητήριος καὶ τὰ κακοήθη τῶν ἑλκῶν ἰᾶται σὺν ὄξει ἢ οἴνῳ καὶ τὰς αἱμορραγίας ἵστησιν ἁπάσας δυσεντερίαν τε παύει καὶ τὴν νομώδη προαποκλυσθέντος τοῦ ἐντέρου πρῶτον μελικράτῳ, ἔπειτα ἅλμῃ. ἡ δὲ Σινωπικὴ μίλτος σφο",pending_llm_review,,
SNRC-00652,Paul,PAUL_AEG-7.3.144,PAUL_AEG,trigger,heading_eta,\s[ἤἢη]\s,γη,Γῆ,σελινουσια,Σελινουσία,place_qualified_variant," μετρίως, τῶν δηλητηρίων ἐστὶ φαρμάκων ἀλεξητήριος καὶ τὰ κακοήθη τῶν ἑλκῶν ἰᾶται σὺν ὄξει ἢ οἴνῳ καὶ τὰς αἱμορραγίας ἵστησιν ἁπάσας δυσεντερίαν τε παύει καὶ τὴν νομώδη προαποκλυσθέντος τοῦ ἐντέρου πρῶτον μελικράτῳ, ἔπειτα ἅλμῃ. ἡ δὲ Σινωπικὴ μίλτος σφο",pending_llm_review,,
SNRC-00653,Paul,PAUL_AEG-7.3.144,PAUL_AEG,trigger,heading_eta,\s[ἤἢη]\s,γη,Γῆ,χια,Χία,place_qualified_variant," μετρίως, τῶν δηλητηρίων ἐστὶ φαρμάκων ἀλεξητήριος καὶ τὰ κακοήθη τῶν ἑλκῶν ἰᾶται σὺν ὄξει ἢ οἴνῳ καὶ τὰς αἱμορραγίας ἵστησιν ἁπάσας δυσεντερίαν τε παύει καὶ τὴν νομώδη προαποκλυσθέντος τοῦ ἐντέρου πρῶτον μελικράτῳ, ἔπειτα ἅλμῃ. ἡ δὲ Σινωπικὴ μίλτος σφο",pending_llm_review,,
SNRC-00654,Paul,PAUL_AEG-7.3.144,PAUL_AEG,trigger,heading_eta,\s[ἤἢη]\s,γη,Γῆ,κιμωλια,Κιμωλία,place_qualified_variant," μετρίως, τῶν δηλητηρίων ἐστὶ φαρμάκων ἀλεξητήριος καὶ τὰ κακοήθη τῶν ἑλκῶν ἰᾶται σὺν ὄξει ἢ οἴνῳ καὶ τὰς αἱμορραγίας ἵστησιν ἁπάσας δυσεντερίαν τε παύει καὶ τὴν νομώδη προαποκλυσθέντος τοῦ ἐντέρου πρῶτον μελικράτῳ, ἔπειτα ἅλμῃ. ἡ δὲ Σινωπικὴ μίλτος σφο",pending_llm_review,,
SNRC-00655,Paul,PAUL_AEG-7.3.144,PAUL_AEG,trigger,heading_eta,\s[ἤἢη]\s,γη,Γῆ,αμπελιτις,ἀμπελῖτις,unreviewed," μετρίως, τῶν δηλητηρίων ἐστὶ φαρμάκων ἀλεξητήριος καὶ τὰ κακοήθη τῶν ἑλκῶν ἰᾶται σὺν ὄξει ἢ οἴνῳ καὶ τὰς αἱμορραγίας ἵστησιν ἁπάσας δυσεντερίαν τε παύει καὶ τὴν νομώδη προαποκλυσθέντος τοῦ ἐντέρου πρῶτον μελικράτῳ, ἔπειτα ἅλμῃ. ἡ δὲ Σινωπικὴ μίλτος σφο",pending_llm_review,,
SNRC-00656,Paul,PAUL_AEG-7.3.144,PAUL_AEG,trigger,heading_eta,\s[ἤἢη]\s,γη,Γῆ,κρητικη,Κρητικὴ,place_qualified_variant," μετρίως, τῶν δηλητηρίων ἐστὶ φαρμάκων ἀλεξητήριος καὶ τὰ κακοήθη τῶν ἑλκῶν ἰᾶται σὺν ὄξει ἢ οἴνῳ καὶ τὰς αἱμορραγίας ἵστησιν ἁπάσας δυσεντερίαν τε παύει καὶ τὴν νομώδη προαποκλυσθέντος τοῦ ἐντέρου πρῶτον μελικράτῳ, ἔπειτα ἅλμῃ. ἡ δὲ Σινωπικὴ μίλτος σφο",pending_llm_review,,
SNRC-00657,Paul,PAUL_AEG-7.3.144,PAUL_AEG,trigger,heading_eta,\s[ἤἢη]\s,γη,Γῆ,ερετριας,Ἐρετριὰς,place_qualified_variant," μετρίως, τῶν δηλητηρίων ἐστὶ φαρμάκων ἀλεξητήριος καὶ τὰ κακοήθη τῶν ἑλκῶν ἰᾶται σὺν ὄξει ἢ οἴνῳ καὶ τὰς αἱμορραγίας ἵστησιν ἁπάσας δυσεντερίαν τε παύει καὶ τὴν νομώδη προαποκλυσθέντος τοῦ ἐντέρου πρῶτον μελικράτῳ, ἔπειτα ἅλμῃ. ἡ δὲ Σινωπικὴ μίλτος σφο",pending_llm_review,,
SNRC-00658,Paul,PAUL_AEG-7.3.144,PAUL_AEG,trigger,heading_eta,\s[ἤἢη]\s,γη,Γῆ,πνιγιτις,πνιγῖτις,unreviewed," μετρίως, τῶν δηλητηρίων ἐστὶ φαρμάκων ἀλεξητήριος καὶ τὰ κακοήθη τῶν ἑλκῶν ἰᾶται σὺν ὄξει ἢ οἴνῳ καὶ τὰς αἱμορραγίας ἵστησιν ἁπάσας δυσεντερίαν τε παύει καὶ τὴν νομώδη προαποκλυσθέντος τοῦ ἐντέρου πρῶτον μελικράτῳ, ἔπειτα ἅλμῃ. ἡ δὲ Σινωπικὴ μίλτος σφο",pending_llm_review,,
SNRC-00659,Paul,PAUL_AEG-7.3.154,PAUL_AEG,trigger,heading_hoi_de,ο[ἱι]\s+δ[ὲε],γλυκυσιδη,Γλυκυσίδη,πεντοροβον,πεντόροβον,unreviewed,"Γλυκυσίδη, οἱ δὲ πεντόροβον, οἱ δὲ παιονίαν",pending_llm_review,,
SNRC-00660,Paul,PAUL_AEG-7.3.154,PAUL_AEG,trigger,heading_hoi_de,ο[ἱι]\s+δ[ὲε],γλυκυσιδη,Γλυκυσίδη,παιωνια,παιονίαν,unreviewed,"Γλυκυσίδη, οἱ δὲ πεντόροβον, οἱ δὲ παιονίαν",pending_llm_review,,
SNRC-00661,Paul,PAUL_AEG-7.3.154,PAUL_AEG,trigger,heading_hoi_de,ο[ἱι]\s+δ[ὲε],γλυκυσιδη,Γλυκυσίδη,ριζα,ῥίζα,unreviewed,"Γλυκυσίδη, οἱ δὲ πεντόροβον, οἱ δὲ παιονίαν",pending_llm_review,,
SNRC-00662,Paul,PAUL_AEG-7.3.154,PAUL_AEG,trigger,heading_hoi_de,ο[ἱι]\s+δ[ὲε],γλυκυσιδη,Γλυκυσίδη,οινος,οἴνου,unreviewed,"Γλυκυσίδη, οἱ δὲ πεντόροβον, οἱ δὲ παιονίαν",pending_llm_review,,
SNRC-00663,Paul,PAUL_AEG-7.3.154,PAUL_AEG,trigger,heading_hoi_de,ο[ἱι]\s+δ[ὲε],πεντοροβον,πεντόροβον,παιωνια,παιονίαν,unreviewed,"Γλυκυσίδη, οἱ δὲ πεντόροβον, οἱ δὲ παιονίαν",pending_llm_review,,
SNRC-00664,Paul,PAUL_AEG-7.3.154,PAUL_AEG,trigger,heading_hoi_de,ο[ἱι]\s+δ[ὲε],πεντοροβον,πεντόροβον,ριζα,ῥίζα,unreviewed,"Γλυκυσίδη, οἱ δὲ πεντόροβον, οἱ δὲ παιονίαν",pending_llm_review,,
SNRC-00665,Paul,PAUL_AEG-7.3.154,PAUL_AEG,trigger,heading_hoi_de,ο[ἱι]\s+δ[ὲε],πεντοροβον,πεντόροβον,οινος,οἴνου,unreviewed,"Γλυκυσίδη, οἱ δὲ πεντόροβον, οἱ δὲ παιονίαν",pending_llm_review,,
SNRC-00666,Paul,PAUL_AEG-7.3.154,PAUL_AEG,trigger,heading_hoi_de,ο[ἱι]\s+δ[ὲε],παιωνια,παιονίαν,ριζα,ῥίζα,unreviewed,"Γλυκυσίδη, οἱ δὲ πεντόροβον, οἱ δὲ παιονίαν",pending_llm_review,,
SNRC-00667,Paul,PAUL_AEG-7.3.154,PAUL_AEG,trigger,heading_hoi_de,ο[ἱι]\s+δ[ὲε],παιωνια,παιονίαν,οινος,οἴνου,unreviewed,"Γλυκυσίδη, οἱ δὲ πεντόροβον, οἱ δὲ παιονίαν",pending_llm_review,,
SNRC-00668,Paul,PAUL_AEG-7.3.154,PAUL_AEG,trigger,heading_hoi_de,ο[ἱι]\s+δ[ὲε],ριζα,ῥίζα,οινος,οἴνου,unreviewed,"Γλυκυσίδη, οἱ δὲ πεντόροβον, οἱ δὲ παιονίαν",pending_llm_review,,
SNRC-00669,Paul,PAUL_AEG-7.3.157,PAUL_AEG,trigger,heading_hoi_de,ο[ἱι]\s+δ[ὲε],γοργιλον,Γόργιλον,σεσελις,σέσελι,unreviewed,"Γόργιλον, οἱ δὲ σέσελι",pending_llm_review,,
SNRC-00670,Paul,PAUL_AEG-7.3.157,PAUL_AEG,trigger,heading_hoi_de,ο[ἱι]\s+δ[ὲε],γοργιλον,Γόργιλον,ριζα,ῥίζα,unreviewed,"Γόργιλον, οἱ δὲ σέσελι",pending_llm_review,,
SNRC-00671,Paul,PAUL_AEG-7.3.157,PAUL_AEG,trigger,heading_hoi_de,ο[ἱι]\s+δ[ὲε],γοργιλον,Γόργιλον,μελι,μέλιτος,unreviewed,"Γόργιλον, οἱ δὲ σέσελι",pending_llm_review,,
SNRC-00672,Paul,PAUL_AEG-7.3.157,PAUL_AEG,trigger,heading_hoi_de,ο[ἱι]\s+δ[ὲε],σεσελις,σέσελι,ριζα,ῥίζα,unreviewed,"Γόργιλον, οἱ δὲ σέσελι",pending_llm_review,,
SNRC-00673,Paul,PAUL_AEG-7.3.157,PAUL_AEG,trigger,heading_hoi_de,ο[ἱι]\s+δ[ὲε],σεσελις,σέσελι,μελι,μέλιτος,unreviewed,"Γόργιλον, οἱ δὲ σέσελι",pending_llm_review,,
SNRC-00674,Paul,PAUL_AEG-7.3.157,PAUL_AEG,trigger,heading_hoi_de,ο[ἱι]\s+δ[ὲε],ριζα,ῥίζα,μελι,μέλιτος,unreviewed,"Γόργιλον, οἱ δὲ σέσελι",pending_llm_review,,
SNRC-00675,Paul,PAUL_AEG-7.3.168,PAUL_AEG,trigger,heading_eta,\s[ἤἢη]\s,δικταμνον,Δίκταμνον,γληχων,γλήχωνα,unreviewed,"Δίκταμνον λεπτομερεστέρας ἐστὶ δυνάμεως ἢ κατὰ γλήχωνα, τὰ δὲ ἄλλα παραπλήσιον αὐτῇ. τὸ δὲ καλούμενον ψευδοδίκταμνον ἀσθενέστερόν ἐστιν.",pending_llm_review,,
SNRC-00676,Paul,PAUL_AEG-7.3.168,PAUL_AEG,trigger,heading_eta,\s[ἤἢη]\s,δικταμνον,Δίκταμνον,ψευδοδικταμνον,ψευδοδίκταμνον,unreviewed,"Δίκταμνον λεπτομερεστέρας ἐστὶ δυνάμεως ἢ κατὰ γλήχωνα, τὰ δὲ ἄλλα παραπλήσιον αὐτῇ. τὸ δὲ καλούμενον ψευδοδίκταμνον ἀσθενέστερόν ἐστιν.",pending_llm_review,,
SNRC-00677,Paul,PAUL_AEG-7.3.168,PAUL_AEG,trigger,heading_eta,\s[ἤἢη]\s,γληχων,γλήχωνα,ψευδοδικταμνον,ψευδοδίκταμνον,unreviewed,"Δίκταμνον λεπτομερεστέρας ἐστὶ δυνάμεως ἢ κατὰ γλήχωνα, τὰ δὲ ἄλλα παραπλήσιον αὐτῇ. τὸ δὲ καλούμενον ψευδοδίκταμνον ἀσθενέστερόν ἐστιν.",pending_llm_review,,
SNRC-00678,Paul,PAUL_AEG-7.3.1,PAUL_AEG,control,control_no_trigger,,αβροτονον,Ἀβρότονον,,,unreviewed,Ἀβρότονον,pending_llm_review,,Control entry: reviewer should add any missed name relations or confirm none.
SNRC-00679,Paul,PAUL_AEG-7.3.10,PAUL_AEG,control,control_no_trigger,,αειζωον διττον,Ἀείζῳον διττόν,,,unreviewed,Ἀείζῳον,pending_llm_review,,Control entry: reviewer should add any missed name relations or confirm none.
SNRC-00680,Paul,PAUL_AEG-7.3.101,PAUL_AEG,control,control_no_trigger,,αστραγαλος,Ἀστράγαλος,,,unreviewed,Ἀστράγαλος,pending_llm_review,,Control entry: reviewer should add any missed name relations or confirm none.
SNRC-00681,Paul,PAUL_AEG-7.3.102,PAUL_AEG,control,control_no_trigger,,ασφαλτος,Ἄσφαλτος,,,unreviewed,Ἄσφαλτος,pending_llm_review,,Control entry: reviewer should add any missed name relations or confirm none.
